<?xml version="1.0" encoding="windows-1252" standalone="no"?>
<XMD-PAGE REPOSITORY_FORMAT="1.0" PRXML_VER="2.2">
	<Meta ISSUE_DATE="03/03/2012" RELEASE_NO="113-IMP-2012-03-03-0001" PAGE_NO="2" NAME="" PAGE_LABEL="2" PAGE_TYPE="Single" PUBLISHER="Olive" PUBLICATION="IMP" SOURCE_TYPE="TIFF" SOURCE_RESOLUTION="72" IMAGES_RESOLUTION="144" PAGE_THUMBNAIL_RESOLUTION="72" PAGE_PREVIEW_RESOLUTION="15" DEFAULT_IMG_EXT="png" IMG_EXT="png" PREVIEW_IMG_EXT="png" XMD_VER="2.6.241.4" PROFILE_ID="W:\Batch\Profile\IMP-2012-03-03.ini" SECTION="Front Page" PAGE_WIDTH="879" PAGE_HEIGHT="1304" PAGES_NUMBER="36" BASE_HREF="IMP/2012/03/03" PDF_DESTINATION_MAPPED="OLV0_Page_0002" TOTAL_CHARS_COUNT="12897" SUSPICIOUS_CHARS_COUNT="0">
		<Resolutions>
			<Resolution DEFAULT="true">72</Resolution>
			<Resolution>120</Resolution>
			<Resolution>144</Resolution>
		</Resolutions>
		<Links>
			<Lnk TYPE="URL" LNK_ID="LNK_2_0">
				<Target>www.salonladiesnight.ch</Target>
			</Lnk>
			<Lnk TYPE="URL" LNK_ID="LNK_2_1">
				<Target>www.pourvotre.ch</Target>
			</Lnk>
			<Lnk TYPE="URL" LNK_ID="LNK_2_2">
				<Target>www.pourvotre.ch</Target>
			</Lnk>
			<Lnk TYPE="URL" LNK_ID="LNK_2_3">
				<Target>www.english-4u.ch</Target>
			</Lnk>
			<Lnk TYPE="URL" LNK_ID="LNK_2_4">
				<Target>www.pilote.ch</Target>
			</Lnk>
			<Lnk TYPE="EML" LNK_ID="LNK_2_5">
				<Target>aaz@bluemail.ch</Target>
			</Lnk>
			<Lnk TYPE="URL" LNK_ID="LNK_2_6">
				<Target>www.destockages.ch</Target>
			</Lnk>
			<Sources>
				<Box LNK_ID="LNK_2_0">689 140 772 148</Box>
				<Box LNK_ID="LNK_2_1">153 290 187 299</Box>
				<Box LNK_ID="LNK_2_2">31 299 58 308</Box>
				<Box LNK_ID="LNK_2_3">619 409 683 418</Box>
				<Box LNK_ID="LNK_2_4">196 427 243 435</Box>
				<Box LNK_ID="LNK_2_5">574 613 630 622</Box>
				<Box LNK_ID="LNK_2_6">284 828 353 837</Box>
			</Sources>
		</Links>
	</Meta>
	<Link SOURCE="113-IMP-2012-03-03-0001.pdf" NEXT_SECTION="" PREV_SECTION=""/>
	<DataFiles>
		<Files TYPE="DOC_PDF" PRESENT="1"/>
		<Files TYPE="PAGE_PDF" PRESENT="0"/>
		<Files TYPE="DOC_IMG" PRESENT="0"/>
		<Files TYPE="PAGE_IMG" PRESENT="0"/>
		<Files TYPE="PAGE_VIEW_IMG" PRESENT="1"/>
		<Files TYPE="PAGE_PREVIEW_IMG" PRESENT="1"/>
		<Files TYPE="PRIMITIVE_IMG" PRESENT="1"/>
		<Files TYPE="SNIPPET_IMG" PRESENT="1"/>
		<Files TYPE="SEGMENTATION" PRESENT="0"/>
	</DataFiles>
	<Entity ENTITY_TYPE="Article" FIRST_TOC_ENTRY_ID="17" INDEX_IN_DOC="17" DEPTH_LEVEL="1" ID="Ar00200" SIZE="XLarge" BOX="27 24 852 1278" NEXT_SECTION="" PREV_SECTION="" IMAGES_RESOLUTION="144" TOTAL_CHARS_COUNT="11708" SUSPICIOUS_CHARS_COUNT="0" WORDCNT="3094">
		<Name>Untitled Article</Name>
		<Primitive ID="Ar0020000" BOX="27 24 522 216" ELEMENT_TYPE="Content" SEQ_NO="0" TOC_ENTRY_ID="17" DEPTH_LEVEL="1"/>
		<Primitive ID="Ar0020001" BOX="27 216 195 318" ELEMENT_TYPE="Content" SEQ_NO="1" TOC_ENTRY_ID="17" DEPTH_LEVEL="1"/>
		<Primitive ID="Ar0020002" BOX="27 318 195 644" ELEMENT_TYPE="Content" SEQ_NO="2" TOC_ENTRY_ID="17" DEPTH_LEVEL="1"/>
		<Primitive ID="Ar0020003" BOX="27 644 195 933" ELEMENT_TYPE="Content" SEQ_NO="3" TOC_ENTRY_ID="17" DEPTH_LEVEL="1"/>
		<Primitive ID="Ar0020004" BOX="27 933 195 1061" ELEMENT_TYPE="Content" SEQ_NO="4" TOC_ENTRY_ID="17" DEPTH_LEVEL="1"/>
		<Primitive ID="Ar0020005" BOX="195 216 359 452" ELEMENT_TYPE="Content" SEQ_NO="5" TOC_ENTRY_ID="17" DEPTH_LEVEL="1"/>
		<Primitive ID="Ar0020006" BOX="195 452 359 698" ELEMENT_TYPE="Content" SEQ_NO="6" TOC_ENTRY_ID="17" DEPTH_LEVEL="1"/>
		<Primitive ID="Ar0020007" BOX="195 698 359 921" ELEMENT_TYPE="Content" SEQ_NO="7" TOC_ENTRY_ID="17" DEPTH_LEVEL="1"/>
		<Primitive ID="Ar0020008" BOX="195 921 359 1278" ELEMENT_TYPE="Content" SEQ_NO="8" TOC_ENTRY_ID="17" DEPTH_LEVEL="1"/>
		<Primitive ID="Ar0020009" BOX="359 216 522 319" ELEMENT_TYPE="Content" SEQ_NO="9" TOC_ENTRY_ID="17" DEPTH_LEVEL="1"/>
		<Primitive ID="Ar0020010" BOX="359 523 522 731" ELEMENT_TYPE="Content" SEQ_NO="10" TOC_ENTRY_ID="17" DEPTH_LEVEL="1"/>
		<Primitive ID="Ar0020011" BOX="359 731 522 893" ELEMENT_TYPE="Content" SEQ_NO="11" TOC_ENTRY_ID="17" DEPTH_LEVEL="1"/>
		<Primitive ID="Ar0020012" BOX="522 24 687 140" ELEMENT_TYPE="Content" SEQ_NO="12" TOC_ENTRY_ID="17" DEPTH_LEVEL="1"/>
		<Primitive ID="Ar0020013" BOX="522 140 687 370" ELEMENT_TYPE="Content" SEQ_NO="13" TOC_ENTRY_ID="17" DEPTH_LEVEL="1"/>
		<Primitive ID="Ar0020014" BOX="522 370 687 546" ELEMENT_TYPE="Content" SEQ_NO="14" TOC_ENTRY_ID="17" DEPTH_LEVEL="1"/>
		<Primitive ID="Ar0020015" BOX="522 546 687 772" ELEMENT_TYPE="Content" SEQ_NO="15" TOC_ENTRY_ID="17" DEPTH_LEVEL="1"/>
		<Primitive ID="Ar0020016" BOX="522 772 687 893" ELEMENT_TYPE="Content" SEQ_NO="16" TOC_ENTRY_ID="17" DEPTH_LEVEL="1"/>
		<Primitive ID="Ar0020017" BOX="687 24 852 236" ELEMENT_TYPE="Content" SEQ_NO="17" TOC_ENTRY_ID="17" DEPTH_LEVEL="1"/>
		<Primitive ID="Ar0020018" BOX="687 236 852 443" ELEMENT_TYPE="Content" SEQ_NO="18" TOC_ENTRY_ID="17" DEPTH_LEVEL="1"/>
		<Primitive ID="Ar0020019" BOX="687 443 852 666" ELEMENT_TYPE="Content" SEQ_NO="19" TOC_ENTRY_ID="17" DEPTH_LEVEL="1"/>
		<Primitive ID="Ar0020020" BOX="687 666 852 893" ELEMENT_TYPE="Content" SEQ_NO="20" TOC_ENTRY_ID="17" DEPTH_LEVEL="1"/>
	</Entity>
	<Entity ENTITY_TYPE="Ad" FIRST_TOC_ENTRY_ID="18" INDEX_IN_DOC="18" DEPTH_LEVEL="1" ID="Ad00201" SIZE="Small" BOX="31 1065 192 1277" NEXT_SECTION="" PREV_SECTION="" IMAGES_RESOLUTION="144" TOTAL_CHARS_COUNT="63" SUSPICIOUS_CHARS_COUNT="0" WORDCNT="25">
		<Name>Untitled Ad</Name>
		<Primitive ID="Ad0020100" BOX="40 1205 152 1231" ELEMENT_TYPE="Content" SEQ_NO="1" TOC_ENTRY_ID="18" DEPTH_LEVEL="1" E="N"/>
		<Primitive ID="Ad0020101" BOX="31 1065 192 1277" ELEMENT_TYPE="Content" SEQ_NO="2" TOC_ENTRY_ID="18" DEPTH_LEVEL="1" E="N"/>
		<Primitive ID="Ad0020102" BOX="31 1065 192 1277" ELEMENT_TYPE="AdFrame" SEQ_NO="0" TOC_ENTRY_ID="18" DEPTH_LEVEL="1"/>
	</Entity>
	<Entity ENTITY_TYPE="Ad" FIRST_TOC_ENTRY_ID="19" INDEX_IN_DOC="19" DEPTH_LEVEL="1" ID="Ad00202" SIZE="Small" BOX="359 319 522 523" NEXT_SECTION="" PREV_SECTION="" IMAGES_RESOLUTION="144" TOTAL_CHARS_COUNT="0" SUSPICIOUS_CHARS_COUNT="0" WORDCNT="0">
		<Name>Untitled Ad</Name>
		<Primitive ID="Ad0020200" BOX="359 319 522 523" ELEMENT_TYPE="Content" SEQ_NO="1" TOC_ENTRY_ID="19" DEPTH_LEVEL="1" E="N"/>
		<Primitive ID="Ad0020201" BOX="359 319 522 523" ELEMENT_TYPE="AdFrame" SEQ_NO="0" TOC_ENTRY_ID="19" DEPTH_LEVEL="1" I_RES="130"/>
	</Entity>
	<Entity ENTITY_TYPE="Article" FIRST_TOC_ENTRY_ID="20" INDEX_IN_DOC="20" DEPTH_LEVEL="1" ID="Ar00203" SIZE="Medium" BOX="359 893 852 1278" NEXT_SECTION="" PREV_SECTION="" IMAGES_RESOLUTION="144" TOTAL_CHARS_COUNT="1126" SUSPICIOUS_CHARS_COUNT="0" WORDCNT="355">
		<Name>MOTS CROIS�S N o 2323</Name>
		<Primitive ID="Ar0020300" BOX="359 893 852 931" ELEMENT_TYPE="HedLine_hl1" SEQ_NO="2" TOC_ENTRY_ID="20" DEPTH_LEVEL="1"/>
		<Primitive ID="Ar0020301" BOX="654 931 852 1194" ELEMENT_TYPE="Content" SEQ_NO="0" TOC_ENTRY_ID="20" DEPTH_LEVEL="1"/>
		<Primitive ID="Ar0020302" BOX="359 1194 852 1278" ELEMENT_TYPE="Content" SEQ_NO="1" TOC_ENTRY_ID="20" DEPTH_LEVEL="1"/>
	</Entity>
	<Entity ENTITY_TYPE="Picture" FIRST_TOC_ENTRY_ID="21" INDEX_IN_DOC="21" DEPTH_LEVEL="2" ID="Pc00204" SIZE="Small" BOX="359 931 654 1194" NEXT_SECTION="" PREV_SECTION="" EMBEDDED_INTO="Ar00203" EMBEDDED_AFTER="Ar0020300" IMAGES_RESOLUTION="144" TOTAL_CHARS_COUNT="0" SUSPICIOUS_CHARS_COUNT="0" WORDCNT="0">
		<Name>Untitled Picture</Name>
		<Primitive ID="Pc0020400" BOX="359 931 654 1194" ELEMENT_TYPE="Picture" SEQ_NO="0" TOC_ENTRY_ID="21" DEPTH_LEVEL="2" IMG_EXT="jpg"/>
	</Entity>
</XMD-PAGE>