<?xml version="1.0" encoding="UTF-8"?>
<alto xmlns="http://www.loc.gov/standards/alto/ns-v3#" xmlns:xsi="http://www.w3.org/2001/XMLSchema-instance" SCHEMAVERSION="alto_bnf-v2_0" xsi:schemaLocation="http://www.loc.gov/standards/alto/ns-v3# http://bibnum.bnf.fr/schema/alto_bnf-v2_0.xsd" xmlns:xlink="http://www.w3.org/TR/xlink">
  <Description>
    <MeasurementUnit>pixel</MeasurementUnit>
    <sourceImageInformation>
      <fileName>00000002.jp2</fileName>
      <fileIdentifier>ark:/12148/bpt6k4701034k/f2</fileIdentifier>
      <documentIdentifier documentIdentifierLocation="NUM">4701034</documentIdentifier>
    </sourceImageInformation>
    <OCRProcessing ID="OCR_1">
      <ocrProcessingStep>
        <processingDateTime>2019-01-29</processingDateTime>
        <processingStepDescription>[001_OCR_BRUT]OCR BRUT 55.50 %</processingStepDescription>
        <processingStepDescription>[002_CHARS]{1569}</processingStepDescription>
        <processingStepDescription>[003_CHARS_USED]{0}</processingStepDescription>
        <processingStepDescription>[004_CHARS_SUSPECTS_USED]{0}</processingStepDescription>
        <processingStepDescription>[005_CHARS_UNUSED]{1569}</processingStepDescription>
        <processingStepDescription>[006_CHARS_SUSPECTS_UNUSED]{0}</processingStepDescription>
        <processingStepDescription>[007_STRINGS]{390}</processingStepDescription>
        <processingStepDescription>[008_STRINGS_USED]{0}</processingStepDescription>
        <processingStepDescription>[009_STRINGS_SUSPECTS_UNUSED]{0}</processingStepDescription>
        <processingStepDescription>[010_CHARS_LETTERS]{1362}</processingStepDescription>
        <processingStepDescription>[011_CHARS_PUNCTUATION]{144}</processingStepDescription>
        <processingStepDescription>[012_CHARS_DIGITS]{54}</processingStepDescription>
        <processingStepDescription>[013_CHARS_SUSPECT]{0}</processingStepDescription>
        <processingStepDescription>[022_CHARS_UNUSED_BY_BLOCK]{0}</processingStepDescription>
        <processingStepDescription>[023_BLOCKS_SUSPECTS]{0}</processingStepDescription>
        <processingStepDescription>[111_LIGS_DETECTED_CURV]{0}</processingStepDescription>
      </ocrProcessingStep>
    </OCRProcessing>
  </Description>
  <Styles>
    <TextStyle FONTSIZE="5" ID="TXT_2" FONTFAMILY="Arial"/>
    <TextStyle FONTSIZE="17" ID="TXT_3" FONTFAMILY="Arial"/>
    <TextStyle FONTSIZE="53" ID="TXT_4" FONTFAMILY="Arial"/>
    <TextStyle FONTSIZE="50" ID="TXT_5" FONTFAMILY="Arial"/>
    <TextStyle FONTSIZE="10" ID="TXT_6" FONTFAMILY="Arial"/>
    <TextStyle FONTSIZE="4" ID="TXT_7" FONTFAMILY="Arial"/>
    <TextStyle FONTSIZE="15" ID="TXT_8" FONTFAMILY="Arial"/>
    <TextStyle FONTSIZE="9" ID="TXT_9" FONTFAMILY="Arial"/>
    <TextStyle FONTSIZE="14" ID="TXT_10" FONTFAMILY="Arial"/>
    <TextStyle FONTSIZE="11" ID="TXT_11" FONTFAMILY="Arial"/>
    <TextStyle FONTSIZE="8" ID="TXT_12" FONTFAMILY="Arial"/>
    <TextStyle FONTSIZE="18" ID="TXT_13" FONTFAMILY="Arial"/>
    <TextStyle FONTSIZE="6" ID="TXT_14" FONTFAMILY="Arial"/>
    <TextStyle FONTSIZE="7" ID="TXT_15" FONTFAMILY="Arial"/>
  </Styles>
  <Tags>
    <LayoutTag TYPE="Content" ID="TAG_advertisement" LABEL="advertisement"/>
  </Tags>
  <Layout>
    <Page ID="PAG_2" HEIGHT="4941" WIDTH="3814" PHYSICAL_IMG_NR="2" QUALITY="OK" ACCURACY="100.00">
      <PrintSpace HPOS="518" VPOS="255" HEIGHT="4390" WIDTH="3180" ID="PAG_2_PrintSpace">
        <TextBlock HPOS="678" VPOS="390" HEIGHT="69" WIDTH="474" ID="PAG_2_TB000001" TAGREFS="TAG_advertisement" LANG="fr" STYLEREFS="TXT_2">
          <TextLine HPOS="678" VPOS="390" HEIGHT="27" WIDTH="472" ID="PAG_2_TL000001" STYLEREFS="TXT_2">
            <String HPOS="678" VPOS="391" HEIGHT="25" WIDTH="23" ID="PAG_2_ST000001" WC="1" CONTENT="N" STYLEREFS="TXT_2"/>
            <SP ID="PAG_2_SP000001" HPOS="701" VPOS="392" WIDTH="30"/>
            <String HPOS="731" VPOS="392" HEIGHT="25" WIDTH="56" ID="PAG_2_ST000002" WC="1" CONTENT="565" STYLEREFS="TXT_2"/>
            <SP ID="PAG_2_SP000002" HPOS="787" VPOS="392" WIDTH="20"/>
            <String HPOS="807" VPOS="392" HEIGHT="25" WIDTH="37" ID="PAG_2_ST000003" WC="1" CONTENT="du" STYLEREFS="TXT_2"/>
            <SP ID="PAG_2_SP000003" HPOS="844" VPOS="391" WIDTH="19"/>
            <String HPOS="863" VPOS="391" HEIGHT="25" WIDTH="87" ID="PAG_2_ST000004" WC="0.83" CONTENT="cotai" STYLEREFS="TXT_2"/>
            <SP ID="PAG_2_SP000004" HPOS="950" VPOS="406" WIDTH="20"/>
            <String HPOS="970" VPOS="406" HEIGHT="2" WIDTH="4" ID="PAG_2_ST000005" WC="0.84" CONTENT="-" STYLEREFS="TXT_2"/>
            <SP ID="PAG_2_SP000005" HPOS="974" VPOS="390" WIDTH="25"/>
            <String HPOS="999" VPOS="390" HEIGHT="26" WIDTH="151" ID="PAG_2_ST000006" WC="1" CONTENT="Chambre" STYLEREFS="TXT_2"/>
          </TextLine>
          <TextLine HPOS="678" VPOS="426" HEIGHT="33" WIDTH="474" ID="PAG_2_TL000002" STYLEREFS="TXT_2">
            <String HPOS="678" VPOS="427" HEIGHT="25" WIDTH="144" ID="PAG_2_ST000007" WC="1" CONTENT="moderne" STYLEREFS="TXT_2"/>
            <SP ID="PAG_2_SP000006" HPOS="822" VPOS="426" WIDTH="20"/>
            <String HPOS="842" VPOS="426" HEIGHT="33" WIDTH="115" ID="PAG_2_ST000008" WC="1" CONTENT="galbée" STYLEREFS="TXT_2"/>
            <SP ID="PAG_2_SP000007" HPOS="957" VPOS="428" WIDTH="15"/>
            <String HPOS="972" VPOS="428" HEIGHT="23" WIDTH="16" ID="PAG_2_ST000009" WC="1" CONTENT="à" STYLEREFS="TXT_2"/>
            <SP ID="PAG_2_SP000008" HPOS="988" VPOS="427" WIDTH="19"/>
            <String HPOS="1007" VPOS="427" HEIGHT="31" WIDTH="145" ID="PAG_2_ST000010" WC="0.96" CONTENT="godrons," STYLEREFS="TXT_2"/>
          </TextLine>
        </TextBlock>
        <TextBlock HPOS="677" VPOS="461" HEIGHT="68" WIDTH="1037" ID="PAG_2_TB000002" TAGREFS="TAG_advertisement" LANG="fr" STYLEREFS="TXT_2">
          <TextLine HPOS="677" VPOS="461" HEIGHT="32" WIDTH="1037" ID="PAG_2_TL000003" STYLEREFS="TXT_2">
            <String HPOS="677" VPOS="462" HEIGHT="26" WIDTH="111" ID="PAG_2_ST000011" WC="0.99" CONTENT="chêne" STYLEREFS="TXT_2"/>
            <SP ID="PAG_2_SP000009" HPOS="788" VPOS="461" WIDTH="33"/>
            <String HPOS="821" VPOS="461" HEIGHT="31" WIDTH="133" ID="PAG_2_ST000012" WC="1" CONTENT="massif," STYLEREFS="TXT_2"/>
            <SP ID="PAG_2_SP000010" HPOS="954" VPOS="462" WIDTH="31"/>
            <String HPOS="985" VPOS="462" HEIGHT="31" WIDTH="167" ID="PAG_2_ST000013" WC="1" CONTENT="sculptures" STYLEREFS="TXT_2"/>
            <SP ID="PAG_2_SP000011" HPOS="1152" VPOS="465" WIDTH="549"/>
            <String HPOS="1701" VPOS="465" HEIGHT="17" WIDTH="13" ID="PAG_2_ST000014" WC="0.00" CONTENT="f" STYLEREFS="TXT_2"/>
          </TextLine>
          <TextLine HPOS="679" VPOS="497" HEIGHT="32" WIDTH="501" ID="PAG_2_TL000004" STYLEREFS="TXT_2">
            <String HPOS="679" VPOS="498" HEIGHT="31" WIDTH="93" ID="PAG_2_ST000015" WC="0.99" CONTENT="prises" STYLEREFS="TXT_2"/>
            <SP ID="PAG_2_SP000012" HPOS="772" VPOS="498" WIDTH="22"/>
            <String HPOS="794" VPOS="498" HEIGHT="27" WIDTH="77" ID="PAG_2_ST000016" WC="0.65" CONTENT="dans" STYLEREFS="TXT_2"/>
            <SP ID="PAG_2_SP000013" HPOS="871" VPOS="497" WIDTH="23"/>
            <String HPOS="894" VPOS="497" HEIGHT="25" WIDTH="25" ID="PAG_2_ST000017" WC="0.33" CONTENT="la" STYLEREFS="TXT_2"/>
            <SP ID="PAG_2_SP000014" HPOS="919" VPOS="505" WIDTH="24"/>
            <String HPOS="943" VPOS="505" HEIGHT="16" WIDTH="97" ID="PAG_2_ST000018" WC="0.3" CONTENT="masse" STYLEREFS="TXT_2"/>
            <SP ID="PAG_2_SP000015" HPOS="1040" VPOS="509" WIDTH="15"/>
            <String HPOS="1055" VPOS="509" HEIGHT="12" WIDTH="3" ID="PAG_2_ST000019" WC="0.00" CONTENT=":" STYLEREFS="TXT_2"/>
            <SP ID="PAG_2_SP000016" HPOS="1058" VPOS="497" WIDTH="20"/>
            <String HPOS="1078" VPOS="497" HEIGHT="24" WIDTH="9" ID="PAG_2_ST000020" WC="0.5" CONTENT="1" STYLEREFS="TXT_2"/>
            <SP ID="PAG_2_SP000017" HPOS="1087" VPOS="505" WIDTH="21"/>
            <String HPOS="1108" VPOS="505" HEIGHT="17" WIDTH="42" ID="PAG_2_ST000021" WC="1" CONTENT="ar-" STYLEREFS="TXT_2"/>
            <HYP HPOS="1150" VPOS="522" WIDTH="30" CONTENT="-"/>
          </TextLine>
        </TextBlock>
        <TextBlock HPOS="602" VPOS="526" HEIGHT="39" WIDTH="550" ID="PAG_2_TB000003" TAGREFS="TAG_advertisement" LANG="fr" STYLEREFS="TXT_2">
          <TextLine HPOS="602" VPOS="526" HEIGHT="39" WIDTH="550" ID="PAG_2_TL000005" STYLEREFS="TXT_2">
            <String HPOS="602" VPOS="526" HEIGHT="32" WIDTH="52" ID="PAG_2_ST000022" WC="0.00" CONTENT="H" STYLEREFS="TXT_2"/>
            <SP ID="PAG_2_SP000018" HPOS="654" VPOS="533" WIDTH="25"/>
            <String HPOS="679" VPOS="533" HEIGHT="25" WIDTH="91" ID="PAG_2_ST000023" WC="1" CONTENT="moire" STYLEREFS="TXT_2"/>
            <SP ID="PAG_2_SP000019" HPOS="770" VPOS="533" WIDTH="38"/>
            <String HPOS="808" VPOS="533" HEIGHT="32" WIDTH="114" ID="PAG_2_ST000024" WC="0.99" CONTENT="galbée" STYLEREFS="TXT_2"/>
            <SP ID="PAG_2_SP000020" HPOS="922" VPOS="534" WIDTH="32"/>
            <String HPOS="954" VPOS="534" HEIGHT="23" WIDTH="16" ID="PAG_2_ST000025" WC="0.94" CONTENT="à" STYLEREFS="TXT_2"/>
            <SP ID="PAG_2_SP000021" HPOS="970" VPOS="532" WIDTH="38"/>
            <String HPOS="1008" VPOS="532" HEIGHT="33" WIDTH="144" ID="PAG_2_ST000026" WC="1" CONTENT="godrons," STYLEREFS="TXT_2"/>
          </TextLine>
        </TextBlock>
        <TextBlock HPOS="678" VPOS="566" HEIGHT="35" WIDTH="1173" ID="PAG_2_TB000004" TAGREFS="TAG_advertisement" LANG="fr" STYLEREFS="TXT_2">
          <TextLine HPOS="678" VPOS="566" HEIGHT="35" WIDTH="1173" ID="PAG_2_TL000006" STYLEREFS="TXT_2">
            <String HPOS="678" VPOS="578" HEIGHT="16" WIDTH="45" ID="PAG_2_ST000027" WC="1" CONTENT="sur" STYLEREFS="TXT_2"/>
            <SP ID="PAG_2_SP000022" HPOS="723" VPOS="570" WIDTH="23"/>
            <String HPOS="746" VPOS="570" HEIGHT="31" WIDTH="72" ID="PAG_2_ST000028" WC="1" CONTENT="pied" STYLEREFS="TXT_2"/>
            <SP ID="PAG_2_SP000023" HPOS="818" VPOS="569" WIDTH="28"/>
            <String HPOS="846" VPOS="569" HEIGHT="29" WIDTH="91" ID="PAG_2_ST000029" WC="1" CONTENT="socle," STYLEREFS="TXT_2"/>
            <SP ID="PAG_2_SP000024" HPOS="937" VPOS="567" WIDTH="22"/>
            <String HPOS="959" VPOS="567" HEIGHT="25" WIDTH="15" ID="PAG_2_ST000030" WC="1" CONTENT="2" STYLEREFS="TXT_2"/>
            <SP ID="PAG_2_SP000025" HPOS="974" VPOS="572" WIDTH="23"/>
            <String HPOS="997" VPOS="572" HEIGHT="27" WIDTH="102" ID="PAG_2_ST000031" WC="1" CONTENT="portes" STYLEREFS="TXT_2"/>
            <SP ID="PAG_2_SP000026" HPOS="1099" VPOS="571" WIDTH="25"/>
            <String HPOS="1124" VPOS="571" HEIGHT="21" WIDTH="28" ID="PAG_2_ST000032" WC="1" CONTENT="et" STYLEREFS="TXT_2"/>
            <SP ID="PAG_2_SP000027" HPOS="1152" VPOS="574" WIDTH="568"/>
            <String HPOS="1720" VPOS="574" HEIGHT="16" WIDTH="82" ID="PAG_2_ST000033" WC="0.00" CONTENT="——&quot;" STYLEREFS="TXT_2"/>
            <SP ID="PAG_2_SP000028" HPOS="1802" VPOS="566" WIDTH="33"/>
            <String HPOS="1835" VPOS="566" HEIGHT="25" WIDTH="16" ID="PAG_2_ST000034" WC="0.00" CONTENT="A" STYLEREFS="TXT_2"/>
          </TextLine>
        </TextBlock>
        <TextBlock HPOS="677" VPOS="595" HEIGHT="42" WIDTH="1180" ID="PAG_2_TB000005" TAGREFS="TAG_advertisement" LANG="fr" STYLEREFS="TXT_2">
          <TextLine HPOS="677" VPOS="595" HEIGHT="42" WIDTH="1180" ID="PAG_2_TL000007" STYLEREFS="TXT_2">
            <String HPOS="677" VPOS="605" HEIGHT="32" WIDTH="88" ID="PAG_2_ST000035" WC="1" CONTENT="glace" STYLEREFS="TXT_2"/>
            <SP ID="PAG_2_SP000029" HPOS="765" VPOS="613" WIDTH="32"/>
            <String HPOS="797" VPOS="613" HEIGHT="17" WIDTH="45" ID="PAG_2_ST000036" WC="0.99" CONTENT="sur" STYLEREFS="TXT_2"/>
            <SP ID="PAG_2_SP000030" HPOS="842" VPOS="604" WIDTH="31"/>
            <String HPOS="873" VPOS="604" HEIGHT="25" WIDTH="25" ID="PAG_2_ST000037" WC="1" CONTENT="le" STYLEREFS="TXT_2"/>
            <SP ID="PAG_2_SP000031" HPOS="898" VPOS="603" WIDTH="32"/>
            <String HPOS="930" VPOS="603" HEIGHT="30" WIDTH="76" ID="PAG_2_ST000038" WC="1" CONTENT="côté," STYLEREFS="TXT_2"/>
            <SP ID="PAG_2_SP000032" HPOS="1006" VPOS="603" WIDTH="27"/>
            <String HPOS="1033" VPOS="603" HEIGHT="31" WIDTH="120" ID="PAG_2_ST000039" WC="1" CONTENT="largeur" STYLEREFS="TXT_2"/>
            <SP ID="PAG_2_SP000033" HPOS="1153" VPOS="606" WIDTH="397"/>
            <String HPOS="1550" VPOS="606" HEIGHT="16" WIDTH="82" ID="PAG_2_ST000040" WC="0.00" CONTENT="—&quot;&quot;" STYLEREFS="TXT_2"/>
            <SP ID="PAG_2_SP000034" HPOS="1632" VPOS="595" WIDTH="218"/>
            <String HPOS="1850" VPOS="595" HEIGHT="37" WIDTH="7" ID="PAG_2_ST000041" WC="0.00" CONTENT="\" STYLEREFS="TXT_2"/>
          </TextLine>
        </TextBlock>
        <TextBlock HPOS="679" VPOS="640" HEIGHT="25" WIDTH="8" ID="PAG_2_TB000006" TAGREFS="TAG_advertisement" LANG="fr" STYLEREFS="TXT_2">
          <TextLine HPOS="679" VPOS="640" HEIGHT="25" WIDTH="8" ID="PAG_2_TL000008" STYLEREFS="TXT_2">
            <String HPOS="679" VPOS="640" HEIGHT="25" WIDTH="8" ID="PAG_2_ST000042" WC="0.98" CONTENT="1" STYLEREFS="TXT_2"/>
          </TextLine>
        </TextBlock>
        <TextBlock HPOS="679" VPOS="676" HEIGHT="24" WIDTH="8" ID="PAG_2_TB000007" TAGREFS="TAG_advertisement" LANG="fr" STYLEREFS="TXT_2">
          <TextLine HPOS="679" VPOS="676" HEIGHT="24" WIDTH="8" ID="PAG_2_TL000009" STYLEREFS="TXT_2">
            <String HPOS="679" VPOS="676" HEIGHT="24" WIDTH="8" ID="PAG_2_ST000043" WC="0.98" CONTENT="1" STYLEREFS="TXT_2"/>
          </TextLine>
        </TextBlock>
        <TextBlock HPOS="778" VPOS="736" HEIGHT="26" WIDTH="20" ID="PAG_2_TB000008" TAGREFS="TAG_advertisement" LANG="fr" STYLEREFS="TXT_2">
          <TextLine HPOS="778" VPOS="736" HEIGHT="26" WIDTH="20" ID="PAG_2_TL000010" STYLEREFS="TXT_2">
            <String HPOS="778" VPOS="736" HEIGHT="26" WIDTH="20" ID="PAG_2_ST000044" WC="0.95" CONTENT="3" STYLEREFS="TXT_2"/>
          </TextLine>
        </TextBlock>
        <TextBlock HPOS="679" VPOS="771" HEIGHT="62" WIDTH="120" ID="PAG_2_TB000009" TAGREFS="TAG_advertisement" LANG="fr" STYLEREFS="TXT_2">
          <TextLine HPOS="680" VPOS="771" HEIGHT="33" WIDTH="119" ID="PAG_2_TL000011" STYLEREFS="TXT_2">
            <String HPOS="680" VPOS="771" HEIGHT="33" WIDTH="119" ID="PAG_2_ST000045" WC="0.83" CONTENT="pièces" STYLEREFS="TXT_2"/>
          </TextLine>
          <TextLine HPOS="679" VPOS="806" HEIGHT="27" WIDTH="104" ID="PAG_2_TL000012" STYLEREFS="TXT_2">
            <String HPOS="679" VPOS="806" HEIGHT="27" WIDTH="104" ID="PAG_2_ST000046" WC="0.42" CONTENT="socrif" STYLEREFS="TXT_2"/>
          </TextLine>
        </TextBlock>
        <TextBlock HPOS="589" VPOS="1569" HEIGHT="268" WIDTH="1288" ID="PAG_2_TB000010" TAGREFS="TAG_advertisement" LANG="fr" STYLEREFS="TXT_2">
          <TextLine HPOS="589" VPOS="1569" HEIGHT="61" WIDTH="595" ID="PAG_2_TL000013" STYLEREFS="TXT_2">
            <String HPOS="589" VPOS="1569" HEIGHT="61" WIDTH="131" ID="PAG_2_ST000047" WC="0.00" CONTENT="IN°" STYLEREFS="TXT_2"/>
            <SP ID="PAG_2_SP000035" HPOS="720" VPOS="1594" WIDTH="21"/>
            <String HPOS="741" VPOS="1594" HEIGHT="27" WIDTH="60" ID="PAG_2_ST000048" WC="1" CONTENT="542" STYLEREFS="TXT_2"/>
            <SP ID="PAG_2_SP000036" HPOS="801" VPOS="1595" WIDTH="22"/>
            <String HPOS="823" VPOS="1595" HEIGHT="25" WIDTH="37" ID="PAG_2_ST000049" WC="1" CONTENT="du" STYLEREFS="TXT_2"/>
            <SP ID="PAG_2_SP000037" HPOS="860" VPOS="1595" WIDTH="26"/>
            <String HPOS="886" VPOS="1595" HEIGHT="25" WIDTH="88" ID="PAG_2_ST000050" WC="0.86" CONTENT="cotai." STYLEREFS="TXT_2"/>
            <SP ID="PAG_2_SP000038" HPOS="974" VPOS="1593" WIDTH="62"/>
            <String HPOS="1036" VPOS="1593" HEIGHT="27" WIDTH="118" ID="PAG_2_ST000051" WC="1" CONTENT="Studio-" SUBS_TYPE="HypPart1" SUBS_CONTENT="Studio-chambre" STYLEREFS="TXT_2"/>
            <HYP HPOS="1154" VPOS="1620" WIDTH="30" CONTENT="-"/>
          </TextLine>
          <TextLine HPOS="684" VPOS="1629" HEIGHT="26" WIDTH="470" ID="PAG_2_TL000014" STYLEREFS="TXT_2">
            <String HPOS="684" VPOS="1630" HEIGHT="25" WIDTH="142" ID="PAG_2_ST000052" WC="1" CONTENT="chambre" SUBS_TYPE="HypPart2" SUBS_CONTENT="Studio-chambre" STYLEREFS="TXT_2"/>
            <SP ID="PAG_2_SP000039" HPOS="826" VPOS="1632" WIDTH="14"/>
            <String HPOS="840" VPOS="1632" HEIGHT="23" WIDTH="16" ID="PAG_2_ST000053" WC="1" CONTENT="à" STYLEREFS="TXT_2"/>
            <SP ID="PAG_2_SP000040" HPOS="856" VPOS="1629" WIDTH="17"/>
            <String HPOS="873" VPOS="1629" HEIGHT="26" WIDTH="129" ID="PAG_2_ST000054" WC="1" CONTENT="coucher" STYLEREFS="TXT_2"/>
            <SP ID="PAG_2_SP000041" HPOS="1002" VPOS="1629" WIDTH="44"/>
            <String HPOS="1046" VPOS="1629" HEIGHT="26" WIDTH="73" ID="PAG_2_ST000055" WC="1" CONTENT="salle" STYLEREFS="TXT_2"/>
            <SP ID="PAG_2_SP000042" HPOS="1119" VPOS="1631" WIDTH="19"/>
            <String HPOS="1138" VPOS="1631" HEIGHT="23" WIDTH="16" ID="PAG_2_ST000056" WC="1" CONTENT="à" STYLEREFS="TXT_2"/>
          </TextLine>
          <TextLine HPOS="686" VPOS="1666" HEIGHT="32" WIDTH="470" ID="PAG_2_TL000015" STYLEREFS="TXT_2">
            <String HPOS="686" VPOS="1674" HEIGHT="24" WIDTH="124" ID="PAG_2_ST000057" WC="1" CONTENT="manger" STYLEREFS="TXT_2"/>
            <SP ID="PAG_2_SP000043" HPOS="810" VPOS="1681" WIDTH="24"/>
            <String HPOS="834" VPOS="1681" HEIGHT="2" WIDTH="7" ID="PAG_2_ST000058" WC="1" CONTENT="-" STYLEREFS="TXT_2"/>
            <SP ID="PAG_2_SP000044" HPOS="841" VPOS="1666" WIDTH="29"/>
            <String HPOS="870" VPOS="1666" HEIGHT="30" WIDTH="93" ID="PAG_2_ST000059" WC="0.99" CONTENT="salon," STYLEREFS="TXT_2"/>
            <SP ID="PAG_2_SP000045" HPOS="963" VPOS="1674" WIDTH="24"/>
            <String HPOS="987" VPOS="1674" HEIGHT="16" WIDTH="35" ID="PAG_2_ST000060" WC="1" CONTENT="en" STYLEREFS="TXT_2"/>
            <SP ID="PAG_2_SP000046" HPOS="1022" VPOS="1672" WIDTH="28"/>
            <String HPOS="1050" VPOS="1672" HEIGHT="20" WIDTH="106" ID="PAG_2_ST000061" WC="1" CONTENT="ronce" STYLEREFS="TXT_2"/>
          </TextLine>
          <TextLine HPOS="685" VPOS="1701" HEIGHT="27" WIDTH="1173" ID="PAG_2_TL000016" STYLEREFS="TXT_2">
            <String HPOS="685" VPOS="1701" HEIGHT="26" WIDTH="45" ID="PAG_2_ST000062" WC="1" CONTENT="de" STYLEREFS="TXT_2"/>
            <SP ID="PAG_2_SP000047" HPOS="730" VPOS="1708" WIDTH="23"/>
            <String HPOS="753" VPOS="1708" HEIGHT="20" WIDTH="113" ID="PAG_2_ST000063" WC="1" CONTENT="noyer" STYLEREFS="TXT_2"/>
            <SP ID="PAG_2_SP000048" HPOS="866" VPOS="1701" WIDTH="21"/>
            <String HPOS="887" VPOS="1701" HEIGHT="26" WIDTH="45" ID="PAG_2_ST000064" WC="1" CONTENT="de" STYLEREFS="TXT_2"/>
            <SP ID="PAG_2_SP000049" HPOS="932" VPOS="1701" WIDTH="23"/>
            <String HPOS="955" VPOS="1701" HEIGHT="26" WIDTH="129" ID="PAG_2_ST000065" WC="1" CONTENT="France" STYLEREFS="TXT_2"/>
            <SP ID="PAG_2_SP000050" HPOS="1084" VPOS="1708" WIDTH="27"/>
            <String HPOS="1111" VPOS="1708" HEIGHT="19" WIDTH="45" ID="PAG_2_ST000066" WC="1" CONTENT="ou" STYLEREFS="TXT_2"/>
            <SP ID="PAG_2_SP000051" HPOS="1156" VPOS="1715" WIDTH="695"/>
            <String HPOS="1851" VPOS="1715" HEIGHT="12" WIDTH="7" ID="PAG_2_ST000067" WC="0.00" CONTENT="-," STYLEREFS="TXT_2"/>
          </TextLine>
          <TextLine HPOS="686" VPOS="1733" HEIGHT="31" WIDTH="1180" ID="PAG_2_TL000017" STYLEREFS="TXT_2">
            <String HPOS="686" VPOS="1736" HEIGHT="28" WIDTH="225" ID="PAG_2_ST000068" WC="1" CONTENT="palissandre" STYLEREFS="TXT_2"/>
            <SP ID="PAG_2_SP000052" HPOS="911" VPOS="1736" WIDTH="34"/>
            <String HPOS="945" VPOS="1736" HEIGHT="27" WIDTH="64" ID="PAG_2_ST000069" WC="1" CONTENT="des" STYLEREFS="TXT_2"/>
            <SP ID="PAG_2_SP000053" HPOS="1009" VPOS="1736" WIDTH="35"/>
            <String HPOS="1044" VPOS="1736" HEIGHT="28" WIDTH="114" ID="PAG_2_ST000070" WC="1" CONTENT="Indes," STYLEREFS="TXT_2"/>
            <SP ID="PAG_2_SP000054" HPOS="1158" VPOS="1758" WIDTH="448"/>
            <String HPOS="1606" VPOS="1758" HEIGHT="6" WIDTH="26" ID="PAG_2_ST000071" WC="0.00" CONTENT="__" STYLEREFS="TXT_2"/>
            <SP ID="PAG_2_SP000055" HPOS="1632" VPOS="1733" WIDTH="224"/>
            <String HPOS="1856" VPOS="1733" HEIGHT="30" WIDTH="10" ID="PAG_2_ST000072" WC="0.00" CONTENT="\" STYLEREFS="TXT_2"/>
          </TextLine>
          <TextLine HPOS="686" VPOS="1763" HEIGHT="38" WIDTH="1188" ID="PAG_2_TL000018" STYLEREFS="TXT_2">
            <String HPOS="686" VPOS="1772" HEIGHT="26" WIDTH="116" ID="PAG_2_ST000073" WC="0.85" CONTENT="vernis" STYLEREFS="TXT_2"/>
            <SP ID="PAG_2_SP000056" HPOS="802" VPOS="1781" WIDTH="17"/>
            <String HPOS="819" VPOS="1781" HEIGHT="15" WIDTH="6" ID="PAG_2_ST000074" WC="0.00" CONTENT=":" STYLEREFS="TXT_2"/>
            <SP ID="PAG_2_SP000057" HPOS="825" VPOS="1772" WIDTH="23"/>
            <String HPOS="848" VPOS="1772" HEIGHT="24" WIDTH="9" ID="PAG_2_ST000075" WC="1" CONTENT="1" STYLEREFS="TXT_2"/>
            <SP ID="PAG_2_SP000058" HPOS="857" VPOS="1772" WIDTH="28"/>
            <String HPOS="885" VPOS="1772" HEIGHT="26" WIDTH="177" ID="PAG_2_ST000076" WC="1" CONTENT="cosy-divan" STYLEREFS="TXT_2"/>
            <SP ID="PAG_2_SP000059" HPOS="1062" VPOS="1780" WIDTH="23"/>
            <String HPOS="1085" VPOS="1780" HEIGHT="17" WIDTH="73" ID="PAG_2_ST000077" WC="1" CONTENT="avec" STYLEREFS="TXT_2"/>
            <SP ID="PAG_2_SP000060" HPOS="1158" VPOS="1773" WIDTH="309"/>
            <String HPOS="1467" VPOS="1773" HEIGHT="28" WIDTH="81" ID="PAG_2_ST000078" WC="0.00" CONTENT="~i£&quot;" STYLEREFS="TXT_2"/>
            <SP ID="PAG_2_SP000061" HPOS="1548" VPOS="1763" WIDTH="314"/>
            <String HPOS="1862" VPOS="1763" HEIGHT="38" WIDTH="12" ID="PAG_2_ST000079" WC="0.00" CONTENT="\" STYLEREFS="TXT_2"/>
          </TextLine>
          <TextLine HPOS="686" VPOS="1800" HEIGHT="37" WIDTH="1191" ID="PAG_2_TL000019" STYLEREFS="TXT_2">
            <String HPOS="686" VPOS="1807" HEIGHT="30" WIDTH="100" ID="PAG_2_ST000080" WC="1" CONTENT="literie," STYLEREFS="TXT_2"/>
            <SP ID="PAG_2_SP000062" HPOS="786" VPOS="1808" WIDTH="18"/>
            <String HPOS="804" VPOS="1808" HEIGHT="24" WIDTH="9" ID="PAG_2_ST000081" WC="1" CONTENT="1" STYLEREFS="TXT_2"/>
            <SP ID="PAG_2_SP000063" HPOS="813" VPOS="1807" WIDTH="23"/>
            <String HPOS="836" VPOS="1807" HEIGHT="25" WIDTH="83" ID="PAG_2_ST000082" WC="1" CONTENT="table" STYLEREFS="TXT_2"/>
            <SP ID="PAG_2_SP000064" HPOS="919" VPOS="1811" WIDTH="22"/>
            <String HPOS="941" VPOS="1811" HEIGHT="21" WIDTH="28" ID="PAG_2_ST000083" WC="1" CONTENT="et" STYLEREFS="TXT_2"/>
            <SP ID="PAG_2_SP000065" HPOS="969" VPOS="1809" WIDTH="22"/>
            <String HPOS="991" VPOS="1809" HEIGHT="23" WIDTH="15" ID="PAG_2_ST000084" WC="1" CONTENT="4" STYLEREFS="TXT_2"/>
            <SP ID="PAG_2_SP000066" HPOS="1006" VPOS="1807" WIDTH="25"/>
            <String HPOS="1031" VPOS="1807" HEIGHT="25" WIDTH="297" ID="PAG_2_ST000085" WC="0.00" CONTENT="chaises....-—-" STYLEREFS="TXT_2"/>
            <SP ID="PAG_2_SP000067" HPOS="1328" VPOS="1800" WIDTH="134"/>
            <String HPOS="1462" VPOS="1800" HEIGHT="32" WIDTH="57" ID="PAG_2_ST000086" WC="0.00" CONTENT="dflk" STYLEREFS="TXT_2"/>
            <SP ID="PAG_2_SP000068" HPOS="1519" VPOS="1800" WIDTH="351"/>
            <String HPOS="1870" VPOS="1800" HEIGHT="30" WIDTH="7" ID="PAG_2_ST000087" WC="0.00" CONTENT="\" STYLEREFS="TXT_2"/>
          </TextLine>
        </TextBlock>
        <TextBlock HPOS="663" VPOS="1867" HEIGHT="490" WIDTH="462" ID="PAG_2_TB000011" TAGREFS="TAG_advertisement" LANG="fr" STYLEREFS="TXT_3">
          <TextLine HPOS="663" VPOS="1867" HEIGHT="490" WIDTH="462" ID="PAG_2_TL000020" STYLEREFS="TXT_3">
            <String HPOS="663" VPOS="1867" HEIGHT="490" WIDTH="462" ID="PAG_2_ST000088" WC="0.00" CONTENT="^^2395" STYLEREFS="TXT_3"/>
          </TextLine>
        </TextBlock>
        <TextBlock HPOS="761" VPOS="2747" HEIGHT="220" WIDTH="952" ID="PAG_2_TB000012" TAGREFS="TAG_advertisement" LANG="fr" STYLEREFS="TXT_4">
          <TextLine HPOS="761" VPOS="2747" HEIGHT="220" WIDTH="952" ID="PAG_2_TL000021" STYLEREFS="TXT_4">
            <String HPOS="761" VPOS="2747" HEIGHT="220" WIDTH="952" ID="PAG_2_ST000089" WC="0.99" CONTENT="GALERIES" STYLEREFS="TXT_4"/>
          </TextLine>
        </TextBlock>
        <TextBlock HPOS="765" VPOS="2975" HEIGHT="244" WIDTH="1108" ID="PAG_2_TB000013" TAGREFS="TAG_advertisement" LANG="fr" STYLEREFS="TXT_5">
          <TextLine HPOS="765" VPOS="2975" HEIGHT="244" WIDTH="1108" ID="PAG_2_TL000022" STYLEREFS="TXT_5">
            <String HPOS="765" VPOS="2975" HEIGHT="244" WIDTH="956" ID="PAG_2_ST000090" WC="0.97" CONTENT="BARBES" STYLEREFS="TXT_4"/>
            <SP ID="PAG_2_SP000069" HPOS="1721" VPOS="2983" WIDTH="112"/>
            <String HPOS="1833" VPOS="2983" HEIGHT="216" WIDTH="40" ID="PAG_2_ST000091" WC="0.00" CONTENT="I" STYLEREFS="TXT_5"/>
          </TextLine>
        </TextBlock>
        <TextBlock HPOS="1833" VPOS="3227" HEIGHT="84" WIDTH="46" ID="PAG_2_TB000014" TAGREFS="TAG_advertisement" LANG="fr" STYLEREFS="TXT_6">
          <TextLine HPOS="1833" VPOS="3227" HEIGHT="84" WIDTH="46" ID="PAG_2_TL000023" STYLEREFS="TXT_6">
            <String HPOS="1833" VPOS="3227" HEIGHT="84" WIDTH="46" ID="PAG_2_ST000092" WC="0.00" CONTENT="i" STYLEREFS="TXT_6"/>
          </TextLine>
        </TextBlock>
        <TextBlock HPOS="764" VPOS="3304" HEIGHT="69" WIDTH="1121" ID="PAG_2_TB000015" TAGREFS="TAG_advertisement" LANG="fr" STYLEREFS="TXT_7">
          <TextLine HPOS="764" VPOS="3304" HEIGHT="30" WIDTH="1109" ID="PAG_2_TL000024" STYLEREFS="TXT_2">
            <String HPOS="764" VPOS="3307" HEIGHT="26" WIDTH="47" ID="PAG_2_ST000093" WC="1" CONTENT="LA" STYLEREFS="TXT_2"/>
            <SP ID="PAG_2_SP000070" HPOS="811" VPOS="3306" WIDTH="36"/>
            <String HPOS="847" VPOS="3306" HEIGHT="27" WIDTH="94" ID="PAG_2_ST000094" WC="1" CONTENT="PLUS" STYLEREFS="TXT_2"/>
            <SP ID="PAG_2_SP000071" HPOS="941" VPOS="3305" WIDTH="32"/>
            <String HPOS="973" VPOS="3305" HEIGHT="28" WIDTH="168" ID="PAG_2_ST000095" WC="1" CONTENT="GRANDE" STYLEREFS="TXT_2"/>
            <SP ID="PAG_2_SP000072" HPOS="1141" VPOS="3306" WIDTH="35"/>
            <String HPOS="1176" VPOS="3306" HEIGHT="27" WIDTH="249" ID="PAG_2_ST000096" WC="1" CONTENT="EXPOSITION" STYLEREFS="TXT_2"/>
            <SP ID="PAG_2_SP000073" HPOS="1425" VPOS="3306" WIDTH="35"/>
            <String HPOS="1460" VPOS="3306" HEIGHT="26" WIDTH="47" ID="PAG_2_ST000097" WC="1" CONTENT="DE" STYLEREFS="TXT_2"/>
            <SP ID="PAG_2_SP000074" HPOS="1507" VPOS="3306" WIDTH="32"/>
            <String HPOS="1539" VPOS="3306" HEIGHT="27" WIDTH="172" ID="PAG_2_ST000098" WC="1" CONTENT="MEUBLES" STYLEREFS="TXT_2"/>
            <SP ID="PAG_2_SP000075" HPOS="1711" VPOS="3304" WIDTH="128"/>
            <String HPOS="1839" VPOS="3304" HEIGHT="30" WIDTH="34" ID="PAG_2_ST000099" WC="0.00" CONTENT="&quot;e" STYLEREFS="TXT_2"/>
          </TextLine>
          <TextLine HPOS="765" VPOS="3337" HEIGHT="36" WIDTH="1120" ID="PAG_2_TL000025" STYLEREFS="TXT_7">
            <String HPOS="765" VPOS="3345" HEIGHT="21" WIDTH="93" ID="PAG_2_ST000100" WC="0.87" CONTENT="Société" STYLEREFS="TXT_7"/>
            <SP ID="PAG_2_SP000076" HPOS="858" VPOS="3347" WIDTH="18"/>
            <String HPOS="876" VPOS="3347" HEIGHT="22" WIDTH="116" ID="PAG_2_ST000101" WC="0.76" CONTENT="Anonyme" STYLEREFS="TXT_7"/>
            <SP ID="PAG_2_SP000077" HPOS="992" VPOS="3353" WIDTH="18"/>
            <String HPOS="1010" VPOS="3353" HEIGHT="12" WIDTH="27" ID="PAG_2_ST000102" WC="0.00" CONTENT="au" STYLEREFS="TXT_7"/>
            <SP ID="PAG_2_SP000078" HPOS="1037" VPOS="3346" WIDTH="17"/>
            <String HPOS="1054" VPOS="3346" HEIGHT="19" WIDTH="93" ID="PAG_2_ST000103" WC="0.12" CONTENT="Cacvtul" STYLEREFS="TXT_7"/>
            <SP ID="PAG_2_SP000079" HPOS="1147" VPOS="3347" WIDTH="18"/>
            <String HPOS="1165" VPOS="3347" HEIGHT="18" WIDTH="30" ID="PAG_2_ST000104" WC="0.33" CONTENT="de" STYLEREFS="TXT_7"/>
            <SP ID="PAG_2_SP000080" HPOS="1195" VPOS="3347" WIDTH="26"/>
            <String HPOS="1221" VPOS="3347" HEIGHT="18" WIDTH="20" ID="PAG_2_ST000105" WC="0.00" CONTENT="10" STYLEREFS="TXT_7"/>
            <SP ID="PAG_2_SP000081" HPOS="1241" VPOS="3346" WIDTH="9"/>
            <String HPOS="1250" VPOS="3346" HEIGHT="19" WIDTH="87" ID="PAG_2_ST000106" WC="0.00" CONTENT="010.000" STYLEREFS="TXT_7"/>
            <SP ID="PAG_2_SP000082" HPOS="1337" VPOS="3346" WIDTH="21"/>
            <String HPOS="1358" VPOS="3346" HEIGHT="19" WIDTH="76" ID="PAG_2_ST000107" WC="0.85" CONTENT="francs" STYLEREFS="TXT_7"/>
            <SP ID="PAG_2_SP000083" HPOS="1434" VPOS="3350" WIDTH="22"/>
            <String HPOS="1456" VPOS="3350" HEIGHT="15" WIDTH="149" ID="PAG_2_ST000108" WC="0.70" CONTENT="enhcremen'" STYLEREFS="TXT_7"/>
            <SP ID="PAG_2_SP000084" HPOS="1605" VPOS="3353" WIDTH="16"/>
            <String HPOS="1621" VPOS="3353" HEIGHT="10" WIDTH="33" ID="PAG_2_ST000109" WC="0.00" CONTENT="vi" STYLEREFS="TXT_7"/>
            <SP ID="PAG_2_SP000085" HPOS="1654" VPOS="3337" WIDTH="180"/>
            <String HPOS="1834" VPOS="3337" HEIGHT="36" WIDTH="51" ID="PAG_2_ST000110" WC="0.00" CONTENT="'WÎfà" STYLEREFS="TXT_7"/>
          </TextLine>
        </TextBlock>
        <TextBlock HPOS="619" VPOS="3372" HEIGHT="22" WIDTH="1215" ID="PAG_2_TB000016" TAGREFS="TAG_advertisement" LANG="fr" STYLEREFS="TXT_7">
          <TextLine HPOS="619" VPOS="3372" HEIGHT="22" WIDTH="1215" ID="PAG_2_TL000026" STYLEREFS="TXT_7">
            <String HPOS="619" VPOS="3372" HEIGHT="22" WIDTH="14" ID="PAG_2_ST000111" WC="0.00" CONTENT="U" STYLEREFS="TXT_7"/>
            <SP ID="PAG_2_SP000086" HPOS="633" VPOS="3385" WIDTH="13"/>
            <String HPOS="646" VPOS="3385" HEIGHT="1" WIDTH="2" ID="PAG_2_ST000112" WC="0.00" CONTENT="•" STYLEREFS="TXT_7"/>
            <SP ID="PAG_2_SP000087" HPOS="648" VPOS="3374" WIDTH="433"/>
            <String HPOS="1081" VPOS="3374" HEIGHT="17" WIDTH="91" ID="PAG_2_ST000113" WC="0.33" CONTENT="Maison" STYLEREFS="TXT_7"/>
            <SP ID="PAG_2_SP000088" HPOS="1172" VPOS="3373" WIDTH="16"/>
            <String HPOS="1188" VPOS="3373" HEIGHT="18" WIDTH="90" ID="PAG_2_ST000114" WC="0.61" CONTENT="fondée" STYLEREFS="TXT_7"/>
            <SP ID="PAG_2_SP000089" HPOS="1278" VPOS="3379" WIDTH="17"/>
            <String HPOS="1295" VPOS="3379" HEIGHT="12" WIDTH="27" ID="PAG_2_ST000115" WC="0.33" CONTENT="en" STYLEREFS="TXT_7"/>
            <SP ID="PAG_2_SP000090" HPOS="1322" VPOS="3373" WIDTH="19"/>
            <String HPOS="1341" VPOS="3373" HEIGHT="19" WIDTH="47" ID="PAG_2_ST000116" WC="0.11" CONTENT="!896" STYLEREFS="TXT_7"/>
            <SP ID="PAG_2_SP000091" HPOS="1388" VPOS="3375" WIDTH="443"/>
            <String HPOS="1831" VPOS="3375" HEIGHT="4" WIDTH="3" ID="PAG_2_ST000117" WC="0.00" CONTENT="'" STYLEREFS="TXT_7"/>
          </TextLine>
        </TextBlock>
        <TextBlock HPOS="769" VPOS="3401" HEIGHT="68" WIDTH="906" ID="PAG_2_TB000017" TAGREFS="TAG_advertisement" LANG="fr" STYLEREFS="TXT_8">
          <TextLine HPOS="769" VPOS="3401" HEIGHT="68" WIDTH="906" ID="PAG_2_TL000027" STYLEREFS="TXT_8">
            <String HPOS="769" VPOS="3401" HEIGHT="68" WIDTH="188" ID="PAG_2_ST000118" WC="0.30" CONTENT="'55," STYLEREFS="TXT_8"/>
            <SP ID="PAG_2_SP000092" HPOS="957" VPOS="3401" WIDTH="1"/>
            <String HPOS="957" VPOS="3401" HEIGHT="68" WIDTH="302" ID="PAG_2_ST000119" WC="0.30" CONTENT="Barbès-" STYLEREFS="TXT_8"/>
            <SP ID="PAG_2_SP000093" HPOS="1259" VPOS="3401" WIDTH="1"/>
            <String HPOS="1259" VPOS="3401" HEIGHT="68" WIDTH="416" ID="PAG_2_ST000120" WC="0.30" CONTENT="PARIS(1S&amp;)" STYLEREFS="TXT_8"/>
          </TextLine>
        </TextBlock>
        <TextBlock HPOS="766" VPOS="3485" HEIGHT="26" WIDTH="936" ID="PAG_2_TB000018" TAGREFS="TAG_advertisement" LANG="fr" STYLEREFS="TXT_7">
          <TextLine HPOS="766" VPOS="3485" HEIGHT="26" WIDTH="936" ID="PAG_2_TL000028" STYLEREFS="TXT_7">
            <String HPOS="766" VPOS="3485" HEIGHT="26" WIDTH="264" ID="PAG_2_ST000121" WC="0.94" CONTENT="(Nepaiconfondre" STYLEREFS="TXT_7"/>
            <SP ID="PAG_2_SP000094" HPOS="1030" VPOS="3487" WIDTH="9"/>
            <String HPOS="1039" VPOS="3487" HEIGHT="19" WIDTH="4" ID="PAG_2_ST000122" WC="0.5" CONTENT="!" STYLEREFS="TXT_7"/>
            <SP ID="PAG_2_SP000095" HPOS="1043" VPOS="3486" WIDTH="16"/>
            <String HPOS="1059" VPOS="3486" HEIGHT="19" WIDTH="29" ID="PAG_2_ST000123" WC="1" CONTENT="La" STYLEREFS="TXT_7"/>
            <SP ID="PAG_2_SP000096" HPOS="1088" VPOS="3485" WIDTH="10"/>
            <String HPOS="1098" VPOS="3485" HEIGHT="20" WIDTH="75" ID="PAG_2_ST000124" WC="1" CONTENT="seule" STYLEREFS="TXT_7"/>
            <SP ID="PAG_2_SP000097" HPOS="1173" VPOS="3485" WIDTH="9"/>
            <String HPOS="1182" VPOS="3485" HEIGHT="20" WIDTH="97" ID="PAG_2_ST000125" WC="1" CONTENT="entrée" STYLEREFS="TXT_7"/>
            <SP ID="PAG_2_SP000098" HPOS="1279" VPOS="3486" WIDTH="10"/>
            <String HPOS="1289" VPOS="3486" HEIGHT="19" WIDTH="34" ID="PAG_2_ST000126" WC="1" CONTENT="de" STYLEREFS="TXT_7"/>
            <SP ID="PAG_2_SP000099" HPOS="1323" VPOS="3492" WIDTH="11"/>
            <String HPOS="1334" VPOS="3492" HEIGHT="13" WIDTH="47" ID="PAG_2_ST000127" WC="0.99" CONTENT="nos" STYLEREFS="TXT_7"/>
            <SP ID="PAG_2_SP000100" HPOS="1381" VPOS="3486" WIDTH="12"/>
            <String HPOS="1393" VPOS="3486" HEIGHT="24" WIDTH="118" ID="PAG_2_ST000128" WC="0.91" CONTENT="magasins" STYLEREFS="TXT_7"/>
            <SP ID="PAG_2_SP000101" HPOS="1511" VPOS="3486" WIDTH="1"/>
            <String HPOS="1511" VPOS="3486" HEIGHT="24" WIDTH="67" ID="PAG_2_ST000129" WC="0.91" CONTENT="est" STYLEREFS="TXT_7"/>
            <SP ID="PAG_2_SP000102" HPOS="1578" VPOS="3492" WIDTH="8"/>
            <String HPOS="1586" VPOS="3492" HEIGHT="13" WIDTH="33" ID="PAG_2_ST000130" WC="0.95" CONTENT="au" STYLEREFS="TXT_7"/>
            <SP ID="PAG_2_SP000103" HPOS="1619" VPOS="3487" WIDTH="10"/>
            <String HPOS="1629" VPOS="3487" HEIGHT="18" WIDTH="31" ID="PAG_2_ST000131" WC="0.91" CONTENT="N&quot;" STYLEREFS="TXT_7"/>
            <SP ID="PAG_2_SP000104" HPOS="1660" VPOS="3487" WIDTH="10"/>
            <String HPOS="1670" VPOS="3487" HEIGHT="18" WIDTH="13" ID="PAG_2_ST000132" WC="0.00" CONTENT="5" STYLEREFS="TXT_7"/>
            <SP ID="PAG_2_SP000105" HPOS="1683" VPOS="3487" WIDTH="7"/>
            <String HPOS="1690" VPOS="3487" HEIGHT="18" WIDTH="12" ID="PAG_2_ST000133" WC="0.00" CONTENT="5" STYLEREFS="TXT_7"/>
          </TextLine>
        </TextBlock>
        <TextBlock HPOS="769" VPOS="3515" HEIGHT="77" WIDTH="1111" ID="PAG_2_TB000019" TAGREFS="TAG_advertisement" LANG="fr" STYLEREFS="TXT_2">
          <TextLine HPOS="769" VPOS="3515" HEIGHT="42" WIDTH="1111" ID="PAG_2_TL000029" STYLEREFS="TXT_2">
            <String HPOS="769" VPOS="3526" HEIGHT="31" WIDTH="168" ID="PAG_2_ST000134" WC="1" CONTENT="Magasins" STYLEREFS="TXT_2"/>
            <SP ID="PAG_2_SP000106" HPOS="937" VPOS="3527" WIDTH="22"/>
            <String HPOS="959" VPOS="3527" HEIGHT="24" WIDTH="134" ID="PAG_2_ST000135" WC="1" CONTENT="ouverts" STYLEREFS="TXT_2"/>
            <SP ID="PAG_2_SP000107" HPOS="1093" VPOS="3528" WIDTH="21"/>
            <String HPOS="1114" VPOS="3528" HEIGHT="23" WIDTH="76" ID="PAG_2_ST000136" WC="1" CONTENT="tous" STYLEREFS="TXT_2"/>
            <SP ID="PAG_2_SP000108" HPOS="1190" VPOS="3526" WIDTH="27"/>
            <String HPOS="1217" VPOS="3526" HEIGHT="25" WIDTH="46" ID="PAG_2_ST000137" WC="1" CONTENT="les" STYLEREFS="TXT_2"/>
            <SP ID="PAG_2_SP000109" HPOS="1263" VPOS="3526" WIDTH="23"/>
            <String HPOS="1286" VPOS="3526" HEIGHT="31" WIDTH="87" ID="PAG_2_ST000138" WC="1" CONTENT="jours" STYLEREFS="TXT_2"/>
            <SP ID="PAG_2_SP000110" HPOS="1373" VPOS="3526" WIDTH="22"/>
            <String HPOS="1395" VPOS="3526" HEIGHT="30" WIDTH="54" ID="PAG_2_ST000139" WC="1" CONTENT="(de" STYLEREFS="TXT_2"/>
            <SP ID="PAG_2_SP000111" HPOS="1449" VPOS="3526" WIDTH="19"/>
            <String HPOS="1468" VPOS="3526" HEIGHT="25" WIDTH="14" ID="PAG_2_ST000140" WC="1" CONTENT="9" STYLEREFS="TXT_2"/>
            <SP ID="PAG_2_SP000112" HPOS="1482" VPOS="3527" WIDTH="20"/>
            <String HPOS="1502" VPOS="3527" HEIGHT="24" WIDTH="30" ID="PAG_2_ST000141" WC="1" CONTENT="h." STYLEREFS="TXT_2"/>
            <SP ID="PAG_2_SP000113" HPOS="1532" VPOS="3526" WIDTH="21"/>
            <String HPOS="1553" VPOS="3526" HEIGHT="25" WIDTH="16" ID="PAG_2_ST000142" WC="1" CONTENT="à" STYLEREFS="TXT_2"/>
            <SP ID="PAG_2_SP000114" HPOS="1569" VPOS="3526" WIDTH="20"/>
            <String HPOS="1589" VPOS="3526" HEIGHT="25" WIDTH="31" ID="PAG_2_ST000143" WC="1" CONTENT="18" STYLEREFS="TXT_2"/>
            <SP ID="PAG_2_SP000115" HPOS="1620" VPOS="3527" WIDTH="17"/>
            <String HPOS="1637" VPOS="3527" HEIGHT="24" WIDTH="29" ID="PAG_2_ST000144" WC="1" CONTENT="h." STYLEREFS="TXT_2"/>
            <SP ID="PAG_2_SP000116" HPOS="1666" VPOS="3526" WIDTH="16"/>
            <String HPOS="1682" VPOS="3526" HEIGHT="25" WIDTH="32" ID="PAG_2_ST000145" WC="1" CONTENT="30" STYLEREFS="TXT_2"/>
            <SP ID="PAG_2_SP000117" HPOS="1714" VPOS="3515" WIDTH="127"/>
            <String HPOS="1841" VPOS="3515" HEIGHT="41" WIDTH="39" ID="PAG_2_ST000146" WC="0.00" CONTENT="&gt;3s|" STYLEREFS="TXT_2"/>
          </TextLine>
          <TextLine HPOS="906" VPOS="3560" HEIGHT="32" WIDTH="684" ID="PAG_2_TL000030" STYLEREFS="TXT_2">
            <String HPOS="906" VPOS="3568" HEIGHT="18" WIDTH="78" ID="PAG_2_ST000147" WC="1" CONTENT="sans" STYLEREFS="TXT_2"/>
            <SP ID="PAG_2_SP000118" HPOS="984" VPOS="3561" WIDTH="24"/>
            <String HPOS="1008" VPOS="3561" HEIGHT="31" WIDTH="224" ID="PAG_2_ST000148" WC="1" CONTENT="interruption)" STYLEREFS="TXT_2"/>
            <SP ID="PAG_2_SP000119" HPOS="1232" VPOS="3560" WIDTH="23"/>
            <String HPOS="1255" VPOS="3560" HEIGHT="26" WIDTH="73" ID="PAG_2_ST000149" WC="1" CONTENT="sauf" STYLEREFS="TXT_2"/>
            <SP ID="PAG_2_SP000120" HPOS="1328" VPOS="3561" WIDTH="23"/>
            <String HPOS="1351" VPOS="3561" HEIGHT="25" WIDTH="28" ID="PAG_2_ST000150" WC="1" CONTENT="le" STYLEREFS="TXT_2"/>
            <SP ID="PAG_2_SP000121" HPOS="1379" VPOS="3561" WIDTH="22"/>
            <String HPOS="1401" VPOS="3561" HEIGHT="25" WIDTH="189" ID="PAG_2_ST000151" WC="1" CONTENT="dimanche." STYLEREFS="TXT_2"/>
          </TextLine>
        </TextBlock>
        <TextBlock HPOS="768" VPOS="3603" HEIGHT="25" WIDTH="943" ID="PAG_2_TB000020" TAGREFS="TAG_advertisement" LANG="fr" STYLEREFS="TXT_7">
          <TextLine HPOS="768" VPOS="3603" HEIGHT="25" WIDTH="943" ID="PAG_2_TL000031" STYLEREFS="TXT_7">
            <String HPOS="768" VPOS="3608" HEIGHT="20" WIDTH="145" ID="PAG_2_ST000152" WC="0.90" CONTENT="Succursales" STYLEREFS="TXT_7"/>
            <SP ID="PAG_2_SP000122" HPOS="913" VPOS="3617" WIDTH="12"/>
            <String HPOS="925" VPOS="3617" HEIGHT="10" WIDTH="3" ID="PAG_2_ST000153" WC="0.5" CONTENT=":" STYLEREFS="TXT_7"/>
            <SP ID="PAG_2_SP000123" HPOS="928" VPOS="3608" WIDTH="13"/>
            <String HPOS="941" VPOS="3608" HEIGHT="20" WIDTH="102" ID="PAG_2_ST000154" WC="1" CONTENT="ALGER" STYLEREFS="TXT_7"/>
            <SP ID="PAG_2_SP000124" HPOS="1043" VPOS="3619" WIDTH="12"/>
            <String HPOS="1055" VPOS="3619" HEIGHT="4" WIDTH="6" ID="PAG_2_ST000155" WC="1" CONTENT="-" STYLEREFS="TXT_7"/>
            <SP ID="PAG_2_SP000125" HPOS="1061" VPOS="3607" WIDTH="13"/>
            <String HPOS="1074" VPOS="3607" HEIGHT="21" WIDTH="178" ID="PAG_2_ST000156" WC="1" CONTENT="BORDEAUX" STYLEREFS="TXT_7"/>
            <SP ID="PAG_2_SP000126" HPOS="1252" VPOS="3618" WIDTH="14"/>
            <String HPOS="1266" VPOS="3618" HEIGHT="4" WIDTH="7" ID="PAG_2_ST000157" WC="1" CONTENT="-" STYLEREFS="TXT_7"/>
            <SP ID="PAG_2_SP000127" HPOS="1273" VPOS="3608" WIDTH="10"/>
            <String HPOS="1283" VPOS="3608" HEIGHT="20" WIDTH="80" ID="PAG_2_ST000158" WC="0.99" CONTENT="LILLE" STYLEREFS="TXT_7"/>
            <SP ID="PAG_2_SP000128" HPOS="1363" VPOS="3619" WIDTH="12"/>
            <String HPOS="1375" VPOS="3619" HEIGHT="4" WIDTH="7" ID="PAG_2_ST000159" WC="1" CONTENT="-" STYLEREFS="TXT_7"/>
            <SP ID="PAG_2_SP000129" HPOS="1382" VPOS="3608" WIDTH="11"/>
            <String HPOS="1393" VPOS="3608" HEIGHT="20" WIDTH="177" ID="PAG_2_ST000160" WC="1" CONTENT="MARSEILLE" STYLEREFS="TXT_7"/>
            <SP ID="PAG_2_SP000130" HPOS="1570" VPOS="3617" WIDTH="10"/>
            <String HPOS="1580" VPOS="3617" HEIGHT="5" WIDTH="7" ID="PAG_2_ST000161" WC="1" CONTENT="-" STYLEREFS="TXT_7"/>
            <SP ID="PAG_2_SP000131" HPOS="1587" VPOS="3603" WIDTH="10"/>
            <String HPOS="1597" VPOS="3603" HEIGHT="21" WIDTH="114" ID="PAG_2_ST000162" WC="1" CONTENT="NANCY" STYLEREFS="TXT_7"/>
          </TextLine>
        </TextBlock>
        <TextBlock HPOS="769" VPOS="3629" HEIGHT="26" WIDTH="944" ID="PAG_2_TB000021" TAGREFS="TAG_advertisement" LANG="fr" STYLEREFS="TXT_7">
          <TextLine HPOS="769" VPOS="3629" HEIGHT="26" WIDTH="944" ID="PAG_2_TL000032" STYLEREFS="TXT_7">
            <String HPOS="769" VPOS="3635" HEIGHT="20" WIDTH="134" ID="PAG_2_ST000163" WC="1" CONTENT="NANTES" STYLEREFS="TXT_7"/>
            <SP ID="PAG_2_SP000132" HPOS="903" VPOS="3646" WIDTH="23"/>
            <String HPOS="926" VPOS="3646" HEIGHT="3" WIDTH="6" ID="PAG_2_ST000164" WC="1" CONTENT="-" STYLEREFS="TXT_7"/>
            <SP ID="PAG_2_SP000133" HPOS="932" VPOS="3635" WIDTH="19"/>
            <String HPOS="951" VPOS="3635" HEIGHT="19" WIDTH="71" ID="PAG_2_ST000165" WC="1" CONTENT="NICE" STYLEREFS="TXT_7"/>
            <SP ID="PAG_2_SP000134" HPOS="1022" VPOS="3646" WIDTH="18"/>
            <String HPOS="1040" VPOS="3646" HEIGHT="3" WIDTH="8" ID="PAG_2_ST000166" WC="1" CONTENT="-" STYLEREFS="TXT_7"/>
            <SP ID="PAG_2_SP000135" HPOS="1048" VPOS="3634" WIDTH="17"/>
            <String HPOS="1065" VPOS="3634" HEIGHT="20" WIDTH="258" ID="PAG_2_ST000167" WC="1" CONTENT="SAINT-NAZAIRE" STYLEREFS="TXT_7"/>
            <SP ID="PAG_2_SP000136" HPOS="1323" VPOS="3646" WIDTH="17"/>
            <String HPOS="1340" VPOS="3646" HEIGHT="3" WIDTH="7" ID="PAG_2_ST000168" WC="1" CONTENT="-" STYLEREFS="TXT_7"/>
            <SP ID="PAG_2_SP000137" HPOS="1347" VPOS="3635" WIDTH="18"/>
            <String HPOS="1365" VPOS="3635" HEIGHT="20" WIDTH="133" ID="PAG_2_ST000169" WC="1" CONTENT="TOULON" STYLEREFS="TXT_7"/>
            <SP ID="PAG_2_SP000138" HPOS="1498" VPOS="3646" WIDTH="19"/>
            <String HPOS="1517" VPOS="3646" HEIGHT="3" WIDTH="6" ID="PAG_2_ST000170" WC="1" CONTENT="-" STYLEREFS="TXT_7"/>
            <SP ID="PAG_2_SP000139" HPOS="1523" VPOS="3629" WIDTH="18"/>
            <String HPOS="1541" VPOS="3629" HEIGHT="22" WIDTH="172" ID="PAG_2_ST000171" WC="1" CONTENT="TOULOUSE" STYLEREFS="TXT_7"/>
          </TextLine>
        </TextBlock>
        <TextBlock HPOS="1241" VPOS="3771" HEIGHT="108" WIDTH="600" ID="PAG_2_TB000022" TAGREFS="TAG_advertisement" LANG="fr" STYLEREFS="TXT_3">
          <TextLine HPOS="1241" VPOS="3771" HEIGHT="108" WIDTH="600" ID="PAG_2_TL000033" STYLEREFS="TXT_3">
            <String HPOS="1241" VPOS="3771" HEIGHT="106" WIDTH="46" ID="PAG_2_ST000172" WC="0.00" CONTENT="à" STYLEREFS="TXT_3"/>
            <SP ID="PAG_2_SP000140" HPOS="1287" VPOS="3805" WIDTH="22"/>
            <String HPOS="1309" VPOS="3805" HEIGHT="72" WIDTH="300" ID="PAG_2_ST000173" WC="1" CONTENT="DEMANDEZ" STYLEREFS="TXT_3"/>
            <SP ID="PAG_2_SP000141" HPOS="1609" VPOS="3807" WIDTH="58"/>
            <String HPOS="1667" VPOS="3807" HEIGHT="72" WIDTH="174" ID="PAG_2_ST000174" WC="1" CONTENT="NOTRE" STYLEREFS="TXT_3"/>
          </TextLine>
        </TextBlock>
        <TextBlock HPOS="1243" VPOS="3875" HEIGHT="118" WIDTH="598" ID="PAG_2_TB000023" TAGREFS="TAG_advertisement" LANG="fr" STYLEREFS="TXT_3">
          <TextLine HPOS="1243" VPOS="3875" HEIGHT="118" WIDTH="598" ID="PAG_2_TL000034" STYLEREFS="TXT_3">
            <String HPOS="1243" VPOS="3875" HEIGHT="118" WIDTH="598" ID="PAG_2_ST000175" WC="0.20" CONTENT="ICATAL06UEALBUM" STYLEREFS="TXT_3"/>
          </TextLine>
        </TextBlock>
        <TextBlock HPOS="1243" VPOS="3991" HEIGHT="160" WIDTH="490" ID="PAG_2_TB000024" TAGREFS="TAG_advertisement" LANG="fr" STYLEREFS="TXT_3">
          <TextLine HPOS="1243" VPOS="3991" HEIGHT="160" WIDTH="490" ID="PAG_2_TL000035" STYLEREFS="TXT_3">
            <String HPOS="1243" VPOS="3991" HEIGHT="160" WIDTH="44" ID="PAG_2_ST000176" WC="0.5" CONTENT="j" STYLEREFS="TXT_3"/>
            <SP ID="PAG_2_SP000142" HPOS="1287" VPOS="4037" WIDTH="86"/>
            <String HPOS="1373" VPOS="4037" HEIGHT="72" WIDTH="228" ID="PAG_2_ST000177" WC="0.99" CONTENT="GRATUIT" STYLEREFS="TXT_3"/>
            <SP ID="PAG_2_SP000143" HPOS="1601" VPOS="4041" WIDTH="104"/>
            <String HPOS="1705" VPOS="4041" HEIGHT="70" WIDTH="28" ID="PAG_2_ST000178" WC="0.00" CONTENT="C" STYLEREFS="TXT_3"/>
          </TextLine>
        </TextBlock>
        <TextBlock HPOS="518" VPOS="4269" HEIGHT="262" WIDTH="1500" ID="PAG_2_TB000025" TAGREFS="TAG_advertisement" LANG="fr" STYLEREFS="TXT_2">
          <TextLine HPOS="559" VPOS="4269" HEIGHT="72" WIDTH="1451" ID="PAG_2_TL000036" STYLEREFS="TXT_9">
            <String HPOS="559" VPOS="4269" HEIGHT="20" WIDTH="45" ID="PAG_2_ST000179" WC="0.00" CONTENT="&quot;" STYLEREFS="TXT_3"/>
            <SP ID="PAG_2_SP000144" HPOS="604" VPOS="4294" WIDTH="161"/>
            <String HPOS="765" VPOS="4294" HEIGHT="41" WIDTH="132" ID="PAG_2_ST000180" WC="1" CONTENT="pour" STYLEREFS="TXT_9"/>
            <SP ID="PAG_2_SP000145" HPOS="897" VPOS="4269" WIDTH="32"/>
            <String HPOS="929" VPOS="4269" HEIGHT="66" WIDTH="50" ID="PAG_2_ST000181" WC="1" CONTENT="2" STYLEREFS="TXT_3"/>
            <SP ID="PAG_2_SP000146" HPOS="979" VPOS="4271" WIDTH="30"/>
            <String HPOS="1009" VPOS="4271" HEIGHT="64" WIDTH="308" ID="PAG_2_ST000182" WC="1" CONTENT="FRANCS" STYLEREFS="TXT_10"/>
            <SP ID="PAG_2_SP000147" HPOS="1317" VPOS="4276" WIDTH="33"/>
            <String HPOS="1350" VPOS="4276" HEIGHT="58" WIDTH="311" ID="PAG_2_ST000183" WC="1" CONTENT="seulement," STYLEREFS="TXT_9"/>
            <SP ID="PAG_2_SP000148" HPOS="1661" VPOS="4295" WIDTH="31"/>
            <String HPOS="1692" VPOS="4295" HEIGHT="46" WIDTH="230" ID="PAG_2_ST000184" WC="1" CONTENT="essayez" STYLEREFS="TXT_9"/>
            <SP ID="PAG_2_SP000149" HPOS="1922" VPOS="4277" WIDTH="25"/>
            <String HPOS="1947" VPOS="4277" HEIGHT="49" WIDTH="26" ID="PAG_2_ST000185" WC="0.54" CONTENT="l'" STYLEREFS="TXT_9"/>
            <SP ID="PAG_2_SP000150" HPOS="1973" VPOS="4274" WIDTH="35"/>
            <String HPOS="2008" VPOS="4274" HEIGHT="52" WIDTH="2" ID="PAG_2_ST000186" WC="0.00" CONTENT="I" STYLEREFS="TXT_9"/>
          </TextLine>
          <TextLine HPOS="558" VPOS="4367" HEIGHT="69" WIDTH="1460" ID="PAG_2_TL000037" STYLEREFS="TXT_11">
            <String HPOS="558" VPOS="4368" HEIGHT="51" WIDTH="8" ID="PAG_2_ST000187" WC="0.00" CONTENT="l" STYLEREFS="TXT_11"/>
            <SP ID="PAG_2_SP000151" HPOS="566" VPOS="4368" WIDTH="15"/>
            <String HPOS="581" VPOS="4368" HEIGHT="51" WIDTH="23" ID="PAG_2_ST000188" WC="0.00" CONTENT="i" STYLEREFS="TXT_11"/>
            <SP ID="PAG_2_SP000152" HPOS="604" VPOS="4368" WIDTH="15"/>
            <String HPOS="619" VPOS="4368" HEIGHT="51" WIDTH="14" ID="PAG_2_ST000189" WC="0.00" CONTENT="l" STYLEREFS="TXT_11"/>
            <SP ID="PAG_2_SP000153" HPOS="633" VPOS="4368" WIDTH="14"/>
            <String HPOS="647" VPOS="4368" HEIGHT="51" WIDTH="207" ID="PAG_2_ST000190" WC="0.00" CONTENT="[«TiVH" STYLEREFS="TXT_11"/>
            <SP ID="PAG_2_SP000154" HPOS="854" VPOS="4368" WIDTH="14"/>
            <String HPOS="868" VPOS="4368" HEIGHT="51" WIDTH="20" ID="PAG_2_ST000191" WC="0.00" CONTENT="i" STYLEREFS="TXT_11"/>
            <SP ID="PAG_2_SP000155" HPOS="888" VPOS="4367" WIDTH="14"/>
            <String HPOS="902" VPOS="4367" HEIGHT="52" WIDTH="191" ID="PAG_2_ST000192" WC="0.00" CONTENT="[*I'H" STYLEREFS="TXT_11"/>
            <SP ID="PAG_2_SP000156" HPOS="1093" VPOS="4367" WIDTH="116"/>
            <String HPOS="1209" VPOS="4367" HEIGHT="51" WIDTH="33" ID="PAG_2_ST000193" WC="0.00" CONTENT="'1" STYLEREFS="TXT_11"/>
            <SP ID="PAG_2_SP000157" HPOS="1242" VPOS="4367" WIDTH="33"/>
            <String HPOS="1275" VPOS="4367" HEIGHT="50" WIDTH="20" ID="PAG_2_ST000194" WC="0.00" CONTENT="1" STYLEREFS="TXT_11"/>
            <SP ID="PAG_2_SP000158" HPOS="1295" VPOS="4375" WIDTH="721"/>
            <String HPOS="2016" VPOS="4375" HEIGHT="61" WIDTH="2" ID="PAG_2_ST000195" WC="0.00" CONTENT="|" STYLEREFS="TXT_11"/>
          </TextLine>
          <TextLine HPOS="566" VPOS="4438" HEIGHT="54" WIDTH="1406" ID="PAG_2_TL000038" STYLEREFS="TXT_12">
            <String HPOS="566" VPOS="4438" HEIGHT="53" WIDTH="77" ID="PAG_2_ST000196" WC="1" CONTENT="qui" STYLEREFS="TXT_12"/>
            <SP ID="PAG_2_SP000159" HPOS="643" VPOS="4438" WIDTH="43"/>
            <String HPOS="686" VPOS="4438" HEIGHT="44" WIDTH="311" ID="PAG_2_ST000197" WC="1" CONTENT="ensoleillera" STYLEREFS="TXT_12"/>
            <SP ID="PAG_2_SP000160" HPOS="997" VPOS="4454" WIDTH="37"/>
            <String HPOS="1034" VPOS="4454" HEIGHT="29" WIDTH="86" ID="PAG_2_ST000198" WC="1" CONTENT="vos" STYLEREFS="TXT_12"/>
            <SP ID="PAG_2_SP000161" HPOS="1120" VPOS="4439" WIDTH="33"/>
            <String HPOS="1153" VPOS="4439" HEIGHT="50" WIDTH="237" ID="PAG_2_ST000199" WC="1" CONTENT="meubles," STYLEREFS="TXT_12"/>
            <SP ID="PAG_2_SP000162" HPOS="1390" VPOS="4442" WIDTH="35"/>
            <String HPOS="1425" VPOS="4442" HEIGHT="50" WIDTH="250" ID="PAG_2_ST000200" WC="1" CONTENT="parquets," STYLEREFS="TXT_12"/>
            <SP ID="PAG_2_SP000163" HPOS="1675" VPOS="4438" WIDTH="40"/>
            <String HPOS="1715" VPOS="4438" HEIGHT="52" WIDTH="133" ID="PAG_2_ST000201" WC="1" CONTENT="linos," STYLEREFS="TXT_12"/>
            <SP ID="PAG_2_SP000164" HPOS="1848" VPOS="4444" WIDTH="34"/>
            <String HPOS="1882" VPOS="4444" HEIGHT="38" WIDTH="90" ID="PAG_2_ST000202" WC="1" CONTENT="etc." STYLEREFS="TXT_12"/>
          </TextLine>
          <TextLine HPOS="518" VPOS="4498" HEIGHT="33" WIDTH="1459" ID="PAG_2_TL000039" STYLEREFS="TXT_2">
            <String HPOS="518" VPOS="4501" HEIGHT="18" WIDTH="2" ID="PAG_2_ST000203" WC="0.00" CONTENT="i" STYLEREFS="TXT_2"/>
            <SP ID="PAG_2_SP000165" HPOS="520" VPOS="4498" WIDTH="45"/>
            <String HPOS="565" VPOS="4498" HEIGHT="26" WIDTH="41" ID="PAG_2_ST000204" WC="1" CONTENT="En" STYLEREFS="TXT_2"/>
            <SP ID="PAG_2_SP000166" HPOS="606" VPOS="4499" WIDTH="20"/>
            <String HPOS="626" VPOS="4499" HEIGHT="24" WIDTH="98" ID="PAG_2_ST000205" WC="1" CONTENT="vente" STYLEREFS="TXT_2"/>
            <SP ID="PAG_2_SP000167" HPOS="724" VPOS="4498" WIDTH="17"/>
            <String HPOS="741" VPOS="4498" HEIGHT="30" WIDTH="128" ID="PAG_2_ST000206" WC="1" CONTENT="partout" STYLEREFS="TXT_2"/>
            <SP ID="PAG_2_SP000168" HPOS="869" VPOS="4514" WIDTH="24"/>
            <String HPOS="893" VPOS="4514" HEIGHT="2" WIDTH="8" ID="PAG_2_ST000207" WC="0.5" CONTENT="-" STYLEREFS="TXT_2"/>
            <SP ID="PAG_2_SP000169" HPOS="901" VPOS="4500" WIDTH="18"/>
            <String HPOS="919" VPOS="4500" HEIGHT="23" WIDTH="58" ID="PAG_2_ST000208" WC="0.99" CONTENT="Boite" STYLEREFS="TXT_2"/>
            <SP ID="PAG_2_SP000170" HPOS="977" VPOS="4500" WIDTH="16"/>
            <String HPOS="993" VPOS="4500" HEIGHT="23" WIDTH="17" ID="PAG_2_ST000209" WC="0.68" CONTENT="1" STYLEREFS="TXT_2"/>
            <SP ID="PAG_2_SP000171" HPOS="1010" VPOS="4500" WIDTH="1"/>
            <String HPOS="1010" VPOS="4500" HEIGHT="23" WIDTH="60" ID="PAG_2_ST000210" WC="0.68" CONTENT="eszai" STYLEREFS="TXT_2"/>
            <SP ID="PAG_2_SP000172" HPOS="1070" VPOS="4499" WIDTH="19"/>
            <String HPOS="1089" VPOS="4499" HEIGHT="24" WIDTH="76" ID="PAG_2_ST000211" WC="0.99" CONTENT="franco" STYLEREFS="TXT_2"/>
            <SP ID="PAG_2_SP000173" HPOS="1165" VPOS="4501" WIDTH="15"/>
            <String HPOS="1180" VPOS="4501" HEIGHT="22" WIDTH="75" ID="PAG_2_ST000212" WC="1" CONTENT="contre" STYLEREFS="TXT_2"/>
            <SP ID="PAG_2_SP000174" HPOS="1255" VPOS="4500" WIDTH="16"/>
            <String HPOS="1271" VPOS="4500" HEIGHT="23" WIDTH="9" ID="PAG_2_ST000213" WC="1" CONTENT="2" STYLEREFS="TXT_2"/>
            <SP ID="PAG_2_SP000175" HPOS="1280" VPOS="4500" WIDTH="17"/>
            <String HPOS="1297" VPOS="4500" HEIGHT="23" WIDTH="26" ID="PAG_2_ST000214" WC="0.74" CONTENT="fr." STYLEREFS="TXT_2"/>
            <SP ID="PAG_2_SP000176" HPOS="1323" VPOS="4505" WIDTH="18"/>
            <String HPOS="1341" VPOS="4505" HEIGHT="18" WIDTH="23" ID="PAG_2_ST000215" WC="1" CONTENT="en" STYLEREFS="TXT_2"/>
            <SP ID="PAG_2_SP000177" HPOS="1364" VPOS="4501" WIDTH="15"/>
            <String HPOS="1379" VPOS="4501" HEIGHT="22" WIDTH="89" ID="PAG_2_ST000216" WC="1" CONTENT="timbres" STYLEREFS="TXT_2"/>
            <SP ID="PAG_2_SP000178" HPOS="1468" VPOS="4505" WIDTH="12"/>
            <String HPOS="1480" VPOS="4505" HEIGHT="18" WIDTH="39" ID="PAG_2_ST000217" WC="1" CONTENT="aux" STYLEREFS="TXT_2"/>
            <SP ID="PAG_2_SP000179" HPOS="1519" VPOS="4499" WIDTH="14"/>
            <String HPOS="1533" VPOS="4499" HEIGHT="23" WIDTH="28" ID="PAG_2_ST000218" WC="0.46" CONTENT="E&quot;" STYLEREFS="TXT_2"/>
            <SP ID="PAG_2_SP000180" HPOS="1561" VPOS="4500" WIDTH="19"/>
            <String HPOS="1580" VPOS="4500" HEIGHT="26" WIDTH="106" ID="PAG_2_ST000219" WC="0.99" CONTENT="Bouquain" STYLEREFS="TXT_2"/>
            <SP ID="PAG_2_SP000181" HPOS="1686" VPOS="4502" WIDTH="13"/>
            <String HPOS="1699" VPOS="4502" HEIGHT="20" WIDTH="17" ID="PAG_2_ST000220" WC="0.99" CONTENT="et" STYLEREFS="TXT_2"/>
            <SP ID="PAG_2_SP000182" HPOS="1716" VPOS="4499" WIDTH="16"/>
            <String HPOS="1732" VPOS="4499" HEIGHT="24" WIDTH="38" ID="PAG_2_ST000221" WC="0.56" CONTENT="C,e." STYLEREFS="TXT_2"/>
            <SP ID="PAG_2_SP000183" HPOS="1770" VPOS="4501" WIDTH="17"/>
            <String HPOS="1787" VPOS="4501" HEIGHT="22" WIDTH="18" ID="PAG_2_ST000222" WC="0.00" CONTENT="St" STYLEREFS="TXT_2"/>
            <SP ID="PAG_2_SP000184" HPOS="1805" VPOS="4514" WIDTH="6"/>
            <String HPOS="1811" VPOS="4514" HEIGHT="2" WIDTH="7" ID="PAG_2_ST000223" WC="0.00" CONTENT="-" STYLEREFS="TXT_2"/>
            <SP ID="PAG_2_SP000185" HPOS="1818" VPOS="4501" WIDTH="7"/>
            <String HPOS="1825" VPOS="4501" HEIGHT="22" WIDTH="27" ID="PAG_2_ST000224" WC="0.00" CONTENT="Ma" STYLEREFS="TXT_2"/>
            <SP ID="PAG_2_SP000186" HPOS="1852" VPOS="4506" WIDTH="7"/>
            <String HPOS="1859" VPOS="4506" HEIGHT="16" WIDTH="8" ID="PAG_2_ST000225" WC="0.59" CONTENT="u" STYLEREFS="TXT_2"/>
            <SP ID="PAG_2_SP000187" HPOS="1867" VPOS="4506" WIDTH="7"/>
            <String HPOS="1874" VPOS="4506" HEIGHT="16" WIDTH="7" ID="PAG_2_ST000226" WC="0.5" CONTENT="r" STYLEREFS="TXT_2"/>
            <SP ID="PAG_2_SP000188" HPOS="1881" VPOS="4500" WIDTH="15"/>
            <String HPOS="1896" VPOS="4500" HEIGHT="31" WIDTH="81" ID="PAG_2_ST000227" WC="0.99" CONTENT="(Seine)" STYLEREFS="TXT_2"/>
          </TextLine>
        </TextBlock>
        <Illustration ID="PAG_2_IL000001" HPOS="2107" VPOS="255" HEIGHT="2107" WIDTH="1591"/>
        <TextBlock HPOS="2125" VPOS="2392" HEIGHT="461" WIDTH="1511" ID="PAG_2_TB000026" TAGREFS="TAG_advertisement" LANG="fr" STYLEREFS="TXT_2">
          <TextLine HPOS="2152" VPOS="2392" HEIGHT="51" WIDTH="1484" ID="PAG_2_TL000040" STYLEREFS="TXT_2">
            <String HPOS="2152" VPOS="2392" HEIGHT="37" WIDTH="45" ID="PAG_2_ST000228" WC="0.00" CONTENT="\A" STYLEREFS="TXT_2"/>
            <SP ID="PAG_2_SP000189" HPOS="2197" VPOS="2398" WIDTH="299"/>
            <String HPOS="2496" VPOS="2398" HEIGHT="31" WIDTH="22" ID="PAG_2_ST000229" WC="0.66" CONTENT="Il" STYLEREFS="TXT_2"/>
            <SP ID="PAG_2_SP000190" HPOS="2518" VPOS="2412" WIDTH="26"/>
            <String HPOS="2544" VPOS="2412" HEIGHT="17" WIDTH="36" ID="PAG_2_ST000230" WC="1" CONTENT="ne" STYLEREFS="TXT_2"/>
            <SP ID="PAG_2_SP000191" HPOS="2580" VPOS="2397" WIDTH="27"/>
            <String HPOS="2607" VPOS="2397" HEIGHT="32" WIDTH="76" ID="PAG_2_ST000231" WC="1" CONTENT="suffit" STYLEREFS="TXT_2"/>
            <SP ID="PAG_2_SP000192" HPOS="2683" VPOS="2410" WIDTH="25"/>
            <String HPOS="2708" VPOS="2410" HEIGHT="26" WIDTH="53" ID="PAG_2_ST000232" WC="1" CONTENT="pas" STYLEREFS="TXT_2"/>
            <SP ID="PAG_2_SP000193" HPOS="2761" VPOS="2396" WIDTH="31"/>
            <String HPOS="2792" VPOS="2396" HEIGHT="32" WIDTH="39" ID="PAG_2_ST000233" WC="1" CONTENT="de" STYLEREFS="TXT_2"/>
            <SP ID="PAG_2_SP000194" HPOS="2831" VPOS="2397" WIDTH="32"/>
            <String HPOS="2863" VPOS="2397" HEIGHT="31" WIDTH="147" ID="PAG_2_ST000234" WC="0.9" CONTENT="recouvrir" STYLEREFS="TXT_2"/>
            <SP ID="PAG_2_SP000195" HPOS="3010" VPOS="2405" WIDTH="29"/>
            <String HPOS="3039" VPOS="2405" HEIGHT="22" WIDTH="83" ID="PAG_2_ST000235" WC="1" CONTENT="votre" STYLEREFS="TXT_2"/>
            <SP ID="PAG_2_SP000196" HPOS="3122" VPOS="2409" WIDTH="31"/>
            <String HPOS="3153" VPOS="2409" HEIGHT="26" WIDTH="98" ID="PAG_2_ST000236" WC="1" CONTENT="visage" STYLEREFS="TXT_2"/>
            <SP ID="PAG_2_SP000197" HPOS="3251" VPOS="2392" WIDTH="320"/>
            <String HPOS="3571" VPOS="2392" HEIGHT="51" WIDTH="65" ID="PAG_2_ST000237" WC="0.00" CONTENT="\\|" STYLEREFS="TXT_2"/>
          </TextLine>
          <TextLine HPOS="2165" VPOS="2445" HEIGHT="42" WIDTH="1467" ID="PAG_2_TL000041" STYLEREFS="TXT_2">
            <String HPOS="2165" VPOS="2462" HEIGHT="18" WIDTH="24" ID="PAG_2_ST000238" WC="0.00" CONTENT="n" STYLEREFS="TXT_2"/>
            <SP ID="PAG_2_SP000198" HPOS="2189" VPOS="2449" WIDTH="306"/>
            <String HPOS="2495" VPOS="2449" HEIGHT="31" WIDTH="90" ID="PAG_2_ST000239" WC="1" CONTENT="d'une" STYLEREFS="TXT_2"/>
            <SP ID="PAG_2_SP000199" HPOS="2585" VPOS="2449" WIDTH="26"/>
            <String HPOS="2611" VPOS="2449" HEIGHT="31" WIDTH="112" ID="PAG_2_ST000240" WC="1" CONTENT="couche" STYLEREFS="TXT_2"/>
            <SP ID="PAG_2_SP000200" HPOS="2723" VPOS="2448" WIDTH="28"/>
            <String HPOS="2751" VPOS="2448" HEIGHT="31" WIDTH="37" ID="PAG_2_ST000241" WC="1" CONTENT="de" STYLEREFS="TXT_2"/>
            <SP ID="PAG_2_SP000201" HPOS="2788" VPOS="2447" WIDTH="32"/>
            <String HPOS="2820" VPOS="2447" HEIGHT="40" WIDTH="134" ID="PAG_2_ST000242" WC="1" CONTENT="produits" STYLEREFS="TXT_2"/>
            <SP ID="PAG_2_SP000202" HPOS="2954" VPOS="2449" WIDTH="23"/>
            <String HPOS="2977" VPOS="2449" HEIGHT="38" WIDTH="50" ID="PAG_2_ST000243" WC="0.99" CONTENT="qui" STYLEREFS="TXT_2"/>
            <SP ID="PAG_2_SP000203" HPOS="3027" VPOS="2448" WIDTH="26"/>
            <String HPOS="3053" VPOS="2448" HEIGHT="30" WIDTH="40" ID="PAG_2_ST000244" WC="1" CONTENT="lui" STYLEREFS="TXT_2"/>
            <SP ID="PAG_2_SP000204" HPOS="3093" VPOS="2447" WIDTH="27"/>
            <String HPOS="3120" VPOS="2447" HEIGHT="31" WIDTH="130" ID="PAG_2_ST000245" WC="1" CONTENT="donnent" STYLEREFS="TXT_2"/>
            <SP ID="PAG_2_SP000205" HPOS="3250" VPOS="2445" WIDTH="339"/>
            <String HPOS="3589" VPOS="2445" HEIGHT="33" WIDTH="43" ID="PAG_2_ST000246" WC="0.00" CONTENT="\ï" STYLEREFS="TXT_2"/>
          </TextLine>
          <TextLine HPOS="2144" VPOS="2496" HEIGHT="48" WIDTH="1484" ID="PAG_2_TL000042" STYLEREFS="TXT_2">
            <String HPOS="2144" VPOS="2496" HEIGHT="34" WIDTH="18" ID="PAG_2_ST000247" WC="0.00" CONTENT="/" STYLEREFS="TXT_2"/>
            <SP ID="PAG_2_SP000206" HPOS="2162" VPOS="2496" WIDTH="6"/>
            <String HPOS="2168" VPOS="2496" HEIGHT="48" WIDTH="22" ID="PAG_2_ST000248" WC="0.00" CONTENT="J" STYLEREFS="TXT_11"/>
            <SP ID="PAG_2_SP000207" HPOS="2190" VPOS="2500" WIDTH="304"/>
            <String HPOS="2494" VPOS="2500" HEIGHT="40" WIDTH="188" ID="PAG_2_ST000249" WC="1" CONTENT="l'apparence" STYLEREFS="TXT_2"/>
            <SP ID="PAG_2_SP000208" HPOS="2682" VPOS="2499" WIDTH="21"/>
            <String HPOS="2703" VPOS="2499" HEIGHT="31" WIDTH="37" ID="PAG_2_ST000250" WC="1" CONTENT="de" STYLEREFS="TXT_2"/>
            <SP ID="PAG_2_SP000209" HPOS="2740" VPOS="2500" WIDTH="19"/>
            <String HPOS="2759" VPOS="2500" HEIGHT="30" WIDTH="25" ID="PAG_2_ST000251" WC="1" CONTENT="la" STYLEREFS="TXT_2"/>
            <SP ID="PAG_2_SP000210" HPOS="2784" VPOS="2500" WIDTH="18"/>
            <String HPOS="2802" VPOS="2500" HEIGHT="31" WIDTH="147" ID="PAG_2_ST000252" WC="1" CONTENT="fraîcheur" STYLEREFS="TXT_2"/>
            <SP ID="PAG_2_SP000211" HPOS="2949" VPOS="2508" WIDTH="17"/>
            <String HPOS="2966" VPOS="2508" HEIGHT="22" WIDTH="27" ID="PAG_2_ST000253" WC="1" CONTENT="et" STYLEREFS="TXT_2"/>
            <SP ID="PAG_2_SP000212" HPOS="2993" VPOS="2499" WIDTH="16"/>
            <String HPOS="3009" VPOS="2499" HEIGHT="31" WIDTH="36" ID="PAG_2_ST000254" WC="1" CONTENT="de" STYLEREFS="TXT_2"/>
            <SP ID="PAG_2_SP000213" HPOS="3045" VPOS="2499" WIDTH="16"/>
            <String HPOS="3061" VPOS="2499" HEIGHT="30" WIDTH="25" ID="PAG_2_ST000255" WC="1" CONTENT="la" STYLEREFS="TXT_2"/>
            <SP ID="PAG_2_SP000214" HPOS="3086" VPOS="2502" WIDTH="18"/>
            <String HPOS="3104" VPOS="2502" HEIGHT="36" WIDTH="145" ID="PAG_2_ST000256" WC="0.87" CONTENT="j*eunesse." STYLEREFS="TXT_2"/>
            <SP ID="PAG_2_SP000215" HPOS="3249" VPOS="2496" WIDTH="361"/>
            <String HPOS="3610" VPOS="2496" HEIGHT="33" WIDTH="18" ID="PAG_2_ST000257" WC="0.00" CONTENT="A" STYLEREFS="TXT_2"/>
          </TextLine>
          <TextLine HPOS="2125" VPOS="2549" HEIGHT="46" WIDTH="1486" ID="PAG_2_TL000043" STYLEREFS="TXT_2">
            <String HPOS="2125" VPOS="2549" HEIGHT="46" WIDTH="68" ID="PAG_2_ST000258" WC="0.00" CONTENT="///" STYLEREFS="TXT_2"/>
            <SP ID="PAG_2_SP000216" HPOS="2193" VPOS="2553" WIDTH="304"/>
            <String HPOS="2497" VPOS="2553" HEIGHT="30" WIDTH="43" ID="PAG_2_ST000259" WC="1" CONTENT="Le" STYLEREFS="TXT_2"/>
            <SP ID="PAG_2_SP000217" HPOS="2540" VPOS="2561" WIDTH="34"/>
            <String HPOS="2574" VPOS="2561" HEIGHT="21" WIDTH="90" ID="PAG_2_ST000260" WC="0.99" CONTENT="secret" STYLEREFS="TXT_2"/>
            <SP ID="PAG_2_SP000218" HPOS="2664" VPOS="2550" WIDTH="33"/>
            <String HPOS="2697" VPOS="2550" HEIGHT="32" WIDTH="91" ID="PAG_2_ST000261" WC="1" CONTENT="d'une" STYLEREFS="TXT_2"/>
            <SP ID="PAG_2_SP000219" HPOS="2788" VPOS="2551" WIDTH="29"/>
            <String HPOS="2817" VPOS="2551" HEIGHT="30" WIDTH="108" ID="PAG_2_ST000262" WC="0.99" CONTENT="beauté" STYLEREFS="TXT_2"/>
            <SP ID="PAG_2_SP000220" HPOS="2925" VPOS="2550" WIDTH="37"/>
            <String HPOS="2962" VPOS="2550" HEIGHT="31" WIDTH="125" ID="PAG_2_ST000263" WC="1" CONTENT="durable" STYLEREFS="TXT_2"/>
            <SP ID="PAG_2_SP000221" HPOS="3087" VPOS="2560" WIDTH="32"/>
            <String HPOS="3119" VPOS="2560" HEIGHT="21" WIDTH="42" ID="PAG_2_ST000264" WC="1" CONTENT="est" STYLEREFS="TXT_2"/>
            <SP ID="PAG_2_SP000222" HPOS="3161" VPOS="2565" WIDTH="34"/>
            <String HPOS="3195" VPOS="2565" HEIGHT="16" WIDTH="55" ID="PAG_2_ST000265" WC="1" CONTENT="une" STYLEREFS="TXT_2"/>
            <SP ID="PAG_2_SP000223" HPOS="3250" VPOS="2549" WIDTH="340"/>
            <String HPOS="3590" VPOS="2549" HEIGHT="32" WIDTH="21" ID="PAG_2_ST000266" WC="0.00" CONTENT="/" STYLEREFS="TXT_2"/>
          </TextLine>
          <TextLine HPOS="2133" VPOS="2599" HEIGHT="42" WIDTH="1496" ID="PAG_2_TL000044" STYLEREFS="TXT_2">
            <String HPOS="2133" VPOS="2599" HEIGHT="42" WIDTH="15" ID="PAG_2_ST000267" WC="0.00" CONTENT="(" STYLEREFS="TXT_2"/>
            <SP ID="PAG_2_SP000224" HPOS="2148" VPOS="2599" WIDTH="17"/>
            <String HPOS="2165" VPOS="2599" HEIGHT="34" WIDTH="16" ID="PAG_2_ST000268" WC="0.00" CONTENT="t" STYLEREFS="TXT_2"/>
            <SP ID="PAG_2_SP000225" HPOS="2181" VPOS="2605" WIDTH="316"/>
            <String HPOS="2497" VPOS="2605" HEIGHT="29" WIDTH="98" ID="PAG_2_ST000269" WC="1" CONTENT="bonne" STYLEREFS="TXT_2"/>
            <SP ID="PAG_2_SP000226" HPOS="2595" VPOS="2603" WIDTH="25"/>
            <String HPOS="2620" VPOS="2603" HEIGHT="30" WIDTH="169" ID="PAG_2_ST000270" WC="1" CONTENT="circulation" STYLEREFS="TXT_2"/>
            <SP ID="PAG_2_SP000227" HPOS="2789" VPOS="2607" WIDTH="31"/>
            <String HPOS="2820" VPOS="2607" HEIGHT="26" WIDTH="211" ID="PAG_2_ST000271" WC="1" CONTENT="sous-cutanée" STYLEREFS="TXT_2"/>
            <SP ID="PAG_2_SP000228" HPOS="3031" VPOS="2616" WIDTH="27"/>
            <String HPOS="3058" VPOS="2616" HEIGHT="24" WIDTH="50" ID="PAG_2_ST000272" WC="1" CONTENT="qui" STYLEREFS="TXT_2"/>
            <SP ID="PAG_2_SP000229" HPOS="3108" VPOS="2612" WIDTH="33"/>
            <String HPOS="3141" VPOS="2612" HEIGHT="20" WIDTH="108" ID="PAG_2_ST000273" WC="1" CONTENT="nourrit" STYLEREFS="TXT_2"/>
            <SP ID="PAG_2_SP000230" HPOS="3249" VPOS="2599" WIDTH="324"/>
            <String HPOS="3573" VPOS="2599" HEIGHT="33" WIDTH="18" ID="PAG_2_ST000274" WC="0.00" CONTENT="/" STYLEREFS="TXT_2"/>
            <SP ID="PAG_2_SP000231" HPOS="3591" VPOS="2599" WIDTH="24"/>
            <String HPOS="3615" VPOS="2599" HEIGHT="33" WIDTH="14" ID="PAG_2_ST000275" WC="0.00" CONTENT="/" STYLEREFS="TXT_2"/>
          </TextLine>
          <TextLine HPOS="2134" VPOS="2650" HEIGHT="48" WIDTH="1500" ID="PAG_2_TL000045" STYLEREFS="TXT_2">
            <String HPOS="2134" VPOS="2666" HEIGHT="32" WIDTH="21" ID="PAG_2_ST000276" WC="0.00" CONTENT="y" STYLEREFS="TXT_2"/>
            <SP ID="PAG_2_SP000232" HPOS="2155" VPOS="2655" WIDTH="344"/>
            <String HPOS="2499" VPOS="2655" HEIGHT="30" WIDTH="40" ID="PAG_2_ST000277" WC="1" CONTENT="les" STYLEREFS="TXT_2"/>
            <SP ID="PAG_2_SP000233" HPOS="2539" VPOS="2664" WIDTH="15"/>
            <String HPOS="2554" VPOS="2664" HEIGHT="21" WIDTH="84" ID="PAG_2_ST000278" WC="0.99" CONTENT="tissus" STYLEREFS="TXT_2"/>
            <SP ID="PAG_2_SP000234" HPOS="2638" VPOS="2664" WIDTH="21"/>
            <String HPOS="2659" VPOS="2664" HEIGHT="20" WIDTH="26" ID="PAG_2_ST000279" WC="1" CONTENT="et" STYLEREFS="TXT_2"/>
            <SP ID="PAG_2_SP000235" HPOS="2685" VPOS="2654" WIDTH="22"/>
            <String HPOS="2707" VPOS="2654" HEIGHT="30" WIDTH="39" ID="PAG_2_ST000280" WC="1" CONTENT="les" STYLEREFS="TXT_2"/>
            <SP ID="PAG_2_SP000236" HPOS="2746" VPOS="2652" WIDTH="21"/>
            <String HPOS="2767" VPOS="2652" HEIGHT="32" WIDTH="173" ID="PAG_2_ST000281" WC="0.99" CONTENT="débarrasse" STYLEREFS="TXT_2"/>
            <SP ID="PAG_2_SP000237" HPOS="2940" VPOS="2653" WIDTH="21"/>
            <String HPOS="2961" VPOS="2653" HEIGHT="30" WIDTH="52" ID="PAG_2_ST000282" WC="1" CONTENT="des" STYLEREFS="TXT_2"/>
            <SP ID="PAG_2_SP000238" HPOS="3013" VPOS="2663" WIDTH="20"/>
            <String HPOS="3033" VPOS="2663" HEIGHT="21" WIDTH="114" ID="PAG_2_ST000283" WC="1" CONTENT="toxines" STYLEREFS="TXT_2"/>
            <SP ID="PAG_2_SP000239" HPOS="3147" VPOS="2653" WIDTH="17"/>
            <String HPOS="3164" VPOS="2653" HEIGHT="39" WIDTH="87" ID="PAG_2_ST000284" WC="1" CONTENT="qu'ils" STYLEREFS="TXT_2"/>
            <SP ID="PAG_2_SP000240" HPOS="3251" VPOS="2650" WIDTH="318"/>
            <String HPOS="3569" VPOS="2650" HEIGHT="33" WIDTH="7" ID="PAG_2_ST000285" WC="0.00" CONTENT="I" STYLEREFS="TXT_2"/>
            <SP ID="PAG_2_SP000241" HPOS="3576" VPOS="2650" WIDTH="17"/>
            <String HPOS="3593" VPOS="2650" HEIGHT="33" WIDTH="41" ID="PAG_2_ST000286" WC="0.00" CONTENT="//" STYLEREFS="TXT_2"/>
          </TextLine>
          <TextLine HPOS="2125" VPOS="2703" HEIGHT="33" WIDTH="1493" ID="PAG_2_TL000046" STYLEREFS="TXT_2">
            <String HPOS="2125" VPOS="2703" HEIGHT="33" WIDTH="38" ID="PAG_2_ST000287" WC="0.00" CONTENT="V\" STYLEREFS="TXT_2"/>
            <SP ID="PAG_2_SP000242" HPOS="2163" VPOS="2706" WIDTH="336"/>
            <String HPOS="2499" VPOS="2706" HEIGHT="30" WIDTH="151" ID="PAG_2_ST000288" WC="1" CONTENT="élaborent" STYLEREFS="TXT_2"/>
            <SP ID="PAG_2_SP000243" HPOS="2650" VPOS="2719" WIDTH="21"/>
            <String HPOS="2671" VPOS="2719" HEIGHT="16" WIDTH="65" ID="PAG_2_ST000289" WC="1" CONTENT="sans" STYLEREFS="TXT_2"/>
            <SP ID="PAG_2_SP000244" HPOS="2736" VPOS="2718" WIDTH="18"/>
            <String HPOS="2754" VPOS="2718" HEIGHT="17" WIDTH="89" ID="PAG_2_ST000290" WC="0.99" CONTENT="cesse." STYLEREFS="TXT_2"/>
            <SP ID="PAG_2_SP000245" HPOS="2843" VPOS="2703" WIDTH="730"/>
            <String HPOS="3573" VPOS="2703" HEIGHT="32" WIDTH="45" ID="PAG_2_ST000291" WC="0.00" CONTENT="¥/" STYLEREFS="TXT_2"/>
          </TextLine>
          <TextLine HPOS="2132" VPOS="2762" HEIGHT="91" WIDTH="1486" ID="PAG_2_TL000047" STYLEREFS="TXT_6">
            <String HPOS="2132" VPOS="2778" HEIGHT="75" WIDTH="59" ID="PAG_2_ST000292" WC="0.00" CONTENT="yA" STYLEREFS="TXT_6"/>
            <SP ID="PAG_2_SP000246" HPOS="2191" VPOS="2769" WIDTH="513"/>
            <String HPOS="2704" VPOS="2769" HEIGHT="56" WIDTH="84" ID="PAG_2_ST000293" WC="1" CONTENT="La" STYLEREFS="TXT_6"/>
            <SP ID="PAG_2_SP000247" HPOS="2788" VPOS="2769" WIDTH="48"/>
            <String HPOS="2836" VPOS="2769" HEIGHT="58" WIDTH="225" ID="PAG_2_ST000294" WC="1" CONTENT="Crème" STYLEREFS="TXT_6"/>
            <SP ID="PAG_2_SP000248" HPOS="3061" VPOS="2762" WIDTH="505"/>
            <String HPOS="3566" VPOS="2762" HEIGHT="65" WIDTH="52" ID="PAG_2_ST000295" WC="0.00" CONTENT="\r\" STYLEREFS="TXT_11"/>
          </TextLine>
        </TextBlock>
        <TextBlock HPOS="2150" VPOS="2850" HEIGHT="78" WIDTH="1310" ID="PAG_2_TB000027" TAGREFS="TAG_advertisement" LANG="fr" STYLEREFS="TXT_13">
          <TextLine HPOS="2150" VPOS="2850" HEIGHT="78" WIDTH="1310" ID="PAG_2_TL000048" STYLEREFS="TXT_13">
            <String HPOS="2150" VPOS="2860" HEIGHT="64" WIDTH="52" ID="PAG_2_ST000296" WC="0.00" CONTENT="M" STYLEREFS="TXT_13"/>
            <SP ID="PAG_2_SP000249" HPOS="2202" VPOS="2850" WIDTH="96"/>
            <String HPOS="2298" VPOS="2850" HEIGHT="74" WIDTH="466" ID="PAG_2_ST000297" WC="1" CONTENT="MERCIER" STYLEREFS="TXT_13"/>
            <SP ID="PAG_2_SP000250" HPOS="2764" VPOS="2852" WIDTH="58"/>
            <String HPOS="2822" VPOS="2852" HEIGHT="76" WIDTH="638" ID="PAG_2_ST000298" WC="1" CONTENT="HAMAMELIS" STYLEREFS="TXT_13"/>
          </TextLine>
        </TextBlock>
        <TextBlock HPOS="2167" VPOS="2925" HEIGHT="83" WIDTH="1476" ID="PAG_2_TB000028" TAGREFS="TAG_advertisement" LANG="fr" STYLEREFS="TXT_6">
          <TextLine HPOS="2167" VPOS="2925" HEIGHT="83" WIDTH="1476" ID="PAG_2_TL000049" STYLEREFS="TXT_6">
            <String HPOS="2167" VPOS="2962" HEIGHT="45" WIDTH="27" ID="PAG_2_ST000299" WC="0.5" CONTENT="A" STYLEREFS="TXT_6"/>
            <SP ID="PAG_2_SP000251" HPOS="2194" VPOS="2962" WIDTH="505"/>
            <String HPOS="2699" VPOS="2962" HEIGHT="45" WIDTH="62" ID="PAG_2_ST000300" WC="1" CONTENT="et" STYLEREFS="TXT_6"/>
            <SP ID="PAG_2_SP000252" HPOS="2761" VPOS="2951" WIDTH="44"/>
            <String HPOS="2805" VPOS="2951" HEIGHT="56" WIDTH="57" ID="PAG_2_ST000301" WC="1" CONTENT="le" STYLEREFS="TXT_6"/>
            <SP ID="PAG_2_SP000253" HPOS="2862" VPOS="2952" WIDTH="47"/>
            <String HPOS="2909" VPOS="2952" HEIGHT="56" WIDTH="152" ID="PAG_2_ST000302" WC="1" CONTENT="Miel" STYLEREFS="TXT_6"/>
            <SP ID="PAG_2_SP000254" HPOS="3061" VPOS="2925" WIDTH="516"/>
            <String HPOS="3577" VPOS="2925" HEIGHT="83" WIDTH="66" ID="PAG_2_ST000303" WC="0.00" CONTENT="VA" STYLEREFS="TXT_9"/>
          </TextLine>
        </TextBlock>
        <TextBlock HPOS="2132" VPOS="3026" HEIGHT="128" WIDTH="1514" ID="PAG_2_TB000029" TAGREFS="TAG_advertisement" LANG="fr" STYLEREFS="TXT_13">
          <TextLine HPOS="2132" VPOS="3026" HEIGHT="128" WIDTH="1514" ID="PAG_2_TL000050" STYLEREFS="TXT_13">
            <String HPOS="2132" VPOS="3026" HEIGHT="78" WIDTH="70" ID="PAG_2_ST000304" WC="0.00" CONTENT="0" STYLEREFS="TXT_13"/>
            <SP ID="PAG_2_SP000255" HPOS="2202" VPOS="3030" WIDTH="96"/>
            <String HPOS="2298" VPOS="3030" HEIGHT="74" WIDTH="464" ID="PAG_2_ST000305" WC="1" CONTENT="MERCIER" STYLEREFS="TXT_13"/>
            <SP ID="PAG_2_SP000256" HPOS="2762" VPOS="3032" WIDTH="58"/>
            <String HPOS="2820" VPOS="3032" HEIGHT="76" WIDTH="640" ID="PAG_2_ST000306" WC="1" CONTENT="HAMAMELIS" STYLEREFS="TXT_13"/>
            <SP ID="PAG_2_SP000257" HPOS="3460" VPOS="3038" WIDTH="112"/>
            <String HPOS="3572" VPOS="3038" HEIGHT="116" WIDTH="74" ID="PAG_2_ST000307" WC="0.00" CONTENT="[Ï" STYLEREFS="TXT_13"/>
          </TextLine>
        </TextBlock>
        <TextBlock HPOS="2130" VPOS="3139" HEIGHT="239" WIDTH="1514" ID="PAG_2_TB000030" TAGREFS="TAG_advertisement" LANG="fr" STYLEREFS="TXT_2">
          <TextLine HPOS="2130" VPOS="3139" HEIGHT="36" WIDTH="1508" ID="PAG_2_TL000051" STYLEREFS="TXT_2">
            <String HPOS="2130" VPOS="3150" HEIGHT="22" WIDTH="28" ID="PAG_2_ST000308" WC="0.33" CONTENT="\1" STYLEREFS="TXT_2"/>
            <SP ID="PAG_2_SP000258" HPOS="2158" VPOS="3155" WIDTH="338"/>
            <String HPOS="2496" VPOS="3155" HEIGHT="19" WIDTH="75" ID="PAG_2_ST000309" WC="0.99" CONTENT="pour" STYLEREFS="TXT_2"/>
            <SP ID="PAG_2_SP000259" HPOS="2571" VPOS="3142" WIDTH="32"/>
            <String HPOS="2603" VPOS="3142" HEIGHT="30" WIDTH="40" ID="PAG_2_ST000310" WC="0.99" CONTENT="les" STYLEREFS="TXT_2"/>
            <SP ID="PAG_2_SP000260" HPOS="2643" VPOS="3156" WIDTH="35"/>
            <String HPOS="2678" VPOS="3156" HEIGHT="16" WIDTH="91" ID="PAG_2_ST000311" WC="0.3" CONTENT="mains" STYLEREFS="TXT_2"/>
            <SP ID="PAG_2_SP000261" HPOS="2769" VPOS="3156" WIDTH="34"/>
            <String HPOS="2803" VPOS="3156" HEIGHT="17" WIDTH="71" ID="PAG_2_ST000312" WC="0.00" CONTENT="ainsi" STYLEREFS="TXT_2"/>
            <SP ID="PAG_2_SP000262" HPOS="2874" VPOS="3142" WIDTH="37"/>
            <String HPOS="2911" VPOS="3142" HEIGHT="31" WIDTH="150" ID="PAG_2_ST000313" WC="1" CONTENT="d'ailleurs" STYLEREFS="TXT_2"/>
            <SP ID="PAG_2_SP000263" HPOS="3061" VPOS="3157" WIDTH="36"/>
            <String HPOS="3097" VPOS="3157" HEIGHT="18" WIDTH="57" ID="PAG_2_ST000314" WC="1" CONTENT="que" STYLEREFS="TXT_2"/>
            <SP ID="PAG_2_SP000264" HPOS="3154" VPOS="3153" WIDTH="34"/>
            <String HPOS="3188" VPOS="3153" HEIGHT="22" WIDTH="64" ID="PAG_2_ST000315" WC="0.99" CONTENT="tous" STYLEREFS="TXT_2"/>
            <SP ID="PAG_2_SP000265" HPOS="3252" VPOS="3139" WIDTH="341"/>
            <String HPOS="3593" VPOS="3139" HEIGHT="35" WIDTH="21" ID="PAG_2_ST000316" WC="0.00" CONTENT="/" STYLEREFS="TXT_2"/>
            <SP ID="PAG_2_SP000266" HPOS="3614" VPOS="3139" WIDTH="10"/>
            <String HPOS="3624" VPOS="3139" HEIGHT="35" WIDTH="14" ID="PAG_2_ST000317" WC="0.00" CONTENT="/" STYLEREFS="TXT_2"/>
          </TextLine>
          <TextLine HPOS="2131" VPOS="3173" HEIGHT="53" WIDTH="1499" ID="PAG_2_TL000052" STYLEREFS="TXT_2">
            <String HPOS="2131" VPOS="3173" HEIGHT="50" WIDTH="34" ID="PAG_2_ST000318" WC="0.33" CONTENT="t\" STYLEREFS="TXT_2"/>
            <SP ID="PAG_2_SP000267" HPOS="2165" VPOS="3193" WIDTH="332"/>
            <String HPOS="2497" VPOS="3193" HEIGHT="30" WIDTH="40" ID="PAG_2_ST000319" WC="0.98" CONTENT="les" STYLEREFS="TXT_2"/>
            <SP ID="PAG_2_SP000268" HPOS="2537" VPOS="3193" WIDTH="30"/>
            <String HPOS="2567" VPOS="3193" HEIGHT="30" WIDTH="140" ID="PAG_2_ST000320" WC="1" CONTENT="Produits" STYLEREFS="TXT_2"/>
            <SP ID="PAG_2_SP000269" HPOS="2707" VPOS="3193" WIDTH="27"/>
            <String HPOS="2734" VPOS="3193" HEIGHT="30" WIDTH="36" ID="PAG_2_ST000321" WC="1" CONTENT="de" STYLEREFS="TXT_2"/>
            <SP ID="PAG_2_SP000270" HPOS="2770" VPOS="3193" WIDTH="36"/>
            <String HPOS="2806" VPOS="3193" HEIGHT="31" WIDTH="113" ID="PAG_2_ST000322" WC="0.97" CONTENT="Beauté" STYLEREFS="TXT_2"/>
            <SP ID="PAG_2_SP000271" HPOS="2919" VPOS="3195" WIDTH="33"/>
            <String HPOS="2952" VPOS="3195" HEIGHT="29" WIDTH="32" ID="PAG_2_ST000323" WC="1" CONTENT="M" STYLEREFS="TXT_2"/>
            <SP ID="PAG_2_SP000272" HPOS="2984" VPOS="3195" WIDTH="16"/>
            <String HPOS="3000" VPOS="3195" HEIGHT="29" WIDTH="23" ID="PAG_2_ST000324" WC="0.73" CONTENT="E" STYLEREFS="TXT_2"/>
            <SP ID="PAG_2_SP000273" HPOS="3023" VPOS="3195" WIDTH="14"/>
            <String HPOS="3037" VPOS="3195" HEIGHT="30" WIDTH="27" ID="PAG_2_ST000325" WC="0.00" CONTENT="R" STYLEREFS="TXT_2"/>
            <SP ID="PAG_2_SP000274" HPOS="3064" VPOS="3195" WIDTH="10"/>
            <String HPOS="3074" VPOS="3195" HEIGHT="30" WIDTH="27" ID="PAG_2_ST000326" WC="0.5" CONTENT="C" STYLEREFS="TXT_2"/>
            <SP ID="PAG_2_SP000275" HPOS="3101" VPOS="3195" WIDTH="14"/>
            <String HPOS="3115" VPOS="3195" HEIGHT="30" WIDTH="5" ID="PAG_2_ST000327" WC="0.99" CONTENT="1" STYLEREFS="TXT_2"/>
            <SP ID="PAG_2_SP000276" HPOS="3120" VPOS="3195" WIDTH="16"/>
            <String HPOS="3136" VPOS="3195" HEIGHT="30" WIDTH="24" ID="PAG_2_ST000328" WC="0.5" CONTENT="E" STYLEREFS="TXT_2"/>
            <SP ID="PAG_2_SP000277" HPOS="3160" VPOS="3196" WIDTH="13"/>
            <String HPOS="3173" VPOS="3196" HEIGHT="29" WIDTH="27" ID="PAG_2_ST000329" WC="0.5" CONTENT="R" STYLEREFS="TXT_2"/>
            <SP ID="PAG_2_SP000278" HPOS="3200" VPOS="3210" WIDTH="37"/>
            <String HPOS="3237" VPOS="3210" HEIGHT="16" WIDTH="14" ID="PAG_2_ST000330" WC="0.87" CONTENT="à" STYLEREFS="TXT_2"/>
            <SP ID="PAG_2_SP000279" HPOS="3251" VPOS="3173" WIDTH="333"/>
            <String HPOS="3584" VPOS="3173" HEIGHT="53" WIDTH="46" ID="PAG_2_ST000331" WC="0.00" CONTENT="if" STYLEREFS="TXT_11"/>
          </TextLine>
          <TextLine HPOS="2136" VPOS="3224" HEIGHT="53" WIDTH="1475" ID="PAG_2_TL000053" STYLEREFS="TXT_2">
            <String HPOS="2136" VPOS="3224" HEIGHT="51" WIDTH="51" ID="PAG_2_ST000332" WC="0.33" CONTENT="N\" STYLEREFS="TXT_6"/>
            <SP ID="PAG_2_SP000280" HPOS="2187" VPOS="3244" WIDTH="528"/>
            <String HPOS="2715" VPOS="3244" HEIGHT="32" WIDTH="53" ID="PAG_2_ST000333" WC="0.40" CONTENT="1'1" STYLEREFS="TXT_2"/>
            <SP ID="PAG_2_SP000281" HPOS="2768" VPOS="3244" WIDTH="1"/>
            <String HPOS="2768" VPOS="3244" HEIGHT="32" WIDTH="53" ID="PAG_2_ST000334" WC="0.40" CONTENT="1;\" STYLEREFS="TXT_2"/>
            <SP ID="PAG_2_SP000282" HPOS="2821" VPOS="3244" WIDTH="1"/>
            <String HPOS="2821" VPOS="3244" HEIGHT="32" WIDTH="26" ID="PAG_2_ST000335" WC="0.40" CONTENT="M" STYLEREFS="TXT_2"/>
            <SP ID="PAG_2_SP000283" HPOS="2847" VPOS="3244" WIDTH="1"/>
            <String HPOS="2847" VPOS="3244" HEIGHT="32" WIDTH="39" ID="PAG_2_ST000336" WC="0.40" CONTENT=";\" STYLEREFS="TXT_2"/>
            <SP ID="PAG_2_SP000284" HPOS="2886" VPOS="3244" WIDTH="1"/>
            <String HPOS="2886" VPOS="3244" HEIGHT="32" WIDTH="66" ID="PAG_2_ST000337" WC="0.40" CONTENT="l'v1" STYLEREFS="TXT_2"/>
            <SP ID="PAG_2_SP000285" HPOS="2952" VPOS="3244" WIDTH="1"/>
            <String HPOS="2952" VPOS="3244" HEIGHT="32" WIDTH="81" ID="PAG_2_ST000338" WC="0.40" CONTENT="ELIS" STYLEREFS="TXT_2"/>
            <SP ID="PAG_2_SP000286" HPOS="3033" VPOS="3224" WIDTH="548"/>
            <String HPOS="3581" VPOS="3224" HEIGHT="53" WIDTH="30" ID="PAG_2_ST000339" WC="0.00" CONTENT="X" STYLEREFS="TXT_6"/>
          </TextLine>
          <TextLine HPOS="2160" VPOS="3297" HEIGHT="81" WIDTH="1484" ID="PAG_2_TL000054" STYLEREFS="TXT_6">
            <String HPOS="2160" VPOS="3297" HEIGHT="69" WIDTH="46" ID="PAG_2_ST000340" WC="0.33" CONTENT="vi" STYLEREFS="TXT_6"/>
            <SP ID="PAG_2_SP000287" HPOS="2206" VPOS="3311" WIDTH="88"/>
            <String HPOS="2294" VPOS="3311" HEIGHT="67" WIDTH="430" ID="PAG_2_ST000341" WC="1" CONTENT="enregistrés" STYLEREFS="TXT_6"/>
            <SP ID="PAG_2_SP000288" HPOS="2724" VPOS="3329" WIDTH="35"/>
            <String HPOS="2759" VPOS="3329" HEIGHT="34" WIDTH="85" ID="PAG_2_ST000342" WC="1" CONTENT="au" STYLEREFS="TXT_6"/>
            <SP ID="PAG_2_SP000289" HPOS="2844" VPOS="3307" WIDTH="37"/>
            <String HPOS="2881" VPOS="3307" HEIGHT="56" WIDTH="462" ID="PAG_2_ST000343" WC="1" CONTENT="Laboratoire" STYLEREFS="TXT_6"/>
            <SP ID="PAG_2_SP000290" HPOS="3343" VPOS="3307" WIDTH="33"/>
            <String HPOS="3376" VPOS="3307" HEIGHT="56" WIDTH="84" ID="PAG_2_ST000344" WC="1" CONTENT="de" STYLEREFS="TXT_6"/>
            <SP ID="PAG_2_SP000291" HPOS="3460" VPOS="3297" WIDTH="125"/>
            <String HPOS="3585" VPOS="3297" HEIGHT="64" WIDTH="59" ID="PAG_2_ST000345" WC="0.00" CONTENT="v\" STYLEREFS="TXT_6"/>
          </TextLine>
        </TextBlock>
        <TextBlock HPOS="2174" VPOS="3363" HEIGHT="116" WIDTH="1473" ID="PAG_2_TB000031" TAGREFS="TAG_advertisement" LANG="fr" STYLEREFS="TXT_6">
          <TextLine HPOS="2174" VPOS="3363" HEIGHT="116" WIDTH="1473" ID="PAG_2_TL000055" STYLEREFS="TXT_6">
            <String HPOS="2174" VPOS="3363" HEIGHT="116" WIDTH="34" ID="PAG_2_ST000346" WC="0.33" CONTENT=")j" STYLEREFS="TXT_6"/>
            <SP ID="PAG_2_SP000292" HPOS="2208" VPOS="3394" WIDTH="87"/>
            <String HPOS="2295" VPOS="3394" HEIGHT="58" WIDTH="280" ID="PAG_2_ST000347" WC="1" CONTENT="contrôle" STYLEREFS="TXT_6"/>
            <SP ID="PAG_2_SP000293" HPOS="2575" VPOS="3393" WIDTH="35"/>
            <String HPOS="2610" VPOS="3393" HEIGHT="56" WIDTH="74" ID="PAG_2_ST000348" WC="1" CONTENT="de" STYLEREFS="TXT_6"/>
            <SP ID="PAG_2_SP000294" HPOS="2684" VPOS="3392" WIDTH="34"/>
            <String HPOS="2718" VPOS="3392" HEIGHT="56" WIDTH="60" ID="PAG_2_ST000349" WC="1" CONTENT="la" STYLEREFS="TXT_6"/>
            <SP ID="PAG_2_SP000295" HPOS="2778" VPOS="3392" WIDTH="36"/>
            <String HPOS="2814" VPOS="3392" HEIGHT="57" WIDTH="255" ID="PAG_2_ST000350" WC="1" CONTENT="Faculté" STYLEREFS="TXT_6"/>
            <SP ID="PAG_2_SP000296" HPOS="3069" VPOS="3392" WIDTH="35"/>
            <String HPOS="3104" VPOS="3392" HEIGHT="56" WIDTH="74" ID="PAG_2_ST000351" WC="1" CONTENT="de" STYLEREFS="TXT_6"/>
            <SP ID="PAG_2_SP000297" HPOS="3178" VPOS="3391" WIDTH="38"/>
            <String HPOS="3216" VPOS="3391" HEIGHT="57" WIDTH="241" ID="PAG_2_ST000352" WC="1" CONTENT="PARIS" STYLEREFS="TXT_6"/>
            <SP ID="PAG_2_SP000298" HPOS="3457" VPOS="3363" WIDTH="129"/>
            <String HPOS="3586" VPOS="3363" HEIGHT="116" WIDTH="61" ID="PAG_2_ST000353" WC="0.00" CONTENT="yJ" STYLEREFS="TXT_6"/>
          </TextLine>
        </TextBlock>
        <TextBlock HPOS="2140" VPOS="3506" HEIGHT="60" WIDTH="904" ID="PAG_2_TB000032" TAGREFS="TAG_advertisement" LANG="fr" STYLEREFS="TXT_14">
          <TextLine HPOS="2140" VPOS="3506" HEIGHT="60" WIDTH="904" ID="PAG_2_TL000056" STYLEREFS="TXT_14">
            <String HPOS="2140" VPOS="3506" HEIGHT="60" WIDTH="66" ID="PAG_2_ST000354" WC="0.25" CONTENT="(/j" STYLEREFS="TXT_11"/>
            <SP ID="PAG_2_SP000299" HPOS="2206" VPOS="3523" WIDTH="83"/>
            <String HPOS="2289" VPOS="3523" HEIGHT="27" WIDTH="154" ID="PAG_2_ST000355" WC="1" CONTENT="activent" STYLEREFS="TXT_14"/>
            <SP ID="PAG_2_SP000300" HPOS="2443" VPOS="3510" WIDTH="37"/>
            <String HPOS="2480" VPOS="3510" HEIGHT="39" WIDTH="29" ID="PAG_2_ST000356" WC="0.95" CONTENT="la" STYLEREFS="TXT_14"/>
            <SP ID="PAG_2_SP000301" HPOS="2509" VPOS="3508" WIDTH="34"/>
            <String HPOS="2543" VPOS="3508" HEIGHT="41" WIDTH="201" ID="PAG_2_ST000357" WC="0.99" CONTENT="circulation" STYLEREFS="TXT_14"/>
            <SP ID="PAG_2_SP000302" HPOS="2744" VPOS="3507" WIDTH="32"/>
            <String HPOS="2776" VPOS="3507" HEIGHT="40" WIDTH="48" ID="PAG_2_ST000358" WC="1" CONTENT="du" STYLEREFS="TXT_14"/>
            <SP ID="PAG_2_SP000303" HPOS="2824" VPOS="3526" WIDTH="27"/>
            <String HPOS="2851" VPOS="3526" HEIGHT="30" WIDTH="86" ID="PAG_2_ST000359" WC="1" CONTENT="sang" STYLEREFS="TXT_14"/>
            <SP ID="PAG_2_SP000304" HPOS="2937" VPOS="3526" WIDTH="27"/>
            <String HPOS="2964" VPOS="3526" HEIGHT="22" WIDTH="80" ID="PAG_2_ST000360" WC="1" CONTENT="sous" STYLEREFS="TXT_14"/>
          </TextLine>
        </TextBlock>
        <TextBlock HPOS="2141" VPOS="3574" HEIGHT="193" WIDTH="902" ID="PAG_2_TB000033" TAGREFS="TAG_advertisement" LANG="fr" STYLEREFS="TXT_14">
          <TextLine HPOS="2141" VPOS="3574" HEIGHT="54" WIDTH="902" ID="PAG_2_TL000057" STYLEREFS="TXT_14">
            <String HPOS="2141" VPOS="3598" HEIGHT="21" WIDTH="11" ID="PAG_2_ST000361" WC="0.00" CONTENT="A" STYLEREFS="TXT_9"/>
            <SP ID="PAG_2_SP000305" HPOS="2152" VPOS="3574" WIDTH="13"/>
            <String HPOS="2165" VPOS="3574" HEIGHT="45" WIDTH="21" ID="PAG_2_ST000362" WC="0.5" CONTENT="/" STYLEREFS="TXT_9"/>
            <SP ID="PAG_2_SP000306" HPOS="2186" VPOS="3579" WIDTH="103"/>
            <String HPOS="2289" VPOS="3579" HEIGHT="49" WIDTH="222" ID="PAG_2_ST000363" WC="0.98" CONTENT="l'épiderme," STYLEREFS="TXT_14"/>
            <SP ID="PAG_2_SP000307" HPOS="2511" VPOS="3590" WIDTH="46"/>
            <String HPOS="2557" VPOS="3590" HEIGHT="27" WIDTH="32" ID="PAG_2_ST000364" WC="1" CONTENT="et" STYLEREFS="TXT_14"/>
            <SP ID="PAG_2_SP000308" HPOS="2589" VPOS="3588" WIDTH="44"/>
            <String HPOS="2633" VPOS="3588" HEIGHT="37" WIDTH="214" ID="PAG_2_ST000365" WC="1" CONTENT="permettent" STYLEREFS="TXT_14"/>
            <SP ID="PAG_2_SP000309" HPOS="2847" VPOS="3580" WIDTH="41"/>
            <String HPOS="2888" VPOS="3580" HEIGHT="35" WIDTH="19" ID="PAG_2_ST000366" WC="1" CONTENT="à" STYLEREFS="TXT_14"/>
            <SP ID="PAG_2_SP000310" HPOS="2907" VPOS="3589" WIDTH="39"/>
            <String HPOS="2946" VPOS="3589" HEIGHT="26" WIDTH="97" ID="PAG_2_ST000367" WC="1" CONTENT="votre" STYLEREFS="TXT_14"/>
          </TextLine>
          <TextLine HPOS="2141" VPOS="3642" HEIGHT="54" WIDTH="902" ID="PAG_2_TL000058" STYLEREFS="TXT_14">
            <String HPOS="2141" VPOS="3642" HEIGHT="44" WIDTH="33" ID="PAG_2_ST000368" WC="0.33" CONTENT="v\" STYLEREFS="TXT_14"/>
            <SP ID="PAG_2_SP000311" HPOS="2174" VPOS="3666" WIDTH="115"/>
            <String HPOS="2289" VPOS="3666" HEIGHT="30" WIDTH="92" ID="PAG_2_ST000369" WC="1" CONTENT="peau" STYLEREFS="TXT_14"/>
            <SP ID="PAG_2_SP000312" HPOS="2381" VPOS="3647" WIDTH="41"/>
            <String HPOS="2422" VPOS="3647" HEIGHT="39" WIDTH="45" ID="PAG_2_ST000370" WC="1" CONTENT="de" STYLEREFS="TXT_14"/>
            <SP ID="PAG_2_SP000313" HPOS="2467" VPOS="3662" WIDTH="41"/>
            <String HPOS="2508" VPOS="3662" HEIGHT="24" WIDTH="185" ID="PAG_2_ST000371" WC="1" CONTENT="conserver" STYLEREFS="TXT_14"/>
            <SP ID="PAG_2_SP000314" HPOS="2693" VPOS="3662" WIDTH="36"/>
            <String HPOS="2729" VPOS="3662" HEIGHT="21" WIDTH="62" ID="PAG_2_ST000372" WC="1" CONTENT="son" STYLEREFS="TXT_14"/>
            <SP ID="PAG_2_SP000315" HPOS="2791" VPOS="3644" WIDTH="39"/>
            <String HPOS="2830" VPOS="3644" HEIGHT="44" WIDTH="100" ID="PAG_2_ST000373" WC="1" CONTENT="éclat," STYLEREFS="TXT_14"/>
            <SP ID="PAG_2_SP000316" HPOS="2930" VPOS="3663" WIDTH="35"/>
            <String HPOS="2965" VPOS="3663" HEIGHT="20" WIDTH="78" ID="PAG_2_ST000374" WC="1" CONTENT="sans" STYLEREFS="TXT_14"/>
          </TextLine>
          <TextLine HPOS="2142" VPOS="3709" HEIGHT="58" WIDTH="901" ID="PAG_2_TL000059" STYLEREFS="TXT_14">
            <String HPOS="2142" VPOS="3709" HEIGHT="58" WIDTH="62" ID="PAG_2_ST000375" WC="0.25" CONTENT="l\\" STYLEREFS="TXT_14"/>
            <SP ID="PAG_2_SP000317" HPOS="2204" VPOS="3733" WIDTH="85"/>
            <String HPOS="2289" VPOS="3733" HEIGHT="30" WIDTH="115" ID="PAG_2_ST000376" WC="1" CONTENT="risque" STYLEREFS="TXT_14"/>
            <SP ID="PAG_2_SP000318" HPOS="2404" VPOS="3715" WIDTH="40"/>
            <String HPOS="2444" VPOS="3715" HEIGHT="39" WIDTH="45" ID="PAG_2_ST000377" WC="1" CONTENT="de" STYLEREFS="TXT_14"/>
            <SP ID="PAG_2_SP000319" HPOS="2489" VPOS="3714" WIDTH="44"/>
            <String HPOS="2533" VPOS="3714" HEIGHT="47" WIDTH="131" ID="PAG_2_ST000378" WC="1" CONTENT="fatigue" STYLEREFS="TXT_14"/>
            <SP ID="PAG_2_SP000320" HPOS="2664" VPOS="3730" WIDTH="51"/>
            <String HPOS="2715" VPOS="3730" HEIGHT="30" WIDTH="88" ID="PAG_2_ST000379" WC="1" CONTENT="pour" STYLEREFS="TXT_14"/>
            <SP ID="PAG_2_SP000321" HPOS="2803" VPOS="3712" WIDTH="48"/>
            <String HPOS="2851" VPOS="3712" HEIGHT="39" WIDTH="47" ID="PAG_2_ST000380" WC="1" CONTENT="les" STYLEREFS="TXT_14"/>
            <SP ID="PAG_2_SP000322" HPOS="2898" VPOS="3725" WIDTH="44"/>
            <String HPOS="2942" VPOS="3725" HEIGHT="26" WIDTH="101" ID="PAG_2_ST000381" WC="1" CONTENT="tissus" STYLEREFS="TXT_14"/>
          </TextLine>
        </TextBlock>
        <TextBlock HPOS="2154" VPOS="3776" HEIGHT="52" WIDTH="641" ID="PAG_2_TB000034" TAGREFS="TAG_advertisement" LANG="fr" STYLEREFS="TXT_14">
          <TextLine HPOS="2154" VPOS="3776" HEIGHT="52" WIDTH="641" ID="PAG_2_TL000060" STYLEREFS="TXT_14">
            <String HPOS="2154" VPOS="3776" HEIGHT="46" WIDTH="57" ID="PAG_2_ST000382" WC="0.33" CONTENT="\N" STYLEREFS="TXT_14"/>
            <SP ID="PAG_2_SP000323" HPOS="2211" VPOS="3783" WIDTH="75"/>
            <String HPOS="2286" VPOS="3783" HEIGHT="44" WIDTH="149" ID="PAG_2_ST000383" WC="1" CONTENT="délicats" STYLEREFS="TXT_14"/>
            <SP ID="PAG_2_SP000324" HPOS="2435" VPOS="3783" WIDTH="32"/>
            <String HPOS="2467" VPOS="3783" HEIGHT="39" WIDTH="45" ID="PAG_2_ST000384" WC="1" CONTENT="de" STYLEREFS="TXT_14"/>
            <SP ID="PAG_2_SP000325" HPOS="2512" VPOS="3795" WIDTH="26"/>
            <String HPOS="2538" VPOS="3795" HEIGHT="27" WIDTH="97" ID="PAG_2_ST000385" WC="1" CONTENT="votre" STYLEREFS="TXT_14"/>
            <SP ID="PAG_2_SP000326" HPOS="2635" VPOS="3798" WIDTH="28"/>
            <String HPOS="2663" VPOS="3798" HEIGHT="30" WIDTH="132" ID="PAG_2_ST000386" WC="0.99" CONTENT="visage." STYLEREFS="TXT_14"/>
          </TextLine>
        </TextBlock>
        <TextBlock HPOS="2176" VPOS="3871" HEIGHT="53" WIDTH="889" ID="PAG_2_TB000035" TAGREFS="TAG_advertisement" LANG="fr" STYLEREFS="TXT_15">
          <TextLine HPOS="2176" VPOS="3871" HEIGHT="53" WIDTH="889" ID="PAG_2_TL000061" STYLEREFS="TXT_15">
            <String HPOS="2176" VPOS="3871" HEIGHT="44" WIDTH="37" ID="PAG_2_ST000387" WC="0.00" CONTENT="H" STYLEREFS="TXT_15"/>
            <SP ID="PAG_2_SP000327" HPOS="2213" VPOS="3876" WIDTH="470"/>
            <String HPOS="2683" VPOS="3876" HEIGHT="39" WIDTH="56" ID="PAG_2_ST000388" WC="1" CONTENT="En" STYLEREFS="TXT_15"/>
            <SP ID="PAG_2_SP000328" HPOS="2739" VPOS="3888" WIDTH="33"/>
            <String HPOS="2772" VPOS="3888" HEIGHT="27" WIDTH="106" ID="PAG_2_ST000389" WC="1" CONTENT="vente" STYLEREFS="TXT_15"/>
            <SP ID="PAG_2_SP000329" HPOS="2878" VPOS="3887" WIDTH="32"/>
            <String HPOS="2910" VPOS="3887" HEIGHT="37" WIDTH="155" ID="PAG_2_ST000390" WC="1" CONTENT="partout." STYLEREFS="TXT_15"/>
          </TextLine>
        </TextBlock>
        <Illustration ID="PAG_2_IL000002" HPOS="3078" VPOS="3479" HEIGHT="470" WIDTH="620"/>
        <Illustration ID="PAG_2_IL000003" HPOS="2107" VPOS="3949" HEIGHT="696" WIDTH="1591"/>
      </PrintSpace>
    </Page>
  </Layout>
</alto>