<?xml version="1.0" encoding="UTF-8"?>
<alto xmlns="http://www.loc.gov/standards/alto/ns-v3#" xmlns:xsi="http://www.w3.org/2001/XMLSchema-instance" SCHEMAVERSION="alto_bnf-v2_0" xsi:schemaLocation="http://www.loc.gov/standards/alto/ns-v3# http://bibnum.bnf.fr/schema/alto_bnf-v2_0.xsd" xmlns:xlink="http://www.w3.org/TR/xlink">
  <Description>
    <MeasurementUnit>pixel</MeasurementUnit>
    <sourceImageInformation>
      <fileName>00000013.jp2</fileName>
      <fileIdentifier>ark:/12148/bpt6k4701034k/f13</fileIdentifier>
      <documentIdentifier documentIdentifierLocation="NUM">4701034</documentIdentifier>
    </sourceImageInformation>
    <OCRProcessing ID="OCR_1">
      <ocrProcessingStep>
        <processingDateTime>2019-01-29</processingDateTime>
        <processingStepDescription>[001_OCR_BRUT]OCR BRUT 94.11 %</processingStepDescription>
        <processingStepDescription>[002_CHARS]{1857}</processingStepDescription>
        <processingStepDescription>[003_CHARS_USED]{0}</processingStepDescription>
        <processingStepDescription>[004_CHARS_SUSPECTS_USED]{0}</processingStepDescription>
        <processingStepDescription>[005_CHARS_UNUSED]{1857}</processingStepDescription>
        <processingStepDescription>[006_CHARS_SUSPECTS_UNUSED]{0}</processingStepDescription>
        <processingStepDescription>[007_STRINGS]{389}</processingStepDescription>
        <processingStepDescription>[008_STRINGS_USED]{0}</processingStepDescription>
        <processingStepDescription>[009_STRINGS_SUSPECTS_UNUSED]{0}</processingStepDescription>
        <processingStepDescription>[010_CHARS_LETTERS]{1772}</processingStepDescription>
        <processingStepDescription>[011_CHARS_PUNCTUATION]{85}</processingStepDescription>
        <processingStepDescription>[012_CHARS_DIGITS]{0}</processingStepDescription>
        <processingStepDescription>[013_CHARS_SUSPECT]{0}</processingStepDescription>
        <processingStepDescription>[022_CHARS_UNUSED_BY_BLOCK]{0}</processingStepDescription>
        <processingStepDescription>[023_BLOCKS_SUSPECTS]{0}</processingStepDescription>
        <processingStepDescription>[111_LIGS_DETECTED_CURV]{0}</processingStepDescription>
      </ocrProcessingStep>
    </OCRProcessing>
  </Description>
  <Styles>
    <TextStyle FONTSIZE="6" ID="TXT_14" FONTFAMILY="Arial"/>
    <TextStyle FONTSIZE="7" ID="TXT_15" FONTFAMILY="Arial"/>
    <TextStyle FONTSIZE="7" ID="TXT_20" FONTFAMILY="Times"/>
    <TextStyle FONTSIZE="9" ID="TXT_21" FONTFAMILY="Times"/>
    <TextStyle FONTSIZE="8" ID="TXT_26" FONTFAMILY="Times"/>
  </Styles>
  <Tags/>
  <Layout>
    <Page ID="PAG_13" HEIGHT="5013" WIDTH="7551" PHYSICAL_IMG_NR="13" QUALITY="OK" ACCURACY="100.00">
      <PrintSpace HPOS="465" VPOS="375" HEIGHT="4230" WIDTH="6773" ID="PAG_13_PrintSpace">
        <ComposedBlock ID="PAG_13_CB000001" HPOS="465" VPOS="472" HEIGHT="687" WIDTH="1001">
        <TextBlock HPOS="590" VPOS="472" HEIGHT="47" WIDTH="814" ID="PAG_13_TB000001" LANG="fr" STYLEREFS="TXT_26">
          <TextLine HPOS="590" VPOS="472" HEIGHT="47" WIDTH="814" ID="PAG_13_TL000001" STYLEREFS="TXT_26">
            <String HPOS="590" VPOS="475" HEIGHT="42" WIDTH="130" ID="PAG_13_ST000001" WC="1" CONTENT="LES" STYLEREFS="TXT_26"/>
            <SP ID="PAG_13_SP000001" HPOS="720" VPOS="474" WIDTH="77"/>
            <String HPOS="797" VPOS="474" HEIGHT="45" WIDTH="200" ID="PAG_13_ST000002" WC="1" CONTENT="YEUX" STYLEREFS="TXT_26"/>
            <SP ID="PAG_13_SP000002" HPOS="997" VPOS="472" WIDTH="79"/>
            <String HPOS="1076" VPOS="472" HEIGHT="44" WIDTH="328" ID="PAG_13_ST000003" WC="1" CONTENT="ROUGES" STYLEREFS="TXT_26"/>
          </TextLine>
        </TextBlock>
        <Illustration ID="PAG_13_IL000001" HPOS="465" VPOS="545" HEIGHT="614" WIDTH="1001"/>
        </ComposedBlock>
        <TextBlock HPOS="586" VPOS="1204" HEIGHT="867" WIDTH="852" ID="PAG_13_TB000002" LANG="fr" STYLEREFS="TXT_26">
          <TextLine HPOS="586" VPOS="1204" HEIGHT="39" WIDTH="815" ID="PAG_13_TL000002" STYLEREFS="TXT_15">
            <String HPOS="586" VPOS="1211" HEIGHT="32" WIDTH="30" ID="PAG_13_ST000004" WC="1" CONTENT="SI" STYLEREFS="TXT_15"/>
            <SP ID="PAG_13_SP000003" HPOS="616" VPOS="1209" WIDTH="48"/>
            <String HPOS="664" VPOS="1209" HEIGHT="33" WIDTH="113" ID="PAG_13_ST000005" WC="1" CONTENT="VOUS" STYLEREFS="TXT_15"/>
            <SP ID="PAG_13_SP000004" HPOS="777" VPOS="1208" WIDTH="48"/>
            <String HPOS="825" VPOS="1208" HEIGHT="33" WIDTH="101" ID="PAG_13_ST000006" WC="1" CONTENT="AVEZ" STYLEREFS="TXT_15"/>
            <SP ID="PAG_13_SP000005" HPOS="926" VPOS="1207" WIDTH="47"/>
            <String HPOS="973" VPOS="1207" HEIGHT="33" WIDTH="63" ID="PAG_13_ST000007" WC="1" CONTENT="LES" STYLEREFS="TXT_15"/>
            <SP ID="PAG_13_SP000006" HPOS="1036" VPOS="1205" WIDTH="45"/>
            <String HPOS="1081" VPOS="1205" HEIGHT="35" WIDTH="104" ID="PAG_13_ST000008" WC="1" CONTENT="YEUX" STYLEREFS="TXT_15"/>
            <SP ID="PAG_13_SP000007" HPOS="1185" VPOS="1204" WIDTH="48"/>
            <String HPOS="1233" VPOS="1204" HEIGHT="34" WIDTH="168" ID="PAG_13_ST000009" WC="1" CONTENT="ROUGES" STYLEREFS="TXT_15"/>
          </TextLine>
          <TextLine HPOS="591" VPOS="1249" HEIGHT="46" WIDTH="815" ID="PAG_13_TL000003" STYLEREFS="TXT_26">
            <String HPOS="591" VPOS="1254" HEIGHT="41" WIDTH="101" ID="PAG_13_ST000010" WC="1" CONTENT="après" STYLEREFS="TXT_26"/>
            <SP ID="PAG_13_SP000008" HPOS="692" VPOS="1265" WIDTH="34"/>
            <String HPOS="726" VPOS="1265" HEIGHT="23" WIDTH="66" ID="PAG_13_ST000011" WC="1" CONTENT="une" STYLEREFS="TXT_26"/>
            <SP ID="PAG_13_SP000009" HPOS="792" VPOS="1252" WIDTH="32"/>
            <String HPOS="824" VPOS="1252" HEIGHT="41" WIDTH="148" ID="PAG_13_ST000012" WC="1" CONTENT="journée" STYLEREFS="TXT_26"/>
            <SP ID="PAG_13_SP000010" HPOS="972" VPOS="1250" WIDTH="33"/>
            <String HPOS="1005" VPOS="1250" HEIGHT="42" WIDTH="121" ID="PAG_13_ST000013" WC="1" CONTENT="passée" STYLEREFS="TXT_26"/>
            <SP ID="PAG_13_SP000011" HPOS="1126" VPOS="1262" WIDTH="32"/>
            <String HPOS="1158" VPOS="1262" HEIGHT="23" WIDTH="42" ID="PAG_13_ST000014" WC="1" CONTENT="en" STYLEREFS="TXT_26"/>
            <SP ID="PAG_13_SP000012" HPOS="1200" VPOS="1250" WIDTH="31"/>
            <String HPOS="1231" VPOS="1250" HEIGHT="41" WIDTH="93" ID="PAG_13_ST000015" WC="1" CONTENT="plein" STYLEREFS="TXT_26"/>
            <SP ID="PAG_13_SP000013" HPOS="1324" VPOS="1249" WIDTH="29"/>
            <String HPOS="1353" VPOS="1249" HEIGHT="35" WIDTH="53" ID="PAG_13_ST000016" WC="1" CONTENT="air" STYLEREFS="TXT_26"/>
          </TextLine>
          <TextLine HPOS="590" VPOS="1294" HEIGHT="47" WIDTH="816" ID="PAG_13_TL000004" STYLEREFS="TXT_26">
            <String HPOS="590" VPOS="1311" HEIGHT="23" WIDTH="47" ID="PAG_13_ST000017" WC="1" CONTENT="ou" STYLEREFS="TXT_26"/>
            <SP ID="PAG_13_SP000014" HPOS="637" VPOS="1299" WIDTH="35"/>
            <String HPOS="672" VPOS="1299" HEIGHT="42" WIDTH="103" ID="PAG_13_ST000018" WC="1" CONTENT="après" STYLEREFS="TXT_26"/>
            <SP ID="PAG_13_SP000015" HPOS="775" VPOS="1298" WIDTH="34"/>
            <String HPOS="809" VPOS="1298" HEIGHT="35" WIDTH="101" ID="PAG_13_ST000019" WC="1" CONTENT="avoir" STYLEREFS="TXT_26"/>
            <SP ID="PAG_13_SP000016" HPOS="910" VPOS="1296" WIDTH="33"/>
            <String HPOS="943" VPOS="1296" HEIGHT="35" WIDTH="162" ID="PAG_13_ST000020" WC="1" CONTENT="travaillé" STYLEREFS="TXT_26"/>
            <SP ID="PAG_13_SP000017" HPOS="1105" VPOS="1295" WIDTH="34"/>
            <String HPOS="1139" VPOS="1295" HEIGHT="35" WIDTH="20" ID="PAG_13_ST000021" WC="1" CONTENT="à" STYLEREFS="TXT_26"/>
            <SP ID="PAG_13_SP000018" HPOS="1159" VPOS="1296" WIDTH="32"/>
            <String HPOS="1191" VPOS="1296" HEIGHT="34" WIDTH="34" ID="PAG_13_ST000022" WC="1" CONTENT="la" STYLEREFS="TXT_26"/>
            <SP ID="PAG_13_SP000019" HPOS="1225" VPOS="1294" WIDTH="33"/>
            <String HPOS="1258" VPOS="1294" HEIGHT="35" WIDTH="148" ID="PAG_13_ST000023" WC="1" CONTENT="lumière" STYLEREFS="TXT_26"/>
          </TextLine>
          <TextLine HPOS="590" VPOS="1342" HEIGHT="42" WIDTH="814" ID="PAG_13_TL000005" STYLEREFS="TXT_26">
            <String HPOS="590" VPOS="1344" HEIGHT="40" WIDTH="206" ID="PAG_13_ST000024" WC="1" CONTENT="artificielle," STYLEREFS="TXT_26"/>
            <SP ID="PAG_13_SP000020" HPOS="796" VPOS="1343" WIDTH="28"/>
            <String HPOS="824" VPOS="1343" HEIGHT="34" WIDTH="72" ID="PAG_13_ST000025" WC="1" CONTENT="s'ils" STYLEREFS="TXT_26"/>
            <SP ID="PAG_13_SP000021" HPOS="896" VPOS="1342" WIDTH="26"/>
            <String HPOS="922" VPOS="1342" HEIGHT="41" WIDTH="201" ID="PAG_13_ST000026" WC="1" CONTENT="rougissent" STYLEREFS="TXT_26"/>
            <SP ID="PAG_13_SP000022" HPOS="1123" VPOS="1342" WIDTH="26"/>
            <String HPOS="1149" VPOS="1342" HEIGHT="40" WIDTH="142" ID="PAG_13_ST000027" WC="1" CONTENT="lorsque" STYLEREFS="TXT_26"/>
            <SP ID="PAG_13_SP000023" HPOS="1291" VPOS="1351" WIDTH="27"/>
            <String HPOS="1318" VPOS="1351" HEIGHT="23" WIDTH="86" ID="PAG_13_ST000028" WC="1" CONTENT="vous" STYLEREFS="TXT_26"/>
          </TextLine>
          <TextLine HPOS="591" VPOS="1385" HEIGHT="44" WIDTH="815" ID="PAG_13_TL000006" STYLEREFS="TXT_26">
            <String HPOS="591" VPOS="1401" HEIGHT="24" WIDTH="89" ID="PAG_13_ST000029" WC="1" CONTENT="vous" STYLEREFS="TXT_26"/>
            <SP ID="PAG_13_SP000024" HPOS="680" VPOS="1396" WIDTH="29"/>
            <String HPOS="709" VPOS="1396" HEIGHT="28" WIDTH="147" ID="PAG_13_ST000030" WC="1" CONTENT="trouvez" STYLEREFS="TXT_26"/>
            <SP ID="PAG_13_SP000025" HPOS="856" VPOS="1388" WIDTH="29"/>
            <String HPOS="885" VPOS="1388" HEIGHT="34" WIDTH="87" ID="PAG_13_ST000031" WC="1" CONTENT="dans" STYLEREFS="TXT_26"/>
            <SP ID="PAG_13_SP000026" HPOS="972" VPOS="1399" WIDTH="28"/>
            <String HPOS="1000" VPOS="1399" HEIGHT="22" WIDTH="67" ID="PAG_13_ST000032" WC="1" CONTENT="une" STYLEREFS="TXT_26"/>
            <SP ID="PAG_13_SP000027" HPOS="1067" VPOS="1387" WIDTH="28"/>
            <String HPOS="1095" VPOS="1387" HEIGHT="42" WIDTH="96" ID="PAG_13_ST000033" WC="1" CONTENT="pièce" STYLEREFS="TXT_26"/>
            <SP ID="PAG_13_SP000028" HPOS="1191" VPOS="1385" WIDTH="39"/>
            <String HPOS="1230" VPOS="1385" HEIGHT="39" WIDTH="176" ID="PAG_13_ST000034" WC="1" CONTENT="enfumée," STYLEREFS="TXT_26"/>
          </TextLine>
          <TextLine HPOS="593" VPOS="1430" HEIGHT="44" WIDTH="812" ID="PAG_13_TL000007" STYLEREFS="TXT_26">
            <String HPOS="593" VPOS="1441" HEIGHT="29" WIDTH="128" ID="PAG_13_ST000035" WC="1" CONTENT="mettez" STYLEREFS="TXT_26"/>
            <SP ID="PAG_13_SP000029" HPOS="721" VPOS="1434" WIDTH="32"/>
            <String HPOS="753" VPOS="1434" HEIGHT="35" WIDTH="86" ID="PAG_13_ST000036" WC="1" CONTENT="dans" STYLEREFS="TXT_26"/>
            <SP ID="PAG_13_SP000030" HPOS="839" VPOS="1445" WIDTH="31"/>
            <String HPOS="870" VPOS="1445" HEIGHT="23" WIDTH="66" ID="PAG_13_ST000037" WC="1" CONTENT="une" STYLEREFS="TXT_26"/>
            <SP ID="PAG_13_SP000031" HPOS="936" VPOS="1432" WIDTH="28"/>
            <String HPOS="964" VPOS="1432" HEIGHT="35" WIDTH="136" ID="PAG_13_ST000038" WC="0.81" CONTENT="œillère" STYLEREFS="TXT_26"/>
            <SP ID="PAG_13_SP000032" HPOS="1100" VPOS="1443" WIDTH="31"/>
            <String HPOS="1131" VPOS="1443" HEIGHT="24" WIDTH="45" ID="PAG_13_ST000039" WC="1" CONTENT="un" STYLEREFS="TXT_26"/>
            <SP ID="PAG_13_SP000033" HPOS="1176" VPOS="1442" WIDTH="32"/>
            <String HPOS="1208" VPOS="1442" HEIGHT="32" WIDTH="66" ID="PAG_13_ST000040" WC="1" CONTENT="peu" STYLEREFS="TXT_26"/>
            <SP ID="PAG_13_SP000034" HPOS="1274" VPOS="1430" WIDTH="32"/>
            <String HPOS="1306" VPOS="1430" HEIGHT="35" WIDTH="99" ID="PAG_13_ST000041" WC="1" CONTENT="d'eau" STYLEREFS="TXT_26"/>
          </TextLine>
          <TextLine HPOS="593" VPOS="1476" HEIGHT="42" WIDTH="813" ID="PAG_13_TL000008" STYLEREFS="TXT_26">
            <String HPOS="593" VPOS="1480" HEIGHT="36" WIDTH="93" ID="PAG_13_ST000042" WC="1" CONTENT="salée" STYLEREFS="TXT_26"/>
            <SP ID="PAG_13_SP000035" HPOS="686" VPOS="1479" WIDTH="32"/>
            <String HPOS="718" VPOS="1479" HEIGHT="35" WIDTH="90" ID="PAG_13_ST000043" WC="1" CONTENT="tiède" STYLEREFS="TXT_26"/>
            <SP ID="PAG_13_SP000036" HPOS="808" VPOS="1479" WIDTH="33"/>
            <String HPOS="841" VPOS="1479" HEIGHT="39" WIDTH="82" ID="PAG_13_ST000044" WC="1" CONTENT="(une" STYLEREFS="TXT_26"/>
            <SP ID="PAG_13_SP000037" HPOS="923" VPOS="1477" WIDTH="31"/>
            <String HPOS="954" VPOS="1477" HEIGHT="36" WIDTH="165" ID="PAG_13_ST000045" WC="1" CONTENT="cuillerée" STYLEREFS="TXT_26"/>
            <SP ID="PAG_13_SP000038" HPOS="1119" VPOS="1476" WIDTH="30"/>
            <String HPOS="1149" VPOS="1476" HEIGHT="37" WIDTH="20" ID="PAG_13_ST000046" WC="1" CONTENT="à" STYLEREFS="TXT_26"/>
            <SP ID="PAG_13_SP000039" HPOS="1169" VPOS="1477" WIDTH="30"/>
            <String HPOS="1199" VPOS="1477" HEIGHT="34" WIDTH="135" ID="PAG_13_ST000047" WC="1" CONTENT="bouche" STYLEREFS="TXT_26"/>
            <SP ID="PAG_13_SP000040" HPOS="1334" VPOS="1476" WIDTH="29"/>
            <String HPOS="1363" VPOS="1476" HEIGHT="34" WIDTH="43" ID="PAG_13_ST000048" WC="1" CONTENT="de" STYLEREFS="TXT_26"/>
          </TextLine>
          <TextLine HPOS="593" VPOS="1521" HEIGHT="46" WIDTH="843" ID="PAG_13_TL000009" STYLEREFS="TXT_26">
            <String HPOS="593" VPOS="1527" HEIGHT="34" WIDTH="49" ID="PAG_13_ST000049" WC="1" CONTENT="sel" STYLEREFS="TXT_26"/>
            <SP ID="PAG_13_SP000041" HPOS="642" VPOS="1526" WIDTH="33"/>
            <String HPOS="675" VPOS="1526" HEIGHT="34" WIDTH="112" ID="PAG_13_ST000050" WC="1" CONTENT="marin" STYLEREFS="TXT_26"/>
            <SP ID="PAG_13_SP000042" HPOS="787" VPOS="1535" WIDTH="31"/>
            <String HPOS="818" VPOS="1535" HEIGHT="32" WIDTH="89" ID="PAG_13_ST000051" WC="1" CONTENT="pour" STYLEREFS="TXT_26"/>
            <SP ID="PAG_13_SP000043" HPOS="907" VPOS="1535" WIDTH="31"/>
            <String HPOS="938" VPOS="1535" HEIGHT="23" WIDTH="47" ID="PAG_13_ST000052" WC="1" CONTENT="un" STYLEREFS="TXT_26"/>
            <SP ID="PAG_13_SP000044" HPOS="985" VPOS="1524" WIDTH="28"/>
            <String HPOS="1013" VPOS="1524" HEIGHT="34" WIDTH="80" ID="PAG_13_ST000053" WC="1" CONTENT="litre" STYLEREFS="TXT_26"/>
            <SP ID="PAG_13_SP000045" HPOS="1093" VPOS="1522" WIDTH="30"/>
            <String HPOS="1123" VPOS="1522" HEIGHT="38" WIDTH="116" ID="PAG_13_ST000054" WC="1" CONTENT="d'eau)" STYLEREFS="TXT_26"/>
            <SP ID="PAG_13_SP000046" HPOS="1239" VPOS="1529" WIDTH="32"/>
            <String HPOS="1271" VPOS="1529" HEIGHT="28" WIDTH="34" ID="PAG_13_ST000055" WC="1" CONTENT="et" STYLEREFS="TXT_26"/>
            <SP ID="PAG_13_SP000047" HPOS="1305" VPOS="1521" WIDTH="29"/>
            <String HPOS="1334" VPOS="1521" HEIGHT="35" WIDTH="72" ID="PAG_13_ST000056" WC="1" CONTENT="bai-" SUBS_TYPE="HypPart1" SUBS_CONTENT="baignez" STYLEREFS="TXT_26"/>
            <HYP HPOS="1406" VPOS="1556" WIDTH="30" CONTENT="-"/>
          </TextLine>
          <TextLine HPOS="593" VPOS="1569" HEIGHT="44" WIDTH="814" ID="PAG_13_TL000010" STYLEREFS="TXT_26">
            <String HPOS="593" VPOS="1583" HEIGHT="30" WIDTH="86" ID="PAG_13_ST000057" WC="1" CONTENT="gnez" SUBS_TYPE="HypPart2" SUBS_CONTENT="baignez" STYLEREFS="TXT_26"/>
            <SP ID="PAG_13_SP000048" HPOS="679" VPOS="1571" WIDTH="30"/>
            <String HPOS="709" VPOS="1571" HEIGHT="40" WIDTH="225" ID="PAG_13_ST000058" WC="1" CONTENT="longuement" STYLEREFS="TXT_26"/>
            <SP ID="PAG_13_SP000049" HPOS="934" VPOS="1570" WIDTH="30"/>
            <String HPOS="964" VPOS="1570" HEIGHT="34" WIDTH="133" ID="PAG_13_ST000059" WC="1" CONTENT="chacun" STYLEREFS="TXT_26"/>
            <SP ID="PAG_13_SP000050" HPOS="1097" VPOS="1569" WIDTH="30"/>
            <String HPOS="1127" VPOS="1569" HEIGHT="33" WIDTH="43" ID="PAG_13_ST000060" WC="1" CONTENT="de" STYLEREFS="TXT_26"/>
            <SP ID="PAG_13_SP000051" HPOS="1170" VPOS="1579" WIDTH="39"/>
            <String HPOS="1209" VPOS="1579" HEIGHT="23" WIDTH="64" ID="PAG_13_ST000061" WC="1" CONTENT="vos" STYLEREFS="TXT_26"/>
            <SP ID="PAG_13_SP000052" HPOS="1273" VPOS="1578" WIDTH="40"/>
            <String HPOS="1313" VPOS="1578" HEIGHT="31" WIDTH="94" ID="PAG_13_ST000062" WC="1" CONTENT="yeux" STYLEREFS="TXT_26"/>
          </TextLine>
          <TextLine HPOS="594" VPOS="1613" HEIGHT="42" WIDTH="814" ID="PAG_13_TL000011" STYLEREFS="TXT_26">
            <String HPOS="594" VPOS="1622" HEIGHT="29" WIDTH="154" ID="PAG_13_ST000063" WC="1" CONTENT="ouverts." STYLEREFS="TXT_26"/>
            <SP ID="PAG_13_SP000053" HPOS="748" VPOS="1615" WIDTH="59"/>
            <String HPOS="807" VPOS="1615" HEIGHT="40" WIDTH="230" ID="PAG_13_ST000064" WC="1" CONTENT="Maintenant," STYLEREFS="TXT_26"/>
            <SP ID="PAG_13_SP000054" HPOS="1037" VPOS="1613" WIDTH="58"/>
            <String HPOS="1095" VPOS="1613" HEIGHT="35" WIDTH="182" ID="PAG_13_ST000065" WC="1" CONTENT="souhaitez" STYLEREFS="TXT_26"/>
            <SP ID="PAG_13_SP000055" HPOS="1277" VPOS="1632" WIDTH="15"/>
            <String HPOS="1292" VPOS="1632" HEIGHT="6" WIDTH="12" ID="PAG_13_ST000066" WC="1" CONTENT="-" STYLEREFS="TXT_26"/>
            <SP ID="PAG_13_SP000056" HPOS="1304" VPOS="1624" WIDTH="14"/>
            <String HPOS="1318" VPOS="1624" HEIGHT="24" WIDTH="90" ID="PAG_13_ST000067" WC="1" CONTENT="vous" STYLEREFS="TXT_26"/>
          </TextLine>
          <TextLine HPOS="593" VPOS="1659" HEIGHT="44" WIDTH="842" ID="PAG_13_TL000012" STYLEREFS="TXT_26">
            <String HPOS="593" VPOS="1663" HEIGHT="34" WIDTH="99" ID="PAG_13_ST000068" WC="1" CONTENT="avoir" STYLEREFS="TXT_26"/>
            <SP ID="PAG_13_SP000057" HPOS="692" VPOS="1662" WIDTH="23"/>
            <String HPOS="715" VPOS="1662" HEIGHT="34" WIDTH="49" ID="PAG_13_ST000069" WC="1" CONTENT="les" STYLEREFS="TXT_26"/>
            <SP ID="PAG_13_SP000058" HPOS="764" VPOS="1672" WIDTH="20"/>
            <String HPOS="784" VPOS="1672" HEIGHT="31" WIDTH="94" ID="PAG_13_ST000070" WC="1" CONTENT="yeux" STYLEREFS="TXT_26"/>
            <SP ID="PAG_13_SP000059" HPOS="878" VPOS="1660" WIDTH="20"/>
            <String HPOS="898" VPOS="1660" HEIGHT="34" WIDTH="162" ID="PAG_13_ST000071" WC="1" CONTENT="brillants" STYLEREFS="TXT_26"/>
            <SP ID="PAG_13_SP000060" HPOS="1060" VPOS="1660" WIDTH="28"/>
            <String HPOS="1088" VPOS="1660" HEIGHT="34" WIDTH="14" ID="PAG_13_ST000072" WC="1" CONTENT="?" STYLEREFS="TXT_26"/>
            <SP ID="PAG_13_SP000061" HPOS="1102" VPOS="1659" WIDTH="23"/>
            <String HPOS="1125" VPOS="1659" HEIGHT="34" WIDTH="97" ID="PAG_13_ST000073" WC="1" CONTENT="Dans" STYLEREFS="TXT_26"/>
            <SP ID="PAG_13_SP000062" HPOS="1222" VPOS="1670" WIDTH="21"/>
            <String HPOS="1243" VPOS="1670" HEIGHT="23" WIDTH="67" ID="PAG_13_ST000074" WC="1" CONTENT="une" STYLEREFS="TXT_26"/>
            <SP ID="PAG_13_SP000063" HPOS="1310" VPOS="1659" WIDTH="21"/>
            <String HPOS="1331" VPOS="1659" HEIGHT="34" WIDTH="74" ID="PAG_13_ST000075" WC="0.88" CONTENT="œil-" SUBS_TYPE="HypPart1" SUBS_CONTENT="œillère" STYLEREFS="TXT_26"/>
            <HYP HPOS="1405" VPOS="1693" WIDTH="30" CONTENT="-"/>
          </TextLine>
          <TextLine HPOS="593" VPOS="1705" HEIGHT="42" WIDTH="812" ID="PAG_13_TL000013" STYLEREFS="TXT_26">
            <String HPOS="593" VPOS="1707" HEIGHT="35" WIDTH="70" ID="PAG_13_ST000076" WC="1" CONTENT="lère" SUBS_TYPE="HypPart2" SUBS_CONTENT="œillère" STYLEREFS="TXT_26"/>
            <SP ID="PAG_13_SP000064" HPOS="663" VPOS="1707" WIDTH="20"/>
            <String HPOS="683" VPOS="1707" HEIGHT="35" WIDTH="101" ID="PAG_13_ST000077" WC="1" CONTENT="d'eau" STYLEREFS="TXT_26"/>
            <SP ID="PAG_13_SP000065" HPOS="784" VPOS="1707" WIDTH="20"/>
            <String HPOS="804" VPOS="1707" HEIGHT="35" WIDTH="42" ID="PAG_13_ST000078" WC="1" CONTENT="de" STYLEREFS="TXT_26"/>
            <SP ID="PAG_13_SP000066" HPOS="846" VPOS="1718" WIDTH="20"/>
            <String HPOS="866" VPOS="1718" HEIGHT="29" WIDTH="90" ID="PAG_13_ST000079" WC="1" CONTENT="rose," STYLEREFS="TXT_26"/>
            <SP ID="PAG_13_SP000067" HPOS="956" VPOS="1706" WIDTH="20"/>
            <String HPOS="976" VPOS="1706" HEIGHT="34" WIDTH="94" ID="PAG_13_ST000080" WC="1" CONTENT="deux" STYLEREFS="TXT_26"/>
            <SP ID="PAG_13_SP000068" HPOS="1070" VPOS="1717" WIDTH="20"/>
            <String HPOS="1090" VPOS="1717" HEIGHT="23" WIDTH="45" ID="PAG_13_ST000081" WC="1" CONTENT="ou" STYLEREFS="TXT_26"/>
            <SP ID="PAG_13_SP000069" HPOS="1135" VPOS="1705" WIDTH="21"/>
            <String HPOS="1156" VPOS="1705" HEIGHT="34" WIDTH="88" ID="PAG_13_ST000082" WC="1" CONTENT="trois" STYLEREFS="TXT_26"/>
            <SP ID="PAG_13_SP000070" HPOS="1244" VPOS="1711" WIDTH="19"/>
            <String HPOS="1263" VPOS="1711" HEIGHT="35" WIDTH="142" ID="PAG_13_ST000083" WC="1" CONTENT="gouttes" STYLEREFS="TXT_26"/>
          </TextLine>
          <TextLine HPOS="596" VPOS="1751" HEIGHT="44" WIDTH="813" ID="PAG_13_TL000014" STYLEREFS="TXT_26">
            <String HPOS="596" VPOS="1754" HEIGHT="35" WIDTH="43" ID="PAG_13_ST000084" WC="1" CONTENT="de" STYLEREFS="TXT_26"/>
            <SP ID="PAG_13_SP000071" HPOS="639" VPOS="1753" WIDTH="31"/>
            <String HPOS="670" VPOS="1753" HEIGHT="42" WIDTH="59" ID="PAG_13_ST000085" WC="1" CONTENT="jus" STYLEREFS="TXT_26"/>
            <SP ID="PAG_13_SP000072" HPOS="729" VPOS="1754" WIDTH="33"/>
            <String HPOS="762" VPOS="1754" HEIGHT="39" WIDTH="167" ID="PAG_13_ST000086" WC="1" CONTENT="d'orange" STYLEREFS="TXT_26"/>
            <SP ID="PAG_13_SP000073" HPOS="929" VPOS="1752" WIDTH="32"/>
            <String HPOS="961" VPOS="1752" HEIGHT="34" WIDTH="154" ID="PAG_13_ST000087" WC="1" CONTENT="donnent" STYLEREFS="TXT_26"/>
            <SP ID="PAG_13_SP000074" HPOS="1115" VPOS="1752" WIDTH="32"/>
            <String HPOS="1147" VPOS="1752" HEIGHT="34" WIDTH="61" ID="PAG_13_ST000088" WC="1" CONTENT="des" STYLEREFS="TXT_26"/>
            <SP ID="PAG_13_SP000075" HPOS="1208" VPOS="1751" WIDTH="33"/>
            <String HPOS="1241" VPOS="1751" HEIGHT="35" WIDTH="168" ID="PAG_13_ST000089" WC="1" CONTENT="résultats" STYLEREFS="TXT_26"/>
          </TextLine>
          <TextLine HPOS="595" VPOS="1797" HEIGHT="37" WIDTH="842" ID="PAG_13_TL000015" STYLEREFS="TXT_26">
            <String HPOS="595" VPOS="1800" HEIGHT="34" WIDTH="242" ID="PAG_13_ST000090" WC="1" CONTENT="merveilleux." STYLEREFS="TXT_26"/>
            <SP ID="PAG_13_SP000076" HPOS="837" VPOS="1798" WIDTH="35"/>
            <String HPOS="872" VPOS="1798" HEIGHT="35" WIDTH="37" ID="PAG_13_ST000091" WC="1" CONTENT="Si" STYLEREFS="TXT_26"/>
            <SP ID="PAG_13_SP000077" HPOS="909" VPOS="1809" WIDTH="31"/>
            <String HPOS="940" VPOS="1809" HEIGHT="24" WIDTH="91" ID="PAG_13_ST000092" WC="1" CONTENT="vous" STYLEREFS="TXT_26"/>
            <SP ID="PAG_13_SP000078" HPOS="1031" VPOS="1797" WIDTH="32"/>
            <String HPOS="1063" VPOS="1797" HEIGHT="35" WIDTH="181" ID="PAG_13_ST000093" WC="1" CONTENT="souhaitez" STYLEREFS="TXT_26"/>
            <SP ID="PAG_13_SP000079" HPOS="1244" VPOS="1809" WIDTH="32"/>
            <String HPOS="1276" VPOS="1809" HEIGHT="23" WIDTH="46" ID="PAG_13_ST000094" WC="0.92" CONTENT="un" STYLEREFS="TXT_26"/>
            <SP ID="PAG_13_SP000080" HPOS="1322" VPOS="1808" WIDTH="33"/>
            <String HPOS="1355" VPOS="1808" HEIGHT="22" WIDTH="52" ID="PAG_13_ST000095" WC="1" CONTENT="re-" SUBS_TYPE="HypPart1" SUBS_CONTENT="remède" STYLEREFS="TXT_26"/>
            <HYP HPOS="1407" VPOS="1830" WIDTH="30" CONTENT="-"/>
          </TextLine>
          <TextLine HPOS="596" VPOS="1842" HEIGHT="45" WIDTH="812" ID="PAG_13_TL000016" STYLEREFS="TXT_26">
            <String HPOS="596" VPOS="1845" HEIGHT="35" WIDTH="101" ID="PAG_13_ST000096" WC="1" CONTENT="mède" SUBS_TYPE="HypPart2" SUBS_CONTENT="remède" STYLEREFS="TXT_26"/>
            <SP ID="PAG_13_SP000081" HPOS="697" VPOS="1846" WIDTH="32"/>
            <String HPOS="729" VPOS="1846" HEIGHT="41" WIDTH="77" ID="PAG_13_ST000097" WC="1" CONTENT="plus" STYLEREFS="TXT_26"/>
            <SP ID="PAG_13_SP000082" HPOS="806" VPOS="1844" WIDTH="33"/>
            <String HPOS="839" VPOS="1844" HEIGHT="40" WIDTH="157" ID="PAG_13_ST000098" WC="1" CONTENT="efficace," STYLEREFS="TXT_26"/>
            <SP ID="PAG_13_SP000083" HPOS="996" VPOS="1844" WIDTH="35"/>
            <String HPOS="1031" VPOS="1844" HEIGHT="34" WIDTH="192" ID="PAG_13_ST000099" WC="1" CONTENT="demandez" STYLEREFS="TXT_26"/>
            <SP ID="PAG_13_SP000084" HPOS="1223" VPOS="1842" WIDTH="32"/>
            <String HPOS="1255" VPOS="1842" HEIGHT="35" WIDTH="21" ID="PAG_13_ST000100" WC="1" CONTENT="à" STYLEREFS="TXT_26"/>
            <SP ID="PAG_13_SP000085" HPOS="1276" VPOS="1849" WIDTH="30"/>
            <String HPOS="1306" VPOS="1849" HEIGHT="28" WIDTH="102" ID="PAG_13_ST000101" WC="1" CONTENT="votre" STYLEREFS="TXT_26"/>
          </TextLine>
          <TextLine HPOS="597" VPOS="1889" HEIGHT="44" WIDTH="841" ID="PAG_13_TL000017" STYLEREFS="TXT_26">
            <String HPOS="597" VPOS="1891" HEIGHT="42" WIDTH="224" ID="PAG_13_ST000102" WC="1" CONTENT="pharmacien" STYLEREFS="TXT_26"/>
            <SP ID="PAG_13_SP000086" HPOS="821" VPOS="1890" WIDTH="29"/>
            <String HPOS="850" VPOS="1890" HEIGHT="34" WIDTH="61" ID="PAG_13_ST000103" WC="1" CONTENT="des" STYLEREFS="TXT_26"/>
            <SP ID="PAG_13_SP000087" HPOS="911" VPOS="1890" WIDTH="29"/>
            <String HPOS="940" VPOS="1890" HEIGHT="41" WIDTH="151" ID="PAG_13_ST000104" WC="1" CONTENT="collyres" STYLEREFS="TXT_26"/>
            <SP ID="PAG_13_SP000088" HPOS="1091" VPOS="1889" WIDTH="27"/>
            <String HPOS="1118" VPOS="1889" HEIGHT="41" WIDTH="59" ID="PAG_13_ST000105" WC="1" CONTENT="qui" STYLEREFS="TXT_26"/>
            <SP ID="PAG_13_SP000089" HPOS="1177" VPOS="1900" WIDTH="28"/>
            <String HPOS="1205" VPOS="1900" HEIGHT="24" WIDTH="90" ID="PAG_13_ST000106" WC="1" CONTENT="vous" STYLEREFS="TXT_26"/>
            <SP ID="PAG_13_SP000090" HPOS="1295" VPOS="1900" WIDTH="28"/>
            <String HPOS="1323" VPOS="1900" HEIGHT="22" WIDTH="85" ID="PAG_13_ST000107" WC="1" CONTENT="vau-" SUBS_TYPE="HypPart1" SUBS_CONTENT="vaudront" STYLEREFS="TXT_26"/>
            <HYP HPOS="1408" VPOS="1922" WIDTH="30" CONTENT="-"/>
          </TextLine>
          <TextLine HPOS="597" VPOS="1936" HEIGHT="42" WIDTH="840" ID="PAG_13_TL000018" STYLEREFS="TXT_26">
            <String HPOS="597" VPOS="1938" HEIGHT="34" WIDTH="105" ID="PAG_13_ST000108" WC="1" CONTENT="dront" SUBS_TYPE="HypPart2" SUBS_CONTENT="vaudront" STYLEREFS="TXT_26"/>
            <SP ID="PAG_13_SP000091" HPOS="702" VPOS="1937" WIDTH="20"/>
            <String HPOS="722" VPOS="1937" HEIGHT="35" WIDTH="42" ID="PAG_13_ST000109" WC="1" CONTENT="de" STYLEREFS="TXT_26"/>
            <SP ID="PAG_13_SP000092" HPOS="764" VPOS="1937" WIDTH="20"/>
            <String HPOS="784" VPOS="1937" HEIGHT="34" WIDTH="78" ID="PAG_13_ST000110" WC="1" CONTENT="voir" STYLEREFS="TXT_26"/>
            <SP ID="PAG_13_SP000093" HPOS="862" VPOS="1936" WIDTH="21"/>
            <String HPOS="883" VPOS="1936" HEIGHT="42" WIDTH="212" ID="PAG_13_ST000111" WC="1" CONTENT="disparaître" STYLEREFS="TXT_26"/>
            <SP ID="PAG_13_SP000094" HPOS="1095" VPOS="1937" WIDTH="21"/>
            <String HPOS="1116" VPOS="1937" HEIGHT="34" WIDTH="49" ID="PAG_13_ST000112" WC="1" CONTENT="les" STYLEREFS="TXT_26"/>
            <SP ID="PAG_13_SP000095" HPOS="1165" VPOS="1936" WIDTH="20"/>
            <String HPOS="1185" VPOS="1936" HEIGHT="34" WIDTH="120" ID="PAG_13_ST000113" WC="1" CONTENT="veines" STYLEREFS="TXT_26"/>
            <SP ID="PAG_13_SP000096" HPOS="1305" VPOS="1946" WIDTH="22"/>
            <String HPOS="1327" VPOS="1946" HEIGHT="23" WIDTH="80" ID="PAG_13_ST000114" WC="1" CONTENT="rou-" SUBS_TYPE="HypPart1" SUBS_CONTENT="rou-geâtres" STYLEREFS="TXT_26"/>
            <HYP HPOS="1407" VPOS="1969" WIDTH="30" CONTENT="-"/>
          </TextLine>
          <TextLine HPOS="597" VPOS="1981" HEIGHT="43" WIDTH="811" ID="PAG_13_TL000019" STYLEREFS="TXT_26">
            <String HPOS="597" VPOS="1983" HEIGHT="41" WIDTH="140" ID="PAG_13_ST000115" WC="1" CONTENT="geâtres" SUBS_TYPE="HypPart2" SUBS_CONTENT="rou-geâtres" STYLEREFS="TXT_26"/>
            <SP ID="PAG_13_SP000097" HPOS="737" VPOS="1982" WIDTH="25"/>
            <String HPOS="762" VPOS="1982" HEIGHT="42" WIDTH="59" ID="PAG_13_ST000116" WC="1" CONTENT="qui" STYLEREFS="TXT_26"/>
            <SP ID="PAG_13_SP000098" HPOS="821" VPOS="1983" WIDTH="28"/>
            <String HPOS="849" VPOS="1983" HEIGHT="34" WIDTH="139" ID="PAG_13_ST000117" WC="1" CONTENT="nuisent" STYLEREFS="TXT_26"/>
            <SP ID="PAG_13_SP000099" HPOS="988" VPOS="1981" WIDTH="27"/>
            <String HPOS="1015" VPOS="1981" HEIGHT="35" WIDTH="20" ID="PAG_13_ST000118" WC="1" CONTENT="à" STYLEREFS="TXT_26"/>
            <SP ID="PAG_13_SP000100" HPOS="1035" VPOS="1982" WIDTH="26"/>
            <String HPOS="1061" VPOS="1982" HEIGHT="34" WIDTH="33" ID="PAG_13_ST000119" WC="1" CONTENT="la" STYLEREFS="TXT_26"/>
            <SP ID="PAG_13_SP000101" HPOS="1094" VPOS="1981" WIDTH="27"/>
            <String HPOS="1121" VPOS="1981" HEIGHT="35" WIDTH="125" ID="PAG_13_ST000120" WC="1" CONTENT="beauté" STYLEREFS="TXT_26"/>
            <SP ID="PAG_13_SP000102" HPOS="1246" VPOS="1981" WIDTH="28"/>
            <String HPOS="1274" VPOS="1981" HEIGHT="34" WIDTH="43" ID="PAG_13_ST000121" WC="1" CONTENT="de" STYLEREFS="TXT_26"/>
            <SP ID="PAG_13_SP000103" HPOS="1317" VPOS="1991" WIDTH="27"/>
            <String HPOS="1344" VPOS="1991" HEIGHT="24" WIDTH="64" ID="PAG_13_ST000122" WC="1" CONTENT="vos" STYLEREFS="TXT_26"/>
          </TextLine>
          <TextLine HPOS="596" VPOS="2026" HEIGHT="45" WIDTH="811" ID="PAG_13_TL000020" STYLEREFS="TXT_20">
            <String HPOS="596" VPOS="2041" HEIGHT="30" WIDTH="103" ID="PAG_13_ST000123" WC="1" CONTENT="yeux." STYLEREFS="TXT_26"/>
            <SP ID="PAG_13_SP000104" HPOS="699" VPOS="2028" WIDTH="26"/>
            <String HPOS="725" VPOS="2028" HEIGHT="35" WIDTH="85" ID="PAG_13_ST000124" WC="0.96" CONTENT="Cela" STYLEREFS="TXT_20"/>
            <SP ID="PAG_13_SP000105" HPOS="810" VPOS="2039" WIDTH="22"/>
            <String HPOS="832" VPOS="2039" HEIGHT="25" WIDTH="91" ID="PAG_13_ST000125" WC="1" CONTENT="vous" STYLEREFS="TXT_20"/>
            <SP ID="PAG_13_SP000106" HPOS="923" VPOS="2028" WIDTH="21"/>
            <String HPOS="944" VPOS="2028" HEIGHT="42" WIDTH="80" ID="PAG_13_ST000126" WC="1" CONTENT="fera" STYLEREFS="TXT_20"/>
            <SP ID="PAG_13_SP000107" HPOS="1024" VPOS="2027" WIDTH="25"/>
            <String HPOS="1049" VPOS="2027" HEIGHT="42" WIDTH="181" ID="PAG_13_ST000127" WC="1" CONTENT="beaucoup" STYLEREFS="TXT_20"/>
            <SP ID="PAG_13_SP000108" HPOS="1230" VPOS="2026" WIDTH="24"/>
            <String HPOS="1254" VPOS="2026" HEIGHT="35" WIDTH="43" ID="PAG_13_ST000128" WC="1" CONTENT="de" STYLEREFS="TXT_20"/>
            <SP ID="PAG_13_SP000109" HPOS="1297" VPOS="2027" WIDTH="24"/>
            <String HPOS="1321" VPOS="2027" HEIGHT="34" WIDTH="86" ID="PAG_13_ST000129" WC="0.91" CONTENT="bien." STYLEREFS="TXT_20"/>
          </TextLine>
        </TextBlock>
        <Illustration ID="PAG_13_IL000002" HPOS="1466" VPOS="375" HEIGHT="1758" WIDTH="1176"/>
        <Illustration ID="PAG_13_IL000003" HPOS="465" VPOS="2371" HEIGHT="1747" WIDTH="1123"/>
        <ComposedBlock ID="PAG_13_CB000002" HPOS="1625" VPOS="2373" HEIGHT="1745" WIDTH="1017">
        <TextBlock HPOS="1705" VPOS="2373" HEIGHT="107" WIDTH="937" ID="PAG_13_TB000003" LANG="fr" STYLEREFS="TXT_26">
          <TextLine HPOS="1705" VPOS="2373" HEIGHT="107" WIDTH="937" ID="PAG_13_TL000021" STYLEREFS="TXT_26">
            <String HPOS="1705" VPOS="2438" HEIGHT="42" WIDTH="41" ID="PAG_13_ST000130" WC="0.66" CONTENT="N" STYLEREFS="TXT_26"/>
            <SP ID="PAG_13_SP000110" HPOS="1746" VPOS="2438" WIDTH="1"/>
            <String HPOS="1746" VPOS="2438" HEIGHT="42" WIDTH="41" ID="PAG_13_ST000131" WC="0.66" CONTENT="E" STYLEREFS="TXT_26"/>
            <SP ID="PAG_13_SP000111" HPOS="1787" VPOS="2438" WIDTH="1"/>
            <String HPOS="1787" VPOS="2438" HEIGHT="42" WIDTH="64" ID="PAG_13_ST000132" WC="0.66" CONTENT="Z" STYLEREFS="TXT_26"/>
            <SP ID="PAG_13_SP000112" HPOS="1851" VPOS="2435" WIDTH="107"/>
            <String HPOS="1958" VPOS="2435" HEIGHT="43" WIDTH="213" ID="PAG_13_ST000133" WC="0.90" CONTENT="TROP" STYLEREFS="TXT_26"/>
            <SP ID="PAG_13_SP000113" HPOS="2171" VPOS="2421" WIDTH="110"/>
            <String HPOS="2281" VPOS="2421" HEIGHT="56" WIDTH="239" ID="PAG_13_ST000134" WC="0.36" CONTENT="ÉPAIS" STYLEREFS="TXT_26"/>
            <SP ID="PAG_13_SP000114" HPOS="2520" VPOS="2373" WIDTH="110"/>
            <String HPOS="2630" VPOS="2373" HEIGHT="104" WIDTH="12" ID="PAG_13_ST000135" WC="0.00" CONTENT="I" STYLEREFS="TXT_26"/>
          </TextLine>
        </TextBlock>
        <Illustration ID="PAG_13_IL000004" HPOS="1625" VPOS="2525" HEIGHT="1593" WIDTH="1017"/>
        </ComposedBlock>
        <ComposedBlock ID="PAG_13_CB000003" HPOS="2811" VPOS="842" HEIGHT="1635" WIDTH="959">
        <TextBlock HPOS="2888" VPOS="842" HEIGHT="60" WIDTH="875" ID="PAG_13_TB000004" LANG="fr" STYLEREFS="TXT_26">
          <TextLine HPOS="2888" VPOS="842" HEIGHT="60" WIDTH="875" ID="PAG_13_TL000022" STYLEREFS="TXT_26">
            <String HPOS="2888" VPOS="856" HEIGHT="41" WIDTH="125" ID="PAG_13_ST000136" WC="1" CONTENT="LES" STYLEREFS="TXT_26"/>
            <SP ID="PAG_13_SP000115" HPOS="3013" VPOS="856" WIDTH="64"/>
            <String HPOS="3077" VPOS="856" HEIGHT="41" WIDTH="196" ID="PAG_13_ST000137" WC="1" CONTENT="YEUX" STYLEREFS="TXT_26"/>
            <SP ID="PAG_13_SP000116" HPOS="3273" VPOS="842" WIDTH="62"/>
            <String HPOS="3335" VPOS="842" HEIGHT="59" WIDTH="370" ID="PAG_13_ST000138" WC="0.90" CONTENT="GONFLES" STYLEREFS="TXT_26"/>
            <SP ID="PAG_13_SP000117" HPOS="3705" VPOS="895" WIDTH="54"/>
            <String HPOS="3759" VPOS="895" HEIGHT="7" WIDTH="4" ID="PAG_13_ST000139" WC="0.00" CONTENT="," STYLEREFS="TXT_26"/>
          </TextLine>
        </TextBlock>
        <Illustration ID="PAG_13_IL000005" HPOS="2811" VPOS="942" HEIGHT="1535" WIDTH="959"/>
        </ComposedBlock>
        <Illustration ID="PAG_13_IL000006" HPOS="3770" VPOS="772" HEIGHT="1705" WIDTH="1170"/>
        <Illustration ID="PAG_13_IL000007" HPOS="2679" VPOS="2768" HEIGHT="1742" WIDTH="1191"/>
        <ComposedBlock ID="PAG_13_CB000004" HPOS="3913" VPOS="2806" HEIGHT="830" WIDTH="953">
        <TextBlock HPOS="3983" VPOS="2806" HEIGHT="60" WIDTH="812" ID="PAG_13_TB000005" LANG="fr" STYLEREFS="TXT_26">
          <TextLine HPOS="3983" VPOS="2806" HEIGHT="60" WIDTH="812" ID="PAG_13_TL000023" STYLEREFS="TXT_26">
            <String HPOS="3983" VPOS="2826" HEIGHT="39" WIDTH="188" ID="PAG_13_ST000140" WC="1" CONTENT="PAS" STYLEREFS="TXT_26"/>
            <SP ID="PAG_13_SP000118" HPOS="4171" VPOS="2806" WIDTH="129"/>
            <String HPOS="4300" VPOS="2806" HEIGHT="60" WIDTH="495" ID="PAG_13_ST000141" WC="0.63" CONTENT="COIFFÉE" STYLEREFS="TXT_26"/>
          </TextLine>
        </TextBlock>
        <Illustration ID="PAG_13_IL000008" HPOS="3913" VPOS="2895" HEIGHT="741" WIDTH="953"/>
        </ComposedBlock>
        <TextBlock HPOS="3974" VPOS="3681" HEIGHT="758" WIDTH="845" ID="PAG_13_TB000006" LANG="fr" STYLEREFS="TXT_20">
          <TextLine HPOS="3974" VPOS="3681" HEIGHT="33" WIDTH="811" ID="PAG_13_TL000024" STYLEREFS="TXT_14">
            <String HPOS="3974" VPOS="3683" HEIGHT="31" WIDTH="30" ID="PAG_13_ST000142" WC="0.98" CONTENT="SI" STYLEREFS="TXT_14"/>
            <SP ID="PAG_13_SP000119" HPOS="4004" VPOS="3682" WIDTH="25"/>
            <String HPOS="4029" VPOS="3682" HEIGHT="32" WIDTH="111" ID="PAG_13_ST000143" WC="1" CONTENT="VOUS" STYLEREFS="TXT_14"/>
            <SP ID="PAG_13_SP000120" HPOS="4140" VPOS="3682" WIDTH="24"/>
            <String HPOS="4164" VPOS="3682" HEIGHT="32" WIDTH="142" ID="PAG_13_ST000144" WC="1" CONTENT="N'AVEZ" STYLEREFS="TXT_14"/>
            <SP ID="PAG_13_SP000121" HPOS="4306" VPOS="3682" WIDTH="21"/>
            <String HPOS="4327" VPOS="3682" HEIGHT="31" WIDTH="70" ID="PAG_13_ST000145" WC="1" CONTENT="PAS" STYLEREFS="TXT_14"/>
            <SP ID="PAG_13_SP000122" HPOS="4397" VPOS="3682" WIDTH="24"/>
            <String HPOS="4421" VPOS="3682" HEIGHT="31" WIDTH="39" ID="PAG_13_ST000146" WC="1" CONTENT="LE" STYLEREFS="TXT_14"/>
            <SP ID="PAG_13_SP000123" HPOS="4460" VPOS="3681" WIDTH="21"/>
            <String HPOS="4481" VPOS="3681" HEIGHT="32" WIDTH="124" ID="PAG_13_ST000147" WC="1" CONTENT="TEMPS" STYLEREFS="TXT_14"/>
            <SP ID="PAG_13_SP000124" HPOS="4605" VPOS="3681" WIDTH="23"/>
            <String HPOS="4628" VPOS="3681" HEIGHT="32" WIDTH="157" ID="PAG_13_ST000148" WC="1" CONTENT="D'ALLER" STYLEREFS="TXT_14"/>
          </TextLine>
          <TextLine HPOS="3975" VPOS="3724" HEIGHT="40" WIDTH="813" ID="PAG_13_TL000025" STYLEREFS="TXT_20">
            <String HPOS="3975" VPOS="3726" HEIGHT="33" WIDTH="110" ID="PAG_13_ST000149" WC="1" CONTENT="CHEZ" STYLEREFS="TXT_14"/>
            <SP ID="PAG_13_SP000125" HPOS="4085" VPOS="3727" WIDTH="26"/>
            <String HPOS="4111" VPOS="3727" HEIGHT="32" WIDTH="39" ID="PAG_13_ST000150" WC="1" CONTENT="LE" STYLEREFS="TXT_14"/>
            <SP ID="PAG_13_SP000126" HPOS="4150" VPOS="3726" WIDTH="23"/>
            <String HPOS="4173" VPOS="3726" HEIGHT="36" WIDTH="211" ID="PAG_13_ST000151" WC="1" CONTENT="COIFFEUR," STYLEREFS="TXT_14"/>
            <SP ID="PAG_13_SP000127" HPOS="4384" VPOS="3726" WIDTH="30"/>
            <String HPOS="4414" VPOS="3726" HEIGHT="33" WIDTH="125" ID="PAG_13_ST000152" WC="1" CONTENT="sachez" STYLEREFS="TXT_20"/>
            <SP ID="PAG_13_SP000128" HPOS="4539" VPOS="3737" WIDTH="19"/>
            <String HPOS="4558" VPOS="3737" HEIGHT="27" WIDTH="66" ID="PAG_13_ST000153" WC="1" CONTENT="que" STYLEREFS="TXT_20"/>
            <SP ID="PAG_13_SP000129" HPOS="4624" VPOS="3725" WIDTH="14"/>
            <String HPOS="4638" VPOS="3725" HEIGHT="33" WIDTH="33" ID="PAG_13_ST000154" WC="1" CONTENT="la" STYLEREFS="TXT_20"/>
            <SP ID="PAG_13_SP000130" HPOS="4671" VPOS="3724" WIDTH="14"/>
            <String HPOS="4685" VPOS="3724" HEIGHT="34" WIDTH="103" ID="PAG_13_ST000155" WC="1" CONTENT="mode" STYLEREFS="TXT_20"/>
          </TextLine>
          <TextLine HPOS="3975" VPOS="3763" HEIGHT="41" WIDTH="811" ID="PAG_13_TL000026" STYLEREFS="TXT_20">
            <String HPOS="3975" VPOS="3771" HEIGHT="33" WIDTH="148" ID="PAG_13_ST000156" WC="1" CONTENT="actuelle" STYLEREFS="TXT_20"/>
            <SP ID="PAG_13_SP000131" HPOS="4123" VPOS="3770" WIDTH="22"/>
            <String HPOS="4145" VPOS="3770" HEIGHT="34" WIDTH="258" ID="PAG_13_ST000157" WC="1" CONTENT="s'accommode" STYLEREFS="TXT_20"/>
            <SP ID="PAG_13_SP000132" HPOS="4403" VPOS="3771" WIDTH="20"/>
            <String HPOS="4423" VPOS="3771" HEIGHT="32" WIDTH="120" ID="PAG_13_ST000158" WC="1" CONTENT="mieux" STYLEREFS="TXT_20"/>
            <SP ID="PAG_13_SP000133" HPOS="4543" VPOS="3763" WIDTH="22"/>
            <String HPOS="4565" VPOS="3763" HEIGHT="41" WIDTH="42" ID="PAG_13_ST000159" WC="1" CONTENT="de" STYLEREFS="TXT_20"/>
            <SP ID="PAG_13_SP000134" HPOS="4607" VPOS="3771" WIDTH="21"/>
            <String HPOS="4628" VPOS="3771" HEIGHT="33" WIDTH="158" ID="PAG_13_ST000160" WC="1" CONTENT="cheveux" STYLEREFS="TXT_20"/>
          </TextLine>
          <TextLine HPOS="3977" VPOS="3815" HEIGHT="41" WIDTH="810" ID="PAG_13_TL000027" STYLEREFS="TXT_20">
            <String HPOS="3977" VPOS="3827" HEIGHT="21" WIDTH="46" ID="PAG_13_ST000161" WC="1" CONTENT="un" STYLEREFS="TXT_20"/>
            <SP ID="PAG_13_SP000135" HPOS="4023" VPOS="3827" WIDTH="27"/>
            <String HPOS="4050" VPOS="3827" HEIGHT="28" WIDTH="66" ID="PAG_13_ST000162" WC="1" CONTENT="peu" STYLEREFS="TXT_20"/>
            <SP ID="PAG_13_SP000136" HPOS="4116" VPOS="3826" WIDTH="28"/>
            <String HPOS="4144" VPOS="3826" HEIGHT="30" WIDTH="81" ID="PAG_13_ST000163" WC="1" CONTENT="gras" STYLEREFS="TXT_20"/>
            <SP ID="PAG_13_SP000137" HPOS="4225" VPOS="3827" WIDTH="29"/>
            <String HPOS="4254" VPOS="3827" HEIGHT="28" WIDTH="66" ID="PAG_13_ST000164" WC="1" CONTENT="que" STYLEREFS="TXT_20"/>
            <SP ID="PAG_13_SP000138" HPOS="4320" VPOS="3815" WIDTH="28"/>
            <String HPOS="4348" VPOS="3815" HEIGHT="33" WIDTH="41" ID="PAG_13_ST000165" WC="1" CONTENT="de" STYLEREFS="TXT_20"/>
            <SP ID="PAG_13_SP000139" HPOS="4389" VPOS="3816" WIDTH="28"/>
            <String HPOS="4417" VPOS="3816" HEIGHT="33" WIDTH="159" ID="PAG_13_ST000166" WC="1" CONTENT="cheveux" STYLEREFS="TXT_20"/>
            <SP ID="PAG_13_SP000140" HPOS="4576" VPOS="3821" WIDTH="29"/>
            <String HPOS="4605" VPOS="3821" HEIGHT="35" WIDTH="79" ID="PAG_13_ST000167" WC="1" CONTENT="trop" STYLEREFS="TXT_20"/>
            <SP ID="PAG_13_SP000141" HPOS="4684" VPOS="3826" WIDTH="28"/>
            <String HPOS="4712" VPOS="3826" HEIGHT="22" WIDTH="75" ID="PAG_13_ST000168" WC="1" CONTENT="secs" STYLEREFS="TXT_20"/>
          </TextLine>
          <TextLine HPOS="3976" VPOS="3860" HEIGHT="34" WIDTH="841" ID="PAG_13_TL000028" STYLEREFS="TXT_20">
            <String HPOS="3976" VPOS="3868" HEIGHT="26" WIDTH="33" ID="PAG_13_ST000169" WC="1" CONTENT="et" STYLEREFS="TXT_20"/>
            <SP ID="PAG_13_SP000142" HPOS="4009" VPOS="3860" WIDTH="28"/>
            <String HPOS="4037" VPOS="3860" HEIGHT="34" WIDTH="205" ID="PAG_13_ST000170" WC="1" CONTENT="ébouriffés." STYLEREFS="TXT_20"/>
            <SP ID="PAG_13_SP000143" HPOS="4242" VPOS="3861" WIDTH="30"/>
            <String HPOS="4272" VPOS="3861" HEIGHT="33" WIDTH="101" ID="PAG_13_ST000171" WC="1" CONTENT="Vous" STYLEREFS="TXT_20"/>
            <SP ID="PAG_13_SP000144" HPOS="4373" VPOS="3866" WIDTH="30"/>
            <String HPOS="4403" VPOS="3866" HEIGHT="28" WIDTH="186" ID="PAG_13_ST000172" WC="1" CONTENT="remettrez" STYLEREFS="TXT_20"/>
            <SP ID="PAG_13_SP000145" HPOS="4589" VPOS="3872" WIDTH="26"/>
            <String HPOS="4615" VPOS="3872" HEIGHT="21" WIDTH="64" ID="PAG_13_ST000173" WC="1" CONTENT="vos" STYLEREFS="TXT_20"/>
            <SP ID="PAG_13_SP000146" HPOS="4679" VPOS="3861" WIDTH="29"/>
            <String HPOS="4708" VPOS="3861" HEIGHT="32" WIDTH="79" ID="PAG_13_ST000174" WC="1" CONTENT="che-" SUBS_TYPE="HypPart1" SUBS_CONTENT="cheveux" STYLEREFS="TXT_20"/>
            <HYP HPOS="4787" VPOS="3893" WIDTH="30" CONTENT="-"/>
          </TextLine>
          <TextLine HPOS="3977" VPOS="3904" HEIGHT="41" WIDTH="810" ID="PAG_13_TL000029" STYLEREFS="TXT_20">
            <String HPOS="3977" VPOS="3917" HEIGHT="22" WIDTH="92" ID="PAG_13_ST000175" WC="1" CONTENT="veux" SUBS_TYPE="HypPart2" SUBS_CONTENT="cheveux" STYLEREFS="TXT_20"/>
            <SP ID="PAG_13_SP000147" HPOS="4069" VPOS="3917" WIDTH="22"/>
            <String HPOS="4091" VPOS="3917" HEIGHT="22" WIDTH="42" ID="PAG_13_ST000176" WC="1" CONTENT="en" STYLEREFS="TXT_20"/>
            <SP ID="PAG_13_SP000148" HPOS="4133" VPOS="3905" WIDTH="21"/>
            <String HPOS="4154" VPOS="3905" HEIGHT="40" WIDTH="65" ID="PAG_13_ST000177" WC="1" CONTENT="plis" STYLEREFS="TXT_20"/>
            <SP ID="PAG_13_SP000149" HPOS="4219" VPOS="3916" WIDTH="22"/>
            <String HPOS="4241" VPOS="3916" HEIGHT="23" WIDTH="85" ID="PAG_13_ST000178" WC="1" CONTENT="avec" STYLEREFS="TXT_20"/>
            <SP ID="PAG_13_SP000150" HPOS="4326" VPOS="3917" WIDTH="23"/>
            <String HPOS="4349" VPOS="3917" HEIGHT="21" WIDTH="66" ID="PAG_13_ST000179" WC="1" CONTENT="une" STYLEREFS="TXT_20"/>
            <SP ID="PAG_13_SP000151" HPOS="4415" VPOS="3905" WIDTH="23"/>
            <String HPOS="4438" VPOS="3905" HEIGHT="33" WIDTH="197" ID="PAG_13_ST000180" WC="1" CONTENT="brillantine" STYLEREFS="TXT_20"/>
            <SP ID="PAG_13_SP000152" HPOS="4635" VPOS="3904" WIDTH="22"/>
            <String HPOS="4657" VPOS="3904" HEIGHT="41" WIDTH="130" ID="PAG_13_ST000181" WC="1" CONTENT="liquide" STYLEREFS="TXT_20"/>
          </TextLine>
          <TextLine HPOS="3976" VPOS="3950" HEIGHT="40" WIDTH="810" ID="PAG_13_TL000030" STYLEREFS="TXT_20">
            <String HPOS="3976" VPOS="3951" HEIGHT="33" WIDTH="43" ID="PAG_13_ST000182" WC="1" CONTENT="de" STYLEREFS="TXT_20"/>
            <SP ID="PAG_13_SP000153" HPOS="4019" VPOS="3950" WIDTH="28"/>
            <String HPOS="4047" VPOS="3950" HEIGHT="33" WIDTH="112" ID="PAG_13_ST000183" WC="1" CONTENT="bonne" STYLEREFS="TXT_20"/>
            <SP ID="PAG_13_SP000154" HPOS="4159" VPOS="3950" WIDTH="29"/>
            <String HPOS="4188" VPOS="3950" HEIGHT="40" WIDTH="139" ID="PAG_13_ST000184" WC="1" CONTENT="qualité." STYLEREFS="TXT_20"/>
            <SP ID="PAG_13_SP000155" HPOS="4327" VPOS="3950" WIDTH="32"/>
            <String HPOS="4359" VPOS="3950" HEIGHT="33" WIDTH="38" ID="PAG_13_ST000185" WC="1" CONTENT="Si" STYLEREFS="TXT_20"/>
            <SP ID="PAG_13_SP000156" HPOS="4397" VPOS="3961" WIDTH="27"/>
            <String HPOS="4424" VPOS="3961" HEIGHT="22" WIDTH="89" ID="PAG_13_ST000186" WC="1" CONTENT="vous" STYLEREFS="TXT_20"/>
            <SP ID="PAG_13_SP000157" HPOS="4513" VPOS="3961" WIDTH="27"/>
            <String HPOS="4540" VPOS="3961" HEIGHT="22" WIDTH="90" ID="PAG_13_ST000187" WC="1" CONTENT="vous" STYLEREFS="TXT_20"/>
            <SP ID="PAG_13_SP000158" HPOS="4630" VPOS="3950" WIDTH="28"/>
            <String HPOS="4658" VPOS="3950" HEIGHT="33" WIDTH="128" ID="PAG_13_ST000188" WC="1" CONTENT="coiffez" STYLEREFS="TXT_20"/>
          </TextLine>
          <TextLine HPOS="3977" VPOS="3994" HEIGHT="41" WIDTH="809" ID="PAG_13_TL000031" STYLEREFS="TXT_20">
            <String HPOS="3977" VPOS="4006" HEIGHT="23" WIDTH="84" ID="PAG_13_ST000189" WC="1" CONTENT="avec" STYLEREFS="TXT_20"/>
            <SP ID="PAG_13_SP000159" HPOS="4061" VPOS="3995" WIDTH="54"/>
            <String HPOS="4115" VPOS="3995" HEIGHT="33" WIDTH="61" ID="PAG_13_ST000190" WC="1" CONTENT="des" STYLEREFS="TXT_20"/>
            <SP ID="PAG_13_SP000160" HPOS="4176" VPOS="3995" WIDTH="53"/>
            <String HPOS="4229" VPOS="3995" HEIGHT="39" WIDTH="152" ID="PAG_13_ST000191" WC="1" CONTENT="boucles," STYLEREFS="TXT_20"/>
            <SP ID="PAG_13_SP000161" HPOS="4381" VPOS="3995" WIDTH="54"/>
            <String HPOS="4435" VPOS="3995" HEIGHT="33" WIDTH="166" ID="PAG_13_ST000192" WC="1" CONTENT="n'hésitez" STYLEREFS="TXT_20"/>
            <SP ID="PAG_13_SP000162" HPOS="4601" VPOS="4006" WIDTH="52"/>
            <String HPOS="4653" VPOS="4006" HEIGHT="29" WIDTH="63" ID="PAG_13_ST000193" WC="1" CONTENT="pas" STYLEREFS="TXT_20"/>
            <SP ID="PAG_13_SP000163" HPOS="4716" VPOS="3994" WIDTH="52"/>
            <String HPOS="4768" VPOS="3994" HEIGHT="34" WIDTH="18" ID="PAG_13_ST000194" WC="1" CONTENT="à" STYLEREFS="TXT_20"/>
          </TextLine>
          <TextLine HPOS="3980" VPOS="4040" HEIGHT="41" WIDTH="809" ID="PAG_13_TL000032" STYLEREFS="TXT_20">
            <String HPOS="3980" VPOS="4040" HEIGHT="33" WIDTH="48" ID="PAG_13_ST000195" WC="1" CONTENT="les" STYLEREFS="TXT_20"/>
            <SP ID="PAG_13_SP000164" HPOS="4028" VPOS="4040" WIDTH="55"/>
            <String HPOS="4083" VPOS="4040" HEIGHT="33" WIDTH="131" ID="PAG_13_ST000196" WC="1" CONTENT="refaire" STYLEREFS="TXT_20"/>
            <SP ID="PAG_13_SP000165" HPOS="4214" VPOS="4052" WIDTH="53"/>
            <String HPOS="4267" VPOS="4052" HEIGHT="21" WIDTH="41" ID="PAG_13_ST000197" WC="1" CONTENT="en" STYLEREFS="TXT_20"/>
            <SP ID="PAG_13_SP000166" HPOS="4308" VPOS="4040" WIDTH="52"/>
            <String HPOS="4360" VPOS="4040" HEIGHT="41" WIDTH="151" ID="PAG_13_ST000198" WC="1" CONTENT="gardant" STYLEREFS="TXT_20"/>
            <SP ID="PAG_13_SP000167" HPOS="4511" VPOS="4053" WIDTH="52"/>
            <String HPOS="4563" VPOS="4053" HEIGHT="21" WIDTH="66" ID="PAG_13_ST000199" WC="1" CONTENT="une" STYLEREFS="TXT_20"/>
            <SP ID="PAG_13_SP000168" HPOS="4629" VPOS="4041" WIDTH="52"/>
            <String HPOS="4681" VPOS="4041" HEIGHT="33" WIDTH="108" ID="PAG_13_ST000200" WC="1" CONTENT="heure" STYLEREFS="TXT_20"/>
          </TextLine>
          <TextLine HPOS="3977" VPOS="4085" HEIGHT="41" WIDTH="810" ID="PAG_13_TL000033" STYLEREFS="TXT_20">
            <String HPOS="3977" VPOS="4086" HEIGHT="40" WIDTH="167" ID="PAG_13_ST000201" WC="1" CONTENT="quelques" STYLEREFS="TXT_20"/>
            <SP ID="PAG_13_SP000169" HPOS="4144" VPOS="4085" WIDTH="44"/>
            <String HPOS="4188" VPOS="4085" HEIGHT="40" WIDTH="174" ID="PAG_13_ST000202" WC="1" CONTENT="bigoudis." STYLEREFS="TXT_20"/>
            <SP ID="PAG_13_SP000170" HPOS="4362" VPOS="4086" WIDTH="47"/>
            <String HPOS="4409" VPOS="4086" HEIGHT="33" WIDTH="77" ID="PAG_13_ST000203" WC="1" CONTENT="Une" STYLEREFS="TXT_20"/>
            <SP ID="PAG_13_SP000171" HPOS="4486" VPOS="4086" WIDTH="47"/>
            <String HPOS="4533" VPOS="4086" HEIGHT="33" WIDTH="71" ID="PAG_13_ST000204" WC="1" CONTENT="fois" STYLEREFS="TXT_20"/>
            <SP ID="PAG_13_SP000172" HPOS="4604" VPOS="4086" WIDTH="46"/>
            <String HPOS="4650" VPOS="4086" HEIGHT="39" WIDTH="137" ID="PAG_13_ST000205" WC="1" CONTENT="coiffée," STYLEREFS="TXT_20"/>
          </TextLine>
          <TextLine HPOS="3978" VPOS="4130" HEIGHT="40" WIDTH="838" ID="PAG_13_TL000034" STYLEREFS="TXT_20">
            <String HPOS="3978" VPOS="4130" HEIGHT="34" WIDTH="28" ID="PAG_13_ST000206" WC="1" CONTENT="si" STYLEREFS="TXT_20"/>
            <SP ID="PAG_13_SP000173" HPOS="4006" VPOS="4142" WIDTH="25"/>
            <String HPOS="4031" VPOS="4142" HEIGHT="21" WIDTH="89" ID="PAG_13_ST000207" WC="0.95" CONTENT="vous" STYLEREFS="TXT_20"/>
            <SP ID="PAG_13_SP000174" HPOS="4120" VPOS="4131" WIDTH="24"/>
            <String HPOS="4144" VPOS="4131" HEIGHT="33" WIDTH="172" ID="PAG_13_ST000208" WC="1" CONTENT="n'arrivez" STYLEREFS="TXT_20"/>
            <SP ID="PAG_13_SP000175" HPOS="4316" VPOS="4142" WIDTH="23"/>
            <String HPOS="4339" VPOS="4142" HEIGHT="28" WIDTH="61" ID="PAG_13_ST000209" WC="1" CONTENT="pas" STYLEREFS="TXT_20"/>
            <SP ID="PAG_13_SP000176" HPOS="4400" VPOS="4130" WIDTH="24"/>
            <String HPOS="4424" VPOS="4130" HEIGHT="33" WIDTH="20" ID="PAG_13_ST000210" WC="1" CONTENT="à" STYLEREFS="TXT_20"/>
            <SP ID="PAG_13_SP000177" HPOS="4444" VPOS="4131" WIDTH="23"/>
            <String HPOS="4467" VPOS="4131" HEIGHT="39" WIDTH="163" ID="PAG_13_ST000211" WC="0.96" CONTENT="dompter" STYLEREFS="TXT_20"/>
            <SP ID="PAG_13_SP000178" HPOS="4630" VPOS="4131" WIDTH="24"/>
            <String HPOS="4654" VPOS="4131" HEIGHT="39" WIDTH="132" ID="PAG_13_ST000212" WC="1" CONTENT="parfai-" SUBS_TYPE="HypPart1" SUBS_CONTENT="parfaitement" STYLEREFS="TXT_20"/>
            <HYP HPOS="4786" VPOS="4170" WIDTH="30" CONTENT="-"/>
          </TextLine>
          <TextLine HPOS="3978" VPOS="4176" HEIGHT="39" WIDTH="810" ID="PAG_13_TL000035" STYLEREFS="TXT_20">
            <String HPOS="3978" VPOS="4181" HEIGHT="28" WIDTH="130" ID="PAG_13_ST000213" WC="1" CONTENT="tement" SUBS_TYPE="HypPart2" SUBS_CONTENT="parfaitement" STYLEREFS="TXT_20"/>
            <SP ID="PAG_13_SP000179" HPOS="4108" VPOS="4176" WIDTH="33"/>
            <String HPOS="4141" VPOS="4176" HEIGHT="39" WIDTH="167" ID="PAG_13_ST000214" WC="1" CONTENT="quelques" STYLEREFS="TXT_20"/>
            <SP ID="PAG_13_SP000180" HPOS="4308" VPOS="4176" WIDTH="32"/>
            <String HPOS="4340" VPOS="4176" HEIGHT="33" WIDTH="160" ID="PAG_13_ST000215" WC="1" CONTENT="cheveux" STYLEREFS="TXT_20"/>
            <SP ID="PAG_13_SP000181" HPOS="4500" VPOS="4176" WIDTH="35"/>
            <String HPOS="4535" VPOS="4176" HEIGHT="39" WIDTH="92" ID="PAG_13_ST000216" WC="1" CONTENT="fous," STYLEREFS="TXT_20"/>
            <SP ID="PAG_13_SP000182" HPOS="4627" VPOS="4182" WIDTH="35"/>
            <String HPOS="4662" VPOS="4182" HEIGHT="27" WIDTH="126" ID="PAG_13_ST000217" WC="1" CONTENT="mettez" STYLEREFS="TXT_20"/>
          </TextLine>
          <TextLine HPOS="3980" VPOS="4219" HEIGHT="41" WIDTH="839" ID="PAG_13_TL000036" STYLEREFS="TXT_20">
            <String HPOS="3980" VPOS="4219" HEIGHT="34" WIDTH="85" ID="PAG_13_ST000218" WC="1" CONTENT="dans" STYLEREFS="TXT_20"/>
            <SP ID="PAG_13_SP000183" HPOS="4065" VPOS="4220" WIDTH="20"/>
            <String HPOS="4085" VPOS="4220" HEIGHT="33" WIDTH="31" ID="PAG_13_ST000219" WC="1" CONTENT="le" STYLEREFS="TXT_20"/>
            <SP ID="PAG_13_SP000184" HPOS="4116" VPOS="4231" WIDTH="19"/>
            <String HPOS="4135" VPOS="4231" HEIGHT="22" WIDTH="109" ID="PAG_13_ST000220" WC="1" CONTENT="creux" STYLEREFS="TXT_20"/>
            <SP ID="PAG_13_SP000185" HPOS="4244" VPOS="4219" WIDTH="20"/>
            <String HPOS="4264" VPOS="4219" HEIGHT="34" WIDTH="42" ID="PAG_13_ST000221" WC="1" CONTENT="de" STYLEREFS="TXT_20"/>
            <SP ID="PAG_13_SP000186" HPOS="4306" VPOS="4221" WIDTH="19"/>
            <String HPOS="4325" VPOS="4221" HEIGHT="32" WIDTH="33" ID="PAG_13_ST000222" WC="1" CONTENT="la" STYLEREFS="TXT_20"/>
            <SP ID="PAG_13_SP000187" HPOS="4358" VPOS="4220" WIDTH="20"/>
            <String HPOS="4378" VPOS="4220" HEIGHT="33" WIDTH="92" ID="PAG_13_ST000223" WC="1" CONTENT="main" STYLEREFS="TXT_20"/>
            <SP ID="PAG_13_SP000188" HPOS="4470" VPOS="4232" WIDTH="21"/>
            <String HPOS="4491" VPOS="4232" HEIGHT="21" WIDTH="44" ID="PAG_13_ST000224" WC="1" CONTENT="un" STYLEREFS="TXT_20"/>
            <SP ID="PAG_13_SP000189" HPOS="4535" VPOS="4232" WIDTH="20"/>
            <String HPOS="4555" VPOS="4232" HEIGHT="28" WIDTH="65" ID="PAG_13_ST000225" WC="1" CONTENT="peu" STYLEREFS="TXT_20"/>
            <SP ID="PAG_13_SP000190" HPOS="4620" VPOS="4220" WIDTH="21"/>
            <String HPOS="4641" VPOS="4220" HEIGHT="34" WIDTH="42" ID="PAG_13_ST000226" WC="1" CONTENT="de" STYLEREFS="TXT_20"/>
            <SP ID="PAG_13_SP000191" HPOS="4683" VPOS="4221" WIDTH="19"/>
            <String HPOS="4702" VPOS="4221" HEIGHT="33" WIDTH="87" ID="PAG_13_ST000227" WC="1" CONTENT="tein-" SUBS_TYPE="HypPart1" SUBS_CONTENT="teinture" STYLEREFS="TXT_20"/>
            <HYP HPOS="4789" VPOS="4254" WIDTH="30" CONTENT="-"/>
          </TextLine>
          <TextLine HPOS="3980" VPOS="4264" HEIGHT="41" WIDTH="839" ID="PAG_13_TL000037" STYLEREFS="TXT_20">
            <String HPOS="3980" VPOS="4270" HEIGHT="28" WIDTH="78" ID="PAG_13_ST000228" WC="1" CONTENT="ture" SUBS_TYPE="HypPart2" SUBS_CONTENT="teinture" STYLEREFS="TXT_20"/>
            <SP ID="PAG_13_SP000192" HPOS="4058" VPOS="4265" WIDTH="28"/>
            <String HPOS="4086" VPOS="4265" HEIGHT="32" WIDTH="42" ID="PAG_13_ST000229" WC="1" CONTENT="de" STYLEREFS="TXT_20"/>
            <SP ID="PAG_13_SP000193" HPOS="4128" VPOS="4264" WIDTH="28"/>
            <String HPOS="4156" VPOS="4264" HEIGHT="40" WIDTH="141" ID="PAG_13_ST000230" WC="1" CONTENT="benjoin" STYLEREFS="TXT_20"/>
            <SP ID="PAG_13_SP000194" HPOS="4297" VPOS="4271" WIDTH="28"/>
            <String HPOS="4325" VPOS="4271" HEIGHT="27" WIDTH="33" ID="PAG_13_ST000231" WC="1" CONTENT="et" STYLEREFS="TXT_20"/>
            <SP ID="PAG_13_SP000195" HPOS="4358" VPOS="4276" WIDTH="26"/>
            <String HPOS="4384" VPOS="4276" HEIGHT="29" WIDTH="122" ID="PAG_13_ST000232" WC="1" CONTENT="passez" STYLEREFS="TXT_20"/>
            <SP ID="PAG_13_SP000196" HPOS="4506" VPOS="4277" WIDTH="28"/>
            <String HPOS="4534" VPOS="4277" HEIGHT="21" WIDTH="60" ID="PAG_13_ST000233" WC="1" CONTENT="sur" STYLEREFS="TXT_20"/>
            <SP ID="PAG_13_SP000197" HPOS="4594" VPOS="4276" WIDTH="27"/>
            <String HPOS="4621" VPOS="4276" HEIGHT="22" WIDTH="63" ID="PAG_13_ST000234" WC="1" CONTENT="vos" STYLEREFS="TXT_20"/>
            <SP ID="PAG_13_SP000198" HPOS="4684" VPOS="4266" WIDTH="27"/>
            <String HPOS="4711" VPOS="4266" HEIGHT="33" WIDTH="78" ID="PAG_13_ST000235" WC="1" CONTENT="che-" SUBS_TYPE="HypPart1" SUBS_CONTENT="cheveux" STYLEREFS="TXT_20"/>
            <HYP HPOS="4789" VPOS="4299" WIDTH="30" CONTENT="-"/>
          </TextLine>
          <TextLine HPOS="3980" VPOS="4309" HEIGHT="41" WIDTH="810" ID="PAG_13_TL000038" STYLEREFS="TXT_20">
            <String HPOS="3980" VPOS="4320" HEIGHT="23" WIDTH="94" ID="PAG_13_ST000236" WC="1" CONTENT="veux" SUBS_TYPE="HypPart2" SUBS_CONTENT="cheveux" STYLEREFS="TXT_20"/>
            <SP ID="PAG_13_SP000199" HPOS="4074" VPOS="4320" WIDTH="42"/>
            <String HPOS="4116" VPOS="4320" HEIGHT="22" WIDTH="5" ID="PAG_13_ST000237" WC="1" CONTENT=":" STYLEREFS="TXT_20"/>
            <SP ID="PAG_13_SP000200" HPOS="4121" VPOS="4310" WIDTH="35"/>
            <String HPOS="4156" VPOS="4310" HEIGHT="32" WIDTH="40" ID="PAG_13_ST000238" WC="1" CONTENT="ils" STYLEREFS="TXT_20"/>
            <SP ID="PAG_13_SP000201" HPOS="4196" VPOS="4320" WIDTH="32"/>
            <String HPOS="4228" VPOS="4320" HEIGHT="22" WIDTH="36" ID="PAG_13_ST000239" WC="1" CONTENT="se" STYLEREFS="TXT_20"/>
            <SP ID="PAG_13_SP000202" HPOS="4264" VPOS="4316" WIDTH="32"/>
            <String HPOS="4296" VPOS="4316" HEIGHT="27" WIDTH="208" ID="PAG_13_ST000240" WC="1" CONTENT="trouveront" STYLEREFS="TXT_20"/>
            <SP ID="PAG_13_SP000203" HPOS="4504" VPOS="4309" WIDTH="32"/>
            <String HPOS="4536" VPOS="4309" HEIGHT="41" WIDTH="119" ID="PAG_13_ST000241" WC="1" CONTENT="laqués" STYLEREFS="TXT_20"/>
            <SP ID="PAG_13_SP000204" HPOS="4655" VPOS="4316" WIDTH="31"/>
            <String HPOS="4686" VPOS="4316" HEIGHT="27" WIDTH="32" ID="PAG_13_ST000242" WC="1" CONTENT="et" STYLEREFS="TXT_20"/>
            <SP ID="PAG_13_SP000205" HPOS="4718" VPOS="4322" WIDTH="31"/>
            <String HPOS="4749" VPOS="4322" HEIGHT="21" WIDTH="41" ID="PAG_13_ST000243" WC="1" CONTENT="ne" STYLEREFS="TXT_20"/>
          </TextLine>
          <TextLine HPOS="3980" VPOS="4353" HEIGHT="41" WIDTH="808" ID="PAG_13_TL000039" STYLEREFS="TXT_20">
            <String HPOS="3980" VPOS="4354" HEIGHT="33" WIDTH="236" ID="PAG_13_ST000244" WC="1" CONTENT="s'envoleront" STYLEREFS="TXT_20"/>
            <SP ID="PAG_13_SP000206" HPOS="4216" VPOS="4355" WIDTH="44"/>
            <String HPOS="4260" VPOS="4355" HEIGHT="39" WIDTH="87" ID="PAG_13_ST000245" WC="1" CONTENT="plus." STYLEREFS="TXT_20"/>
            <SP ID="PAG_13_SP000207" HPOS="4347" VPOS="4353" WIDTH="46"/>
            <String HPOS="4393" VPOS="4353" HEIGHT="34" WIDTH="83" ID="PAG_13_ST000246" WC="1" CONTENT="Cela" STYLEREFS="TXT_20"/>
            <SP ID="PAG_13_SP000208" HPOS="4476" VPOS="4366" WIDTH="45"/>
            <String HPOS="4521" VPOS="4366" HEIGHT="23" WIDTH="90" ID="PAG_13_ST000247" WC="1" CONTENT="vous" STYLEREFS="TXT_20"/>
            <SP ID="PAG_13_SP000209" HPOS="4611" VPOS="4354" WIDTH="43"/>
            <String HPOS="4654" VPOS="4354" HEIGHT="34" WIDTH="134" ID="PAG_13_ST000248" WC="1" CONTENT="vaudra" STYLEREFS="TXT_20"/>
          </TextLine>
          <TextLine HPOS="3983" VPOS="4399" HEIGHT="40" WIDTH="806" ID="PAG_13_TL000040" STYLEREFS="TXT_20">
            <String HPOS="3983" VPOS="4399" HEIGHT="33" WIDTH="42" ID="PAG_13_ST000249" WC="1" CONTENT="de" STYLEREFS="TXT_20"/>
            <SP ID="PAG_13_SP000210" HPOS="4025" VPOS="4404" WIDTH="30"/>
            <String HPOS="4055" VPOS="4404" HEIGHT="27" WIDTH="114" ID="PAG_13_ST000250" WC="1" CONTENT="rester" STYLEREFS="TXT_20"/>
            <SP ID="PAG_13_SP000211" HPOS="4169" VPOS="4399" WIDTH="32"/>
            <String HPOS="4201" VPOS="4399" HEIGHT="40" WIDTH="209" ID="PAG_13_ST000251" WC="0.99" CONTENT="impeccable" STYLEREFS="TXT_20"/>
            <SP ID="PAG_13_SP000212" HPOS="4410" VPOS="4406" WIDTH="34"/>
            <String HPOS="4444" VPOS="4406" HEIGHT="27" WIDTH="95" ID="PAG_13_ST000252" WC="1" CONTENT="toute" STYLEREFS="TXT_20"/>
            <SP ID="PAG_13_SP000213" HPOS="4539" VPOS="4412" WIDTH="30"/>
            <String HPOS="4569" VPOS="4412" HEIGHT="21" WIDTH="67" ID="PAG_13_ST000253" WC="0.96" CONTENT="une" STYLEREFS="TXT_20"/>
            <SP ID="PAG_13_SP000214" HPOS="4636" VPOS="4400" WIDTH="31"/>
            <String HPOS="4667" VPOS="4400" HEIGHT="34" WIDTH="122" ID="PAG_13_ST000254" WC="0.98" CONTENT="soirée." STYLEREFS="TXT_20"/>
          </TextLine>
        </TextBlock>
        <ComposedBlock ID="PAG_13_CB000005" HPOS="5030" VPOS="423" HEIGHT="699" WIDTH="1048">
        <TextBlock HPOS="5252" VPOS="423" HEIGHT="49" WIDTH="671" ID="PAG_13_TB000007" LANG="fr" STYLEREFS="TXT_21">
          <TextLine HPOS="5252" VPOS="423" HEIGHT="49" WIDTH="671" ID="PAG_13_TL000041" STYLEREFS="TXT_21">
            <String HPOS="5252" VPOS="423" HEIGHT="45" WIDTH="401" ID="PAG_13_ST000255" WC="1" CONTENT="MAUVAISE" STYLEREFS="TXT_21"/>
            <SP ID="PAG_13_SP000215" HPOS="5653" VPOS="428" WIDTH="83"/>
            <String HPOS="5736" VPOS="428" HEIGHT="44" WIDTH="187" ID="PAG_13_ST000256" WC="1" CONTENT="MINE" STYLEREFS="TXT_21"/>
          </TextLine>
        </TextBlock>
        <Illustration ID="PAG_13_IL000009" HPOS="5030" VPOS="502" HEIGHT="620" WIDTH="1048"/>
        </ComposedBlock>
        <TextBlock HPOS="5171" VPOS="1167" HEIGHT="634" WIDTH="850" ID="PAG_13_TB000008" LANG="fr" STYLEREFS="TXT_20">
          <TextLine HPOS="5174" VPOS="1167" HEIGHT="44" WIDTH="816" ID="PAG_13_TL000042" STYLEREFS="TXT_26">
            <String HPOS="5174" VPOS="1168" HEIGHT="35" WIDTH="35" ID="PAG_13_ST000257" WC="1" CONTENT="SI" STYLEREFS="TXT_26"/>
            <SP ID="PAG_13_SP000216" HPOS="5209" VPOS="1167" WIDTH="29"/>
            <String HPOS="5238" VPOS="1167" HEIGHT="36" WIDTH="128" ID="PAG_13_ST000258" WC="1" CONTENT="VOUS" STYLEREFS="TXT_26"/>
            <SP ID="PAG_13_SP000217" HPOS="5366" VPOS="1168" WIDTH="26"/>
            <String HPOS="5392" VPOS="1168" HEIGHT="36" WIDTH="113" ID="PAG_13_ST000259" WC="1" CONTENT="AVEZ" STYLEREFS="TXT_26"/>
            <SP ID="PAG_13_SP000218" HPOS="5505" VPOS="1168" WIDTH="31"/>
            <String HPOS="5536" VPOS="1168" HEIGHT="37" WIDTH="231" ID="PAG_13_ST000260" WC="1" CONTENT="MAUVAISE" STYLEREFS="TXT_26"/>
            <SP ID="PAG_13_SP000219" HPOS="5767" VPOS="1170" WIDTH="25"/>
            <String HPOS="5792" VPOS="1170" HEIGHT="41" WIDTH="128" ID="PAG_13_ST000261" WC="1" CONTENT="MINE," STYLEREFS="TXT_26"/>
            <SP ID="PAG_13_SP000220" HPOS="5920" VPOS="1184" WIDTH="32"/>
            <String HPOS="5952" VPOS="1184" HEIGHT="20" WIDTH="38" ID="PAG_13_ST000262" WC="0.66" CONTENT="ne" STYLEREFS="TXT_26"/>
          </TextLine>
          <TextLine HPOS="5176" VPOS="1216" HEIGHT="40" WIDTH="814" ID="PAG_13_TL000043" STYLEREFS="TXT_20">
            <String HPOS="5176" VPOS="1226" HEIGHT="27" WIDTH="120" ID="PAG_13_ST000263" WC="0.97" CONTENT="croyez" STYLEREFS="TXT_20"/>
            <SP ID="PAG_13_SP000221" HPOS="5296" VPOS="1226" WIDTH="30"/>
            <String HPOS="5326" VPOS="1226" HEIGHT="28" WIDTH="58" ID="PAG_13_ST000264" WC="0.98" CONTENT="pas" STYLEREFS="TXT_20"/>
            <SP ID="PAG_13_SP000222" HPOS="5384" VPOS="1216" WIDTH="30"/>
            <String HPOS="5414" VPOS="1216" HEIGHT="38" WIDTH="96" ID="PAG_13_ST000265" WC="1" CONTENT="qu'en" STYLEREFS="TXT_20"/>
            <SP ID="PAG_13_SP000223" HPOS="5510" VPOS="1222" WIDTH="28"/>
            <String HPOS="5538" VPOS="1222" HEIGHT="27" WIDTH="140" ID="PAG_13_ST000266" WC="1" CONTENT="mettant" STYLEREFS="TXT_20"/>
            <SP ID="PAG_13_SP000224" HPOS="5678" VPOS="1217" WIDTH="30"/>
            <String HPOS="5708" VPOS="1217" HEIGHT="39" WIDTH="211" ID="PAG_13_ST000267" WC="1" CONTENT="simplement" STYLEREFS="TXT_20"/>
            <SP ID="PAG_13_SP000225" HPOS="5919" VPOS="1218" WIDTH="26"/>
            <String HPOS="5945" VPOS="1218" HEIGHT="31" WIDTH="45" ID="PAG_13_ST000268" WC="0.57" CONTENT="dit" STYLEREFS="TXT_20"/>
          </TextLine>
          <TextLine HPOS="5178" VPOS="1268" HEIGHT="34" WIDTH="843" ID="PAG_13_TL000044" STYLEREFS="TXT_20">
            <String HPOS="5178" VPOS="1271" HEIGHT="27" WIDTH="105" ID="PAG_13_ST000269" WC="0.95" CONTENT="ronge" STYLEREFS="TXT_20"/>
            <SP ID="PAG_13_SP000226" HPOS="5283" VPOS="1272" WIDTH="35"/>
            <String HPOS="5318" VPOS="1272" HEIGHT="21" WIDTH="55" ID="PAG_13_ST000270" WC="1" CONTENT="sur" STYLEREFS="TXT_20"/>
            <SP ID="PAG_13_SP000227" HPOS="5373" VPOS="1272" WIDTH="37"/>
            <String HPOS="5410" VPOS="1272" HEIGHT="21" WIDTH="58" ID="PAG_13_ST000271" WC="1" CONTENT="vos" STYLEREFS="TXT_20"/>
            <SP ID="PAG_13_SP000228" HPOS="5468" VPOS="1268" WIDTH="34"/>
            <String HPOS="5502" VPOS="1268" HEIGHT="32" WIDTH="200" ID="PAG_13_ST000272" WC="1" CONTENT="pommettes" STYLEREFS="TXT_20"/>
            <SP ID="PAG_13_SP000229" HPOS="5702" VPOS="1272" WIDTH="34"/>
            <String HPOS="5736" VPOS="1272" HEIGHT="23" WIDTH="83" ID="PAG_13_ST000273" WC="1" CONTENT="vous" STYLEREFS="TXT_20"/>
            <SP ID="PAG_13_SP000230" HPOS="5819" VPOS="1272" WIDTH="34"/>
            <String HPOS="5853" VPOS="1272" HEIGHT="30" WIDTH="138" ID="PAG_13_ST000274" WC="1" CONTENT="repren-" SUBS_TYPE="HypPart1" SUBS_CONTENT="reprendrez" STYLEREFS="TXT_20"/>
            <HYP HPOS="5991" VPOS="1302" WIDTH="30" CONTENT="-"/>
          </TextLine>
          <TextLine HPOS="5176" VPOS="1307" HEIGHT="38" WIDTH="814" ID="PAG_13_TL000045" STYLEREFS="TXT_20">
            <String HPOS="5176" VPOS="1307" HEIGHT="31" WIDTH="79" ID="PAG_13_ST000275" WC="1" CONTENT="drez" SUBS_TYPE="HypPart2" SUBS_CONTENT="reprendrez" STYLEREFS="TXT_20"/>
            <SP ID="PAG_13_SP000231" HPOS="5255" VPOS="1317" WIDTH="45"/>
            <String HPOS="5300" VPOS="1317" HEIGHT="28" WIDTH="82" ID="PAG_13_ST000276" WC="1" CONTENT="pour" STYLEREFS="TXT_20"/>
            <SP ID="PAG_13_SP000232" HPOS="5382" VPOS="1317" WIDTH="46"/>
            <String HPOS="5428" VPOS="1317" HEIGHT="22" WIDTH="41" ID="PAG_13_ST000277" WC="0.94" CONTENT="un" STYLEREFS="TXT_20"/>
            <SP ID="PAG_13_SP000233" HPOS="5469" VPOS="1307" WIDTH="47"/>
            <String HPOS="5516" VPOS="1307" HEIGHT="32" WIDTH="66" ID="PAG_13_ST000278" WC="1" CONTENT="soir" STYLEREFS="TXT_20"/>
            <SP ID="PAG_13_SP000234" HPOS="5582" VPOS="1318" WIDTH="43"/>
            <String HPOS="5625" VPOS="1318" HEIGHT="22" WIDTH="46" ID="PAG_13_ST000279" WC="1" CONTENT="un" STYLEREFS="TXT_20"/>
            <SP ID="PAG_13_SP000235" HPOS="5671" VPOS="1307" WIDTH="40"/>
            <String HPOS="5711" VPOS="1307" HEIGHT="33" WIDTH="85" ID="PAG_13_ST000280" WC="0.98" CONTENT="teint" STYLEREFS="TXT_20"/>
            <SP ID="PAG_13_SP000236" HPOS="5796" VPOS="1308" WIDTH="42"/>
            <String HPOS="5838" VPOS="1308" HEIGHT="33" WIDTH="152" ID="PAG_13_ST000281" WC="1" CONTENT="radieux." STYLEREFS="TXT_20"/>
          </TextLine>
          <TextLine HPOS="5180" VPOS="1351" HEIGHT="39" WIDTH="811" ID="PAG_13_TL000046" STYLEREFS="TXT_20">
            <String HPOS="5180" VPOS="1351" HEIGHT="39" WIDTH="184" ID="PAG_13_ST000282" WC="0.96" CONTENT="Employez" STYLEREFS="TXT_20"/>
            <SP ID="PAG_13_SP000237" HPOS="5364" VPOS="1363" WIDTH="45"/>
            <String HPOS="5409" VPOS="1363" HEIGHT="22" WIDTH="131" ID="PAG_13_ST000283" WC="0.99" CONTENT="comme" STYLEREFS="TXT_20"/>
            <SP ID="PAG_13_SP000238" HPOS="5540" VPOS="1352" WIDTH="50"/>
            <String HPOS="5590" VPOS="1352" HEIGHT="33" WIDTH="83" ID="PAG_13_ST000284" WC="1" CONTENT="fond" STYLEREFS="TXT_20"/>
            <SP ID="PAG_13_SP000239" HPOS="5673" VPOS="1353" WIDTH="42"/>
            <String HPOS="5715" VPOS="1353" HEIGHT="33" WIDTH="41" ID="PAG_13_ST000285" WC="1" CONTENT="de" STYLEREFS="TXT_20"/>
            <SP ID="PAG_13_SP000240" HPOS="5756" VPOS="1353" WIDTH="44"/>
            <String HPOS="5800" VPOS="1353" HEIGHT="33" WIDTH="83" ID="PAG_13_ST000286" WC="1" CONTENT="teint" STYLEREFS="TXT_20"/>
            <SP ID="PAG_13_SP000241" HPOS="5883" VPOS="1364" WIDTH="44"/>
            <String HPOS="5927" VPOS="1364" HEIGHT="23" WIDTH="64" ID="PAG_13_ST000287" WC="1" CONTENT="une" STYLEREFS="TXT_20"/>
          </TextLine>
          <TextLine HPOS="5176" VPOS="1397" HEIGHT="41" WIDTH="814" ID="PAG_13_TL000047" STYLEREFS="TXT_20">
            <String HPOS="5176" VPOS="1397" HEIGHT="32" WIDTH="113" ID="PAG_13_ST000288" WC="1" CONTENT="crème" STYLEREFS="TXT_20"/>
            <SP ID="PAG_13_SP000242" HPOS="5289" VPOS="1408" WIDTH="31"/>
            <String HPOS="5320" VPOS="1408" HEIGHT="21" WIDTH="94" ID="PAG_13_ST000289" WC="1" CONTENT="assez" STYLEREFS="TXT_20"/>
            <SP ID="PAG_13_SP000243" HPOS="5414" VPOS="1398" WIDTH="34"/>
            <String HPOS="5448" VPOS="1398" HEIGHT="38" WIDTH="124" ID="PAG_13_ST000290" WC="0.96" CONTENT="liquide" STYLEREFS="TXT_20"/>
            <SP ID="PAG_13_SP000244" HPOS="5572" VPOS="1403" WIDTH="30"/>
            <String HPOS="5602" VPOS="1403" HEIGHT="34" WIDTH="41" ID="PAG_13_ST000291" WC="1" CONTENT="et," STYLEREFS="TXT_20"/>
            <SP ID="PAG_13_SP000245" HPOS="5643" VPOS="1406" WIDTH="31"/>
            <String HPOS="5674" VPOS="1406" HEIGHT="26" WIDTH="105" ID="PAG_13_ST000292" WC="1" CONTENT="avant" STYLEREFS="TXT_20"/>
            <SP ID="PAG_13_SP000246" HPOS="5779" VPOS="1399" WIDTH="27"/>
            <String HPOS="5806" VPOS="1399" HEIGHT="39" WIDTH="184" ID="PAG_13_ST000293" WC="0.92" CONTENT="d'essuyer." STYLEREFS="TXT_20"/>
          </TextLine>
          <TextLine HPOS="5177" VPOS="1443" HEIGHT="40" WIDTH="811" ID="PAG_13_TL000048" STYLEREFS="TXT_20">
            <String HPOS="5177" VPOS="1448" HEIGHT="27" WIDTH="120" ID="PAG_13_ST000294" WC="1" CONTENT="mettez" STYLEREFS="TXT_20"/>
            <SP ID="PAG_13_SP000247" HPOS="5297" VPOS="1453" WIDTH="37"/>
            <String HPOS="5334" VPOS="1453" HEIGHT="22" WIDTH="62" ID="PAG_13_ST000295" WC="0.84" CONTENT="une" STYLEREFS="TXT_20"/>
            <SP ID="PAG_13_SP000248" HPOS="5396" VPOS="1443" WIDTH="35"/>
            <String HPOS="5431" VPOS="1443" HEIGHT="39" WIDTH="101" ID="PAG_13_ST000296" WC="0.99" CONTENT="petite" STYLEREFS="TXT_20"/>
            <SP ID="PAG_13_SP000249" HPOS="5532" VPOS="1443" WIDTH="33"/>
            <String HPOS="5565" VPOS="1443" HEIGHT="33" WIDTH="122" ID="PAG_13_ST000297" WC="1" CONTENT="touche" STYLEREFS="TXT_20"/>
            <SP ID="PAG_13_SP000250" HPOS="5687" VPOS="1444" WIDTH="32"/>
            <String HPOS="5719" VPOS="1444" HEIGHT="33" WIDTH="40" ID="PAG_13_ST000298" WC="1" CONTENT="de" STYLEREFS="TXT_20"/>
            <SP ID="PAG_13_SP000251" HPOS="5759" VPOS="1454" WIDTH="35"/>
            <String HPOS="5794" VPOS="1454" HEIGHT="29" WIDTH="105" ID="PAG_13_ST000299" WC="1" CONTENT="rouge" STYLEREFS="TXT_20"/>
            <SP ID="PAG_13_SP000252" HPOS="5899" VPOS="1456" WIDTH="33"/>
            <String HPOS="5932" VPOS="1456" HEIGHT="21" WIDTH="56" ID="PAG_13_ST000300" WC="1" CONTENT="sur" STYLEREFS="TXT_20"/>
          </TextLine>
          <TextLine HPOS="5177" VPOS="1487" HEIGHT="42" WIDTH="814" ID="PAG_13_TL000049" STYLEREFS="TXT_20">
            <String HPOS="5177" VPOS="1495" HEIGHT="25" WIDTH="95" ID="PAG_13_ST000301" WC="1" CONTENT="votre" STYLEREFS="TXT_20"/>
            <SP ID="PAG_13_SP000253" HPOS="5272" VPOS="1487" WIDTH="39"/>
            <String HPOS="5311" VPOS="1487" HEIGHT="40" WIDTH="103" ID="PAG_13_ST000302" WC="0.98" CONTENT="front," STYLEREFS="TXT_20"/>
            <SP ID="PAG_13_SP000254" HPOS="5414" VPOS="1499" WIDTH="36"/>
            <String HPOS="5450" VPOS="1499" HEIGHT="22" WIDTH="58" ID="PAG_13_ST000303" WC="1" CONTENT="sur" STYLEREFS="TXT_20"/>
            <SP ID="PAG_13_SP000255" HPOS="5508" VPOS="1494" WIDTH="37"/>
            <String HPOS="5545" VPOS="1494" HEIGHT="28" WIDTH="97" ID="PAG_13_ST000304" WC="1" CONTENT="votre" STYLEREFS="TXT_20"/>
            <SP ID="PAG_13_SP000256" HPOS="5642" VPOS="1499" WIDTH="31"/>
            <String HPOS="5673" VPOS="1499" HEIGHT="23" WIDTH="66" ID="PAG_13_ST000305" WC="1" CONTENT="cou" STYLEREFS="TXT_20"/>
            <SP ID="PAG_13_SP000257" HPOS="5739" VPOS="1495" WIDTH="32"/>
            <String HPOS="5771" VPOS="1495" HEIGHT="27" WIDTH="32" ID="PAG_13_ST000306" WC="1" CONTENT="et" STYLEREFS="TXT_20"/>
            <SP ID="PAG_13_SP000258" HPOS="5803" VPOS="1489" WIDTH="33"/>
            <String HPOS="5836" VPOS="1489" HEIGHT="40" WIDTH="79" ID="PAG_13_ST000307" WC="1" CONTENT="près" STYLEREFS="TXT_20"/>
            <SP ID="PAG_13_SP000259" HPOS="5915" VPOS="1490" WIDTH="32"/>
            <String HPOS="5947" VPOS="1490" HEIGHT="34" WIDTH="44" ID="PAG_13_ST000308" WC="1" CONTENT="de" STYLEREFS="TXT_20"/>
          </TextLine>
          <TextLine HPOS="5176" VPOS="1533" HEIGHT="37" WIDTH="841" ID="PAG_13_TL000050" STYLEREFS="TXT_20">
            <String HPOS="5176" VPOS="1533" HEIGHT="37" WIDTH="151" ID="PAG_13_ST000309" WC="0.95" CONTENT="l'oreille," STYLEREFS="TXT_20"/>
            <SP ID="PAG_13_SP000260" HPOS="5327" VPOS="1533" WIDTH="33"/>
            <String HPOS="5360" VPOS="1533" HEIGHT="33" WIDTH="106" ID="PAG_13_ST000310" WC="0.89" CONTENT="mêlez" STYLEREFS="TXT_20"/>
            <SP ID="PAG_13_SP000261" HPOS="5466" VPOS="1534" WIDTH="33"/>
            <String HPOS="5499" VPOS="1534" HEIGHT="34" WIDTH="211" ID="PAG_13_ST000311" WC="0.78" CONTENT="i.ntimement" STYLEREFS="TXT_20"/>
            <SP ID="PAG_13_SP000262" HPOS="5710" VPOS="1546" WIDTH="31"/>
            <String HPOS="5741" VPOS="1546" HEIGHT="22" WIDTH="81" ID="PAG_13_ST000312" WC="1" CONTENT="avec" STYLEREFS="TXT_20"/>
            <SP ID="PAG_13_SP000263" HPOS="5822" VPOS="1538" WIDTH="32"/>
            <String HPOS="5854" VPOS="1538" HEIGHT="30" WIDTH="31" ID="PAG_13_ST000313" WC="1" CONTENT="la" STYLEREFS="TXT_20"/>
            <SP ID="PAG_13_SP000264" HPOS="5885" VPOS="1536" WIDTH="32"/>
            <String HPOS="5917" VPOS="1536" HEIGHT="32" WIDTH="70" ID="PAG_13_ST000314" WC="1" CONTENT="crè-" SUBS_TYPE="HypPart1" SUBS_CONTENT="crème" STYLEREFS="TXT_20"/>
            <HYP HPOS="5987" VPOS="1568" WIDTH="30" CONTENT="-"/>
          </TextLine>
          <TextLine HPOS="5177" VPOS="1578" HEIGHT="36" WIDTH="812" ID="PAG_13_TL000051" STYLEREFS="TXT_20">
            <String HPOS="5177" VPOS="1589" HEIGHT="21" WIDTH="51" ID="PAG_13_ST000315" WC="0.94" CONTENT="me" SUBS_TYPE="HypPart2" SUBS_CONTENT="crème" STYLEREFS="TXT_20"/>
            <SP ID="PAG_13_SP000265" HPOS="5228" VPOS="1579" WIDTH="31"/>
            <String HPOS="5259" VPOS="1579" HEIGHT="32" WIDTH="40" ID="PAG_13_ST000316" WC="0.96" CONTENT="de" STYLEREFS="TXT_20"/>
            <SP ID="PAG_13_SP000266" HPOS="5299" VPOS="1578" WIDTH="31"/>
            <String HPOS="5330" VPOS="1578" HEIGHT="34" WIDTH="150" ID="PAG_13_ST000317" WC="1" CONTENT="manière" STYLEREFS="TXT_20"/>
            <SP ID="PAG_13_SP000267" HPOS="5480" VPOS="1580" WIDTH="31"/>
            <String HPOS="5511" VPOS="1580" HEIGHT="32" WIDTH="18" ID="PAG_13_ST000318" WC="1" CONTENT="à" STYLEREFS="TXT_20"/>
            <SP ID="PAG_13_SP000268" HPOS="5529" VPOS="1580" WIDTH="31"/>
            <String HPOS="5560" VPOS="1580" HEIGHT="34" WIDTH="128" ID="PAG_13_ST000319" WC="0.99" CONTENT="donner" STYLEREFS="TXT_20"/>
            <SP ID="PAG_13_SP000269" HPOS="5688" VPOS="1580" WIDTH="32"/>
            <String HPOS="5720" VPOS="1580" HEIGHT="34" WIDTH="161" ID="PAG_13_ST000320" WC="0.98" CONTENT="l'illusion" STYLEREFS="TXT_20"/>
            <SP ID="PAG_13_SP000270" HPOS="5881" VPOS="1580" WIDTH="30"/>
            <String HPOS="5911" VPOS="1580" HEIGHT="33" WIDTH="78" ID="PAG_13_ST000321" WC="1" CONTENT="d'un" STYLEREFS="TXT_20"/>
          </TextLine>
          <TextLine HPOS="5176" VPOS="1623" HEIGHT="40" WIDTH="813" ID="PAG_13_TL000052" STYLEREFS="TXT_20">
            <String HPOS="5176" VPOS="1623" HEIGHT="33" WIDTH="81" ID="PAG_13_ST000322" WC="0.89" CONTENT="teint" STYLEREFS="TXT_20"/>
            <SP ID="PAG_13_SP000271" HPOS="5257" VPOS="1624" WIDTH="36"/>
            <String HPOS="5293" VPOS="1624" HEIGHT="34" WIDTH="120" ID="PAG_13_ST000323" WC="1" CONTENT="animé." STYLEREFS="TXT_20"/>
            <SP ID="PAG_13_SP000272" HPOS="5413" VPOS="1625" WIDTH="38"/>
            <String HPOS="5451" VPOS="1625" HEIGHT="38" WIDTH="161" ID="PAG_13_ST000324" WC="1" CONTENT="Essuyez," STYLEREFS="TXT_20"/>
            <SP ID="PAG_13_SP000273" HPOS="5612" VPOS="1631" WIDTH="35"/>
            <String HPOS="5647" VPOS="1631" HEIGHT="28" WIDTH="31" ID="PAG_13_ST000325" WC="1" CONTENT="et" STYLEREFS="TXT_20"/>
            <SP ID="PAG_13_SP000274" HPOS="5678" VPOS="1626" WIDTH="35"/>
            <String HPOS="5713" VPOS="1626" HEIGHT="34" WIDTH="145" ID="PAG_13_ST000326" WC="1" CONTENT="achevez" STYLEREFS="TXT_20"/>
            <SP ID="PAG_13_SP000275" HPOS="5858" VPOS="1632" WIDTH="35"/>
            <String HPOS="5893" VPOS="1632" HEIGHT="27" WIDTH="96" ID="PAG_13_ST000327" WC="1" CONTENT="votre" STYLEREFS="TXT_20"/>
          </TextLine>
          <TextLine HPOS="5171" VPOS="1670" HEIGHT="42" WIDTH="847" ID="PAG_13_TL000053" STYLEREFS="TXT_20">
            <String HPOS="5171" VPOS="1670" HEIGHT="38" WIDTH="211" ID="PAG_13_ST000328" WC="1" CONTENT="maquillage" STYLEREFS="TXT_20"/>
            <SP ID="PAG_13_SP000276" HPOS="5382" VPOS="1681" WIDTH="37"/>
            <String HPOS="5419" VPOS="1681" HEIGHT="22" WIDTH="130" ID="PAG_13_ST000329" WC="1" CONTENT="comme" STYLEREFS="TXT_20"/>
            <SP ID="PAG_13_SP000277" HPOS="5549" VPOS="1670" WIDTH="37"/>
            <String HPOS="5586" VPOS="1670" HEIGHT="34" WIDTH="204" ID="PAG_13_ST000330" WC="1" CONTENT="d'habitude." STYLEREFS="TXT_20"/>
            <SP ID="PAG_13_SP000278" HPOS="5790" VPOS="1672" WIDTH="39"/>
            <String HPOS="5829" VPOS="1672" HEIGHT="33" WIDTH="46" ID="PAG_13_ST000331" WC="1" CONTENT="Ce" STYLEREFS="TXT_20"/>
            <SP ID="PAG_13_SP000279" HPOS="5875" VPOS="1678" WIDTH="35"/>
            <String HPOS="5910" VPOS="1678" HEIGHT="34" WIDTH="78" ID="PAG_13_ST000332" WC="0.68" CONTENT="p-ro-" SUBS_TYPE="HypPart1" SUBS_CONTENT="p-ro-cede" STYLEREFS="TXT_20"/>
            <HYP HPOS="5988" VPOS="1712" WIDTH="30" CONTENT="-"/>
          </TextLine>
          <TextLine HPOS="5174" VPOS="1714" HEIGHT="41" WIDTH="815" ID="PAG_13_TL000054" STYLEREFS="TXT_20">
            <String HPOS="5174" VPOS="1715" HEIGHT="32" WIDTH="80" ID="PAG_13_ST000333" WC="0.48" CONTENT="cede" SUBS_TYPE="HypPart2" SUBS_CONTENT="p-ro-cede" STYLEREFS="TXT_20"/>
            <SP ID="PAG_13_SP000280" HPOS="5254" VPOS="1716" WIDTH="43"/>
            <String HPOS="5297" VPOS="1716" HEIGHT="31" WIDTH="69" ID="PAG_13_ST000334" WC="0.98" CONTENT="très" STYLEREFS="TXT_20"/>
            <SP ID="PAG_13_SP000281" HPOS="5366" VPOS="1714" WIDTH="39"/>
            <String HPOS="5405" VPOS="1714" HEIGHT="41" WIDTH="120" ID="PAG_13_ST000335" WC="0.86" CONTENT="simple" STYLEREFS="TXT_20"/>
            <SP ID="PAG_13_SP000282" HPOS="5525" VPOS="1727" WIDTH="40"/>
            <String HPOS="5565" VPOS="1727" HEIGHT="21" WIDTH="85" ID="PAG_13_ST000336" WC="0.73" CONTENT="vous" STYLEREFS="TXT_20"/>
            <SP ID="PAG_13_SP000283" HPOS="5650" VPOS="1717" WIDTH="39"/>
            <String HPOS="5689" VPOS="1717" HEIGHT="32" WIDTH="127" ID="PAG_13_ST000337" WC="0.99" CONTENT="vaudra" STYLEREFS="TXT_20"/>
            <SP ID="PAG_13_SP000284" HPOS="5816" VPOS="1717" WIDTH="41"/>
            <String HPOS="5857" VPOS="1717" HEIGHT="33" WIDTH="132" ID="PAG_13_ST000338" WC="0.94" CONTENT="d'avoir" STYLEREFS="TXT_20"/>
          </TextLine>
          <TextLine HPOS="5176" VPOS="1760" HEIGHT="41" WIDTH="810" ID="PAG_13_TL000055" STYLEREFS="TXT_20">
            <String HPOS="5176" VPOS="1771" HEIGHT="22" WIDTH="61" ID="PAG_13_ST000339" WC="0.94" CONTENT="une" STYLEREFS="TXT_20"/>
            <SP ID="PAG_13_SP000285" HPOS="5237" VPOS="1760" WIDTH="53"/>
            <String HPOS="5290" VPOS="1760" HEIGHT="32" WIDTH="85" ID="PAG_13_ST000340" WC="0.76" CONTENT="mine" STYLEREFS="TXT_20"/>
            <SP ID="PAG_13_SP000286" HPOS="5375" VPOS="1761" WIDTH="50"/>
            <String HPOS="5425" VPOS="1761" HEIGHT="38" WIDTH="135" ID="PAG_13_ST000341" WC="0.89" CONTENT="fraîche" STYLEREFS="TXT_20"/>
            <SP ID="PAG_13_SP000287" HPOS="5560" VPOS="1766" WIDTH="50"/>
            <String HPOS="5610" VPOS="1766" HEIGHT="28" WIDTH="31" ID="PAG_13_ST000342" WC="1" CONTENT="et" STYLEREFS="TXT_20"/>
            <SP ID="PAG_13_SP000288" HPOS="5641" VPOS="1762" WIDTH="49"/>
            <String HPOS="5690" VPOS="1762" HEIGHT="39" WIDTH="296" ID="PAG_13_ST000343" WC="0.36" CONTENT="rc'.î/'lclldissalltc." STYLEREFS="TXT_20"/>
          </TextLine>
        </TextBlock>
        <Illustration ID="PAG_13_IL000010" HPOS="6121" VPOS="391" HEIGHT="1419" WIDTH="1117"/>
        <ComposedBlock ID="PAG_13_CB000006" HPOS="4940" VPOS="1942" HEIGHT="2663" WIDTH="2137">
        <Illustration ID="PAG_13_IL000011" HPOS="4940" VPOS="1942" HEIGHT="2663" WIDTH="1811"/>
        <TextBlock HPOS="6370" VPOS="3844" HEIGHT="454" WIDTH="707" ID="PAG_13_TB000009" LANG="fr" STYLEREFS="TXT_26">
          <TextLine HPOS="6370" VPOS="3844" HEIGHT="49" WIDTH="706" ID="PAG_13_TL000056" STYLEREFS="TXT_26">
            <String HPOS="6370" VPOS="3844" HEIGHT="40" WIDTH="39" ID="PAG_13_ST000344" WC="0.00" CONTENT="f" STYLEREFS="TXT_26"/>
            <SP ID="PAG_13_SP000289" HPOS="6409" VPOS="3879" WIDTH="28"/>
            <String HPOS="6437" VPOS="3879" HEIGHT="10" WIDTH="41" ID="PAG_13_ST000345" WC="1" CONTENT="..." STYLEREFS="TXT_26"/>
            <SP ID="PAG_13_SP000290" HPOS="6478" VPOS="3852" WIDTH="10"/>
            <String HPOS="6488" VPOS="3852" HEIGHT="36" WIDTH="49" ID="PAG_13_ST000346" WC="1" CONTENT="ET" STYLEREFS="TXT_26"/>
            <SP ID="PAG_13_SP000291" HPOS="6537" VPOS="3850" WIDTH="56"/>
            <String HPOS="6593" VPOS="3850" HEIGHT="43" WIDTH="310" ID="PAG_13_ST000347" WC="1" CONTENT="MAINTENANT," STYLEREFS="TXT_26"/>
            <SP ID="PAG_13_SP000292" HPOS="6903" VPOS="3849" WIDTH="54"/>
            <String HPOS="6957" VPOS="3849" HEIGHT="37" WIDTH="119" ID="PAG_13_ST000348" WC="1" CONTENT="POUR" STYLEREFS="TXT_26"/>
          </TextLine>
          <TextLine HPOS="6436" VPOS="3895" HEIGHT="38" WIDTH="640" ID="PAG_13_TL000057" STYLEREFS="TXT_26">
            <String HPOS="6436" VPOS="3896" HEIGHT="37" WIDTH="160" ID="PAG_13_ST000349" WC="1" CONTENT="METTRE" STYLEREFS="TXT_26"/>
            <SP ID="PAG_13_SP000293" HPOS="6596" VPOS="3896" WIDTH="29"/>
            <String HPOS="6625" VPOS="3896" HEIGHT="36" WIDTH="64" ID="PAG_13_ST000350" WC="1" CONTENT="UN" STYLEREFS="TXT_26"/>
            <SP ID="PAG_13_SP000294" HPOS="6689" VPOS="3895" WIDTH="32"/>
            <String HPOS="6721" VPOS="3895" HEIGHT="37" WIDTH="137" ID="PAG_13_ST000351" WC="0.99" CONTENT="POINT" STYLEREFS="TXT_26"/>
            <SP ID="PAG_13_SP000295" HPOS="6858" VPOS="3895" WIDTH="29"/>
            <String HPOS="6887" VPOS="3895" HEIGHT="36" WIDTH="122" ID="PAG_13_ST000352" WC="1" CONTENT="FINAL" STYLEREFS="TXT_26"/>
            <SP ID="PAG_13_SP000296" HPOS="7009" VPOS="3895" WIDTH="34"/>
            <String HPOS="7043" VPOS="3895" HEIGHT="34" WIDTH="33" ID="PAG_13_ST000353" WC="1" CONTENT="A" STYLEREFS="TXT_26"/>
          </TextLine>
          <TextLine HPOS="6436" VPOS="3931" HEIGHT="51" WIDTH="641" ID="PAG_13_TL000058" STYLEREFS="TXT_26">
            <String HPOS="6436" VPOS="3942" HEIGHT="36" WIDTH="167" ID="PAG_13_ST000354" WC="1" CONTENT="VOTRE" STYLEREFS="TXT_26"/>
            <SP ID="PAG_13_SP000297" HPOS="6603" VPOS="3931" WIDTH="34"/>
            <String HPOS="6637" VPOS="3931" HEIGHT="51" WIDTH="205" ID="PAG_13_ST000355" WC="1" CONTENT="BEAUTÉ," STYLEREFS="TXT_26"/>
            <SP ID="PAG_13_SP000298" HPOS="6842" VPOS="3943" WIDTH="46"/>
            <String HPOS="6888" VPOS="3943" HEIGHT="32" WIDTH="111" ID="PAG_13_ST000356" WC="1" CONTENT="battez" STYLEREFS="TXT_26"/>
            <SP ID="PAG_13_SP000299" HPOS="6999" VPOS="3952" WIDTH="34"/>
            <String HPOS="7033" VPOS="3952" HEIGHT="23" WIDTH="44" ID="PAG_13_ST000357" WC="1" CONTENT="un" STYLEREFS="TXT_26"/>
          </TextLine>
          <TextLine HPOS="6438" VPOS="3986" HEIGHT="41" WIDTH="637" ID="PAG_13_TL000059" STYLEREFS="TXT_26">
            <String HPOS="6438" VPOS="3989" HEIGHT="34" WIDTH="97" ID="PAG_13_ST000358" WC="0.98" CONTENT="blanc" STYLEREFS="TXT_26"/>
            <SP ID="PAG_13_SP000300" HPOS="6535" VPOS="3989" WIDTH="24"/>
            <String HPOS="6559" VPOS="3989" HEIGHT="34" WIDTH="107" ID="PAG_13_ST000359" WC="0.98" CONTENT="d'oeuf" STYLEREFS="TXT_26"/>
            <SP ID="PAG_13_SP000301" HPOS="6666" VPOS="3999" WIDTH="26"/>
            <String HPOS="6692" VPOS="3999" HEIGHT="23" WIDTH="41" ID="PAG_13_ST000360" WC="1" CONTENT="en" STYLEREFS="TXT_26"/>
            <SP ID="PAG_13_SP000302" HPOS="6733" VPOS="3987" WIDTH="22"/>
            <String HPOS="6755" VPOS="3987" HEIGHT="40" WIDTH="107" ID="PAG_13_ST000361" WC="1" CONTENT="neige." STYLEREFS="TXT_26"/>
            <SP ID="PAG_13_SP000303" HPOS="6862" VPOS="3986" WIDTH="23"/>
            <String HPOS="6885" VPOS="3986" HEIGHT="41" WIDTH="190" ID="PAG_13_ST000362" WC="1" CONTENT="Appliquez" STYLEREFS="TXT_26"/>
          </TextLine>
          <TextLine HPOS="6440" VPOS="4032" HEIGHT="39" WIDTH="637" ID="PAG_13_TL000060" STYLEREFS="TXT_26">
            <String HPOS="6440" VPOS="4035" HEIGHT="33" WIDTH="31" ID="PAG_13_ST000363" WC="0.98" CONTENT="la" STYLEREFS="TXT_26"/>
            <SP ID="PAG_13_SP000304" HPOS="6471" VPOS="4045" WIDTH="23"/>
            <String HPOS="6494" VPOS="4045" HEIGHT="22" WIDTH="136" ID="PAG_13_ST000364" WC="1" CONTENT="mousse" STYLEREFS="TXT_26"/>
            <SP ID="PAG_13_SP000305" HPOS="6630" VPOS="4044" WIDTH="25"/>
            <String HPOS="6655" VPOS="4044" HEIGHT="23" WIDTH="57" ID="PAG_13_ST000365" WC="1" CONTENT="sur" STYLEREFS="TXT_26"/>
            <SP ID="PAG_13_SP000306" HPOS="6712" VPOS="4038" WIDTH="25"/>
            <String HPOS="6737" VPOS="4038" HEIGHT="29" WIDTH="98" ID="PAG_13_ST000366" WC="1" CONTENT="votre" STYLEREFS="TXT_26"/>
            <SP ID="PAG_13_SP000307" HPOS="6835" VPOS="4032" WIDTH="21"/>
            <String HPOS="6856" VPOS="4032" HEIGHT="39" WIDTH="116" ID="PAG_13_ST000367" WC="1" CONTENT="visage" STYLEREFS="TXT_26"/>
            <SP ID="PAG_13_SP000308" HPOS="6972" VPOS="4042" WIDTH="22"/>
            <String HPOS="6994" VPOS="4042" HEIGHT="22" WIDTH="83" ID="PAG_13_ST000368" WC="1" CONTENT="avec" STYLEREFS="TXT_26"/>
          </TextLine>
          <TextLine HPOS="6439" VPOS="4074" HEIGHT="39" WIDTH="638" ID="PAG_13_TL000061" STYLEREFS="TXT_26">
            <String HPOS="6439" VPOS="4090" HEIGHT="23" WIDTH="45" ID="PAG_13_ST000369" WC="1" CONTENT="un" STYLEREFS="TXT_26"/>
            <SP ID="PAG_13_SP000309" HPOS="6484" VPOS="4079" WIDTH="27"/>
            <String HPOS="6511" VPOS="4079" HEIGHT="33" WIDTH="161" ID="PAG_13_ST000370" WC="1" CONTENT="blaireau." STYLEREFS="TXT_26"/>
            <SP ID="PAG_13_SP000310" HPOS="6672" VPOS="4078" WIDTH="32"/>
            <String HPOS="6704" VPOS="4078" HEIGHT="33" WIDTH="136" ID="PAG_13_ST000371" WC="1" CONTENT="Laissez" STYLEREFS="TXT_26"/>
            <SP ID="PAG_13_SP000311" HPOS="6840" VPOS="4076" WIDTH="31"/>
            <String HPOS="6871" VPOS="4076" HEIGHT="35" WIDTH="116" ID="PAG_13_ST000372" WC="1" CONTENT="sécher" STYLEREFS="TXT_26"/>
            <SP ID="PAG_13_SP000312" HPOS="6987" VPOS="4074" WIDTH="31"/>
            <String HPOS="7018" VPOS="4074" HEIGHT="35" WIDTH="59" ID="PAG_13_ST000373" WC="1" CONTENT="dix" STYLEREFS="TXT_26"/>
          </TextLine>
          <TextLine HPOS="6437" VPOS="4120" HEIGHT="37" WIDTH="638" ID="PAG_13_TL000062" STYLEREFS="TXT_26">
            <String HPOS="6437" VPOS="4123" HEIGHT="34" WIDTH="156" ID="PAG_13_ST000374" WC="1" CONTENT="minutes." STYLEREFS="TXT_26"/>
            <SP ID="PAG_13_SP000313" HPOS="6593" VPOS="4122" WIDTH="40"/>
            <String HPOS="6633" VPOS="4122" HEIGHT="34" WIDTH="124" ID="PAG_13_ST000375" WC="1" CONTENT="Rincez" STYLEREFS="TXT_26"/>
            <SP ID="PAG_13_SP000314" HPOS="6757" VPOS="4122" WIDTH="39"/>
            <String HPOS="6796" VPOS="4122" HEIGHT="33" WIDTH="20" ID="PAG_13_ST000376" WC="1" CONTENT="à" STYLEREFS="TXT_26"/>
            <SP ID="PAG_13_SP000315" HPOS="6816" VPOS="4121" WIDTH="39"/>
            <String HPOS="6855" VPOS="4121" HEIGHT="33" WIDTH="85" ID="PAG_13_ST000377" WC="1" CONTENT="l'eau" STYLEREFS="TXT_26"/>
            <SP ID="PAG_13_SP000316" HPOS="6940" VPOS="4120" WIDTH="37"/>
            <String HPOS="6977" VPOS="4120" HEIGHT="34" WIDTH="98" ID="PAG_13_ST000378" WC="1" CONTENT="tiède." STYLEREFS="TXT_26"/>
          </TextLine>
          <TextLine HPOS="6436" VPOS="4172" HEIGHT="42" WIDTH="638" ID="PAG_13_TL000063" STYLEREFS="TXT_26">
            <String HPOS="6436" VPOS="4172" HEIGHT="37" WIDTH="137" ID="PAG_13_ST000379" WC="1" CONTENT="VOUS" STYLEREFS="TXT_26"/>
            <SP ID="PAG_13_SP000317" HPOS="6573" VPOS="4173" WIDTH="29"/>
            <String HPOS="6602" VPOS="4173" HEIGHT="35" WIDTH="164" ID="PAG_13_ST000380" WC="1" CONTENT="AUREZ" STYLEREFS="TXT_26"/>
            <SP ID="PAG_13_SP000318" HPOS="6766" VPOS="4172" WIDTH="35"/>
            <String HPOS="6801" VPOS="4172" HEIGHT="42" WIDTH="185" ID="PAG_13_ST000381" WC="1" CONTENT="ALORS," STYLEREFS="TXT_26"/>
            <SP ID="PAG_13_SP000319" HPOS="6986" VPOS="4172" WIDTH="28"/>
            <String HPOS="7014" VPOS="4172" HEIGHT="35" WIDTH="60" ID="PAG_13_ST000382" WC="1" CONTENT="CE" STYLEREFS="TXT_26"/>
          </TextLine>
          <TextLine HPOS="6435" VPOS="4216" HEIGHT="37" WIDTH="639" ID="PAG_13_TL000064" STYLEREFS="TXT_26">
            <String HPOS="6435" VPOS="4216" HEIGHT="37" WIDTH="137" ID="PAG_13_ST000383" WC="1" CONTENT="SOIR," STYLEREFS="TXT_26"/>
            <SP ID="PAG_13_SP000320" HPOS="6572" VPOS="4217" WIDTH="43"/>
            <String HPOS="6615" VPOS="4217" HEIGHT="35" WIDTH="47" ID="PAG_13_ST000384" WC="1" CONTENT="LE" STYLEREFS="TXT_26"/>
            <SP ID="PAG_13_SP000321" HPOS="6662" VPOS="4217" WIDTH="52"/>
            <String HPOS="6714" VPOS="4217" HEIGHT="36" WIDTH="252" ID="PAG_13_ST000385" WC="1" CONTENT="MAXIMUM" STYLEREFS="TXT_26"/>
            <SP ID="PAG_13_SP000322" HPOS="6966" VPOS="4217" WIDTH="48"/>
            <String HPOS="7014" VPOS="4217" HEIGHT="35" WIDTH="60" ID="PAG_13_ST000386" WC="1" CONTENT="DE" STYLEREFS="TXT_26"/>
          </TextLine>
          <TextLine HPOS="6436" VPOS="4252" HEIGHT="46" WIDTH="636" ID="PAG_13_TL000065" STYLEREFS="TXT_26">
            <String HPOS="6436" VPOS="4261" HEIGHT="37" WIDTH="286" ID="PAG_13_ST000387" WC="1" CONTENT="FRAICHEUR" STYLEREFS="TXT_26"/>
            <SP ID="PAG_13_SP000323" HPOS="6722" VPOS="4262" WIDTH="46"/>
            <String HPOS="6768" VPOS="4262" HEIGHT="35" WIDTH="50" ID="PAG_13_ST000388" WC="1" CONTENT="ET" STYLEREFS="TXT_26"/>
            <SP ID="PAG_13_SP000324" HPOS="6818" VPOS="4252" WIDTH="37"/>
            <String HPOS="6855" VPOS="4252" HEIGHT="46" WIDTH="217" ID="PAG_13_ST000389" WC="1" CONTENT="D'ÉCLAT." STYLEREFS="TXT_26"/>
          </TextLine>
        </TextBlock>
        </ComposedBlock>
      </PrintSpace>
    </Page>
  </Layout>
</alto>