<?xml version="1.0" encoding="UTF-8"?>
<alto xmlns="http://www.loc.gov/standards/alto/ns-v3#" xmlns:xsi="http://www.w3.org/2001/XMLSchema-instance" SCHEMAVERSION="alto_bnf-v2_0" xsi:schemaLocation="http://www.loc.gov/standards/alto/ns-v3# http://bibnum.bnf.fr/schema/alto_bnf-v2_0.xsd" xmlns:xlink="http://www.w3.org/TR/xlink">
  <Description>
    <MeasurementUnit>pixel</MeasurementUnit>
    <sourceImageInformation>
      <fileName>00000036.jp2</fileName>
      <fileIdentifier>ark:/12148/bpt6k4701034k/f36</fileIdentifier>
      <documentIdentifier documentIdentifierLocation="NUM">4701034</documentIdentifier>
    </sourceImageInformation>
    <OCRProcessing ID="OCR_1">
      <ocrProcessingStep>
        <processingDateTime>2019-01-29</processingDateTime>
        <processingStepDescription>[001_OCR_BRUT]OCR BRUT 92.27 %</processingStepDescription>
        <processingStepDescription>[002_CHARS]{159}</processingStepDescription>
        <processingStepDescription>[003_CHARS_USED]{154}</processingStepDescription>
        <processingStepDescription>[004_CHARS_SUSPECTS_USED]{0}</processingStepDescription>
        <processingStepDescription>[005_CHARS_UNUSED]{5}</processingStepDescription>
        <processingStepDescription>[006_CHARS_SUSPECTS_UNUSED]{0}</processingStepDescription>
        <processingStepDescription>[007_STRINGS]{31}</processingStepDescription>
        <processingStepDescription>[008_STRINGS_USED]{31}</processingStepDescription>
        <processingStepDescription>[009_STRINGS_SUSPECTS_UNUSED]{0}</processingStepDescription>
        <processingStepDescription>[010_CHARS_LETTERS]{154}</processingStepDescription>
        <processingStepDescription>[011_CHARS_PUNCTUATION]{3}</processingStepDescription>
        <processingStepDescription>[012_CHARS_DIGITS]{0}</processingStepDescription>
        <processingStepDescription>[013_CHARS_SUSPECT]{0}</processingStepDescription>
        <processingStepDescription>[022_CHARS_UNUSED_BY_BLOCK]{0}</processingStepDescription>
        <processingStepDescription>[023_BLOCKS_SUSPECTS]{0}</processingStepDescription>
        <processingStepDescription>[111_LIGS_DETECTED_CURV]{0}</processingStepDescription>
      </ocrProcessingStep>
    </OCRProcessing>
  </Description>
  <Styles>
    <TextStyle FONTSIZE="36" ID="TXT_19" FONTFAMILY="Times"/>
    <TextStyle FONTSIZE="9" ID="TXT_21" FONTFAMILY="Times"/>
  </Styles>
  <Tags>
    <StructureTag DESCRIPTION="DONNEZ MOI UN CONSEIL" TYPE="Structural" ID="TAG_ST001" LABEL="title"/>
    <StructureTag DESCRIPTION="« QUE DOIS-JE FAIRE ?» LA QUESTION FUSE CENT FOIS PAR JOUR MARIE-CLAIRE CONTINUE A VOUS PRÉSENTER DES SUGGESTIONS PRATIQUES ET VARIÉES QUI SONT ÉGALEMENT DES SOLUTIONS" TYPE="Structural" ID="TAG_ST002" LABEL="subtitle"/>
  </Tags>
  <Layout>
    <Page ID="PAG_36" HEIGHT="5027" WIDTH="3865" PHYSICAL_IMG_NR="36" QUALITY="OK" ACCURACY="99.93">
      <PrintSpace HPOS="300" VPOS="213" HEIGHT="4472" WIDTH="3437" ID="PAG_36_PrintSpace">
        <ComposedBlock ID="PAG_36_CB000001" HPOS="300" VPOS="213" HEIGHT="4472" WIDTH="3437">
        <TextBlock HPOS="1504" VPOS="1940" HEIGHT="144" WIDTH="1064" ID="PAG_36_TB000001" TAGREFS="TAG_ST001" LANG="fr" STYLEREFS="TXT_19">
          <TextLine HPOS="1504" VPOS="1940" HEIGHT="144" WIDTH="1064" ID="PAG_36_TL000001" STYLEREFS="TXT_19">
            <String HPOS="1504" VPOS="1944" HEIGHT="140" WIDTH="664" ID="PAG_36_ST000001" WC="1" CONTENT="DONNEZ" STYLEREFS="TXT_19"/>
            <SP ID="PAG_36_SP000001" HPOS="2168" VPOS="1940" WIDTH="104"/>
            <String HPOS="2272" VPOS="1940" HEIGHT="140" WIDTH="296" ID="PAG_36_ST000002" WC="1" CONTENT="MOI" STYLEREFS="TXT_19"/>
          </TextLine>
        </TextBlock>
        <TextBlock HPOS="1500" VPOS="2116" HEIGHT="136" WIDTH="1064" ID="PAG_36_TB000002" TAGREFS="TAG_ST001" LANG="fr" STYLEREFS="TXT_19">
          <TextLine HPOS="1500" VPOS="2116" HEIGHT="136" WIDTH="1064" ID="PAG_36_TL000002" STYLEREFS="TXT_19">
            <String HPOS="1500" VPOS="2116" HEIGHT="136" WIDTH="208" ID="PAG_36_ST000003" WC="1" CONTENT="UN" STYLEREFS="TXT_19"/>
            <SP ID="PAG_36_SP000002" HPOS="1708" VPOS="2116" WIDTH="120"/>
            <String HPOS="1828" VPOS="2116" HEIGHT="136" WIDTH="736" ID="PAG_36_ST000004" WC="0.99" CONTENT="CONSEIL" STYLEREFS="TXT_19"/>
          </TextLine>
        </TextBlock>
        <TextBlock HPOS="1500" VPOS="2299" HEIGHT="269" WIDTH="1068" ID="PAG_36_TB000003" TAGREFS="TAG_ST002" LANG="fr" STYLEREFS="TXT_21">
          <TextLine HPOS="1502" VPOS="2299" HEIGHT="43" WIDTH="1065" ID="PAG_36_TL000003" STYLEREFS="TXT_21">
            <String HPOS="1502" VPOS="2312" HEIGHT="23" WIDTH="22" ID="PAG_36_ST000005" WC="1" CONTENT="«" STYLEREFS="TXT_21"/>
            <SP ID="PAG_36_SP000003" HPOS="1524" VPOS="2300" WIDTH="25"/>
            <String HPOS="1549" VPOS="2300" HEIGHT="42" WIDTH="103" ID="PAG_36_ST000006" WC="1" CONTENT="QUE" STYLEREFS="TXT_21"/>
            <SP ID="PAG_36_SP000004" HPOS="1652" VPOS="2299" WIDTH="36"/>
            <String HPOS="1688" VPOS="2299" HEIGHT="41" WIDTH="199" ID="PAG_36_ST000007" WC="1" CONTENT="DOIS-JE" STYLEREFS="TXT_21"/>
            <SP ID="PAG_36_SP000005" HPOS="1887" VPOS="2299" WIDTH="42"/>
            <String HPOS="1929" VPOS="2299" HEIGHT="39" WIDTH="140" ID="PAG_36_ST000008" WC="1" CONTENT="FAIRE" STYLEREFS="TXT_21"/>
            <SP ID="PAG_36_SP000006" HPOS="2069" VPOS="2299" WIDTH="16"/>
            <String HPOS="2085" VPOS="2299" HEIGHT="38" WIDTH="72" ID="PAG_36_ST000009" WC="1" CONTENT="?»" STYLEREFS="TXT_21"/>
            <SP ID="PAG_36_SP000007" HPOS="2157" VPOS="2300" WIDTH="41"/>
            <String HPOS="2198" VPOS="2300" HEIGHT="38" WIDTH="61" ID="PAG_36_ST000010" WC="1" CONTENT="LA" STYLEREFS="TXT_21"/>
            <SP ID="PAG_36_SP000008" HPOS="2259" VPOS="2299" WIDTH="41"/>
            <String HPOS="2300" VPOS="2299" HEIGHT="41" WIDTH="267" ID="PAG_36_ST000011" WC="1" CONTENT="QUESTION" STYLEREFS="TXT_21"/>
          </TextLine>
          <TextLine HPOS="1502" VPOS="2356" HEIGHT="41" WIDTH="1065" ID="PAG_36_TL000004" STYLEREFS="TXT_21">
            <String HPOS="1502" VPOS="2356" HEIGHT="40" WIDTH="114" ID="PAG_36_ST000012" WC="1" CONTENT="FUSE" STYLEREFS="TXT_21"/>
            <SP ID="PAG_36_SP000009" HPOS="1616" VPOS="2356" WIDTH="19"/>
            <String HPOS="1635" VPOS="2356" HEIGHT="41" WIDTH="126" ID="PAG_36_ST000013" WC="1" CONTENT="CENT" STYLEREFS="TXT_21"/>
            <SP ID="PAG_36_SP000010" HPOS="1761" VPOS="2356" WIDTH="20"/>
            <String HPOS="1781" VPOS="2356" HEIGHT="41" WIDTH="109" ID="PAG_36_ST000014" WC="1" CONTENT="FOIS" STYLEREFS="TXT_21"/>
            <SP ID="PAG_36_SP000011" HPOS="1890" VPOS="2356" WIDTH="23"/>
            <String HPOS="1913" VPOS="2356" HEIGHT="40" WIDTH="100" ID="PAG_36_ST000015" WC="0.99" CONTENT="PAR" STYLEREFS="TXT_21"/>
            <SP ID="PAG_36_SP000012" HPOS="2013" VPOS="2356" WIDTH="17"/>
            <String HPOS="2030" VPOS="2356" HEIGHT="39" WIDTH="152" ID="PAG_36_ST000016" WC="1" CONTENT="JOUR" STYLEREFS="TXT_21"/>
            <SP ID="PAG_36_SP000013" HPOS="2182" VPOS="2356" WIDTH="24"/>
            <String HPOS="2206" VPOS="2356" HEIGHT="40" WIDTH="361" ID="PAG_36_ST000017" WC="1" CONTENT="MARIE-CLAIRE" STYLEREFS="TXT_21"/>
          </TextLine>
          <TextLine HPOS="1502" VPOS="2407" HEIGHT="47" WIDTH="1066" ID="PAG_36_TL000005" STYLEREFS="TXT_21">
            <String HPOS="1502" VPOS="2413" HEIGHT="41" WIDTH="267" ID="PAG_36_ST000018" WC="1" CONTENT="CONTINUE" STYLEREFS="TXT_21"/>
            <SP ID="PAG_36_SP000014" HPOS="1769" VPOS="2410" WIDTH="47"/>
            <String HPOS="1816" VPOS="2410" HEIGHT="42" WIDTH="37" ID="PAG_36_ST000019" WC="1" CONTENT="A" STYLEREFS="TXT_21"/>
            <SP ID="PAG_36_SP000015" HPOS="1853" VPOS="2412" WIDTH="46"/>
            <String HPOS="1899" VPOS="2412" HEIGHT="40" WIDTH="163" ID="PAG_36_ST000020" WC="1" CONTENT="VOUS" STYLEREFS="TXT_21"/>
            <SP ID="PAG_36_SP000016" HPOS="2062" VPOS="2407" WIDTH="47"/>
            <String HPOS="2109" VPOS="2407" HEIGHT="46" WIDTH="319" ID="PAG_36_ST000021" WC="1" CONTENT="PRÉSENTER" STYLEREFS="TXT_21"/>
            <SP ID="PAG_36_SP000017" HPOS="2428" VPOS="2412" WIDTH="51"/>
            <String HPOS="2479" VPOS="2412" HEIGHT="40" WIDTH="89" ID="PAG_36_ST000022" WC="1" CONTENT="DES" STYLEREFS="TXT_21"/>
          </TextLine>
          <TextLine HPOS="1501" VPOS="2463" HEIGHT="48" WIDTH="1066" ID="PAG_36_TL000006" STYLEREFS="TXT_21">
            <String HPOS="1501" VPOS="2470" HEIGHT="41" WIDTH="357" ID="PAG_36_ST000023" WC="0.99" CONTENT="SUGGESTIONS" STYLEREFS="TXT_21"/>
            <SP ID="PAG_36_SP000018" HPOS="1858" VPOS="2469" WIDTH="52"/>
            <String HPOS="1910" VPOS="2469" HEIGHT="42" WIDTH="286" ID="PAG_36_ST000024" WC="1" CONTENT="PRATIQUES" STYLEREFS="TXT_21"/>
            <SP ID="PAG_36_SP000019" HPOS="2196" VPOS="2470" WIDTH="42"/>
            <String HPOS="2238" VPOS="2470" HEIGHT="40" WIDTH="51" ID="PAG_36_ST000025" WC="1" CONTENT="ET" STYLEREFS="TXT_21"/>
            <SP ID="PAG_36_SP000020" HPOS="2289" VPOS="2463" WIDTH="41"/>
            <String HPOS="2330" VPOS="2463" HEIGHT="47" WIDTH="237" ID="PAG_36_ST000026" WC="1" CONTENT="VARIÉES" STYLEREFS="TXT_21"/>
          </TextLine>
          <TextLine HPOS="1500" VPOS="2522" HEIGHT="46" WIDTH="1068" ID="PAG_36_TL000007" STYLEREFS="TXT_21">
            <String HPOS="1500" VPOS="2526" HEIGHT="40" WIDTH="98" ID="PAG_36_ST000027" WC="1" CONTENT="QUI" STYLEREFS="TXT_21"/>
            <SP ID="PAG_36_SP000021" HPOS="1598" VPOS="2527" WIDTH="41"/>
            <String HPOS="1639" VPOS="2527" HEIGHT="39" WIDTH="140" ID="PAG_36_ST000028" WC="1" CONTENT="SONT" STYLEREFS="TXT_21"/>
            <SP ID="PAG_36_SP000022" HPOS="1779" VPOS="2522" WIDTH="38"/>
            <String HPOS="1817" VPOS="2522" HEIGHT="44" WIDTH="296" ID="PAG_36_ST000029" WC="1" CONTENT="ÉGALEMENT" STYLEREFS="TXT_21"/>
            <SP ID="PAG_36_SP000023" HPOS="2113" VPOS="2527" WIDTH="36"/>
            <String HPOS="2149" VPOS="2527" HEIGHT="41" WIDTH="89" ID="PAG_36_ST000030" WC="1" CONTENT="DES" STYLEREFS="TXT_21"/>
            <SP ID="PAG_36_SP000024" HPOS="2238" VPOS="2526" WIDTH="33"/>
            <String HPOS="2271" VPOS="2526" HEIGHT="41" WIDTH="297" ID="PAG_36_ST000031" WC="1" CONTENT="SOLUTIONS" STYLEREFS="TXT_21"/>
          </TextLine>
        </TextBlock>
        <Illustration ID="PAG_36_IL000001" HPOS="300" VPOS="213" HEIGHT="4472" WIDTH="3437"/>
        </ComposedBlock>
      </PrintSpace>
    </Page>
  </Layout>
</alto>