<?xml version="1.0" encoding="UTF-8"?>
<alto xmlns="http://www.loc.gov/standards/alto/ns-v3#" xmlns:xsi="http://www.w3.org/2001/XMLSchema-instance" SCHEMAVERSION="alto_bnf-v2_0" xsi:schemaLocation="http://www.loc.gov/standards/alto/ns-v3# http://bibnum.bnf.fr/schema/alto_bnf-v2_0.xsd" xmlns:xlink="http://www.w3.org/TR/xlink">
  <Description>
    <MeasurementUnit>pixel</MeasurementUnit>
    <sourceImageInformation>
      <fileName>00000025.jp2</fileName>
      <fileIdentifier>ark:/12148/bpt6k4701034k/f25</fileIdentifier>
      <documentIdentifier documentIdentifierLocation="NUM">4701034</documentIdentifier>
    </sourceImageInformation>
    <OCRProcessing ID="OCR_1">
      <ocrProcessingStep>
        <processingDateTime>2019-01-29</processingDateTime>
        <processingStepDescription>[001_OCR_BRUT]OCR BRUT 87.01 %</processingStepDescription>
        <processingStepDescription>[002_CHARS]{1198}</processingStepDescription>
        <processingStepDescription>[003_CHARS_USED]{0}</processingStepDescription>
        <processingStepDescription>[004_CHARS_SUSPECTS_USED]{0}</processingStepDescription>
        <processingStepDescription>[005_CHARS_UNUSED]{1198}</processingStepDescription>
        <processingStepDescription>[006_CHARS_SUSPECTS_UNUSED]{0}</processingStepDescription>
        <processingStepDescription>[007_STRINGS]{252}</processingStepDescription>
        <processingStepDescription>[008_STRINGS_USED]{0}</processingStepDescription>
        <processingStepDescription>[009_STRINGS_SUSPECTS_UNUSED]{0}</processingStepDescription>
        <processingStepDescription>[010_CHARS_LETTERS]{1114}</processingStepDescription>
        <processingStepDescription>[011_CHARS_PUNCTUATION]{66}</processingStepDescription>
        <processingStepDescription>[012_CHARS_DIGITS]{17}</processingStepDescription>
        <processingStepDescription>[013_CHARS_SUSPECT]{0}</processingStepDescription>
        <processingStepDescription>[022_CHARS_UNUSED_BY_BLOCK]{0}</processingStepDescription>
        <processingStepDescription>[023_BLOCKS_SUSPECTS]{0}</processingStepDescription>
        <processingStepDescription>[111_LIGS_DETECTED_CURV]{0}</processingStepDescription>
      </ocrProcessingStep>
    </OCRProcessing>
  </Description>
  <Styles>
    <TextStyle FONTSIZE="7" ID="TXT_20" FONTFAMILY="Times"/>
    <TextStyle FONTSIZE="8" ID="TXT_26" FONTFAMILY="Times"/>
  </Styles>
  <Tags/>
  <Layout>
    <Page ID="PAG_25" HEIGHT="4941" WIDTH="3865" PHYSICAL_IMG_NR="25" QUALITY="OK" ACCURACY="100.00">
      <PrintSpace HPOS="170" VPOS="195" HEIGHT="4509" WIDTH="3494" ID="PAG_25_PrintSpace">
        <ComposedBlock ID="PAG_25_CB000001" HPOS="170" VPOS="195" HEIGHT="4509" WIDTH="3494">
        <Illustration ID="PAG_25_IL000001" HPOS="170" VPOS="195" HEIGHT="3129" WIDTH="2408"/>
        <TextBlock HPOS="853" VPOS="3347" HEIGHT="39" WIDTH="622" ID="PAG_25_TB000001" LANG="fr" STYLEREFS="TXT_26">
          <TextLine HPOS="853" VPOS="3347" HEIGHT="39" WIDTH="622" ID="PAG_25_TL000001" STYLEREFS="TXT_26">
            <String HPOS="853" VPOS="3347" HEIGHT="37" WIDTH="190" ID="PAG_25_ST000001" WC="0.74" CONTENT="MAIINI." STYLEREFS="TXT_26"/>
            <SP ID="PAG_25_SP000001" HPOS="1043" VPOS="3349" WIDTH="26"/>
            <String HPOS="1069" VPOS="3349" HEIGHT="34" WIDTH="46" ID="PAG_25_ST000002" WC="1" CONTENT="IT" STYLEREFS="TXT_26"/>
            <SP ID="PAG_25_SP000002" HPOS="1115" VPOS="3349" WIDTH="22"/>
            <String HPOS="1137" VPOS="3349" HEIGHT="36" WIDTH="138" ID="PAG_25_ST000003" WC="0.96" CONTENT="VOUTI" STYLEREFS="TXT_26"/>
            <SP ID="PAG_25_SP000003" HPOS="1275" VPOS="3350" WIDTH="25"/>
            <String HPOS="1300" VPOS="3350" HEIGHT="36" WIDTH="175" ID="PAG_25_ST000004" WC="0.75" CONTENT="CILISTU" STYLEREFS="TXT_26"/>
          </TextLine>
        </TextBlock>
        <TextBlock HPOS="701" VPOS="3539" HEIGHT="451" WIDTH="978" ID="PAG_25_TB000002" LANG="fr" STYLEREFS="TXT_20">
          <TextLine HPOS="702" VPOS="3539" HEIGHT="37" WIDTH="942" ID="PAG_25_TL000002" STYLEREFS="TXT_20">
            <String HPOS="702" VPOS="3541" HEIGHT="35" WIDTH="176" ID="PAG_25_ST000005" WC="0.97" CONTENT="MARINES" STYLEREFS="TXT_20"/>
            <SP ID="PAG_25_SP000004" HPOS="878" VPOS="3541" WIDTH="27"/>
            <String HPOS="905" VPOS="3541" HEIGHT="35" WIDTH="42" ID="PAG_25_ST000006" WC="0.36" CONTENT="L7" STYLEREFS="TXT_20"/>
            <SP ID="PAG_25_SP000005" HPOS="947" VPOS="3540" WIDTH="30"/>
            <String HPOS="977" VPOS="3540" HEIGHT="35" WIDTH="125" ID="PAG_25_ST000007" WC="0.84" CONTENT="VOUTE" STYLEREFS="TXT_20"/>
            <SP ID="PAG_25_SP000006" HPOS="1102" VPOS="3539" WIDTH="28"/>
            <String HPOS="1130" VPOS="3539" HEIGHT="36" WIDTH="167" ID="PAG_25_ST000008" WC="0.77" CONTENT="CELESTE." STYLEREFS="TXT_20"/>
            <SP ID="PAG_25_SP000007" HPOS="1297" VPOS="3540" WIDTH="29"/>
            <String HPOS="1326" VPOS="3540" HEIGHT="33" WIDTH="64" ID="PAG_25_ST000009" WC="0.82" CONTENT="Une" STYLEREFS="TXT_20"/>
            <SP ID="PAG_25_SP000008" HPOS="1390" VPOS="3539" WIDTH="27"/>
            <String HPOS="1417" VPOS="3539" HEIGHT="34" WIDTH="158" ID="PAG_25_ST000010" WC="0.68" CONTENT="cheminée" STYLEREFS="TXT_20"/>
            <SP ID="PAG_25_SP000009" HPOS="1575" VPOS="3539" WIDTH="28"/>
            <String HPOS="1603" VPOS="3539" HEIGHT="34" WIDTH="41" ID="PAG_25_ST000011" WC="0.97" CONTENT="de" STYLEREFS="TXT_20"/>
          </TextLine>
          <TextLine HPOS="702" VPOS="3585" HEIGHT="41" WIDTH="941" ID="PAG_25_TL000003" STYLEREFS="TXT_20">
            <String HPOS="702" VPOS="3588" HEIGHT="33" WIDTH="122" ID="PAG_25_ST000012" WC="0.98" CONTENT="marbre" STYLEREFS="TXT_20"/>
            <SP ID="PAG_25_SP000010" HPOS="824" VPOS="3588" WIDTH="25"/>
            <String HPOS="849" VPOS="3588" HEIGHT="34" WIDTH="103" ID="PAG_25_ST000013" WC="0.95" CONTENT="blanc," STYLEREFS="TXT_20"/>
            <SP ID="PAG_25_SP000011" HPOS="952" VPOS="3588" WIDTH="26"/>
            <String HPOS="978" VPOS="3588" HEIGHT="32" WIDTH="20" ID="PAG_25_ST000014" WC="0.97" CONTENT="à" STYLEREFS="TXT_20"/>
            <SP ID="PAG_25_SP000012" HPOS="998" VPOS="3587" WIDTH="28"/>
            <String HPOS="1026" VPOS="3587" HEIGHT="39" WIDTH="97" ID="PAG_25_ST000015" WC="0.83" CONTENT="lignes" STYLEREFS="TXT_20"/>
            <SP ID="PAG_25_SP000013" HPOS="1123" VPOS="3586" WIDTH="26"/>
            <String HPOS="1149" VPOS="3586" HEIGHT="34" WIDTH="105" ID="PAG_25_ST000016" WC="0.98" CONTENT="sobres" STYLEREFS="TXT_20"/>
            <SP ID="PAG_25_SP000014" HPOS="1254" VPOS="3588" WIDTH="27"/>
            <String HPOS="1281" VPOS="3588" HEIGHT="30" WIDTH="33" ID="PAG_25_ST000017" WC="0.98" CONTENT="et" STYLEREFS="TXT_20"/>
            <SP ID="PAG_25_SP000015" HPOS="1314" VPOS="3585" WIDTH="26"/>
            <String HPOS="1340" VPOS="3585" HEIGHT="38" WIDTH="126" ID="PAG_25_ST000018" WC="0.99" CONTENT="droites," STYLEREFS="TXT_20"/>
            <SP ID="PAG_25_SP000016" HPOS="1466" VPOS="3596" WIDTH="28"/>
            <String HPOS="1494" VPOS="3596" HEIGHT="22" WIDTH="32" ID="PAG_25_ST000019" WC="1" CONTENT="se" STYLEREFS="TXT_20"/>
            <SP ID="PAG_25_SP000017" HPOS="1526" VPOS="3585" WIDTH="26"/>
            <String HPOS="1552" VPOS="3585" HEIGHT="40" WIDTH="91" ID="PAG_25_ST000020" WC="0.87" CONTENT="prite" STYLEREFS="TXT_20"/>
          </TextLine>
          <TextLine HPOS="704" VPOS="3629" HEIGHT="44" WIDTH="946" ID="PAG_25_TL000004" STYLEREFS="TXT_20">
            <String HPOS="704" VPOS="3635" HEIGHT="32" WIDTH="20" ID="PAG_25_ST000021" WC="1" CONTENT="à" STYLEREFS="TXT_20"/>
            <SP ID="PAG_25_SP000018" HPOS="724" VPOS="3636" WIDTH="26"/>
            <String HPOS="750" VPOS="3636" HEIGHT="31" WIDTH="51" ID="PAG_25_ST000022" WC="0.97" CONTENT="cet" STYLEREFS="TXT_20"/>
            <SP ID="PAG_25_SP000019" HPOS="801" VPOS="3635" WIDTH="25"/>
            <String HPOS="826" VPOS="3635" HEIGHT="38" WIDTH="226" ID="PAG_25_ST000023" WC="0.99" CONTENT="arrangement." STYLEREFS="TXT_20"/>
            <SP ID="PAG_25_SP000020" HPOS="1052" VPOS="3632" WIDTH="27"/>
            <String HPOS="1079" VPOS="3632" HEIGHT="33" WIDTH="91" ID="PAG_25_ST000024" WC="0.95" CONTENT="Posez" STYLEREFS="TXT_20"/>
            <SP ID="PAG_25_SP000021" HPOS="1170" VPOS="3632" WIDTH="25"/>
            <String HPOS="1195" VPOS="3632" HEIGHT="32" WIDTH="102" ID="PAG_25_ST000025" WC="0.94" CONTENT="dessus" STYLEREFS="TXT_20"/>
            <SP ID="PAG_25_SP000022" HPOS="1297" VPOS="3642" WIDTH="27"/>
            <String HPOS="1324" VPOS="3642" HEIGHT="22" WIDTH="36" ID="PAG_25_ST000026" WC="1" CONTENT="un" STYLEREFS="TXT_20"/>
            <SP ID="PAG_25_SP000023" HPOS="1360" VPOS="3629" WIDTH="27"/>
            <String HPOS="1387" VPOS="3629" HEIGHT="41" WIDTH="196" ID="PAG_25_ST000027" WC="0.99" CONTENT="assemblage" STYLEREFS="TXT_20"/>
            <SP ID="PAG_25_SP000024" HPOS="1583" VPOS="3629" WIDTH="26"/>
            <String HPOS="1609" VPOS="3629" HEIGHT="34" WIDTH="41" ID="PAG_25_ST000028" WC="0.97" CONTENT="de" STYLEREFS="TXT_20"/>
          </TextLine>
          <TextLine HPOS="703" VPOS="3675" HEIGHT="45" WIDTH="976" ID="PAG_25_TL000005" STYLEREFS="TXT_20">
            <String HPOS="703" VPOS="3679" HEIGHT="41" WIDTH="133" ID="PAG_25_ST000029" WC="0.99" CONTENT="plaques" STYLEREFS="TXT_20"/>
            <SP ID="PAG_25_SP000025" HPOS="836" VPOS="3681" WIDTH="27"/>
            <String HPOS="863" VPOS="3681" HEIGHT="32" WIDTH="41" ID="PAG_25_ST000030" WC="0.98" CONTENT="de" STYLEREFS="TXT_20"/>
            <SP ID="PAG_25_SP000026" HPOS="904" VPOS="3689" WIDTH="28"/>
            <String HPOS="932" VPOS="3689" HEIGHT="23" WIDTH="86" ID="PAG_25_ST000031" WC="0.97" CONTENT="verre" STYLEREFS="TXT_20"/>
            <SP ID="PAG_25_SP000027" HPOS="1018" VPOS="3678" WIDTH="27"/>
            <String HPOS="1045" VPOS="3678" HEIGHT="33" WIDTH="118" ID="PAG_25_ST000032" WC="0.99" CONTENT="réunies" STYLEREFS="TXT_20"/>
            <SP ID="PAG_25_SP000028" HPOS="1163" VPOS="3687" WIDTH="26"/>
            <String HPOS="1189" VPOS="3687" HEIGHT="30" WIDTH="59" ID="PAG_25_ST000033" WC="0.99" CONTENT="par" STYLEREFS="TXT_20"/>
            <SP ID="PAG_25_SP000029" HPOS="1248" VPOS="3676" WIDTH="26"/>
            <String HPOS="1274" VPOS="3676" HEIGHT="33" WIDTH="55" ID="PAG_25_ST000034" WC="0.97" CONTENT="des" STYLEREFS="TXT_20"/>
            <SP ID="PAG_25_SP000030" HPOS="1329" VPOS="3675" WIDTH="26"/>
            <String HPOS="1355" VPOS="3675" HEIGHT="34" WIDTH="120" ID="PAG_25_ST000035" WC="0.85" CONTENT="bandes" STYLEREFS="TXT_20"/>
            <SP ID="PAG_25_SP000031" HPOS="1475" VPOS="3686" WIDTH="26"/>
            <String HPOS="1501" VPOS="3686" HEIGHT="25" WIDTH="19" ID="PAG_25_ST000036" WC="0.72" CONTENT="c" STYLEREFS="TXT_20"/>
            <SP ID="PAG_25_SP000032" HPOS="1520" VPOS="3686" WIDTH="26"/>
            <String HPOS="1546" VPOS="3686" HEIGHT="30" WIDTH="103" ID="PAG_25_ST000037" WC="0.93" CONTENT="super." SUBS_TYPE="HypPart1" SUBS_CONTENT="super.étonch." STYLEREFS="TXT_20"/>
            <HYP HPOS="1649" VPOS="3716" WIDTH="30" CONTENT="-"/>
          </TextLine>
          <TextLine HPOS="705" VPOS="3720" HEIGHT="44" WIDTH="946" ID="PAG_25_TL000006" STYLEREFS="TXT_20">
            <String HPOS="705" VPOS="3725" HEIGHT="33" WIDTH="132" ID="PAG_25_ST000038" WC="0.65" CONTENT="étonch." SUBS_TYPE="HypPart2" SUBS_CONTENT="super.étonch." STYLEREFS="TXT_20"/>
            <SP ID="PAG_25_SP000033" HPOS="837" VPOS="3735" WIDTH="22"/>
            <String HPOS="859" VPOS="3735" HEIGHT="23" WIDTH="20" ID="PAG_25_ST000039" WC="0.99" CONTENT="»" STYLEREFS="TXT_20"/>
            <SP ID="PAG_25_SP000034" HPOS="879" VPOS="3723" WIDTH="28"/>
            <String HPOS="907" VPOS="3723" HEIGHT="41" WIDTH="92" ID="PAG_25_ST000040" WC="0.54" CONTENT="(dans" STYLEREFS="TXT_20"/>
            <SP ID="PAG_25_SP000035" HPOS="999" VPOS="3723" WIDTH="24"/>
            <String HPOS="1023" VPOS="3723" HEIGHT="33" WIDTH="42" ID="PAG_25_ST000041" WC="0.79" CONTENT="les" STYLEREFS="TXT_20"/>
            <SP ID="PAG_25_SP000036" HPOS="1065" VPOS="3723" WIDTH="23"/>
            <String HPOS="1088" VPOS="3723" HEIGHT="40" WIDTH="152" ID="PAG_25_ST000042" WC="0.87" CONTENT="magasin" STYLEREFS="TXT_20"/>
            <SP ID="PAG_25_SP000037" HPOS="1240" VPOS="3733" WIDTH="14"/>
            <String HPOS="1254" VPOS="3733" HEIGHT="22" WIDTH="9" ID="PAG_25_ST000043" WC="0.73" CONTENT=";" STYLEREFS="TXT_26"/>
            <SP ID="PAG_25_SP000038" HPOS="1263" VPOS="3722" WIDTH="23"/>
            <String HPOS="1286" VPOS="3722" HEIGHT="31" WIDTH="18" ID="PAG_25_ST000044" WC="1" CONTENT="7" STYLEREFS="TXT_26"/>
            <SP ID="PAG_25_SP000039" HPOS="1304" VPOS="3720" WIDTH="22"/>
            <String HPOS="1326" VPOS="3720" HEIGHT="35" WIDTH="37" ID="PAG_25_ST000045" WC="0.54" CONTENT="If." STYLEREFS="TXT_20"/>
            <SP ID="PAG_25_SP000040" HPOS="1363" VPOS="3722" WIDTH="22"/>
            <String HPOS="1385" VPOS="3722" HEIGHT="33" WIDTH="41" ID="PAG_25_ST000046" WC="1" CONTENT="50" STYLEREFS="TXT_20"/>
            <SP ID="PAG_25_SP000041" HPOS="1426" VPOS="3722" WIDTH="24"/>
            <String HPOS="1450" VPOS="3722" HEIGHT="32" WIDTH="43" ID="PAG_25_ST000047" WC="0.96" CONTENT="les" STYLEREFS="TXT_20"/>
            <SP ID="PAG_25_SP000042" HPOS="1493" VPOS="3722" WIDTH="21"/>
            <String HPOS="1514" VPOS="3722" HEIGHT="31" WIDTH="19" ID="PAG_25_ST000048" WC="1" CONTENT="2" STYLEREFS="TXT_26"/>
            <SP ID="PAG_25_SP000043" HPOS="1533" VPOS="3720" WIDTH="23"/>
            <String HPOS="1556" VPOS="3720" HEIGHT="42" WIDTH="55" ID="PAG_25_ST000049" WC="1" CONTENT="m.)" STYLEREFS="TXT_20"/>
            <SP ID="PAG_25_SP000044" HPOS="1611" VPOS="3731" WIDTH="29"/>
            <String HPOS="1640" VPOS="3731" HEIGHT="26" WIDTH="11" ID="PAG_25_ST000050" WC="0.67" CONTENT=";" STYLEREFS="TXT_20"/>
          </TextLine>
          <TextLine HPOS="703" VPOS="3767" HEIGHT="43" WIDTH="971" ID="PAG_25_TL000007" STYLEREFS="TXT_20">
            <String HPOS="703" VPOS="3770" HEIGHT="40" WIDTH="121" ID="PAG_25_ST000051" WC="0.94" CONTENT="alignez" STYLEREFS="TXT_20"/>
            <SP ID="PAG_25_SP000045" HPOS="824" VPOS="3781" WIDTH="27"/>
            <String HPOS="851" VPOS="3781" HEIGHT="22" WIDTH="57" ID="PAG_25_ST000052" WC="0.82" CONTENT="une" STYLEREFS="TXT_20"/>
            <SP ID="PAG_25_SP000046" HPOS="908" VPOS="3769" WIDTH="26"/>
            <String HPOS="934" VPOS="3769" HEIGHT="34" WIDTH="129" ID="PAG_25_ST000053" WC="0.99" CONTENT="flottille" STYLEREFS="TXT_20"/>
            <SP ID="PAG_25_SP000047" HPOS="1063" VPOS="3770" WIDTH="26"/>
            <String HPOS="1089" VPOS="3770" HEIGHT="32" WIDTH="40" ID="PAG_25_ST000054" WC="1" CONTENT="de" STYLEREFS="TXT_20"/>
            <SP ID="PAG_25_SP000048" HPOS="1129" VPOS="3769" WIDTH="26"/>
            <String HPOS="1155" VPOS="3769" HEIGHT="32" WIDTH="118" ID="PAG_25_ST000055" WC="0.99" CONTENT="navires" STYLEREFS="TXT_20"/>
            <SP ID="PAG_25_SP000049" HPOS="1273" VPOS="3768" WIDTH="27"/>
            <String HPOS="1300" VPOS="3768" HEIGHT="33" WIDTH="41" ID="PAG_25_ST000056" WC="0.98" CONTENT="de" STYLEREFS="TXT_20"/>
            <SP ID="PAG_25_SP000050" HPOS="1341" VPOS="3778" WIDTH="27"/>
            <String HPOS="1368" VPOS="3778" HEIGHT="29" WIDTH="118" ID="PAG_25_ST000057" WC="0.99" CONTENT="guerre," STYLEREFS="TXT_20"/>
            <SP ID="PAG_25_SP000051" HPOS="1486" VPOS="3767" WIDTH="27"/>
            <String HPOS="1513" VPOS="3767" HEIGHT="32" WIDTH="41" ID="PAG_25_ST000058" WC="0.98" CONTENT="de" STYLEREFS="TXT_20"/>
            <SP ID="PAG_25_SP000052" HPOS="1554" VPOS="3767" WIDTH="27"/>
            <String HPOS="1581" VPOS="3767" HEIGHT="38" WIDTH="63" ID="PAG_25_ST000059" WC="0.93" CONTENT="jon-" SUBS_TYPE="HypPart1" SUBS_CONTENT="jonques" STYLEREFS="TXT_20"/>
            <HYP HPOS="1644" VPOS="3805" WIDTH="30" CONTENT="-"/>
          </TextLine>
          <TextLine HPOS="702" VPOS="3813" HEIGHT="42" WIDTH="942" ID="PAG_25_TL000008" STYLEREFS="TXT_20">
            <String HPOS="702" VPOS="3827" HEIGHT="28" WIDTH="74" ID="PAG_25_ST000060" WC="0.96" CONTENT="ques" SUBS_TYPE="HypPart2" SUBS_CONTENT="jonques" STYLEREFS="TXT_20"/>
            <SP ID="PAG_25_SP000053" HPOS="776" VPOS="3816" WIDTH="31"/>
            <String HPOS="807" VPOS="3816" HEIGHT="35" WIDTH="161" ID="PAG_25_ST000061" WC="0.99" CONTENT="chinoises," STYLEREFS="TXT_20"/>
            <SP ID="PAG_25_SP000054" HPOS="968" VPOS="3814" WIDTH="32"/>
            <String HPOS="1000" VPOS="3814" HEIGHT="34" WIDTH="41" ID="PAG_25_ST000062" WC="0.98" CONTENT="de" STYLEREFS="TXT_20"/>
            <SP ID="PAG_25_SP000055" HPOS="1041" VPOS="3814" WIDTH="29"/>
            <String HPOS="1070" VPOS="3814" HEIGHT="41" WIDTH="146" ID="PAG_25_ST000063" WC="0.99" CONTENT="pirogues" STYLEREFS="TXT_20"/>
            <SP ID="PAG_25_SP000056" HPOS="1216" VPOS="3814" WIDTH="32"/>
            <String HPOS="1248" VPOS="3814" HEIGHT="32" WIDTH="20" ID="PAG_25_ST000064" WC="0.97" CONTENT="à" STYLEREFS="TXT_20"/>
            <SP ID="PAG_25_SP000057" HPOS="1268" VPOS="3813" WIDTH="29"/>
            <String HPOS="1297" VPOS="3813" HEIGHT="33" WIDTH="162" ID="PAG_25_ST000065" WC="0.99" CONTENT="balancier" STYLEREFS="TXT_20"/>
            <SP ID="PAG_25_SP000058" HPOS="1459" VPOS="3813" WIDTH="35"/>
            <String HPOS="1494" VPOS="3813" HEIGHT="41" WIDTH="150" ID="PAG_25_ST000066" WC="0.86" CONTENT="(possag." STYLEREFS="TXT_20"/>
          </TextLine>
          <TextLine HPOS="702" VPOS="3857" HEIGHT="43" WIDTH="940" ID="PAG_25_TL000009" STYLEREFS="TXT_20">
            <String HPOS="702" VPOS="3862" HEIGHT="34" WIDTH="41" ID="PAG_25_ST000067" WC="1" CONTENT="du" STYLEREFS="TXT_20"/>
            <SP ID="PAG_25_SP000059" HPOS="743" VPOS="3861" WIDTH="22"/>
            <String HPOS="765" VPOS="3861" HEIGHT="37" WIDTH="114" ID="PAG_25_ST000068" WC="0.98" CONTENT="Havre," STYLEREFS="TXT_20"/>
            <SP ID="PAG_25_SP000060" HPOS="879" VPOS="3872" WIDTH="22"/>
            <String HPOS="901" VPOS="3872" HEIGHT="22" WIDTH="38" ID="PAG_25_ST000069" WC="1" CONTENT="on" STYLEREFS="TXT_20"/>
            <SP ID="PAG_25_SP000061" HPOS="939" VPOS="3864" WIDTH="23"/>
            <String HPOS="962" VPOS="3864" HEIGHT="30" WIDTH="108" ID="PAG_25_ST000070" WC="1" CONTENT="trouve" STYLEREFS="TXT_20"/>
            <SP ID="PAG_25_SP000062" HPOS="1070" VPOS="3871" WIDTH="23"/>
            <String HPOS="1093" VPOS="3871" HEIGHT="23" WIDTH="36" ID="PAG_25_ST000071" WC="1" CONTENT="un" STYLEREFS="TXT_20"/>
            <SP ID="PAG_25_SP000063" HPOS="1129" VPOS="3859" WIDTH="23"/>
            <String HPOS="1152" VPOS="3859" HEIGHT="41" WIDTH="99" ID="PAG_25_ST000072" WC="0.72" CONTENT="prond" STYLEREFS="TXT_20"/>
            <SP ID="PAG_25_SP000064" HPOS="1251" VPOS="3859" WIDTH="20"/>
            <String HPOS="1271" VPOS="3859" HEIGHT="34" WIDTH="88" ID="PAG_25_ST000073" WC="1" CONTENT="choix" STYLEREFS="TXT_20"/>
            <SP ID="PAG_25_SP000065" HPOS="1359" VPOS="3858" WIDTH="23"/>
            <String HPOS="1382" VPOS="3858" HEIGHT="40" WIDTH="109" ID="PAG_25_ST000074" WC="0.97" CONTENT="depuis" STYLEREFS="TXT_20"/>
            <SP ID="PAG_25_SP000066" HPOS="1491" VPOS="3859" WIDTH="22"/>
            <String HPOS="1513" VPOS="3859" HEIGHT="32" WIDTH="41" ID="PAG_25_ST000075" WC="1" CONTENT="30" STYLEREFS="TXT_20"/>
            <SP ID="PAG_25_SP000067" HPOS="1554" VPOS="3857" WIDTH="20"/>
            <String HPOS="1574" VPOS="3857" HEIGHT="41" WIDTH="68" ID="PAG_25_ST000076" WC="0.95" CONTENT="fr.)." STYLEREFS="TXT_20"/>
          </TextLine>
          <TextLine HPOS="702" VPOS="3903" HEIGHT="39" WIDTH="939" ID="PAG_25_TL000010" STYLEREFS="TXT_20">
            <String HPOS="702" VPOS="3907" HEIGHT="35" WIDTH="121" ID="PAG_25_ST000077" WC="0.88" CONTENT="Devant" STYLEREFS="TXT_20"/>
            <SP ID="PAG_25_SP000068" HPOS="823" VPOS="3906" WIDTH="23"/>
            <String HPOS="846" VPOS="3906" HEIGHT="34" WIDTH="29" ID="PAG_25_ST000078" WC="0.96" CONTENT="le" STYLEREFS="TXT_20"/>
            <SP ID="PAG_25_SP000069" HPOS="875" VPOS="3909" WIDTH="22"/>
            <String HPOS="897" VPOS="3909" HEIGHT="31" WIDTH="143" ID="PAG_25_ST000079" WC="0.99" CONTENT="manteau" STYLEREFS="TXT_20"/>
            <SP ID="PAG_25_SP000070" HPOS="1040" VPOS="3909" WIDTH="22"/>
            <String HPOS="1062" VPOS="3909" HEIGHT="30" WIDTH="34" ID="PAG_25_ST000080" WC="0.98" CONTENT="et" STYLEREFS="TXT_20"/>
            <SP ID="PAG_25_SP000071" HPOS="1096" VPOS="3906" WIDTH="21"/>
            <String HPOS="1117" VPOS="3906" HEIGHT="33" WIDTH="29" ID="PAG_25_ST000081" WC="0.95" CONTENT="le" STYLEREFS="TXT_20"/>
            <SP ID="PAG_25_SP000072" HPOS="1146" VPOS="3905" WIDTH="22"/>
            <String HPOS="1168" VPOS="3905" HEIGHT="33" WIDTH="114" ID="PAG_25_ST000082" WC="0.99" CONTENT="tablier" STYLEREFS="TXT_20"/>
            <SP ID="PAG_25_SP000073" HPOS="1282" VPOS="3904" WIDTH="22"/>
            <String HPOS="1304" VPOS="3904" HEIGHT="34" WIDTH="130" ID="PAG_25_ST000083" WC="0.99" CONTENT="décorés" STYLEREFS="TXT_20"/>
            <SP ID="PAG_25_SP000074" HPOS="1434" VPOS="3904" WIDTH="21"/>
            <String HPOS="1455" VPOS="3904" HEIGHT="34" WIDTH="20" ID="PAG_25_ST000084" WC="0.97" CONTENT="à" STYLEREFS="TXT_20"/>
            <SP ID="PAG_25_SP000075" HPOS="1475" VPOS="3904" WIDTH="23"/>
            <String HPOS="1498" VPOS="3904" HEIGHT="32" WIDTH="32" ID="PAG_25_ST000085" WC="1" CONTENT="la" STYLEREFS="TXT_20"/>
            <SP ID="PAG_25_SP000076" HPOS="1530" VPOS="3903" WIDTH="19"/>
            <String HPOS="1549" VPOS="3903" HEIGHT="39" WIDTH="92" ID="PAG_25_ST000086" WC="1" CONTENT="façon" STYLEREFS="TXT_20"/>
          </TextLine>
          <TextLine HPOS="701" VPOS="3948" HEIGHT="42" WIDTH="940" ID="PAG_25_TL000011" STYLEREFS="TXT_20">
            <String HPOS="701" VPOS="3953" HEIGHT="34" WIDTH="41" ID="PAG_25_ST000087" WC="0.98" CONTENT="de" STYLEREFS="TXT_20"/>
            <SP ID="PAG_25_SP000077" HPOS="742" VPOS="3953" WIDTH="35"/>
            <String HPOS="777" VPOS="3953" HEIGHT="34" WIDTH="32" ID="PAG_25_ST000088" WC="0.92" CONTENT="la" STYLEREFS="TXT_20"/>
            <SP ID="PAG_25_SP000078" HPOS="809" VPOS="3952" WIDTH="33"/>
            <String HPOS="842" VPOS="3952" HEIGHT="35" WIDTH="91" ID="PAG_25_ST000089" WC="0.93" CONTENT="voûte" STYLEREFS="TXT_20"/>
            <SP ID="PAG_25_SP000079" HPOS="933" VPOS="3951" WIDTH="34"/>
            <String HPOS="967" VPOS="3951" HEIGHT="37" WIDTH="128" ID="PAG_25_ST000090" WC="0.99" CONTENT="céleste," STYLEREFS="TXT_20"/>
            <SP ID="PAG_25_SP000080" HPOS="1095" VPOS="3962" WIDTH="36"/>
            <String HPOS="1131" VPOS="3962" HEIGHT="23" WIDTH="55" ID="PAG_25_ST000091" WC="0.96" CONTENT="une" STYLEREFS="TXT_20"/>
            <SP ID="PAG_25_SP000081" HPOS="1186" VPOS="3948" WIDTH="34"/>
            <String HPOS="1220" VPOS="3948" HEIGHT="42" WIDTH="229" ID="PAG_25_ST000092" WC="0.99" CONTENT="mappemonde" STYLEREFS="TXT_20"/>
            <SP ID="PAG_25_SP000082" HPOS="1449" VPOS="3950" WIDTH="34"/>
            <String HPOS="1483" VPOS="3950" HEIGHT="33" WIDTH="158" ID="PAG_25_ST000093" WC="0.99" CONTENT="ancienne." STYLEREFS="TXT_20"/>
          </TextLine>
        </TextBlock>
        <TextBlock HPOS="876" VPOS="4036" HEIGHT="10" WIDTH="13" ID="PAG_25_TB000003" LANG="fr" STYLEREFS="TXT_20">
          <TextLine HPOS="876" VPOS="4036" HEIGHT="10" WIDTH="13" ID="PAG_25_TL000012" STYLEREFS="TXT_20">
            <String HPOS="876" VPOS="4036" HEIGHT="10" WIDTH="13" ID="PAG_25_ST000094" WC="0.00" CONTENT="1" STYLEREFS="TXT_20"/>
          </TextLine>
        </TextBlock>
        <TextBlock HPOS="697" VPOS="4091" HEIGHT="452" WIDTH="970" ID="PAG_25_TB000004" LANG="fr" STYLEREFS="TXT_20">
          <TextLine HPOS="698" VPOS="4091" HEIGHT="37" WIDTH="939" ID="PAG_25_TL000013" STYLEREFS="TXT_20">
            <String HPOS="698" VPOS="4093" HEIGHT="34" WIDTH="41" ID="PAG_25_ST000095" WC="0.98" CONTENT="LE" STYLEREFS="TXT_20"/>
            <SP ID="PAG_25_SP000083" HPOS="739" VPOS="4092" WIDTH="21"/>
            <String HPOS="760" VPOS="4092" HEIGHT="36" WIDTH="192" ID="PAG_25_ST000096" WC="0.99" CONTENT="GUIGNOL" STYLEREFS="TXT_20"/>
            <SP ID="PAG_25_SP000084" HPOS="952" VPOS="4092" WIDTH="19"/>
            <String HPOS="971" VPOS="4092" HEIGHT="36" WIDTH="69" ID="PAG_25_ST000097" WC="0.98" CONTENT="DES" STYLEREFS="TXT_20"/>
            <SP ID="PAG_25_SP000085" HPOS="1040" VPOS="4091" WIDTH="21"/>
            <String HPOS="1061" VPOS="4091" HEIGHT="35" WIDTH="187" ID="PAG_25_ST000098" WC="0.82" CONTENT="INFANTS," STYLEREFS="TXT_20"/>
            <SP ID="PAG_25_SP000086" HPOS="1248" VPOS="4091" WIDTH="20"/>
            <String HPOS="1268" VPOS="4091" HEIGHT="33" WIDTH="76" ID="PAG_25_ST000099" WC="0.99" CONTENT="Pour" STYLEREFS="TXT_20"/>
            <SP ID="PAG_25_SP000087" HPOS="1344" VPOS="4092" WIDTH="22"/>
            <String HPOS="1366" VPOS="4092" HEIGHT="32" WIDTH="30" ID="PAG_25_ST000100" WC="0.92" CONTENT="la" STYLEREFS="TXT_20"/>
            <SP ID="PAG_25_SP000088" HPOS="1396" VPOS="4092" WIDTH="21"/>
            <String HPOS="1417" VPOS="4092" HEIGHT="33" WIDTH="144" ID="PAG_25_ST000101" WC="0.99" CONTENT="chambre" STYLEREFS="TXT_20"/>
            <SP ID="PAG_25_SP000089" HPOS="1561" VPOS="4091" WIDTH="22"/>
            <String HPOS="1583" VPOS="4091" HEIGHT="33" WIDTH="54" ID="PAG_25_ST000102" WC="0.97" CONTENT="des" STYLEREFS="TXT_20"/>
          </TextLine>
          <TextLine HPOS="697" VPOS="4137" HEIGHT="42" WIDTH="939" ID="PAG_25_TL000014" STYLEREFS="TXT_20">
            <String HPOS="697" VPOS="4139" HEIGHT="40" WIDTH="106" ID="PAG_25_ST000103" WC="0.99" CONTENT="petits," STYLEREFS="TXT_20"/>
            <SP ID="PAG_25_SP000090" HPOS="803" VPOS="4141" WIDTH="28"/>
            <String HPOS="831" VPOS="4141" HEIGHT="31" WIDTH="86" ID="PAG_25_ST000104" WC="0.72" CONTENT="coite" STYLEREFS="TXT_20"/>
            <SP ID="PAG_25_SP000091" HPOS="917" VPOS="4139" WIDTH="27"/>
            <String HPOS="944" VPOS="4139" HEIGHT="34" WIDTH="159" ID="PAG_25_ST000105" WC="0.99" CONTENT="cheminée" STYLEREFS="TXT_20"/>
            <SP ID="PAG_25_SP000092" HPOS="1103" VPOS="4137" WIDTH="27"/>
            <String HPOS="1130" VPOS="4137" HEIGHT="34" WIDTH="114" ID="PAG_25_ST000106" WC="0.94" CONTENT="banale" STYLEREFS="TXT_20"/>
            <SP ID="PAG_25_SP000093" HPOS="1244" VPOS="4137" WIDTH="27"/>
            <String HPOS="1271" VPOS="4137" HEIGHT="33" WIDTH="127" ID="PAG_25_ST000107" WC="0.99" CONTENT="devient" STYLEREFS="TXT_20"/>
            <SP ID="PAG_25_SP000094" HPOS="1398" VPOS="4137" WIDTH="26"/>
            <String HPOS="1424" VPOS="4137" HEIGHT="33" WIDTH="97" ID="PAG_25_ST000108" WC="0.96" CONTENT="mieux" STYLEREFS="TXT_20"/>
            <SP ID="PAG_25_SP000095" HPOS="1521" VPOS="4137" WIDTH="26"/>
            <String HPOS="1547" VPOS="4137" HEIGHT="38" WIDTH="89" ID="PAG_25_ST000109" WC="1" CONTENT="qu'un" STYLEREFS="TXT_20"/>
          </TextLine>
          <TextLine HPOS="697" VPOS="4181" HEIGHT="40" WIDTH="941" ID="PAG_25_TL000015" STYLEREFS="TXT_20">
            <String HPOS="697" VPOS="4185" HEIGHT="33" WIDTH="97" ID="PAG_25_ST000110" WC="0.99" CONTENT="décor" STYLEREFS="TXT_20"/>
            <SP ID="PAG_25_SP000096" HPOS="794" VPOS="4195" WIDTH="33"/>
            <String HPOS="827" VPOS="4195" HEIGHT="22" WIDTH="9" ID="PAG_25_ST000111" WC="1" CONTENT=":" STYLEREFS="TXT_20"/>
            <SP ID="PAG_25_SP000097" HPOS="836" VPOS="4196" WIDTH="33"/>
            <String HPOS="869" VPOS="4196" HEIGHT="22" WIDTH="36" ID="PAG_25_ST000112" WC="1" CONTENT="un" STYLEREFS="TXT_20"/>
            <SP ID="PAG_25_SP000098" HPOS="905" VPOS="4184" WIDTH="33"/>
            <String HPOS="938" VPOS="4184" HEIGHT="37" WIDTH="131" ID="PAG_25_ST000113" WC="0.97" CONTENT="théâtre," STYLEREFS="TXT_20"/>
            <SP ID="PAG_25_SP000099" HPOS="1069" VPOS="4195" WIDTH="34"/>
            <String HPOS="1103" VPOS="4195" HEIGHT="22" WIDTH="36" ID="PAG_25_ST000114" WC="1" CONTENT="un" STYLEREFS="TXT_20"/>
            <SP ID="PAG_25_SP000100" HPOS="1139" VPOS="4183" WIDTH="33"/>
            <String HPOS="1172" VPOS="4183" HEIGHT="33" WIDTH="137" ID="PAG_25_ST000115" WC="0.99" CONTENT="élément" STYLEREFS="TXT_20"/>
            <SP ID="PAG_25_SP000101" HPOS="1309" VPOS="4182" WIDTH="30"/>
            <String HPOS="1339" VPOS="4182" HEIGHT="33" WIDTH="211" ID="PAG_25_ST000116" WC="0.99" CONTENT="d'attraction." STYLEREFS="TXT_20"/>
            <SP ID="PAG_25_SP000102" HPOS="1550" VPOS="4181" WIDTH="33"/>
            <String HPOS="1583" VPOS="4181" HEIGHT="34" WIDTH="55" ID="PAG_25_ST000117" WC="1" CONTENT="Sur" STYLEREFS="TXT_20"/>
          </TextLine>
          <TextLine HPOS="699" VPOS="4227" HEIGHT="44" WIDTH="937" ID="PAG_25_TL000016" STYLEREFS="TXT_20">
            <String HPOS="699" VPOS="4230" HEIGHT="32" WIDTH="30" ID="PAG_25_ST000118" WC="1" CONTENT="la" STYLEREFS="TXT_20"/>
            <SP ID="PAG_25_SP000103" HPOS="729" VPOS="4230" WIDTH="26"/>
            <String HPOS="755" VPOS="4230" HEIGHT="41" WIDTH="143" ID="PAG_25_ST000119" WC="0.99" CONTENT="peinture" STYLEREFS="TXT_20"/>
            <SP ID="PAG_25_SP000104" HPOS="898" VPOS="4229" WIDTH="27"/>
            <String HPOS="925" VPOS="4229" HEIGHT="36" WIDTH="142" ID="PAG_25_ST000120" WC="0.99" CONTENT="blanche," STYLEREFS="TXT_20"/>
            <SP ID="PAG_25_SP000105" HPOS="1067" VPOS="4229" WIDTH="29"/>
            <String HPOS="1096" VPOS="4229" HEIGHT="34" WIDTH="55" ID="PAG_25_ST000121" WC="1" CONTENT="des" STYLEREFS="TXT_20"/>
            <SP ID="PAG_25_SP000106" HPOS="1151" VPOS="4239" WIDTH="29"/>
            <String HPOS="1180" VPOS="4239" HEIGHT="29" WIDTH="120" ID="PAG_25_ST000122" WC="1" CONTENT="rayures" STYLEREFS="TXT_20"/>
            <SP ID="PAG_25_SP000107" HPOS="1300" VPOS="4228" WIDTH="29"/>
            <String HPOS="1329" VPOS="4228" HEIGHT="33" WIDTH="164" ID="PAG_25_ST000123" WC="1" CONTENT="verticales" STYLEREFS="TXT_20"/>
            <SP ID="PAG_25_SP000108" HPOS="1493" VPOS="4227" WIDTH="27"/>
            <String HPOS="1520" VPOS="4227" HEIGHT="37" WIDTH="116" ID="PAG_25_ST000124" WC="1" CONTENT="bleues," STYLEREFS="TXT_20"/>
          </TextLine>
          <TextLine HPOS="697" VPOS="4272" HEIGHT="43" WIDTH="940" ID="PAG_25_TL000017" STYLEREFS="TXT_20">
            <String HPOS="697" VPOS="4287" HEIGHT="22" WIDTH="83" ID="PAG_25_ST000125" WC="0.75" CONTENT="asseï" STYLEREFS="TXT_20"/>
            <SP ID="PAG_25_SP000109" HPOS="780" VPOS="4276" WIDTH="42"/>
            <String HPOS="822" VPOS="4276" HEIGHT="39" WIDTH="100" ID="PAG_25_ST000126" WC="1" CONTENT="larges" STYLEREFS="TXT_20"/>
            <SP ID="PAG_25_SP000110" HPOS="922" VPOS="4278" WIDTH="41"/>
            <String HPOS="963" VPOS="4278" HEIGHT="30" WIDTH="33" ID="PAG_25_ST000127" WC="0.98" CONTENT="et" STYLEREFS="TXT_20"/>
            <SP ID="PAG_25_SP000111" HPOS="996" VPOS="4275" WIDTH="39"/>
            <String HPOS="1035" VPOS="4275" HEIGHT="40" WIDTH="159" ID="PAG_25_ST000128" WC="0.99" CONTENT="espacées." STYLEREFS="TXT_20"/>
            <SP ID="PAG_25_SP000112" HPOS="1194" VPOS="4273" WIDTH="42"/>
            <String HPOS="1236" VPOS="4273" HEIGHT="34" WIDTH="165" ID="PAG_25_ST000129" WC="0.99" CONTENT="Au-dessus" STYLEREFS="TXT_20"/>
            <SP ID="PAG_25_SP000113" HPOS="1401" VPOS="4273" WIDTH="40"/>
            <String HPOS="1441" VPOS="4273" HEIGHT="34" WIDTH="41" ID="PAG_25_ST000130" WC="1" CONTENT="du" STYLEREFS="TXT_20"/>
            <SP ID="PAG_25_SP000114" HPOS="1482" VPOS="4272" WIDTH="41"/>
            <String HPOS="1523" VPOS="4272" HEIGHT="33" WIDTH="114" ID="PAG_25_ST000131" WC="1" CONTENT="tablier" STYLEREFS="TXT_20"/>
          </TextLine>
          <TextLine HPOS="702" VPOS="4318" HEIGHT="43" WIDTH="965" ID="PAG_25_TL000018" STYLEREFS="TXT_20">
            <String HPOS="702" VPOS="4321" HEIGHT="40" WIDTH="107" ID="PAG_25_ST000132" WC="1" CONTENT="(qu'on" STYLEREFS="TXT_20"/>
            <SP ID="PAG_25_SP000115" HPOS="809" VPOS="4331" WIDTH="30"/>
            <String HPOS="839" VPOS="4331" HEIGHT="23" WIDTH="20" ID="PAG_25_ST000133" WC="0.99" CONTENT="a" STYLEREFS="TXT_20"/>
            <SP ID="PAG_25_SP000116" HPOS="859" VPOS="4321" WIDTH="28"/>
            <String HPOS="887" VPOS="4321" HEIGHT="32" WIDTH="94" ID="PAG_25_ST000134" WC="0.96" CONTENT="retiré" STYLEREFS="TXT_20"/>
            <SP ID="PAG_25_SP000117" HPOS="981" VPOS="4331" WIDTH="28"/>
            <String HPOS="1009" VPOS="4331" HEIGHT="29" WIDTH="79" ID="PAG_25_ST000135" WC="1" CONTENT="pour" STYLEREFS="TXT_20"/>
            <SP ID="PAG_25_SP000118" HPOS="1088" VPOS="4319" WIDTH="28"/>
            <String HPOS="1116" VPOS="4319" HEIGHT="42" WIDTH="113" ID="PAG_25_ST000136" WC="1" CONTENT="figurer" STYLEREFS="TXT_20"/>
            <SP ID="PAG_25_SP000119" HPOS="1229" VPOS="4320" WIDTH="29"/>
            <String HPOS="1258" VPOS="4320" HEIGHT="32" WIDTH="31" ID="PAG_25_ST000137" WC="0.98" CONTENT="la" STYLEREFS="TXT_20"/>
            <SP ID="PAG_25_SP000120" HPOS="1289" VPOS="4318" WIDTH="27"/>
            <String HPOS="1316" VPOS="4318" HEIGHT="42" WIDTH="123" ID="PAG_25_ST000138" WC="0.80" CONTENT="seine)," STYLEREFS="TXT_20"/>
            <SP ID="PAG_25_SP000121" HPOS="1439" VPOS="4330" WIDTH="31"/>
            <String HPOS="1470" VPOS="4330" HEIGHT="21" WIDTH="35" ID="PAG_25_ST000139" WC="1" CONTENT="un" STYLEREFS="TXT_20"/>
            <SP ID="PAG_25_SP000122" HPOS="1505" VPOS="4329" WIDTH="31"/>
            <String HPOS="1536" VPOS="4329" HEIGHT="21" WIDTH="101" ID="PAG_25_ST000140" WC="0.99" CONTENT="arran-" SUBS_TYPE="HypPart1" SUBS_CONTENT="arrangement" STYLEREFS="TXT_20"/>
            <HYP HPOS="1637" VPOS="4350" WIDTH="30" CONTENT="-"/>
          </TextLine>
          <TextLine HPOS="698" VPOS="4362" HEIGHT="45" WIDTH="939" ID="PAG_25_TL000019" STYLEREFS="TXT_20">
            <String HPOS="698" VPOS="4369" HEIGHT="38" WIDTH="125" ID="PAG_25_ST000141" WC="0.95" CONTENT="gement" SUBS_TYPE="HypPart2" SUBS_CONTENT="arrangement" STYLEREFS="TXT_20"/>
            <SP ID="PAG_25_SP000123" HPOS="823" VPOS="4366" WIDTH="27"/>
            <String HPOS="850" VPOS="4366" HEIGHT="34" WIDTH="40" ID="PAG_25_ST000142" WC="0.98" CONTENT="de" STYLEREFS="TXT_20"/>
            <SP ID="PAG_25_SP000124" HPOS="890" VPOS="4366" WIDTH="28"/>
            <String HPOS="918" VPOS="4366" HEIGHT="33" WIDTH="175" ID="PAG_25_ST000143" WC="0.97" CONTENT="cordelière" STYLEREFS="TXT_20"/>
            <SP ID="PAG_25_SP000125" HPOS="1093" VPOS="4365" WIDTH="33"/>
            <String HPOS="1126" VPOS="4365" HEIGHT="41" WIDTH="129" ID="PAG_25_ST000144" WC="0.99" CONTENT="(grands" STYLEREFS="TXT_20"/>
            <SP ID="PAG_25_SP000126" HPOS="1255" VPOS="4364" WIDTH="28"/>
            <String HPOS="1283" VPOS="4364" HEIGHT="39" WIDTH="175" ID="PAG_25_ST000145" WC="0.95" CONTENT="magasins:" STYLEREFS="TXT_20"/>
            <SP ID="PAG_25_SP000127" HPOS="1458" VPOS="4365" WIDTH="27"/>
            <String HPOS="1485" VPOS="4365" HEIGHT="32" WIDTH="20" ID="PAG_25_ST000146" WC="1" CONTENT="0" STYLEREFS="TXT_20"/>
            <SP ID="PAG_25_SP000128" HPOS="1505" VPOS="4362" WIDTH="27"/>
            <String HPOS="1532" VPOS="4362" HEIGHT="34" WIDTH="37" ID="PAG_25_ST000147" WC="0.90" CONTENT="fr." STYLEREFS="TXT_20"/>
            <SP ID="PAG_25_SP000129" HPOS="1569" VPOS="4365" WIDTH="28"/>
            <String HPOS="1597" VPOS="4365" HEIGHT="31" WIDTH="40" ID="PAG_25_ST000148" WC="1" CONTENT="90" STYLEREFS="TXT_20"/>
          </TextLine>
          <TextLine HPOS="699" VPOS="4410" HEIGHT="43" WIDTH="966" ID="PAG_25_TL000020" STYLEREFS="TXT_20">
            <String HPOS="699" VPOS="4412" HEIGHT="34" WIDTH="29" ID="PAG_25_ST000149" WC="0.96" CONTENT="le" STYLEREFS="TXT_20"/>
            <SP ID="PAG_25_SP000130" HPOS="728" VPOS="4412" WIDTH="25"/>
            <String HPOS="753" VPOS="4412" HEIGHT="41" WIDTH="112" ID="PAG_25_ST000150" WC="0.90" CONTENT="mitre)" STYLEREFS="TXT_20"/>
            <SP ID="PAG_25_SP000131" HPOS="865" VPOS="4413" WIDTH="30"/>
            <String HPOS="895" VPOS="4413" HEIGHT="32" WIDTH="20" ID="PAG_25_ST000151" WC="0.97" CONTENT="à" STYLEREFS="TXT_20"/>
            <SP ID="PAG_25_SP000132" HPOS="915" VPOS="4422" WIDTH="24"/>
            <String HPOS="939" VPOS="4422" HEIGHT="30" WIDTH="151" ID="PAG_25_ST000152" WC="1" CONTENT="pompons" STYLEREFS="TXT_20"/>
            <SP ID="PAG_25_SP000133" HPOS="1090" VPOS="4411" WIDTH="25"/>
            <String HPOS="1115" VPOS="4411" HEIGHT="33" WIDTH="41" ID="PAG_25_ST000153" WC="0.98" CONTENT="de" STYLEREFS="TXT_20"/>
            <SP ID="PAG_25_SP000134" HPOS="1156" VPOS="4411" WIDTH="24"/>
            <String HPOS="1180" VPOS="4411" HEIGHT="34" WIDTH="134" ID="PAG_25_ST000154" WC="0.99" CONTENT="couleur." STYLEREFS="TXT_20"/>
            <SP ID="PAG_25_SP000135" HPOS="1314" VPOS="4410" WIDTH="27"/>
            <String HPOS="1341" VPOS="4410" HEIGHT="32" WIDTH="72" ID="PAG_25_ST000155" WC="0.97" CONTENT="Rien" STYLEREFS="TXT_20"/>
            <SP ID="PAG_25_SP000136" HPOS="1413" VPOS="4421" WIDTH="25"/>
            <String HPOS="1438" VPOS="4421" HEIGHT="22" WIDTH="49" ID="PAG_25_ST000156" WC="0.98" CONTENT="sur" STYLEREFS="TXT_20"/>
            <SP ID="PAG_25_SP000137" HPOS="1487" VPOS="4410" WIDTH="25"/>
            <String HPOS="1512" VPOS="4410" HEIGHT="32" WIDTH="31" ID="PAG_25_ST000157" WC="1" CONTENT="la" STYLEREFS="TXT_20"/>
            <SP ID="PAG_25_SP000138" HPOS="1543" VPOS="4410" WIDTH="24"/>
            <String HPOS="1567" VPOS="4410" HEIGHT="31" WIDTH="68" ID="PAG_25_ST000158" WC="0.74" CONTENT="che-" SUBS_TYPE="HypPart1" SUBS_CONTENT="cheminée," STYLEREFS="TXT_20"/>
            <HYP HPOS="1635" VPOS="4441" WIDTH="30" CONTENT="-"/>
          </TextLine>
          <TextLine HPOS="697" VPOS="4454" HEIGHT="44" WIDTH="940" ID="PAG_25_TL000021" STYLEREFS="TXT_20">
            <String HPOS="697" VPOS="4459" HEIGHT="35" WIDTH="110" ID="PAG_25_ST000159" WC="0.98" CONTENT="minée," SUBS_TYPE="HypPart2" SUBS_CONTENT="cheminée," STYLEREFS="TXT_20"/>
            <SP ID="PAG_25_SP000139" HPOS="807" VPOS="4458" WIDTH="30"/>
            <String HPOS="837" VPOS="4458" HEIGHT="32" WIDTH="74" ID="PAG_25_ST000160" WC="0.99" CONTENT="mais" STYLEREFS="TXT_20"/>
            <SP ID="PAG_25_SP000140" HPOS="911" VPOS="4468" WIDTH="31"/>
            <String HPOS="942" VPOS="4468" HEIGHT="22" WIDTH="36" ID="PAG_25_ST000161" WC="1" CONTENT="un" STYLEREFS="TXT_20"/>
            <SP ID="PAG_25_SP000141" HPOS="978" VPOS="4456" WIDTH="30"/>
            <String HPOS="1008" VPOS="4456" HEIGHT="35" WIDTH="91" ID="PAG_25_ST000162" WC="1" CONTENT="motif" STYLEREFS="TXT_20"/>
            <SP ID="PAG_25_SP000142" HPOS="1099" VPOS="4457" WIDTH="28"/>
            <String HPOS="1127" VPOS="4457" HEIGHT="41" WIDTH="88" ID="PAG_25_ST000163" WC="0.86" CONTENT="point" STYLEREFS="TXT_20"/>
            <SP ID="PAG_25_SP000143" HPOS="1215" VPOS="4467" WIDTH="28"/>
            <String HPOS="1243" VPOS="4467" HEIGHT="23" WIDTH="49" ID="PAG_25_ST000164" WC="0.81" CONTENT="sur" STYLEREFS="TXT_20"/>
            <SP ID="PAG_25_SP000144" HPOS="1292" VPOS="4455" WIDTH="29"/>
            <String HPOS="1321" VPOS="4455" HEIGHT="34" WIDTH="29" ID="PAG_25_ST000165" WC="0.95" CONTENT="le" STYLEREFS="TXT_20"/>
            <SP ID="PAG_25_SP000145" HPOS="1350" VPOS="4466" WIDTH="30"/>
            <String HPOS="1380" VPOS="4466" HEIGHT="23" WIDTH="71" ID="PAG_25_ST000166" WC="1" CONTENT="mur." STYLEREFS="TXT_20"/>
            <SP ID="PAG_25_SP000146" HPOS="1451" VPOS="4454" WIDTH="31"/>
            <String HPOS="1482" VPOS="4454" HEIGHT="36" WIDTH="50" ID="PAG_25_ST000167" WC="1" CONTENT="On" STYLEREFS="TXT_20"/>
            <SP ID="PAG_25_SP000147" HPOS="1532" VPOS="4457" WIDTH="29"/>
            <String HPOS="1561" VPOS="4457" HEIGHT="38" WIDTH="76" ID="PAG_25_ST000168" WC="0.97" CONTENT="peut" STYLEREFS="TXT_20"/>
          </TextLine>
          <TextLine HPOS="697" VPOS="4501" HEIGHT="42" WIDTH="939" ID="PAG_25_TL000022" STYLEREFS="TXT_20">
            <String HPOS="697" VPOS="4502" HEIGHT="34" WIDTH="80" ID="PAG_25_ST000169" WC="0.95" CONTENT="faire" STYLEREFS="TXT_20"/>
            <SP ID="PAG_25_SP000148" HPOS="777" VPOS="4503" WIDTH="23"/>
            <String HPOS="800" VPOS="4503" HEIGHT="39" WIDTH="179" ID="PAG_25_ST000170" WC="0.99" CONTENT="également" STYLEREFS="TXT_20"/>
            <SP ID="PAG_25_SP000149" HPOS="979" VPOS="4514" WIDTH="23"/>
            <String HPOS="1002" VPOS="4514" HEIGHT="22" WIDTH="35" ID="PAG_25_ST000171" WC="1" CONTENT="un" STYLEREFS="TXT_20"/>
            <SP ID="PAG_25_SP000150" HPOS="1037" VPOS="4512" WIDTH="24"/>
            <String HPOS="1061" VPOS="4512" HEIGHT="31" WIDTH="118" ID="PAG_25_ST000172" WC="0.99" CONTENT="garage" STYLEREFS="TXT_20"/>
            <SP ID="PAG_25_SP000151" HPOS="1179" VPOS="4502" WIDTH="22"/>
            <String HPOS="1201" VPOS="4502" HEIGHT="32" WIDTH="21" ID="PAG_25_ST000173" WC="0.97" CONTENT="à" STYLEREFS="TXT_20"/>
            <SP ID="PAG_25_SP000152" HPOS="1222" VPOS="4503" WIDTH="21"/>
            <String HPOS="1243" VPOS="4503" HEIGHT="37" WIDTH="100" ID="PAG_25_ST000174" WC="0.97" CONTENT="jouets" STYLEREFS="TXT_20"/>
            <SP ID="PAG_25_SP000153" HPOS="1343" VPOS="4511" WIDTH="24"/>
            <String HPOS="1367" VPOS="4511" HEIGHT="22" WIDTH="9" ID="PAG_25_ST000175" WC="1" CONTENT=":" STYLEREFS="TXT_20"/>
            <SP ID="PAG_25_SP000154" HPOS="1376" VPOS="4504" WIDTH="23"/>
            <String HPOS="1399" VPOS="4504" HEIGHT="34" WIDTH="98" ID="PAG_25_ST000176" WC="0.99" CONTENT="autos," STYLEREFS="TXT_20"/>
            <SP ID="PAG_25_SP000155" HPOS="1497" VPOS="4501" WIDTH="24"/>
            <String HPOS="1521" VPOS="4501" HEIGHT="33" WIDTH="115" ID="PAG_25_ST000177" WC="0.99" CONTENT="avions." STYLEREFS="TXT_20"/>
          </TextLine>
        </TextBlock>
        <TextBlock HPOS="364" VPOS="4602" HEIGHT="39" WIDTH="47" ID="PAG_25_TB000005" LANG="fr" STYLEREFS="TXT_26">
          <TextLine HPOS="364" VPOS="4602" HEIGHT="39" WIDTH="47" ID="PAG_25_TL000023" STYLEREFS="TXT_26">
            <String HPOS="364" VPOS="4602" HEIGHT="39" WIDTH="47" ID="PAG_25_ST000178" WC="1" CONTENT="35" STYLEREFS="TXT_26"/>
          </TextLine>
        </TextBlock>
        <TextBlock HPOS="2578" VPOS="565" HEIGHT="413" WIDTH="944" ID="PAG_25_TB000006" LANG="fr" STYLEREFS="TXT_20">
          <TextLine HPOS="2692" VPOS="565" HEIGHT="44" WIDTH="802" ID="PAG_25_TL000024" STYLEREFS="TXT_20">
            <String HPOS="2692" VPOS="565" HEIGHT="35" WIDTH="48" ID="PAG_25_ST000179" WC="1" CONTENT="LA" STYLEREFS="TXT_20"/>
            <SP ID="PAG_25_SP000156" HPOS="2740" VPOS="566" WIDTH="30"/>
            <String HPOS="2770" VPOS="566" HEIGHT="36" WIDTH="203" ID="PAG_25_ST000180" WC="0.98" CONTENT="CHEMINEE" STYLEREFS="TXT_20"/>
            <SP ID="PAG_25_SP000157" HPOS="2973" VPOS="569" WIDTH="28"/>
            <String HPOS="3001" VPOS="569" HEIGHT="35" WIDTH="84" ID="PAG_25_ST000181" WC="1" CONTENT="AUX" STYLEREFS="TXT_20"/>
            <SP ID="PAG_25_SP000158" HPOS="3085" VPOS="571" WIDTH="28"/>
            <String HPOS="3113" VPOS="571" HEIGHT="34" WIDTH="77" ID="PAG_25_ST000182" WC="0.69" CONTENT="BUE" STYLEREFS="TXT_20"/>
            <SP ID="PAG_25_SP000159" HPOS="3190" VPOS="571" WIDTH="1"/>
            <String HPOS="3191" VPOS="571" HEIGHT="35" WIDTH="72" ID="PAG_25_ST000183" WC="0.95" CONTENT="LOT" STYLEREFS="TXT_20"/>
            <SP ID="PAG_25_SP000160" HPOS="3263" VPOS="572" WIDTH="2"/>
            <String HPOS="3265" VPOS="572" HEIGHT="34" WIDTH="29" ID="PAG_25_ST000184" WC="0.63" CONTENT="S." STYLEREFS="TXT_20"/>
            <SP ID="PAG_25_SP000161" HPOS="3294" VPOS="574" WIDTH="32"/>
            <String HPOS="3326" VPOS="574" HEIGHT="33" WIDTH="85" ID="PAG_25_ST000185" WC="1" CONTENT="Voici" STYLEREFS="TXT_20"/>
            <SP ID="PAG_25_SP000162" HPOS="3411" VPOS="588" WIDTH="27"/>
            <String HPOS="3438" VPOS="588" HEIGHT="21" WIDTH="56" ID="PAG_25_ST000186" WC="1" CONTENT="une" STYLEREFS="TXT_20"/>
          </TextLine>
          <TextLine HPOS="2690" VPOS="612" HEIGHT="46" WIDTH="804" ID="PAG_25_TL000025" STYLEREFS="TXT_20">
            <String HPOS="2690" VPOS="612" HEIGHT="34" WIDTH="157" ID="PAG_25_ST000187" WC="0.99" CONTENT="cheminée" STYLEREFS="TXT_20"/>
            <SP ID="PAG_25_SP000163" HPOS="2847" VPOS="614" WIDTH="18"/>
            <String HPOS="2865" VPOS="614" HEIGHT="38" WIDTH="54" ID="PAG_25_ST000188" WC="1" CONTENT="qui" STYLEREFS="TXT_20"/>
            <SP ID="PAG_25_SP000164" HPOS="2919" VPOS="616" WIDTH="14"/>
            <String HPOS="2933" VPOS="616" HEIGHT="32" WIDTH="114" ID="PAG_25_ST000189" WC="1" CONTENT="servira" STYLEREFS="TXT_20"/>
            <SP ID="PAG_25_SP000165" HPOS="3047" VPOS="618" WIDTH="16"/>
            <String HPOS="3063" VPOS="618" HEIGHT="35" WIDTH="311" ID="PAG_25_ST000190" WC="0.99" CONTENT="occasionnellement" STYLEREFS="TXT_20"/>
            <SP ID="PAG_25_SP000166" HPOS="3374" VPOS="624" WIDTH="17"/>
            <String HPOS="3391" VPOS="624" HEIGHT="34" WIDTH="103" ID="PAG_25_ST000191" WC="1" CONTENT="quand" STYLEREFS="TXT_20"/>
          </TextLine>
          <TextLine HPOS="2578" VPOS="657" HEIGHT="47" WIDTH="944" ID="PAG_25_TL000026" STYLEREFS="TXT_20">
            <String HPOS="2578" VPOS="668" HEIGHT="31" WIDTH="17" ID="PAG_25_ST000192" WC="0.00" CONTENT="T" STYLEREFS="TXT_20"/>
            <SP ID="PAG_25_SP000167" HPOS="2595" VPOS="657" WIDTH="97"/>
            <String HPOS="2692" VPOS="657" HEIGHT="34" WIDTH="43" ID="PAG_25_ST000193" WC="1" CONTENT="les" STYLEREFS="TXT_20"/>
            <SP ID="PAG_25_SP000168" HPOS="2735" VPOS="659" WIDTH="35"/>
            <String HPOS="2770" VPOS="659" HEIGHT="33" WIDTH="171" ID="PAG_25_ST000194" WC="0.98" CONTENT="radiateurs" STYLEREFS="TXT_20"/>
            <SP ID="PAG_25_SP000169" HPOS="2941" VPOS="664" WIDTH="34"/>
            <String HPOS="2975" VPOS="664" HEIGHT="29" WIDTH="68" ID="PAG_25_ST000195" WC="1" CONTENT="sont" STYLEREFS="TXT_20"/>
            <SP ID="PAG_25_SP000170" HPOS="3043" VPOS="662" WIDTH="32"/>
            <String HPOS="3075" VPOS="662" HEIGHT="34" WIDTH="125" ID="PAG_25_ST000196" WC="0.98" CONTENT="arrêtés." STYLEREFS="TXT_20"/>
            <SP ID="PAG_25_SP000171" HPOS="3200" VPOS="663" WIDTH="35"/>
            <String HPOS="3235" VPOS="663" HEIGHT="35" WIDTH="45" ID="PAG_25_ST000197" WC="1" CONTENT="De" STYLEREFS="TXT_20"/>
            <SP ID="PAG_25_SP000172" HPOS="3280" VPOS="665" WIDTH="36"/>
            <String HPOS="3316" VPOS="665" HEIGHT="39" WIDTH="81" ID="PAG_25_ST000198" WC="1" CONTENT="ligne" STYLEREFS="TXT_20"/>
            <SP ID="PAG_25_SP000173" HPOS="3397" VPOS="678" WIDTH="35"/>
            <String HPOS="3432" VPOS="678" HEIGHT="21" WIDTH="60" ID="PAG_25_ST000199" WC="0.99" CONTENT="mo-" SUBS_TYPE="HypPart1" SUBS_CONTENT="moderne," STYLEREFS="TXT_20"/>
            <HYP HPOS="3492" VPOS="699" WIDTH="30" CONTENT="-"/>
          </TextLine>
          <TextLine HPOS="2691" VPOS="703" HEIGHT="43" WIDTH="801" ID="PAG_25_TL000027" STYLEREFS="TXT_20">
            <String HPOS="2691" VPOS="703" HEIGHT="36" WIDTH="104" ID="PAG_25_ST000200" WC="1" CONTENT="derne," SUBS_TYPE="HypPart2" SUBS_CONTENT="moderne," STYLEREFS="TXT_20"/>
            <SP ID="PAG_25_SP000174" HPOS="2795" VPOS="704" WIDTH="23"/>
            <String HPOS="2818" VPOS="704" HEIGHT="33" WIDTH="62" ID="PAG_25_ST000201" WC="0.99" CONTENT="elle" STYLEREFS="TXT_20"/>
            <SP ID="PAG_25_SP000175" HPOS="2880" VPOS="708" WIDTH="23"/>
            <String HPOS="2903" VPOS="708" HEIGHT="30" WIDTH="111" ID="PAG_25_ST000202" WC="0.90" CONTENT="mettra" STYLEREFS="TXT_20"/>
            <SP ID="PAG_25_SP000176" HPOS="3014" VPOS="717" WIDTH="21"/>
            <String HPOS="3035" VPOS="717" HEIGHT="23" WIDTH="35" ID="PAG_25_ST000203" WC="1" CONTENT="en" STYLEREFS="TXT_20"/>
            <SP ID="PAG_25_SP000177" HPOS="3070" VPOS="707" WIDTH="24"/>
            <String HPOS="3094" VPOS="707" HEIGHT="35" WIDTH="103" ID="PAG_25_ST000204" WC="0.99" CONTENT="valeur" STYLEREFS="TXT_20"/>
            <SP ID="PAG_25_SP000178" HPOS="3197" VPOS="709" WIDTH="22"/>
            <String HPOS="3219" VPOS="709" HEIGHT="34" WIDTH="54" ID="PAG_25_ST000205" WC="1" CONTENT="des" STYLEREFS="TXT_20"/>
            <SP ID="PAG_25_SP000179" HPOS="3273" VPOS="710" WIDTH="22"/>
            <String HPOS="3295" VPOS="710" HEIGHT="35" WIDTH="135" ID="PAG_25_ST000206" WC="0.99" CONTENT="bibelots" STYLEREFS="TXT_20"/>
            <SP ID="PAG_25_SP000180" HPOS="3430" VPOS="712" WIDTH="22"/>
            <String HPOS="3452" VPOS="712" HEIGHT="34" WIDTH="40" ID="PAG_25_ST000207" WC="0.97" CONTENT="de" STYLEREFS="TXT_20"/>
          </TextLine>
          <TextLine HPOS="2689" VPOS="748" HEIGHT="47" WIDTH="803" ID="PAG_25_TL000028" STYLEREFS="TXT_20">
            <String HPOS="2689" VPOS="749" HEIGHT="39" WIDTH="75" ID="PAG_25_ST000208" WC="1" CONTENT="prix." STYLEREFS="TXT_20"/>
            <SP ID="PAG_25_SP000181" HPOS="2764" VPOS="748" WIDTH="26"/>
            <String HPOS="2790" VPOS="748" HEIGHT="35" WIDTH="75" ID="PAG_25_ST000209" WC="0.99" CONTENT="Pour" STYLEREFS="TXT_20"/>
            <SP ID="PAG_25_SP000182" HPOS="2865" VPOS="749" WIDTH="23"/>
            <String HPOS="2888" VPOS="749" HEIGHT="38" WIDTH="112" ID="PAG_25_ST000210" WC="0.99" CONTENT="dessus," STYLEREFS="TXT_20"/>
            <SP ID="PAG_25_SP000183" HPOS="3000" VPOS="763" WIDTH="26"/>
            <String HPOS="3026" VPOS="763" HEIGHT="22" WIDTH="55" ID="PAG_25_ST000211" WC="0.99" CONTENT="une" STYLEREFS="TXT_20"/>
            <SP ID="PAG_25_SP000184" HPOS="3081" VPOS="753" WIDTH="24"/>
            <String HPOS="3105" VPOS="753" HEIGHT="39" WIDTH="92" ID="PAG_25_ST000212" WC="0.97" CONTENT="glace" STYLEREFS="TXT_20"/>
            <SP ID="PAG_25_SP000185" HPOS="3197" VPOS="765" WIDTH="24"/>
            <String HPOS="3221" VPOS="765" HEIGHT="25" WIDTH="9" ID="PAG_25_ST000213" WC="1" CONTENT=";" STYLEREFS="TXT_20"/>
            <SP ID="PAG_25_SP000186" HPOS="3230" VPOS="758" WIDTH="24"/>
            <String HPOS="3254" VPOS="758" HEIGHT="30" WIDTH="31" ID="PAG_25_ST000214" WC="0.98" CONTENT="et" STYLEREFS="TXT_20"/>
            <SP ID="PAG_25_SP000187" HPOS="3285" VPOS="756" WIDTH="23"/>
            <String HPOS="3308" VPOS="756" HEIGHT="33" WIDTH="54" ID="PAG_25_ST000215" WC="1" CONTENT="des" STYLEREFS="TXT_20"/>
            <SP ID="PAG_25_SP000188" HPOS="3362" VPOS="757" WIDTH="24"/>
            <String HPOS="3386" VPOS="757" HEIGHT="38" WIDTH="106" ID="PAG_25_ST000216" WC="0.88" CONTENT="glaces" STYLEREFS="TXT_20"/>
          </TextLine>
          <TextLine HPOS="2690" VPOS="794" HEIGHT="46" WIDTH="801" ID="PAG_25_TL000029" STYLEREFS="TXT_20">
            <String HPOS="2690" VPOS="794" HEIGHT="33" WIDTH="82" ID="PAG_25_ST000217" WC="1" CONTENT="aussi" STYLEREFS="TXT_20"/>
            <SP ID="PAG_25_SP000189" HPOS="2772" VPOS="806" WIDTH="25"/>
            <String HPOS="2797" VPOS="806" HEIGHT="22" WIDTH="47" ID="PAG_25_ST000218" WC="1" CONTENT="sur" STYLEREFS="TXT_20"/>
            <SP ID="PAG_25_SP000190" HPOS="2844" VPOS="795" WIDTH="28"/>
            <String HPOS="2872" VPOS="795" HEIGHT="34" WIDTH="43" ID="PAG_25_ST000219" WC="0.91" CONTENT="les" STYLEREFS="TXT_20"/>
            <SP ID="PAG_25_SP000191" HPOS="2915" VPOS="807" WIDTH="28"/>
            <String HPOS="2943" VPOS="807" HEIGHT="27" WIDTH="108" ID="PAG_25_ST000220" WC="0.98" CONTENT="rayons" STYLEREFS="TXT_20"/>
            <SP ID="PAG_25_SP000192" HPOS="3051" VPOS="798" WIDTH="28"/>
            <String HPOS="3079" VPOS="798" HEIGHT="33" WIDTH="42" ID="PAG_25_ST000221" WC="0.98" CONTENT="de" STYLEREFS="TXT_20"/>
            <SP ID="PAG_25_SP000193" HPOS="3121" VPOS="799" WIDTH="29"/>
            <String HPOS="3150" VPOS="799" HEIGHT="38" WIDTH="150" ID="PAG_25_ST000222" WC="0.92" CONTENT="l'étagère" STYLEREFS="TXT_20"/>
            <SP ID="PAG_25_SP000194" HPOS="3300" VPOS="801" WIDTH="33"/>
            <String HPOS="3333" VPOS="801" HEIGHT="39" WIDTH="87" ID="PAG_25_ST000223" WC="0.97" CONTENT="(chez" STYLEREFS="TXT_20"/>
            <SP ID="PAG_25_SP000195" HPOS="3420" VPOS="803" WIDTH="29"/>
            <String HPOS="3449" VPOS="803" HEIGHT="34" WIDTH="42" ID="PAG_25_ST000224" WC="0.96" CONTENT="les" STYLEREFS="TXT_20"/>
          </TextLine>
          <TextLine HPOS="2689" VPOS="839" HEIGHT="45" WIDTH="801" ID="PAG_25_TL000030" STYLEREFS="TXT_20">
            <String HPOS="2689" VPOS="839" HEIGHT="39" WIDTH="171" ID="PAG_25_ST000225" WC="0.99" CONTENT="miroitiers," STYLEREFS="TXT_20"/>
            <SP ID="PAG_25_SP000196" HPOS="2860" VPOS="841" WIDTH="24"/>
            <String HPOS="2884" VPOS="841" HEIGHT="40" WIDTH="67" ID="PAG_25_ST000226" WC="0.98" CONTENT="prix" STYLEREFS="TXT_20"/>
            <SP ID="PAG_25_SP000197" HPOS="2951" VPOS="842" WIDTH="24"/>
            <String HPOS="2975" VPOS="842" HEIGHT="33" WIDTH="84" ID="PAG_25_ST000227" WC="1" CONTENT="selon" STYLEREFS="TXT_20"/>
            <SP ID="PAG_25_SP000198" HPOS="3059" VPOS="843" WIDTH="25"/>
            <String HPOS="3084" VPOS="843" HEIGHT="41" WIDTH="198" ID="PAG_25_ST000228" WC="0.97" CONTENT="dimension)." STYLEREFS="TXT_20"/>
            <SP ID="PAG_25_SP000199" HPOS="3282" VPOS="846" WIDTH="25"/>
            <String HPOS="3307" VPOS="846" HEIGHT="34" WIDTH="51" ID="PAG_25_ST000229" WC="0.97" CONTENT="Les" STYLEREFS="TXT_20"/>
            <SP ID="PAG_25_SP000200" HPOS="3358" VPOS="848" WIDTH="24"/>
            <String HPOS="3382" VPOS="848" HEIGHT="34" WIDTH="108" ID="PAG_25_ST000230" WC="0.97" CONTENT="cadres" STYLEREFS="TXT_20"/>
          </TextLine>
          <TextLine HPOS="2689" VPOS="883" HEIGHT="44" WIDTH="831" ID="PAG_25_TL000031" STYLEREFS="TXT_20">
            <String HPOS="2689" VPOS="883" HEIGHT="35" WIDTH="55" ID="PAG_25_ST000231" WC="1" CONTENT="des" STYLEREFS="TXT_20"/>
            <SP ID="PAG_25_SP000201" HPOS="2744" VPOS="886" WIDTH="29"/>
            <String HPOS="2773" VPOS="886" HEIGHT="34" WIDTH="186" ID="PAG_25_ST000232" WC="0.99" CONTENT="tableautins" STYLEREFS="TXT_20"/>
            <SP ID="PAG_25_SP000202" HPOS="2959" VPOS="891" WIDTH="28"/>
            <String HPOS="2987" VPOS="891" HEIGHT="30" WIDTH="68" ID="PAG_25_ST000233" WC="0.99" CONTENT="sont" STYLEREFS="TXT_20"/>
            <SP ID="PAG_25_SP000203" HPOS="3055" VPOS="890" WIDTH="27"/>
            <String HPOS="3082" VPOS="890" HEIGHT="34" WIDTH="164" ID="PAG_25_ST000234" WC="0.98" CONTENT="accrochés" STYLEREFS="TXT_20"/>
            <SP ID="PAG_25_SP000204" HPOS="3246" VPOS="901" WIDTH="29"/>
            <String HPOS="3275" VPOS="901" HEIGHT="24" WIDTH="75" ID="PAG_25_ST000235" WC="0.97" CONTENT="ovec" STYLEREFS="TXT_20"/>
            <SP ID="PAG_25_SP000205" HPOS="3350" VPOS="893" WIDTH="28"/>
            <String HPOS="3378" VPOS="893" HEIGHT="33" WIDTH="41" ID="PAG_25_ST000236" WC="1" CONTENT="du" STYLEREFS="TXT_20"/>
            <SP ID="PAG_25_SP000206" HPOS="3419" VPOS="904" WIDTH="28"/>
            <String HPOS="3447" VPOS="904" HEIGHT="23" WIDTH="43" ID="PAG_25_ST000237" WC="0.93" CONTENT="ru-" SUBS_TYPE="HypPart1" SUBS_CONTENT="ruban," STYLEREFS="TXT_20"/>
            <HYP HPOS="3490" VPOS="927" WIDTH="30" CONTENT="-"/>
          </TextLine>
          <TextLine HPOS="2689" VPOS="928" HEIGHT="50" WIDTH="800" ID="PAG_25_TL000032" STYLEREFS="TXT_20">
            <String HPOS="2689" VPOS="928" HEIGHT="35" WIDTH="70" ID="PAG_25_ST000238" WC="0.89" CONTENT="ban," SUBS_TYPE="HypPart2" SUBS_CONTENT="ruban," STYLEREFS="TXT_20"/>
            <SP ID="PAG_25_SP000207" HPOS="2759" VPOS="930" WIDTH="29"/>
            <String HPOS="2788" VPOS="930" HEIGHT="34" WIDTH="43" ID="PAG_25_ST000239" WC="1" CONTENT="Un" STYLEREFS="TXT_20"/>
            <SP ID="PAG_25_SP000208" HPOS="2831" VPOS="931" WIDTH="29"/>
            <String HPOS="2860" VPOS="931" HEIGHT="35" WIDTH="83" ID="PAG_25_ST000240" WC="0.98" CONTENT="vieux" STYLEREFS="TXT_20"/>
            <SP ID="PAG_25_SP000209" HPOS="2943" VPOS="933" WIDTH="26"/>
            <String HPOS="2969" VPOS="933" HEIGHT="34" WIDTH="140" ID="PAG_25_ST000241" WC="1" CONTENT="tombour" STYLEREFS="TXT_20"/>
            <SP ID="PAG_25_SP000210" HPOS="3109" VPOS="936" WIDTH="24"/>
            <String HPOS="3133" VPOS="936" HEIGHT="38" WIDTH="99" ID="PAG_25_ST000242" WC="0.98" CONTENT="reçoit" STYLEREFS="TXT_20"/>
            <SP ID="PAG_25_SP000211" HPOS="3232" VPOS="935" WIDTH="26"/>
            <String HPOS="3258" VPOS="935" HEIGHT="37" WIDTH="43" ID="PAG_25_ST000243" WC="0.99" CONTENT="les" STYLEREFS="TXT_20"/>
            <SP ID="PAG_25_SP000212" HPOS="3301" VPOS="937" WIDTH="24"/>
            <String HPOS="3325" VPOS="937" HEIGHT="41" WIDTH="164" ID="PAG_25_ST000244" WC="1" CONTENT="pincettes." STYLEREFS="TXT_20"/>
          </TextLine>
        </TextBlock>
        <Illustration ID="PAG_25_IL000002" HPOS="2578" VPOS="1006" HEIGHT="1902" WIDTH="1086"/>
        <TextBlock HPOS="2596" VPOS="2654" HEIGHT="37" WIDTH="617" ID="PAG_25_TB000007" LANG="fr" STYLEREFS="TXT_26">
          <TextLine HPOS="2596" VPOS="2654" HEIGHT="37" WIDTH="617" ID="PAG_25_TL000033" STYLEREFS="TXT_26">
            <String HPOS="2596" VPOS="2655" HEIGHT="36" WIDTH="51" ID="PAG_25_ST000245" WC="1" CONTENT="LA" STYLEREFS="TXT_26"/>
            <SP ID="PAG_25_SP000213" HPOS="2647" VPOS="2655" WIDTH="23"/>
            <String HPOS="2670" VPOS="2655" HEIGHT="36" WIDTH="220" ID="PAG_25_ST000246" WC="0.99" CONTENT="CHIMINII" STYLEREFS="TXT_26"/>
            <SP ID="PAG_25_SP000214" HPOS="2890" VPOS="2654" WIDTH="23"/>
            <String HPOS="2913" VPOS="2654" HEIGHT="37" WIDTH="85" ID="PAG_25_ST000247" WC="1" CONTENT="AUX" STYLEREFS="TXT_26"/>
            <SP ID="PAG_25_SP000215" HPOS="2998" VPOS="2654" WIDTH="22"/>
            <String HPOS="3020" VPOS="2654" HEIGHT="37" WIDTH="193" ID="PAG_25_ST000248" WC="0.50" CONTENT="8181LOTS" STYLEREFS="TXT_26"/>
          </TextLine>
        </TextBlock>
        <Illustration ID="PAG_25_IL000003" HPOS="1902" VPOS="3118" HEIGHT="1522" WIDTH="1762"/>
        <TextBlock HPOS="2379" VPOS="4668" HEIGHT="36" WIDTH="571" ID="PAG_25_TB000008" LANG="fr" STYLEREFS="TXT_26">
          <TextLine HPOS="2379" VPOS="4668" HEIGHT="36" WIDTH="571" ID="PAG_25_TL000034" STYLEREFS="TXT_26">
            <String HPOS="2379" VPOS="4668" HEIGHT="36" WIDTH="42" ID="PAG_25_ST000249" WC="1" CONTENT="LI" STYLEREFS="TXT_26"/>
            <SP ID="PAG_25_SP000216" HPOS="2421" VPOS="4668" WIDTH="23"/>
            <String HPOS="2444" VPOS="4668" HEIGHT="36" WIDTH="199" ID="PAG_25_ST000250" WC="0.75" CONTENT="OUIONOL" STYLEREFS="TXT_26"/>
            <SP ID="PAG_25_SP000217" HPOS="2643" VPOS="4669" WIDTH="23"/>
            <String HPOS="2666" VPOS="4669" HEIGHT="35" WIDTH="74" ID="PAG_25_ST000251" WC="0.40" CONTENT="Pif" STYLEREFS="TXT_26"/>
            <SP ID="PAG_25_SP000218" HPOS="2740" VPOS="4668" WIDTH="22"/>
            <String HPOS="2762" VPOS="4668" HEIGHT="36" WIDTH="188" ID="PAG_25_ST000252" WC="0.99" CONTENT="INFANTS" STYLEREFS="TXT_26"/>
          </TextLine>
        </TextBlock>
        </ComposedBlock>
      </PrintSpace>
    </Page>
  </Layout>
</alto>