<?xml version="1.0" encoding="UTF-8"?>
<alto xmlns="http://www.loc.gov/standards/alto/ns-v3#" xmlns:xsi="http://www.w3.org/2001/XMLSchema-instance" SCHEMAVERSION="alto_bnf-v2_0" xsi:schemaLocation="http://www.loc.gov/standards/alto/ns-v3# http://bibnum.bnf.fr/schema/alto_bnf-v2_0.xsd" xmlns:xlink="http://www.w3.org/TR/xlink">
  <Description>
    <MeasurementUnit>pixel</MeasurementUnit>
    <sourceImageInformation>
      <fileName>00000016.jp2</fileName>
      <fileIdentifier>ark:/12148/bpt6k4701034k/f16</fileIdentifier>
      <documentIdentifier documentIdentifierLocation="NUM">4701034</documentIdentifier>
    </sourceImageInformation>
    <OCRProcessing ID="OCR_1">
      <ocrProcessingStep>
        <processingDateTime>2019-01-29</processingDateTime>
        <processingStepDescription>[001_OCR_BRUT]OCR BRUT 93.47 %</processingStepDescription>
        <processingStepDescription>[002_CHARS]{1300}</processingStepDescription>
        <processingStepDescription>[003_CHARS_USED]{46}</processingStepDescription>
        <processingStepDescription>[004_CHARS_SUSPECTS_USED]{0}</processingStepDescription>
        <processingStepDescription>[005_CHARS_UNUSED]{1254}</processingStepDescription>
        <processingStepDescription>[006_CHARS_SUSPECTS_UNUSED]{0}</processingStepDescription>
        <processingStepDescription>[007_STRINGS]{284}</processingStepDescription>
        <processingStepDescription>[008_STRINGS_USED]{11}</processingStepDescription>
        <processingStepDescription>[009_STRINGS_SUSPECTS_UNUSED]{0}</processingStepDescription>
        <processingStepDescription>[010_CHARS_LETTERS]{1204}</processingStepDescription>
        <processingStepDescription>[011_CHARS_PUNCTUATION]{71}</processingStepDescription>
        <processingStepDescription>[012_CHARS_DIGITS]{25}</processingStepDescription>
        <processingStepDescription>[013_CHARS_SUSPECT]{0}</processingStepDescription>
        <processingStepDescription>[022_CHARS_UNUSED_BY_BLOCK]{0}</processingStepDescription>
        <processingStepDescription>[023_BLOCKS_SUSPECTS]{0}</processingStepDescription>
        <processingStepDescription>[111_LIGS_DETECTED_CURV]{0}</processingStepDescription>
      </ocrProcessingStep>
    </OCRProcessing>
  </Description>
  <Styles>
    <TextStyle FONTSIZE="7" ID="TXT_20" FONTFAMILY="Times"/>
    <TextStyle FONTSIZE="8" ID="TXT_26" FONTFAMILY="Times"/>
    <TextStyle FONTSIZE="14" ID="TXT_32" FONTFAMILY="Times"/>
    <TextStyle FONTSIZE="69" ID="TXT_33" FONTFAMILY="Times"/>
    <TextStyle FONTSIZE="5" ID="TXT_34" FONTFAMILY="Times"/>
  </Styles>
  <Tags>
    <StructureTag DESCRIPTION="en un tour de main VOUS FEREZ VOUS-MÊME" TYPE="Structural" ID="TAG_ST001" LABEL="title"/>
    <StructureTag DESCRIPTION="CES DEUX CHAPEAUX" TYPE="Structural" ID="TAG_ST002" LABEL="subtitle"/>
  </Tags>
  <Layout>
    <Page ID="PAG_16" HEIGHT="5013" WIDTH="7551" PHYSICAL_IMG_NR="16" QUALITY="OK" ACCURACY="99.77">
      <PrintSpace HPOS="296" VPOS="275" HEIGHT="4420" WIDTH="7016" ID="PAG_16_PrintSpace">
        <ComposedBlock ID="PAG_16_CB000001" HPOS="296" VPOS="275" HEIGHT="4420" WIDTH="7016">
        <TextBlock HPOS="3963" VPOS="3223" HEIGHT="155" WIDTH="172" ID="PAG_16_TB000001" TAGREFS="TAG_ST001" LANG="fr" STYLEREFS="TXT_26">
          <TextLine HPOS="3963" VPOS="3223" HEIGHT="155" WIDTH="172" ID="PAG_16_TL000001" STYLEREFS="TXT_26">
            <String HPOS="3963" VPOS="3223" HEIGHT="155" WIDTH="25" ID="PAG_16_ST000001" WC="1" CONTENT="en" STYLEREFS="TXT_26"/>
            <SP ID="PAG_16_SP000001" HPOS="3988" VPOS="3223" WIDTH="1"/>
            <String HPOS="3988" VPOS="3223" HEIGHT="155" WIDTH="25" ID="PAG_16_ST000002" WC="1" CONTENT="un" STYLEREFS="TXT_26"/>
            <SP ID="PAG_16_SP000002" HPOS="4013" VPOS="3223" WIDTH="1"/>
            <String HPOS="4013" VPOS="3223" HEIGHT="155" WIDTH="43" ID="PAG_16_ST000003" WC="1" CONTENT="tour" STYLEREFS="TXT_26"/>
            <SP ID="PAG_16_SP000003" HPOS="4056" VPOS="3223" WIDTH="1"/>
            <String HPOS="4056" VPOS="3223" HEIGHT="155" WIDTH="25" ID="PAG_16_ST000004" WC="1" CONTENT="de" STYLEREFS="TXT_26"/>
            <SP ID="PAG_16_SP000004" HPOS="4081" VPOS="3223" WIDTH="1"/>
            <String HPOS="4081" VPOS="3223" HEIGHT="155" WIDTH="54" ID="PAG_16_ST000005" WC="1" CONTENT="main" STYLEREFS="TXT_26"/>
          </TextLine>
        </TextBlock>
        <TextBlock HPOS="3292" VPOS="3472" HEIGHT="144" WIDTH="1320" ID="PAG_16_TB000002" TAGREFS="TAG_ST001" LANG="fr" STYLEREFS="TXT_32">
          <TextLine HPOS="3292" VPOS="3472" HEIGHT="144" WIDTH="1320" ID="PAG_16_TL000002" STYLEREFS="TXT_32">
            <String HPOS="3292" VPOS="3484" HEIGHT="68" WIDTH="220" ID="PAG_16_ST000006" WC="0.99" CONTENT="VOUS" STYLEREFS="TXT_32"/>
            <SP ID="PAG_16_SP000005" HPOS="3512" VPOS="3484" WIDTH="36"/>
            <String HPOS="3548" VPOS="3484" HEIGHT="64" WIDTH="240" ID="PAG_16_ST000007" WC="1" CONTENT="FEREZ" STYLEREFS="TXT_32"/>
            <SP ID="PAG_16_SP000006" HPOS="3788" VPOS="3472" WIDTH="124"/>
            <String HPOS="3912" VPOS="3472" HEIGHT="144" WIDTH="700" ID="PAG_16_ST000008" WC="1" CONTENT="VOUS-MÊME" STYLEREFS="TXT_32"/>
          </TextLine>
        </TextBlock>
        <TextBlock HPOS="2744" VPOS="3672" HEIGHT="280" WIDTH="2360" ID="PAG_16_TB000003" TAGREFS="TAG_ST002" LANG="fr" STYLEREFS="TXT_33">
          <TextLine HPOS="2744" VPOS="3672" HEIGHT="280" WIDTH="2360" ID="PAG_16_TL000003" STYLEREFS="TXT_33">
            <String HPOS="2744" VPOS="3672" HEIGHT="240" WIDTH="88" ID="PAG_16_ST000009" WC="1" CONTENT="CES" STYLEREFS="TXT_33"/>
            <SP ID="PAG_16_SP000007" HPOS="2832" VPOS="3680" WIDTH="336"/>
            <String HPOS="3168" VPOS="3680" HEIGHT="232" WIDTH="568" ID="PAG_16_ST000010" WC="1" CONTENT="DEUX" STYLEREFS="TXT_33"/>
            <SP ID="PAG_16_SP000008" HPOS="3736" VPOS="3712" WIDTH="216"/>
            <String HPOS="3952" VPOS="3712" HEIGHT="240" WIDTH="1152" ID="PAG_16_ST000011" WC="1" CONTENT="CHAPEAUX" STYLEREFS="TXT_33"/>
          </TextLine>
        </TextBlock>
        <Illustration ID="PAG_16_IL000001" HPOS="296" VPOS="1291" HEIGHT="3298" WIDTH="980"/>
        <Illustration ID="PAG_16_IL000002" HPOS="1000" VPOS="275" HEIGHT="3705" WIDTH="2335"/>
        <TextBlock HPOS="2003" VPOS="4058" HEIGHT="41" WIDTH="1637" ID="PAG_16_TB000004" LANG="fr" STYLEREFS="TXT_20">
          <TextLine HPOS="2003" VPOS="4058" HEIGHT="41" WIDTH="1637" ID="PAG_16_TL000004" STYLEREFS="TXT_20">
            <String HPOS="2003" VPOS="4087" HEIGHT="12" WIDTH="14" ID="PAG_16_ST000012" WC="0.5" CONTENT="," STYLEREFS="TXT_33"/>
            <SP ID="PAG_16_SP000009" HPOS="2017" VPOS="4060" WIDTH="270"/>
            <String HPOS="2287" VPOS="4060" HEIGHT="37" WIDTH="39" ID="PAG_16_ST000013" WC="0.54" CONTENT="4b" STYLEREFS="TXT_33"/>
            <SP ID="PAG_16_SP000010" HPOS="2326" VPOS="4061" WIDTH="25"/>
            <String HPOS="2351" VPOS="4061" HEIGHT="30" WIDTH="48" ID="PAG_16_ST000014" WC="1" CONTENT="LA" STYLEREFS="TXT_20"/>
            <SP ID="PAG_16_SP000011" HPOS="2399" VPOS="4059" WIDTH="23"/>
            <String HPOS="2422" VPOS="4059" HEIGHT="33" WIDTH="179" ID="PAG_16_ST000015" WC="1" CONTENT="CLOCHE." STYLEREFS="TXT_20"/>
            <SP ID="PAG_16_SP000012" HPOS="2601" VPOS="4061" WIDTH="24"/>
            <String HPOS="2625" VPOS="4061" HEIGHT="31" WIDTH="76" ID="PAG_16_ST000016" WC="1" CONTENT="Vous" STYLEREFS="TXT_20"/>
            <SP ID="PAG_16_SP000013" HPOS="2701" VPOS="4059" WIDTH="23"/>
            <String HPOS="2724" VPOS="4059" HEIGHT="33" WIDTH="83" ID="PAG_16_ST000017" WC="1" CONTENT="ferez" STYLEREFS="TXT_20"/>
            <SP ID="PAG_16_SP000014" HPOS="2807" VPOS="4061" WIDTH="25"/>
            <String HPOS="2832" VPOS="4061" HEIGHT="35" WIDTH="193" ID="PAG_16_ST000018" WC="0.99" CONTENT="vous-même," STYLEREFS="TXT_20"/>
            <SP ID="PAG_16_SP000015" HPOS="3025" VPOS="4061" WIDTH="24"/>
            <String HPOS="3049" VPOS="4061" HEIGHT="31" WIDTH="61" ID="PAG_16_ST000019" WC="0.99" CONTENT="très" STYLEREFS="TXT_20"/>
            <SP ID="PAG_16_SP000016" HPOS="3110" VPOS="4059" WIDTH="24"/>
            <String HPOS="3134" VPOS="4059" HEIGHT="36" WIDTH="191" ID="PAG_16_ST000020" WC="0.99" CONTENT="facilement," STYLEREFS="TXT_20"/>
            <SP ID="PAG_16_SP000017" HPOS="3325" VPOS="4072" WIDTH="25"/>
            <String HPOS="3350" VPOS="4072" HEIGHT="19" WIDTH="37" ID="PAG_16_ST000021" WC="1" CONTENT="ce" STYLEREFS="TXT_20"/>
            <SP ID="PAG_16_SP000018" HPOS="3387" VPOS="4058" WIDTH="23"/>
            <String HPOS="3410" VPOS="4058" HEIGHT="40" WIDTH="58" ID="PAG_16_ST000022" WC="0.41" CONTENT="/o//" STYLEREFS="TXT_20"/>
            <SP ID="PAG_16_SP000019" HPOS="3468" VPOS="4058" WIDTH="21"/>
            <String HPOS="3489" VPOS="4058" HEIGHT="41" WIDTH="151" ID="PAG_16_ST000023" WC="1" CONTENT="chapeau." STYLEREFS="TXT_20"/>
          </TextLine>
        </TextBlock>
        <TextBlock HPOS="2283" VPOS="4106" HEIGHT="439" WIDTH="1388" ID="PAG_16_TB000005" LANG="fr" STYLEREFS="TXT_20">
          <TextLine HPOS="2288" VPOS="4106" HEIGHT="38" WIDTH="1353" ID="PAG_16_TL000005" STYLEREFS="TXT_20">
            <String HPOS="2288" VPOS="4106" HEIGHT="30" WIDTH="24" ID="PAG_16_ST000024" WC="1" CONTENT="Il" STYLEREFS="TXT_20"/>
            <SP ID="PAG_16_SP000020" HPOS="2312" VPOS="4109" WIDTH="23"/>
            <String HPOS="2335" VPOS="4109" HEIGHT="28" WIDTH="48" ID="PAG_16_ST000025" WC="1" CONTENT="est" STYLEREFS="TXT_20"/>
            <SP ID="PAG_16_SP000021" HPOS="2383" VPOS="4107" WIDTH="23"/>
            <String HPOS="2406" VPOS="4107" HEIGHT="30" WIDTH="129" ID="PAG_16_ST000026" WC="1" CONTENT="exécuté" STYLEREFS="TXT_20"/>
            <SP ID="PAG_16_SP000022" HPOS="2535" VPOS="4117" WIDTH="24"/>
            <String HPOS="2559" VPOS="4117" HEIGHT="20" WIDTH="36" ID="PAG_16_ST000027" WC="1" CONTENT="en" STYLEREFS="TXT_20"/>
            <SP ID="PAG_16_SP000023" HPOS="2595" VPOS="4106" WIDTH="25"/>
            <String HPOS="2620" VPOS="4106" HEIGHT="35" WIDTH="142" ID="PAG_16_ST000028" WC="0.97" CONTENT="feutrine," STYLEREFS="TXT_20"/>
            <SP ID="PAG_16_SP000024" HPOS="2762" VPOS="4119" WIDTH="25"/>
            <String HPOS="2787" VPOS="4119" HEIGHT="25" WIDTH="61" ID="PAG_16_ST000029" WC="1" CONTENT="que" STYLEREFS="TXT_20"/>
            <SP ID="PAG_16_SP000025" HPOS="2848" VPOS="4107" WIDTH="25"/>
            <String HPOS="2873" VPOS="4107" HEIGHT="30" WIDTH="60" ID="PAG_16_ST000030" WC="0.57" CONTENT="/'.on" STYLEREFS="TXT_20"/>
            <SP ID="PAG_16_SP000026" HPOS="2933" VPOS="4110" WIDTH="26"/>
            <String HPOS="2959" VPOS="4110" HEIGHT="28" WIDTH="106" ID="PAG_16_ST000031" WC="1" CONTENT="trouve" STYLEREFS="TXT_20"/>
            <SP ID="PAG_16_SP000027" HPOS="3065" VPOS="4107" WIDTH="25"/>
            <String HPOS="3090" VPOS="4107" HEIGHT="31" WIDTH="75" ID="PAG_16_ST000032" WC="1" CONTENT="dans" STYLEREFS="TXT_20"/>
            <SP ID="PAG_16_SP000028" HPOS="3165" VPOS="4110" WIDTH="24"/>
            <String HPOS="3189" VPOS="4110" HEIGHT="27" WIDTH="67" ID="PAG_16_ST000033" WC="1" CONTENT="tous" STYLEREFS="TXT_20"/>
            <SP ID="PAG_16_SP000029" HPOS="3256" VPOS="4106" WIDTH="26"/>
            <String HPOS="3282" VPOS="4106" HEIGHT="31" WIDTH="44" ID="PAG_16_ST000034" WC="1" CONTENT="les" STYLEREFS="TXT_20"/>
            <SP ID="PAG_16_SP000030" HPOS="3326" VPOS="4106" WIDTH="24"/>
            <String HPOS="3350" VPOS="4106" HEIGHT="37" WIDTH="113" ID="PAG_16_ST000035" WC="1" CONTENT="grands" STYLEREFS="TXT_20"/>
            <SP ID="PAG_16_SP000031" HPOS="3463" VPOS="4107" WIDTH="26"/>
            <String HPOS="3489" VPOS="4107" HEIGHT="36" WIDTH="152" ID="PAG_16_ST000036" WC="1" CONTENT="magasins" STYLEREFS="TXT_20"/>
          </TextLine>
          <TextLine HPOS="2286" VPOS="4151" HEIGHT="39" WIDTH="1355" ID="PAG_16_TL000006" STYLEREFS="TXT_20">
            <String HPOS="2286" VPOS="4162" HEIGHT="20" WIDTH="39" ID="PAG_16_ST000037" WC="1" CONTENT="au" STYLEREFS="TXT_20"/>
            <SP ID="PAG_16_SP000032" HPOS="2325" VPOS="4163" WIDTH="24"/>
            <String HPOS="2349" VPOS="4163" HEIGHT="25" WIDTH="94" ID="PAG_16_ST000038" WC="1" CONTENT="rayon" STYLEREFS="TXT_20"/>
            <SP ID="PAG_16_SP000033" HPOS="2443" VPOS="4152" WIDTH="25"/>
            <String HPOS="2468" VPOS="4152" HEIGHT="30" WIDTH="41" ID="PAG_16_ST000039" WC="1" CONTENT="de" STYLEREFS="TXT_20"/>
            <SP ID="PAG_16_SP000034" HPOS="2509" VPOS="4151" WIDTH="23"/>
            <String HPOS="2532" VPOS="4151" HEIGHT="32" WIDTH="183" ID="PAG_16_ST000040" WC="1" CONTENT="fournitures" STYLEREFS="TXT_20"/>
            <SP ID="PAG_16_SP000035" HPOS="2715" VPOS="4163" WIDTH="23"/>
            <String HPOS="2738" VPOS="4163" HEIGHT="27" WIDTH="78" ID="PAG_16_ST000041" WC="1" CONTENT="pour" STYLEREFS="TXT_20"/>
            <SP ID="PAG_16_SP000036" HPOS="2816" VPOS="4152" WIDTH="23"/>
            <String HPOS="2839" VPOS="4152" HEIGHT="31" WIDTH="102" ID="PAG_16_ST000042" WC="1" CONTENT="mode." STYLEREFS="TXT_20"/>
            <SP ID="PAG_16_SP000037" HPOS="2941" VPOS="4152" WIDTH="26"/>
            <String HPOS="2967" VPOS="4152" HEIGHT="30" WIDTH="23" ID="PAG_16_ST000043" WC="0.95" CONTENT="Il" STYLEREFS="TXT_20"/>
            <SP ID="PAG_16_SP000038" HPOS="2990" VPOS="4164" WIDTH="25"/>
            <String HPOS="3015" VPOS="4164" HEIGHT="19" WIDTH="71" ID="PAG_16_ST000044" WC="1" CONTENT="vous" STYLEREFS="TXT_20"/>
            <SP ID="PAG_16_SP000039" HPOS="3086" VPOS="4164" WIDTH="25"/>
            <String HPOS="3111" VPOS="4164" HEIGHT="19" WIDTH="36" ID="PAG_16_ST000045" WC="1" CONTENT="en" STYLEREFS="TXT_20"/>
            <SP ID="PAG_16_SP000040" HPOS="3147" VPOS="4152" WIDTH="25"/>
            <String HPOS="3172" VPOS="4152" HEIGHT="30" WIDTH="68" ID="PAG_16_ST000046" WC="1" CONTENT="faut" STYLEREFS="TXT_20"/>
            <SP ID="PAG_16_SP000041" HPOS="3240" VPOS="4153" WIDTH="24"/>
            <String HPOS="3264" VPOS="4153" HEIGHT="28" WIDTH="20" ID="PAG_16_ST000047" WC="1" CONTENT="0" STYLEREFS="TXT_20"/>
            <SP ID="PAG_16_SP000042" HPOS="3284" VPOS="4162" WIDTH="23"/>
            <String HPOS="3307" VPOS="4162" HEIGHT="19" WIDTH="37" ID="PAG_16_ST000048" WC="1" CONTENT="m." STYLEREFS="TXT_20"/>
            <SP ID="PAG_16_SP000043" HPOS="3344" VPOS="4152" WIDTH="27"/>
            <String HPOS="3371" VPOS="4152" HEIGHT="29" WIDTH="37" ID="PAG_16_ST000049" WC="1" CONTENT="75" STYLEREFS="TXT_34"/>
            <SP ID="PAG_16_SP000044" HPOS="3408" VPOS="4163" WIDTH="26"/>
            <String HPOS="3434" VPOS="4163" HEIGHT="19" WIDTH="36" ID="PAG_16_ST000050" WC="1" CONTENT="en" STYLEREFS="TXT_20"/>
            <SP ID="PAG_16_SP000045" HPOS="3470" VPOS="4153" WIDTH="26"/>
            <String HPOS="3496" VPOS="4153" HEIGHT="28" WIDTH="20" ID="PAG_16_ST000051" WC="1" CONTENT="0" STYLEREFS="TXT_20"/>
            <SP ID="PAG_16_SP000046" HPOS="3516" VPOS="4162" WIDTH="24"/>
            <String HPOS="3540" VPOS="4162" HEIGHT="19" WIDTH="37" ID="PAG_16_ST000052" WC="1" CONTENT="m." STYLEREFS="TXT_20"/>
            <SP ID="PAG_16_SP000047" HPOS="3577" VPOS="4151" WIDTH="23"/>
            <String HPOS="3600" VPOS="4151" HEIGHT="29" WIDTH="41" ID="PAG_16_ST000053" WC="1" CONTENT="45" STYLEREFS="TXT_20"/>
          </TextLine>
          <TextLine HPOS="2287" VPOS="4196" HEIGHT="39" WIDTH="1384" ID="PAG_16_TL000007" STYLEREFS="TXT_20">
            <String HPOS="2287" VPOS="4196" HEIGHT="30" WIDTH="41" ID="PAG_16_ST000054" WC="1" CONTENT="de" STYLEREFS="TXT_20"/>
            <SP ID="PAG_16_SP000048" HPOS="2328" VPOS="4196" WIDTH="25"/>
            <String HPOS="2353" VPOS="4196" HEIGHT="37" WIDTH="131" ID="PAG_16_ST000055" WC="1" CONTENT="largeur." STYLEREFS="TXT_20"/>
            <SP ID="PAG_16_SP000049" HPOS="2484" VPOS="4196" WIDTH="24"/>
            <String HPOS="2508" VPOS="4196" HEIGHT="31" WIDTH="162" ID="PAG_16_ST000056" WC="0.9" CONTENT="Exécution" STYLEREFS="TXT_20"/>
            <SP ID="PAG_16_SP000050" HPOS="2670" VPOS="4208" WIDTH="26"/>
            <String HPOS="2696" VPOS="4208" HEIGHT="18" WIDTH="9" ID="PAG_16_ST000057" WC="0.5" CONTENT=":" STYLEREFS="TXT_20"/>
            <SP ID="PAG_16_SP000051" HPOS="2705" VPOS="4208" WIDTH="23"/>
            <String HPOS="2728" VPOS="4208" HEIGHT="27" WIDTH="117" ID="PAG_16_ST000058" WC="1" CONTENT="couper" STYLEREFS="TXT_20"/>
            <SP ID="PAG_16_SP000052" HPOS="2845" VPOS="4200" WIDTH="23"/>
            <String HPOS="2868" VPOS="4200" HEIGHT="28" WIDTH="67" ID="PAG_16_ST000059" WC="0.99" CONTENT="tous" STYLEREFS="TXT_20"/>
            <SP ID="PAG_16_SP000053" HPOS="2935" VPOS="4197" WIDTH="25"/>
            <String HPOS="2960" VPOS="4197" HEIGHT="31" WIDTH="43" ID="PAG_16_ST000060" WC="0.98" CONTENT="les" STYLEREFS="TXT_20"/>
            <SP ID="PAG_16_SP000054" HPOS="3003" VPOS="4208" WIDTH="25"/>
            <String HPOS="3028" VPOS="4208" HEIGHT="19" WIDTH="160" ID="PAG_16_ST000061" WC="1" CONTENT="morceaux" STYLEREFS="TXT_20"/>
            <SP ID="PAG_16_SP000055" HPOS="3188" VPOS="4196" WIDTH="23"/>
            <String HPOS="3211" VPOS="4196" HEIGHT="31" WIDTH="86" ID="PAG_16_ST000062" WC="1" CONTENT="selon" STYLEREFS="TXT_20"/>
            <SP ID="PAG_16_SP000056" HPOS="3297" VPOS="4196" WIDTH="25"/>
            <String HPOS="3322" VPOS="4196" HEIGHT="30" WIDTH="29" ID="PAG_16_ST000063" WC="1" CONTENT="le" STYLEREFS="TXT_20"/>
            <SP ID="PAG_16_SP000057" HPOS="3351" VPOS="4199" WIDTH="22"/>
            <String HPOS="3373" VPOS="4199" HEIGHT="35" WIDTH="123" ID="PAG_16_ST000064" WC="1" CONTENT="patron." STYLEREFS="TXT_20"/>
            <SP ID="PAG_16_SP000058" HPOS="3496" VPOS="4197" WIDTH="26"/>
            <String HPOS="3522" VPOS="4197" HEIGHT="29" WIDTH="119" ID="PAG_16_ST000065" WC="1" CONTENT="Assem-" SUBS_TYPE="HypPart1" SUBS_CONTENT="Assembler" STYLEREFS="TXT_20"/>
            <HYP HPOS="3641" VPOS="4226" WIDTH="30" CONTENT="-"/>
          </TextLine>
          <TextLine HPOS="2287" VPOS="4241" HEIGHT="38" WIDTH="1355" ID="PAG_16_TL000008" STYLEREFS="TXT_20">
            <String HPOS="2287" VPOS="4241" HEIGHT="31" WIDTH="69" ID="PAG_16_ST000066" WC="1" CONTENT="bler" SUBS_TYPE="HypPart2" SUBS_CONTENT="Assembler" STYLEREFS="TXT_20"/>
            <SP ID="PAG_16_SP000059" HPOS="2356" VPOS="4241" WIDTH="34"/>
            <String HPOS="2390" VPOS="4241" HEIGHT="30" WIDTH="135" ID="PAG_16_ST000067" WC="1" CONTENT="d'abord" STYLEREFS="TXT_20"/>
            <SP ID="PAG_16_SP000060" HPOS="2525" VPOS="4242" WIDTH="35"/>
            <String HPOS="2560" VPOS="4242" HEIGHT="30" WIDTH="43" ID="PAG_16_ST000068" WC="1" CONTENT="les" STYLEREFS="TXT_20"/>
            <SP ID="PAG_16_SP000061" HPOS="2603" VPOS="4241" WIDTH="34"/>
            <String HPOS="2637" VPOS="4241" HEIGHT="31" WIDTH="79" ID="PAG_16_ST000069" WC="1" CONTENT="deux" STYLEREFS="TXT_20"/>
            <SP ID="PAG_16_SP000062" HPOS="2716" VPOS="4253" WIDTH="34"/>
            <String HPOS="2750" VPOS="4253" HEIGHT="19" WIDTH="162" ID="PAG_16_ST000070" WC="1" CONTENT="morceaux" STYLEREFS="TXT_20"/>
            <SP ID="PAG_16_SP000063" HPOS="2912" VPOS="4243" WIDTH="35"/>
            <String HPOS="2947" VPOS="4243" HEIGHT="36" WIDTH="54" ID="PAG_16_ST000071" WC="0.99" CONTENT="qui" STYLEREFS="TXT_20"/>
            <SP ID="PAG_16_SP000064" HPOS="3001" VPOS="4241" WIDTH="33"/>
            <String HPOS="3034" VPOS="4241" HEIGHT="31" WIDTH="135" ID="PAG_16_ST000072" WC="1" CONTENT="forment" STYLEREFS="TXT_20"/>
            <SP ID="PAG_16_SP000065" HPOS="3169" VPOS="4242" WIDTH="34"/>
            <String HPOS="3203" VPOS="4242" HEIGHT="30" WIDTH="29" ID="PAG_16_ST000073" WC="1" CONTENT="le" STYLEREFS="TXT_20"/>
            <SP ID="PAG_16_SP000066" HPOS="3232" VPOS="4244" WIDTH="35"/>
            <String HPOS="3267" VPOS="4244" HEIGHT="27" WIDTH="69" ID="PAG_16_ST000074" WC="1" CONTENT="tour" STYLEREFS="TXT_20"/>
            <SP ID="PAG_16_SP000067" HPOS="3336" VPOS="4241" WIDTH="33"/>
            <String HPOS="3369" VPOS="4241" HEIGHT="30" WIDTH="42" ID="PAG_16_ST000075" WC="1" CONTENT="de" STYLEREFS="TXT_20"/>
            <SP ID="PAG_16_SP000068" HPOS="3411" VPOS="4241" WIDTH="35"/>
            <String HPOS="3446" VPOS="4241" HEIGHT="29" WIDTH="31" ID="PAG_16_ST000076" WC="1" CONTENT="la" STYLEREFS="TXT_20"/>
            <SP ID="PAG_16_SP000069" HPOS="3477" VPOS="4241" WIDTH="33"/>
            <String HPOS="3510" VPOS="4241" HEIGHT="30" WIDTH="132" ID="PAG_16_ST000077" WC="0.99" CONTENT="calotte." STYLEREFS="TXT_20"/>
          </TextLine>
          <TextLine HPOS="2288" VPOS="4285" HEIGHT="40" WIDTH="1354" ID="PAG_16_TL000009" STYLEREFS="TXT_20">
            <String HPOS="2288" VPOS="4285" HEIGHT="32" WIDTH="128" ID="PAG_16_ST000078" WC="1" CONTENT="Coudre" STYLEREFS="TXT_20"/>
            <SP ID="PAG_16_SP000070" HPOS="2416" VPOS="4287" WIDTH="28"/>
            <String HPOS="2444" VPOS="4287" HEIGHT="30" WIDTH="118" ID="PAG_16_ST000079" WC="1" CONTENT="ensuite" STYLEREFS="TXT_20"/>
            <SP ID="PAG_16_SP000071" HPOS="2562" VPOS="4287" WIDTH="28"/>
            <String HPOS="2590" VPOS="4287" HEIGHT="30" WIDTH="29" ID="PAG_16_ST000080" WC="1" CONTENT="le" STYLEREFS="TXT_20"/>
            <SP ID="PAG_16_SP000072" HPOS="2619" VPOS="4286" WIDTH="28"/>
            <String HPOS="2647" VPOS="4286" HEIGHT="31" WIDTH="77" ID="PAG_16_ST000081" WC="0.99" CONTENT="fond" STYLEREFS="TXT_20"/>
            <SP ID="PAG_16_SP000073" HPOS="2724" VPOS="4290" WIDTH="27"/>
            <String HPOS="2751" VPOS="4290" HEIGHT="27" WIDTH="33" ID="PAG_16_ST000082" WC="0.99" CONTENT="et" STYLEREFS="TXT_20"/>
            <SP ID="PAG_16_SP000074" HPOS="2784" VPOS="4286" WIDTH="24"/>
            <String HPOS="2808" VPOS="4286" HEIGHT="31" WIDTH="116" ID="PAG_16_ST000083" WC="1" CONTENT="former" STYLEREFS="TXT_20"/>
            <SP ID="PAG_16_SP000075" HPOS="2924" VPOS="4287" WIDTH="27"/>
            <String HPOS="2951" VPOS="4287" HEIGHT="30" WIDTH="29" ID="PAG_16_ST000084" WC="1" CONTENT="le" STYLEREFS="TXT_20"/>
            <SP ID="PAG_16_SP000076" HPOS="2980" VPOS="4287" WIDTH="27"/>
            <String HPOS="3007" VPOS="4287" HEIGHT="38" WIDTH="48" ID="PAG_16_ST000085" WC="1" CONTENT="pli" STYLEREFS="TXT_20"/>
            <SP ID="PAG_16_SP000077" HPOS="3055" VPOS="4287" WIDTH="31"/>
            <String HPOS="3086" VPOS="4287" HEIGHT="38" WIDTH="48" ID="PAG_16_ST000086" WC="1" CONTENT="(la" STYLEREFS="TXT_20"/>
            <SP ID="PAG_16_SP000078" HPOS="3134" VPOS="4287" WIDTH="26"/>
            <String HPOS="3160" VPOS="4287" HEIGHT="38" WIDTH="101" ID="PAG_16_ST000087" WC="1" CONTENT="pliure" STYLEREFS="TXT_20"/>
            <SP ID="PAG_16_SP000079" HPOS="3261" VPOS="4289" WIDTH="27"/>
            <String HPOS="3288" VPOS="4289" HEIGHT="28" WIDTH="48" ID="PAG_16_ST000088" WC="1" CONTENT="est" STYLEREFS="TXT_20"/>
            <SP ID="PAG_16_SP000080" HPOS="3336" VPOS="4286" WIDTH="27"/>
            <String HPOS="3363" VPOS="4286" HEIGHT="36" WIDTH="146" ID="PAG_16_ST000089" WC="1" CONTENT="indiquée" STYLEREFS="TXT_20"/>
            <SP ID="PAG_16_SP000081" HPOS="3509" VPOS="4297" WIDTH="27"/>
            <String HPOS="3536" VPOS="4297" HEIGHT="19" WIDTH="49" ID="PAG_16_ST000090" WC="1" CONTENT="sur" STYLEREFS="TXT_20"/>
            <SP ID="PAG_16_SP000082" HPOS="3585" VPOS="4286" WIDTH="28"/>
            <String HPOS="3613" VPOS="4286" HEIGHT="30" WIDTH="29" ID="PAG_16_ST000091" WC="1" CONTENT="le" STYLEREFS="TXT_20"/>
          </TextLine>
          <TextLine HPOS="2287" VPOS="4330" HEIGHT="39" WIDTH="1356" ID="PAG_16_TL000010" STYLEREFS="TXT_20">
            <String HPOS="2287" VPOS="4330" HEIGHT="39" WIDTH="144" ID="PAG_16_ST000092" WC="1" CONTENT="patron)." STYLEREFS="TXT_20"/>
            <SP ID="PAG_16_SP000083" HPOS="2431" VPOS="4331" WIDTH="30"/>
            <String HPOS="2461" VPOS="4331" HEIGHT="31" WIDTH="177" ID="PAG_16_ST000093" WC="1" CONTENT="Assembler" STYLEREFS="TXT_20"/>
            <SP ID="PAG_16_SP000084" HPOS="2638" VPOS="4331" WIDTH="31"/>
            <String HPOS="2669" VPOS="4331" HEIGHT="31" WIDTH="43" ID="PAG_16_ST000094" WC="1" CONTENT="les" STYLEREFS="TXT_20"/>
            <SP ID="PAG_16_SP000085" HPOS="2712" VPOS="4332" WIDTH="29"/>
            <String HPOS="2741" VPOS="4332" HEIGHT="30" WIDTH="78" ID="PAG_16_ST000095" WC="1" CONTENT="deux" STYLEREFS="TXT_20"/>
            <SP ID="PAG_16_SP000086" HPOS="2819" VPOS="4343" WIDTH="30"/>
            <String HPOS="2849" VPOS="4343" HEIGHT="19" WIDTH="161" ID="PAG_16_ST000096" WC="1" CONTENT="morceaux" STYLEREFS="TXT_20"/>
            <SP ID="PAG_16_SP000087" HPOS="3010" VPOS="4333" WIDTH="29"/>
            <String HPOS="3039" VPOS="4333" HEIGHT="35" WIDTH="55" ID="PAG_16_ST000097" WC="1" CONTENT="qui" STYLEREFS="TXT_20"/>
            <SP ID="PAG_16_SP000088" HPOS="3094" VPOS="4331" WIDTH="27"/>
            <String HPOS="3121" VPOS="4331" HEIGHT="31" WIDTH="134" ID="PAG_16_ST000098" WC="1" CONTENT="forment" STYLEREFS="TXT_20"/>
            <SP ID="PAG_16_SP000089" HPOS="3255" VPOS="4331" WIDTH="30"/>
            <String HPOS="3285" VPOS="4331" HEIGHT="31" WIDTH="29" ID="PAG_16_ST000099" WC="1" CONTENT="le" STYLEREFS="TXT_20"/>
            <SP ID="PAG_16_SP000090" HPOS="3314" VPOS="4330" WIDTH="31"/>
            <String HPOS="3345" VPOS="4330" HEIGHT="31" WIDTH="88" ID="PAG_16_ST000100" WC="1" CONTENT="bord." STYLEREFS="TXT_20"/>
            <SP ID="PAG_16_SP000091" HPOS="3433" VPOS="4330" WIDTH="32"/>
            <String HPOS="3465" VPOS="4330" HEIGHT="31" WIDTH="178" ID="PAG_16_ST000101" WC="1" CONTENT="Assembler" STYLEREFS="TXT_20"/>
          </TextLine>
          <TextLine HPOS="2288" VPOS="4374" HEIGHT="40" WIDTH="1355" ID="PAG_16_TL000011" STYLEREFS="TXT_20">
            <String HPOS="2288" VPOS="4374" HEIGHT="31" WIDTH="80" ID="PAG_16_ST000102" WC="1" CONTENT="bord" STYLEREFS="TXT_20"/>
            <SP ID="PAG_16_SP000092" HPOS="2368" VPOS="4378" WIDTH="20"/>
            <String HPOS="2388" VPOS="4378" HEIGHT="27" WIDTH="34" ID="PAG_16_ST000103" WC="1" CONTENT="et" STYLEREFS="TXT_20"/>
            <SP ID="PAG_16_SP000093" HPOS="2422" VPOS="4376" WIDTH="20"/>
            <String HPOS="2442" VPOS="4376" HEIGHT="31" WIDTH="131" ID="PAG_16_ST000104" WC="1" CONTENT="calotte." STYLEREFS="TXT_20"/>
            <SP ID="PAG_16_SP000094" HPOS="2573" VPOS="4376" WIDTH="20"/>
            <String HPOS="2593" VPOS="4376" HEIGHT="30" WIDTH="75" ID="PAG_16_ST000105" WC="0.99" CONTENT="Pour" STYLEREFS="TXT_20"/>
            <SP ID="PAG_16_SP000095" HPOS="2668" VPOS="4377" WIDTH="22"/>
            <String HPOS="2690" VPOS="4377" HEIGHT="29" WIDTH="116" ID="PAG_16_ST000106" WC="1" CONTENT="donner" STYLEREFS="TXT_20"/>
            <SP ID="PAG_16_SP000096" HPOS="2806" VPOS="4376" WIDTH="20"/>
            <String HPOS="2826" VPOS="4376" HEIGHT="38" WIDTH="68" ID="PAG_16_ST000107" WC="1" CONTENT="plus" STYLEREFS="TXT_20"/>
            <SP ID="PAG_16_SP000097" HPOS="2894" VPOS="4376" WIDTH="22"/>
            <String HPOS="2916" VPOS="4376" HEIGHT="31" WIDTH="41" ID="PAG_16_ST000108" WC="1" CONTENT="de" STYLEREFS="TXT_20"/>
            <SP ID="PAG_16_SP000098" HPOS="2957" VPOS="4380" WIDTH="20"/>
            <String HPOS="2977" VPOS="4380" HEIGHT="27" WIDTH="93" ID="PAG_16_ST000109" WC="1" CONTENT="tenue" STYLEREFS="TXT_20"/>
            <SP ID="PAG_16_SP000099" HPOS="3070" VPOS="4388" WIDTH="20"/>
            <String HPOS="3090" VPOS="4388" HEIGHT="19" WIDTH="38" ID="PAG_16_ST000110" WC="1" CONTENT="au" STYLEREFS="TXT_20"/>
            <SP ID="PAG_16_SP000100" HPOS="3128" VPOS="4376" WIDTH="22"/>
            <String HPOS="3150" VPOS="4376" HEIGHT="34" WIDTH="89" ID="PAG_16_ST000111" WC="1" CONTENT="bord," STYLEREFS="TXT_20"/>
            <SP ID="PAG_16_SP000101" HPOS="3239" VPOS="4387" WIDTH="23"/>
            <String HPOS="3262" VPOS="4387" HEIGHT="19" WIDTH="71" ID="PAG_16_ST000112" WC="1" CONTENT="vous" STYLEREFS="TXT_20"/>
            <SP ID="PAG_16_SP000102" HPOS="3333" VPOS="4387" WIDTH="20"/>
            <String HPOS="3353" VPOS="4387" HEIGHT="27" WIDTH="117" ID="PAG_16_ST000113" WC="1" CONTENT="pouvez" STYLEREFS="TXT_20"/>
            <SP ID="PAG_16_SP000103" HPOS="3470" VPOS="4375" WIDTH="23"/>
            <String HPOS="3493" VPOS="4375" HEIGHT="31" WIDTH="150" ID="PAG_16_ST000114" WC="1" CONTENT="l'enduire" STYLEREFS="TXT_20"/>
          </TextLine>
          <TextLine HPOS="2283" VPOS="4419" HEIGHT="40" WIDTH="1353" ID="PAG_16_TL000012" STYLEREFS="TXT_20">
            <String HPOS="2283" VPOS="4419" HEIGHT="39" WIDTH="149" ID="PAG_16_ST000115" WC="1" CONTENT="d'apprêt" STYLEREFS="TXT_20"/>
            <SP ID="PAG_16_SP000104" HPOS="2432" VPOS="4420" WIDTH="29"/>
            <String HPOS="2461" VPOS="4420" HEIGHT="39" WIDTH="131" ID="PAG_16_ST000116" WC="1" CONTENT="(apprêt" STYLEREFS="TXT_20"/>
            <SP ID="PAG_16_SP000105" HPOS="2592" VPOS="4421" WIDTH="25"/>
            <String HPOS="2617" VPOS="4421" HEIGHT="31" WIDTH="137" ID="PAG_16_ST000117" WC="1" CONTENT="incolore" STYLEREFS="TXT_20"/>
            <SP ID="PAG_16_SP000106" HPOS="2754" VPOS="4432" WIDTH="23"/>
            <String HPOS="2777" VPOS="4432" HEIGHT="27" WIDTH="79" ID="PAG_16_ST000118" WC="1" CONTENT="pour" STYLEREFS="TXT_20"/>
            <SP ID="PAG_16_SP000107" HPOS="2856" VPOS="4420" WIDTH="25"/>
            <String HPOS="2881" VPOS="4420" HEIGHT="31" WIDTH="124" ID="PAG_16_ST000119" WC="1" CONTENT="feutre:" STYLEREFS="TXT_20"/>
            <SP ID="PAG_16_SP000108" HPOS="3005" VPOS="4421" WIDTH="24"/>
            <String HPOS="3029" VPOS="4421" HEIGHT="31" WIDTH="72" ID="PAG_16_ST000120" WC="1" CONTENT="chez" STYLEREFS="TXT_20"/>
            <SP ID="PAG_16_SP000109" HPOS="3101" VPOS="4421" WIDTH="25"/>
            <String HPOS="3126" VPOS="4421" HEIGHT="31" WIDTH="44" ID="PAG_16_ST000121" WC="1" CONTENT="les" STYLEREFS="TXT_20"/>
            <SP ID="PAG_16_SP000110" HPOS="3170" VPOS="4421" WIDTH="25"/>
            <String HPOS="3195" VPOS="4421" HEIGHT="30" WIDTH="180" ID="PAG_16_ST000122" WC="1" CONTENT="marchands" STYLEREFS="TXT_20"/>
            <SP ID="PAG_16_SP000111" HPOS="3375" VPOS="4420" WIDTH="26"/>
            <String HPOS="3401" VPOS="4420" HEIGHT="31" WIDTH="40" ID="PAG_16_ST000123" WC="1" CONTENT="de" STYLEREFS="TXT_20"/>
            <SP ID="PAG_16_SP000112" HPOS="3441" VPOS="4432" WIDTH="25"/>
            <String HPOS="3466" VPOS="4432" HEIGHT="18" WIDTH="16" ID="PAG_16_ST000124" WC="0.00" CONTENT="c" STYLEREFS="TXT_20"/>
            <SP ID="PAG_16_SP000113" HPOS="3482" VPOS="4424" WIDTH="2"/>
            <String HPOS="3484" VPOS="4424" HEIGHT="26" WIDTH="40" ID="PAG_16_ST000125" WC="0.23" CONTENT="où" STYLEREFS="TXT_20"/>
            <SP ID="PAG_16_SP000114" HPOS="3524" VPOS="4420" WIDTH="4"/>
            <String HPOS="3528" VPOS="4420" HEIGHT="31" WIDTH="63" ID="PAG_16_ST000126" WC="0.56" CONTENT="leur" STYLEREFS="TXT_20"/>
            <SP ID="PAG_16_SP000115" HPOS="3591" VPOS="4419" WIDTH="1"/>
            <String HPOS="3592" VPOS="4419" HEIGHT="40" WIDTH="44" ID="PAG_16_ST000127" WC="0.00" CONTENT="s)." STYLEREFS="TXT_20"/>
          </TextLine>
          <TextLine HPOS="2290" VPOS="4483" HEIGHT="28" WIDTH="1350" ID="PAG_16_TL000013" STYLEREFS="TXT_34">
            <String HPOS="2290" VPOS="4483" HEIGHT="26" WIDTH="96" ID="PAG_16_ST000128" WC="1" CONTENT="NOUS" STYLEREFS="TXT_34"/>
            <SP ID="PAG_16_SP000116" HPOS="2386" VPOS="4483" WIDTH="26"/>
            <String HPOS="2412" VPOS="4483" HEIGHT="27" WIDTH="166" ID="PAG_16_ST000129" WC="1" CONTENT="POUVONS" STYLEREFS="TXT_34"/>
            <SP ID="PAG_16_SP000117" HPOS="2578" VPOS="4484" WIDTH="23"/>
            <String HPOS="2601" VPOS="4484" HEIGHT="26" WIDTH="92" ID="PAG_16_ST000130" WC="1" CONTENT="VOUS" STYLEREFS="TXT_34"/>
            <SP ID="PAG_16_SP000118" HPOS="2693" VPOS="4484" WIDTH="26"/>
            <String HPOS="2719" VPOS="4484" HEIGHT="26" WIDTH="151" ID="PAG_16_ST000131" WC="1" CONTENT="FOURNIR" STYLEREFS="TXT_34"/>
            <SP ID="PAG_16_SP000119" HPOS="2870" VPOS="4485" WIDTH="27"/>
            <String HPOS="2897" VPOS="4485" HEIGHT="25" WIDTH="34" ID="PAG_16_ST000132" WC="1" CONTENT="LE" STYLEREFS="TXT_34"/>
            <SP ID="PAG_16_SP000120" HPOS="2931" VPOS="4485" WIDTH="26"/>
            <String HPOS="2957" VPOS="4485" HEIGHT="26" WIDTH="134" ID="PAG_16_ST000133" WC="1" CONTENT="PATRON" STYLEREFS="TXT_34"/>
            <SP ID="PAG_16_SP000121" HPOS="3091" VPOS="4485" WIDTH="28"/>
            <String HPOS="3119" VPOS="4485" HEIGHT="26" WIDTH="40" ID="PAG_16_ST000134" WC="1" CONTENT="DE" STYLEREFS="TXT_34"/>
            <SP ID="PAG_16_SP000122" HPOS="3159" VPOS="4484" WIDTH="23"/>
            <String HPOS="3182" VPOS="4484" HEIGHT="26" WIDTH="62" ID="PAG_16_ST000135" WC="1" CONTENT="CES" STYLEREFS="TXT_34"/>
            <SP ID="PAG_16_SP000123" HPOS="3244" VPOS="4484" WIDTH="26"/>
            <String HPOS="3270" VPOS="4484" HEIGHT="26" WIDTH="86" ID="PAG_16_ST000136" WC="1" CONTENT="DEUX" STYLEREFS="TXT_34"/>
            <SP ID="PAG_16_SP000124" HPOS="3356" VPOS="4484" WIDTH="24"/>
            <String HPOS="3380" VPOS="4484" HEIGHT="26" WIDTH="190" ID="PAG_16_ST000137" WC="1" CONTENT="CHAPEAUX" STYLEREFS="TXT_34"/>
            <SP ID="PAG_16_SP000125" HPOS="3570" VPOS="4483" WIDTH="23"/>
            <String HPOS="3593" VPOS="4483" HEIGHT="27" WIDTH="47" ID="PAG_16_ST000138" WC="1" CONTENT="AU" STYLEREFS="TXT_34"/>
          </TextLine>
          <TextLine HPOS="2290" VPOS="4518" HEIGHT="27" WIDTH="1352" ID="PAG_16_TL000014" STYLEREFS="TXT_34">
            <String HPOS="2290" VPOS="4518" HEIGHT="25" WIDTH="70" ID="PAG_16_ST000139" WC="1" CONTENT="PRIX" STYLEREFS="TXT_34"/>
            <SP ID="PAG_16_SP000126" HPOS="2360" VPOS="4518" WIDTH="29"/>
            <String HPOS="2389" VPOS="4518" HEIGHT="25" WIDTH="39" ID="PAG_16_ST000140" WC="1" CONTENT="DE" STYLEREFS="TXT_34"/>
            <SP ID="PAG_16_SP000127" HPOS="2428" VPOS="4519" WIDTH="26"/>
            <String HPOS="2454" VPOS="4519" HEIGHT="24" WIDTH="14" ID="PAG_16_ST000141" WC="1" CONTENT="7" STYLEREFS="TXT_34"/>
            <SP ID="PAG_16_SP000128" HPOS="2468" VPOS="4518" WIDTH="28"/>
            <String HPOS="2496" VPOS="4518" HEIGHT="26" WIDTH="46" ID="PAG_16_ST000142" WC="1" CONTENT="FR." STYLEREFS="TXT_34"/>
            <SP ID="PAG_16_SP000129" HPOS="2542" VPOS="4519" WIDTH="27"/>
            <String HPOS="2569" VPOS="4519" HEIGHT="26" WIDTH="30" ID="PAG_16_ST000143" WC="1" CONTENT="50" STYLEREFS="TXT_34"/>
            <SP ID="PAG_16_SP000130" HPOS="2599" VPOS="4518" WIDTH="26"/>
            <String HPOS="2625" VPOS="4518" HEIGHT="27" WIDTH="170" ID="PAG_16_ST000144" WC="1" CONTENT="CHACUN." STYLEREFS="TXT_34"/>
            <SP ID="PAG_16_SP000131" HPOS="2795" VPOS="4518" WIDTH="28"/>
            <String HPOS="2823" VPOS="4518" HEIGHT="26" WIDTH="103" ID="PAG_16_ST000145" WC="1" CONTENT="ENVOI" STYLEREFS="TXT_34"/>
            <SP ID="PAG_16_SP000132" HPOS="2926" VPOS="4518" WIDTH="30"/>
            <String HPOS="2956" VPOS="4518" HEIGHT="27" WIDTH="139" ID="PAG_16_ST000146" WC="1" CONTENT="CONTRE" STYLEREFS="TXT_34"/>
            <SP ID="PAG_16_SP000133" HPOS="3095" VPOS="4518" WIDTH="29"/>
            <String HPOS="3124" VPOS="4518" HEIGHT="26" WIDTH="265" ID="PAG_16_ST000147" WC="1" CONTENT="MANDAT-POSTE" STYLEREFS="TXT_34"/>
            <SP ID="PAG_16_SP000134" HPOS="3389" VPOS="4518" WIDTH="29"/>
            <String HPOS="3418" VPOS="4518" HEIGHT="26" WIDTH="39" ID="PAG_16_ST000148" WC="1" CONTENT="DE" STYLEREFS="TXT_34"/>
            <SP ID="PAG_16_SP000135" HPOS="3457" VPOS="4519" WIDTH="26"/>
            <String HPOS="3483" VPOS="4519" HEIGHT="25" WIDTH="16" ID="PAG_16_ST000149" WC="1" CONTENT="8" STYLEREFS="TXT_34"/>
            <SP ID="PAG_16_SP000136" HPOS="3499" VPOS="4518" WIDTH="28"/>
            <String HPOS="3527" VPOS="4518" HEIGHT="26" WIDTH="46" ID="PAG_16_ST000150" WC="1" CONTENT="FR." STYLEREFS="TXT_34"/>
            <SP ID="PAG_16_SP000137" HPOS="3573" VPOS="4518" WIDTH="28"/>
            <String HPOS="3601" VPOS="4518" HEIGHT="26" WIDTH="41" ID="PAG_16_ST000151" WC="1" CONTENT="50." STYLEREFS="TXT_34"/>
          </TextLine>
        </TextBlock>
        <TextBlock HPOS="4075" VPOS="4098" HEIGHT="488" WIDTH="1387" ID="PAG_16_TB000006" LANG="fr" STYLEREFS="TXT_20">
          <TextLine HPOS="4081" VPOS="4098" HEIGHT="44" WIDTH="1381" ID="PAG_16_TL000015" STYLEREFS="TXT_20">
            <String HPOS="4081" VPOS="4098" HEIGHT="39" WIDTH="39" ID="PAG_16_ST000152" WC="0.50" CONTENT="." STYLEREFS="TXT_20"/>
            <SP ID="PAG_16_SP000138" HPOS="4120" VPOS="4099" WIDTH="27"/>
            <String HPOS="4147" VPOS="4099" HEIGHT="32" WIDTH="42" ID="PAG_16_ST000153" WC="1" CONTENT="LE" STYLEREFS="TXT_20"/>
            <SP ID="PAG_16_SP000139" HPOS="4189" VPOS="4099" WIDTH="30"/>
            <String HPOS="4219" VPOS="4099" HEIGHT="33" WIDTH="216" ID="PAG_16_ST000154" WC="1" CONTENT="CANOTIER." STYLEREFS="TXT_20"/>
            <SP ID="PAG_16_SP000140" HPOS="4435" VPOS="4102" WIDTH="31"/>
            <String HPOS="4466" VPOS="4102" HEIGHT="31" WIDTH="50" ID="PAG_16_ST000155" WC="1" CONTENT="Ce" STYLEREFS="TXT_20"/>
            <SP ID="PAG_16_SP000141" HPOS="4516" VPOS="4103" WIDTH="31"/>
            <String HPOS="4547" VPOS="4103" HEIGHT="38" WIDTH="142" ID="PAG_16_ST000156" WC="1" CONTENT="chapeau" STYLEREFS="TXT_20"/>
            <SP ID="PAG_16_SP000142" HPOS="4689" VPOS="4104" WIDTH="31"/>
            <String HPOS="4720" VPOS="4104" HEIGHT="36" WIDTH="89" ID="PAG_16_ST000157" WC="1" CONTENT="jeune" STYLEREFS="TXT_20"/>
            <SP ID="PAG_16_SP000143" HPOS="4809" VPOS="4107" WIDTH="33"/>
            <String HPOS="4842" VPOS="4107" HEIGHT="27" WIDTH="32" ID="PAG_16_ST000158" WC="1" CONTENT="et" STYLEREFS="TXT_20"/>
            <SP ID="PAG_16_SP000144" HPOS="4874" VPOS="4107" WIDTH="30"/>
            <String HPOS="4904" VPOS="4107" HEIGHT="33" WIDTH="109" ID="PAG_16_ST000159" WC="0.99" CONTENT="seyant" STYLEREFS="TXT_20"/>
            <SP ID="PAG_16_SP000145" HPOS="5013" VPOS="4108" WIDTH="31"/>
            <String HPOS="5044" VPOS="4108" HEIGHT="27" WIDTH="47" ID="PAG_16_ST000160" WC="1" CONTENT="est" STYLEREFS="TXT_20"/>
            <SP ID="PAG_16_SP000146" HPOS="5091" VPOS="4104" WIDTH="30"/>
            <String HPOS="5121" VPOS="4104" HEIGHT="31" WIDTH="127" ID="PAG_16_ST000161" WC="0.99" CONTENT="exécuté" STYLEREFS="TXT_20"/>
            <SP ID="PAG_16_SP000147" HPOS="5248" VPOS="4117" WIDTH="34"/>
            <String HPOS="5282" VPOS="4117" HEIGHT="18" WIDTH="35" ID="PAG_16_ST000162" WC="1" CONTENT="en" STYLEREFS="TXT_20"/>
            <SP ID="PAG_16_SP000148" HPOS="5317" VPOS="4116" WIDTH="33"/>
            <String HPOS="5350" VPOS="4116" HEIGHT="26" WIDTH="82" ID="PAG_16_ST000163" WC="1" CONTENT="gros-" SUBS_TYPE="HypPart1" SUBS_CONTENT="gros-grain." STYLEREFS="TXT_20"/>
            <HYP HPOS="5432" VPOS="4142" WIDTH="30" CONTENT="-"/>
          </TextLine>
          <TextLine HPOS="4082" VPOS="4145" HEIGHT="39" WIDTH="1350" ID="PAG_16_TL000016" STYLEREFS="TXT_20">
            <String HPOS="4082" VPOS="4146" HEIGHT="36" WIDTH="97" ID="PAG_16_ST000164" WC="0.99" CONTENT="grain." SUBS_TYPE="HypPart2" SUBS_CONTENT="gros-grain." STYLEREFS="TXT_20"/>
            <SP ID="PAG_16_SP000149" HPOS="4179" VPOS="4145" WIDTH="34"/>
            <String HPOS="4213" VPOS="4145" HEIGHT="39" WIDTH="162" ID="PAG_16_ST000165" WC="1" CONTENT="(Métrage" STYLEREFS="TXT_20"/>
            <SP ID="PAG_16_SP000150" HPOS="4375" VPOS="4148" WIDTH="27"/>
            <String HPOS="4402" VPOS="4148" HEIGHT="30" WIDTH="174" ID="PAG_16_ST000166" WC="1" CONTENT="nécessaire" STYLEREFS="TXT_20"/>
            <SP ID="PAG_16_SP000151" HPOS="4576" VPOS="4159" WIDTH="30"/>
            <String HPOS="4606" VPOS="4159" HEIGHT="18" WIDTH="8" ID="PAG_16_ST000167" WC="0.79" CONTENT=":" STYLEREFS="TXT_20"/>
            <SP ID="PAG_16_SP000152" HPOS="4614" VPOS="4150" WIDTH="27"/>
            <String HPOS="4641" VPOS="4150" HEIGHT="28" WIDTH="20" ID="PAG_16_ST000168" WC="1" CONTENT="0" STYLEREFS="TXT_20"/>
            <SP ID="PAG_16_SP000153" HPOS="4661" VPOS="4160" WIDTH="28"/>
            <String HPOS="4689" VPOS="4160" HEIGHT="19" WIDTH="37" ID="PAG_16_ST000169" WC="1" CONTENT="m." STYLEREFS="TXT_20"/>
            <SP ID="PAG_16_SP000154" HPOS="4726" VPOS="4149" WIDTH="28"/>
            <String HPOS="4754" VPOS="4149" HEIGHT="29" WIDTH="41" ID="PAG_16_ST000170" WC="1" CONTENT="80" STYLEREFS="TXT_20"/>
            <SP ID="PAG_16_SP000155" HPOS="4795" VPOS="4160" WIDTH="26"/>
            <String HPOS="4821" VPOS="4160" HEIGHT="19" WIDTH="37" ID="PAG_16_ST000171" WC="1" CONTENT="en" STYLEREFS="TXT_20"/>
            <SP ID="PAG_16_SP000156" HPOS="4858" VPOS="4150" WIDTH="28"/>
            <String HPOS="4886" VPOS="4150" HEIGHT="28" WIDTH="20" ID="PAG_16_ST000172" WC="1" CONTENT="0" STYLEREFS="TXT_20"/>
            <SP ID="PAG_16_SP000157" HPOS="4906" VPOS="4161" WIDTH="28"/>
            <String HPOS="4934" VPOS="4161" HEIGHT="18" WIDTH="36" ID="PAG_16_ST000173" WC="1" CONTENT="m." STYLEREFS="TXT_20"/>
            <SP ID="PAG_16_SP000158" HPOS="4970" VPOS="4151" WIDTH="28"/>
            <String HPOS="4998" VPOS="4151" HEIGHT="28" WIDTH="49" ID="PAG_16_ST000174" WC="1" CONTENT="45." STYLEREFS="TXT_20"/>
            <SP ID="PAG_16_SP000159" HPOS="5047" VPOS="4149" WIDTH="30"/>
            <String HPOS="5077" VPOS="4149" HEIGHT="31" WIDTH="76" ID="PAG_16_ST000175" WC="1" CONTENT="Pour" STYLEREFS="TXT_20"/>
            <SP ID="PAG_16_SP000160" HPOS="5153" VPOS="4150" WIDTH="28"/>
            <String HPOS="5181" VPOS="4150" HEIGHT="30" WIDTH="32" ID="PAG_16_ST000176" WC="1" CONTENT="la" STYLEREFS="TXT_20"/>
            <SP ID="PAG_16_SP000161" HPOS="5213" VPOS="4150" WIDTH="26"/>
            <String HPOS="5239" VPOS="4150" HEIGHT="31" WIDTH="125" ID="PAG_16_ST000177" WC="1" CONTENT="torsade" STYLEREFS="TXT_20"/>
            <SP ID="PAG_16_SP000162" HPOS="5364" VPOS="4150" WIDTH="28"/>
            <String HPOS="5392" VPOS="4150" HEIGHT="31" WIDTH="40" ID="PAG_16_ST000178" WC="1" CONTENT="de" STYLEREFS="TXT_20"/>
          </TextLine>
          <TextLine HPOS="4080" VPOS="4190" HEIGHT="42" WIDTH="1349" ID="PAG_16_TL000017" STYLEREFS="TXT_20">
            <String HPOS="4080" VPOS="4190" HEIGHT="30" WIDTH="125" ID="PAG_16_ST000179" WC="1" CONTENT="couleur" STYLEREFS="TXT_20"/>
            <SP ID="PAG_16_SP000163" HPOS="4205" VPOS="4194" WIDTH="26"/>
            <String HPOS="4231" VPOS="4194" HEIGHT="28" WIDTH="212" ID="PAG_16_ST000180" WC="0.99" CONTENT="contrastante" STYLEREFS="TXT_20"/>
            <SP ID="PAG_16_SP000164" HPOS="4443" VPOS="4203" WIDTH="27"/>
            <String HPOS="4470" VPOS="4203" HEIGHT="19" WIDTH="9" ID="PAG_16_ST000181" WC="1" CONTENT=":" STYLEREFS="TXT_20"/>
            <SP ID="PAG_16_SP000165" HPOS="4479" VPOS="4194" WIDTH="25"/>
            <String HPOS="4504" VPOS="4194" HEIGHT="28" WIDTH="20" ID="PAG_16_ST000182" WC="1" CONTENT="0" STYLEREFS="TXT_20"/>
            <SP ID="PAG_16_SP000166" HPOS="4524" VPOS="4204" WIDTH="26"/>
            <String HPOS="4550" VPOS="4204" HEIGHT="19" WIDTH="36" ID="PAG_16_ST000183" WC="1" CONTENT="m." STYLEREFS="TXT_20"/>
            <SP ID="PAG_16_SP000167" HPOS="4586" VPOS="4194" WIDTH="30"/>
            <String HPOS="4616" VPOS="4194" HEIGHT="29" WIDTH="37" ID="PAG_16_ST000184" WC="1" CONTENT="75" STYLEREFS="TXT_20"/>
            <SP ID="PAG_16_SP000168" HPOS="4653" VPOS="4204" WIDTH="27"/>
            <String HPOS="4680" VPOS="4204" HEIGHT="20" WIDTH="37" ID="PAG_16_ST000185" WC="1" CONTENT="en" STYLEREFS="TXT_20"/>
            <SP ID="PAG_16_SP000169" HPOS="4717" VPOS="4195" WIDTH="26"/>
            <String HPOS="4743" VPOS="4195" HEIGHT="28" WIDTH="20" ID="PAG_16_ST000186" WC="1" CONTENT="0" STYLEREFS="TXT_20"/>
            <SP ID="PAG_16_SP000170" HPOS="4763" VPOS="4205" WIDTH="26"/>
            <String HPOS="4789" VPOS="4205" HEIGHT="18" WIDTH="36" ID="PAG_16_ST000187" WC="1" CONTENT="m." STYLEREFS="TXT_20"/>
            <SP ID="PAG_16_SP000171" HPOS="4825" VPOS="4193" WIDTH="27"/>
            <String HPOS="4852" VPOS="4193" HEIGHT="39" WIDTH="67" ID="PAG_16_ST000188" WC="1" CONTENT="45.)" STYLEREFS="TXT_20"/>
            <SP ID="PAG_16_SP000172" HPOS="4919" VPOS="4192" WIDTH="31"/>
            <String HPOS="4950" VPOS="4192" HEIGHT="32" WIDTH="112" ID="PAG_16_ST000189" WC="1" CONTENT="Tailler" STYLEREFS="TXT_20"/>
            <SP ID="PAG_16_SP000173" HPOS="5062" VPOS="4194" WIDTH="27"/>
            <String HPOS="5089" VPOS="4194" HEIGHT="31" WIDTH="43" ID="PAG_16_ST000190" WC="1" CONTENT="les" STYLEREFS="TXT_20"/>
            <SP ID="PAG_16_SP000174" HPOS="5132" VPOS="4206" WIDTH="26"/>
            <String HPOS="5158" VPOS="4206" HEIGHT="19" WIDTH="161" ID="PAG_16_ST000191" WC="1" CONTENT="morceaux" STYLEREFS="TXT_20"/>
            <SP ID="PAG_16_SP000175" HPOS="5319" VPOS="4196" WIDTH="25"/>
            <String HPOS="5344" VPOS="4196" HEIGHT="29" WIDTH="85" ID="PAG_16_ST000192" WC="1" CONTENT="selon" STYLEREFS="TXT_20"/>
          </TextLine>
          <TextLine HPOS="4081" VPOS="4234" HEIGHT="40" WIDTH="1350" ID="PAG_16_TL000018" STYLEREFS="TXT_20">
            <String HPOS="4081" VPOS="4234" HEIGHT="30" WIDTH="30" ID="PAG_16_ST000193" WC="0.98" CONTENT="le" STYLEREFS="TXT_20"/>
            <SP ID="PAG_16_SP000176" HPOS="4111" VPOS="4238" WIDTH="24"/>
            <String HPOS="4135" VPOS="4238" HEIGHT="34" WIDTH="123" ID="PAG_16_ST000194" WC="1" CONTENT="patron." STYLEREFS="TXT_20"/>
            <SP ID="PAG_16_SP000177" HPOS="4258" VPOS="4236" WIDTH="26"/>
            <String HPOS="4284" VPOS="4236" HEIGHT="30" WIDTH="76" ID="PAG_16_ST000195" WC="1" CONTENT="Pour" STYLEREFS="TXT_20"/>
            <SP ID="PAG_16_SP000178" HPOS="4360" VPOS="4235" WIDTH="25"/>
            <String HPOS="4385" VPOS="4235" HEIGHT="32" WIDTH="80" ID="PAG_16_ST000196" WC="1" CONTENT="faire" STYLEREFS="TXT_20"/>
            <SP ID="PAG_16_SP000179" HPOS="4465" VPOS="4236" WIDTH="27"/>
            <String HPOS="4492" VPOS="4236" HEIGHT="31" WIDTH="31" ID="PAG_16_ST000197" WC="1" CONTENT="la" STYLEREFS="TXT_20"/>
            <SP ID="PAG_16_SP000180" HPOS="4523" VPOS="4237" WIDTH="24"/>
            <String HPOS="4547" VPOS="4237" HEIGHT="31" WIDTH="126" ID="PAG_16_ST000198" WC="0.99" CONTENT="torsade" STYLEREFS="TXT_20"/>
            <SP ID="PAG_16_SP000181" HPOS="4673" VPOS="4239" WIDTH="26"/>
            <String HPOS="4699" VPOS="4239" HEIGHT="35" WIDTH="54" ID="PAG_16_ST000199" WC="1" CONTENT="qui" STYLEREFS="TXT_20"/>
            <SP ID="PAG_16_SP000182" HPOS="4753" VPOS="4238" WIDTH="23"/>
            <String HPOS="4776" VPOS="4238" HEIGHT="31" WIDTH="152" ID="PAG_16_ST000200" WC="1" CONTENT="s'enroule" STYLEREFS="TXT_20"/>
            <SP ID="PAG_16_SP000183" HPOS="4928" VPOS="4242" WIDTH="25"/>
            <String HPOS="4953" VPOS="4242" HEIGHT="27" WIDTH="109" ID="PAG_16_ST000201" WC="1" CONTENT="autour" STYLEREFS="TXT_20"/>
            <SP ID="PAG_16_SP000184" HPOS="5062" VPOS="4239" WIDTH="26"/>
            <String HPOS="5088" VPOS="4239" HEIGHT="30" WIDTH="40" ID="PAG_16_ST000202" WC="1" CONTENT="du" STYLEREFS="TXT_20"/>
            <SP ID="PAG_16_SP000185" HPOS="5128" VPOS="4239" WIDTH="25"/>
            <String HPOS="5153" VPOS="4239" HEIGHT="35" WIDTH="89" ID="PAG_16_ST000203" WC="1" CONTENT="bord," STYLEREFS="TXT_20"/>
            <SP ID="PAG_16_SP000186" HPOS="5242" VPOS="4240" WIDTH="27"/>
            <String HPOS="5269" VPOS="4240" HEIGHT="30" WIDTH="106" ID="PAG_16_ST000204" WC="1" CONTENT="tailler" STYLEREFS="TXT_20"/>
            <SP ID="PAG_16_SP000187" HPOS="5375" VPOS="4240" WIDTH="26"/>
            <String HPOS="5401" VPOS="4240" HEIGHT="29" WIDTH="30" ID="PAG_16_ST000205" WC="1" CONTENT="la" STYLEREFS="TXT_20"/>
          </TextLine>
          <TextLine HPOS="4077" VPOS="4279" HEIGHT="42" WIDTH="1352" ID="PAG_16_TL000019" STYLEREFS="TXT_20">
            <String HPOS="4077" VPOS="4279" HEIGHT="30" WIDTH="104" ID="PAG_16_ST000206" WC="1" CONTENT="bande" STYLEREFS="TXT_20"/>
            <SP ID="PAG_16_SP000188" HPOS="4181" VPOS="4281" WIDTH="24"/>
            <String HPOS="4205" VPOS="4281" HEIGHT="38" WIDTH="266" ID="PAG_16_ST000207" WC="1" CONTENT="correspondante" STYLEREFS="TXT_20"/>
            <SP ID="PAG_16_SP000189" HPOS="4471" VPOS="4282" WIDTH="24"/>
            <String HPOS="4495" VPOS="4282" HEIGHT="30" WIDTH="40" ID="PAG_16_ST000208" WC="1" CONTENT="du" STYLEREFS="TXT_20"/>
            <SP ID="PAG_16_SP000190" HPOS="4535" VPOS="4285" WIDTH="25"/>
            <String HPOS="4560" VPOS="4285" HEIGHT="34" WIDTH="111" ID="PAG_16_ST000209" WC="0.99" CONTENT="patron" STYLEREFS="TXT_20"/>
            <SP ID="PAG_16_SP000191" HPOS="4671" VPOS="4294" WIDTH="26"/>
            <String HPOS="4697" VPOS="4294" HEIGHT="19" WIDTH="37" ID="PAG_16_ST000210" WC="1" CONTENT="en" STYLEREFS="TXT_20"/>
            <SP ID="PAG_16_SP000192" HPOS="4734" VPOS="4283" WIDTH="24"/>
            <String HPOS="4758" VPOS="4283" HEIGHT="38" WIDTH="85" ID="PAG_16_ST000211" WC="1" CONTENT="plein" STYLEREFS="TXT_20"/>
            <SP ID="PAG_16_SP000193" HPOS="4843" VPOS="4283" WIDTH="26"/>
            <String HPOS="4869" VPOS="4283" HEIGHT="31" WIDTH="79" ID="PAG_16_ST000212" WC="1" CONTENT="biais" STYLEREFS="TXT_20"/>
            <SP ID="PAG_16_SP000194" HPOS="4948" VPOS="4283" WIDTH="31"/>
            <String HPOS="4979" VPOS="4283" HEIGHT="38" WIDTH="92" ID="PAG_16_ST000213" WC="1" CONTENT="(pour" STYLEREFS="TXT_20"/>
            <SP ID="PAG_16_SP000195" HPOS="5071" VPOS="4285" WIDTH="25"/>
            <String HPOS="5096" VPOS="4285" HEIGHT="33" WIDTH="77" ID="PAG_16_ST000214" WC="1" CONTENT="ceci," STYLEREFS="TXT_20"/>
            <SP ID="PAG_16_SP000196" HPOS="5173" VPOS="4284" WIDTH="28"/>
            <String HPOS="5201" VPOS="4284" HEIGHT="29" WIDTH="30" ID="PAG_16_ST000215" WC="1" CONTENT="la" STYLEREFS="TXT_20"/>
            <SP ID="PAG_16_SP000197" HPOS="5231" VPOS="4285" WIDTH="24"/>
            <String HPOS="5255" VPOS="4285" HEIGHT="30" WIDTH="174" ID="PAG_16_ST000216" WC="1" CONTENT="sectionner" STYLEREFS="TXT_20"/>
          </TextLine>
          <TextLine HPOS="4077" VPOS="4324" HEIGHT="42" WIDTH="1352" ID="PAG_16_TL000020" STYLEREFS="TXT_20">
            <String HPOS="4077" VPOS="4335" HEIGHT="19" WIDTH="36" ID="PAG_16_ST000217" WC="1" CONTENT="en" STYLEREFS="TXT_20"/>
            <SP ID="PAG_16_SP000198" HPOS="4113" VPOS="4324" WIDTH="31"/>
            <String HPOS="4144" VPOS="4324" HEIGHT="38" WIDTH="150" ID="PAG_16_ST000218" WC="1" CONTENT="plusieurs" STYLEREFS="TXT_20"/>
            <SP ID="PAG_16_SP000199" HPOS="4294" VPOS="4336" WIDTH="31"/>
            <String HPOS="4325" VPOS="4336" HEIGHT="20" WIDTH="161" ID="PAG_16_ST000219" WC="1" CONTENT="morceaux" STYLEREFS="TXT_20"/>
            <SP ID="PAG_16_SP000200" HPOS="4486" VPOS="4338" WIDTH="29"/>
            <String HPOS="4515" VPOS="4338" HEIGHT="25" WIDTH="61" ID="PAG_16_ST000220" WC="1" CONTENT="que" STYLEREFS="TXT_20"/>
            <SP ID="PAG_16_SP000201" HPOS="4576" VPOS="4338" WIDTH="33"/>
            <String HPOS="4609" VPOS="4338" HEIGHT="19" WIDTH="71" ID="PAG_16_ST000221" WC="1" CONTENT="vous" STYLEREFS="TXT_20"/>
            <SP ID="PAG_16_SP000202" HPOS="4680" VPOS="4327" WIDTH="30"/>
            <String HPOS="4710" VPOS="4327" HEIGHT="32" WIDTH="203" ID="PAG_16_ST000222" WC="1" CONTENT="assemblerez" STYLEREFS="TXT_20"/>
            <SP ID="PAG_16_SP000203" HPOS="4913" VPOS="4328" WIDTH="31"/>
            <String HPOS="4944" VPOS="4328" HEIGHT="38" WIDTH="275" ID="PAG_16_ST000223" WC="0.94" CONTENT="soigneusement)," STYLEREFS="TXT_20"/>
            <SP ID="PAG_16_SP000204" HPOS="5219" VPOS="4329" WIDTH="33"/>
            <String HPOS="5252" VPOS="4329" HEIGHT="30" WIDTH="177" ID="PAG_16_ST000224" WC="1" CONTENT="Assembler" STYLEREFS="TXT_20"/>
          </TextLine>
          <TextLine HPOS="4080" VPOS="4368" HEIGHT="42" WIDTH="1351" ID="PAG_16_TL000021" STYLEREFS="TXT_20">
            <String HPOS="4080" VPOS="4368" HEIGHT="30" WIDTH="29" ID="PAG_16_ST000225" WC="1" CONTENT="le" STYLEREFS="TXT_20"/>
            <SP ID="PAG_16_SP000205" HPOS="4109" VPOS="4368" WIDTH="26"/>
            <String HPOS="4135" VPOS="4368" HEIGHT="31" WIDTH="78" ID="PAG_16_ST000226" WC="1" CONTENT="fond" STYLEREFS="TXT_20"/>
            <SP ID="PAG_16_SP000206" HPOS="4213" VPOS="4373" WIDTH="25"/>
            <String HPOS="4238" VPOS="4373" HEIGHT="27" WIDTH="32" ID="PAG_16_ST000227" WC="1" CONTENT="et" STYLEREFS="TXT_20"/>
            <SP ID="PAG_16_SP000207" HPOS="4270" VPOS="4370" WIDTH="27"/>
            <String HPOS="4297" VPOS="4370" HEIGHT="30" WIDTH="29" ID="PAG_16_ST000228" WC="0.99" CONTENT="le" STYLEREFS="TXT_20"/>
            <SP ID="PAG_16_SP000208" HPOS="4326" VPOS="4373" WIDTH="26"/>
            <String HPOS="4352" VPOS="4373" HEIGHT="28" WIDTH="68" ID="PAG_16_ST000229" WC="1" CONTENT="tour" STYLEREFS="TXT_20"/>
            <SP ID="PAG_16_SP000209" HPOS="4420" VPOS="4371" WIDTH="25"/>
            <String HPOS="4445" VPOS="4371" HEIGHT="30" WIDTH="41" ID="PAG_16_ST000230" WC="1" CONTENT="de" STYLEREFS="TXT_20"/>
            <SP ID="PAG_16_SP000210" HPOS="4486" VPOS="4371" WIDTH="25"/>
            <String HPOS="4511" VPOS="4371" HEIGHT="30" WIDTH="32" ID="PAG_16_ST000231" WC="0.99" CONTENT="la" STYLEREFS="TXT_20"/>
            <SP ID="PAG_16_SP000211" HPOS="4543" VPOS="4372" WIDTH="24"/>
            <String HPOS="4567" VPOS="4372" HEIGHT="30" WIDTH="130" ID="PAG_16_ST000232" WC="1" CONTENT="calotte." STYLEREFS="TXT_20"/>
            <SP ID="PAG_16_SP000212" HPOS="4697" VPOS="4372" WIDTH="27"/>
            <String HPOS="4724" VPOS="4372" HEIGHT="30" WIDTH="119" ID="PAG_16_ST000233" WC="1" CONTENT="Fermer" STYLEREFS="TXT_20"/>
            <SP ID="PAG_16_SP000213" HPOS="4843" VPOS="4373" WIDTH="26"/>
            <String HPOS="4869" VPOS="4373" HEIGHT="30" WIDTH="30" ID="PAG_16_ST000234" WC="1" CONTENT="le" STYLEREFS="TXT_20"/>
            <SP ID="PAG_16_SP000214" HPOS="4899" VPOS="4384" WIDTH="25"/>
            <String HPOS="4924" VPOS="4384" HEIGHT="19" WIDTH="144" ID="PAG_16_ST000235" WC="1" CONTENT="morceau" STYLEREFS="TXT_20"/>
            <SP ID="PAG_16_SP000215" HPOS="5068" VPOS="4374" WIDTH="25"/>
            <String HPOS="5093" VPOS="4374" HEIGHT="36" WIDTH="54" ID="PAG_16_ST000236" WC="1" CONTENT="qui" STYLEREFS="TXT_20"/>
            <SP ID="PAG_16_SP000216" HPOS="5147" VPOS="4372" WIDTH="23"/>
            <String HPOS="5170" VPOS="4372" HEIGHT="31" WIDTH="98" ID="PAG_16_ST000237" WC="1" CONTENT="forme" STYLEREFS="TXT_20"/>
            <SP ID="PAG_16_SP000217" HPOS="5268" VPOS="4374" WIDTH="28"/>
            <String HPOS="5296" VPOS="4374" HEIGHT="29" WIDTH="28" ID="PAG_16_ST000238" WC="0.99" CONTENT="le" STYLEREFS="TXT_20"/>
            <SP ID="PAG_16_SP000218" HPOS="5324" VPOS="4373" WIDTH="26"/>
            <String HPOS="5350" VPOS="4373" HEIGHT="30" WIDTH="81" ID="PAG_16_ST000239" WC="1" CONTENT="bord" STYLEREFS="TXT_20"/>
          </TextLine>
          <TextLine HPOS="4077" VPOS="4412" HEIGHT="41" WIDTH="1351" ID="PAG_16_TL000022" STYLEREFS="TXT_20">
            <String HPOS="4077" VPOS="4412" HEIGHT="32" WIDTH="42" ID="PAG_16_ST000240" WC="1" CONTENT="de" STYLEREFS="TXT_20"/>
            <SP ID="PAG_16_SP000219" HPOS="4119" VPOS="4412" WIDTH="24"/>
            <String HPOS="4143" VPOS="4412" HEIGHT="37" WIDTH="94" ID="PAG_16_ST000241" WC="1" CONTENT="façon" STYLEREFS="TXT_20"/>
            <SP ID="PAG_16_SP000220" HPOS="4237" VPOS="4414" WIDTH="27"/>
            <String HPOS="4264" VPOS="4414" HEIGHT="36" WIDTH="77" ID="PAG_16_ST000242" WC="0.99" CONTENT="qu'il" STYLEREFS="TXT_20"/>
            <SP ID="PAG_16_SP000221" HPOS="4341" VPOS="4416" WIDTH="25"/>
            <String HPOS="4366" VPOS="4416" HEIGHT="37" WIDTH="179" ID="PAG_16_ST000243" WC="1" CONTENT="représente" STYLEREFS="TXT_20"/>
            <SP ID="PAG_16_SP000222" HPOS="4545" VPOS="4428" WIDTH="26"/>
            <String HPOS="4571" VPOS="4428" HEIGHT="19" WIDTH="36" ID="PAG_16_ST000244" WC="1" CONTENT="un" STYLEREFS="TXT_20"/>
            <SP ID="PAG_16_SP000223" HPOS="4607" VPOS="4419" WIDTH="27"/>
            <String HPOS="4634" VPOS="4419" HEIGHT="34" WIDTH="92" ID="PAG_16_ST000245" WC="0.99" CONTENT="tuyau" STYLEREFS="TXT_20"/>
            <SP ID="PAG_16_SP000224" HPOS="4726" VPOS="4428" WIDTH="25"/>
            <String HPOS="4751" VPOS="4428" HEIGHT="25" WIDTH="61" ID="PAG_16_ST000246" WC="1" CONTENT="que" STYLEREFS="TXT_20"/>
            <SP ID="PAG_16_SP000225" HPOS="4812" VPOS="4429" WIDTH="26"/>
            <String HPOS="4838" VPOS="4429" HEIGHT="19" WIDTH="71" ID="PAG_16_ST000247" WC="1" CONTENT="vous" STYLEREFS="TXT_20"/>
            <SP ID="PAG_16_SP000226" HPOS="4909" VPOS="4417" WIDTH="27"/>
            <String HPOS="4936" VPOS="4417" HEIGHT="31" WIDTH="159" ID="PAG_16_ST000248" WC="1" CONTENT="bourrerez" STYLEREFS="TXT_20"/>
            <SP ID="PAG_16_SP000227" HPOS="5095" VPOS="4417" WIDTH="26"/>
            <String HPOS="5121" VPOS="4417" HEIGHT="31" WIDTH="137" ID="PAG_16_ST000249" WC="1" CONTENT="d'ouate." STYLEREFS="TXT_20"/>
            <SP ID="PAG_16_SP000228" HPOS="5258" VPOS="4418" WIDTH="28"/>
            <String HPOS="5286" VPOS="4418" HEIGHT="31" WIDTH="142" ID="PAG_16_ST000250" WC="1" CONTENT="Enroulez" STYLEREFS="TXT_20"/>
          </TextLine>
          <TextLine HPOS="4075" VPOS="4459" HEIGHT="34" WIDTH="1350" ID="PAG_16_TL000023" STYLEREFS="TXT_20">
            <String HPOS="4075" VPOS="4461" HEIGHT="27" WIDTH="110" ID="PAG_16_ST000251" WC="0.99" CONTENT="autour" STYLEREFS="TXT_20"/>
            <SP ID="PAG_16_SP000229" HPOS="4185" VPOS="4459" WIDTH="30"/>
            <String HPOS="4215" VPOS="4459" HEIGHT="30" WIDTH="41" ID="PAG_16_ST000252" WC="1" CONTENT="de" STYLEREFS="TXT_20"/>
            <SP ID="PAG_16_SP000230" HPOS="4256" VPOS="4470" WIDTH="31"/>
            <String HPOS="4287" VPOS="4470" HEIGHT="19" WIDTH="37" ID="PAG_16_ST000253" WC="1" CONTENT="ce" STYLEREFS="TXT_20"/>
            <SP ID="PAG_16_SP000231" HPOS="4324" VPOS="4459" WIDTH="30"/>
            <String HPOS="4354" VPOS="4459" HEIGHT="32" WIDTH="159" ID="PAG_16_ST000254" WC="1" CONTENT="bourrelet" STYLEREFS="TXT_20"/>
            <SP ID="PAG_16_SP000232" HPOS="4513" VPOS="4461" WIDTH="32"/>
            <String HPOS="4545" VPOS="4461" HEIGHT="30" WIDTH="31" ID="PAG_16_ST000255" WC="1" CONTENT="la" STYLEREFS="TXT_20"/>
            <SP ID="PAG_16_SP000233" HPOS="4576" VPOS="4462" WIDTH="30"/>
            <String HPOS="4606" VPOS="4462" HEIGHT="29" WIDTH="104" ID="PAG_16_ST000256" WC="1" CONTENT="bande" STYLEREFS="TXT_20"/>
            <SP ID="PAG_16_SP000234" HPOS="4710" VPOS="4461" WIDTH="31"/>
            <String HPOS="4741" VPOS="4461" HEIGHT="31" WIDTH="41" ID="PAG_16_ST000257" WC="1" CONTENT="de" STYLEREFS="TXT_20"/>
            <SP ID="PAG_16_SP000235" HPOS="4782" VPOS="4461" WIDTH="30"/>
            <String HPOS="4812" VPOS="4461" HEIGHT="32" WIDTH="79" ID="PAG_16_ST000258" WC="1" CONTENT="biais" STYLEREFS="TXT_20"/>
            <SP ID="PAG_16_SP000236" HPOS="4891" VPOS="4462" WIDTH="32"/>
            <String HPOS="4923" VPOS="4462" HEIGHT="31" WIDTH="43" ID="PAG_16_ST000259" WC="1" CONTENT="de" STYLEREFS="TXT_20"/>
            <SP ID="PAG_16_SP000237" HPOS="4966" VPOS="4462" WIDTH="29"/>
            <String HPOS="4995" VPOS="4462" HEIGHT="31" WIDTH="134" ID="PAG_16_ST000260" WC="1" CONTENT="couleur." STYLEREFS="TXT_20"/>
            <SP ID="PAG_16_SP000238" HPOS="5129" VPOS="4463" WIDTH="33"/>
            <String HPOS="5162" VPOS="4463" HEIGHT="30" WIDTH="95" ID="PAG_16_ST000261" WC="1" CONTENT="Avoir" STYLEREFS="TXT_20"/>
            <SP ID="PAG_16_SP000239" HPOS="5257" VPOS="4464" WIDTH="31"/>
            <String HPOS="5288" VPOS="4464" HEIGHT="29" WIDTH="64" ID="PAG_16_ST000262" WC="1" CONTENT="soin" STYLEREFS="TXT_20"/>
            <SP ID="PAG_16_SP000240" HPOS="5352" VPOS="4463" WIDTH="33"/>
            <String HPOS="5385" VPOS="4463" HEIGHT="30" WIDTH="40" ID="PAG_16_ST000263" WC="1" CONTENT="de" STYLEREFS="TXT_20"/>
          </TextLine>
          <TextLine HPOS="4076" VPOS="4503" HEIGHT="41" WIDTH="1379" ID="PAG_16_TL000024" STYLEREFS="TXT_20">
            <String HPOS="4076" VPOS="4513" HEIGHT="27" WIDTH="141" ID="PAG_16_ST000264" WC="1" CONTENT="masquer" STYLEREFS="TXT_20"/>
            <SP ID="PAG_16_SP000241" HPOS="4217" VPOS="4503" WIDTH="32"/>
            <String HPOS="4249" VPOS="4503" HEIGHT="31" WIDTH="43" ID="PAG_16_ST000265" WC="1" CONTENT="les" STYLEREFS="TXT_20"/>
            <SP ID="PAG_16_SP000242" HPOS="4292" VPOS="4505" WIDTH="31"/>
            <String HPOS="4323" VPOS="4505" HEIGHT="35" WIDTH="170" ID="PAG_16_ST000266" WC="0.98" CONTENT="rajoutures" STYLEREFS="TXT_20"/>
            <SP ID="PAG_16_SP000243" HPOS="4493" VPOS="4517" WIDTH="32"/>
            <String HPOS="4525" VPOS="4517" HEIGHT="19" WIDTH="37" ID="PAG_16_ST000267" WC="1" CONTENT="en" STYLEREFS="TXT_20"/>
            <SP ID="PAG_16_SP000244" HPOS="4562" VPOS="4505" WIDTH="34"/>
            <String HPOS="4596" VPOS="4505" HEIGHT="31" WIDTH="43" ID="PAG_16_ST000268" WC="1" CONTENT="les" STYLEREFS="TXT_20"/>
            <SP ID="PAG_16_SP000245" HPOS="4639" VPOS="4506" WIDTH="30"/>
            <String HPOS="4669" VPOS="4506" HEIGHT="38" WIDTH="130" ID="PAG_16_ST000269" WC="1" CONTENT="plaçant" STYLEREFS="TXT_20"/>
            <SP ID="PAG_16_SP000246" HPOS="4799" VPOS="4507" WIDTH="30"/>
            <String HPOS="4829" VPOS="4507" HEIGHT="29" WIDTH="21" ID="PAG_16_ST000270" WC="1" CONTENT="à" STYLEREFS="TXT_20"/>
            <SP ID="PAG_16_SP000247" HPOS="4850" VPOS="4507" WIDTH="32"/>
            <String HPOS="4882" VPOS="4507" HEIGHT="30" WIDTH="167" ID="PAG_16_ST000271" WC="0.99" CONTENT="l'intérieur" STYLEREFS="TXT_20"/>
            <SP ID="PAG_16_SP000248" HPOS="5049" VPOS="4507" WIDTH="32"/>
            <String HPOS="5081" VPOS="4507" HEIGHT="31" WIDTH="40" ID="PAG_16_ST000272" WC="1" CONTENT="du" STYLEREFS="TXT_20"/>
            <SP ID="PAG_16_SP000249" HPOS="5121" VPOS="4507" WIDTH="31"/>
            <String HPOS="5152" VPOS="4507" HEIGHT="31" WIDTH="81" ID="PAG_16_ST000273" WC="1" CONTENT="bord" STYLEREFS="TXT_20"/>
            <SP ID="PAG_16_SP000250" HPOS="5233" VPOS="4508" WIDTH="29"/>
            <String HPOS="5262" VPOS="4508" HEIGHT="36" WIDTH="54" ID="PAG_16_ST000274" WC="1" CONTENT="qui" STYLEREFS="TXT_20"/>
            <SP ID="PAG_16_SP000251" HPOS="5316" VPOS="4509" WIDTH="30"/>
            <String HPOS="5346" VPOS="4509" HEIGHT="29" WIDTH="79" ID="PAG_16_ST000275" WC="1" CONTENT="vien-" SUBS_TYPE="HypPart1" SUBS_CONTENT="viendra" STYLEREFS="TXT_20"/>
            <HYP HPOS="5425" VPOS="4538" WIDTH="30" CONTENT="-"/>
          </TextLine>
          <TextLine HPOS="4076" VPOS="4548" HEIGHT="38" WIDTH="1349" ID="PAG_16_TL000025" STYLEREFS="TXT_20">
            <String HPOS="4076" VPOS="4548" HEIGHT="29" WIDTH="58" ID="PAG_16_ST000276" WC="1" CONTENT="dra" SUBS_TYPE="HypPart2" SUBS_CONTENT="viendra" STYLEREFS="TXT_20"/>
            <SP ID="PAG_16_SP000252" HPOS="4134" VPOS="4548" WIDTH="48"/>
            <String HPOS="4182" VPOS="4548" HEIGHT="38" WIDTH="193" ID="PAG_16_ST000277" WC="1" CONTENT="s'appliquer" STYLEREFS="TXT_20"/>
            <SP ID="PAG_16_SP000253" HPOS="4375" VPOS="4553" WIDTH="52"/>
            <String HPOS="4427" VPOS="4553" HEIGHT="27" WIDTH="107" ID="PAG_16_ST000278" WC="1" CONTENT="contre" STYLEREFS="TXT_20"/>
            <SP ID="PAG_16_SP000254" HPOS="4534" VPOS="4549" WIDTH="53"/>
            <String HPOS="4587" VPOS="4549" HEIGHT="30" WIDTH="31" ID="PAG_16_ST000279" WC="0.96" CONTENT="la" STYLEREFS="TXT_20"/>
            <SP ID="PAG_16_SP000255" HPOS="4618" VPOS="4551" WIDTH="49"/>
            <String HPOS="4667" VPOS="4551" HEIGHT="30" WIDTH="131" ID="PAG_16_ST000280" WC="0.98" CONTENT="calotte." STYLEREFS="TXT_20"/>
            <SP ID="PAG_16_SP000256" HPOS="4798" VPOS="4551" WIDTH="54"/>
            <String HPOS="4852" VPOS="4551" HEIGHT="30" WIDTH="177" ID="PAG_16_ST000281" WC="1" CONTENT="Assembler" STYLEREFS="TXT_20"/>
            <SP ID="PAG_16_SP000257" HPOS="5029" VPOS="4552" WIDTH="52"/>
            <String HPOS="5081" VPOS="4552" HEIGHT="30" WIDTH="79" ID="PAG_16_ST000282" WC="1" CONTENT="bord" STYLEREFS="TXT_20"/>
            <SP ID="PAG_16_SP000258" HPOS="5160" VPOS="4554" WIDTH="50"/>
            <String HPOS="5210" VPOS="4554" HEIGHT="28" WIDTH="34" ID="PAG_16_ST000283" WC="1" CONTENT="et" STYLEREFS="TXT_20"/>
            <SP ID="PAG_16_SP000259" HPOS="5244" VPOS="4553" WIDTH="51"/>
            <String HPOS="5295" VPOS="4553" HEIGHT="30" WIDTH="130" ID="PAG_16_ST000284" WC="0.99" CONTENT="calotte." STYLEREFS="TXT_20"/>
          </TextLine>
        </TextBlock>
        <Illustration ID="PAG_16_IL000003" HPOS="4230" VPOS="587" HEIGHT="3515" WIDTH="2394"/>
        <Illustration ID="PAG_16_IL000004" HPOS="6544" VPOS="1619" HEIGHT="3076" WIDTH="768"/>
        <Illustration ID="PAG_16_IL000005" HPOS="4347" VPOS="3911" HEIGHT="22" WIDTH="21"/>
        </ComposedBlock>
      </PrintSpace>
    </Page>
  </Layout>
</alto>