<?xml version="1.0" encoding="UTF-8"?>
<alto xmlns="http://www.loc.gov/standards/alto/ns-v3#" xmlns:xsi="http://www.w3.org/2001/XMLSchema-instance" SCHEMAVERSION="alto_bnf-v2_0" xsi:schemaLocation="http://www.loc.gov/standards/alto/ns-v3# http://bibnum.bnf.fr/schema/alto_bnf-v2_0.xsd" xmlns:xlink="http://www.w3.org/TR/xlink">
  <Description>
    <MeasurementUnit>pixel</MeasurementUnit>
    <sourceImageInformation>
      <fileName>00000005.jp2</fileName>
      <fileIdentifier>ark:/12148/bpt6k4701034k/f5</fileIdentifier>
      <documentIdentifier documentIdentifierLocation="NUM">4701034</documentIdentifier>
    </sourceImageInformation>
    <OCRProcessing ID="OCR_1">
      <ocrProcessingStep>
        <processingDateTime>2019-01-29</processingDateTime>
        <processingStepDescription>[001_OCR_BRUT]OCR BRUT 86.05 %</processingStepDescription>
        <processingStepDescription>[002_CHARS]{1053}</processingStepDescription>
        <processingStepDescription>[003_CHARS_USED]{0}</processingStepDescription>
        <processingStepDescription>[004_CHARS_SUSPECTS_USED]{0}</processingStepDescription>
        <processingStepDescription>[005_CHARS_UNUSED]{1053}</processingStepDescription>
        <processingStepDescription>[006_CHARS_SUSPECTS_UNUSED]{0}</processingStepDescription>
        <processingStepDescription>[007_STRINGS]{209}</processingStepDescription>
        <processingStepDescription>[008_STRINGS_USED]{0}</processingStepDescription>
        <processingStepDescription>[009_STRINGS_SUSPECTS_UNUSED]{0}</processingStepDescription>
        <processingStepDescription>[010_CHARS_LETTERS]{984}</processingStepDescription>
        <processingStepDescription>[011_CHARS_PUNCTUATION]{63}</processingStepDescription>
        <processingStepDescription>[012_CHARS_DIGITS]{0}</processingStepDescription>
        <processingStepDescription>[013_CHARS_SUSPECT]{0}</processingStepDescription>
        <processingStepDescription>[022_CHARS_UNUSED_BY_BLOCK]{0}</processingStepDescription>
        <processingStepDescription>[023_BLOCKS_SUSPECTS]{0}</processingStepDescription>
        <processingStepDescription>[111_LIGS_DETECTED_CURV]{0}</processingStepDescription>
      </ocrProcessingStep>
    </OCRProcessing>
  </Description>
  <Styles>
    <TextStyle FONTSIZE="5" ID="TXT_2" FONTFAMILY="Arial"/>
    <TextStyle FONTSIZE="8" ID="TXT_12" FONTFAMILY="Arial"/>
    <TextStyle FONTSIZE="18" ID="TXT_13" FONTFAMILY="Arial"/>
    <TextStyle FONTSIZE="6" ID="TXT_14" FONTFAMILY="Arial"/>
    <TextStyle FONTSIZE="7" ID="TXT_15" FONTFAMILY="Arial"/>
  </Styles>
  <Tags>
    <LayoutTag TYPE="Content" ID="TAG_advertisement" LABEL="advertisement"/>
  </Tags>
  <Layout>
    <Page ID="PAG_5" HEIGHT="4941" WIDTH="3814" PHYSICAL_IMG_NR="5" QUALITY="OK" ACCURACY="100.00">
      <PrintSpace HPOS="110" VPOS="265" HEIGHT="4355" WIDTH="3238" ID="PAG_5_PrintSpace">
        <Illustration ID="PAG_5_IL000001" HPOS="110" VPOS="265" HEIGHT="4355" WIDTH="1571"/>
        <Illustration ID="PAG_5_IL000002" HPOS="1746" VPOS="265" HEIGHT="2102" WIDTH="1602"/>
        <TextBlock HPOS="3112" VPOS="2385" HEIGHT="25" WIDTH="4" ID="PAG_5_TB000001" TAGREFS="TAG_advertisement" LANG="fr" STYLEREFS="TXT_14">
          <TextLine HPOS="3112" VPOS="2385" HEIGHT="25" WIDTH="4" ID="PAG_5_TL000001" STYLEREFS="TXT_14">
            <String HPOS="3112" VPOS="2385" HEIGHT="25" WIDTH="4" ID="PAG_5_ST000001" WC="0.48" CONTENT="I" STYLEREFS="TXT_14"/>
          </TextLine>
        </TextBlock>
        <TextBlock HPOS="1792" VPOS="2478" HEIGHT="84" WIDTH="1494" ID="PAG_5_TB000002" TAGREFS="TAG_advertisement" LANG="fr" STYLEREFS="TXT_13">
          <TextLine HPOS="1792" VPOS="2478" HEIGHT="84" WIDTH="1494" ID="PAG_5_TL000002" STYLEREFS="TXT_13">
            <String HPOS="1792" VPOS="2478" HEIGHT="84" WIDTH="480" ID="PAG_5_ST000002" WC="0.00" CONTENT="S™«STUUX" STYLEREFS="TXT_13"/>
            <SP ID="PAG_5_SP000001" HPOS="2272" VPOS="2480" WIDTH="86"/>
            <String HPOS="2358" VPOS="2480" HEIGHT="58" WIDTH="66" ID="PAG_5_ST000003" WC="1" CONTENT="LA" STYLEREFS="TXT_13"/>
            <SP ID="PAG_5_SP000002" HPOS="2424" VPOS="2480" WIDTH="24"/>
            <String HPOS="2448" VPOS="2480" HEIGHT="60" WIDTH="158" ID="PAG_5_ST000004" WC="1" CONTENT="MODE" STYLEREFS="TXT_13"/>
            <SP ID="PAG_5_SP000003" HPOS="2606" VPOS="2480" WIDTH="28"/>
            <String HPOS="2634" VPOS="2480" HEIGHT="62" WIDTH="100" ID="PAG_5_ST000005" WC="1" CONTENT="DES" STYLEREFS="TXT_13"/>
            <SP ID="PAG_5_SP000004" HPOS="2734" VPOS="2482" WIDTH="22"/>
            <String HPOS="2756" VPOS="2482" HEIGHT="62" WIDTH="252" ID="PAG_5_ST000006" WC="1" CONTENT="CHEVEUX" STYLEREFS="TXT_13"/>
            <SP ID="PAG_5_SP000005" HPOS="3008" VPOS="2482" WIDTH="24"/>
            <String HPOS="3032" VPOS="2482" HEIGHT="60" WIDTH="254" ID="PAG_5_ST000007" WC="1" CONTENT="NUANCES" STYLEREFS="TXT_13"/>
          </TextLine>
        </TextBlock>
        <TextBlock HPOS="1790" VPOS="2568" HEIGHT="327" WIDTH="1502" ID="PAG_5_TB000003" TAGREFS="TAG_advertisement" LANG="fr" STYLEREFS="TXT_15">
          <TextLine HPOS="1790" VPOS="2568" HEIGHT="65" WIDTH="1498" ID="PAG_5_TL000003" STYLEREFS="TXT_15">
            <String HPOS="1790" VPOS="2602" HEIGHT="29" WIDTH="208" ID="PAG_5_ST000008" WC="1" CONTENT="AUBURN.." STYLEREFS="TXT_12"/>
            <SP ID="PAG_5_SP000006" HPOS="1998" VPOS="2602" WIDTH="28"/>
            <String HPOS="2026" VPOS="2602" HEIGHT="29" WIDTH="106" ID="PAG_5_ST000009" WC="1" CONTENT="Donne" STYLEREFS="TXT_2"/>
            <SP ID="PAG_5_SP000007" HPOS="2132" VPOS="2606" WIDTH="28"/>
            <String HPOS="2160" VPOS="2606" HEIGHT="25" WIDTH="18" ID="PAG_5_ST000010" WC="1" CONTENT="à" STYLEREFS="TXT_15"/>
            <SP ID="PAG_5_SP000008" HPOS="2178" VPOS="2606" WIDTH="28"/>
            <String HPOS="2206" VPOS="2606" HEIGHT="27" WIDTH="66" ID="PAG_5_ST000011" WC="0.79" CONTENT="tous" STYLEREFS="TXT_15"/>
            <SP ID="PAG_5_SP000009" HPOS="2272" VPOS="2606" WIDTH="82"/>
            <String HPOS="2354" VPOS="2606" HEIGHT="23" WIDTH="8" ID="PAG_5_ST000012" WC="0.00" CONTENT=":" STYLEREFS="TXT_15"/>
            <SP ID="PAG_5_SP000010" HPOS="2362" VPOS="2574" WIDTH="64"/>
            <String HPOS="2426" VPOS="2574" HEIGHT="40" WIDTH="54" ID="PAG_5_ST000013" WC="1" CONTENT="Est" STYLEREFS="TXT_15"/>
            <SP ID="PAG_5_SP000011" HPOS="2480" VPOS="2568" WIDTH="20"/>
            <String HPOS="2500" VPOS="2568" HEIGHT="46" WIDTH="36" ID="PAG_5_ST000014" WC="1" CONTENT="la" STYLEREFS="TXT_15"/>
            <SP ID="PAG_5_SP000012" HPOS="2536" VPOS="2570" WIDTH="26"/>
            <String HPOS="2562" VPOS="2570" HEIGHT="52" WIDTH="160" ID="PAG_5_ST000015" WC="1" CONTENT="grande" STYLEREFS="TXT_15"/>
            <SP ID="PAG_5_SP000013" HPOS="2722" VPOS="2578" WIDTH="28"/>
            <String HPOS="2750" VPOS="2578" HEIGHT="38" WIDTH="230" ID="PAG_5_ST000016" WC="1" CONTENT="nouveauté" STYLEREFS="TXT_15"/>
            <SP ID="PAG_5_SP000014" HPOS="2980" VPOS="2582" WIDTH="30"/>
            <String HPOS="3010" VPOS="2582" HEIGHT="34" WIDTH="38" ID="PAG_5_ST000017" WC="1" CONTENT="et" STYLEREFS="TXT_15"/>
            <SP ID="PAG_5_SP000015" HPOS="3048" VPOS="2588" WIDTH="24"/>
            <String HPOS="3072" VPOS="2588" HEIGHT="28" WIDTH="90" ID="PAG_5_ST000018" WC="1" CONTENT="sera" STYLEREFS="TXT_15"/>
            <SP ID="PAG_5_SP000016" HPOS="3162" VPOS="2576" WIDTH="22"/>
            <String HPOS="3184" VPOS="2576" HEIGHT="40" WIDTH="104" ID="PAG_5_ST000019" WC="1" CONTENT="aussi" STYLEREFS="TXT_15"/>
          </TextLine>
          <TextLine HPOS="1827" VPOS="2632" HEIGHT="48" WIDTH="1463" ID="PAG_5_TL000004" STYLEREFS="TXT_15">
            <String HPOS="1827" VPOS="2639" HEIGHT="31" WIDTH="43" ID="PAG_5_ST000020" WC="1" CONTENT="les" STYLEREFS="TXT_2"/>
            <SP ID="PAG_5_SP000017" HPOS="1870" VPOS="2640" WIDTH="35"/>
            <String HPOS="1905" VPOS="2640" HEIGHT="30" WIDTH="134" ID="PAG_5_ST000021" WC="1" CONTENT="cheveux" STYLEREFS="TXT_2"/>
            <SP ID="PAG_5_SP000018" HPOS="2039" VPOS="2641" WIDTH="36"/>
            <String HPOS="2075" VPOS="2641" HEIGHT="30" WIDTH="56" ID="PAG_5_ST000022" WC="1" CONTENT="des" STYLEREFS="TXT_2"/>
            <SP ID="PAG_5_SP000019" HPOS="2131" VPOS="2640" WIDTH="41"/>
            <String HPOS="2172" VPOS="2640" HEIGHT="31" WIDTH="100" ID="PAG_5_ST000023" WC="1" CONTENT="reflets" STYLEREFS="TXT_2"/>
            <SP ID="PAG_5_SP000020" HPOS="2272" VPOS="2632" WIDTH="85"/>
            <String HPOS="2357" VPOS="2632" HEIGHT="36" WIDTH="36" ID="PAG_5_ST000024" WC="1" CONTENT="la" STYLEREFS="TXT_15"/>
            <SP ID="PAG_5_SP000021" HPOS="2393" VPOS="2632" WIDTH="27"/>
            <String HPOS="2420" VPOS="2632" HEIGHT="46" WIDTH="158" ID="PAG_5_ST000025" WC="1" CONTENT="grande" STYLEREFS="TXT_15"/>
            <SP ID="PAG_5_SP000022" HPOS="2578" VPOS="2643" WIDTH="25"/>
            <String HPOS="2603" VPOS="2643" HEIGHT="36" WIDTH="135" ID="PAG_5_ST000026" WC="1" CONTENT="vogue" STYLEREFS="TXT_15"/>
            <SP ID="PAG_5_SP000023" HPOS="2738" VPOS="2644" WIDTH="30"/>
            <String HPOS="2768" VPOS="2644" HEIGHT="36" WIDTH="102" ID="PAG_5_ST000027" WC="1" CONTENT="pour" STYLEREFS="TXT_15"/>
            <SP ID="PAG_5_SP000024" HPOS="2870" VPOS="2637" WIDTH="27"/>
            <String HPOS="2897" VPOS="2637" HEIGHT="33" WIDTH="61" ID="PAG_5_ST000028" WC="1" CONTENT="cet" STYLEREFS="TXT_15"/>
            <SP ID="PAG_5_SP000025" HPOS="2958" VPOS="2632" WIDTH="29"/>
            <String HPOS="2987" VPOS="2632" HEIGHT="39" WIDTH="114" ID="PAG_5_ST000029" WC="1" CONTENT="hiver." STYLEREFS="TXT_15"/>
            <SP ID="PAG_5_SP000026" HPOS="3101" VPOS="2632" WIDTH="34"/>
            <String HPOS="3135" VPOS="2632" HEIGHT="38" WIDTH="67" ID="PAG_5_ST000030" WC="1" CONTENT="On" STYLEREFS="TXT_15"/>
            <SP ID="PAG_5_SP000027" HPOS="3202" VPOS="2643" WIDTH="37"/>
            <String HPOS="3239" VPOS="2643" HEIGHT="27" WIDTH="51" ID="PAG_5_ST000031" WC="1" CONTENT="ne" STYLEREFS="TXT_15"/>
          </TextLine>
          <TextLine HPOS="1827" VPOS="2678" HEIGHT="54" WIDTH="1464" ID="PAG_5_TL000005" STYLEREFS="TXT_15">
            <String HPOS="1827" VPOS="2679" HEIGHT="13" WIDTH="16" ID="PAG_5_ST000032" WC="1" CONTENT="&quot;" STYLEREFS="TXT_15"/>
            <SP ID="PAG_5_SP000028" HPOS="1843" VPOS="2678" WIDTH="19"/>
            <String HPOS="1862" VPOS="2678" HEIGHT="36" WIDTH="109" ID="PAG_5_ST000033" WC="0.98" CONTENT="acoiou" STYLEREFS="TXT_2"/>
            <SP ID="PAG_5_SP000029" HPOS="1971" VPOS="2681" WIDTH="17"/>
            <String HPOS="1988" VPOS="2681" HEIGHT="10" WIDTH="15" ID="PAG_5_ST000034" WC="1" CONTENT="&quot;" STYLEREFS="TXT_2"/>
            <SP ID="PAG_5_SP000030" HPOS="2003" VPOS="2681" WIDTH="23"/>
            <String HPOS="2026" VPOS="2681" HEIGHT="27" WIDTH="104" ID="PAG_5_ST000035" WC="1" CONTENT="cuivré." STYLEREFS="TXT_2"/>
            <SP ID="PAG_5_SP000031" HPOS="2130" VPOS="2684" WIDTH="227"/>
            <String HPOS="2357" VPOS="2684" HEIGHT="38" WIDTH="147" ID="PAG_5_ST000036" WC="1" CONTENT="saurait" STYLEREFS="TXT_15"/>
            <SP ID="PAG_5_SP000032" HPOS="2504" VPOS="2679" WIDTH="36"/>
            <String HPOS="2540" VPOS="2679" HEIGHT="53" WIDTH="248" ID="PAG_5_ST000037" WC="1" CONTENT="aujourd'hui" STYLEREFS="TXT_15"/>
            <SP ID="PAG_5_SP000033" HPOS="2788" VPOS="2689" WIDTH="34"/>
            <String HPOS="2822" VPOS="2689" HEIGHT="35" WIDTH="120" ID="PAG_5_ST000038" WC="1" CONTENT="rester" STYLEREFS="TXT_15"/>
            <SP ID="PAG_5_SP000034" HPOS="2942" VPOS="2679" WIDTH="43"/>
            <String HPOS="2985" VPOS="2679" HEIGHT="45" WIDTH="306" ID="PAG_5_ST000039" WC="1" CONTENT="uniformément" STYLEREFS="TXT_15"/>
          </TextLine>
          <TextLine HPOS="1790" VPOS="2731" HEIGHT="57" WIDTH="1500" ID="PAG_5_TL000006" STYLEREFS="TXT_15">
            <String HPOS="1790" VPOS="2738" HEIGHT="31" WIDTH="87" ID="PAG_5_ST000040" WC="1" CONTENT="BLEU" STYLEREFS="TXT_12"/>
            <SP ID="PAG_5_SP000035" HPOS="1877" VPOS="2739" WIDTH="26"/>
            <String HPOS="1903" VPOS="2739" HEIGHT="29" WIDTH="121" ID="PAG_5_ST000041" WC="1" CONTENT="ACIER." STYLEREFS="TXT_12"/>
            <SP ID="PAG_5_SP000036" HPOS="2024" VPOS="2757" WIDTH="23"/>
            <String HPOS="2047" VPOS="2757" HEIGHT="5" WIDTH="9" ID="PAG_5_ST000042" WC="1" CONTENT="-" STYLEREFS="TXT_12"/>
            <SP ID="PAG_5_SP000037" HPOS="2056" VPOS="2740" WIDTH="24"/>
            <String HPOS="2080" VPOS="2740" HEIGHT="29" WIDTH="105" ID="PAG_5_ST000043" WC="1" CONTENT="Donne" STYLEREFS="TXT_2"/>
            <SP ID="PAG_5_SP000038" HPOS="2185" VPOS="2749" WIDTH="28"/>
            <String HPOS="2213" VPOS="2749" HEIGHT="20" WIDTH="58" ID="PAG_5_ST000044" WC="1" CONTENT="aux" STYLEREFS="TXT_2"/>
            <SP ID="PAG_5_SP000039" HPOS="2271" VPOS="2731" WIDTH="87"/>
            <String HPOS="2358" VPOS="2731" HEIGHT="54" WIDTH="162" ID="PAG_5_ST000045" WC="1" CONTENT="blonde," STYLEREFS="TXT_15"/>
            <SP ID="PAG_5_SP000040" HPOS="2520" VPOS="2732" WIDTH="32"/>
            <String HPOS="2552" VPOS="2732" HEIGHT="46" WIDTH="125" ID="PAG_5_ST000046" WC="1" CONTENT="brune" STYLEREFS="TXT_15"/>
            <SP ID="PAG_5_SP000041" HPOS="2677" VPOS="2751" WIDTH="28"/>
            <String HPOS="2705" VPOS="2751" HEIGHT="27" WIDTH="52" ID="PAG_5_ST000047" WC="1" CONTENT="ou" STYLEREFS="TXT_15"/>
            <SP ID="PAG_5_SP000042" HPOS="2757" VPOS="2751" WIDTH="31"/>
            <String HPOS="2788" VPOS="2751" HEIGHT="26" WIDTH="136" ID="PAG_5_ST000048" WC="1" CONTENT="rousse" STYLEREFS="TXT_15"/>
            <SP ID="PAG_5_SP000043" HPOS="2924" VPOS="2752" WIDTH="29"/>
            <String HPOS="2953" VPOS="2752" HEIGHT="36" WIDTH="103" ID="PAG_5_ST000049" WC="1" CONTENT="pour" STYLEREFS="TXT_15"/>
            <SP ID="PAG_5_SP000044" HPOS="3056" VPOS="2744" WIDTH="23"/>
            <String HPOS="3079" VPOS="2744" HEIGHT="34" WIDTH="130" ID="PAG_5_ST000050" WC="1" CONTENT="toutes" STYLEREFS="TXT_15"/>
            <SP ID="PAG_5_SP000045" HPOS="3209" VPOS="2733" WIDTH="26"/>
            <String HPOS="3235" VPOS="2733" HEIGHT="45" WIDTH="55" ID="PAG_5_ST000051" WC="1" CONTENT="les" STYLEREFS="TXT_15"/>
          </TextLine>
          <TextLine HPOS="2356" VPOS="2786" HEIGHT="54" WIDTH="936" ID="PAG_5_TL000007" STYLEREFS="TXT_15">
            <String HPOS="2356" VPOS="2790" HEIGHT="42" WIDTH="292" ID="PAG_5_ST000052" WC="1" CONTENT="circonstances" STYLEREFS="TXT_15"/>
            <SP ID="PAG_5_SP000046" HPOS="2648" VPOS="2788" WIDTH="52"/>
            <String HPOS="2700" VPOS="2788" HEIGHT="44" WIDTH="54" ID="PAG_5_ST000053" WC="1" CONTENT="de" STYLEREFS="TXT_15"/>
            <SP ID="PAG_5_SP000047" HPOS="2754" VPOS="2786" WIDTH="30"/>
            <String HPOS="2784" VPOS="2786" HEIGHT="46" WIDTH="36" ID="PAG_5_ST000054" WC="0.99" CONTENT="la" STYLEREFS="TXT_15"/>
            <SP ID="PAG_5_SP000048" HPOS="2820" VPOS="2792" WIDTH="52"/>
            <String HPOS="2872" VPOS="2792" HEIGHT="48" WIDTH="72" ID="PAG_5_ST000055" WC="1" CONTENT="vie," STYLEREFS="TXT_15"/>
            <SP ID="PAG_5_SP000049" HPOS="2944" VPOS="2806" WIDTH="42"/>
            <String HPOS="2986" VPOS="2806" HEIGHT="26" WIDTH="52" ID="PAG_5_ST000056" WC="1" CONTENT="ou" STYLEREFS="TXT_15"/>
            <SP ID="PAG_5_SP000050" HPOS="3038" VPOS="2798" WIDTH="36"/>
            <String HPOS="3074" VPOS="2798" HEIGHT="34" WIDTH="130" ID="PAG_5_ST000057" WC="1" CONTENT="toutes" STYLEREFS="TXT_15"/>
            <SP ID="PAG_5_SP000051" HPOS="3204" VPOS="2786" WIDTH="32"/>
            <String HPOS="3236" VPOS="2786" HEIGHT="46" WIDTH="56" ID="PAG_5_ST000058" WC="0.98" CONTENT="les" STYLEREFS="TXT_15"/>
          </TextLine>
          <TextLine HPOS="1828" VPOS="2844" HEIGHT="51" WIDTH="990" ID="PAG_5_TL000008" STYLEREFS="TXT_15">
            <String HPOS="1828" VPOS="2851" HEIGHT="32" WIDTH="126" ID="PAG_5_ST000059" WC="1" CONTENT="bleutés." STYLEREFS="TXT_2"/>
            <SP ID="PAG_5_SP000052" HPOS="1954" VPOS="2844" WIDTH="404"/>
            <String HPOS="2358" VPOS="2844" HEIGHT="40" WIDTH="141" ID="PAG_5_ST000060" WC="1" CONTENT="heures" STYLEREFS="TXT_15"/>
            <SP ID="PAG_5_SP000053" HPOS="2499" VPOS="2844" WIDTH="18"/>
            <String HPOS="2517" VPOS="2844" HEIGHT="41" WIDTH="52" ID="PAG_5_ST000061" WC="1" CONTENT="de" STYLEREFS="TXT_15"/>
            <SP ID="PAG_5_SP000054" HPOS="2569" VPOS="2844" WIDTH="18"/>
            <String HPOS="2587" VPOS="2844" HEIGHT="41" WIDTH="35" ID="PAG_5_ST000062" WC="1" CONTENT="la" STYLEREFS="TXT_15"/>
            <SP ID="PAG_5_SP000055" HPOS="2622" VPOS="2846" WIDTH="21"/>
            <String HPOS="2643" VPOS="2846" HEIGHT="49" WIDTH="175" ID="PAG_5_ST000063" WC="1" CONTENT="journée." STYLEREFS="TXT_15"/>
          </TextLine>
        </TextBlock>
        <TextBlock HPOS="1791" VPOS="2899" HEIGHT="127" WIDTH="1529" ID="PAG_5_TB000004" TAGREFS="TAG_advertisement" LANG="fr" STYLEREFS="TXT_15">
          <TextLine HPOS="1791" VPOS="2899" HEIGHT="55" WIDTH="1529" ID="PAG_5_TL000009" STYLEREFS="TXT_15">
            <String HPOS="1791" VPOS="2913" HEIGHT="30" WIDTH="182" ID="PAG_5_ST000064" WC="1" CONTENT="CHATAIN" STYLEREFS="TXT_12"/>
            <SP ID="PAG_5_SP000056" HPOS="1973" VPOS="2906" WIDTH="20"/>
            <String HPOS="1993" VPOS="2906" HEIGHT="37" WIDTH="121" ID="PAG_5_ST000065" WC="1" CONTENT="DORÉ." STYLEREFS="TXT_12"/>
            <SP ID="PAG_5_SP000057" HPOS="2114" VPOS="2932" WIDTH="22"/>
            <String HPOS="2136" VPOS="2932" HEIGHT="5" WIDTH="7" ID="PAG_5_ST000066" WC="0.81" CONTENT="■" STYLEREFS="TXT_12"/>
            <SP ID="PAG_5_SP000058" HPOS="2143" VPOS="2914" WIDTH="24"/>
            <String HPOS="2167" VPOS="2914" HEIGHT="29" WIDTH="105" ID="PAG_5_ST000067" WC="1" CONTENT="Donne" STYLEREFS="TXT_2"/>
            <SP ID="PAG_5_SP000059" HPOS="2272" VPOS="2899" WIDTH="85"/>
            <String HPOS="2357" VPOS="2899" HEIGHT="44" WIDTH="19" ID="PAG_5_ST000068" WC="0.99" CONTENT="Il" STYLEREFS="TXT_15"/>
            <SP ID="PAG_5_SP000060" HPOS="2376" VPOS="2899" WIDTH="35"/>
            <String HPOS="2411" VPOS="2899" HEIGHT="52" WIDTH="94" ID="PAG_5_ST000069" WC="1" CONTENT="faut," STYLEREFS="TXT_15"/>
            <SP ID="PAG_5_SP000061" HPOS="2505" VPOS="2917" WIDTH="43"/>
            <String HPOS="2548" VPOS="2917" HEIGHT="27" WIDTH="51" ID="PAG_5_ST000070" WC="1" CONTENT="au" STYLEREFS="TXT_15"/>
            <SP ID="PAG_5_SP000062" HPOS="2599" VPOS="2906" WIDTH="38"/>
            <String HPOS="2637" VPOS="2906" HEIGHT="46" WIDTH="208" ID="PAG_5_ST000071" WC="1" CONTENT="contraire," STYLEREFS="TXT_15"/>
            <SP ID="PAG_5_SP000063" HPOS="2845" VPOS="2918" WIDTH="37"/>
            <String HPOS="2882" VPOS="2918" HEIGHT="36" WIDTH="105" ID="PAG_5_ST000072" WC="1" CONTENT="pour" STYLEREFS="TXT_15"/>
            <SP ID="PAG_5_SP000064" HPOS="2987" VPOS="2907" WIDTH="36"/>
            <String HPOS="3023" VPOS="2907" HEIGHT="38" WIDTH="83" ID="PAG_5_ST000073" WC="1" CONTENT="être" STYLEREFS="TXT_15"/>
            <SP ID="PAG_5_SP000065" HPOS="3106" VPOS="2902" WIDTH="43"/>
            <String HPOS="3149" VPOS="2902" HEIGHT="15" WIDTH="20" ID="PAG_5_ST000074" WC="0.80" CONTENT="&quot;" STYLEREFS="TXT_15"/>
            <SP ID="PAG_5_SP000066" HPOS="3169" VPOS="2906" WIDTH="23"/>
            <String HPOS="3192" VPOS="2906" HEIGHT="39" WIDTH="98" ID="PAG_5_ST000075" WC="1" CONTENT="vrai-" SUBS_TYPE="HypPart1" SUBS_CONTENT="vrai-aux" STYLEREFS="TXT_15"/>
            <HYP HPOS="3290" VPOS="2945" WIDTH="30" CONTENT="-"/>
          </TextLine>
          <TextLine HPOS="1830" VPOS="2951" HEIGHT="75" WIDTH="1460" ID="PAG_5_TL000010" STYLEREFS="TXT_15">
            <String HPOS="1830" VPOS="2961" HEIGHT="20" WIDTH="58" ID="PAG_5_ST000076" WC="1" CONTENT="aux" SUBS_TYPE="HypPart2" SUBS_CONTENT="vrai-aux" STYLEREFS="TXT_2"/>
            <SP ID="PAG_5_SP000067" HPOS="1888" VPOS="2951" WIDTH="22"/>
            <String HPOS="1910" VPOS="2951" HEIGHT="30" WIDTH="135" ID="PAG_5_ST000077" WC="0.99" CONTENT="cheveux" STYLEREFS="TXT_2"/>
            <SP ID="PAG_5_SP000068" HPOS="2045" VPOS="2961" WIDTH="23"/>
            <String HPOS="2068" VPOS="2961" HEIGHT="27" WIDTH="125" ID="PAG_5_ST000078" WC="1" CONTENT="moyens" STYLEREFS="TXT_2"/>
            <SP ID="PAG_5_SP000069" HPOS="2193" VPOS="2951" WIDTH="24"/>
            <String HPOS="2217" VPOS="2951" HEIGHT="30" WIDTH="56" ID="PAG_5_ST000079" WC="1" CONTENT="des" STYLEREFS="TXT_2"/>
            <SP ID="PAG_5_SP000070" HPOS="2273" VPOS="2963" WIDTH="84"/>
            <String HPOS="2357" VPOS="2963" HEIGHT="63" WIDTH="58" ID="PAG_5_ST000080" WC="0.55" CONTENT="ment" STYLEREFS="TXT_15"/>
            <SP ID="PAG_5_SP000071" HPOS="2415" VPOS="2963" WIDTH="1"/>
            <String HPOS="2415" VPOS="2963" HEIGHT="63" WIDTH="47" ID="PAG_5_ST000081" WC="0.55" CONTENT="ri" STYLEREFS="TXT_15"/>
            <SP ID="PAG_5_SP000072" HPOS="2462" VPOS="2952" WIDTH="35"/>
            <String HPOS="2497" VPOS="2952" HEIGHT="54" WIDTH="191" ID="PAG_5_ST000082" WC="1" CONTENT="élégante" STYLEREFS="TXT_15"/>
            <SP ID="PAG_5_SP000073" HPOS="2688" VPOS="3006" WIDTH="5"/>
            <String HPOS="2693" VPOS="3006" HEIGHT="20" WIDTH="6" ID="PAG_5_ST000083" WC="0.00" CONTENT="i" STYLEREFS="TXT_15"/>
            <SP ID="PAG_5_SP000074" HPOS="2699" VPOS="2955" WIDTH="8"/>
            <String HPOS="2707" VPOS="2955" HEIGHT="14" WIDTH="19" ID="PAG_5_ST000084" WC="1" CONTENT="&quot;" STYLEREFS="TXT_15"/>
            <SP ID="PAG_5_SP000075" HPOS="2726" VPOS="2954" WIDTH="35"/>
            <String HPOS="2761" VPOS="2954" HEIGHT="45" WIDTH="246" ID="PAG_5_ST000085" WC="1" CONTENT="harmoniser" STYLEREFS="TXT_15"/>
            <SP ID="PAG_5_SP000076" HPOS="3007" VPOS="2960" WIDTH="28"/>
            <String HPOS="3035" VPOS="2960" HEIGHT="46" WIDTH="177" ID="PAG_5_ST000086" WC="1" CONTENT="toujours" STYLEREFS="TXT_15"/>
            <SP ID="PAG_5_SP000077" HPOS="3212" VPOS="2954" WIDTH="23"/>
            <String HPOS="3235" VPOS="2954" HEIGHT="45" WIDTH="55" ID="PAG_5_ST000087" WC="1" CONTENT="les" STYLEREFS="TXT_15"/>
          </TextLine>
        </TextBlock>
        <TextBlock HPOS="2459" VPOS="3006" HEIGHT="20" WIDTH="647" ID="PAG_5_TB000005" TAGREFS="TAG_advertisement" LANG="fr" STYLEREFS="TXT_15">
          <TextLine HPOS="2459" VPOS="3006" HEIGHT="20" WIDTH="647" ID="PAG_5_TL000011" STYLEREFS="TXT_15">
            <String HPOS="2459" VPOS="3017" HEIGHT="9" WIDTH="7" ID="PAG_5_ST000088" WC="0.00" CONTENT="." STYLEREFS="TXT_15"/>
            <SP ID="PAG_5_SP000078" HPOS="2466" VPOS="3006" WIDTH="63"/>
            <String HPOS="2529" VPOS="3006" HEIGHT="20" WIDTH="5" ID="PAG_5_ST000089" WC="0.00" CONTENT="i" STYLEREFS="TXT_15"/>
            <SP ID="PAG_5_SP000079" HPOS="2534" VPOS="3007" WIDTH="265"/>
            <String HPOS="2799" VPOS="3007" HEIGHT="19" WIDTH="6" ID="PAG_5_ST000090" WC="0.00" CONTENT="i" STYLEREFS="TXT_15"/>
            <SP ID="PAG_5_SP000080" HPOS="2805" VPOS="3013" WIDTH="181"/>
            <String HPOS="2986" VPOS="3013" HEIGHT="4" WIDTH="7" ID="PAG_5_ST000091" WC="0.00" CONTENT="-" STYLEREFS="TXT_15"/>
            <SP ID="PAG_5_SP000081" HPOS="2993" VPOS="3015" WIDTH="107"/>
            <String HPOS="3100" VPOS="3015" HEIGHT="7" WIDTH="6" ID="PAG_5_ST000092" WC="0.00" CONTENT="•" STYLEREFS="TXT_15"/>
          </TextLine>
        </TextBlock>
        <TextBlock HPOS="1793" VPOS="2993" HEIGHT="124" WIDTH="1498" ID="PAG_5_TB000006" TAGREFS="TAG_advertisement" LANG="fr" STYLEREFS="TXT_2">
          <TextLine HPOS="1793" VPOS="2993" HEIGHT="54" WIDTH="1498" ID="PAG_5_TL000012" STYLEREFS="TXT_15">
            <String HPOS="1793" VPOS="2993" HEIGHT="54" WIDTH="79" ID="PAG_5_ST000093" WC="0.00" CONTENT=".........." STYLEREFS="TXT_2"/>
            <SP ID="PAG_5_SP000082" HPOS="1872" VPOS="2993" WIDTH="1"/>
            <String HPOS="1872" VPOS="2993" HEIGHT="54" WIDTH="58" ID="PAG_5_ST000094" WC="0.00" CONTENT="reflets" STYLEREFS="TXT_2"/>
            <SP ID="PAG_5_SP000083" HPOS="1930" VPOS="2993" WIDTH="19"/>
            <String HPOS="1949" VPOS="2993" HEIGHT="26" WIDTH="100" ID="PAG_5_ST000095" WC="0.77" CONTENT="dorés." STYLEREFS="TXT_2"/>
            <SP ID="PAG_5_SP000084" HPOS="2049" VPOS="2993" WIDTH="118"/>
            <String HPOS="2167" VPOS="2993" HEIGHT="54" WIDTH="20" ID="PAG_5_ST000096" WC="0.00" CONTENT="~" STYLEREFS="TXT_2"/>
            <SP ID="PAG_5_SP000085" HPOS="2187" VPOS="3016" WIDTH="170"/>
            <String HPOS="2357" VPOS="3016" HEIGHT="31" WIDTH="130" ID="PAG_5_ST000097" WC="0.99" CONTENT="reflets" STYLEREFS="TXT_15"/>
            <SP ID="PAG_5_SP000086" HPOS="2487" VPOS="3016" WIDTH="23"/>
            <String HPOS="2510" VPOS="3016" HEIGHT="31" WIDTH="52" ID="PAG_5_ST000098" WC="1" CONTENT="de" STYLEREFS="TXT_15"/>
            <SP ID="PAG_5_SP000087" HPOS="2562" VPOS="3025" WIDTH="30"/>
            <String HPOS="2592" VPOS="3025" HEIGHT="22" WIDTH="43" ID="PAG_5_ST000099" WC="1" CONTENT="sa" STYLEREFS="TXT_15"/>
            <SP ID="PAG_5_SP000088" HPOS="2635" VPOS="3016" WIDTH="34"/>
            <String HPOS="2669" VPOS="3016" HEIGHT="31" WIDTH="211" ID="PAG_5_ST000100" WC="0.99" CONTENT="chevelure" STYLEREFS="TXT_15"/>
            <SP ID="PAG_5_SP000089" HPOS="2880" VPOS="3026" WIDTH="22"/>
            <String HPOS="2902" VPOS="3026" HEIGHT="21" WIDTH="52" ID="PAG_5_ST000101" WC="1" CONTENT="au" STYLEREFS="TXT_15"/>
            <SP ID="PAG_5_SP000090" HPOS="2954" VPOS="3008" WIDTH="31"/>
            <String HPOS="2985" VPOS="3008" HEIGHT="39" WIDTH="141" ID="PAG_5_ST000102" WC="0.75" CONTENT="co!oris" STYLEREFS="TXT_15"/>
            <SP ID="PAG_5_SP000091" HPOS="3126" VPOS="3008" WIDTH="27"/>
            <String HPOS="3153" VPOS="3008" HEIGHT="39" WIDTH="53" ID="PAG_5_ST000103" WC="1" CONTENT="de" STYLEREFS="TXT_15"/>
            <SP ID="PAG_5_SP000092" HPOS="3206" VPOS="3026" WIDTH="24"/>
            <String HPOS="3230" VPOS="3026" HEIGHT="21" WIDTH="61" ID="PAG_5_ST000104" WC="1" CONTENT="ses" STYLEREFS="TXT_15"/>
          </TextLine>
          <TextLine HPOS="1793" VPOS="3046" HEIGHT="34" WIDTH="731" ID="PAG_5_TL000013" STYLEREFS="TXT_12">
            <String HPOS="1793" VPOS="3049" HEIGHT="30" WIDTH="132" ID="PAG_5_ST000105" WC="1" CONTENT="BLOND" STYLEREFS="TXT_12"/>
            <SP ID="PAG_5_SP000093" HPOS="1925" VPOS="3046" WIDTH="38"/>
            <String HPOS="1963" VPOS="3046" HEIGHT="33" WIDTH="42" ID="PAG_5_ST000106" WC="0.4" CONTENT="DORE." STYLEREFS="TXT_12"/>
            <SP ID="PAG_5_SP000094" HPOS="2005" VPOS="3046" WIDTH="1"/>
            <String HPOS="2005" VPOS="3046" HEIGHT="33" WIDTH="70" ID="PAG_5_ST000107" WC="0.4" CONTENT="........" STYLEREFS="TXT_12"/>
            <SP ID="PAG_5_SP000095" HPOS="2075" VPOS="3069" WIDTH="42"/>
            <String HPOS="2117" VPOS="3069" HEIGHT="5" WIDTH="6" ID="PAG_5_ST000108" WC="0.52" CONTENT="■" STYLEREFS="TXT_12"/>
            <SP ID="PAG_5_SP000096" HPOS="2123" VPOS="3051" WIDTH="44"/>
            <String HPOS="2167" VPOS="3051" HEIGHT="28" WIDTH="105" ID="PAG_5_ST000109" WC="1" CONTENT="Donne" STYLEREFS="TXT_2"/>
            <SP ID="PAG_5_SP000097" HPOS="2272" VPOS="3060" WIDTH="85"/>
            <String HPOS="2357" VPOS="3060" HEIGHT="20" WIDTH="167" ID="PAG_5_ST000110" WC="0.88" CONTENT="toilettes" STYLEREFS="TXT_2"/>
          </TextLine>
          <TextLine HPOS="1830" VPOS="3079" HEIGHT="38" WIDTH="704" ID="PAG_5_TL000014" STYLEREFS="TXT_2">
            <String HPOS="1830" VPOS="3097" HEIGHT="20" WIDTH="58" ID="PAG_5_ST000111" WC="1" CONTENT="aux" STYLEREFS="TXT_2"/>
            <SP ID="PAG_5_SP000098" HPOS="1888" VPOS="3087" WIDTH="12"/>
            <String HPOS="1900" VPOS="3087" HEIGHT="30" WIDTH="134" ID="PAG_5_ST000112" WC="1" CONTENT="cheveux" STYLEREFS="TXT_2"/>
            <SP ID="PAG_5_SP000099" HPOS="2034" VPOS="3085" WIDTH="12"/>
            <String HPOS="2046" VPOS="3085" HEIGHT="32" WIDTH="226" ID="PAG_5_ST000113" WC="1" CONTENT="naturellement" STYLEREFS="TXT_2"/>
            <SP ID="PAG_5_SP000100" HPOS="2272" VPOS="3079" WIDTH="86"/>
            <String HPOS="2358" VPOS="3079" HEIGHT="27" WIDTH="176" ID="PAG_5_ST000114" WC="0.72" CONTENT="lOlieiîeS." STYLEREFS="TXT_2"/>
          </TextLine>
        </TextBlock>
        <TextBlock HPOS="1830" VPOS="3123" HEIGHT="38" WIDTH="1067" ID="PAG_5_TB000007" TAGREFS="TAG_advertisement" LANG="fr" STYLEREFS="TXT_2">
          <TextLine HPOS="1830" VPOS="3123" HEIGHT="38" WIDTH="1067" ID="PAG_5_TL000015" STYLEREFS="TXT_2">
            <String HPOS="1830" VPOS="3124" HEIGHT="32" WIDTH="109" ID="PAG_5_ST000115" WC="0.97" CONTENT="blonds" STYLEREFS="TXT_2"/>
            <SP ID="PAG_5_SP000101" HPOS="1939" VPOS="3126" WIDTH="21"/>
            <String HPOS="1960" VPOS="3126" HEIGHT="35" WIDTH="48" ID="PAG_5_ST000116" WC="1" CONTENT="(ou" STYLEREFS="TXT_2"/>
            <SP ID="PAG_5_SP000102" HPOS="2008" VPOS="3123" WIDTH="28"/>
            <String HPOS="2036" VPOS="3123" HEIGHT="34" WIDTH="168" ID="PAG_5_ST000117" WC="0.98" CONTENT="décolorési" STYLEREFS="TXT_2"/>
            <SP ID="PAG_5_SP000103" HPOS="2204" VPOS="3123" WIDTH="28"/>
            <String HPOS="2232" VPOS="3123" HEIGHT="32" WIDTH="40" ID="PAG_5_ST000118" WC="1" CONTENT="de" STYLEREFS="TXT_2"/>
            <SP ID="PAG_5_SP000104" HPOS="2272" VPOS="3149" WIDTH="619"/>
            <String HPOS="2891" VPOS="3149" HEIGHT="5" WIDTH="6" ID="PAG_5_ST000119" WC="0.00" CONTENT="." STYLEREFS="TXT_2"/>
          </TextLine>
        </TextBlock>
        <TextBlock HPOS="1794" VPOS="3155" HEIGHT="263" WIDTH="1518" ID="PAG_5_TB000008" TAGREFS="TAG_advertisement" LANG="fr" STYLEREFS="TXT_15">
          <TextLine HPOS="1831" VPOS="3155" HEIGHT="48" WIDTH="1453" ID="PAG_5_TL000016" STYLEREFS="TXT_15">
            <String HPOS="1831" VPOS="3164" HEIGHT="30" WIDTH="157" ID="PAG_5_ST000120" WC="1" CONTENT="ravissants" STYLEREFS="TXT_2"/>
            <SP ID="PAG_5_SP000105" HPOS="1988" VPOS="3161" WIDTH="19"/>
            <String HPOS="2007" VPOS="3161" HEIGHT="31" WIDTH="100" ID="PAG_5_ST000121" WC="1" CONTENT="reflets" STYLEREFS="TXT_2"/>
            <SP ID="PAG_5_SP000106" HPOS="2107" VPOS="3161" WIDTH="19"/>
            <String HPOS="2126" VPOS="3161" HEIGHT="32" WIDTH="100" ID="PAG_5_ST000122" WC="1" CONTENT="dorés." STYLEREFS="TXT_2"/>
            <SP ID="PAG_5_SP000107" HPOS="2226" VPOS="3155" WIDTH="125"/>
            <String HPOS="2351" VPOS="3155" HEIGHT="37" WIDTH="101" ID="PAG_5_ST000123" WC="1" CONTENT="Sans" STYLEREFS="TXT_15"/>
            <SP ID="PAG_5_SP000108" HPOS="2452" VPOS="3155" WIDTH="44"/>
            <String HPOS="2496" VPOS="3155" HEIGHT="40" WIDTH="151" ID="PAG_5_ST000124" WC="1" CONTENT="teindre" STYLEREFS="TXT_15"/>
            <SP ID="PAG_5_SP000109" HPOS="2647" VPOS="3156" WIDTH="53"/>
            <String HPOS="2700" VPOS="3156" HEIGHT="38" WIDTH="34" ID="PAG_5_ST000125" WC="1" CONTENT="ni" STYLEREFS="TXT_15"/>
            <SP ID="PAG_5_SP000110" HPOS="2734" VPOS="3155" WIDTH="46"/>
            <String HPOS="2780" VPOS="3155" HEIGHT="46" WIDTH="223" ID="PAG_5_ST000126" WC="1" CONTENT="décolorer," STYLEREFS="TXT_15"/>
            <SP ID="PAG_5_SP000111" HPOS="3003" VPOS="3155" WIDTH="41"/>
            <String HPOS="3044" VPOS="3155" HEIGHT="38" WIDTH="34" ID="PAG_5_ST000127" WC="1" CONTENT="le" STYLEREFS="TXT_15"/>
            <SP ID="PAG_5_SP000112" HPOS="3078" VPOS="3167" WIDTH="41"/>
            <String HPOS="3119" VPOS="3167" HEIGHT="36" WIDTH="165" ID="PAG_5_ST000128" WC="1" CONTENT="rinçage" STYLEREFS="TXT_15"/>
          </TextLine>
          <TextLine HPOS="1794" VPOS="3202" HEIGHT="55" WIDTH="1518" ID="PAG_5_TL000017" STYLEREFS="TXT_15">
            <String HPOS="1794" VPOS="3224" HEIGHT="29" WIDTH="176" ID="PAG_5_ST000129" WC="1" CONTENT="PLATINE." STYLEREFS="TXT_12"/>
            <SP ID="PAG_5_SP000113" HPOS="1970" VPOS="3242" WIDTH="42"/>
            <String HPOS="2012" VPOS="3242" HEIGHT="6" WIDTH="10" ID="PAG_5_ST000130" WC="1" CONTENT="-" STYLEREFS="TXT_12"/>
            <SP ID="PAG_5_SP000114" HPOS="2022" VPOS="3224" WIDTH="41"/>
            <String HPOS="2063" VPOS="3224" HEIGHT="29" WIDTH="105" ID="PAG_5_ST000131" WC="1" CONTENT="Donne" STYLEREFS="TXT_2"/>
            <SP ID="PAG_5_SP000115" HPOS="2168" VPOS="3234" WIDTH="47"/>
            <String HPOS="2215" VPOS="3234" HEIGHT="19" WIDTH="58" ID="PAG_5_ST000132" WC="1" CONTENT="aux" STYLEREFS="TXT_2"/>
            <SP ID="PAG_5_SP000116" HPOS="2273" VPOS="3207" WIDTH="79"/>
            <String HPOS="2352" VPOS="3207" HEIGHT="40" WIDTH="202" ID="PAG_5_ST000133" WC="1" CONTENT="LUMINEX" STYLEREFS="TXT_15"/>
            <SP ID="PAG_5_SP000117" HPOS="2554" VPOS="3204" WIDTH="25"/>
            <String HPOS="2579" VPOS="3204" HEIGHT="53" WIDTH="160" ID="PAG_5_ST000134" WC="1" CONTENT="dépose" STYLEREFS="TXT_15"/>
            <SP ID="PAG_5_SP000118" HPOS="2739" VPOS="3205" WIDTH="24"/>
            <String HPOS="2763" VPOS="3205" HEIGHT="43" WIDTH="101" ID="PAG_5_ST000135" WC="1" CONTENT="dans" STYLEREFS="TXT_15"/>
            <SP ID="PAG_5_SP000119" HPOS="2864" VPOS="3203" WIDTH="19"/>
            <String HPOS="2883" VPOS="3203" HEIGHT="44" WIDTH="53" ID="PAG_5_ST000136" WC="1" CONTENT="les" STYLEREFS="TXT_15"/>
            <SP ID="PAG_5_SP000120" HPOS="2936" VPOS="3221" WIDTH="25"/>
            <String HPOS="2961" VPOS="3221" HEIGHT="35" WIDTH="117" ID="PAG_5_ST000137" WC="1" CONTENT="pores" STYLEREFS="TXT_15"/>
            <SP ID="PAG_5_SP000121" HPOS="3078" VPOS="3203" WIDTH="21"/>
            <String HPOS="3099" VPOS="3203" HEIGHT="44" WIDTH="72" ID="PAG_5_ST000138" WC="1" CONTENT="des" STYLEREFS="TXT_15"/>
            <SP ID="PAG_5_SP000122" HPOS="3171" VPOS="3202" WIDTH="21"/>
            <String HPOS="3192" VPOS="3202" HEIGHT="45" WIDTH="90" ID="PAG_5_ST000139" WC="1" CONTENT="che-" SUBS_TYPE="HypPart1" SUBS_CONTENT="che-cheveux" STYLEREFS="TXT_15"/>
            <HYP HPOS="3282" VPOS="3247" WIDTH="30" CONTENT="-"/>
          </TextLine>
          <TextLine HPOS="1830" VPOS="3256" HEIGHT="46" WIDTH="1454" ID="PAG_5_TL000018" STYLEREFS="TXT_15">
            <String HPOS="1830" VPOS="3261" HEIGHT="31" WIDTH="136" ID="PAG_5_ST000140" WC="1" CONTENT="cheveux" SUBS_TYPE="HypPart2" SUBS_CONTENT="che-cheveux" STYLEREFS="TXT_2"/>
            <SP ID="PAG_5_SP000123" HPOS="1966" VPOS="3263" WIDTH="37"/>
            <String HPOS="2003" VPOS="3263" HEIGHT="28" WIDTH="59" ID="PAG_5_ST000141" WC="1" CONTENT="très" STYLEREFS="TXT_2"/>
            <SP ID="PAG_5_SP000124" HPOS="2062" VPOS="3260" WIDTH="43"/>
            <String HPOS="2105" VPOS="3260" HEIGHT="36" WIDTH="167" ID="PAG_5_ST000142" WC="1" CONTENT="décolorés," STYLEREFS="TXT_2"/>
            <SP ID="PAG_5_SP000125" HPOS="2272" VPOS="3273" WIDTH="76"/>
            <String HPOS="2348" VPOS="3273" HEIGHT="26" WIDTH="103" ID="PAG_5_ST000143" WC="1" CONTENT="veux" STYLEREFS="TXT_15"/>
            <SP ID="PAG_5_SP000126" HPOS="2451" VPOS="3256" WIDTH="29"/>
            <String HPOS="2480" VPOS="3256" HEIGHT="45" WIDTH="71" ID="PAG_5_ST000144" WC="1" CONTENT="des" STYLEREFS="TXT_15"/>
            <SP ID="PAG_5_SP000127" HPOS="2551" VPOS="3258" WIDTH="30"/>
            <String HPOS="2581" VPOS="3258" HEIGHT="44" WIDTH="147" ID="PAG_5_ST000145" WC="1" CONTENT="milliers" STYLEREFS="TXT_15"/>
            <SP ID="PAG_5_SP000128" HPOS="2728" VPOS="3257" WIDTH="29"/>
            <String HPOS="2757" VPOS="3257" HEIGHT="45" WIDTH="52" ID="PAG_5_ST000146" WC="1" CONTENT="de" STYLEREFS="TXT_15"/>
            <SP ID="PAG_5_SP000129" HPOS="2809" VPOS="3256" WIDTH="37"/>
            <String HPOS="2846" VPOS="3256" HEIGHT="45" WIDTH="230" ID="PAG_5_ST000147" WC="1" CONTENT="minuscules" STYLEREFS="TXT_15"/>
            <SP ID="PAG_5_SP000130" HPOS="3076" VPOS="3261" WIDTH="38"/>
            <String HPOS="3114" VPOS="3261" HEIGHT="40" WIDTH="170" ID="PAG_5_ST000148" WC="1" CONTENT="cristaux" STYLEREFS="TXT_15"/>
          </TextLine>
          <TextLine HPOS="2350" VPOS="3308" HEIGHT="56" WIDTH="932" ID="PAG_5_TL000019" STYLEREFS="TXT_15">
            <String HPOS="2350" VPOS="3308" HEIGHT="56" WIDTH="246" ID="PAG_5_ST000149" WC="0.99" CONTENT="légèrement" STYLEREFS="TXT_15"/>
            <SP ID="PAG_5_SP000131" HPOS="2596" VPOS="3316" WIDTH="42"/>
            <String HPOS="2638" VPOS="3316" HEIGHT="46" WIDTH="168" ID="PAG_5_ST000150" WC="0.99" CONTENT="colorés," STYLEREFS="TXT_15"/>
            <SP ID="PAG_5_SP000132" HPOS="2806" VPOS="3316" WIDTH="42"/>
            <String HPOS="2848" VPOS="3316" HEIGHT="48" WIDTH="64" ID="PAG_5_ST000151" WC="1" CONTENT="qui" STYLEREFS="TXT_15"/>
            <SP ID="PAG_5_SP000133" HPOS="2912" VPOS="3310" WIDTH="36"/>
            <String HPOS="2948" VPOS="3310" HEIGHT="44" WIDTH="270" ID="PAG_5_ST000152" WC="0.99" CONTENT="réfléchissent" STYLEREFS="TXT_15"/>
            <SP ID="PAG_5_SP000134" HPOS="3218" VPOS="3316" WIDTH="38"/>
            <String HPOS="3256" VPOS="3316" HEIGHT="40" WIDTH="26" ID="PAG_5_ST000153" WC="1" CONTENT="à" STYLEREFS="TXT_15"/>
          </TextLine>
          <TextLine HPOS="2351" VPOS="3366" HEIGHT="52" WIDTH="947" ID="PAG_5_TL000020" STYLEREFS="TXT_15">
            <String HPOS="2351" VPOS="3366" HEIGHT="39" WIDTH="5" ID="PAG_5_ST000154" WC="0.5" CONTENT="I" STYLEREFS="TXT_15"/>
            <SP ID="PAG_5_SP000135" HPOS="2356" VPOS="3366" WIDTH="18"/>
            <String HPOS="2374" VPOS="3366" HEIGHT="40" WIDTH="100" ID="PAG_5_ST000155" WC="0.99" CONTENT="infini" STYLEREFS="TXT_15"/>
            <SP ID="PAG_5_SP000136" HPOS="2474" VPOS="3366" WIDTH="34"/>
            <String HPOS="2508" VPOS="3366" HEIGHT="41" WIDTH="53" ID="PAG_5_ST000156" WC="1" CONTENT="les" STYLEREFS="TXT_15"/>
            <SP ID="PAG_5_SP000137" HPOS="2561" VPOS="3381" WIDTH="31"/>
            <String HPOS="2592" VPOS="3381" HEIGHT="37" WIDTH="145" ID="PAG_5_ST000157" WC="1" CONTENT="rayons" STYLEREFS="TXT_15"/>
            <SP ID="PAG_5_SP000138" HPOS="2737" VPOS="3366" WIDTH="32"/>
            <String HPOS="2769" VPOS="3366" HEIGHT="42" WIDTH="204" ID="PAG_5_ST000158" WC="1" CONTENT="lumineux." STYLEREFS="TXT_15"/>
            <SP ID="PAG_5_SP000139" HPOS="2973" VPOS="3391" WIDTH="309"/>
            <String HPOS="3282" VPOS="3391" HEIGHT="18" WIDTH="16" ID="PAG_5_ST000159" WC="0.00" CONTENT="«" STYLEREFS="TXT_15"/>
          </TextLine>
        </TextBlock>
        <TextBlock HPOS="1806" VPOS="3455" HEIGHT="268" WIDTH="1486" ID="PAG_5_TB000009" TAGREFS="TAG_advertisement" LANG="fr" STYLEREFS="TXT_15">
          <TextLine HPOS="1808" VPOS="3455" HEIGHT="56" WIDTH="1483" ID="PAG_5_TL000021" STYLEREFS="TXT_15">
            <String HPOS="1808" VPOS="3463" HEIGHT="48" WIDTH="167" ID="PAG_5_ST000160" WC="1" CONTENT="Essayez" STYLEREFS="TXT_15"/>
            <SP ID="PAG_5_SP000140" HPOS="1975" VPOS="3475" WIDTH="32"/>
            <String HPOS="2007" VPOS="3475" HEIGHT="27" WIDTH="46" ID="PAG_5_ST000161" WC="1" CONTENT="ce" STYLEREFS="TXT_15"/>
            <SP ID="PAG_5_SP000141" HPOS="2053" VPOS="3455" WIDTH="31"/>
            <String HPOS="2084" VPOS="3455" HEIGHT="47" WIDTH="246" ID="PAG_5_ST000162" WC="1" CONTENT="merveilleux" STYLEREFS="TXT_15"/>
            <SP ID="PAG_5_SP000142" HPOS="2330" VPOS="3461" WIDTH="31"/>
            <String HPOS="2361" VPOS="3461" HEIGHT="47" WIDTH="161" ID="PAG_5_ST000163" WC="1" CONTENT="rinçage" STYLEREFS="TXT_15"/>
            <SP ID="PAG_5_SP000143" HPOS="2522" VPOS="3461" WIDTH="16"/>
            <String HPOS="2538" VPOS="3461" HEIGHT="47" WIDTH="120" ID="PAG_5_ST000164" WC="1" CONTENT="après" STYLEREFS="TXT_15"/>
            <SP ID="PAG_5_SP000144" HPOS="2658" VPOS="3466" WIDTH="19"/>
            <String HPOS="2677" VPOS="3466" HEIGHT="33" WIDTH="110" ID="PAG_5_ST000165" WC="1" CONTENT="votre" STYLEREFS="TXT_15"/>
            <SP ID="PAG_5_SP000145" HPOS="2787" VPOS="3455" WIDTH="14"/>
            <String HPOS="2801" VPOS="3455" HEIGHT="54" WIDTH="192" ID="PAG_5_ST000166" WC="1" CONTENT="prochain" STYLEREFS="TXT_15"/>
            <SP ID="PAG_5_SP000146" HPOS="2993" VPOS="3455" WIDTH="11"/>
            <String HPOS="3004" VPOS="3455" HEIGHT="55" WIDTH="287" ID="PAG_5_ST000167" WC="1" CONTENT="shampooing." STYLEREFS="TXT_15"/>
          </TextLine>
          <TextLine HPOS="1807" VPOS="3509" HEIGHT="56" WIDTH="1485" ID="PAG_5_TL000022" STYLEREFS="TXT_15">
            <String HPOS="1807" VPOS="3517" HEIGHT="41" WIDTH="56" ID="PAG_5_ST000168" WC="1" CONTENT="Un" STYLEREFS="TXT_15"/>
            <SP ID="PAG_5_SP000147" HPOS="1863" VPOS="3511" WIDTH="26"/>
            <String HPOS="1889" VPOS="3511" HEIGHT="45" WIDTH="150" ID="PAG_5_ST000169" WC="1" CONTENT="second" STYLEREFS="TXT_15"/>
            <SP ID="PAG_5_SP000148" HPOS="2039" VPOS="3510" WIDTH="22"/>
            <String HPOS="2061" VPOS="3510" HEIGHT="55" WIDTH="266" ID="PAG_5_ST000170" WC="1" CONTENT="shampooing" STYLEREFS="TXT_15"/>
            <SP ID="PAG_5_SP000149" HPOS="2327" VPOS="3509" WIDTH="21"/>
            <String HPOS="2348" VPOS="3509" HEIGHT="44" WIDTH="133" ID="PAG_5_ST000171" WC="1" CONTENT="suffira" STYLEREFS="TXT_15"/>
            <SP ID="PAG_5_SP000150" HPOS="2481" VPOS="3514" WIDTH="14"/>
            <String HPOS="2495" VPOS="3514" HEIGHT="38" WIDTH="24" ID="PAG_5_ST000172" WC="1" CONTENT="à" STYLEREFS="TXT_15"/>
            <SP ID="PAG_5_SP000151" HPOS="2519" VPOS="3509" WIDTH="16"/>
            <String HPOS="2535" VPOS="3509" HEIGHT="43" WIDTH="98" ID="PAG_5_ST000173" WC="1" CONTENT="faire" STYLEREFS="TXT_15"/>
            <SP ID="PAG_5_SP000152" HPOS="2633" VPOS="3509" WIDTH="16"/>
            <String HPOS="2649" VPOS="3509" HEIGHT="53" WIDTH="235" ID="PAG_5_ST000174" WC="0.99" CONTENT="disparaître" STYLEREFS="TXT_15"/>
            <SP ID="PAG_5_SP000153" HPOS="2884" VPOS="3509" WIDTH="22"/>
            <String HPOS="2906" VPOS="3509" HEIGHT="44" WIDTH="54" ID="PAG_5_ST000175" WC="0.53" CONTENT="tes" STYLEREFS="TXT_15"/>
            <SP ID="PAG_5_SP000154" HPOS="2960" VPOS="3509" WIDTH="20"/>
            <String HPOS="2980" VPOS="3509" HEIGHT="54" WIDTH="141" ID="PAG_5_ST000176" WC="1" CONTENT="reflets," STYLEREFS="TXT_15"/>
            <SP ID="PAG_5_SP000155" HPOS="3121" VPOS="3517" WIDTH="15"/>
            <String HPOS="3136" VPOS="3517" HEIGHT="47" WIDTH="64" ID="PAG_5_ST000177" WC="1" CONTENT="qui" STYLEREFS="TXT_15"/>
            <SP ID="PAG_5_SP000156" HPOS="3200" VPOS="3523" WIDTH="23"/>
            <String HPOS="3223" VPOS="3523" HEIGHT="33" WIDTH="69" ID="PAG_5_ST000178" WC="1" CONTENT="ont" STYLEREFS="TXT_15"/>
          </TextLine>
          <TextLine HPOS="1807" VPOS="3563" HEIGHT="54" WIDTH="1485" ID="PAG_5_TL000023" STYLEREFS="TXT_15">
            <String HPOS="1807" VPOS="3572" HEIGHT="40" WIDTH="111" ID="PAG_5_ST000179" WC="1" CONTENT="cessé" STYLEREFS="TXT_15"/>
            <SP ID="PAG_5_SP000157" HPOS="1918" VPOS="3566" WIDTH="23"/>
            <String HPOS="1941" VPOS="3566" HEIGHT="43" WIDTH="52" ID="PAG_5_ST000180" WC="1" CONTENT="de" STYLEREFS="TXT_15"/>
            <SP ID="PAG_5_SP000158" HPOS="1993" VPOS="3582" WIDTH="21"/>
            <String HPOS="2014" VPOS="3582" HEIGHT="27" WIDTH="97" ID="PAG_5_ST000181" WC="1" CONTENT="vous" STYLEREFS="TXT_15"/>
            <SP ID="PAG_5_SP000159" HPOS="2111" VPOS="3564" WIDTH="24"/>
            <String HPOS="2135" VPOS="3564" HEIGHT="53" WIDTH="133" ID="PAG_5_ST000182" WC="1" CONTENT="plaire," STYLEREFS="TXT_15"/>
            <SP ID="PAG_5_SP000160" HPOS="2268" VPOS="3580" WIDTH="20"/>
            <String HPOS="2288" VPOS="3580" HEIGHT="26" WIDTH="50" ID="PAG_5_ST000183" WC="1" CONTENT="ou" STYLEREFS="TXT_15"/>
            <SP ID="PAG_5_SP000161" HPOS="2338" VPOS="3580" WIDTH="29"/>
            <String HPOS="2367" VPOS="3580" HEIGHT="25" WIDTH="47" ID="PAG_5_ST000184" WC="1" CONTENT="un" STYLEREFS="TXT_15"/>
            <SP ID="PAG_5_SP000162" HPOS="2414" VPOS="3579" WIDTH="31"/>
            <String HPOS="2445" VPOS="3579" HEIGHT="27" WIDTH="186" ID="PAG_5_ST000185" WC="1" CONTENT="nouveau" STYLEREFS="TXT_15"/>
            <SP ID="PAG_5_SP000163" HPOS="2631" VPOS="3568" WIDTH="25"/>
            <String HPOS="2656" VPOS="3568" HEIGHT="47" WIDTH="162" ID="PAG_5_ST000186" WC="1" CONTENT="rinçage" STYLEREFS="TXT_15"/>
            <SP ID="PAG_5_SP000164" HPOS="2818" VPOS="3563" WIDTH="31"/>
            <String HPOS="2849" VPOS="3563" HEIGHT="44" WIDTH="119" ID="PAG_5_ST000187" WC="1" CONTENT="d'une" STYLEREFS="TXT_15"/>
            <SP ID="PAG_5_SP000165" HPOS="2968" VPOS="3574" WIDTH="25"/>
            <String HPOS="2993" VPOS="3574" HEIGHT="34" WIDTH="114" ID="PAG_5_ST000188" WC="1" CONTENT="autre" STYLEREFS="TXT_15"/>
            <SP ID="PAG_5_SP000166" HPOS="3107" VPOS="3582" WIDTH="26"/>
            <String HPOS="3133" VPOS="3582" HEIGHT="31" WIDTH="159" ID="PAG_5_ST000189" WC="0.98" CONTENT="nuance" STYLEREFS="TXT_15"/>
          </TextLine>
          <TextLine HPOS="1806" VPOS="3615" HEIGHT="54" WIDTH="1485" ID="PAG_5_TL000024" STYLEREFS="TXT_15">
            <String HPOS="1806" VPOS="3638" HEIGHT="27" WIDTH="98" ID="PAG_5_ST000190" WC="1" CONTENT="vous" STYLEREFS="TXT_15"/>
            <SP ID="PAG_5_SP000167" HPOS="1904" VPOS="3619" WIDTH="20"/>
            <String HPOS="1924" VPOS="3619" HEIGHT="44" WIDTH="182" ID="PAG_5_ST000191" WC="1" CONTENT="donnera" STYLEREFS="TXT_15"/>
            <SP ID="PAG_5_SP000168" HPOS="2106" VPOS="3617" WIDTH="22"/>
            <String HPOS="2128" VPOS="3617" HEIGHT="44" WIDTH="171" ID="PAG_5_ST000192" WC="1" CONTENT="d'autres" STYLEREFS="TXT_15"/>
            <SP ID="PAG_5_SP000169" HPOS="2299" VPOS="3615" WIDTH="23"/>
            <String HPOS="2322" VPOS="3615" HEIGHT="51" WIDTH="140" ID="PAG_5_ST000193" WC="1" CONTENT="reflets," STYLEREFS="TXT_15"/>
            <SP ID="PAG_5_SP000170" HPOS="2462" VPOS="3620" WIDTH="23"/>
            <String HPOS="2485" VPOS="3620" HEIGHT="38" WIDTH="126" ID="PAG_5_ST000194" WC="1" CONTENT="mieux" STYLEREFS="TXT_15"/>
            <SP ID="PAG_5_SP000171" HPOS="2611" VPOS="3621" WIDTH="23"/>
            <String HPOS="2634" VPOS="3621" HEIGHT="48" WIDTH="241" ID="PAG_5_ST000195" WC="1" CONTENT="appropriés" STYLEREFS="TXT_15"/>
            <SP ID="PAG_5_SP000172" HPOS="2875" VPOS="3622" WIDTH="33"/>
            <String HPOS="2908" VPOS="3622" HEIGHT="38" WIDTH="24" ID="PAG_5_ST000196" WC="1" CONTENT="à" STYLEREFS="TXT_15"/>
            <SP ID="PAG_5_SP000173" HPOS="2932" VPOS="3627" WIDTH="35"/>
            <String HPOS="2967" VPOS="3627" HEIGHT="34" WIDTH="111" ID="PAG_5_ST000197" WC="1" CONTENT="votre" STYLEREFS="TXT_15"/>
            <SP ID="PAG_5_SP000174" HPOS="3078" VPOS="3617" WIDTH="28"/>
            <String HPOS="3106" VPOS="3617" HEIGHT="46" WIDTH="185" ID="PAG_5_ST000198" WC="1" CONTENT="fantaisie" STYLEREFS="TXT_15"/>
          </TextLine>
          <TextLine HPOS="1808" VPOS="3667" HEIGHT="56" WIDTH="1484" ID="PAG_5_TL000025" STYLEREFS="TXT_15">
            <String HPOS="1808" VPOS="3692" HEIGHT="27" WIDTH="51" ID="PAG_5_ST000199" WC="1" CONTENT="ou" STYLEREFS="TXT_15"/>
            <SP ID="PAG_5_SP000175" HPOS="1859" VPOS="3680" WIDTH="22"/>
            <String HPOS="1881" VPOS="3680" HEIGHT="38" WIDTH="24" ID="PAG_5_ST000200" WC="1" CONTENT="à" STYLEREFS="TXT_15"/>
            <SP ID="PAG_5_SP000176" HPOS="1905" VPOS="3683" WIDTH="17"/>
            <String HPOS="1922" VPOS="3683" HEIGHT="34" WIDTH="110" ID="PAG_5_ST000201" WC="1" CONTENT="votre" STYLEREFS="TXT_15"/>
            <SP ID="PAG_5_SP000177" HPOS="2032" VPOS="3671" WIDTH="26"/>
            <String HPOS="2058" VPOS="3671" HEIGHT="44" WIDTH="155" ID="PAG_5_ST000202" WC="1" CONTENT="toilette." STYLEREFS="TXT_15"/>
            <SP ID="PAG_5_SP000178" HPOS="2213" VPOS="3674" WIDTH="21"/>
            <String HPOS="2234" VPOS="3674" HEIGHT="39" WIDTH="97" ID="PAG_5_ST000203" WC="1" CONTENT="Tous" STYLEREFS="TXT_15"/>
            <SP ID="PAG_5_SP000179" HPOS="2331" VPOS="3669" WIDTH="21"/>
            <String HPOS="2352" VPOS="3669" HEIGHT="44" WIDTH="53" ID="PAG_5_ST000204" WC="1" CONTENT="les" STYLEREFS="TXT_15"/>
            <SP ID="PAG_5_SP000180" HPOS="2405" VPOS="3668" WIDTH="20"/>
            <String HPOS="2425" VPOS="3668" HEIGHT="44" WIDTH="101" ID="PAG_5_ST000205" WC="1" CONTENT="bons" STYLEREFS="TXT_15"/>
            <SP ID="PAG_5_SP000181" HPOS="2526" VPOS="3667" WIDTH="22"/>
            <String HPOS="2548" VPOS="3667" HEIGHT="45" WIDTH="184" ID="PAG_5_ST000206" WC="1" CONTENT="coiffeurs" STYLEREFS="TXT_15"/>
            <SP ID="PAG_5_SP000182" HPOS="2732" VPOS="3669" WIDTH="32"/>
            <String HPOS="2764" VPOS="3669" HEIGHT="54" WIDTH="235" ID="PAG_5_ST000207" WC="1" CONTENT="appliquent" STYLEREFS="TXT_15"/>
            <SP ID="PAG_5_SP000183" HPOS="2999" VPOS="3670" WIDTH="21"/>
            <String HPOS="3020" VPOS="3670" HEIGHT="44" WIDTH="33" ID="PAG_5_ST000208" WC="1" CONTENT="le" STYLEREFS="TXT_15"/>
            <SP ID="PAG_5_SP000184" HPOS="3053" VPOS="3675" WIDTH="22"/>
            <String HPOS="3075" VPOS="3675" HEIGHT="41" WIDTH="217" ID="PAG_5_ST000209" WC="1" CONTENT="LUMINEX." STYLEREFS="TXT_15"/>
          </TextLine>
        </TextBlock>
        <Illustration ID="PAG_5_IL000003" HPOS="1746" VPOS="3829" HEIGHT="791" WIDTH="1602"/>
      </PrintSpace>
    </Page>
  </Layout>
</alto>