<?xml version="1.0" encoding="UTF-8"?>
<alto xmlns="http://www.loc.gov/standards/alto/ns-v3#" xmlns:xsi="http://www.w3.org/2001/XMLSchema-instance" SCHEMAVERSION="alto_bnf-v2_0" xsi:schemaLocation="http://www.loc.gov/standards/alto/ns-v3# http://bibnum.bnf.fr/schema/alto_bnf-v2_0.xsd" xmlns:xlink="http://www.w3.org/TR/xlink">
  <Description>
    <MeasurementUnit>pixel</MeasurementUnit>
    <sourceImageInformation>
      <fileName>00000023.jp2</fileName>
      <fileIdentifier>ark:/12148/bpt6k4701034k/f23</fileIdentifier>
      <documentIdentifier documentIdentifierLocation="NUM">4701034</documentIdentifier>
    </sourceImageInformation>
    <OCRProcessing ID="OCR_1">
      <ocrProcessingStep>
        <processingDateTime>2019-01-29</processingDateTime>
        <processingStepDescription>[001_OCR_BRUT]OCR BRUT 95.15 %</processingStepDescription>
        <processingStepDescription>[002_CHARS]{1689}</processingStepDescription>
        <processingStepDescription>[003_CHARS_USED]{49}</processingStepDescription>
        <processingStepDescription>[004_CHARS_SUSPECTS_USED]{0}</processingStepDescription>
        <processingStepDescription>[005_CHARS_UNUSED]{1640}</processingStepDescription>
        <processingStepDescription>[006_CHARS_SUSPECTS_UNUSED]{0}</processingStepDescription>
        <processingStepDescription>[007_STRINGS]{361}</processingStepDescription>
        <processingStepDescription>[008_STRINGS_USED]{9}</processingStepDescription>
        <processingStepDescription>[009_STRINGS_SUSPECTS_UNUSED]{0}</processingStepDescription>
        <processingStepDescription>[010_CHARS_LETTERS]{1590}</processingStepDescription>
        <processingStepDescription>[011_CHARS_PUNCTUATION]{86}</processingStepDescription>
        <processingStepDescription>[012_CHARS_DIGITS]{13}</processingStepDescription>
        <processingStepDescription>[013_CHARS_SUSPECT]{0}</processingStepDescription>
        <processingStepDescription>[022_CHARS_UNUSED_BY_BLOCK]{0}</processingStepDescription>
        <processingStepDescription>[023_BLOCKS_SUSPECTS]{0}</processingStepDescription>
        <processingStepDescription>[111_LIGS_DETECTED_CURV]{0}</processingStepDescription>
      </ocrProcessingStep>
    </OCRProcessing>
  </Description>
  <Styles>
    <TextStyle FONTSIZE="6" ID="TXT_14" FONTFAMILY="Arial"/>
    <TextStyle FONTSIZE="7" ID="TXT_15" FONTFAMILY="Arial"/>
    <TextStyle FONTSIZE="16" ID="TXT_41" FONTFAMILY="Arial"/>
  </Styles>
  <Tags>
    <StructureTag DESCRIPTION="POUR EGAYER VOS ROBES SOMBRES" TYPE="Structural" ID="TAG_ST001" LABEL="title"/>
    <StructureTag DESCRIPTION="Jabots, volants et Dentelles" TYPE="Structural" ID="TAG_ST002" LABEL="subtitle"/>
  </Tags>
  <Layout>
    <Page ID="PAG_23" HEIGHT="5013" WIDTH="7551" PHYSICAL_IMG_NR="23" QUALITY="OK" ACCURACY="99.94">
      <PrintSpace HPOS="206" VPOS="217" HEIGHT="4663" WIDTH="7186" ID="PAG_23_PrintSpace">
        <ComposedBlock ID="PAG_23_CB000001" HPOS="206" VPOS="217" HEIGHT="4663" WIDTH="7186">
        <TextBlock HPOS="2950" VPOS="3434" HEIGHT="82" WIDTH="1726" ID="PAG_23_TB000001" TAGREFS="TAG_ST001" LANG="fr" STYLEREFS="TXT_41">
          <TextLine HPOS="2950" VPOS="3434" HEIGHT="82" WIDTH="1726" ID="PAG_23_TL000001" STYLEREFS="TXT_41">
            <String HPOS="2950" VPOS="3444" HEIGHT="72" WIDTH="244" ID="PAG_23_ST000001" WC="1" CONTENT="POUR" STYLEREFS="TXT_41"/>
            <SP ID="PAG_23_SP000001" HPOS="3194" VPOS="3440" WIDTH="54"/>
            <String HPOS="3248" VPOS="3440" HEIGHT="72" WIDTH="334" ID="PAG_23_ST000002" WC="1" CONTENT="EGAYER" STYLEREFS="TXT_41"/>
            <SP ID="PAG_23_SP000002" HPOS="3582" VPOS="3438" WIDTH="48"/>
            <String HPOS="3630" VPOS="3438" HEIGHT="72" WIDTH="172" ID="PAG_23_ST000003" WC="1" CONTENT="VOS" STYLEREFS="TXT_41"/>
            <SP ID="PAG_23_SP000003" HPOS="3802" VPOS="3436" WIDTH="72"/>
            <String HPOS="3874" VPOS="3436" HEIGHT="72" WIDTH="314" ID="PAG_23_ST000004" WC="1" CONTENT="ROBES" STYLEREFS="TXT_41"/>
            <SP ID="PAG_23_SP000004" HPOS="4188" VPOS="3434" WIDTH="54"/>
            <String HPOS="4242" VPOS="3434" HEIGHT="72" WIDTH="434" ID="PAG_23_ST000005" WC="1" CONTENT="SOMBRES" STYLEREFS="TXT_41"/>
          </TextLine>
        </TextBlock>
        <TextBlock HPOS="2255" VPOS="3525" HEIGHT="386" WIDTH="3119" ID="PAG_23_TB000002" TAGREFS="TAG_ST002" LANG="fr" STYLEREFS="TXT_41">
          <TextLine HPOS="2255" VPOS="3525" HEIGHT="386" WIDTH="3119" ID="PAG_23_TL000002" STYLEREFS="TXT_41">
            <String HPOS="2255" VPOS="3525" HEIGHT="386" WIDTH="860" ID="PAG_23_ST000006" WC="1" CONTENT="Jabots," STYLEREFS="TXT_41"/>
            <SP ID="PAG_23_SP000005" HPOS="3115" VPOS="3525" WIDTH="1"/>
            <String HPOS="3115" VPOS="3525" HEIGHT="386" WIDTH="860" ID="PAG_23_ST000007" WC="1" CONTENT="volants" STYLEREFS="TXT_41"/>
            <SP ID="PAG_23_SP000006" HPOS="3975" VPOS="3525" WIDTH="1"/>
            <String HPOS="3975" VPOS="3525" HEIGHT="386" WIDTH="322" ID="PAG_23_ST000008" WC="1" CONTENT="et" STYLEREFS="TXT_41"/>
            <SP ID="PAG_23_SP000007" HPOS="4297" VPOS="3525" WIDTH="1"/>
            <String HPOS="4297" VPOS="3525" HEIGHT="386" WIDTH="1077" ID="PAG_23_ST000009" WC="1" CONTENT="Dentelles" STYLEREFS="TXT_41"/>
          </TextLine>
        </TextBlock>
        <TextBlock HPOS="2552" VPOS="3960" HEIGHT="41" WIDTH="1186" ID="PAG_23_TB000003" LANG="fr" STYLEREFS="TXT_15">
          <TextLine HPOS="2552" VPOS="3960" HEIGHT="41" WIDTH="1186" ID="PAG_23_TL000003" STYLEREFS="TXT_15">
            <String HPOS="2552" VPOS="3964" HEIGHT="37" WIDTH="223" ID="PAG_23_ST000010" WC="1" CONTENT="FRAICHES," STYLEREFS="TXT_15"/>
            <SP ID="PAG_23_SP000008" HPOS="2775" VPOS="3963" WIDTH="34"/>
            <String HPOS="2809" VPOS="3963" HEIGHT="34" WIDTH="227" ID="PAG_23_ST000011" WC="1" CONTENT="BLANCHES" STYLEREFS="TXT_15"/>
            <SP ID="PAG_23_SP000009" HPOS="3036" VPOS="3962" WIDTH="33"/>
            <String HPOS="3069" VPOS="3962" HEIGHT="34" WIDTH="59" ID="PAG_23_ST000012" WC="1" CONTENT="OU" STYLEREFS="TXT_15"/>
            <SP ID="PAG_23_SP000010" HPOS="3128" VPOS="3960" WIDTH="36"/>
            <String HPOS="3164" VPOS="3960" HEIGHT="38" WIDTH="192" ID="PAG_23_ST000013" WC="0.99" CONTENT="LEGERES," STYLEREFS="TXT_15"/>
            <SP ID="PAG_23_SP000011" HPOS="3356" VPOS="3960" WIDTH="32"/>
            <String HPOS="3388" VPOS="3960" HEIGHT="34" WIDTH="121" ID="PAG_23_ST000014" WC="1" CONTENT="VOICI" STYLEREFS="TXT_15"/>
            <SP ID="PAG_23_SP000012" HPOS="3509" VPOS="3960" WIDTH="34"/>
            <String HPOS="3543" VPOS="3960" HEIGHT="34" WIDTH="63" ID="PAG_23_ST000015" WC="1" CONTENT="SIX" STYLEREFS="TXT_15"/>
            <SP ID="PAG_23_SP000013" HPOS="3606" VPOS="3960" WIDTH="34"/>
            <String HPOS="3640" VPOS="3960" HEIGHT="33" WIDTH="68" ID="PAG_23_ST000016" WC="0.91" CONTENT="EN." STYLEREFS="TXT_15"/>
            <HYP HPOS="3708" VPOS="3993" WIDTH="30" CONTENT="-"/>
          </TextLine>
        </TextBlock>
        <TextBlock HPOS="2552" VPOS="4029" HEIGHT="42" WIDTH="1156" ID="PAG_23_TB000004" LANG="fr" STYLEREFS="TXT_15">
          <TextLine HPOS="2552" VPOS="4029" HEIGHT="42" WIDTH="1156" ID="PAG_23_TL000004" STYLEREFS="TXT_15">
            <String HPOS="2552" VPOS="4034" HEIGHT="33" WIDTH="196" ID="PAG_23_ST000017" WC="1" CONTENT="COLURES" STYLEREFS="TXT_15"/>
            <SP ID="PAG_23_SP000014" HPOS="2748" VPOS="4033" WIDTH="20"/>
            <String HPOS="2768" VPOS="4033" HEIGHT="38" WIDTH="273" ID="PAG_23_ST000018" WC="1" CONTENT="AUXQUELLES" STYLEREFS="TXT_15"/>
            <SP ID="PAG_23_SP000015" HPOS="3041" VPOS="4033" WIDTH="23"/>
            <String HPOS="3064" VPOS="4033" HEIGHT="31" WIDTH="34" ID="PAG_23_ST000019" WC="1" CONTENT="IL" STYLEREFS="TXT_15"/>
            <SP ID="PAG_23_SP000016" HPOS="3098" VPOS="4031" WIDTH="22"/>
            <String HPOS="3120" VPOS="4031" HEIGHT="33" WIDTH="70" ID="PAG_23_ST000020" WC="1" CONTENT="EST" STYLEREFS="TXT_15"/>
            <SP ID="PAG_23_SP000017" HPOS="3190" VPOS="4030" WIDTH="22"/>
            <String HPOS="3212" VPOS="4030" HEIGHT="34" WIDTH="200" ID="PAG_23_ST000021" WC="1" CONTENT="DIFFICILE" STYLEREFS="TXT_15"/>
            <SP ID="PAG_23_SP000018" HPOS="3412" VPOS="4030" WIDTH="23"/>
            <String HPOS="3435" VPOS="4030" HEIGHT="33" WIDTH="48" ID="PAG_23_ST000022" WC="1" CONTENT="DE" STYLEREFS="TXT_15"/>
            <SP ID="PAG_23_SP000019" HPOS="3483" VPOS="4029" WIDTH="23"/>
            <String HPOS="3506" VPOS="4029" HEIGHT="33" WIDTH="202" ID="PAG_23_ST000023" WC="0.98" CONTENT="RESISTER." STYLEREFS="TXT_15"/>
          </TextLine>
        </TextBlock>
        <TextBlock HPOS="3956" VPOS="3954" HEIGHT="40" WIDTH="1152" ID="PAG_23_TB000005" LANG="fr" STYLEREFS="TXT_15">
          <TextLine HPOS="3956" VPOS="3954" HEIGHT="40" WIDTH="1152" ID="PAG_23_TL000005" STYLEREFS="TXT_15">
            <String HPOS="3956" VPOS="3959" HEIGHT="33" WIDTH="301" ID="PAG_23_ST000024" WC="1" CONTENT="LAISSEZ-VOUS" STYLEREFS="TXT_15"/>
            <SP ID="PAG_23_SP000020" HPOS="4257" VPOS="3958" WIDTH="34"/>
            <String HPOS="4291" VPOS="3958" HEIGHT="36" WIDTH="167" ID="PAG_23_ST000025" WC="1" CONTENT="TENTER," STYLEREFS="TXT_15"/>
            <SP ID="PAG_23_SP000021" HPOS="4458" VPOS="3956" WIDTH="35"/>
            <String HPOS="4493" VPOS="3956" HEIGHT="33" WIDTH="54" ID="PAG_23_ST000026" WC="1" CONTENT="CE" STYLEREFS="TXT_15"/>
            <SP ID="PAG_23_SP000022" HPOS="4547" VPOS="3956" WIDTH="35"/>
            <String HPOS="4582" VPOS="3956" HEIGHT="33" WIDTH="115" ID="PAG_23_ST000027" WC="1" CONTENT="SONT" STYLEREFS="TXT_15"/>
            <SP ID="PAG_23_SP000023" HPOS="4697" VPOS="3956" WIDTH="35"/>
            <String HPOS="4732" VPOS="3956" HEIGHT="32" WIDTH="48" ID="PAG_23_ST000028" WC="1" CONTENT="DE" STYLEREFS="TXT_15"/>
            <SP ID="PAG_23_SP000024" HPOS="4780" VPOS="3955" WIDTH="37"/>
            <String HPOS="4817" VPOS="3955" HEIGHT="32" WIDTH="136" ID="PAG_23_ST000029" WC="1" CONTENT="PETITS" STYLEREFS="TXT_15"/>
            <SP ID="PAG_23_SP000025" HPOS="4953" VPOS="3954" WIDTH="36"/>
            <String HPOS="4989" VPOS="3954" HEIGHT="33" WIDTH="119" ID="PAG_23_ST000030" WC="1" CONTENT="RIENS" STYLEREFS="TXT_15"/>
          </TextLine>
        </TextBlock>
        <TextBlock HPOS="3954" VPOS="4023" HEIGHT="46" WIDTH="1153" ID="PAG_23_TB000006" LANG="fr" STYLEREFS="TXT_15">
          <TextLine HPOS="3954" VPOS="4023" HEIGHT="46" WIDTH="1153" ID="PAG_23_TL000006" STYLEREFS="TXT_15">
            <String HPOS="3954" VPOS="4028" HEIGHT="41" WIDTH="74" ID="PAG_23_ST000031" WC="0.98" CONTENT="QUI" STYLEREFS="TXT_15"/>
            <SP ID="PAG_23_SP000026" HPOS="4028" VPOS="4027" WIDTH="51"/>
            <String HPOS="4079" VPOS="4027" HEIGHT="34" WIDTH="112" ID="PAG_23_ST000032" WC="1" CONTENT="FONT" STYLEREFS="TXT_15"/>
            <SP ID="PAG_23_SP000027" HPOS="4191" VPOS="4027" WIDTH="46"/>
            <String HPOS="4237" VPOS="4027" HEIGHT="33" WIDTH="112" ID="PAG_23_ST000033" WC="1" CONTENT="TOUT" STYLEREFS="TXT_15"/>
            <SP ID="PAG_23_SP000028" HPOS="4349" VPOS="4027" WIDTH="52"/>
            <String HPOS="4401" VPOS="4027" HEIGHT="33" WIDTH="42" ID="PAG_23_ST000034" WC="1" CONTENT="LE" STYLEREFS="TXT_15"/>
            <SP ID="PAG_23_SP000029" HPOS="4443" VPOS="4025" WIDTH="50"/>
            <String HPOS="4493" VPOS="4025" HEIGHT="35" WIDTH="185" ID="PAG_23_ST000035" WC="1" CONTENT="CHARME" STYLEREFS="TXT_15"/>
            <SP ID="PAG_23_SP000030" HPOS="4678" VPOS="4023" WIDTH="51"/>
            <String HPOS="4729" VPOS="4023" HEIGHT="35" WIDTH="123" ID="PAG_23_ST000036" WC="1" CONTENT="D'UNE" STYLEREFS="TXT_15"/>
            <SP ID="PAG_23_SP000031" HPOS="4852" VPOS="4023" WIDTH="47"/>
            <String HPOS="4899" VPOS="4023" HEIGHT="34" WIDTH="208" ID="PAG_23_ST000037" WC="1" CONTENT="TOILETTE." STYLEREFS="TXT_15"/>
          </TextLine>
        </TextBlock>
        <TextBlock HPOS="4174" VPOS="4083" HEIGHT="22" WIDTH="158" ID="PAG_23_TB000007" LANG="fr" STYLEREFS="TXT_15">
          <TextLine HPOS="4174" VPOS="4083" HEIGHT="22" WIDTH="158" ID="PAG_23_TL000007" STYLEREFS="TXT_15">
            <String HPOS="4174" VPOS="4083" HEIGHT="22" WIDTH="24" ID="PAG_23_ST000038" WC="1" CONTENT="*" STYLEREFS="TXT_15"/>
            <SP ID="PAG_23_SP000032" HPOS="4198" VPOS="4088" WIDTH="112"/>
            <String HPOS="4310" VPOS="4088" HEIGHT="17" WIDTH="22" ID="PAG_23_ST000039" WC="0.06" CONTENT="1;'" STYLEREFS="TXT_15"/>
          </TextLine>
        </TextBlock>
        <Illustration ID="PAG_23_IL000001" HPOS="206" VPOS="217" HEIGHT="4663" WIDTH="7186"/>
        <TextBlock HPOS="1535" VPOS="4220" HEIGHT="401" WIDTH="687" ID="PAG_23_TB000008" LANG="fr" STYLEREFS="TXT_14">
          <TextLine HPOS="1582" VPOS="4220" HEIGHT="39" WIDTH="609" ID="PAG_23_TL000008" STYLEREFS="TXT_14">
            <String HPOS="1582" VPOS="4221" HEIGHT="32" WIDTH="49" ID="PAG_23_ST000040" WC="1" CONTENT="36." STYLEREFS="TXT_14"/>
            <SP ID="PAG_23_SP000033" HPOS="1631" VPOS="4220" WIDTH="25"/>
            <String HPOS="1656" VPOS="4220" HEIGHT="33" WIDTH="96" ID="PAG_23_ST000041" WC="1" CONTENT="Cette" STYLEREFS="TXT_14"/>
            <SP ID="PAG_23_SP000034" HPOS="1752" VPOS="4222" WIDTH="23"/>
            <String HPOS="1775" VPOS="4222" HEIGHT="37" WIDTH="155" ID="PAG_23_ST000042" WC="0.99" CONTENT="garniture" STYLEREFS="TXT_14"/>
            <SP ID="PAG_23_SP000035" HPOS="1930" VPOS="4221" WIDTH="22"/>
            <String HPOS="1952" VPOS="4221" HEIGHT="38" WIDTH="90" ID="PAG_23_ST000043" WC="0.84" CONTENT="jeune" STYLEREFS="TXT_14"/>
            <SP ID="PAG_23_SP000036" HPOS="2042" VPOS="4223" WIDTH="22"/>
            <String HPOS="2064" VPOS="4223" HEIGHT="30" WIDTH="32" ID="PAG_23_ST000044" WC="0.97" CONTENT="et" STYLEREFS="TXT_14"/>
            <SP ID="PAG_23_SP000037" HPOS="2096" VPOS="4222" WIDTH="23"/>
            <String HPOS="2119" VPOS="4222" HEIGHT="37" WIDTH="72" ID="PAG_23_ST000045" WC="0.98" CONTENT="gaie" STYLEREFS="TXT_14"/>
          </TextLine>
          <TextLine HPOS="1584" VPOS="4265" HEIGHT="40" WIDTH="637" ID="PAG_23_TL000009" STYLEREFS="TXT_14">
            <String HPOS="1584" VPOS="4269" HEIGHT="29" WIDTH="46" ID="PAG_23_ST000046" WC="0.92" CONTENT="est" STYLEREFS="TXT_14"/>
            <SP ID="PAG_23_SP000038" HPOS="1630" VPOS="4265" WIDTH="21"/>
            <String HPOS="1651" VPOS="4265" HEIGHT="33" WIDTH="80" ID="PAG_23_ST000047" WC="0.96" CONTENT="faite" STYLEREFS="TXT_14"/>
            <SP ID="PAG_23_SP000039" HPOS="1731" VPOS="4266" WIDTH="21"/>
            <String HPOS="1752" VPOS="4266" HEIGHT="32" WIDTH="69" ID="PAG_23_ST000048" WC="1" CONTENT="d'un" STYLEREFS="TXT_14"/>
            <SP ID="PAG_23_SP000040" HPOS="1821" VPOS="4266" WIDTH="25"/>
            <String HPOS="1846" VPOS="4266" HEIGHT="39" WIDTH="86" ID="PAG_23_ST000049" WC="0.98" CONTENT="large" STYLEREFS="TXT_14"/>
            <SP ID="PAG_23_SP000041" HPOS="1932" VPOS="4266" WIDTH="21"/>
            <String HPOS="1953" VPOS="4266" HEIGHT="32" WIDTH="93" ID="PAG_23_ST000050" WC="1" CONTENT="ruban" STYLEREFS="TXT_14"/>
            <SP ID="PAG_23_SP000042" HPOS="2046" VPOS="4266" WIDTH="24"/>
            <String HPOS="2070" VPOS="4266" HEIGHT="32" WIDTH="40" ID="PAG_23_ST000051" WC="1" CONTENT="de" STYLEREFS="TXT_14"/>
            <SP ID="PAG_23_SP000043" HPOS="2110" VPOS="4265" WIDTH="22"/>
            <String HPOS="2132" VPOS="4265" HEIGHT="33" WIDTH="59" ID="PAG_23_ST000052" WC="0.52" CONTENT="lof." SUBS_TYPE="HypPart1" SUBS_CONTENT="lof.fêtas" STYLEREFS="TXT_14"/>
            <HYP HPOS="2191" VPOS="4298" WIDTH="30" CONTENT="-"/>
          </TextLine>
          <TextLine HPOS="1584" VPOS="4310" HEIGHT="40" WIDTH="608" ID="PAG_23_TL000010" STYLEREFS="TXT_14">
            <String HPOS="1584" VPOS="4310" HEIGHT="33" WIDTH="81" ID="PAG_23_ST000053" WC="0.93" CONTENT="fêtas" SUBS_TYPE="HypPart2" SUBS_CONTENT="lof.fêtas" STYLEREFS="TXT_14"/>
            <SP ID="PAG_23_SP000044" HPOS="1665" VPOS="4311" WIDTH="36"/>
            <String HPOS="1701" VPOS="4311" HEIGHT="39" WIDTH="86" ID="PAG_23_ST000054" WC="1" CONTENT="léger" STYLEREFS="TXT_14"/>
            <SP ID="PAG_23_SP000045" HPOS="1787" VPOS="4321" WIDTH="31"/>
            <String HPOS="1818" VPOS="4321" HEIGHT="22" WIDTH="40" ID="PAG_23_ST000055" WC="1" CONTENT="ou" STYLEREFS="TXT_14"/>
            <SP ID="PAG_23_SP000046" HPOS="1858" VPOS="4312" WIDTH="33"/>
            <String HPOS="1891" VPOS="4312" HEIGHT="32" WIDTH="90" ID="PAG_23_ST000056" WC="1" CONTENT="d'une" STYLEREFS="TXT_14"/>
            <SP ID="PAG_23_SP000047" HPOS="1981" VPOS="4310" WIDTH="34"/>
            <String HPOS="2015" VPOS="4310" HEIGHT="33" WIDTH="103" ID="PAG_23_ST000057" WC="0.98" CONTENT="bande" STYLEREFS="TXT_14"/>
            <SP ID="PAG_23_SP000048" HPOS="2118" VPOS="4311" WIDTH="34"/>
            <String HPOS="2152" VPOS="4311" HEIGHT="33" WIDTH="40" ID="PAG_23_ST000058" WC="1" CONTENT="de" STYLEREFS="TXT_14"/>
          </TextLine>
          <TextLine HPOS="1584" VPOS="4355" HEIGHT="40" WIDTH="607" ID="PAG_23_TL000011" STYLEREFS="TXT_14">
            <String HPOS="1584" VPOS="4356" HEIGHT="32" WIDTH="181" ID="PAG_23_ST000059" WC="1" CONTENT="mousseline" STYLEREFS="TXT_14"/>
            <SP ID="PAG_23_SP000049" HPOS="1765" VPOS="4357" WIDTH="19"/>
            <String HPOS="1784" VPOS="4357" HEIGHT="32" WIDTH="99" ID="PAG_23_ST000060" WC="1" CONTENT="nouée" STYLEREFS="TXT_14"/>
            <SP ID="PAG_23_SP000050" HPOS="1883" VPOS="4368" WIDTH="21"/>
            <String HPOS="1904" VPOS="4368" HEIGHT="21" WIDTH="35" ID="PAG_23_ST000061" WC="1" CONTENT="en" STYLEREFS="TXT_14"/>
            <SP ID="PAG_23_SP000051" HPOS="1939" VPOS="4356" WIDTH="22"/>
            <String HPOS="1961" VPOS="4356" HEIGHT="33" WIDTH="78" ID="PAG_23_ST000062" WC="1" CONTENT="deux" STYLEREFS="TXT_14"/>
            <SP ID="PAG_23_SP000052" HPOS="2039" VPOS="4355" WIDTH="20"/>
            <String HPOS="2059" VPOS="4355" HEIGHT="40" WIDTH="132" ID="PAG_23_ST000063" WC="0.99" CONTENT="grandes" STYLEREFS="TXT_14"/>
          </TextLine>
          <TextLine HPOS="1584" VPOS="4402" HEIGHT="39" WIDTH="609" ID="PAG_23_TL000012" STYLEREFS="TXT_14">
            <String HPOS="1584" VPOS="4411" HEIGHT="28" WIDTH="114" ID="PAG_23_ST000064" WC="0.98" CONTENT="coques" STYLEREFS="TXT_14"/>
            <SP ID="PAG_23_SP000053" HPOS="1698" VPOS="4404" WIDTH="27"/>
            <String HPOS="1725" VPOS="4404" HEIGHT="30" WIDTH="140" ID="PAG_23_ST000065" WC="0.99" CONTENT="retenues" STYLEREFS="TXT_14"/>
            <SP ID="PAG_23_SP000054" HPOS="1865" VPOS="4402" WIDTH="25"/>
            <String HPOS="1890" VPOS="4402" HEIGHT="39" WIDTH="71" ID="PAG_23_ST000066" WC="1" CONTENT="près" STYLEREFS="TXT_14"/>
            <SP ID="PAG_23_SP000055" HPOS="1961" VPOS="4402" WIDTH="25"/>
            <String HPOS="1986" VPOS="4402" HEIGHT="31" WIDTH="40" ID="PAG_23_ST000067" WC="1" CONTENT="du" STYLEREFS="TXT_14"/>
            <SP ID="PAG_23_SP000056" HPOS="2026" VPOS="4412" WIDTH="28"/>
            <String HPOS="2054" VPOS="4412" HEIGHT="21" WIDTH="56" ID="PAG_23_ST000068" WC="1" CONTENT="cou" STYLEREFS="TXT_14"/>
            <SP ID="PAG_23_SP000057" HPOS="2110" VPOS="4412" WIDTH="25"/>
            <String HPOS="2135" VPOS="4412" HEIGHT="29" WIDTH="58" ID="PAG_23_ST000069" WC="1" CONTENT="par" STYLEREFS="TXT_14"/>
          </TextLine>
          <TextLine HPOS="1584" VPOS="4446" HEIGHT="40" WIDTH="608" ID="PAG_23_TL000013" STYLEREFS="TXT_14">
            <String HPOS="1584" VPOS="4457" HEIGHT="21" WIDTH="57" ID="PAG_23_ST000070" WC="1" CONTENT="une" STYLEREFS="TXT_14"/>
            <SP ID="PAG_23_SP000058" HPOS="1641" VPOS="4446" WIDTH="21"/>
            <String HPOS="1662" VPOS="4446" HEIGHT="39" WIDTH="162" ID="PAG_23_ST000071" WC="1" CONTENT="guirlande" STYLEREFS="TXT_14"/>
            <SP ID="PAG_23_SP000059" HPOS="1824" VPOS="4446" WIDTH="20"/>
            <String HPOS="1844" VPOS="4446" HEIGHT="33" WIDTH="41" ID="PAG_23_ST000072" WC="1" CONTENT="de" STYLEREFS="TXT_14"/>
            <SP ID="PAG_23_SP000060" HPOS="1885" VPOS="4447" WIDTH="18"/>
            <String HPOS="1903" VPOS="4447" HEIGHT="39" WIDTH="118" ID="PAG_23_ST000073" WC="0.99" CONTENT="petites" STYLEREFS="TXT_14"/>
            <SP ID="PAG_23_SP000061" HPOS="2021" VPOS="4447" WIDTH="21"/>
            <String HPOS="2042" VPOS="4447" HEIGHT="31" WIDTH="88" ID="PAG_23_ST000074" WC="0.99" CONTENT="fleurs" STYLEREFS="TXT_14"/>
            <SP ID="PAG_23_SP000062" HPOS="2130" VPOS="4446" WIDTH="22"/>
            <String HPOS="2152" VPOS="4446" HEIGHT="32" WIDTH="40" ID="PAG_23_ST000075" WC="1" CONTENT="de" STYLEREFS="TXT_14"/>
          </TextLine>
          <TextLine HPOS="1584" VPOS="4490" HEIGHT="40" WIDTH="608" ID="PAG_23_TL000014" STYLEREFS="TXT_14">
            <String HPOS="1584" VPOS="4490" HEIGHT="33" WIDTH="140" ID="PAG_23_ST000076" WC="0.99" CONTENT="dentelle" STYLEREFS="TXT_14"/>
            <SP ID="PAG_23_SP000063" HPOS="1724" VPOS="4490" WIDTH="26"/>
            <String HPOS="1750" VPOS="4490" HEIGHT="33" WIDTH="137" ID="PAG_23_ST000077" WC="0.99" CONTENT="fronde." STYLEREFS="TXT_14"/>
            <SP ID="PAG_23_SP000064" HPOS="1887" VPOS="4490" WIDTH="27"/>
            <String HPOS="1914" VPOS="4490" HEIGHT="33" WIDTH="96" ID="PAG_23_ST000078" WC="1" CONTENT="Cette" STYLEREFS="TXT_14"/>
            <SP ID="PAG_23_SP000065" HPOS="2010" VPOS="4493" WIDTH="27"/>
            <String HPOS="2037" VPOS="4493" HEIGHT="37" WIDTH="155" ID="PAG_23_ST000079" WC="0.99" CONTENT="garniture" STYLEREFS="TXT_14"/>
          </TextLine>
          <TextLine HPOS="1584" VPOS="4535" HEIGHT="41" WIDTH="638" ID="PAG_23_TL000015" STYLEREFS="TXT_14">
            <String HPOS="1584" VPOS="4546" HEIGHT="22" WIDTH="69" ID="PAG_23_ST000080" WC="1" CONTENT="sera" STYLEREFS="TXT_14"/>
            <SP ID="PAG_23_SP000066" HPOS="1653" VPOS="4535" WIDTH="20"/>
            <String HPOS="1673" VPOS="4535" HEIGHT="33" WIDTH="178" ID="PAG_23_ST000081" WC="0.99" CONTENT="charmante" STYLEREFS="TXT_14"/>
            <SP ID="PAG_23_SP000067" HPOS="1851" VPOS="4546" WIDTH="20"/>
            <String HPOS="1871" VPOS="4546" HEIGHT="30" WIDTH="78" ID="PAG_23_ST000082" WC="1" CONTENT="pour" STYLEREFS="TXT_14"/>
            <SP ID="PAG_23_SP000068" HPOS="1949" VPOS="4547" WIDTH="22"/>
            <String HPOS="1971" VPOS="4547" HEIGHT="21" WIDTH="56" ID="PAG_23_ST000083" WC="1" CONTENT="une" STYLEREFS="TXT_14"/>
            <SP ID="PAG_23_SP000069" HPOS="2027" VPOS="4538" WIDTH="21"/>
            <String HPOS="2048" VPOS="4538" HEIGHT="31" WIDTH="60" ID="PAG_23_ST000084" WC="0.99" CONTENT="très" STYLEREFS="TXT_14"/>
            <SP ID="PAG_23_SP000070" HPOS="2108" VPOS="4537" WIDTH="22"/>
            <String HPOS="2130" VPOS="4537" HEIGHT="38" WIDTH="62" ID="PAG_23_ST000085" WC="0.97" CONTENT="jeu-" SUBS_TYPE="HypPart1" SUBS_CONTENT="jeu-t" STYLEREFS="TXT_14"/>
            <HYP HPOS="2192" VPOS="4575" WIDTH="30" CONTENT="-"/>
          </TextLine>
          <TextLine HPOS="1535" VPOS="4580" HEIGHT="41" WIDTH="657" ID="PAG_23_TL000016" STYLEREFS="TXT_14">
            <String HPOS="1535" VPOS="4584" HEIGHT="34" WIDTH="14" ID="PAG_23_ST000086" WC="0.5" CONTENT="t" SUBS_TYPE="HypPart2" SUBS_CONTENT="jeu-t" STYLEREFS="TXT_14"/>
            <SP ID="PAG_23_SP000071" HPOS="1549" VPOS="4592" WIDTH="36"/>
            <String HPOS="1585" VPOS="4592" HEIGHT="21" WIDTH="38" ID="PAG_23_ST000087" WC="1" CONTENT="ne" STYLEREFS="TXT_14"/>
            <SP ID="PAG_23_SP000072" HPOS="1623" VPOS="4580" WIDTH="20"/>
            <String HPOS="1643" VPOS="4580" HEIGHT="33" WIDTH="112" ID="PAG_23_ST000088" WC="1" CONTENT="femme" STYLEREFS="TXT_14"/>
            <SP ID="PAG_23_SP000073" HPOS="1755" VPOS="4592" WIDTH="20"/>
            <String HPOS="1775" VPOS="4592" HEIGHT="21" WIDTH="39" ID="PAG_23_ST000089" WC="1" CONTENT="ou" STYLEREFS="TXT_14"/>
            <SP ID="PAG_23_SP000074" HPOS="1814" VPOS="4591" WIDTH="19"/>
            <String HPOS="1833" VPOS="4591" HEIGHT="30" WIDTH="78" ID="PAG_23_ST000090" WC="1" CONTENT="pour" STYLEREFS="TXT_14"/>
            <SP ID="PAG_23_SP000075" HPOS="1911" VPOS="4592" WIDTH="21"/>
            <String HPOS="1932" VPOS="4592" HEIGHT="21" WIDTH="55" ID="PAG_23_ST000091" WC="1" CONTENT="une" STYLEREFS="TXT_14"/>
            <SP ID="PAG_23_SP000076" HPOS="1987" VPOS="4583" WIDTH="21"/>
            <String HPOS="2008" VPOS="4583" HEIGHT="36" WIDTH="89" ID="PAG_23_ST000092" WC="0.98" CONTENT="jeune" STYLEREFS="TXT_14"/>
            <SP ID="PAG_23_SP000077" HPOS="2097" VPOS="4581" WIDTH="19"/>
            <String HPOS="2116" VPOS="4581" HEIGHT="33" WIDTH="76" ID="PAG_23_ST000093" WC="0.67" CONTENT="filie," STYLEREFS="TXT_14"/>
          </TextLine>
        </TextBlock>
        <TextBlock HPOS="2330" VPOS="4222" HEIGHT="400" WIDTH="644" ID="PAG_23_TB000009" LANG="fr" STYLEREFS="TXT_14">
          <TextLine HPOS="2334" VPOS="4222" HEIGHT="41" WIDTH="609" ID="PAG_23_TL000017" STYLEREFS="TXT_14">
            <String HPOS="2334" VPOS="4224" HEIGHT="32" WIDTH="48" ID="PAG_23_ST000094" WC="1" CONTENT="37." STYLEREFS="TXT_14"/>
            <SP ID="PAG_23_SP000078" HPOS="2382" VPOS="4222" WIDTH="26"/>
            <String HPOS="2408" VPOS="4222" HEIGHT="37" WIDTH="92" ID="PAG_23_ST000095" WC="0.99" CONTENT="Voici," STYLEREFS="TXT_14"/>
            <SP ID="PAG_23_SP000079" HPOS="2500" VPOS="4233" WIDTH="22"/>
            <String HPOS="2522" VPOS="4233" HEIGHT="30" WIDTH="78" ID="PAG_23_ST000096" WC="1" CONTENT="pour" STYLEREFS="TXT_14"/>
            <SP ID="PAG_23_SP000080" HPOS="2600" VPOS="4224" WIDTH="21"/>
            <String HPOS="2621" VPOS="4224" HEIGHT="38" WIDTH="116" ID="PAG_23_ST000097" WC="0.91" CONTENT="égayer" STYLEREFS="TXT_14"/>
            <SP ID="PAG_23_SP000081" HPOS="2737" VPOS="4226" WIDTH="22"/>
            <String HPOS="2759" VPOS="4226" HEIGHT="29" WIDTH="86" ID="PAG_23_ST000098" WC="0.99" CONTENT="votre" STYLEREFS="TXT_14"/>
            <SP ID="PAG_23_SP000082" HPOS="2845" VPOS="4223" WIDTH="22"/>
            <String HPOS="2867" VPOS="4223" HEIGHT="33" WIDTH="76" ID="PAG_23_ST000099" WC="1" CONTENT="robe" STYLEREFS="TXT_14"/>
          </TextLine>
          <TextLine HPOS="2333" VPOS="4267" HEIGHT="37" WIDTH="609" ID="PAG_23_TL000018" STYLEREFS="TXT_14">
            <String HPOS="2333" VPOS="4267" HEIGHT="33" WIDTH="112" ID="PAG_23_ST000100" WC="0.99" CONTENT="foncée" STYLEREFS="TXT_14"/>
            <SP ID="PAG_23_SP000083" HPOS="2445" VPOS="4269" WIDTH="32"/>
            <String HPOS="2477" VPOS="4269" HEIGHT="32" WIDTH="41" ID="PAG_23_ST000101" WC="1" CONTENT="de" STYLEREFS="TXT_14"/>
            <SP ID="PAG_23_SP000084" HPOS="2518" VPOS="4268" WIDTH="33"/>
            <String HPOS="2551" VPOS="4268" HEIGHT="33" WIDTH="120" ID="PAG_23_ST000102" WC="0.99" CONTENT="l'année" STYLEREFS="TXT_14"/>
            <SP ID="PAG_23_SP000085" HPOS="2671" VPOS="4268" WIDTH="32"/>
            <String HPOS="2703" VPOS="4268" HEIGHT="36" WIDTH="150" ID="PAG_23_ST000103" WC="1" CONTENT="dernière," STYLEREFS="TXT_14"/>
            <SP ID="PAG_23_SP000086" HPOS="2853" VPOS="4279" WIDTH="33"/>
            <String HPOS="2886" VPOS="4279" HEIGHT="22" WIDTH="56" ID="PAG_23_ST000104" WC="1" CONTENT="une" STYLEREFS="TXT_14"/>
          </TextLine>
          <TextLine HPOS="2330" VPOS="4314" HEIGHT="39" WIDTH="642" ID="PAG_23_TL000019" STYLEREFS="TXT_14">
            <String HPOS="2330" VPOS="4314" HEIGHT="38" WIDTH="156" ID="PAG_23_ST000105" WC="1" CONTENT="garniture" STYLEREFS="TXT_14"/>
            <SP ID="PAG_23_SP000087" HPOS="2486" VPOS="4314" WIDTH="18"/>
            <String HPOS="2504" VPOS="4314" HEIGHT="31" WIDTH="168" ID="PAG_23_ST000106" WC="1" CONTENT="ravissante" STYLEREFS="TXT_14"/>
            <SP ID="PAG_23_SP000088" HPOS="2672" VPOS="4324" WIDTH="19"/>
            <String HPOS="2691" VPOS="4324" HEIGHT="22" WIDTH="35" ID="PAG_23_ST000107" WC="1" CONTENT="en" STYLEREFS="TXT_14"/>
            <SP ID="PAG_23_SP000089" HPOS="2726" VPOS="4314" WIDTH="18"/>
            <String HPOS="2744" VPOS="4314" HEIGHT="39" WIDTH="95" ID="PAG_23_ST000108" WC="1" CONTENT="piqué" STYLEREFS="TXT_14"/>
            <SP ID="PAG_23_SP000090" HPOS="2839" VPOS="4314" WIDTH="20"/>
            <String HPOS="2859" VPOS="4314" HEIGHT="38" WIDTH="83" ID="PAG_23_ST000109" WC="0.94" CONTENT="légè-" SUBS_TYPE="HypPart1" SUBS_CONTENT="légèrement" STYLEREFS="TXT_14"/>
            <HYP HPOS="2942" VPOS="4352" WIDTH="30" CONTENT="-"/>
          </TextLine>
          <TextLine HPOS="2333" VPOS="4357" HEIGHT="40" WIDTH="608" ID="PAG_23_TL000020" STYLEREFS="TXT_14">
            <String HPOS="2333" VPOS="4361" HEIGHT="29" WIDTH="117" ID="PAG_23_ST000110" WC="0.99" CONTENT="rement" SUBS_TYPE="HypPart2" SUBS_CONTENT="légèrement" STYLEREFS="TXT_14"/>
            <SP ID="PAG_23_SP000091" HPOS="2450" VPOS="4358" WIDTH="21"/>
            <String HPOS="2471" VPOS="4358" HEIGHT="32" WIDTH="175" ID="PAG_23_ST000111" WC="0.99" CONTENT="amidonné." STYLEREFS="TXT_14"/>
            <SP ID="PAG_23_SP000092" HPOS="2646" VPOS="4357" WIDTH="23"/>
            <String HPOS="2669" VPOS="4357" HEIGHT="33" WIDTH="65" ID="PAG_23_ST000112" WC="0.97" CONTENT="Elle" STYLEREFS="TXT_14"/>
            <SP ID="PAG_23_SP000093" HPOS="2734" VPOS="4362" WIDTH="22"/>
            <String HPOS="2756" VPOS="4362" HEIGHT="29" WIDTH="47" ID="PAG_23_ST000113" WC="1" CONTENT="est" STYLEREFS="TXT_14"/>
            <SP ID="PAG_23_SP000094" HPOS="2803" VPOS="4359" WIDTH="22"/>
            <String HPOS="2825" VPOS="4359" HEIGHT="38" WIDTH="116" ID="PAG_23_ST000114" WC="1" CONTENT="garnie," STYLEREFS="TXT_14"/>
          </TextLine>
          <TextLine HPOS="2334" VPOS="4403" HEIGHT="38" WIDTH="610" ID="PAG_23_TL000021" STYLEREFS="TXT_14">
            <String HPOS="2334" VPOS="4413" HEIGHT="22" WIDTH="39" ID="PAG_23_ST000115" WC="0.97" CONTENT="au" STYLEREFS="TXT_14"/>
            <SP ID="PAG_23_SP000095" HPOS="2373" VPOS="4403" WIDTH="45"/>
            <String HPOS="2418" VPOS="4403" HEIGHT="35" WIDTH="88" ID="PAG_23_ST000116" WC="1" CONTENT="bord," STYLEREFS="TXT_14"/>
            <SP ID="PAG_23_SP000096" HPOS="2506" VPOS="4404" WIDTH="46"/>
            <String HPOS="2552" VPOS="4404" HEIGHT="31" WIDTH="90" ID="PAG_23_ST000117" WC="1" CONTENT="d'une" STYLEREFS="TXT_14"/>
            <SP ID="PAG_23_SP000097" HPOS="2642" VPOS="4404" WIDTH="43"/>
            <String HPOS="2685" VPOS="4404" HEIGHT="37" WIDTH="115" ID="PAG_23_ST000118" WC="0.98" CONTENT="rangée" STYLEREFS="TXT_14"/>
            <SP ID="PAG_23_SP000098" HPOS="2800" VPOS="4404" WIDTH="42"/>
            <String HPOS="2842" VPOS="4404" HEIGHT="31" WIDTH="102" ID="PAG_23_ST000119" WC="1" CONTENT="serrée" STYLEREFS="TXT_14"/>
          </TextLine>
          <TextLine HPOS="2335" VPOS="4447" HEIGHT="39" WIDTH="639" ID="PAG_23_TL000022" STYLEREFS="TXT_14">
            <String HPOS="2335" VPOS="4448" HEIGHT="32" WIDTH="153" ID="PAG_23_ST000120" WC="0.99" CONTENT="d'oeillets" STYLEREFS="TXT_14"/>
            <SP ID="PAG_23_SP000099" HPOS="2488" VPOS="4448" WIDTH="33"/>
            <String HPOS="2521" VPOS="4448" HEIGHT="33" WIDTH="90" ID="PAG_23_ST000121" WC="1" CONTENT="ronds" STYLEREFS="TXT_14"/>
            <SP ID="PAG_23_SP000100" HPOS="2611" VPOS="4448" WIDTH="33"/>
            <String HPOS="2644" VPOS="4448" HEIGHT="36" WIDTH="123" ID="PAG_23_ST000122" WC="1" CONTENT="brodés," STYLEREFS="TXT_14"/>
            <SP ID="PAG_23_SP000101" HPOS="2767" VPOS="4449" WIDTH="33"/>
            <String HPOS="2800" VPOS="4449" HEIGHT="37" WIDTH="53" ID="PAG_23_ST000123" WC="1" CONTENT="qui" STYLEREFS="TXT_14"/>
            <SP ID="PAG_23_SP000102" HPOS="2853" VPOS="4447" WIDTH="30"/>
            <String HPOS="2883" VPOS="4447" HEIGHT="34" WIDTH="61" ID="PAG_23_ST000124" WC="1" CONTENT="for-" SUBS_TYPE="HypPart1" SUBS_CONTENT="forment" STYLEREFS="TXT_14"/>
            <HYP HPOS="2944" VPOS="4481" WIDTH="30" CONTENT="-"/>
          </TextLine>
          <TextLine HPOS="2336" VPOS="4492" HEIGHT="41" WIDTH="609" ID="PAG_23_TL000023" STYLEREFS="TXT_14">
            <String HPOS="2336" VPOS="4497" HEIGHT="28" WIDTH="82" ID="PAG_23_ST000125" WC="1" CONTENT="ment" SUBS_TYPE="HypPart2" SUBS_CONTENT="forment" STYLEREFS="TXT_14"/>
            <SP ID="PAG_23_SP000103" HPOS="2418" VPOS="4504" WIDTH="20"/>
            <String HPOS="2438" VPOS="4504" HEIGHT="21" WIDTH="56" ID="PAG_23_ST000126" WC="1" CONTENT="une" STYLEREFS="TXT_14"/>
            <SP ID="PAG_23_SP000104" HPOS="2494" VPOS="4494" WIDTH="19"/>
            <String HPOS="2513" VPOS="4494" HEIGHT="31" WIDTH="79" ID="PAG_23_ST000127" WC="0.98" CONTENT="série" STYLEREFS="TXT_14"/>
            <SP ID="PAG_23_SP000105" HPOS="2592" VPOS="4493" WIDTH="20"/>
            <String HPOS="2612" VPOS="4493" HEIGHT="32" WIDTH="40" ID="PAG_23_ST000128" WC="1" CONTENT="de" STYLEREFS="TXT_14"/>
            <SP ID="PAG_23_SP000106" HPOS="2652" VPOS="4494" WIDTH="18"/>
            <String HPOS="2670" VPOS="4494" HEIGHT="39" WIDTH="97" ID="PAG_23_ST000129" WC="0.99" CONTENT="petits" STYLEREFS="TXT_14"/>
            <SP ID="PAG_23_SP000107" HPOS="2767" VPOS="4496" WIDTH="19"/>
            <String HPOS="2786" VPOS="4496" HEIGHT="29" WIDTH="91" ID="PAG_23_ST000130" WC="1" CONTENT="trous." STYLEREFS="TXT_14"/>
            <SP ID="PAG_23_SP000108" HPOS="2877" VPOS="4492" WIDTH="20"/>
            <String HPOS="2897" VPOS="4492" HEIGHT="33" WIDTH="48" ID="PAG_23_ST000131" WC="1" CONTENT="Ce" STYLEREFS="TXT_14"/>
          </TextLine>
          <TextLine HPOS="2334" VPOS="4537" HEIGHT="40" WIDTH="610" ID="PAG_23_TL000024" STYLEREFS="TXT_14">
            <String HPOS="2334" VPOS="4538" HEIGHT="38" WIDTH="90" ID="PAG_23_ST000132" WC="0.98" CONTENT="jabot" STYLEREFS="TXT_14"/>
            <SP ID="PAG_23_SP000109" HPOS="2424" VPOS="4538" WIDTH="19"/>
            <String HPOS="2443" VPOS="4538" HEIGHT="32" WIDTH="77" ID="PAG_23_ST000133" WC="0.99" CONTENT="n'est" STYLEREFS="TXT_14"/>
            <SP ID="PAG_23_SP000110" HPOS="2520" VPOS="4547" WIDTH="18"/>
            <String HPOS="2538" VPOS="4547" HEIGHT="30" WIDTH="57" ID="PAG_23_ST000134" WC="1" CONTENT="pas" STYLEREFS="TXT_14"/>
            <SP ID="PAG_23_SP000111" HPOS="2595" VPOS="4537" WIDTH="19"/>
            <String HPOS="2614" VPOS="4537" HEIGHT="32" WIDTH="61" ID="PAG_23_ST000135" WC="0.97" CONTENT="fixé" STYLEREFS="TXT_14"/>
            <SP ID="PAG_23_SP000112" HPOS="2675" VPOS="4549" WIDTH="21"/>
            <String HPOS="2696" VPOS="4549" HEIGHT="21" WIDTH="47" ID="PAG_23_ST000136" WC="1" CONTENT="sur" STYLEREFS="TXT_14"/>
            <SP ID="PAG_23_SP000113" HPOS="2743" VPOS="4537" WIDTH="21"/>
            <String HPOS="2764" VPOS="4537" HEIGHT="32" WIDTH="30" ID="PAG_23_ST000137" WC="1" CONTENT="la" STYLEREFS="TXT_14"/>
            <SP ID="PAG_23_SP000114" HPOS="2794" VPOS="4538" WIDTH="20"/>
            <String HPOS="2814" VPOS="4538" HEIGHT="31" WIDTH="84" ID="PAG_23_ST000138" WC="1" CONTENT="robe." STYLEREFS="TXT_14"/>
            <SP ID="PAG_23_SP000115" HPOS="2898" VPOS="4537" WIDTH="23"/>
            <String HPOS="2921" VPOS="4537" HEIGHT="32" WIDTH="23" ID="PAG_23_ST000139" WC="0.94" CONTENT="Il" STYLEREFS="TXT_14"/>
          </TextLine>
          <TextLine HPOS="2334" VPOS="4582" HEIGHT="40" WIDTH="610" ID="PAG_23_TL000025" STYLEREFS="TXT_14">
            <String HPOS="2334" VPOS="4583" HEIGHT="31" WIDTH="153" ID="PAG_23_ST000140" WC="1" CONTENT="s'attache" STYLEREFS="TXT_14"/>
            <SP ID="PAG_23_SP000116" HPOS="2487" VPOS="4582" WIDTH="31"/>
            <String HPOS="2518" VPOS="4582" HEIGHT="32" WIDTH="138" ID="PAG_23_ST000141" WC="0.99" CONTENT="derrière" STYLEREFS="TXT_14"/>
            <SP ID="PAG_23_SP000117" HPOS="2656" VPOS="4593" WIDTH="27"/>
            <String HPOS="2683" VPOS="4593" HEIGHT="29" WIDTH="58" ID="PAG_23_ST000142" WC="1" CONTENT="par" STYLEREFS="TXT_14"/>
            <SP ID="PAG_23_SP000118" HPOS="2741" VPOS="4593" WIDTH="30"/>
            <String HPOS="2771" VPOS="4593" HEIGHT="22" WIDTH="35" ID="PAG_23_ST000143" WC="1" CONTENT="un" STYLEREFS="TXT_14"/>
            <SP ID="PAG_23_SP000119" HPOS="2806" VPOS="4582" WIDTH="31"/>
            <String HPOS="2837" VPOS="4582" HEIGHT="33" WIDTH="107" ID="PAG_23_ST000144" WC="0.66" CONTENT="noeud." STYLEREFS="TXT_14"/>
          </TextLine>
        </TextBlock>
        <TextBlock HPOS="3089" VPOS="4220" HEIGHT="401" WIDTH="639" ID="PAG_23_TB000010" LANG="fr" STYLEREFS="TXT_14">
          <TextLine HPOS="3089" VPOS="4220" HEIGHT="42" WIDTH="609" ID="PAG_23_TL000026" STYLEREFS="TXT_14">
            <String HPOS="3089" VPOS="4222" HEIGHT="32" WIDTH="49" ID="PAG_23_ST000145" WC="1" CONTENT="38." STYLEREFS="TXT_14"/>
            <SP ID="PAG_23_SP000120" HPOS="3138" VPOS="4222" WIDTH="25"/>
            <String HPOS="3163" VPOS="4222" HEIGHT="32" WIDTH="72" ID="PAG_23_ST000146" WC="1" CONTENT="Rien" STYLEREFS="TXT_14"/>
            <SP ID="PAG_23_SP000121" HPOS="3235" VPOS="4221" WIDTH="23"/>
            <String HPOS="3258" VPOS="4221" HEIGHT="32" WIDTH="78" ID="PAG_23_ST000147" WC="0.93" CONTENT="n'est" STYLEREFS="TXT_14"/>
            <SP ID="PAG_23_SP000122" HPOS="3336" VPOS="4220" WIDTH="20"/>
            <String HPOS="3356" VPOS="4220" HEIGHT="42" WIDTH="69" ID="PAG_23_ST000148" WC="1" CONTENT="plus" STYLEREFS="TXT_14"/>
            <SP ID="PAG_23_SP000123" HPOS="3425" VPOS="4223" WIDTH="23"/>
            <String HPOS="3448" VPOS="4223" HEIGHT="36" WIDTH="108" ID="PAG_23_ST000149" WC="1" CONTENT="seyant" STYLEREFS="TXT_14"/>
            <SP ID="PAG_23_SP000124" HPOS="3556" VPOS="4221" WIDTH="22"/>
            <String HPOS="3578" VPOS="4221" HEIGHT="31" WIDTH="31" ID="PAG_23_ST000150" WC="1" CONTENT="ni" STYLEREFS="TXT_14"/>
            <SP ID="PAG_23_SP000125" HPOS="3609" VPOS="4220" WIDTH="21"/>
            <String HPOS="3630" VPOS="4220" HEIGHT="41" WIDTH="68" ID="PAG_23_ST000151" WC="1" CONTENT="plus" STYLEREFS="TXT_14"/>
          </TextLine>
          <TextLine HPOS="3089" VPOS="4265" HEIGHT="40" WIDTH="608" ID="PAG_23_TL000027" STYLEREFS="TXT_14">
            <String HPOS="3089" VPOS="4266" HEIGHT="33" WIDTH="81" ID="PAG_23_ST000152" WC="1" CONTENT="doux" STYLEREFS="TXT_14"/>
            <SP ID="PAG_23_SP000126" HPOS="3170" VPOS="4276" WIDTH="27"/>
            <String HPOS="3197" VPOS="4276" HEIGHT="22" WIDTH="39" ID="PAG_23_ST000153" WC="1" CONTENT="ou" STYLEREFS="TXT_14"/>
            <SP ID="PAG_23_SP000127" HPOS="3236" VPOS="4267" WIDTH="29"/>
            <String HPOS="3265" VPOS="4267" HEIGHT="37" WIDTH="106" ID="PAG_23_ST000154" WC="1" CONTENT="visage" STYLEREFS="TXT_14"/>
            <SP ID="PAG_23_SP000128" HPOS="3371" VPOS="4277" WIDTH="27"/>
            <String HPOS="3398" VPOS="4277" HEIGHT="28" WIDTH="60" ID="PAG_23_ST000155" WC="1" CONTENT="que" STYLEREFS="TXT_14"/>
            <SP ID="PAG_23_SP000129" HPOS="3458" VPOS="4266" WIDTH="30"/>
            <String HPOS="3488" VPOS="4266" HEIGHT="32" WIDTH="31" ID="PAG_23_ST000156" WC="1" CONTENT="la" STYLEREFS="TXT_14"/>
            <SP ID="PAG_23_SP000130" HPOS="3519" VPOS="4265" WIDTH="28"/>
            <String HPOS="3547" VPOS="4265" HEIGHT="33" WIDTH="150" ID="PAG_23_ST000157" WC="1" CONTENT="dentelle." STYLEREFS="TXT_14"/>
          </TextLine>
          <TextLine HPOS="3089" VPOS="4310" HEIGHT="39" WIDTH="611" ID="PAG_23_TL000028" STYLEREFS="TXT_14">
            <String HPOS="3089" VPOS="4311" HEIGHT="33" WIDTH="85" ID="PAG_23_ST000158" WC="1" CONTENT="Nous" STYLEREFS="TXT_14"/>
            <SP ID="PAG_23_SP000131" HPOS="3174" VPOS="4321" WIDTH="22"/>
            <String HPOS="3196" VPOS="4321" HEIGHT="28" WIDTH="17" ID="PAG_23_ST000159" WC="1" CONTENT="y" STYLEREFS="TXT_14"/>
            <SP ID="PAG_23_SP000132" HPOS="3213" VPOS="4321" WIDTH="22"/>
            <String HPOS="3235" VPOS="4321" HEIGHT="23" WIDTH="146" ID="PAG_23_ST000160" WC="1" CONTENT="revenons" STYLEREFS="TXT_14"/>
            <SP ID="PAG_23_SP000133" HPOS="3381" VPOS="4321" WIDTH="23"/>
            <String HPOS="3404" VPOS="4321" HEIGHT="22" WIDTH="67" ID="PAG_23_ST000161" WC="1" CONTENT="sans" STYLEREFS="TXT_14"/>
            <SP ID="PAG_23_SP000134" HPOS="3471" VPOS="4322" WIDTH="23"/>
            <String HPOS="3494" VPOS="4322" HEIGHT="21" WIDTH="95" ID="PAG_23_ST000162" WC="0.96" CONTENT="cesse." STYLEREFS="TXT_14"/>
            <SP ID="PAG_23_SP000135" HPOS="3589" VPOS="4310" WIDTH="26"/>
            <String HPOS="3615" VPOS="4310" HEIGHT="33" WIDTH="85" ID="PAG_23_ST000163" WC="1" CONTENT="Voici" STYLEREFS="TXT_14"/>
          </TextLine>
          <TextLine HPOS="3090" VPOS="4355" HEIGHT="41" WIDTH="638" ID="PAG_23_TL000029" STYLEREFS="TXT_14">
            <String HPOS="3090" VPOS="4357" HEIGHT="32" WIDTH="78" ID="PAG_23_ST000164" WC="1" CONTENT="deux" STYLEREFS="TXT_14"/>
            <SP ID="PAG_23_SP000136" HPOS="3168" VPOS="4356" WIDTH="25"/>
            <String HPOS="3193" VPOS="4356" HEIGHT="40" WIDTH="96" ID="PAG_23_ST000165" WC="1" CONTENT="petits" STYLEREFS="TXT_14"/>
            <SP ID="PAG_23_SP000137" HPOS="3289" VPOS="4366" WIDTH="27"/>
            <String HPOS="3316" VPOS="4366" HEIGHT="23" WIDTH="100" ID="PAG_23_ST000166" WC="0.99" CONTENT="revers" STYLEREFS="TXT_14"/>
            <SP ID="PAG_23_SP000138" HPOS="3416" VPOS="4355" WIDTH="25"/>
            <String HPOS="3441" VPOS="4355" HEIGHT="40" WIDTH="133" ID="PAG_23_ST000167" WC="0.99" CONTENT="pointus," STYLEREFS="TXT_14"/>
            <SP ID="PAG_23_SP000139" HPOS="3574" VPOS="4355" WIDTH="29"/>
            <String HPOS="3603" VPOS="4355" HEIGHT="33" WIDTH="95" ID="PAG_23_ST000168" WC="0.75" CONTENT="entiè-" SUBS_TYPE="HypPart1" SUBS_CONTENT="entièrement" STYLEREFS="TXT_14"/>
            <HYP HPOS="3698" VPOS="4388" WIDTH="30" CONTENT="-"/>
          </TextLine>
          <TextLine HPOS="3089" VPOS="4400" HEIGHT="36" WIDTH="638" ID="PAG_23_TL000030" STYLEREFS="TXT_14">
            <String HPOS="3089" VPOS="4404" HEIGHT="30" WIDTH="117" ID="PAG_23_ST000169" WC="1" CONTENT="rement" SUBS_TYPE="HypPart2" SUBS_CONTENT="entièrement" STYLEREFS="TXT_14"/>
            <SP ID="PAG_23_SP000140" HPOS="3206" VPOS="4403" WIDTH="34"/>
            <String HPOS="3240" VPOS="4403" HEIGHT="30" WIDTH="174" ID="PAG_23_ST000170" WC="1" CONTENT="recouverts" STYLEREFS="TXT_14"/>
            <SP ID="PAG_23_SP000141" HPOS="3414" VPOS="4401" WIDTH="35"/>
            <String HPOS="3449" VPOS="4401" HEIGHT="35" WIDTH="40" ID="PAG_23_ST000171" WC="1" CONTENT="de" STYLEREFS="TXT_14"/>
            <SP ID="PAG_23_SP000142" HPOS="3489" VPOS="4400" WIDTH="36"/>
            <String HPOS="3525" VPOS="4400" HEIGHT="33" WIDTH="172" ID="PAG_23_ST000172" WC="1" CONTENT="valencien-" SUBS_TYPE="HypPart1" SUBS_CONTENT="valencien-nes" STYLEREFS="TXT_14"/>
            <HYP HPOS="3697" VPOS="4433" WIDTH="30" CONTENT="-"/>
          </TextLine>
          <TextLine HPOS="3091" VPOS="4444" HEIGHT="41" WIDTH="609" ID="PAG_23_TL000031" STYLEREFS="TXT_14">
            <String HPOS="3091" VPOS="4457" HEIGHT="21" WIDTH="52" ID="PAG_23_ST000173" WC="1" CONTENT="nes" SUBS_TYPE="HypPart2" SUBS_CONTENT="valencien-nes" STYLEREFS="TXT_14"/>
            <SP ID="PAG_23_SP000143" HPOS="3143" VPOS="4444" WIDTH="23"/>
            <String HPOS="3166" VPOS="4444" HEIGHT="34" WIDTH="137" ID="PAG_23_ST000174" WC="1" CONTENT="froncée." STYLEREFS="TXT_14"/>
            <SP ID="PAG_23_SP000144" HPOS="3303" VPOS="4445" WIDTH="25"/>
            <String HPOS="3328" VPOS="4445" HEIGHT="32" WIDTH="75" ID="PAG_23_ST000175" WC="1" CONTENT="Pour" STYLEREFS="TXT_14"/>
            <SP ID="PAG_23_SP000145" HPOS="3403" VPOS="4445" WIDTH="24"/>
            <String HPOS="3427" VPOS="4445" HEIGHT="32" WIDTH="117" ID="PAG_23_ST000176" WC="1" CONTENT="donner" STYLEREFS="TXT_14"/>
            <SP ID="PAG_23_SP000146" HPOS="3544" VPOS="4445" WIDTH="22"/>
            <String HPOS="3566" VPOS="4445" HEIGHT="40" WIDTH="68" ID="PAG_23_ST000177" WC="1" CONTENT="plus" STYLEREFS="TXT_14"/>
            <SP ID="PAG_23_SP000147" HPOS="3634" VPOS="4445" WIDTH="25"/>
            <String HPOS="3659" VPOS="4445" HEIGHT="32" WIDTH="41" ID="PAG_23_ST000178" WC="1" CONTENT="de" STYLEREFS="TXT_14"/>
          </TextLine>
          <TextLine HPOS="3091" VPOS="4490" HEIGHT="41" WIDTH="609" ID="PAG_23_TL000032" STYLEREFS="TXT_14">
            <String HPOS="3091" VPOS="4490" HEIGHT="41" WIDTH="158" ID="PAG_23_ST000179" WC="1" CONTENT="souplesse" STYLEREFS="TXT_14"/>
            <SP ID="PAG_23_SP000148" HPOS="3249" VPOS="4491" WIDTH="23"/>
            <String HPOS="3272" VPOS="4491" HEIGHT="31" WIDTH="19" ID="PAG_23_ST000180" WC="1" CONTENT="à" STYLEREFS="TXT_14"/>
            <SP ID="PAG_23_SP000149" HPOS="3291" VPOS="4491" WIDTH="26"/>
            <String HPOS="3317" VPOS="4491" HEIGHT="31" WIDTH="31" ID="PAG_23_ST000181" WC="1" CONTENT="la" STYLEREFS="TXT_14"/>
            <SP ID="PAG_23_SP000150" HPOS="3348" VPOS="4491" WIDTH="24"/>
            <String HPOS="3372" VPOS="4491" HEIGHT="38" WIDTH="164" ID="PAG_23_ST000182" WC="1" CONTENT="garniture," STYLEREFS="TXT_14"/>
            <SP ID="PAG_23_SP000151" HPOS="3536" VPOS="4500" WIDTH="25"/>
            <String HPOS="3561" VPOS="4500" HEIGHT="22" WIDTH="38" ID="PAG_23_ST000183" WC="1" CONTENT="on" STYLEREFS="TXT_14"/>
            <SP ID="PAG_23_SP000152" HPOS="3599" VPOS="4491" WIDTH="24"/>
            <String HPOS="3623" VPOS="4491" HEIGHT="40" WIDTH="77" ID="PAG_23_ST000184" WC="0.99" CONTENT="peut" STYLEREFS="TXT_14"/>
          </TextLine>
          <TextLine HPOS="3091" VPOS="4534" HEIGHT="39" WIDTH="609" ID="PAG_23_TL000033" STYLEREFS="TXT_14">
            <String HPOS="3091" VPOS="4536" HEIGHT="32" WIDTH="114" ID="PAG_23_ST000185" WC="1" CONTENT="coudre" STYLEREFS="TXT_14"/>
            <SP ID="PAG_23_SP000153" HPOS="3205" VPOS="4535" WIDTH="15"/>
            <String HPOS="3220" VPOS="4535" HEIGHT="32" WIDTH="31" ID="PAG_23_ST000186" WC="1" CONTENT="la" STYLEREFS="TXT_14"/>
            <SP ID="PAG_23_SP000154" HPOS="3251" VPOS="4535" WIDTH="12"/>
            <String HPOS="3263" VPOS="4535" HEIGHT="32" WIDTH="140" ID="PAG_23_ST000187" WC="0.99" CONTENT="dentelle" STYLEREFS="TXT_14"/>
            <SP ID="PAG_23_SP000155" HPOS="3403" VPOS="4545" WIDTH="23"/>
            <String HPOS="3426" VPOS="4545" HEIGHT="22" WIDTH="47" ID="PAG_23_ST000188" WC="1" CONTENT="sur" STYLEREFS="TXT_14"/>
            <SP ID="PAG_23_SP000156" HPOS="3473" VPOS="4535" WIDTH="13"/>
            <String HPOS="3486" VPOS="4535" HEIGHT="32" WIDTH="40" ID="PAG_23_ST000189" WC="1" CONTENT="du" STYLEREFS="TXT_14"/>
            <SP ID="PAG_23_SP000157" HPOS="3526" VPOS="4534" WIDTH="14"/>
            <String HPOS="3540" VPOS="4534" HEIGHT="33" WIDTH="76" ID="PAG_23_ST000190" WC="1" CONTENT="tulle" STYLEREFS="TXT_14"/>
            <SP ID="PAG_23_SP000158" HPOS="3616" VPOS="4546" WIDTH="24"/>
            <String HPOS="3640" VPOS="4546" HEIGHT="27" WIDTH="60" ID="PAG_23_ST000191" WC="1" CONTENT="que" STYLEREFS="TXT_14"/>
          </TextLine>
          <TextLine HPOS="3092" VPOS="4580" HEIGHT="41" WIDTH="608" ID="PAG_23_TL000034" STYLEREFS="TXT_14">
            <String HPOS="3092" VPOS="4580" HEIGHT="33" WIDTH="59" ID="PAG_23_ST000192" WC="0.97" CONTENT="l'on" STYLEREFS="TXT_14"/>
            <SP ID="PAG_23_SP000159" HPOS="3151" VPOS="4590" WIDTH="31"/>
            <String HPOS="3182" VPOS="4590" HEIGHT="31" WIDTH="116" ID="PAG_23_ST000193" WC="1" CONTENT="posera" STYLEREFS="TXT_14"/>
            <SP ID="PAG_23_SP000160" HPOS="3298" VPOS="4581" WIDTH="29"/>
            <String HPOS="3327" VPOS="4581" HEIGHT="32" WIDTH="117" ID="PAG_23_ST000194" WC="0.99" CONTENT="ensuite" STYLEREFS="TXT_14"/>
            <SP ID="PAG_23_SP000161" HPOS="3444" VPOS="4590" WIDTH="30"/>
            <String HPOS="3474" VPOS="4590" HEIGHT="22" WIDTH="48" ID="PAG_23_ST000195" WC="1" CONTENT="sur" STYLEREFS="TXT_14"/>
            <SP ID="PAG_23_SP000162" HPOS="3522" VPOS="4580" WIDTH="31"/>
            <String HPOS="3553" VPOS="4580" HEIGHT="32" WIDTH="32" ID="PAG_23_ST000196" WC="0.96" CONTENT="la" STYLEREFS="TXT_14"/>
            <SP ID="PAG_23_SP000163" HPOS="3585" VPOS="4580" WIDTH="29"/>
            <String HPOS="3614" VPOS="4580" HEIGHT="33" WIDTH="86" ID="PAG_23_ST000197" WC="1" CONTENT="robe." STYLEREFS="TXT_14"/>
          </TextLine>
        </TextBlock>
        <TextBlock HPOS="3831" VPOS="4218" HEIGHT="393" WIDTH="753" ID="PAG_23_TB000011" LANG="fr" STYLEREFS="TXT_14">
          <TextLine HPOS="3946" VPOS="4218" HEIGHT="40" WIDTH="608" ID="PAG_23_TL000035" STYLEREFS="TXT_14">
            <String HPOS="3946" VPOS="4222" HEIGHT="31" WIDTH="49" ID="PAG_23_ST000198" WC="1" CONTENT="39." STYLEREFS="TXT_14"/>
            <SP ID="PAG_23_SP000164" HPOS="3995" VPOS="4220" WIDTH="28"/>
            <String HPOS="4023" VPOS="4220" HEIGHT="36" WIDTH="93" ID="PAG_23_ST000199" WC="1" CONTENT="Voici," STYLEREFS="TXT_14"/>
            <SP ID="PAG_23_SP000165" HPOS="4116" VPOS="4219" WIDTH="23"/>
            <String HPOS="4139" VPOS="4219" HEIGHT="33" WIDTH="27" ID="PAG_23_ST000200" WC="0.73" CONTENT="si" STYLEREFS="TXT_14"/>
            <SP ID="PAG_23_SP000166" HPOS="4166" VPOS="4229" WIDTH="22"/>
            <String HPOS="4188" VPOS="4229" HEIGHT="23" WIDTH="71" ID="PAG_23_ST000201" WC="0.97" CONTENT="vous" STYLEREFS="TXT_14"/>
            <SP ID="PAG_23_SP000167" HPOS="4259" VPOS="4218" WIDTH="25"/>
            <String HPOS="4284" VPOS="4218" HEIGHT="33" WIDTH="66" ID="PAG_23_ST000202" WC="0.79" CONTENT="ites" STYLEREFS="TXT_14"/>
            <SP ID="PAG_23_SP000168" HPOS="4350" VPOS="4218" WIDTH="22"/>
            <String HPOS="4372" VPOS="4218" HEIGHT="40" WIDTH="126" ID="PAG_23_ST000203" WC="1" CONTENT="pressée" STYLEREFS="TXT_14"/>
            <SP ID="PAG_23_SP000169" HPOS="4498" VPOS="4221" WIDTH="24"/>
            <String HPOS="4522" VPOS="4221" HEIGHT="29" WIDTH="32" ID="PAG_23_ST000204" WC="0.99" CONTENT="et" STYLEREFS="TXT_14"/>
          </TextLine>
          <TextLine HPOS="3945" VPOS="4263" HEIGHT="40" WIDTH="607" ID="PAG_23_TL000036" STYLEREFS="TXT_14">
            <String HPOS="3945" VPOS="4267" HEIGHT="32" WIDTH="27" ID="PAG_23_ST000205" WC="1" CONTENT="si" STYLEREFS="TXT_14"/>
            <SP ID="PAG_23_SP000170" HPOS="3972" VPOS="4275" WIDTH="24"/>
            <String HPOS="3996" VPOS="4275" HEIGHT="23" WIDTH="72" ID="PAG_23_ST000206" WC="0.97" CONTENT="vous" STYLEREFS="TXT_14"/>
            <SP ID="PAG_23_SP000171" HPOS="4068" VPOS="4263" WIDTH="27"/>
            <String HPOS="4095" VPOS="4263" HEIGHT="34" WIDTH="105" ID="PAG_23_ST000207" WC="1" CONTENT="voulez" STYLEREFS="TXT_14"/>
            <SP ID="PAG_23_SP000172" HPOS="4200" VPOS="4264" WIDTH="27"/>
            <String HPOS="4227" VPOS="4264" HEIGHT="39" WIDTH="132" ID="PAG_23_ST000208" WC="0.99" CONTENT="rajeunir" STYLEREFS="TXT_14"/>
            <SP ID="PAG_23_SP000173" HPOS="4359" VPOS="4274" WIDTH="27"/>
            <String HPOS="4386" VPOS="4274" HEIGHT="21" WIDTH="55" ID="PAG_23_ST000209" WC="1" CONTENT="une" STYLEREFS="TXT_14"/>
            <SP ID="PAG_23_SP000174" HPOS="4441" VPOS="4263" WIDTH="25"/>
            <String HPOS="4466" VPOS="4263" HEIGHT="36" WIDTH="86" ID="PAG_23_ST000210" WC="1" CONTENT="robe," STYLEREFS="TXT_14"/>
          </TextLine>
          <TextLine HPOS="3831" VPOS="4308" HEIGHT="41" WIDTH="722" ID="PAG_23_TL000037" STYLEREFS="TXT_14">
            <String HPOS="3831" VPOS="4319" HEIGHT="20" WIDTH="5" ID="PAG_23_ST000211" WC="0.94" CONTENT="&gt;" STYLEREFS="TXT_14"/>
            <SP ID="PAG_23_SP000175" HPOS="3836" VPOS="4322" WIDTH="111"/>
            <String HPOS="3947" VPOS="4322" HEIGHT="21" WIDTH="56" ID="PAG_23_ST000212" WC="1" CONTENT="une" STYLEREFS="TXT_14"/>
            <SP ID="PAG_23_SP000176" HPOS="4003" VPOS="4310" WIDTH="28"/>
            <String HPOS="4031" VPOS="4310" HEIGHT="33" WIDTH="143" ID="PAG_23_ST000213" WC="1" CONTENT="encolure" STYLEREFS="TXT_14"/>
            <SP ID="PAG_23_SP000177" HPOS="4174" VPOS="4309" WIDTH="28"/>
            <String HPOS="4202" VPOS="4309" HEIGHT="32" WIDTH="54" ID="PAG_23_ST000214" WC="1" CONTENT="des" STYLEREFS="TXT_14"/>
            <SP ID="PAG_23_SP000178" HPOS="4256" VPOS="4308" WIDTH="26"/>
            <String HPOS="4282" VPOS="4308" HEIGHT="41" WIDTH="68" ID="PAG_23_ST000215" WC="1" CONTENT="plus" STYLEREFS="TXT_14"/>
            <SP ID="PAG_23_SP000179" HPOS="4350" VPOS="4308" WIDTH="27"/>
            <String HPOS="4377" VPOS="4308" HEIGHT="38" WIDTH="90" ID="PAG_23_ST000216" WC="0.99" CONTENT="jolies" STYLEREFS="TXT_14"/>
            <SP ID="PAG_23_SP000180" HPOS="4467" VPOS="4319" WIDTH="27"/>
            <String HPOS="4494" VPOS="4319" HEIGHT="27" WIDTH="59" ID="PAG_23_ST000217" WC="1" CONTENT="que" STYLEREFS="TXT_14"/>
          </TextLine>
          <TextLine HPOS="3947" VPOS="4351" HEIGHT="37" WIDTH="606" ID="PAG_23_TL000038" STYLEREFS="TXT_14">
            <String HPOS="3947" VPOS="4366" HEIGHT="22" WIDTH="71" ID="PAG_23_ST000218" WC="1" CONTENT="vous" STYLEREFS="TXT_14"/>
            <SP ID="PAG_23_SP000181" HPOS="4018" VPOS="4354" WIDTH="28"/>
            <String HPOS="4046" VPOS="4354" HEIGHT="33" WIDTH="82" ID="PAG_23_ST000219" WC="0.98" CONTENT="ferez" STYLEREFS="TXT_14"/>
            <SP ID="PAG_23_SP000182" HPOS="4128" VPOS="4365" WIDTH="29"/>
            <String HPOS="4157" VPOS="4365" HEIGHT="21" WIDTH="35" ID="PAG_23_ST000220" WC="1" CONTENT="en" STYLEREFS="TXT_14"/>
            <SP ID="PAG_23_SP000183" HPOS="4192" VPOS="4354" WIDTH="29"/>
            <String HPOS="4221" VPOS="4354" HEIGHT="31" WIDTH="73" ID="PAG_23_ST000221" WC="0.99" CONTENT="trois" STYLEREFS="TXT_14"/>
            <SP ID="PAG_23_SP000184" HPOS="4294" VPOS="4354" WIDTH="29"/>
            <String HPOS="4323" VPOS="4354" HEIGHT="31" WIDTH="136" ID="PAG_23_ST000222" WC="1" CONTENT="minutes." STYLEREFS="TXT_14"/>
            <SP ID="PAG_23_SP000185" HPOS="4459" VPOS="4351" WIDTH="29"/>
            <String HPOS="4488" VPOS="4351" HEIGHT="34" WIDTH="65" ID="PAG_23_ST000223" WC="1" CONTENT="Elle" STYLEREFS="TXT_14"/>
          </TextLine>
          <TextLine HPOS="3947" VPOS="4397" HEIGHT="36" WIDTH="606" ID="PAG_23_TL000039" STYLEREFS="TXT_14">
            <String HPOS="3947" VPOS="4403" HEIGHT="30" WIDTH="47" ID="PAG_23_ST000224" WC="1" CONTENT="est" STYLEREFS="TXT_14"/>
            <SP ID="PAG_23_SP000186" HPOS="3994" VPOS="4399" WIDTH="21"/>
            <String HPOS="4015" VPOS="4399" HEIGHT="33" WIDTH="80" ID="PAG_23_ST000225" WC="0.99" CONTENT="faite" STYLEREFS="TXT_14"/>
            <SP ID="PAG_23_SP000187" HPOS="4095" VPOS="4410" WIDTH="23"/>
            <String HPOS="4118" VPOS="4410" HEIGHT="22" WIDTH="35" ID="PAG_23_ST000226" WC="1" CONTENT="en" STYLEREFS="TXT_14"/>
            <SP ID="PAG_23_SP000188" HPOS="4153" VPOS="4398" WIDTH="24"/>
            <String HPOS="4177" VPOS="4398" HEIGHT="33" WIDTH="94" ID="PAG_23_ST000227" WC="1" CONTENT="ruban" STYLEREFS="TXT_14"/>
            <SP ID="PAG_23_SP000189" HPOS="4271" VPOS="4397" WIDTH="24"/>
            <String HPOS="4295" VPOS="4397" HEIGHT="33" WIDTH="39" ID="PAG_23_ST000228" WC="1" CONTENT="de" STYLEREFS="TXT_14"/>
            <SP ID="PAG_23_SP000190" HPOS="4334" VPOS="4398" WIDTH="24"/>
            <String HPOS="4358" VPOS="4398" HEIGHT="31" WIDTH="95" ID="PAG_23_ST000229" WC="1" CONTENT="moire" STYLEREFS="TXT_14"/>
            <SP ID="PAG_23_SP000191" HPOS="4453" VPOS="4407" WIDTH="23"/>
            <String HPOS="4476" VPOS="4407" HEIGHT="25" WIDTH="77" ID="PAG_23_ST000230" WC="1" CONTENT="rose," STYLEREFS="TXT_14"/>
          </TextLine>
          <TextLine HPOS="3945" VPOS="4442" HEIGHT="42" WIDTH="639" ID="PAG_23_TL000040" STYLEREFS="TXT_14">
            <String HPOS="3945" VPOS="4444" HEIGHT="40" WIDTH="126" ID="PAG_23_ST000231" WC="1" CONTENT="disposé" STYLEREFS="TXT_14"/>
            <SP ID="PAG_23_SP000192" HPOS="4071" VPOS="4455" WIDTH="25"/>
            <String HPOS="4096" VPOS="4455" HEIGHT="21" WIDTH="36" ID="PAG_23_ST000232" WC="1" CONTENT="en" STYLEREFS="TXT_14"/>
            <SP ID="PAG_23_SP000193" HPOS="4132" VPOS="4454" WIDTH="24"/>
            <String HPOS="4156" VPOS="4454" HEIGHT="27" WIDTH="114" ID="PAG_23_ST000233" WC="1" CONTENT="coques" STYLEREFS="TXT_14"/>
            <SP ID="PAG_23_SP000194" HPOS="4270" VPOS="4442" WIDTH="24"/>
            <String HPOS="4294" VPOS="4442" HEIGHT="38" WIDTH="173" ID="PAG_23_ST000234" WC="0.98" CONTENT="d'inégales" STYLEREFS="TXT_14"/>
            <SP ID="PAG_23_SP000195" HPOS="4467" VPOS="4442" WIDTH="25"/>
            <String HPOS="4492" VPOS="4442" HEIGHT="31" WIDTH="62" ID="PAG_23_ST000235" WC="1" CONTENT="lon-" SUBS_TYPE="HypPart1" SUBS_CONTENT="longueurs" STYLEREFS="TXT_14"/>
            <HYP HPOS="4554" VPOS="4473" WIDTH="30" CONTENT="-"/>
          </TextLine>
          <TextLine HPOS="3946" VPOS="4485" HEIGHT="43" WIDTH="608" ID="PAG_23_TL000041" STYLEREFS="TXT_14">
            <String HPOS="3946" VPOS="4500" HEIGHT="28" WIDTH="108" ID="PAG_23_ST000236" WC="1" CONTENT="gueurs" SUBS_TYPE="HypPart2" SUBS_CONTENT="longueurs" STYLEREFS="TXT_14"/>
            <SP ID="PAG_23_SP000196" HPOS="4054" VPOS="4491" WIDTH="24"/>
            <String HPOS="4078" VPOS="4491" HEIGHT="30" WIDTH="32" ID="PAG_23_ST000237" WC="1" CONTENT="et" STYLEREFS="TXT_14"/>
            <SP ID="PAG_23_SP000197" HPOS="4110" VPOS="4488" WIDTH="23"/>
            <String HPOS="4133" VPOS="4488" HEIGHT="32" WIDTH="78" ID="PAG_23_ST000238" WC="0.99" CONTENT="noué" STYLEREFS="TXT_14"/>
            <SP ID="PAG_23_SP000198" HPOS="4211" VPOS="4491" WIDTH="24"/>
            <String HPOS="4235" VPOS="4491" HEIGHT="29" WIDTH="108" ID="PAG_23_ST000239" WC="1" CONTENT="autour" STYLEREFS="TXT_14"/>
            <SP ID="PAG_23_SP000199" HPOS="4343" VPOS="4487" WIDTH="23"/>
            <String HPOS="4366" VPOS="4487" HEIGHT="31" WIDTH="40" ID="PAG_23_ST000240" WC="1" CONTENT="du" STYLEREFS="TXT_14"/>
            <SP ID="PAG_23_SP000200" HPOS="4406" VPOS="4497" WIDTH="23"/>
            <String HPOS="4429" VPOS="4497" HEIGHT="22" WIDTH="67" ID="PAG_23_ST000241" WC="1" CONTENT="cou." STYLEREFS="TXT_14"/>
            <SP ID="PAG_23_SP000201" HPOS="4496" VPOS="4485" WIDTH="23"/>
            <String HPOS="4519" VPOS="4485" HEIGHT="33" WIDTH="35" ID="PAG_23_ST000242" WC="1" CONTENT="Et" STYLEREFS="TXT_14"/>
          </TextLine>
          <TextLine HPOS="3947" VPOS="4533" HEIGHT="39" WIDTH="608" ID="PAG_23_TL000042" STYLEREFS="TXT_14">
            <String HPOS="3947" VPOS="4544" HEIGHT="22" WIDTH="71" ID="PAG_23_ST000243" WC="1" CONTENT="vous" STYLEREFS="TXT_14"/>
            <SP ID="PAG_23_SP000202" HPOS="4018" VPOS="4544" WIDTH="37"/>
            <String HPOS="4055" VPOS="4544" HEIGHT="22" WIDTH="70" ID="PAG_23_ST000244" WC="1" CONTENT="vous" STYLEREFS="TXT_14"/>
            <SP ID="PAG_23_SP000203" HPOS="4125" VPOS="4534" WIDTH="37"/>
            <String HPOS="4162" VPOS="4534" HEIGHT="31" WIDTH="128" ID="PAG_23_ST000245" WC="0.99" CONTENT="sentirez" STYLEREFS="TXT_14"/>
            <SP ID="PAG_23_SP000204" HPOS="4290" VPOS="4533" WIDTH="34"/>
            <String HPOS="4324" VPOS="4533" HEIGHT="39" WIDTH="162" ID="PAG_23_ST000246" WC="0.96" CONTENT="pimpànte" STYLEREFS="TXT_14"/>
            <SP ID="PAG_23_SP000205" HPOS="4486" VPOS="4534" WIDTH="37"/>
            <String HPOS="4523" VPOS="4534" HEIGHT="28" WIDTH="32" ID="PAG_23_ST000247" WC="1" CONTENT="et" STYLEREFS="TXT_14"/>
          </TextLine>
          <TextLine HPOS="3946" VPOS="4576" HEIGHT="35" WIDTH="606" ID="PAG_23_TL000043" STYLEREFS="TXT_14">
            <String HPOS="3946" VPOS="4578" HEIGHT="33" WIDTH="120" ID="PAG_23_ST000248" WC="0.99" CONTENT="fraîche" STYLEREFS="TXT_14"/>
            <SP ID="PAG_23_SP000206" HPOS="4066" VPOS="4589" WIDTH="33"/>
            <String HPOS="4099" VPOS="4589" HEIGHT="21" WIDTH="76" ID="PAG_23_ST000249" WC="1" CONTENT="avec" STYLEREFS="TXT_14"/>
            <SP ID="PAG_23_SP000207" HPOS="4175" VPOS="4589" WIDTH="34"/>
            <String HPOS="4209" VPOS="4589" HEIGHT="21" WIDTH="37" ID="PAG_23_ST000250" WC="1" CONTENT="ce" STYLEREFS="TXT_14"/>
            <SP ID="PAG_23_SP000208" HPOS="4246" VPOS="4577" WIDTH="34"/>
            <String HPOS="4280" VPOS="4577" HEIGHT="32" WIDTH="61" ID="PAG_23_ST000251" WC="1" CONTENT="flot" STYLEREFS="TXT_14"/>
            <SP ID="PAG_23_SP000209" HPOS="4341" VPOS="4577" WIDTH="33"/>
            <String HPOS="4374" VPOS="4577" HEIGHT="32" WIDTH="41" ID="PAG_23_ST000252" WC="1" CONTENT="de" STYLEREFS="TXT_14"/>
            <SP ID="PAG_23_SP000210" HPOS="4415" VPOS="4576" WIDTH="34"/>
            <String HPOS="4449" VPOS="4576" HEIGHT="32" WIDTH="103" ID="PAG_23_ST000253" WC="1" CONTENT="ruban." STYLEREFS="TXT_14"/>
          </TextLine>
        </TextBlock>
        <TextBlock HPOS="4705" VPOS="4213" HEIGHT="398" WIDTH="637" ID="PAG_23_TB000012" LANG="fr" STYLEREFS="TXT_14">
          <TextLine HPOS="4705" VPOS="4213" HEIGHT="40" WIDTH="607" ID="PAG_23_TL000044" STYLEREFS="TXT_14">
            <String HPOS="4705" VPOS="4218" HEIGHT="31" WIDTH="50" ID="PAG_23_ST000254" WC="0.86" CONTENT="40." STYLEREFS="TXT_14"/>
            <SP ID="PAG_23_SP000211" HPOS="4755" VPOS="4215" WIDTH="31"/>
            <String HPOS="4786" VPOS="4215" HEIGHT="33" WIDTH="86" ID="PAG_23_ST000255" WC="1" CONTENT="Voilà" STYLEREFS="TXT_14"/>
            <SP ID="PAG_23_SP000212" HPOS="4872" VPOS="4215" WIDTH="26"/>
            <String HPOS="4898" VPOS="4215" HEIGHT="38" WIDTH="53" ID="PAG_23_ST000256" WC="1" CONTENT="qui" STYLEREFS="TXT_14"/>
            <SP ID="PAG_23_SP000213" HPOS="4951" VPOS="4218" WIDTH="25"/>
            <String HPOS="4976" VPOS="4218" HEIGHT="29" WIDTH="46" ID="PAG_23_ST000257" WC="1" CONTENT="est" STYLEREFS="TXT_14"/>
            <SP ID="PAG_23_SP000214" HPOS="5022" VPOS="4215" WIDTH="26"/>
            <String HPOS="5048" VPOS="4215" HEIGHT="31" WIDTH="70" ID="PAG_23_ST000258" WC="1" CONTENT="bien" STYLEREFS="TXT_14"/>
            <SP ID="PAG_23_SP000215" HPOS="5118" VPOS="4213" WIDTH="28"/>
            <String HPOS="5146" VPOS="4213" HEIGHT="38" WIDTH="64" ID="PAG_23_ST000259" WC="0.86" CONTENT="joli," STYLEREFS="TXT_14"/>
            <SP ID="PAG_23_SP000216" HPOS="5210" VPOS="4214" WIDTH="29"/>
            <String HPOS="5239" VPOS="4214" HEIGHT="31" WIDTH="73" ID="PAG_23_ST000260" WC="1" CONTENT="mais" STYLEREFS="TXT_14"/>
          </TextLine>
          <TextLine HPOS="4706" VPOS="4257" HEIGHT="43" WIDTH="606" ID="PAG_23_TL000045" STYLEREFS="TXT_14">
            <String HPOS="4706" VPOS="4262" HEIGHT="37" WIDTH="54" ID="PAG_23_ST000261" WC="1" CONTENT="qui" STYLEREFS="TXT_14"/>
            <SP ID="PAG_23_SP000217" HPOS="4760" VPOS="4264" WIDTH="23"/>
            <String HPOS="4783" VPOS="4264" HEIGHT="29" WIDTH="45" ID="PAG_23_ST000262" WC="1" CONTENT="est" STYLEREFS="TXT_14"/>
            <SP ID="PAG_23_SP000218" HPOS="4828" VPOS="4260" WIDTH="25"/>
            <String HPOS="4853" VPOS="4260" HEIGHT="40" WIDTH="109" ID="PAG_23_ST000263" WC="1" CONTENT="simple" STYLEREFS="TXT_14"/>
            <SP ID="PAG_23_SP000219" HPOS="4962" VPOS="4260" WIDTH="24"/>
            <String HPOS="4986" VPOS="4260" HEIGHT="31" WIDTH="19" ID="PAG_23_ST000264" WC="1" CONTENT="à" STYLEREFS="TXT_14"/>
            <SP ID="PAG_23_SP000220" HPOS="5005" VPOS="4258" WIDTH="24"/>
            <String HPOS="5029" VPOS="4258" HEIGHT="33" WIDTH="89" ID="PAG_23_ST000265" WC="1" CONTENT="faire." STYLEREFS="TXT_14"/>
            <SP ID="PAG_23_SP000221" HPOS="5118" VPOS="4257" WIDTH="27"/>
            <String HPOS="5145" VPOS="4257" HEIGHT="33" WIDTH="86" ID="PAG_23_ST000266" WC="1" CONTENT="C'est" STYLEREFS="TXT_14"/>
            <SP ID="PAG_23_SP000222" HPOS="5231" VPOS="4269" WIDTH="26"/>
            <String HPOS="5257" VPOS="4269" HEIGHT="20" WIDTH="55" ID="PAG_23_ST000267" WC="1" CONTENT="une" STYLEREFS="TXT_14"/>
          </TextLine>
          <TextLine HPOS="4707" VPOS="4302" HEIGHT="42" WIDTH="605" ID="PAG_23_TL000046" STYLEREFS="TXT_14">
            <String HPOS="4707" VPOS="4305" HEIGHT="33" WIDTH="104" ID="PAG_23_ST000268" WC="1" CONTENT="bande" STYLEREFS="TXT_14"/>
            <SP ID="PAG_23_SP000223" HPOS="4811" VPOS="4304" WIDTH="24"/>
            <String HPOS="4835" VPOS="4304" HEIGHT="39" WIDTH="166" ID="PAG_23_ST000269" WC="1" CONTENT="d'organdi" STYLEREFS="TXT_14"/>
            <SP ID="PAG_23_SP000224" HPOS="5001" VPOS="4304" WIDTH="19"/>
            <String HPOS="5020" VPOS="4304" HEIGHT="40" WIDTH="124" ID="PAG_23_ST000270" WC="1" CONTENT="plissée." STYLEREFS="TXT_14"/>
            <SP ID="PAG_23_SP000225" HPOS="5144" VPOS="4303" WIDTH="25"/>
            <String HPOS="5169" VPOS="4303" HEIGHT="31" WIDTH="51" ID="PAG_23_ST000271" WC="1" CONTENT="Les" STYLEREFS="TXT_14"/>
            <SP ID="PAG_23_SP000226" HPOS="5220" VPOS="4302" WIDTH="22"/>
            <String HPOS="5242" VPOS="4302" HEIGHT="41" WIDTH="70" ID="PAG_23_ST000272" WC="1" CONTENT="plis," STYLEREFS="TXT_14"/>
          </TextLine>
          <TextLine HPOS="4706" VPOS="4347" HEIGHT="36" WIDTH="636" ID="PAG_23_TL000047" STYLEREFS="TXT_14">
            <String HPOS="4706" VPOS="4351" HEIGHT="32" WIDTH="96" ID="PAG_23_ST000273" WC="0.99" CONTENT="serrés" STYLEREFS="TXT_14"/>
            <SP ID="PAG_23_SP000227" HPOS="4802" VPOS="4353" WIDTH="20"/>
            <String HPOS="4822" VPOS="4353" HEIGHT="28" WIDTH="109" ID="PAG_23_ST000274" WC="0.99" CONTENT="autour" STYLEREFS="TXT_14"/>
            <SP ID="PAG_23_SP000228" HPOS="4931" VPOS="4350" WIDTH="17"/>
            <String HPOS="4948" VPOS="4350" HEIGHT="31" WIDTH="40" ID="PAG_23_ST000275" WC="1" CONTENT="de" STYLEREFS="TXT_14"/>
            <SP ID="PAG_23_SP000229" HPOS="4988" VPOS="4348" WIDTH="20"/>
            <String HPOS="5008" VPOS="4348" HEIGHT="35" WIDTH="175" ID="PAG_23_ST000276" WC="0.99" CONTENT="l'encolure," STYLEREFS="TXT_14"/>
            <SP ID="PAG_23_SP000230" HPOS="5183" VPOS="4347" WIDTH="19"/>
            <String HPOS="5202" VPOS="4347" HEIGHT="32" WIDTH="110" ID="PAG_23_ST000277" WC="1" CONTENT="s'écar-" SUBS_TYPE="HypPart1" SUBS_CONTENT="s'écar-tent" STYLEREFS="TXT_14"/>
            <HYP HPOS="5312" VPOS="4379" WIDTH="30" CONTENT="-"/>
          </TextLine>
          <TextLine HPOS="4708" VPOS="4391" HEIGHT="36" WIDTH="605" ID="PAG_23_TL000048" STYLEREFS="TXT_14">
            <String HPOS="4708" VPOS="4397" HEIGHT="30" WIDTH="68" ID="PAG_23_ST000278" WC="0.99" CONTENT="tent" SUBS_TYPE="HypPart2" SUBS_CONTENT="s'écar-tent" STYLEREFS="TXT_14"/>
            <SP ID="PAG_23_SP000231" HPOS="4776" VPOS="4405" WIDTH="25"/>
            <String HPOS="4801" VPOS="4405" HEIGHT="22" WIDTH="63" ID="PAG_23_ST000279" WC="1" CONTENT="vers" STYLEREFS="TXT_14"/>
            <SP ID="PAG_23_SP000232" HPOS="4864" VPOS="4394" WIDTH="28"/>
            <String HPOS="4892" VPOS="4394" HEIGHT="32" WIDTH="29" ID="PAG_23_ST000280" WC="0.92" CONTENT="le" STYLEREFS="TXT_14"/>
            <SP ID="PAG_23_SP000233" HPOS="4921" VPOS="4394" WIDTH="26"/>
            <String HPOS="4947" VPOS="4394" HEIGHT="31" WIDTH="79" ID="PAG_23_ST000281" WC="1" CONTENT="bord" STYLEREFS="TXT_14"/>
            <SP ID="PAG_23_SP000234" HPOS="5026" VPOS="4404" WIDTH="25"/>
            <String HPOS="5051" VPOS="4404" HEIGHT="21" WIDTH="36" ID="PAG_23_ST000282" WC="1" CONTENT="en" STYLEREFS="TXT_14"/>
            <SP ID="PAG_23_SP000235" HPOS="5087" VPOS="4392" WIDTH="27"/>
            <String HPOS="5114" VPOS="4392" HEIGHT="32" WIDTH="133" ID="PAG_23_ST000283" WC="1" CONTENT="formant" STYLEREFS="TXT_14"/>
            <SP ID="PAG_23_SP000236" HPOS="5247" VPOS="4391" WIDTH="26"/>
            <String HPOS="5273" VPOS="4391" HEIGHT="32" WIDTH="40" ID="PAG_23_ST000284" WC="1" CONTENT="de" STYLEREFS="TXT_14"/>
          </TextLine>
          <TextLine HPOS="4707" VPOS="4437" HEIGHT="42" WIDTH="607" ID="PAG_23_TL000049" STYLEREFS="TXT_14">
            <String HPOS="4707" VPOS="4439" HEIGHT="40" WIDTH="113" ID="PAG_23_ST000285" WC="1" CONTENT="grands" STYLEREFS="TXT_14"/>
            <SP ID="PAG_23_SP000237" HPOS="4820" VPOS="4438" WIDTH="18"/>
            <String HPOS="4838" VPOS="4438" HEIGHT="39" WIDTH="121" ID="PAG_23_ST000286" WC="0.97" CONTENT="godets," STYLEREFS="TXT_14"/>
            <SP ID="PAG_23_SP000238" HPOS="4959" VPOS="4437" WIDTH="20"/>
            <String HPOS="4979" VPOS="4437" HEIGHT="32" WIDTH="79" ID="PAG_23_ST000287" WC="1" CONTENT="Dans" STYLEREFS="TXT_14"/>
            <SP ID="PAG_23_SP000239" HPOS="5058" VPOS="4437" WIDTH="19"/>
            <String HPOS="5077" VPOS="4437" HEIGHT="38" WIDTH="119" ID="PAG_23_ST000288" WC="1" CONTENT="chaque" STYLEREFS="TXT_14"/>
            <SP ID="PAG_23_SP000240" HPOS="5196" VPOS="4437" WIDTH="19"/>
            <String HPOS="5215" VPOS="4437" HEIGHT="37" WIDTH="99" ID="PAG_23_ST000289" WC="1" CONTENT="godet" STYLEREFS="TXT_14"/>
          </TextLine>
          <TextLine HPOS="4707" VPOS="4480" HEIGHT="43" WIDTH="604" ID="PAG_23_TL000050" STYLEREFS="TXT_14">
            <String HPOS="4707" VPOS="4483" HEIGHT="33" WIDTH="88" ID="PAG_23_ST000290" WC="1" CONTENT="niche" STYLEREFS="TXT_14"/>
            <SP ID="PAG_23_SP000241" HPOS="4795" VPOS="4495" WIDTH="28"/>
            <String HPOS="4823" VPOS="4495" HEIGHT="20" WIDTH="34" ID="PAG_23_ST000291" WC="1" CONTENT="un" STYLEREFS="TXT_14"/>
            <SP ID="PAG_23_SP000242" HPOS="4857" VPOS="4483" WIDTH="26"/>
            <String HPOS="4883" VPOS="4483" HEIGHT="40" WIDTH="84" ID="PAG_23_ST000292" WC="1" CONTENT="petit" STYLEREFS="TXT_14"/>
            <SP ID="PAG_23_SP000243" HPOS="4967" VPOS="4481" WIDTH="24"/>
            <String HPOS="4991" VPOS="4481" HEIGHT="32" WIDTH="97" ID="PAG_23_ST000293" WC="0.97" CONTENT="nœud" STYLEREFS="TXT_14"/>
            <SP ID="PAG_23_SP000244" HPOS="5088" VPOS="4492" WIDTH="13"/>
            <String HPOS="5101" VPOS="4492" HEIGHT="21" WIDTH="9" ID="PAG_23_ST000294" WC="0.80" CONTENT=":" STYLEREFS="TXT_14"/>
            <SP ID="PAG_23_SP000245" HPOS="5110" VPOS="4492" WIDTH="27"/>
            <String HPOS="5137" VPOS="4492" HEIGHT="21" WIDTH="34" ID="PAG_23_ST000295" WC="1" CONTENT="un" STYLEREFS="TXT_14"/>
            <SP ID="PAG_23_SP000246" HPOS="5171" VPOS="4480" WIDTH="28"/>
            <String HPOS="5199" VPOS="4480" HEIGHT="37" WIDTH="112" ID="PAG_23_ST000296" WC="1" CONTENT="dessus," STYLEREFS="TXT_14"/>
          </TextLine>
          <TextLine HPOS="4708" VPOS="4526" HEIGHT="37" WIDTH="634" ID="PAG_23_TL000051" STYLEREFS="TXT_14">
            <String HPOS="4708" VPOS="4541" HEIGHT="20" WIDTH="35" ID="PAG_23_ST000297" WC="1" CONTENT="un" STYLEREFS="TXT_14"/>
            <SP ID="PAG_23_SP000247" HPOS="4743" VPOS="4528" WIDTH="37"/>
            <String HPOS="4780" VPOS="4528" HEIGHT="35" WIDTH="133" ID="PAG_23_ST000298" WC="1" CONTENT="dessous," STYLEREFS="TXT_14"/>
            <SP ID="PAG_23_SP000248" HPOS="4913" VPOS="4539" WIDTH="38"/>
            <String HPOS="4951" VPOS="4539" HEIGHT="20" WIDTH="34" ID="PAG_23_ST000299" WC="1" CONTENT="un" STYLEREFS="TXT_14"/>
            <SP ID="PAG_23_SP000249" HPOS="4985" VPOS="4526" WIDTH="38"/>
            <String HPOS="5023" VPOS="4526" HEIGHT="35" WIDTH="112" ID="PAG_23_ST000300" WC="1" CONTENT="dessus," STYLEREFS="TXT_14"/>
            <SP ID="PAG_23_SP000250" HPOS="5135" VPOS="4537" WIDTH="38"/>
            <String HPOS="5173" VPOS="4537" HEIGHT="21" WIDTH="34" ID="PAG_23_ST000301" WC="1" CONTENT="un" STYLEREFS="TXT_14"/>
            <SP ID="PAG_23_SP000251" HPOS="5207" VPOS="4526" WIDTH="39"/>
            <String HPOS="5246" VPOS="4526" HEIGHT="31" WIDTH="66" ID="PAG_23_ST000302" WC="1" CONTENT="des-" SUBS_TYPE="HypPart1" SUBS_CONTENT="dessous." STYLEREFS="TXT_14"/>
            <HYP HPOS="5312" VPOS="4557" WIDTH="30" CONTENT="-"/>
          </TextLine>
          <TextLine HPOS="4706" VPOS="4570" HEIGHT="41" WIDTH="605" ID="PAG_23_TL000052" STYLEREFS="TXT_14">
            <String HPOS="4706" VPOS="4584" HEIGHT="21" WIDTH="78" ID="PAG_23_ST000303" WC="0.98" CONTENT="sous." SUBS_TYPE="HypPart2" SUBS_CONTENT="dessous." STYLEREFS="TXT_14"/>
            <SP ID="PAG_23_SP000252" HPOS="4784" VPOS="4572" WIDTH="39"/>
            <String HPOS="4823" VPOS="4572" HEIGHT="33" WIDTH="37" ID="PAG_23_ST000304" WC="1" CONTENT="Ils" STYLEREFS="TXT_14"/>
            <SP ID="PAG_23_SP000253" HPOS="4860" VPOS="4573" WIDTH="37"/>
            <String HPOS="4897" VPOS="4573" HEIGHT="38" WIDTH="106" ID="PAG_23_ST000305" WC="0.99" CONTENT="jouent" STYLEREFS="TXT_14"/>
            <SP ID="PAG_23_SP000254" HPOS="5003" VPOS="4573" WIDTH="36"/>
            <String HPOS="5039" VPOS="4573" HEIGHT="30" WIDTH="19" ID="PAG_23_ST000306" WC="1" CONTENT="à" STYLEREFS="TXT_14"/>
            <SP ID="PAG_23_SP000255" HPOS="5058" VPOS="4570" WIDTH="37"/>
            <String HPOS="5095" VPOS="4570" HEIGHT="33" WIDTH="216" ID="PAG_23_ST000307" WC="1" CONTENT="cache-cache." STYLEREFS="TXT_14"/>
          </TextLine>
        </TextBlock>
        <TextBlock HPOS="5445" VPOS="4207" HEIGHT="393" WIDTH="634" ID="PAG_23_TB000013" LANG="fr" STYLEREFS="TXT_14">
          <TextLine HPOS="5445" VPOS="4207" HEIGHT="43" WIDTH="605" ID="PAG_23_TL000053" STYLEREFS="TXT_14">
            <String HPOS="5445" VPOS="4212" HEIGHT="31" WIDTH="49" ID="PAG_23_ST000308" WC="1" CONTENT="41." STYLEREFS="TXT_14"/>
            <SP ID="PAG_23_SP000256" HPOS="5494" VPOS="4210" WIDTH="25"/>
            <String HPOS="5519" VPOS="4210" HEIGHT="33" WIDTH="85" ID="PAG_23_ST000309" WC="1" CONTENT="Voici" STYLEREFS="TXT_14"/>
            <SP ID="PAG_23_SP000257" HPOS="5604" VPOS="4222" WIDTH="20"/>
            <String HPOS="5624" VPOS="4222" HEIGHT="20" WIDTH="55" ID="PAG_23_ST000310" WC="1" CONTENT="une" STYLEREFS="TXT_14"/>
            <SP ID="PAG_23_SP000258" HPOS="5679" VPOS="4220" WIDTH="22"/>
            <String HPOS="5701" VPOS="4220" HEIGHT="30" WIDTH="120" ID="PAG_23_ST000311" WC="0.99" CONTENT="grappe" STYLEREFS="TXT_14"/>
            <SP ID="PAG_23_SP000259" HPOS="5821" VPOS="4209" WIDTH="21"/>
            <String HPOS="5842" VPOS="4209" HEIGHT="31" WIDTH="40" ID="PAG_23_ST000312" WC="1" CONTENT="de" STYLEREFS="TXT_14"/>
            <SP ID="PAG_23_SP000260" HPOS="5882" VPOS="4207" WIDTH="21"/>
            <String HPOS="5903" VPOS="4207" HEIGHT="33" WIDTH="93" ID="PAG_23_ST000313" WC="0.99" CONTENT="fleurs" STYLEREFS="TXT_14"/>
            <SP ID="PAG_23_SP000261" HPOS="5996" VPOS="4210" WIDTH="22"/>
            <String HPOS="6018" VPOS="4210" HEIGHT="30" WIDTH="32" ID="PAG_23_ST000314" WC="0.89" CONTENT="et" STYLEREFS="TXT_14"/>
          </TextLine>
          <TextLine HPOS="5446" VPOS="4253" HEIGHT="40" WIDTH="603" ID="PAG_23_TL000054" STYLEREFS="TXT_14">
            <String HPOS="5446" VPOS="4257" HEIGHT="32" WIDTH="40" ID="PAG_23_ST000315" WC="1" CONTENT="de" STYLEREFS="TXT_14"/>
            <SP ID="PAG_23_SP000262" HPOS="5486" VPOS="4255" WIDTH="19"/>
            <String HPOS="5505" VPOS="4255" HEIGHT="33" WIDTH="122" ID="PAG_23_ST000316" WC="1" CONTENT="feuilles" STYLEREFS="TXT_14"/>
            <SP ID="PAG_23_SP000263" HPOS="5627" VPOS="4265" WIDTH="19"/>
            <String HPOS="5646" VPOS="4265" HEIGHT="28" WIDTH="59" ID="PAG_23_ST000317" WC="1" CONTENT="que" STYLEREFS="TXT_14"/>
            <SP ID="PAG_23_SP000264" HPOS="5705" VPOS="4265" WIDTH="20"/>
            <String HPOS="5725" VPOS="4265" HEIGHT="21" WIDTH="69" ID="PAG_23_ST000318" WC="1" CONTENT="vous" STYLEREFS="TXT_14"/>
            <SP ID="PAG_23_SP000265" HPOS="5794" VPOS="4253" WIDTH="19"/>
            <String HPOS="5813" VPOS="4253" HEIGHT="33" WIDTH="199" ID="PAG_23_ST000319" WC="0.95" CONTENT="accrocherez" STYLEREFS="TXT_14"/>
            <SP ID="PAG_23_SP000266" HPOS="6012" VPOS="4253" WIDTH="19"/>
            <String HPOS="6031" VPOS="4253" HEIGHT="30" WIDTH="18" ID="PAG_23_ST000320" WC="1" CONTENT="à" STYLEREFS="TXT_14"/>
          </TextLine>
          <TextLine HPOS="5448" VPOS="4297" HEIGHT="36" WIDTH="601" ID="PAG_23_TL000055" STYLEREFS="TXT_14">
            <String HPOS="5448" VPOS="4300" HEIGHT="33" WIDTH="165" ID="PAG_23_ST000321" WC="0.99" CONTENT="l'encolure" STYLEREFS="TXT_14"/>
            <SP ID="PAG_23_SP000267" HPOS="5613" VPOS="4300" WIDTH="44"/>
            <String HPOS="5657" VPOS="4300" HEIGHT="31" WIDTH="40" ID="PAG_23_ST000322" WC="1" CONTENT="de" STYLEREFS="TXT_14"/>
            <SP ID="PAG_23_SP000268" HPOS="5697" VPOS="4302" WIDTH="44"/>
            <String HPOS="5741" VPOS="4302" HEIGHT="29" WIDTH="86" ID="PAG_23_ST000323" WC="1" CONTENT="votre" STYLEREFS="TXT_14"/>
            <SP ID="PAG_23_SP000269" HPOS="5827" VPOS="4297" WIDTH="42"/>
            <String HPOS="5869" VPOS="4297" HEIGHT="32" WIDTH="84" ID="PAG_23_ST000324" WC="1" CONTENT="robe." STYLEREFS="TXT_14"/>
            <SP ID="PAG_23_SP000270" HPOS="5953" VPOS="4297" WIDTH="45"/>
            <String HPOS="5998" VPOS="4297" HEIGHT="32" WIDTH="51" ID="PAG_23_ST000325" WC="1" CONTENT="Les" STYLEREFS="TXT_14"/>
          </TextLine>
          <TextLine HPOS="5446" VPOS="4341" HEIGHT="37" WIDTH="633" ID="PAG_23_TL000056" STYLEREFS="TXT_14">
            <String HPOS="5446" VPOS="4345" HEIGHT="33" WIDTH="90" ID="PAG_23_ST000326" WC="1" CONTENT="fleurs" STYLEREFS="TXT_14"/>
            <SP ID="PAG_23_SP000271" HPOS="5536" VPOS="4347" WIDTH="28"/>
            <String HPOS="5564" VPOS="4347" HEIGHT="30" WIDTH="68" ID="PAG_23_ST000327" WC="0.99" CONTENT="sont" STYLEREFS="TXT_14"/>
            <SP ID="PAG_23_SP000272" HPOS="5632" VPOS="4355" WIDTH="30"/>
            <String HPOS="5662" VPOS="4355" HEIGHT="21" WIDTH="35" ID="PAG_23_ST000328" WC="1" CONTENT="en" STYLEREFS="TXT_14"/>
            <SP ID="PAG_23_SP000273" HPOS="5697" VPOS="4342" WIDTH="32"/>
            <String HPOS="5729" VPOS="4342" HEIGHT="33" WIDTH="211" ID="PAG_23_ST000329" WC="0.99" CONTENT="valenciennes" STYLEREFS="TXT_14"/>
            <SP ID="PAG_23_SP000274" HPOS="5940" VPOS="4341" WIDTH="29"/>
            <String HPOS="5969" VPOS="4341" HEIGHT="32" WIDTH="80" ID="PAG_23_ST000330" WC="1" CONTENT="fron-" SUBS_TYPE="HypPart1" SUBS_CONTENT="froncée" STYLEREFS="TXT_14"/>
            <HYP HPOS="6049" VPOS="4373" WIDTH="30" CONTENT="-"/>
          </TextLine>
          <TextLine HPOS="5448" VPOS="4386" HEIGHT="43" WIDTH="631" ID="PAG_23_TL000057" STYLEREFS="TXT_14">
            <String HPOS="5448" VPOS="4391" HEIGHT="31" WIDTH="57" ID="PAG_23_ST000331" WC="0.91" CONTENT="cée" SUBS_TYPE="HypPart2" SUBS_CONTENT="froncée" STYLEREFS="TXT_14"/>
            <SP ID="PAG_23_SP000275" HPOS="5505" VPOS="4393" WIDTH="25"/>
            <String HPOS="5530" VPOS="4393" HEIGHT="29" WIDTH="31" ID="PAG_23_ST000332" WC="1" CONTENT="et" STYLEREFS="TXT_14"/>
            <SP ID="PAG_23_SP000276" HPOS="5561" VPOS="4389" WIDTH="27"/>
            <String HPOS="5588" VPOS="4389" HEIGHT="33" WIDTH="42" ID="PAG_23_ST000333" WC="1" CONTENT="les" STYLEREFS="TXT_14"/>
            <SP ID="PAG_23_SP000277" HPOS="5630" VPOS="4389" WIDTH="25"/>
            <String HPOS="5655" VPOS="4389" HEIGHT="40" WIDTH="116" ID="PAG_23_ST000334" WC="1" CONTENT="petites" STYLEREFS="TXT_14"/>
            <SP ID="PAG_23_SP000278" HPOS="5771" VPOS="4386" WIDTH="25"/>
            <String HPOS="5796" VPOS="4386" HEIGHT="34" WIDTH="121" ID="PAG_23_ST000335" WC="1" CONTENT="feuilles" STYLEREFS="TXT_14"/>
            <SP ID="PAG_23_SP000279" HPOS="5917" VPOS="4397" WIDTH="26"/>
            <String HPOS="5943" VPOS="4397" HEIGHT="21" WIDTH="35" ID="PAG_23_ST000336" WC="1" CONTENT="en" STYLEREFS="TXT_14"/>
            <SP ID="PAG_23_SP000280" HPOS="5978" VPOS="4386" WIDTH="25"/>
            <String HPOS="6003" VPOS="4386" HEIGHT="40" WIDTH="46" ID="PAG_23_ST000337" WC="0.59" CONTENT="pi." SUBS_TYPE="HypPart1" SUBS_CONTENT="pi.qué" STYLEREFS="TXT_14"/>
            <HYP HPOS="6049" VPOS="4426" WIDTH="30" CONTENT="-"/>
          </TextLine>
          <TextLine HPOS="5448" VPOS="4433" HEIGHT="41" WIDTH="603" ID="PAG_23_TL000058" STYLEREFS="TXT_14">
            <String HPOS="5448" VPOS="4435" HEIGHT="39" WIDTH="59" ID="PAG_23_ST000338" WC="0.94" CONTENT="qué" SUBS_TYPE="HypPart2" SUBS_CONTENT="pi.qué" STYLEREFS="TXT_14"/>
            <SP ID="PAG_23_SP000281" HPOS="5507" VPOS="4434" WIDTH="25"/>
            <String HPOS="5532" VPOS="4434" HEIGHT="35" WIDTH="101" ID="PAG_23_ST000339" WC="1" CONTENT="blanc," STYLEREFS="TXT_14"/>
            <SP ID="PAG_23_SP000282" HPOS="5633" VPOS="4433" WIDTH="26"/>
            <String HPOS="5659" VPOS="4433" HEIGHT="32" WIDTH="75" ID="PAG_23_ST000340" WC="1" CONTENT="dont" STYLEREFS="TXT_14"/>
            <SP ID="PAG_23_SP000283" HPOS="5734" VPOS="4433" WIDTH="26"/>
            <String HPOS="5760" VPOS="4433" HEIGHT="31" WIDTH="31" ID="PAG_23_ST000341" WC="1" CONTENT="la" STYLEREFS="TXT_14"/>
            <SP ID="PAG_23_SP000284" HPOS="5791" VPOS="4433" WIDTH="24"/>
            <String HPOS="5815" VPOS="4433" HEIGHT="30" WIDTH="128" ID="PAG_23_ST000342" WC="1" CONTENT="matière" STYLEREFS="TXT_14"/>
            <SP ID="PAG_23_SP000285" HPOS="5943" VPOS="4434" WIDTH="25"/>
            <String HPOS="5968" VPOS="4434" HEIGHT="28" WIDTH="83" ID="PAG_23_ST000343" WC="0.99" CONTENT="mate" STYLEREFS="TXT_14"/>
          </TextLine>
          <TextLine HPOS="5448" VPOS="4477" HEIGHT="34" WIDTH="631" ID="PAG_23_TL000059" STYLEREFS="TXT_14">
            <String HPOS="5448" VPOS="4482" HEIGHT="29" WIDTH="32" ID="PAG_23_ST000344" WC="1" CONTENT="et" STYLEREFS="TXT_14"/>
            <SP ID="PAG_23_SP000286" HPOS="5480" VPOS="4478" WIDTH="35"/>
            <String HPOS="5515" VPOS="4478" HEIGHT="33" WIDTH="69" ID="PAG_23_ST000345" WC="1" CONTENT="lisse" STYLEREFS="TXT_14"/>
            <SP ID="PAG_23_SP000287" HPOS="5584" VPOS="4477" WIDTH="33"/>
            <String HPOS="5617" VPOS="4477" HEIGHT="32" WIDTH="60" ID="PAG_23_ST000346" WC="1" CONTENT="fait" STYLEREFS="TXT_14"/>
            <SP ID="PAG_23_SP000288" HPOS="5677" VPOS="4488" WIDTH="34"/>
            <String HPOS="5711" VPOS="4488" HEIGHT="21" WIDTH="35" ID="PAG_23_ST000347" WC="1" CONTENT="un" STYLEREFS="TXT_14"/>
            <SP ID="PAG_23_SP000289" HPOS="5746" VPOS="4479" WIDTH="35"/>
            <String HPOS="5781" VPOS="4479" HEIGHT="29" WIDTH="154" ID="PAG_23_ST000348" WC="0.99" CONTENT="contraste" STYLEREFS="TXT_14"/>
            <SP ID="PAG_23_SP000290" HPOS="5935" VPOS="4486" WIDTH="34"/>
            <String HPOS="5969" VPOS="4486" HEIGHT="21" WIDTH="80" ID="PAG_23_ST000349" WC="0.95" CONTENT="amu-" SUBS_TYPE="HypPart1" SUBS_CONTENT="amusant" STYLEREFS="TXT_14"/>
            <HYP HPOS="6049" VPOS="4507" WIDTH="30" CONTENT="-"/>
          </TextLine>
          <TextLine HPOS="5447" VPOS="4520" HEIGHT="38" WIDTH="632" ID="PAG_23_TL000060" STYLEREFS="TXT_14">
            <String HPOS="5447" VPOS="4527" HEIGHT="29" WIDTH="69" ID="PAG_23_ST000350" WC="0.99" CONTENT="sant" SUBS_TYPE="HypPart2" SUBS_CONTENT="amusant" STYLEREFS="TXT_14"/>
            <SP ID="PAG_23_SP000291" HPOS="5516" VPOS="4533" WIDTH="27"/>
            <String HPOS="5543" VPOS="4533" HEIGHT="22" WIDTH="75" ID="PAG_23_ST000351" WC="1" CONTENT="avec" STYLEREFS="TXT_14"/>
            <SP ID="PAG_23_SP000292" HPOS="5618" VPOS="4522" WIDTH="32"/>
            <String HPOS="5650" VPOS="4522" HEIGHT="31" WIDTH="31" ID="PAG_23_ST000352" WC="1" CONTENT="la" STYLEREFS="TXT_14"/>
            <SP ID="PAG_23_SP000293" HPOS="5681" VPOS="4520" WIDTH="28"/>
            <String HPOS="5709" VPOS="4520" HEIGHT="33" WIDTH="107" ID="PAG_23_ST000353" WC="1" CONTENT="finesse" STYLEREFS="TXT_14"/>
            <SP ID="PAG_23_SP000294" HPOS="5816" VPOS="4524" WIDTH="29"/>
            <String HPOS="5845" VPOS="4524" HEIGHT="29" WIDTH="32" ID="PAG_23_ST000354" WC="1" CONTENT="et" STYLEREFS="TXT_14"/>
            <SP ID="PAG_23_SP000295" HPOS="5877" VPOS="4520" WIDTH="30"/>
            <String HPOS="5907" VPOS="4520" HEIGHT="31" WIDTH="30" ID="PAG_23_ST000355" WC="0.92" CONTENT="la" STYLEREFS="TXT_14"/>
            <SP ID="PAG_23_SP000296" HPOS="5937" VPOS="4520" WIDTH="30"/>
            <String HPOS="5967" VPOS="4520" HEIGHT="38" WIDTH="82" ID="PAG_23_ST000356" WC="0.88" CONTENT="légè-" SUBS_TYPE="HypPart1" SUBS_CONTENT="légèreté" STYLEREFS="TXT_14"/>
            <HYP HPOS="6049" VPOS="4558" WIDTH="30" CONTENT="-"/>
          </TextLine>
          <TextLine HPOS="5447" VPOS="4564" HEIGHT="36" WIDTH="602" ID="PAG_23_TL000061" STYLEREFS="TXT_14">
            <String HPOS="5447" VPOS="4568" HEIGHT="32" WIDTH="67" ID="PAG_23_ST000357" WC="0.97" CONTENT="reté" SUBS_TYPE="HypPart2" SUBS_CONTENT="légèreté" STYLEREFS="TXT_14"/>
            <SP ID="PAG_23_SP000297" HPOS="5514" VPOS="4567" WIDTH="48"/>
            <String HPOS="5562" VPOS="4567" HEIGHT="32" WIDTH="40" ID="PAG_23_ST000358" WC="1" CONTENT="de" STYLEREFS="TXT_14"/>
            <SP ID="PAG_23_SP000298" HPOS="5602" VPOS="4567" WIDTH="49"/>
            <String HPOS="5651" VPOS="4567" HEIGHT="31" WIDTH="31" ID="PAG_23_ST000359" WC="0.93" CONTENT="la" STYLEREFS="TXT_14"/>
            <SP ID="PAG_23_SP000299" HPOS="5682" VPOS="4565" WIDTH="46"/>
            <String HPOS="5728" VPOS="4565" HEIGHT="33" WIDTH="138" ID="PAG_23_ST000360" WC="0.99" CONTENT="dentelle" STYLEREFS="TXT_14"/>
            <SP ID="PAG_23_SP000300" HPOS="5866" VPOS="4564" WIDTH="48"/>
            <String HPOS="5914" VPOS="4564" HEIGHT="33" WIDTH="135" ID="PAG_23_ST000361" WC="0.99" CONTENT="froncée." STYLEREFS="TXT_14"/>
          </TextLine>
        </TextBlock>
        </ComposedBlock>
      </PrintSpace>
    </Page>
  </Layout>
</alto>