<?xml version="1.0" encoding="UTF-8"?>
<alto xmlns="http://www.loc.gov/standards/alto/ns-v3#" xmlns:xsi="http://www.w3.org/2001/XMLSchema-instance" SCHEMAVERSION="alto_bnf-v2_0" xsi:schemaLocation="http://www.loc.gov/standards/alto/ns-v3# http://bibnum.bnf.fr/schema/alto_bnf-v2_0.xsd" xmlns:xlink="http://www.w3.org/TR/xlink">
  <Description>
    <MeasurementUnit>pixel</MeasurementUnit>
    <sourceImageInformation>
      <fileName>00000008.jp2</fileName>
      <fileIdentifier>ark:/12148/bpt6k4701034k/f8</fileIdentifier>
      <documentIdentifier documentIdentifierLocation="NUM">4701034</documentIdentifier>
    </sourceImageInformation>
    <OCRProcessing ID="OCR_1">
      <ocrProcessingStep>
        <processingDateTime>2019-01-29</processingDateTime>
        <processingStepDescription>[001_OCR_BRUT]OCR BRUT 96.20 %</processingStepDescription>
        <processingStepDescription>[002_CHARS]{2031}</processingStepDescription>
        <processingStepDescription>[003_CHARS_USED]{172}</processingStepDescription>
        <processingStepDescription>[004_CHARS_SUSPECTS_USED]{0}</processingStepDescription>
        <processingStepDescription>[005_CHARS_UNUSED]{1859}</processingStepDescription>
        <processingStepDescription>[006_CHARS_SUSPECTS_UNUSED]{0}</processingStepDescription>
        <processingStepDescription>[007_STRINGS]{409}</processingStepDescription>
        <processingStepDescription>[008_STRINGS_USED]{35}</processingStepDescription>
        <processingStepDescription>[009_STRINGS_SUSPECTS_UNUSED]{0}</processingStepDescription>
        <processingStepDescription>[010_CHARS_LETTERS]{1923}</processingStepDescription>
        <processingStepDescription>[011_CHARS_PUNCTUATION]{102}</processingStepDescription>
        <processingStepDescription>[012_CHARS_DIGITS]{5}</processingStepDescription>
        <processingStepDescription>[013_CHARS_SUSPECT]{0}</processingStepDescription>
        <processingStepDescription>[022_CHARS_UNUSED_BY_BLOCK]{0}</processingStepDescription>
        <processingStepDescription>[023_BLOCKS_SUSPECTS]{0}</processingStepDescription>
        <processingStepDescription>[111_LIGS_DETECTED_CURV]{0}</processingStepDescription>
      </ocrProcessingStep>
    </OCRProcessing>
  </Description>
  <Styles>
    <TextStyle FONTSIZE="6" ID="TXT_18" FONTFAMILY="Times"/>
    <TextStyle FONTSIZE="7" ID="TXT_20" FONTFAMILY="Times"/>
  </Styles>
  <Tags>
    <StructureTag DESCRIPTION="Sur la route." TYPE="Structural" ID="TAG_ST001" LABEL="title"/>
    <StructureTag DESCRIPTION="Désireuse de travailler." TYPE="Structural" ID="TAG_ST002" LABEL="title"/>
    <StructureTag DESCRIPTION="Cricri et Nounou." TYPE="Structural" ID="TAG_ST003" LABEL="title"/>
    <StructureTag DESCRIPTION="Cinderella. — Quelle tenue adopter pour me marier, au mois de mars, dans la plus stricte Intimité ?" TYPE="Structural" ID="TAG_ST004" LABEL="title"/>
    <StructureTag DESCRIPTION="Mado." TYPE="Structural" ID="TAG_ST005" LABEL="title"/>
    <StructureTag DESCRIPTION="Irena la Polonaise." TYPE="Structural" ID="TAG_ST006" LABEL="title"/>
    <StructureTag DESCRIPTION="Une désespérée." TYPE="Structural" ID="TAG_ST007" LABEL="title"/>
    <StructureTag DESCRIPTION="Mitsi." TYPE="Structural" ID="TAG_ST008" LABEL="title"/>
    <StructureTag DESCRIPTION="Irène-Liliane." TYPE="Structural" ID="TAG_ST009" LABEL="title"/>
  </Tags>
  <Layout>
    <Page ID="PAG_8" HEIGHT="4941" WIDTH="3814" PHYSICAL_IMG_NR="8" QUALITY="OK" ACCURACY="99.39">
      <PrintSpace HPOS="370" VPOS="215" HEIGHT="4465" WIDTH="3403" ID="PAG_8_PrintSpace">
        <Illustration ID="PAG_8_IL000001" HPOS="370" VPOS="215" HEIGHT="4465" WIDTH="1762"/>
        <TextBlock HPOS="2231" VPOS="732" HEIGHT="35" WIDTH="230" ID="PAG_8_TB000001" TAGREFS="TAG_ST001" LANG="fr" STYLEREFS="TXT_18">
          <TextLine HPOS="2231" VPOS="732" HEIGHT="35" WIDTH="230" ID="PAG_8_TL000001" STYLEREFS="TXT_18">
            <String HPOS="2231" VPOS="735" HEIGHT="32" WIDTH="55" ID="PAG_8_ST000001" WC="1" CONTENT="Sur" STYLEREFS="TXT_18"/>
            <SP ID="PAG_8_SP000001" HPOS="2286" VPOS="732" WIDTH="23"/>
            <String HPOS="2309" VPOS="732" HEIGHT="35" WIDTH="26" ID="PAG_8_ST000002" WC="1" CONTENT="la" STYLEREFS="TXT_18"/>
            <SP ID="PAG_8_SP000002" HPOS="2335" VPOS="736" WIDTH="23"/>
            <String HPOS="2358" VPOS="736" HEIGHT="31" WIDTH="103" ID="PAG_8_ST000003" WC="1" CONTENT="route." STYLEREFS="TXT_18"/>
          </TextLine>
        </TextBlock>
        <TextBlock HPOS="2166" VPOS="815" HEIGHT="361" WIDTH="777" ID="PAG_8_TB000002" LANG="fr" STYLEREFS="TXT_20">
          <TextLine HPOS="2205" VPOS="815" HEIGHT="32" WIDTH="721" ID="PAG_8_TL000002" STYLEREFS="TXT_20">
            <String HPOS="2205" VPOS="818" HEIGHT="29" WIDTH="241" ID="PAG_8_ST000004" WC="0.99" CONTENT="Voulez-vous" STYLEREFS="TXT_20"/>
            <SP ID="PAG_8_SP000003" HPOS="2446" VPOS="823" WIDTH="48"/>
            <String HPOS="2494" VPOS="823" HEIGHT="22" WIDTH="89" ID="PAG_8_ST000005" WC="0.97" CONTENT="nous" STYLEREFS="TXT_20"/>
            <SP ID="PAG_8_SP000004" HPOS="2583" VPOS="816" WIDTH="50"/>
            <String HPOS="2633" VPOS="816" HEIGHT="29" WIDTH="135" ID="PAG_8_ST000006" WC="1" CONTENT="donner" STYLEREFS="TXT_20"/>
            <SP ID="PAG_8_SP000005" HPOS="2768" VPOS="815" WIDTH="45"/>
            <String HPOS="2813" VPOS="815" HEIGHT="29" WIDTH="113" ID="PAG_8_ST000007" WC="0.80" CONTENT="votre" STYLEREFS="TXT_20"/>
          </TextLine>
          <TextLine HPOS="2168" VPOS="856" HEIGHT="37" WIDTH="759" ID="PAG_8_TL000003" STYLEREFS="TXT_20">
            <String HPOS="2168" VPOS="866" HEIGHT="22" WIDTH="80" ID="PAG_8_ST000008" WC="1" CONTENT="nom" STYLEREFS="TXT_20"/>
            <SP ID="PAG_8_SP000006" HPOS="2248" VPOS="859" WIDTH="31"/>
            <String HPOS="2279" VPOS="859" HEIGHT="29" WIDTH="35" ID="PAG_8_ST000009" WC="1" CONTENT="et" STYLEREFS="TXT_20"/>
            <SP ID="PAG_8_SP000007" HPOS="2314" VPOS="860" WIDTH="30"/>
            <String HPOS="2344" VPOS="860" HEIGHT="27" WIDTH="100" ID="PAG_8_ST000010" WC="1" CONTENT="votre" STYLEREFS="TXT_20"/>
            <SP ID="PAG_8_SP000008" HPOS="2444" VPOS="857" WIDTH="30"/>
            <String HPOS="2474" VPOS="857" HEIGHT="30" WIDTH="145" ID="PAG_8_ST000011" WC="1" CONTENT="adresse" STYLEREFS="TXT_20"/>
            <SP ID="PAG_8_SP000009" HPOS="2619" VPOS="856" WIDTH="32"/>
            <String HPOS="2651" VPOS="856" HEIGHT="29" WIDTH="16" ID="PAG_8_ST000012" WC="1" CONTENT="?" STYLEREFS="TXT_20"/>
            <SP ID="PAG_8_SP000010" HPOS="2667" VPOS="856" WIDTH="29"/>
            <String HPOS="2696" VPOS="856" HEIGHT="29" WIDTH="100" ID="PAG_8_ST000013" WC="1" CONTENT="Nous" STYLEREFS="TXT_20"/>
            <SP ID="PAG_8_SP000011" HPOS="2796" VPOS="863" WIDTH="30"/>
            <String HPOS="2826" VPOS="863" HEIGHT="30" WIDTH="101" ID="PAG_8_ST000014" WC="1" CONTENT="vous;" STYLEREFS="TXT_20"/>
          </TextLine>
          <TextLine HPOS="2170" VPOS="896" HEIGHT="32" WIDTH="757" ID="PAG_8_TL000004" STYLEREFS="TXT_20">
            <String HPOS="2170" VPOS="905" HEIGHT="23" WIDTH="193" ID="PAG_8_ST000015" WC="1" CONTENT="enverrons" STYLEREFS="TXT_20"/>
            <SP ID="PAG_8_SP000012" HPOS="2363" VPOS="897" WIDTH="23"/>
            <String HPOS="2386" VPOS="897" HEIGHT="30" WIDTH="155" ID="PAG_8_ST000016" WC="1" CONTENT="aussitôt" STYLEREFS="TXT_20"/>
            <SP ID="PAG_8_SP000013" HPOS="2541" VPOS="896" WIDTH="23"/>
            <String HPOS="2564" VPOS="896" HEIGHT="30" WIDTH="36" ID="PAG_8_ST000017" WC="0.82" CONTENT="la." STYLEREFS="TXT_20"/>
            <SP ID="PAG_8_SP000014" HPOS="2600" VPOS="896" WIDTH="21"/>
            <String HPOS="2621" VPOS="896" HEIGHT="32" WIDTH="81" ID="PAG_8_ST000018" WC="1" CONTENT="liste" STYLEREFS="TXT_20"/>
            <SP ID="PAG_8_SP000015" HPOS="2702" VPOS="897" WIDTH="23"/>
            <String HPOS="2725" VPOS="897" HEIGHT="28" WIDTH="62" ID="PAG_8_ST000019" WC="1" CONTENT="des" STYLEREFS="TXT_20"/>
            <SP ID="PAG_8_SP000016" HPOS="2787" VPOS="896" WIDTH="22"/>
            <String HPOS="2809" VPOS="896" HEIGHT="31" WIDTH="118" ID="PAG_8_ST000020" WC="0.86" CONTENT="livres;" STYLEREFS="TXT_20"/>
          </TextLine>
          <TextLine HPOS="2168" VPOS="936" HEIGHT="38" WIDTH="775" ID="PAG_8_TL000005" STYLEREFS="TXT_20">
            <String HPOS="2168" VPOS="939" HEIGHT="35" WIDTH="197" ID="PAG_8_ST000021" WC="0.98" CONTENT="classiques" STYLEREFS="TXT_20"/>
            <SP ID="PAG_8_SP000017" HPOS="2365" VPOS="939" WIDTH="31"/>
            <String HPOS="2396" VPOS="939" HEIGHT="34" WIDTH="59" ID="PAG_8_ST000022" WC="1" CONTENT="qui" STYLEREFS="TXT_20"/>
            <SP ID="PAG_8_SP000018" HPOS="2455" VPOS="944" WIDTH="31"/>
            <String HPOS="2486" VPOS="944" HEIGHT="22" WIDTH="89" ID="PAG_8_ST000023" WC="1" CONTENT="vous" STYLEREFS="TXT_20"/>
            <SP ID="PAG_8_SP000019" HPOS="2575" VPOS="937" WIDTH="31"/>
            <String HPOS="2606" VPOS="937" HEIGHT="29" WIDTH="158" ID="PAG_8_ST000024" WC="1" CONTENT="seraient" STYLEREFS="TXT_20"/>
            <SP ID="PAG_8_SP000020" HPOS="2764" VPOS="936" WIDTH="31"/>
            <String HPOS="2795" VPOS="936" HEIGHT="28" WIDTH="118" ID="PAG_8_ST000025" WC="0.97" CONTENT="néces-" SUBS_TYPE="HypPart1" SUBS_CONTENT="nécessaires." STYLEREFS="TXT_20"/>
            <HYP HPOS="2913" VPOS="964" WIDTH="30" CONTENT="-"/>
          </TextLine>
          <TextLine HPOS="2168" VPOS="976" HEIGHT="37" WIDTH="745" ID="PAG_8_TL000006" STYLEREFS="TXT_20">
            <String HPOS="2168" VPOS="980" HEIGHT="29" WIDTH="122" ID="PAG_8_ST000026" WC="1" CONTENT="saires." SUBS_TYPE="HypPart2" SUBS_CONTENT="nécessaires." STYLEREFS="TXT_20"/>
            <SP ID="PAG_8_SP000021" HPOS="2290" VPOS="979" WIDTH="41"/>
            <String HPOS="2331" VPOS="979" HEIGHT="28" WIDTH="77" ID="PAG_8_ST000027" WC="1" CONTENT="Elle" STYLEREFS="TXT_20"/>
            <SP ID="PAG_8_SP000022" HPOS="2408" VPOS="979" WIDTH="38"/>
            <String HPOS="2446" VPOS="979" HEIGHT="27" WIDTH="55" ID="PAG_8_ST000028" WC="1" CONTENT="est" STYLEREFS="TXT_20"/>
            <SP ID="PAG_8_SP000023" HPOS="2501" VPOS="979" WIDTH="40"/>
            <String HPOS="2541" VPOS="979" HEIGHT="34" WIDTH="79" ID="PAG_8_ST000029" WC="1" CONTENT="trop" STYLEREFS="TXT_20"/>
            <SP ID="PAG_8_SP000024" HPOS="2620" VPOS="976" WIDTH="39"/>
            <String HPOS="2659" VPOS="976" HEIGHT="35" WIDTH="129" ID="PAG_8_ST000030" WC="1" CONTENT="longue" STYLEREFS="TXT_20"/>
            <SP ID="PAG_8_SP000025" HPOS="2788" VPOS="982" WIDTH="38"/>
            <String HPOS="2826" VPOS="982" HEIGHT="29" WIDTH="87" ID="PAG_8_ST000031" WC="0.99" CONTENT="pour" STYLEREFS="TXT_20"/>
          </TextLine>
          <TextLine HPOS="2167" VPOS="1015" HEIGHT="40" WIDTH="743" ID="PAG_8_TL000007" STYLEREFS="TXT_20">
            <String HPOS="2167" VPOS="1022" HEIGHT="27" WIDTH="145" ID="PAG_8_ST000032" WC="1" CONTENT="trouver" STYLEREFS="TXT_20"/>
            <SP ID="PAG_8_SP000026" HPOS="2312" VPOS="1019" WIDTH="27"/>
            <String HPOS="2339" VPOS="1019" HEIGHT="36" WIDTH="100" ID="PAG_8_ST000033" WC="1" CONTENT="place" STYLEREFS="TXT_20"/>
            <SP ID="PAG_8_SP000027" HPOS="2439" VPOS="1015" WIDTH="29"/>
            <String HPOS="2468" VPOS="1015" HEIGHT="32" WIDTH="96" ID="PAG_8_ST000034" WC="0.50" CONTENT="daM" STYLEREFS="TXT_20"/>
            <SP ID="PAG_8_SP000028" HPOS="2564" VPOS="1018" WIDTH="37"/>
            <String HPOS="2601" VPOS="1018" HEIGHT="27" WIDTH="101" ID="PAG_8_ST000035" WC="1" CONTENT="notre" STYLEREFS="TXT_20"/>
            <SP ID="PAG_8_SP000029" HPOS="2702" VPOS="1017" WIDTH="42"/>
            <String HPOS="2744" VPOS="1017" HEIGHT="28" WIDTH="166" ID="PAG_8_ST000036" WC="1" CONTENT="courrier." STYLEREFS="TXT_20"/>
          </TextLine>
          <TextLine HPOS="2166" VPOS="1057" HEIGHT="40" WIDTH="744" ID="PAG_8_TL000008" STYLEREFS="TXT_20">
            <String HPOS="2166" VPOS="1060" HEIGHT="37" WIDTH="287" ID="PAG_8_ST000037" WC="1" CONTENT="Indiquez-nous," STYLEREFS="TXT_20"/>
            <SP ID="PAG_8_SP000030" HPOS="2453" VPOS="1065" WIDTH="44"/>
            <String HPOS="2497" VPOS="1065" HEIGHT="23" WIDTH="43" ID="PAG_8_ST000038" WC="1" CONTENT="en" STYLEREFS="TXT_20"/>
            <SP ID="PAG_8_SP000031" HPOS="2540" VPOS="1058" WIDTH="28"/>
            <String HPOS="2568" VPOS="1058" HEIGHT="28" WIDTH="114" ID="PAG_8_ST000039" WC="1" CONTENT="même" STYLEREFS="TXT_20"/>
            <SP ID="PAG_8_SP000032" HPOS="2682" VPOS="1059" WIDTH="29"/>
            <String HPOS="2711" VPOS="1059" HEIGHT="33" WIDTH="125" ID="PAG_8_ST000040" WC="1" CONTENT="temps," STYLEREFS="TXT_20"/>
            <SP ID="PAG_8_SP000033" HPOS="2836" VPOS="1057" WIDTH="44"/>
            <String HPOS="2880" VPOS="1057" HEIGHT="28" WIDTH="30" ID="PAG_8_ST000041" WC="1" CONTENT="la" STYLEREFS="TXT_20"/>
          </TextLine>
          <TextLine HPOS="2166" VPOS="1097" HEIGHT="39" WIDTH="746" ID="PAG_8_TL000009" STYLEREFS="TXT_20">
            <String HPOS="2166" VPOS="1102" HEIGHT="34" WIDTH="131" ID="PAG_8_ST000042" WC="1" CONTENT="langue" STYLEREFS="TXT_20"/>
            <SP ID="PAG_8_SP000034" HPOS="2297" VPOS="1099" WIDTH="25"/>
            <String HPOS="2322" VPOS="1099" HEIGHT="35" WIDTH="189" ID="PAG_8_ST000043" WC="1" CONTENT="étrangère" STYLEREFS="TXT_20"/>
            <SP ID="PAG_8_SP000035" HPOS="2511" VPOS="1105" WIDTH="25"/>
            <String HPOS="2536" VPOS="1105" HEIGHT="29" WIDTH="88" ID="PAG_8_ST000044" WC="1" CONTENT="pour" STYLEREFS="TXT_20"/>
            <SP ID="PAG_8_SP000036" HPOS="2624" VPOS="1097" WIDTH="25"/>
            <String HPOS="2649" VPOS="1097" HEIGHT="36" WIDTH="151" ID="PAG_8_ST000045" WC="1" CONTENT="laquelle" STYLEREFS="TXT_20"/>
            <SP ID="PAG_8_SP000037" HPOS="2800" VPOS="1104" WIDTH="24"/>
            <String HPOS="2824" VPOS="1104" HEIGHT="21" WIDTH="88" ID="PAG_8_ST000046" WC="1" CONTENT="vous" STYLEREFS="TXT_20"/>
          </TextLine>
          <TextLine HPOS="2169" VPOS="1140" HEIGHT="36" WIDTH="203" ID="PAG_8_TL000010" STYLEREFS="TXT_20">
            <String HPOS="2169" VPOS="1148" HEIGHT="22" WIDTH="87" ID="PAG_8_ST000047" WC="1" CONTENT="avez" STYLEREFS="TXT_20"/>
            <SP ID="PAG_8_SP000038" HPOS="2256" VPOS="1140" WIDTH="26"/>
            <String HPOS="2282" VPOS="1140" HEIGHT="36" WIDTH="90" ID="PAG_8_ST000048" WC="1" CONTENT="opté." STYLEREFS="TXT_20"/>
          </TextLine>
        </TextBlock>
        <TextBlock HPOS="2237" VPOS="1220" HEIGHT="36" WIDTH="436" ID="PAG_8_TB000003" TAGREFS="TAG_ST002" LANG="fr" STYLEREFS="TXT_18">
          <TextLine HPOS="2237" VPOS="1220" HEIGHT="36" WIDTH="436" ID="PAG_8_TL000011" STYLEREFS="TXT_18">
            <String HPOS="2237" VPOS="1223" HEIGHT="33" WIDTH="166" ID="PAG_8_ST000049" WC="1" CONTENT="Désireuse" STYLEREFS="TXT_18"/>
            <SP ID="PAG_8_SP000039" HPOS="2403" VPOS="1222" WIDTH="30"/>
            <String HPOS="2433" VPOS="1222" HEIGHT="33" WIDTH="41" ID="PAG_8_ST000050" WC="1" CONTENT="de" STYLEREFS="TXT_18"/>
            <SP ID="PAG_8_SP000040" HPOS="2474" VPOS="1220" WIDTH="28"/>
            <String HPOS="2502" VPOS="1220" HEIGHT="34" WIDTH="171" ID="PAG_8_ST000051" WC="1" CONTENT="travailler." STYLEREFS="TXT_18"/>
          </TextLine>
        </TextBlock>
        <TextBlock HPOS="2166" VPOS="1304" HEIGHT="402" WIDTH="774" ID="PAG_8_TB000004" LANG="fr" STYLEREFS="TXT_20">
          <TextLine HPOS="2205" VPOS="1304" HEIGHT="37" WIDTH="735" ID="PAG_8_TL000012" STYLEREFS="TXT_20">
            <String HPOS="2205" VPOS="1308" HEIGHT="28" WIDTH="42" ID="PAG_8_ST000052" WC="1" CONTENT="Je" STYLEREFS="TXT_20"/>
            <SP ID="PAG_8_SP000041" HPOS="2247" VPOS="1306" WIDTH="29"/>
            <String HPOS="2276" VPOS="1306" HEIGHT="29" WIDTH="90" ID="PAG_8_ST000053" WC="0.93" CONTENT="crois" STYLEREFS="TXT_20"/>
            <SP ID="PAG_8_SP000042" HPOS="2366" VPOS="1313" WIDTH="29"/>
            <String HPOS="2395" VPOS="1313" HEIGHT="28" WIDTH="67" ID="PAG_8_ST000054" WC="1" CONTENT="que" STYLEREFS="TXT_20"/>
            <SP ID="PAG_8_SP000043" HPOS="2462" VPOS="1312" WIDTH="29"/>
            <String HPOS="2491" VPOS="1312" HEIGHT="22" WIDTH="87" ID="PAG_8_ST000055" WC="1" CONTENT="vous" STYLEREFS="TXT_20"/>
            <SP ID="PAG_8_SP000044" HPOS="2578" VPOS="1305" WIDTH="28"/>
            <String HPOS="2606" VPOS="1305" HEIGHT="30" WIDTH="121" ID="PAG_8_ST000056" WC="1" CONTENT="auriez" STYLEREFS="TXT_20"/>
            <SP ID="PAG_8_SP000045" HPOS="2727" VPOS="1304" WIDTH="28"/>
            <String HPOS="2755" VPOS="1304" HEIGHT="30" WIDTH="78" ID="PAG_8_ST000057" WC="1" CONTENT="tout" STYLEREFS="TXT_20"/>
            <SP ID="PAG_8_SP000046" HPOS="2833" VPOS="1304" WIDTH="28"/>
            <String HPOS="2861" VPOS="1304" HEIGHT="27" WIDTH="49" ID="PAG_8_ST000058" WC="1" CONTENT="in-" SUBS_TYPE="HypPart1" SUBS_CONTENT="intérêt" STYLEREFS="TXT_20"/>
            <HYP HPOS="2910" VPOS="1331" WIDTH="30" CONTENT="-"/>
          </TextLine>
          <TextLine HPOS="2168" VPOS="1344" HEIGHT="38" WIDTH="745" ID="PAG_8_TL000013" STYLEREFS="TXT_20">
            <String HPOS="2168" VPOS="1348" HEIGHT="28" WIDTH="91" ID="PAG_8_ST000059" WC="1" CONTENT="térêt" SUBS_TYPE="HypPart2" SUBS_CONTENT="intérêt" STYLEREFS="TXT_20"/>
            <SP ID="PAG_8_SP000047" HPOS="2259" VPOS="1347" WIDTH="21"/>
            <String HPOS="2280" VPOS="1347" HEIGHT="28" WIDTH="23" ID="PAG_8_ST000060" WC="1" CONTENT="à" STYLEREFS="TXT_20"/>
            <SP ID="PAG_8_SP000048" HPOS="2303" VPOS="1347" WIDTH="22"/>
            <String HPOS="2325" VPOS="1347" HEIGHT="35" WIDTH="190" ID="PAG_8_ST000061" WC="1" CONTENT="reprendre" STYLEREFS="TXT_20"/>
            <SP ID="PAG_8_SP000049" HPOS="2515" VPOS="1348" WIDTH="20"/>
            <String HPOS="2535" VPOS="1348" HEIGHT="26" WIDTH="101" ID="PAG_8_ST000062" WC="1" CONTENT="votre" STYLEREFS="TXT_20"/>
            <SP ID="PAG_8_SP000050" HPOS="2636" VPOS="1345" WIDTH="22"/>
            <String HPOS="2658" VPOS="1345" HEIGHT="29" WIDTH="135" ID="PAG_8_ST000063" WC="1" CONTENT="métier." STYLEREFS="TXT_20"/>
            <SP ID="PAG_8_SP000051" HPOS="2793" VPOS="1344" WIDTH="23"/>
            <String HPOS="2816" VPOS="1344" HEIGHT="29" WIDTH="97" ID="PAG_8_ST000064" WC="1" CONTENT="Vous" STYLEREFS="TXT_20"/>
          </TextLine>
          <TextLine HPOS="2169" VPOS="1383" HEIGHT="38" WIDTH="743" ID="PAG_8_TL000014" STYLEREFS="TXT_20">
            <String HPOS="2169" VPOS="1396" HEIGHT="21" WIDTH="42" ID="PAG_8_ST000065" WC="1" CONTENT="ne" STYLEREFS="TXT_20"/>
            <SP ID="PAG_8_SP000052" HPOS="2211" VPOS="1387" WIDTH="29"/>
            <String HPOS="2240" VPOS="1387" HEIGHT="29" WIDTH="112" ID="PAG_8_ST000066" WC="1" CONTENT="l'avez" STYLEREFS="TXT_20"/>
            <SP ID="PAG_8_SP000053" HPOS="2352" VPOS="1386" WIDTH="29"/>
            <String HPOS="2381" VPOS="1386" HEIGHT="29" WIDTH="258" ID="PAG_8_ST000067" WC="1" CONTENT="certainement" STYLEREFS="TXT_20"/>
            <SP ID="PAG_8_SP000054" HPOS="2639" VPOS="1393" WIDTH="42"/>
            <String HPOS="2681" VPOS="1393" HEIGHT="28" WIDTH="64" ID="PAG_8_ST000068" WC="1" CONTENT="pas" STYLEREFS="TXT_20"/>
            <SP ID="PAG_8_SP000055" HPOS="2745" VPOS="1383" WIDTH="42"/>
            <String HPOS="2787" VPOS="1383" HEIGHT="30" WIDTH="125" ID="PAG_8_ST000069" WC="0.92" CONTENT="oublié." STYLEREFS="TXT_20"/>
          </TextLine>
          <TextLine HPOS="2168" VPOS="1425" HEIGHT="38" WIDTH="746" ID="PAG_8_TL000015" STYLEREFS="TXT_20">
            <String HPOS="2168" VPOS="1430" HEIGHT="27" WIDTH="35" ID="PAG_8_ST000070" WC="1" CONTENT="et" STYLEREFS="TXT_20"/>
            <SP ID="PAG_8_SP000056" HPOS="2203" VPOS="1428" WIDTH="33"/>
            <String HPOS="2236" VPOS="1428" HEIGHT="35" WIDTH="171" ID="PAG_8_ST000071" WC="1" CONTENT="quelques" STYLEREFS="TXT_20"/>
            <SP ID="PAG_8_SP000057" HPOS="2407" VPOS="1433" WIDTH="34"/>
            <String HPOS="2441" VPOS="1433" HEIGHT="22" WIDTH="104" ID="PAG_8_ST000072" WC="1" CONTENT="cours" STYLEREFS="TXT_20"/>
            <SP ID="PAG_8_SP000058" HPOS="2545" VPOS="1433" WIDTH="32"/>
            <String HPOS="2577" VPOS="1433" HEIGHT="21" WIDTH="45" ID="PAG_8_ST000073" WC="1" CONTENT="ou" STYLEREFS="TXT_20"/>
            <SP ID="PAG_8_SP000059" HPOS="2622" VPOS="1432" WIDTH="34"/>
            <String HPOS="2656" VPOS="1432" HEIGHT="22" WIDTH="46" ID="PAG_8_ST000074" WC="1" CONTENT="un" STYLEREFS="TXT_20"/>
            <SP ID="PAG_8_SP000060" HPOS="2702" VPOS="1426" WIDTH="35"/>
            <String HPOS="2737" VPOS="1426" HEIGHT="34" WIDTH="105" ID="PAG_8_ST000075" WC="1" CONTENT="stage" STYLEREFS="TXT_20"/>
            <SP ID="PAG_8_SP000061" HPOS="2842" VPOS="1425" WIDTH="31"/>
            <String HPOS="2873" VPOS="1425" HEIGHT="28" WIDTH="41" ID="PAG_8_ST000076" WC="1" CONTENT="de" STYLEREFS="TXT_20"/>
          </TextLine>
          <TextLine HPOS="2167" VPOS="1465" HEIGHT="39" WIDTH="746" ID="PAG_8_TL000016" STYLEREFS="TXT_20">
            <String HPOS="2167" VPOS="1468" HEIGHT="36" WIDTH="169" ID="PAG_8_ST000077" WC="0.97" CONTENT="quelques" STYLEREFS="TXT_20"/>
            <SP ID="PAG_8_SP000062" HPOS="2336" VPOS="1467" WIDTH="29"/>
            <String HPOS="2365" VPOS="1467" HEIGHT="28" WIDTH="89" ID="PAG_8_ST000078" WC="1" CONTENT="mois" STYLEREFS="TXT_20"/>
            <SP ID="PAG_8_SP000063" HPOS="2454" VPOS="1467" WIDTH="27"/>
            <String HPOS="2481" VPOS="1467" HEIGHT="28" WIDTH="90" ID="PAG_8_ST000079" WC="1" CONTENT="dans" STYLEREFS="TXT_20"/>
            <SP ID="PAG_8_SP000064" HPOS="2571" VPOS="1473" WIDTH="28"/>
            <String HPOS="2599" VPOS="1473" HEIGHT="22" WIDTH="47" ID="PAG_8_ST000080" WC="1" CONTENT="un" STYLEREFS="TXT_20"/>
            <SP ID="PAG_8_SP000065" HPOS="2646" VPOS="1465" WIDTH="27"/>
            <String HPOS="2673" VPOS="1465" HEIGHT="29" WIDTH="125" ID="PAG_8_ST000081" WC="1" CONTENT="atelier" STYLEREFS="TXT_20"/>
            <SP ID="PAG_8_SP000066" HPOS="2798" VPOS="1472" WIDTH="25"/>
            <String HPOS="2823" VPOS="1472" HEIGHT="21" WIDTH="90" ID="PAG_8_ST000082" WC="0.73" CONTENT="vous" STYLEREFS="TXT_20"/>
          </TextLine>
          <TextLine HPOS="2167" VPOS="1506" HEIGHT="34" WIDTH="745" ID="PAG_8_TL000017" STYLEREFS="TXT_20">
            <String HPOS="2167" VPOS="1506" HEIGHT="34" WIDTH="205" ID="PAG_8_ST000083" WC="0.99" CONTENT="rendraient" STYLEREFS="TXT_20"/>
            <SP ID="PAG_8_SP000067" HPOS="2372" VPOS="1507" WIDTH="28"/>
            <String HPOS="2400" VPOS="1507" HEIGHT="29" WIDTH="260" ID="PAG_8_ST000084" WC="1" CONTENT="certainement" STYLEREFS="TXT_20"/>
            <SP ID="PAG_8_SP000068" HPOS="2660" VPOS="1507" WIDTH="27"/>
            <String HPOS="2687" VPOS="1507" HEIGHT="29" WIDTH="99" ID="PAG_8_ST000085" WC="1" CONTENT="toute" STYLEREFS="TXT_20"/>
            <SP ID="PAG_8_SP000069" HPOS="2786" VPOS="1507" WIDTH="27"/>
            <String HPOS="2813" VPOS="1507" HEIGHT="27" WIDTH="99" ID="PAG_8_ST000086" WC="1" CONTENT="votre" STYLEREFS="TXT_20"/>
          </TextLine>
          <TextLine HPOS="2167" VPOS="1545" HEIGHT="35" WIDTH="773" ID="PAG_8_TL000018" STYLEREFS="TXT_20">
            <String HPOS="2167" VPOS="1548" HEIGHT="30" WIDTH="164" ID="PAG_8_ST000087" WC="1" CONTENT="habileté." STYLEREFS="TXT_20"/>
            <SP ID="PAG_8_SP000070" HPOS="2331" VPOS="1548" WIDTH="34"/>
            <String HPOS="2365" VPOS="1548" HEIGHT="29" WIDTH="97" ID="PAG_8_ST000088" WC="1" CONTENT="Vcus" STYLEREFS="TXT_20"/>
            <SP ID="PAG_8_SP000071" HPOS="2462" VPOS="1547" WIDTH="32"/>
            <String HPOS="2494" VPOS="1547" HEIGHT="33" WIDTH="161" ID="PAG_8_ST000089" WC="1" CONTENT="pourriez" STYLEREFS="TXT_20"/>
            <SP ID="PAG_8_SP000072" HPOS="2655" VPOS="1546" WIDTH="45"/>
            <String HPOS="2700" VPOS="1546" HEIGHT="28" WIDTH="95" ID="PAG_8_ST000090" WC="1" CONTENT="alors" STYLEREFS="TXT_20"/>
            <SP ID="PAG_8_SP000073" HPOS="2795" VPOS="1545" WIDTH="45"/>
            <String HPOS="2840" VPOS="1545" HEIGHT="28" WIDTH="70" ID="PAG_8_ST000091" WC="1" CONTENT="tra-" SUBS_TYPE="HypPart1" SUBS_CONTENT="tra-vailier" STYLEREFS="TXT_20"/>
            <HYP HPOS="2910" VPOS="1573" WIDTH="30" CONTENT="-"/>
          </TextLine>
          <TextLine HPOS="2166" VPOS="1587" HEIGHT="35" WIDTH="746" ID="PAG_8_TL000019" STYLEREFS="TXT_20">
            <String HPOS="2166" VPOS="1587" HEIGHT="32" WIDTH="124" ID="PAG_8_ST000092" WC="0.94" CONTENT="vailier" SUBS_TYPE="HypPart2" SUBS_CONTENT="tra-vailier" STYLEREFS="TXT_20"/>
            <SP ID="PAG_8_SP000074" HPOS="2290" VPOS="1596" WIDTH="24"/>
            <String HPOS="2314" VPOS="1596" HEIGHT="22" WIDTH="42" ID="PAG_8_ST000093" WC="1" CONTENT="en" STYLEREFS="TXT_20"/>
            <SP ID="PAG_8_SP000075" HPOS="2356" VPOS="1588" WIDTH="25"/>
            <String HPOS="2381" VPOS="1588" HEIGHT="29" WIDTH="170" ID="PAG_8_ST000094" WC="1" CONTENT="chambre" STYLEREFS="TXT_20"/>
            <SP ID="PAG_8_SP000076" HPOS="2551" VPOS="1595" WIDTH="31"/>
            <String HPOS="2582" VPOS="1595" HEIGHT="21" WIDTH="6" ID="PAG_8_ST000095" WC="1" CONTENT=":" STYLEREFS="TXT_20"/>
            <SP ID="PAG_8_SP000077" HPOS="2588" VPOS="1595" WIDTH="27"/>
            <String HPOS="2615" VPOS="1595" HEIGHT="22" WIDTH="39" ID="PAG_8_ST000096" WC="0.98" CONTENT="ce" STYLEREFS="TXT_20"/>
            <SP ID="PAG_8_SP000078" HPOS="2654" VPOS="1587" WIDTH="24"/>
            <String HPOS="2678" VPOS="1587" HEIGHT="32" WIDTH="121" ID="PAG_8_ST000097" WC="0.98" CONTENT="serait," STYLEREFS="TXT_20"/>
            <SP ID="PAG_8_SP000079" HPOS="2799" VPOS="1594" WIDTH="27"/>
            <String HPOS="2826" VPOS="1594" HEIGHT="28" WIDTH="86" ID="PAG_8_ST000098" WC="1" CONTENT="pour" STYLEREFS="TXT_20"/>
          </TextLine>
          <TextLine HPOS="2168" VPOS="1627" HEIGHT="38" WIDTH="744" ID="PAG_8_TL000020" STYLEREFS="TXT_20">
            <String HPOS="2168" VPOS="1636" HEIGHT="27" WIDTH="97" ID="PAG_8_ST000099" WC="1" CONTENT="vous," STYLEREFS="TXT_20"/>
            <SP ID="PAG_8_SP000080" HPOS="2265" VPOS="1630" WIDTH="39"/>
            <String HPOS="2304" VPOS="1630" HEIGHT="35" WIDTH="79" ID="PAG_8_ST000100" WC="1" CONTENT="plus" STYLEREFS="TXT_20"/>
            <SP ID="PAG_8_SP000081" HPOS="2383" VPOS="1629" WIDTH="35"/>
            <String HPOS="2418" VPOS="1629" HEIGHT="28" WIDTH="63" ID="PAG_8_ST000101" WC="0.85" CONTENT="sûr" STYLEREFS="TXT_20"/>
            <SP ID="PAG_8_SP000082" HPOS="2481" VPOS="1635" WIDTH="46"/>
            <String HPOS="2527" VPOS="1635" HEIGHT="30" WIDTH="67" ID="PAG_8_ST000102" WC="1" CONTENT="que" STYLEREFS="TXT_20"/>
            <SP ID="PAG_8_SP000083" HPOS="2594" VPOS="1628" WIDTH="47"/>
            <String HPOS="2641" VPOS="1628" HEIGHT="29" WIDTH="35" ID="PAG_8_ST000103" WC="0.82" CONTENT="la." STYLEREFS="TXT_20"/>
            <SP ID="PAG_8_SP000084" HPOS="2676" VPOS="1627" WIDTH="47"/>
            <String HPOS="2723" VPOS="1627" HEIGHT="29" WIDTH="189" ID="PAG_8_ST000104" WC="1" CONTENT="recherche" STYLEREFS="TXT_20"/>
          </TextLine>
          <TextLine HPOS="2166" VPOS="1669" HEIGHT="37" WIDTH="250" ID="PAG_8_TL000021" STYLEREFS="TXT_20">
            <String HPOS="2166" VPOS="1671" HEIGHT="28" WIDTH="85" ID="PAG_8_ST000105" WC="1" CONTENT="d'un" STYLEREFS="TXT_20"/>
            <SP ID="PAG_8_SP000085" HPOS="2251" VPOS="1669" WIDTH="28"/>
            <String HPOS="2279" VPOS="1669" HEIGHT="37" WIDTH="137" ID="PAG_8_ST000106" WC="1" CONTENT="emploi." STYLEREFS="TXT_20"/>
          </TextLine>
        </TextBlock>
        <TextBlock HPOS="2231" VPOS="1751" HEIGHT="35" WIDTH="337" ID="PAG_8_TB000005" TAGREFS="TAG_ST003" LANG="fr" STYLEREFS="TXT_18">
          <TextLine HPOS="2231" VPOS="1751" HEIGHT="35" WIDTH="337" ID="PAG_8_TL000022" STYLEREFS="TXT_18">
            <String HPOS="2231" VPOS="1751" HEIGHT="35" WIDTH="102" ID="PAG_8_ST000107" WC="1" CONTENT="Cricri" STYLEREFS="TXT_18"/>
            <SP ID="PAG_8_SP000086" HPOS="2333" VPOS="1755" WIDTH="26"/>
            <String HPOS="2359" VPOS="1755" HEIGHT="30" WIDTH="34" ID="PAG_8_ST000108" WC="1" CONTENT="et" STYLEREFS="TXT_18"/>
            <SP ID="PAG_8_SP000087" HPOS="2393" VPOS="1752" WIDTH="27"/>
            <String HPOS="2420" VPOS="1752" HEIGHT="33" WIDTH="148" ID="PAG_8_ST000109" WC="1" CONTENT="Nounou." STYLEREFS="TXT_18"/>
          </TextLine>
        </TextBlock>
        <TextBlock HPOS="2164" VPOS="1826" HEIGHT="315" WIDTH="777" ID="PAG_8_TB000006" LANG="fr" STYLEREFS="TXT_20">
          <TextLine HPOS="2204" VPOS="1826" HEIGHT="39" WIDTH="707" ID="PAG_8_TL000023" STYLEREFS="TXT_20">
            <String HPOS="2204" VPOS="1830" HEIGHT="35" WIDTH="90" ID="PAG_8_ST000110" WC="1" CONTENT="Non," STYLEREFS="TXT_20"/>
            <SP ID="PAG_8_SP000088" HPOS="2294" VPOS="1830" WIDTH="25"/>
            <String HPOS="2319" VPOS="1830" HEIGHT="28" WIDTH="32" ID="PAG_8_ST000111" WC="1" CONTENT="le" STYLEREFS="TXT_20"/>
            <SP ID="PAG_8_SP000089" HPOS="2351" VPOS="1829" WIDTH="21"/>
            <String HPOS="2372" VPOS="1829" HEIGHT="28" WIDTH="143" ID="PAG_8_ST000112" WC="1" CONTENT="tailleur" STYLEREFS="TXT_20"/>
            <SP ID="PAG_8_SP000090" HPOS="2515" VPOS="1828" WIDTH="22"/>
            <String HPOS="2537" VPOS="1828" HEIGHT="29" WIDTH="42" ID="PAG_8_ST000113" WC="1" CONTENT="de" STYLEREFS="TXT_20"/>
            <SP ID="PAG_8_SP000091" HPOS="2579" VPOS="1828" WIDTH="22"/>
            <String HPOS="2601" VPOS="1828" HEIGHT="32" WIDTH="152" ID="PAG_8_ST000114" WC="1" CONTENT="velours," STYLEREFS="TXT_20"/>
            <SP ID="PAG_8_SP000092" HPOS="2753" VPOS="1826" WIDTH="23"/>
            <String HPOS="2776" VPOS="1826" HEIGHT="36" WIDTH="61" ID="PAG_8_ST000115" WC="1" CONTENT="qui" STYLEREFS="TXT_20"/>
            <SP ID="PAG_8_SP000093" HPOS="2837" VPOS="1830" WIDTH="23"/>
            <String HPOS="2860" VPOS="1830" HEIGHT="25" WIDTH="51" ID="PAG_8_ST000116" WC="1" CONTENT="est" STYLEREFS="TXT_20"/>
          </TextLine>
          <TextLine HPOS="2165" VPOS="1868" HEIGHT="39" WIDTH="747" ID="PAG_8_TL000024" STYLEREFS="TXT_20">
            <String HPOS="2165" VPOS="1871" HEIGHT="36" WIDTH="137" ID="PAG_8_ST000117" WC="1" CONTENT="parfait" STYLEREFS="TXT_20"/>
            <SP ID="PAG_8_SP000094" HPOS="2302" VPOS="1876" WIDTH="31"/>
            <String HPOS="2333" VPOS="1876" HEIGHT="30" WIDTH="89" ID="PAG_8_ST000118" WC="1" CONTENT="pour" STYLEREFS="TXT_20"/>
            <SP ID="PAG_8_SP000095" HPOS="2422" VPOS="1870" WIDTH="32"/>
            <String HPOS="2454" VPOS="1870" HEIGHT="28" WIDTH="35" ID="PAG_8_ST000119" WC="1" CONTENT="la" STYLEREFS="TXT_20"/>
            <SP ID="PAG_8_SP000096" HPOS="2489" VPOS="1868" WIDTH="32"/>
            <String HPOS="2521" VPOS="1868" HEIGHT="32" WIDTH="243" ID="PAG_8_ST000120" WC="1" CONTENT="demi-saison," STYLEREFS="TXT_20"/>
            <SP ID="PAG_8_SP000097" HPOS="2764" VPOS="1874" WIDTH="36"/>
            <String HPOS="2800" VPOS="1874" HEIGHT="21" WIDTH="44" ID="PAG_8_ST000121" WC="1" CONTENT="ne" STYLEREFS="TXT_20"/>
            <SP ID="PAG_8_SP000098" HPOS="2844" VPOS="1874" WIDTH="32"/>
            <String HPOS="2876" VPOS="1874" HEIGHT="21" WIDTH="36" ID="PAG_8_ST000122" WC="1" CONTENT="se" STYLEREFS="TXT_20"/>
          </TextLine>
          <TextLine HPOS="2165" VPOS="1907" HEIGHT="40" WIDTH="747" ID="PAG_8_TL000025" STYLEREFS="TXT_20">
            <String HPOS="2165" VPOS="1911" HEIGHT="29" WIDTH="72" ID="PAG_8_ST000123" WC="1" CONTENT="met" STYLEREFS="TXT_20"/>
            <SP ID="PAG_8_SP000099" HPOS="2237" VPOS="1912" WIDTH="42"/>
            <String HPOS="2279" VPOS="1912" HEIGHT="35" WIDTH="79" ID="PAG_8_ST000124" WC="1" CONTENT="plus" STYLEREFS="TXT_20"/>
            <SP ID="PAG_8_SP000100" HPOS="2358" VPOS="1910" WIDTH="42"/>
            <String HPOS="2400" VPOS="1910" HEIGHT="29" WIDTH="90" ID="PAG_8_ST000125" WC="1" CONTENT="l'été." STYLEREFS="TXT_20"/>
            <SP ID="PAG_8_SP000101" HPOS="2490" VPOS="1909" WIDTH="43"/>
            <String HPOS="2533" VPOS="1909" HEIGHT="28" WIDTH="42" ID="PAG_8_ST000126" WC="1" CONTENT="Je" STYLEREFS="TXT_20"/>
            <SP ID="PAG_8_SP000102" HPOS="2575" VPOS="1915" WIDTH="41"/>
            <String HPOS="2616" VPOS="1915" HEIGHT="21" WIDTH="89" ID="PAG_8_ST000127" WC="1" CONTENT="vous" STYLEREFS="TXT_20"/>
            <SP ID="PAG_8_SP000103" HPOS="2705" VPOS="1907" WIDTH="42"/>
            <String HPOS="2747" VPOS="1907" HEIGHT="29" WIDTH="165" ID="PAG_8_ST000128" WC="1" CONTENT="conseille" STYLEREFS="TXT_20"/>
          </TextLine>
          <TextLine HPOS="2165" VPOS="1947" HEIGHT="41" WIDTH="775" ID="PAG_8_TL000026" STYLEREFS="TXT_20">
            <String HPOS="2165" VPOS="1951" HEIGHT="37" WIDTH="117" ID="PAG_8_ST000129" WC="1" CONTENT="plutôt" STYLEREFS="TXT_20"/>
            <SP ID="PAG_8_SP000104" HPOS="2282" VPOS="1958" WIDTH="43"/>
            <String HPOS="2325" VPOS="1958" HEIGHT="22" WIDTH="48" ID="PAG_8_ST000130" WC="1" CONTENT="un" STYLEREFS="TXT_20"/>
            <SP ID="PAG_8_SP000105" HPOS="2373" VPOS="1950" WIDTH="45"/>
            <String HPOS="2418" VPOS="1950" HEIGHT="32" WIDTH="189" ID="PAG_8_ST000131" WC="1" CONTENT="ensemble," STYLEREFS="TXT_20"/>
            <SP ID="PAG_8_SP000106" HPOS="2607" VPOS="1948" WIDTH="47"/>
            <String HPOS="2654" VPOS="1948" HEIGHT="29" WIDTH="83" ID="PAG_8_ST000132" WC="1" CONTENT="robe" STYLEREFS="TXT_20"/>
            <SP ID="PAG_8_SP000107" HPOS="2737" VPOS="1948" WIDTH="45"/>
            <String HPOS="2782" VPOS="1948" HEIGHT="28" WIDTH="35" ID="PAG_8_ST000133" WC="1" CONTENT="et" STYLEREFS="TXT_20"/>
            <SP ID="PAG_8_SP000108" HPOS="2817" VPOS="1947" WIDTH="43"/>
            <String HPOS="2860" VPOS="1947" HEIGHT="35" WIDTH="50" ID="PAG_8_ST000134" WC="1" CONTENT="ja-" SUBS_TYPE="HypPart1" SUBS_CONTENT="jaquette," STYLEREFS="TXT_20"/>
            <HYP HPOS="2910" VPOS="1982" WIDTH="30" CONTENT="-"/>
          </TextLine>
          <TextLine HPOS="2165" VPOS="1987" HEIGHT="40" WIDTH="747" ID="PAG_8_TL000027" STYLEREFS="TXT_20">
            <String HPOS="2165" VPOS="1994" HEIGHT="33" WIDTH="132" ID="PAG_8_ST000135" WC="1" CONTENT="quette," SUBS_TYPE="HypPart2" SUBS_CONTENT="jaquette," STYLEREFS="TXT_20"/>
            <SP ID="PAG_8_SP000109" HPOS="2297" VPOS="1998" WIDTH="35"/>
            <String HPOS="2332" VPOS="1998" HEIGHT="22" WIDTH="43" ID="PAG_8_ST000136" WC="1" CONTENT="en" STYLEREFS="TXT_20"/>
            <SP ID="PAG_8_SP000110" HPOS="2375" VPOS="1991" WIDTH="30"/>
            <String HPOS="2405" VPOS="1991" HEIGHT="35" WIDTH="103" ID="PAG_8_ST000137" WC="1" CONTENT="crêpe" STYLEREFS="TXT_20"/>
            <SP ID="PAG_8_SP000111" HPOS="2508" VPOS="1990" WIDTH="28"/>
            <String HPOS="2536" VPOS="1990" HEIGHT="28" WIDTH="43" ID="PAG_8_ST000138" WC="1" CONTENT="de" STYLEREFS="TXT_20"/>
            <SP ID="PAG_8_SP000112" HPOS="2579" VPOS="1988" WIDTH="29"/>
            <String HPOS="2608" VPOS="1988" HEIGHT="29" WIDTH="113" ID="PAG_8_ST000139" WC="1" CONTENT="Chine" STYLEREFS="TXT_20"/>
            <SP ID="PAG_8_SP000113" HPOS="2721" VPOS="1987" WIDTH="30"/>
            <String HPOS="2751" VPOS="1987" HEIGHT="36" WIDTH="161" ID="PAG_8_ST000140" WC="1" CONTENT="imprimé" STYLEREFS="TXT_20"/>
          </TextLine>
          <TextLine HPOS="2165" VPOS="2027" HEIGHT="41" WIDTH="776" ID="PAG_8_TL000028" STYLEREFS="TXT_20">
            <String HPOS="2165" VPOS="2034" HEIGHT="28" WIDTH="42" ID="PAG_8_ST000141" WC="1" CONTENT="de" STYLEREFS="TXT_20"/>
            <SP ID="PAG_8_SP000114" HPOS="2207" VPOS="2033" WIDTH="23"/>
            <String HPOS="2230" VPOS="2033" HEIGHT="35" WIDTH="109" ID="PAG_8_ST000142" WC="1" CONTENT="petits" STYLEREFS="TXT_20"/>
            <SP ID="PAG_8_SP000115" HPOS="2339" VPOS="2031" WIDTH="24"/>
            <String HPOS="2363" VPOS="2031" HEIGHT="29" WIDTH="135" ID="PAG_8_ST000143" WC="1" CONTENT="motifs." STYLEREFS="TXT_20"/>
            <SP ID="PAG_8_SP000116" HPOS="2498" VPOS="2029" WIDTH="26"/>
            <String HPOS="2524" VPOS="2029" HEIGHT="29" WIDTH="123" ID="PAG_8_ST000144" WC="1" CONTENT="Faites" STYLEREFS="TXT_20"/>
            <SP ID="PAG_8_SP000117" HPOS="2647" VPOS="2029" WIDTH="23"/>
            <String HPOS="2670" VPOS="2029" HEIGHT="27" WIDTH="35" ID="PAG_8_ST000145" WC="1" CONTENT="la" STYLEREFS="TXT_20"/>
            <SP ID="PAG_8_SP000118" HPOS="2705" VPOS="2027" WIDTH="22"/>
            <String HPOS="2727" VPOS="2027" HEIGHT="37" WIDTH="111" ID="PAG_8_ST000146" WC="1" CONTENT="petite" STYLEREFS="TXT_20"/>
            <SP ID="PAG_8_SP000119" HPOS="2838" VPOS="2027" WIDTH="22"/>
            <String HPOS="2860" VPOS="2027" HEIGHT="34" WIDTH="51" ID="PAG_8_ST000147" WC="1" CONTENT="ja-" SUBS_TYPE="HypPart1" SUBS_CONTENT="jaquette" STYLEREFS="TXT_20"/>
            <HYP HPOS="2911" VPOS="2061" WIDTH="30" CONTENT="-"/>
          </TextLine>
          <TextLine HPOS="2164" VPOS="2067" HEIGHT="42" WIDTH="747" ID="PAG_8_TL000029" STYLEREFS="TXT_20">
            <String HPOS="2164" VPOS="2074" HEIGHT="35" WIDTH="123" ID="PAG_8_ST000148" WC="1" CONTENT="quette" SUBS_TYPE="HypPart2" SUBS_CONTENT="jaquette" STYLEREFS="TXT_20"/>
            <SP ID="PAG_8_SP000120" HPOS="2287" VPOS="2073" WIDTH="28"/>
            <String HPOS="2315" VPOS="2073" HEIGHT="28" WIDTH="87" ID="PAG_8_ST000149" WC="1" CONTENT="dont" STYLEREFS="TXT_20"/>
            <SP ID="PAG_8_SP000121" HPOS="2402" VPOS="2078" WIDTH="29"/>
            <String HPOS="2431" VPOS="2078" HEIGHT="21" WIDTH="88" ID="PAG_8_ST000150" WC="1" CONTENT="vous" STYLEREFS="TXT_20"/>
            <SP ID="PAG_8_SP000122" HPOS="2519" VPOS="2078" WIDTH="30"/>
            <String HPOS="2549" VPOS="2078" HEIGHT="21" WIDTH="57" ID="PAG_8_ST000151" WC="1" CONTENT="me" STYLEREFS="TXT_20"/>
            <SP ID="PAG_8_SP000123" HPOS="2606" VPOS="2069" WIDTH="29"/>
            <String HPOS="2635" VPOS="2069" HEIGHT="37" WIDTH="119" ID="PAG_8_ST000152" WC="1" CONTENT="parlez" STYLEREFS="TXT_20"/>
            <SP ID="PAG_8_SP000124" HPOS="2754" VPOS="2075" WIDTH="30"/>
            <String HPOS="2784" VPOS="2075" HEIGHT="21" WIDTH="43" ID="PAG_8_ST000153" WC="1" CONTENT="en" STYLEREFS="TXT_20"/>
            <SP ID="PAG_8_SP000125" HPOS="2827" VPOS="2067" WIDTH="31"/>
            <String HPOS="2858" VPOS="2067" HEIGHT="28" WIDTH="53" ID="PAG_8_ST000154" WC="1" CONTENT="bel" STYLEREFS="TXT_20"/>
          </TextLine>
          <TextLine HPOS="2164" VPOS="2111" HEIGHT="30" WIDTH="349" ID="PAG_8_TL000030" STYLEREFS="TXT_20">
            <String HPOS="2164" VPOS="2112" HEIGHT="29" WIDTH="162" ID="PAG_8_ST000155" WC="1" CONTENT="ottoman" STYLEREFS="TXT_20"/>
            <SP ID="PAG_8_SP000126" HPOS="2326" VPOS="2112" WIDTH="31"/>
            <String HPOS="2357" VPOS="2112" HEIGHT="29" WIDTH="43" ID="PAG_8_ST000156" WC="1" CONTENT="de" STYLEREFS="TXT_20"/>
            <SP ID="PAG_8_SP000127" HPOS="2400" VPOS="2111" WIDTH="30"/>
            <String HPOS="2430" VPOS="2111" HEIGHT="30" WIDTH="83" ID="PAG_8_ST000157" WC="1" CONTENT="soie." STYLEREFS="TXT_20"/>
          </TextLine>
        </TextBlock>
        <TextBlock HPOS="2167" VPOS="2201" HEIGHT="141" WIDTH="747" ID="PAG_8_TB000007" TAGREFS="TAG_ST004" LANG="fr" STYLEREFS="TXT_18">
          <TextLine HPOS="2231" VPOS="2201" HEIGHT="44" WIDTH="683" ID="PAG_8_TL000031" STYLEREFS="TXT_18">
            <String HPOS="2231" VPOS="2203" HEIGHT="38" WIDTH="198" ID="PAG_8_ST000158" WC="1" CONTENT="Cinderella." STYLEREFS="TXT_18"/>
            <SP ID="PAG_8_SP000128" HPOS="2429" VPOS="2225" WIDTH="20"/>
            <String HPOS="2449" VPOS="2225" HEIGHT="6" WIDTH="43" ID="PAG_8_ST000159" WC="0.88" CONTENT="—" STYLEREFS="TXT_18"/>
            <SP ID="PAG_8_SP000129" HPOS="2492" VPOS="2204" WIDTH="22"/>
            <String HPOS="2514" VPOS="2204" HEIGHT="41" WIDTH="116" ID="PAG_8_ST000160" WC="1" CONTENT="Quelle" STYLEREFS="TXT_18"/>
            <SP ID="PAG_8_SP000130" HPOS="2630" VPOS="2208" WIDTH="23"/>
            <String HPOS="2653" VPOS="2208" HEIGHT="28" WIDTH="99" ID="PAG_8_ST000161" WC="1" CONTENT="tenue" STYLEREFS="TXT_18"/>
            <SP ID="PAG_8_SP000131" HPOS="2752" VPOS="2201" WIDTH="23"/>
            <String HPOS="2775" VPOS="2201" HEIGHT="44" WIDTH="139" ID="PAG_8_ST000162" WC="1" CONTENT="adopter" STYLEREFS="TXT_18"/>
          </TextLine>
          <TextLine HPOS="2168" VPOS="2248" HEIGHT="48" WIDTH="746" ID="PAG_8_TL000032" STYLEREFS="TXT_18">
            <String HPOS="2168" VPOS="2265" HEIGHT="31" WIDTH="79" ID="PAG_8_ST000163" WC="1" CONTENT="pour" STYLEREFS="TXT_18"/>
            <SP ID="PAG_8_SP000132" HPOS="2247" VPOS="2264" WIDTH="23"/>
            <String HPOS="2270" VPOS="2264" HEIGHT="21" WIDTH="49" ID="PAG_8_ST000164" WC="1" CONTENT="me" STYLEREFS="TXT_18"/>
            <SP ID="PAG_8_SP000133" HPOS="2319" VPOS="2254" WIDTH="25"/>
            <String HPOS="2344" VPOS="2254" HEIGHT="35" WIDTH="122" ID="PAG_8_ST000165" WC="1" CONTENT="marier," STYLEREFS="TXT_18"/>
            <SP ID="PAG_8_SP000134" HPOS="2466" VPOS="2263" WIDTH="24"/>
            <String HPOS="2490" VPOS="2263" HEIGHT="21" WIDTH="38" ID="PAG_8_ST000166" WC="1" CONTENT="au" STYLEREFS="TXT_18"/>
            <SP ID="PAG_8_SP000135" HPOS="2528" VPOS="2252" WIDTH="26"/>
            <String HPOS="2554" VPOS="2252" HEIGHT="32" WIDTH="78" ID="PAG_8_ST000167" WC="1" CONTENT="mois" STYLEREFS="TXT_18"/>
            <SP ID="PAG_8_SP000136" HPOS="2632" VPOS="2249" WIDTH="23"/>
            <String HPOS="2655" VPOS="2249" HEIGHT="34" WIDTH="42" ID="PAG_8_ST000168" WC="1" CONTENT="de" STYLEREFS="TXT_18"/>
            <SP ID="PAG_8_SP000137" HPOS="2697" VPOS="2261" WIDTH="24"/>
            <String HPOS="2721" VPOS="2261" HEIGHT="25" WIDTH="91" ID="PAG_8_ST000169" WC="1" CONTENT="mars," STYLEREFS="TXT_18"/>
            <SP ID="PAG_8_SP000138" HPOS="2812" VPOS="2248" WIDTH="25"/>
            <String HPOS="2837" VPOS="2248" HEIGHT="33" WIDTH="77" ID="PAG_8_ST000170" WC="1" CONTENT="dans" STYLEREFS="TXT_18"/>
          </TextLine>
          <TextLine HPOS="2167" VPOS="2295" HEIGHT="47" WIDTH="462" ID="PAG_8_TL000033" STYLEREFS="TXT_18">
            <String HPOS="2167" VPOS="2299" HEIGHT="34" WIDTH="26" ID="PAG_8_ST000171" WC="1" CONTENT="la" STYLEREFS="TXT_18"/>
            <SP ID="PAG_8_SP000139" HPOS="2193" VPOS="2298" WIDTH="29"/>
            <String HPOS="2222" VPOS="2298" HEIGHT="44" WIDTH="67" ID="PAG_8_ST000172" WC="1" CONTENT="plus" STYLEREFS="TXT_18"/>
            <SP ID="PAG_8_SP000140" HPOS="2289" VPOS="2300" WIDTH="25"/>
            <String HPOS="2314" VPOS="2300" HEIGHT="32" WIDTH="109" ID="PAG_8_ST000173" WC="1" CONTENT="stricte" STYLEREFS="TXT_18"/>
            <SP ID="PAG_8_SP000141" HPOS="2423" VPOS="2298" WIDTH="27"/>
            <String HPOS="2450" VPOS="2298" HEIGHT="33" WIDTH="135" ID="PAG_8_ST000174" WC="1" CONTENT="Intimité" STYLEREFS="TXT_18"/>
            <SP ID="PAG_8_SP000142" HPOS="2585" VPOS="2295" WIDTH="28"/>
            <String HPOS="2613" VPOS="2295" HEIGHT="34" WIDTH="16" ID="PAG_8_ST000175" WC="0.77" CONTENT="?" STYLEREFS="TXT_18"/>
          </TextLine>
        </TextBlock>
        <TextBlock HPOS="2166" VPOS="2372" HEIGHT="155" WIDTH="778" ID="PAG_8_TB000008" LANG="fr" STYLEREFS="TXT_20">
          <TextLine HPOS="2204" VPOS="2372" HEIGHT="34" WIDTH="740" ID="PAG_8_TL000034" STYLEREFS="TXT_20">
            <String HPOS="2204" VPOS="2376" HEIGHT="30" WIDTH="111" ID="PAG_8_ST000176" WC="1" CONTENT="Votre" STYLEREFS="TXT_20"/>
            <SP ID="PAG_8_SP000143" HPOS="2315" VPOS="2375" WIDTH="26"/>
            <String HPOS="2341" VPOS="2375" HEIGHT="29" WIDTH="76" ID="PAG_8_ST000177" WC="0.96" CONTENT="Idée" STYLEREFS="TXT_20"/>
            <SP ID="PAG_8_SP000144" HPOS="2417" VPOS="2374" WIDTH="28"/>
            <String HPOS="2445" VPOS="2374" HEIGHT="29" WIDTH="54" ID="PAG_8_ST000178" WC="1" CONTENT="est" STYLEREFS="TXT_20"/>
            <SP ID="PAG_8_SP000145" HPOS="2499" VPOS="2373" WIDTH="26"/>
            <String HPOS="2525" VPOS="2373" HEIGHT="29" WIDTH="206" ID="PAG_8_ST000179" WC="1" CONTENT="excellente." STYLEREFS="TXT_20"/>
            <SP ID="PAG_8_SP000146" HPOS="2731" VPOS="2372" WIDTH="29"/>
            <String HPOS="2760" VPOS="2372" HEIGHT="28" WIDTH="49" ID="PAG_8_ST000180" WC="1" CONTENT="Le" STYLEREFS="TXT_20"/>
            <SP ID="PAG_8_SP000147" HPOS="2809" VPOS="2372" WIDTH="27"/>
            <String HPOS="2836" VPOS="2372" HEIGHT="28" WIDTH="78" ID="PAG_8_ST000181" WC="1" CONTENT="tail-" SUBS_TYPE="HypPart1" SUBS_CONTENT="tailleur" STYLEREFS="TXT_20"/>
            <HYP HPOS="2914" VPOS="2400" WIDTH="30" CONTENT="-"/>
          </TextLine>
          <TextLine HPOS="2166" VPOS="2411" HEIGHT="38" WIDTH="776" ID="PAG_8_TL000035" STYLEREFS="TXT_20">
            <String HPOS="2166" VPOS="2419" HEIGHT="27" WIDTH="76" ID="PAG_8_ST000182" WC="1" CONTENT="leur" SUBS_TYPE="HypPart2" SUBS_CONTENT="tailleur" STYLEREFS="TXT_20"/>
            <SP ID="PAG_8_SP000148" HPOS="2242" VPOS="2417" WIDTH="22"/>
            <String HPOS="2264" VPOS="2417" HEIGHT="28" WIDTH="80" ID="PAG_8_ST000183" WC="1" CONTENT="bleu" STYLEREFS="TXT_20"/>
            <SP ID="PAG_8_SP000149" HPOS="2344" VPOS="2414" WIDTH="23"/>
            <String HPOS="2367" VPOS="2414" HEIGHT="30" WIDTH="138" ID="PAG_8_ST000184" WC="1" CONTENT="marine" STYLEREFS="TXT_20"/>
            <SP ID="PAG_8_SP000150" HPOS="2505" VPOS="2414" WIDTH="22"/>
            <String HPOS="2527" VPOS="2414" HEIGHT="29" WIDTH="111" ID="PAG_8_ST000185" WC="1" CONTENT="serait" STYLEREFS="TXT_20"/>
            <SP ID="PAG_8_SP000151" HPOS="2638" VPOS="2412" WIDTH="22"/>
            <String HPOS="2660" VPOS="2412" HEIGHT="37" WIDTH="147" ID="PAG_8_ST000186" WC="1" CONTENT="parfait." STYLEREFS="TXT_20"/>
            <SP ID="PAG_8_SP000152" HPOS="2807" VPOS="2411" WIDTH="26"/>
            <String HPOS="2833" VPOS="2411" HEIGHT="29" WIDTH="79" ID="PAG_8_ST000187" WC="1" CONTENT="Fai-" SUBS_TYPE="HypPart1" SUBS_CONTENT="Faites" STYLEREFS="TXT_20"/>
            <HYP HPOS="2912" VPOS="2440" WIDTH="30" CONTENT="-"/>
          </TextLine>
          <TextLine HPOS="2168" VPOS="2453" HEIGHT="40" WIDTH="744" ID="PAG_8_TL000036" STYLEREFS="TXT_20">
            <String HPOS="2168" VPOS="2460" HEIGHT="26" WIDTH="54" ID="PAG_8_ST000188" WC="1" CONTENT="tes" SUBS_TYPE="HypPart2" SUBS_CONTENT="Faites" STYLEREFS="TXT_20"/>
            <SP ID="PAG_8_SP000153" HPOS="2222" VPOS="2458" WIDTH="32"/>
            <String HPOS="2254" VPOS="2458" HEIGHT="27" WIDTH="35" ID="PAG_8_ST000189" WC="1" CONTENT="la" STYLEREFS="TXT_20"/>
            <SP ID="PAG_8_SP000154" HPOS="2289" VPOS="2456" WIDTH="31"/>
            <String HPOS="2320" VPOS="2456" HEIGHT="37" WIDTH="110" ID="PAG_8_ST000190" WC="1" CONTENT="petite" STYLEREFS="TXT_20"/>
            <SP ID="PAG_8_SP000155" HPOS="2430" VPOS="2455" WIDTH="33"/>
            <String HPOS="2463" VPOS="2455" HEIGHT="28" WIDTH="123" ID="PAG_8_ST000191" WC="1" CONTENT="blouse" STYLEREFS="TXT_20"/>
            <SP ID="PAG_8_SP000156" HPOS="2586" VPOS="2460" WIDTH="29"/>
            <String HPOS="2615" VPOS="2460" HEIGHT="21" WIDTH="46" ID="PAG_8_ST000192" WC="1" CONTENT="en" STYLEREFS="TXT_20"/>
            <SP ID="PAG_8_SP000157" HPOS="2661" VPOS="2453" WIDTH="32"/>
            <String HPOS="2693" VPOS="2453" HEIGHT="35" WIDTH="103" ID="PAG_8_ST000193" WC="1" CONTENT="crêpe" STYLEREFS="TXT_20"/>
            <SP ID="PAG_8_SP000158" HPOS="2796" VPOS="2453" WIDTH="31"/>
            <String HPOS="2827" VPOS="2453" HEIGHT="30" WIDTH="85" ID="PAG_8_ST000194" WC="1" CONTENT="mat," STYLEREFS="TXT_20"/>
          </TextLine>
          <TextLine HPOS="2169" VPOS="2494" HEIGHT="33" WIDTH="490" ID="PAG_8_TL000037" STYLEREFS="TXT_20">
            <String HPOS="2169" VPOS="2505" HEIGHT="22" WIDTH="43" ID="PAG_8_ST000195" WC="1" CONTENT="en" STYLEREFS="TXT_20"/>
            <SP ID="PAG_8_SP000159" HPOS="2212" VPOS="2498" WIDTH="24"/>
            <String HPOS="2236" VPOS="2498" HEIGHT="28" WIDTH="97" ID="PAG_8_ST000196" WC="1" CONTENT="linon" STYLEREFS="TXT_20"/>
            <SP ID="PAG_8_SP000160" HPOS="2333" VPOS="2504" WIDTH="25"/>
            <String HPOS="2358" VPOS="2504" HEIGHT="21" WIDTH="43" ID="PAG_8_ST000197" WC="1" CONTENT="ou" STYLEREFS="TXT_20"/>
            <SP ID="PAG_8_SP000161" HPOS="2401" VPOS="2502" WIDTH="27"/>
            <String HPOS="2428" VPOS="2502" HEIGHT="22" WIDTH="43" ID="PAG_8_ST000198" WC="1" CONTENT="en" STYLEREFS="TXT_20"/>
            <SP ID="PAG_8_SP000162" HPOS="2471" VPOS="2495" WIDTH="25"/>
            <String HPOS="2496" VPOS="2495" HEIGHT="28" WIDTH="41" ID="PAG_8_ST000199" WC="1" CONTENT="fil" STYLEREFS="TXT_20"/>
            <SP ID="PAG_8_SP000163" HPOS="2537" VPOS="2495" WIDTH="24"/>
            <String HPOS="2561" VPOS="2495" HEIGHT="28" WIDTH="22" ID="PAG_8_ST000200" WC="1" CONTENT="à" STYLEREFS="TXT_20"/>
            <SP ID="PAG_8_SP000164" HPOS="2583" VPOS="2494" WIDTH="25"/>
            <String HPOS="2608" VPOS="2494" HEIGHT="28" WIDTH="51" ID="PAG_8_ST000201" WC="1" CONTENT="fil." STYLEREFS="TXT_20"/>
          </TextLine>
        </TextBlock>
        <TextBlock HPOS="2238" VPOS="2579" HEIGHT="35" WIDTH="114" ID="PAG_8_TB000009" TAGREFS="TAG_ST005" LANG="fr" STYLEREFS="TXT_18">
          <TextLine HPOS="2238" VPOS="2579" HEIGHT="35" WIDTH="114" ID="PAG_8_TL000038" STYLEREFS="TXT_18">
            <String HPOS="2238" VPOS="2579" HEIGHT="35" WIDTH="114" ID="PAG_8_ST000202" WC="1" CONTENT="Mado." STYLEREFS="TXT_18"/>
          </TextLine>
        </TextBlock>
        <TextBlock HPOS="2172" VPOS="2660" HEIGHT="314" WIDTH="773" ID="PAG_8_TB000010" LANG="fr" STYLEREFS="TXT_20">
          <TextLine HPOS="2210" VPOS="2660" HEIGHT="34" WIDTH="735" ID="PAG_8_TL000039" STYLEREFS="TXT_20">
            <String HPOS="2210" VPOS="2665" HEIGHT="29" WIDTH="28" ID="PAG_8_ST000203" WC="1" CONTENT="Il" STYLEREFS="TXT_20"/>
            <SP ID="PAG_8_SP000165" HPOS="2238" VPOS="2665" WIDTH="32"/>
            <String HPOS="2270" VPOS="2665" HEIGHT="28" WIDTH="80" ID="PAG_8_ST000204" WC="1" CONTENT="faut" STYLEREFS="TXT_20"/>
            <SP ID="PAG_8_SP000166" HPOS="2350" VPOS="2662" WIDTH="31"/>
            <String HPOS="2381" VPOS="2662" HEIGHT="29" WIDTH="186" ID="PAG_8_ST000205" WC="1" CONTENT="continuer" STYLEREFS="TXT_20"/>
            <SP ID="PAG_8_SP000167" HPOS="2567" VPOS="2662" WIDTH="29"/>
            <String HPOS="2596" VPOS="2662" HEIGHT="28" WIDTH="42" ID="PAG_8_ST000206" WC="1" CONTENT="de" STYLEREFS="TXT_20"/>
            <SP ID="PAG_8_SP000168" HPOS="2638" VPOS="2660" WIDTH="31"/>
            <String HPOS="2669" VPOS="2660" HEIGHT="30" WIDTH="119" ID="PAG_8_ST000207" WC="1" CONTENT="suivre" STYLEREFS="TXT_20"/>
            <SP ID="PAG_8_SP000169" HPOS="2788" VPOS="2665" WIDTH="31"/>
            <String HPOS="2819" VPOS="2665" HEIGHT="22" WIDTH="96" ID="PAG_8_ST000208" WC="1" CONTENT="scru-" SUBS_TYPE="HypPart1" SUBS_CONTENT="scrupuleusement" STYLEREFS="TXT_20"/>
            <HYP HPOS="2915" VPOS="2687" WIDTH="30" CONTENT="-"/>
          </TextLine>
          <TextLine HPOS="2173" VPOS="2699" HEIGHT="40" WIDTH="744" ID="PAG_8_TL000040" STYLEREFS="TXT_20">
            <String HPOS="2173" VPOS="2704" HEIGHT="35" WIDTH="246" ID="PAG_8_ST000209" WC="1" CONTENT="puleusement" SUBS_TYPE="HypPart2" SUBS_CONTENT="scrupuleusement" STYLEREFS="TXT_20"/>
            <SP ID="PAG_8_SP000170" HPOS="2419" VPOS="2702" WIDTH="22"/>
            <String HPOS="2441" VPOS="2702" HEIGHT="30" WIDTH="101" ID="PAG_8_ST000210" WC="1" CONTENT="votre" STYLEREFS="TXT_20"/>
            <SP ID="PAG_8_SP000171" HPOS="2542" VPOS="2700" WIDTH="21"/>
            <String HPOS="2563" VPOS="2700" HEIGHT="32" WIDTH="220" ID="PAG_8_ST000211" WC="1" CONTENT="traitement," STYLEREFS="TXT_20"/>
            <SP ID="PAG_8_SP000172" HPOS="2783" VPOS="2700" WIDTH="25"/>
            <String HPOS="2808" VPOS="2700" HEIGHT="31" WIDTH="44" ID="PAG_8_ST000212" WC="1" CONTENT="et," STYLEREFS="TXT_20"/>
            <SP ID="PAG_8_SP000173" HPOS="2852" VPOS="2699" WIDTH="25"/>
            <String HPOS="2877" VPOS="2699" HEIGHT="27" WIDTH="40" ID="PAG_8_ST000213" WC="1" CONTENT="de" STYLEREFS="TXT_20"/>
          </TextLine>
          <TextLine HPOS="2173" VPOS="2738" HEIGHT="41" WIDTH="742" ID="PAG_8_TL000041" STYLEREFS="TXT_20">
            <String HPOS="2173" VPOS="2744" HEIGHT="35" WIDTH="88" ID="PAG_8_ST000214" WC="1" CONTENT="plus," STYLEREFS="TXT_20"/>
            <SP ID="PAG_8_SP000174" HPOS="2261" VPOS="2750" WIDTH="30"/>
            <String HPOS="2291" VPOS="2750" HEIGHT="22" WIDTH="89" ID="PAG_8_ST000215" WC="1" CONTENT="vous" STYLEREFS="TXT_20"/>
            <SP ID="PAG_8_SP000175" HPOS="2380" VPOS="2742" WIDTH="30"/>
            <String HPOS="2410" VPOS="2742" HEIGHT="30" WIDTH="91" ID="PAG_8_ST000216" WC="1" CONTENT="faire" STYLEREFS="TXT_20"/>
            <SP ID="PAG_8_SP000176" HPOS="2501" VPOS="2740" WIDTH="30"/>
            <String HPOS="2531" VPOS="2740" HEIGHT="31" WIDTH="186" ID="PAG_8_ST000217" WC="1" CONTENT="surveiller" STYLEREFS="TXT_20"/>
            <SP ID="PAG_8_SP000177" HPOS="2717" VPOS="2746" WIDTH="26"/>
            <String HPOS="2743" VPOS="2746" HEIGHT="23" WIDTH="48" ID="PAG_8_ST000218" WC="1" CONTENT="au" STYLEREFS="TXT_20"/>
            <SP ID="PAG_8_SP000178" HPOS="2791" VPOS="2738" WIDTH="29"/>
            <String HPOS="2820" VPOS="2738" HEIGHT="35" WIDTH="95" ID="PAG_8_ST000219" WC="1" CONTENT="point" STYLEREFS="TXT_20"/>
          </TextLine>
          <TextLine HPOS="2172" VPOS="2778" HEIGHT="40" WIDTH="745" ID="PAG_8_TL000042" STYLEREFS="TXT_20">
            <String HPOS="2172" VPOS="2786" HEIGHT="28" WIDTH="42" ID="PAG_8_ST000220" WC="1" CONTENT="de" STYLEREFS="TXT_20"/>
            <SP ID="PAG_8_SP000179" HPOS="2214" VPOS="2792" WIDTH="27"/>
            <String HPOS="2241" VPOS="2792" HEIGHT="21" WIDTH="68" ID="PAG_8_ST000221" WC="1" CONTENT="vue" STYLEREFS="TXT_20"/>
            <SP ID="PAG_8_SP000180" HPOS="2309" VPOS="2782" WIDTH="29"/>
            <String HPOS="2338" VPOS="2782" HEIGHT="36" WIDTH="224" ID="PAG_8_ST000222" WC="1" CONTENT="glandulaire" STYLEREFS="TXT_20"/>
            <SP ID="PAG_8_SP000181" HPOS="2562" VPOS="2781" WIDTH="28"/>
            <String HPOS="2590" VPOS="2781" HEIGHT="28" WIDTH="35" ID="PAG_8_ST000223" WC="1" CONTENT="ét" STYLEREFS="TXT_20"/>
            <SP ID="PAG_8_SP000182" HPOS="2625" VPOS="2780" WIDTH="28"/>
            <String HPOS="2653" VPOS="2780" HEIGHT="29" WIDTH="109" ID="PAG_8_ST000224" WC="1" CONTENT="rénal." STYLEREFS="TXT_20"/>
            <SP ID="PAG_8_SP000183" HPOS="2762" VPOS="2778" WIDTH="29"/>
            <String HPOS="2791" VPOS="2778" HEIGHT="28" WIDTH="126" ID="PAG_8_ST000225" WC="1" CONTENT="Evitez" STYLEREFS="TXT_20"/>
          </TextLine>
          <TextLine HPOS="2172" VPOS="2818" HEIGHT="38" WIDTH="744" ID="PAG_8_TL000043" STYLEREFS="TXT_20">
            <String HPOS="2172" VPOS="2826" HEIGHT="29" WIDTH="48" ID="PAG_8_ST000226" WC="1" CONTENT="les" STYLEREFS="TXT_20"/>
            <SP ID="PAG_8_SP000184" HPOS="2220" VPOS="2823" WIDTH="27"/>
            <String HPOS="2247" VPOS="2823" HEIGHT="32" WIDTH="132" ID="PAG_8_ST000227" WC="1" CONTENT="veilles," STYLEREFS="TXT_20"/>
            <SP ID="PAG_8_SP000185" HPOS="2379" VPOS="2823" WIDTH="27"/>
            <String HPOS="2406" VPOS="2823" HEIGHT="28" WIDTH="53" ID="PAG_8_ST000228" WC="1" CONTENT="les" STYLEREFS="TXT_20"/>
            <SP ID="PAG_8_SP000186" HPOS="2459" VPOS="2822" WIDTH="24"/>
            <String HPOS="2483" VPOS="2822" HEIGHT="28" WIDTH="154" ID="PAG_8_ST000229" WC="1" CONTENT="lectures" STYLEREFS="TXT_20"/>
            <SP ID="PAG_8_SP000187" HPOS="2637" VPOS="2818" WIDTH="26"/>
            <String HPOS="2663" VPOS="2818" HEIGHT="38" WIDTH="208" ID="PAG_8_ST000230" WC="1" CONTENT="prolongées" STYLEREFS="TXT_20"/>
            <SP ID="PAG_8_SP000188" HPOS="2871" VPOS="2818" WIDTH="25"/>
            <String HPOS="2896" VPOS="2818" HEIGHT="27" WIDTH="20" ID="PAG_8_ST000231" WC="1" CONTENT="à" STYLEREFS="TXT_20"/>
          </TextLine>
          <TextLine HPOS="2172" VPOS="2858" HEIGHT="35" WIDTH="745" ID="PAG_8_TL000044" STYLEREFS="TXT_20">
            <String HPOS="2172" VPOS="2867" HEIGHT="26" WIDTH="35" ID="PAG_8_ST000232" WC="1" CONTENT="la" STYLEREFS="TXT_20"/>
            <SP ID="PAG_8_SP000189" HPOS="2207" VPOS="2864" WIDTH="20"/>
            <String HPOS="2227" VPOS="2864" HEIGHT="28" WIDTH="147" ID="PAG_8_ST000233" WC="1" CONTENT="lumière" STYLEREFS="TXT_20"/>
            <SP ID="PAG_8_SP000190" HPOS="2374" VPOS="2860" WIDTH="19"/>
            <String HPOS="2393" VPOS="2860" HEIGHT="33" WIDTH="216" ID="PAG_8_ST000234" WC="0.98" CONTENT="artificielle," STYLEREFS="TXT_20"/>
            <SP ID="PAG_8_SP000191" HPOS="2609" VPOS="2861" WIDTH="24"/>
            <String HPOS="2633" VPOS="2861" HEIGHT="28" WIDTH="34" ID="PAG_8_ST000235" WC="1" CONTENT="et" STYLEREFS="TXT_20"/>
            <SP ID="PAG_8_SP000192" HPOS="2667" VPOS="2860" WIDTH="21"/>
            <String HPOS="2688" VPOS="2860" HEIGHT="28" WIDTH="51" ID="PAG_8_ST000236" WC="1" CONTENT="les" STYLEREFS="TXT_20"/>
            <SP ID="PAG_8_SP000193" HPOS="2739" VPOS="2858" WIDTH="22"/>
            <String HPOS="2761" VPOS="2858" HEIGHT="29" WIDTH="156" ID="PAG_8_ST000237" WC="1" CONTENT="endroits" STYLEREFS="TXT_20"/>
          </TextLine>
          <TextLine HPOS="2173" VPOS="2898" HEIGHT="37" WIDTH="744" ID="PAG_8_TL000045" STYLEREFS="TXT_20">
            <String HPOS="2173" VPOS="2904" HEIGHT="31" WIDTH="174" ID="PAG_8_ST000238" WC="1" CONTENT="enfumés." STYLEREFS="TXT_20"/>
            <SP ID="PAG_8_SP000194" HPOS="2347" VPOS="2901" WIDTH="30"/>
            <String HPOS="2377" VPOS="2901" HEIGHT="33" WIDTH="121" ID="PAG_8_ST000239" WC="0.99" CONTENT="Enfin," STYLEREFS="TXT_20"/>
            <SP ID="PAG_8_SP000195" HPOS="2498" VPOS="2901" WIDTH="31"/>
            <String HPOS="2529" VPOS="2901" HEIGHT="29" WIDTH="142" ID="PAG_8_ST000240" WC="1" CONTENT="dormez" STYLEREFS="TXT_20"/>
            <SP ID="PAG_8_SP000196" HPOS="2671" VPOS="2900" WIDTH="29"/>
            <String HPOS="2700" VPOS="2900" HEIGHT="28" WIDTH="42" ID="PAG_8_ST000241" WC="1" CONTENT="de" STYLEREFS="TXT_20"/>
            <SP ID="PAG_8_SP000197" HPOS="2742" VPOS="2898" WIDTH="28"/>
            <String HPOS="2770" VPOS="2898" HEIGHT="35" WIDTH="147" ID="PAG_8_ST000242" WC="1" CONTENT="longues" STYLEREFS="TXT_20"/>
          </TextLine>
          <TextLine HPOS="2174" VPOS="2944" HEIGHT="30" WIDTH="107" ID="PAG_8_TL000046" STYLEREFS="TXT_20">
            <String HPOS="2174" VPOS="2944" HEIGHT="30" WIDTH="107" ID="PAG_8_ST000243" WC="0.98" CONTENT="nuits." STYLEREFS="TXT_20"/>
          </TextLine>
        </TextBlock>
        <TextBlock HPOS="2240" VPOS="3023" HEIGHT="37" WIDTH="350" ID="PAG_8_TB000011" TAGREFS="TAG_ST006" LANG="fr" STYLEREFS="TXT_18">
          <TextLine HPOS="2240" VPOS="3023" HEIGHT="37" WIDTH="350" ID="PAG_8_TL000047" STYLEREFS="TXT_18">
            <String HPOS="2240" VPOS="3026" HEIGHT="34" WIDTH="86" ID="PAG_8_ST000244" WC="1" CONTENT="Irena" STYLEREFS="TXT_18"/>
            <SP ID="PAG_8_SP000198" HPOS="2326" VPOS="3024" WIDTH="36"/>
            <String HPOS="2362" VPOS="3024" HEIGHT="35" WIDTH="26" ID="PAG_8_ST000245" WC="1" CONTENT="la" STYLEREFS="TXT_18"/>
            <SP ID="PAG_8_SP000199" HPOS="2388" VPOS="3023" WIDTH="27"/>
            <String HPOS="2415" VPOS="3023" HEIGHT="35" WIDTH="175" ID="PAG_8_ST000246" WC="1" CONTENT="Polonaise." STYLEREFS="TXT_18"/>
          </TextLine>
        </TextBlock>
        <TextBlock HPOS="2176" VPOS="3104" HEIGHT="559" WIDTH="774" ID="PAG_8_TB000012" LANG="fr" STYLEREFS="TXT_20">
          <TextLine HPOS="2215" VPOS="3104" HEIGHT="35" WIDTH="703" ID="PAG_8_TL000048" STYLEREFS="TXT_20">
            <String HPOS="2215" VPOS="3109" HEIGHT="30" WIDTH="34" ID="PAG_8_ST000247" WC="1" CONTENT="Si" STYLEREFS="TXT_20"/>
            <SP ID="PAG_8_SP000200" HPOS="2249" VPOS="3111" WIDTH="23"/>
            <String HPOS="2272" VPOS="3111" HEIGHT="28" WIDTH="100" ID="PAG_8_ST000248" WC="1" CONTENT="votre" STYLEREFS="TXT_20"/>
            <SP ID="PAG_8_SP000201" HPOS="2372" VPOS="3108" WIDTH="24"/>
            <String HPOS="2396" VPOS="3108" HEIGHT="28" WIDTH="98" ID="PAG_8_ST000249" WC="1" CONTENT="front" STYLEREFS="TXT_20"/>
            <SP ID="PAG_8_SP000202" HPOS="2494" VPOS="3107" WIDTH="23"/>
            <String HPOS="2517" VPOS="3107" HEIGHT="30" WIDTH="54" ID="PAG_8_ST000250" WC="1" CONTENT="est" STYLEREFS="TXT_20"/>
            <SP ID="PAG_8_SP000203" HPOS="2571" VPOS="3109" WIDTH="23"/>
            <String HPOS="2594" VPOS="3109" HEIGHT="29" WIDTH="79" ID="PAG_8_ST000251" WC="1" CONTENT="trop" STYLEREFS="TXT_20"/>
            <SP ID="PAG_8_SP000204" HPOS="2673" VPOS="3105" WIDTH="23"/>
            <String HPOS="2696" VPOS="3105" HEIGHT="31" WIDTH="99" ID="PAG_8_ST000252" WC="1" CONTENT="haut," STYLEREFS="TXT_20"/>
            <SP ID="PAG_8_SP000205" HPOS="2795" VPOS="3104" WIDTH="25"/>
            <String HPOS="2820" VPOS="3104" HEIGHT="28" WIDTH="22" ID="PAG_8_ST000253" WC="0.72" CONTENT="11" STYLEREFS="TXT_20"/>
            <SP ID="PAG_8_SP000206" HPOS="2842" VPOS="3108" WIDTH="25"/>
            <String HPOS="2867" VPOS="3108" HEIGHT="23" WIDTH="51" ID="PAG_8_ST000254" WC="1" CONTENT="est" STYLEREFS="TXT_20"/>
          </TextLine>
          <TextLine HPOS="2177" VPOS="3143" HEIGHT="39" WIDTH="744" ID="PAG_8_TL000049" STYLEREFS="TXT_20">
            <String HPOS="2177" VPOS="3149" HEIGHT="33" WIDTH="106" ID="PAG_8_ST000255" WC="0.97" CONTENT="facile" STYLEREFS="TXT_20"/>
            <SP ID="PAG_8_SP000207" HPOS="2283" VPOS="3150" WIDTH="23"/>
            <String HPOS="2306" VPOS="3150" HEIGHT="28" WIDTH="42" ID="PAG_8_ST000256" WC="1" CONTENT="de" STYLEREFS="TXT_20"/>
            <SP ID="PAG_8_SP000208" HPOS="2348" VPOS="3150" WIDTH="24"/>
            <String HPOS="2372" VPOS="3150" HEIGHT="27" WIDTH="30" ID="PAG_8_ST000257" WC="1" CONTENT="le" STYLEREFS="TXT_20"/>
            <SP ID="PAG_8_SP000209" HPOS="2402" VPOS="3148" WIDTH="24"/>
            <String HPOS="2426" VPOS="3148" HEIGHT="29" WIDTH="176" ID="PAG_8_ST000258" WC="1" CONTENT="diminuer" STYLEREFS="TXT_20"/>
            <SP ID="PAG_8_SP000210" HPOS="2602" VPOS="3152" WIDTH="24"/>
            <String HPOS="2626" VPOS="3152" HEIGHT="28" WIDTH="64" ID="PAG_8_ST000259" WC="1" CONTENT="par" STYLEREFS="TXT_20"/>
            <SP ID="PAG_8_SP000211" HPOS="2690" VPOS="3152" WIDTH="23"/>
            <String HPOS="2713" VPOS="3152" HEIGHT="22" WIDTH="69" ID="PAG_8_ST000260" WC="1" CONTENT="une" STYLEREFS="TXT_20"/>
            <SP ID="PAG_8_SP000212" HPOS="2782" VPOS="3143" WIDTH="23"/>
            <String HPOS="2805" VPOS="3143" HEIGHT="34" WIDTH="116" ID="PAG_8_ST000261" WC="1" CONTENT="légère" STYLEREFS="TXT_20"/>
          </TextLine>
          <TextLine HPOS="2177" VPOS="3183" HEIGHT="41" WIDTH="740" ID="PAG_8_TL000050" STYLEREFS="TXT_20">
            <String HPOS="2177" VPOS="3190" HEIGHT="34" WIDTH="136" ID="PAG_8_ST000262" WC="1" CONTENT="frange," STYLEREFS="TXT_20"/>
            <SP ID="PAG_8_SP000213" HPOS="2313" VPOS="3189" WIDTH="30"/>
            <String HPOS="2343" VPOS="3189" HEIGHT="28" WIDTH="34" ID="PAG_8_ST000263" WC="1" CONTENT="et" STYLEREFS="TXT_20"/>
            <SP ID="PAG_8_SP000214" HPOS="2377" VPOS="3194" WIDTH="26"/>
            <String HPOS="2403" VPOS="3194" HEIGHT="22" WIDTH="89" ID="PAG_8_ST000264" WC="1" CONTENT="vous" STYLEREFS="TXT_20"/>
            <SP ID="PAG_8_SP000215" HPOS="2492" VPOS="3185" WIDTH="27"/>
            <String HPOS="2519" VPOS="3185" HEIGHT="31" WIDTH="200" ID="PAG_8_ST000265" WC="1" CONTENT="rectifierez" STYLEREFS="TXT_20"/>
            <SP ID="PAG_8_SP000216" HPOS="2719" VPOS="3183" WIDTH="26"/>
            <String HPOS="2745" VPOS="3183" HEIGHT="30" WIDTH="172" ID="PAG_8_ST000266" WC="1" CONTENT="aisément" STYLEREFS="TXT_20"/>
          </TextLine>
          <TextLine HPOS="2177" VPOS="3225" HEIGHT="34" WIDTH="771" ID="PAG_8_TL000051" STYLEREFS="TXT_20">
            <String HPOS="2177" VPOS="3236" HEIGHT="23" WIDTH="30" ID="PAG_8_ST000267" WC="0.93" CONTENT="le" STYLEREFS="TXT_20"/>
            <SP ID="PAG_8_SP000217" HPOS="2207" VPOS="3229" WIDTH="24"/>
            <String HPOS="2231" VPOS="3229" HEIGHT="29" WIDTH="120" ID="PAG_8_ST000268" WC="1" CONTENT="dessin" STYLEREFS="TXT_20"/>
            <SP ID="PAG_8_SP000218" HPOS="2351" VPOS="3229" WIDTH="25"/>
            <String HPOS="2376" VPOS="3229" HEIGHT="29" WIDTH="41" ID="PAG_8_ST000269" WC="1" CONTENT="de" STYLEREFS="TXT_20"/>
            <SP ID="PAG_8_SP000219" HPOS="2417" VPOS="3228" WIDTH="23"/>
            <String HPOS="2440" VPOS="3228" HEIGHT="28" WIDTH="102" ID="PAG_8_ST000270" WC="1" CONTENT="votre" STYLEREFS="TXT_20"/>
            <SP ID="PAG_8_SP000220" HPOS="2542" VPOS="3225" WIDTH="25"/>
            <String HPOS="2567" VPOS="3225" HEIGHT="29" WIDTH="136" ID="PAG_8_ST000271" WC="1" CONTENT="bouche" STYLEREFS="TXT_20"/>
            <SP ID="PAG_8_SP000221" HPOS="2703" VPOS="3233" WIDTH="25"/>
            <String HPOS="2728" VPOS="3233" HEIGHT="21" WIDTH="42" ID="PAG_8_ST000272" WC="1" CONTENT="en" STYLEREFS="TXT_20"/>
            <SP ID="PAG_8_SP000222" HPOS="2770" VPOS="3229" WIDTH="24"/>
            <String HPOS="2794" VPOS="3229" HEIGHT="23" WIDTH="124" ID="PAG_8_ST000273" WC="1" CONTENT="accen-" SUBS_TYPE="HypPart1" SUBS_CONTENT="accentuant" STYLEREFS="TXT_20"/>
            <HYP HPOS="2918" VPOS="3252" WIDTH="30" CONTENT="-"/>
          </TextLine>
          <TextLine HPOS="2176" VPOS="3262" HEIGHT="38" WIDTH="743" ID="PAG_8_TL000052" STYLEREFS="TXT_20">
            <String HPOS="2176" VPOS="3271" HEIGHT="28" WIDTH="105" ID="PAG_8_ST000274" WC="1" CONTENT="tuant" SUBS_TYPE="HypPart2" SUBS_CONTENT="accentuant" STYLEREFS="TXT_20"/>
            <SP ID="PAG_8_SP000223" HPOS="2281" VPOS="3269" WIDTH="26"/>
            <String HPOS="2307" VPOS="3269" HEIGHT="29" WIDTH="89" ID="PAG_8_ST000275" WC="1" CONTENT="celui" STYLEREFS="TXT_20"/>
            <SP ID="PAG_8_SP000224" HPOS="2396" VPOS="3268" WIDTH="26"/>
            <String HPOS="2422" VPOS="3268" HEIGHT="29" WIDTH="42" ID="PAG_8_ST000276" WC="1" CONTENT="de" STYLEREFS="TXT_20"/>
            <SP ID="PAG_8_SP000225" HPOS="2464" VPOS="3267" WIDTH="24"/>
            <String HPOS="2488" VPOS="3267" HEIGHT="30" WIDTH="36" ID="PAG_8_ST000277" WC="1" CONTENT="la" STYLEREFS="TXT_20"/>
            <SP ID="PAG_8_SP000226" HPOS="2524" VPOS="3267" WIDTH="25"/>
            <String HPOS="2549" VPOS="3267" HEIGHT="27" WIDTH="95" ID="PAG_8_ST000278" WC="1" CONTENT="lèvre" STYLEREFS="TXT_20"/>
            <SP ID="PAG_8_SP000227" HPOS="2644" VPOS="3264" WIDTH="22"/>
            <String HPOS="2666" VPOS="3264" HEIGHT="36" WIDTH="208" ID="PAG_8_ST000279" WC="1" CONTENT="supérieure" STYLEREFS="TXT_20"/>
            <SP ID="PAG_8_SP000228" HPOS="2874" VPOS="3262" WIDTH="25"/>
            <String HPOS="2899" VPOS="3262" HEIGHT="28" WIDTH="20" ID="PAG_8_ST000280" WC="1" CONTENT="à" STYLEREFS="TXT_20"/>
          </TextLine>
          <TextLine HPOS="2177" VPOS="3303" HEIGHT="36" WIDTH="740" ID="PAG_8_TL000053" STYLEREFS="TXT_20">
            <String HPOS="2177" VPOS="3310" HEIGHT="29" WIDTH="104" ID="PAG_8_ST000281" WC="1" CONTENT="l'aide" STYLEREFS="TXT_20"/>
            <SP ID="PAG_8_SP000229" HPOS="2281" VPOS="3309" WIDTH="45"/>
            <String HPOS="2326" VPOS="3309" HEIGHT="29" WIDTH="84" ID="PAG_8_ST000282" WC="1" CONTENT="d'un" STYLEREFS="TXT_20"/>
            <SP ID="PAG_8_SP000230" HPOS="2410" VPOS="3306" WIDTH="46"/>
            <String HPOS="2456" VPOS="3306" HEIGHT="30" WIDTH="82" ID="PAG_8_ST000283" WC="1" CONTENT="fard" STYLEREFS="TXT_20"/>
            <SP ID="PAG_8_SP000231" HPOS="2538" VPOS="3305" WIDTH="45"/>
            <String HPOS="2583" VPOS="3305" HEIGHT="32" WIDTH="96" ID="PAG_8_ST000284" WC="1" CONTENT="clair," STYLEREFS="TXT_20"/>
            <SP ID="PAG_8_SP000232" HPOS="2679" VPOS="3303" WIDTH="46"/>
            <String HPOS="2725" VPOS="3303" HEIGHT="29" WIDTH="192" ID="PAG_8_ST000285" WC="1" CONTENT="lumineux." STYLEREFS="TXT_20"/>
          </TextLine>
          <TextLine HPOS="2177" VPOS="3345" HEIGHT="35" WIDTH="771" ID="PAG_8_TL000054" STYLEREFS="TXT_20">
            <String HPOS="2177" VPOS="3350" HEIGHT="29" WIDTH="125" ID="PAG_8_ST000286" WC="1" CONTENT="Placez" STYLEREFS="TXT_20"/>
            <SP ID="PAG_8_SP000233" HPOS="2302" VPOS="3349" WIDTH="26"/>
            <String HPOS="2328" VPOS="3349" HEIGHT="29" WIDTH="32" ID="PAG_8_ST000287" WC="1" CONTENT="le" STYLEREFS="TXT_20"/>
            <SP ID="PAG_8_SP000234" HPOS="2360" VPOS="3355" WIDTH="25"/>
            <String HPOS="2385" VPOS="3355" HEIGHT="21" WIDTH="79" ID="PAG_8_ST000288" WC="1" CONTENT="rose" STYLEREFS="TXT_20"/>
            <SP ID="PAG_8_SP000235" HPOS="2464" VPOS="3347" WIDTH="26"/>
            <String HPOS="2490" VPOS="3347" HEIGHT="29" WIDTH="40" ID="PAG_8_ST000289" WC="0.97" CONTENT="de" STYLEREFS="TXT_20"/>
            <SP ID="PAG_8_SP000236" HPOS="2530" VPOS="3353" WIDTH="26"/>
            <String HPOS="2556" VPOS="3353" HEIGHT="21" WIDTH="63" ID="PAG_8_ST000290" WC="1" CONTENT="vos" STYLEREFS="TXT_20"/>
            <SP ID="PAG_8_SP000237" HPOS="2619" VPOS="3345" WIDTH="26"/>
            <String HPOS="2645" VPOS="3345" HEIGHT="35" WIDTH="100" ID="PAG_8_ST000291" WC="1" CONTENT="joues" STYLEREFS="TXT_20"/>
            <SP ID="PAG_8_SP000238" HPOS="2745" VPOS="3350" WIDTH="27"/>
            <String HPOS="2772" VPOS="3350" HEIGHT="22" WIDTH="42" ID="PAG_8_ST000292" WC="1" CONTENT="en" STYLEREFS="TXT_20"/>
            <SP ID="PAG_8_SP000239" HPOS="2814" VPOS="3349" WIDTH="26"/>
            <String HPOS="2840" VPOS="3349" HEIGHT="29" WIDTH="78" ID="PAG_8_ST000293" WC="1" CONTENT="par-" SUBS_TYPE="HypPart1" SUBS_CONTENT="partant" STYLEREFS="TXT_20"/>
            <HYP HPOS="2918" VPOS="3378" WIDTH="30" CONTENT="-"/>
          </TextLine>
          <TextLine HPOS="2177" VPOS="3387" HEIGHT="36" WIDTH="772" ID="PAG_8_TL000055" STYLEREFS="TXT_20">
            <String HPOS="2177" VPOS="3392" HEIGHT="27" WIDTH="79" ID="PAG_8_ST000294" WC="1" CONTENT="tant" SUBS_TYPE="HypPart2" SUBS_CONTENT="partant" STYLEREFS="TXT_20"/>
            <SP ID="PAG_8_SP000240" HPOS="2256" VPOS="3389" WIDTH="36"/>
            <String HPOS="2292" VPOS="3389" HEIGHT="29" WIDTH="61" ID="PAG_8_ST000295" WC="1" CONTENT="des" STYLEREFS="TXT_20"/>
            <SP ID="PAG_8_SP000241" HPOS="2353" VPOS="3387" WIDTH="36"/>
            <String HPOS="2389" VPOS="3387" HEIGHT="36" WIDTH="213" ID="PAG_8_ST000296" WC="1" CONTENT="pommettes" STYLEREFS="TXT_20"/>
            <SP ID="PAG_8_SP000242" HPOS="2602" VPOS="3387" WIDTH="33"/>
            <String HPOS="2635" VPOS="3387" HEIGHT="27" WIDTH="37" ID="PAG_8_ST000297" WC="1" CONTENT="et" STYLEREFS="TXT_20"/>
            <SP ID="PAG_8_SP000243" HPOS="2672" VPOS="3391" WIDTH="34"/>
            <String HPOS="2706" VPOS="3391" HEIGHT="22" WIDTH="42" ID="PAG_8_ST000298" WC="1" CONTENT="en" STYLEREFS="TXT_20"/>
            <SP ID="PAG_8_SP000244" HPOS="2748" VPOS="3389" WIDTH="36"/>
            <String HPOS="2784" VPOS="3389" HEIGHT="22" WIDTH="135" ID="PAG_8_ST000299" WC="1" CONTENT="remon-" SUBS_TYPE="HypPart1" SUBS_CONTENT="remontant" STYLEREFS="TXT_20"/>
            <HYP HPOS="2919" VPOS="3411" WIDTH="30" CONTENT="-"/>
          </TextLine>
          <TextLine HPOS="2177" VPOS="3422" HEIGHT="41" WIDTH="773" ID="PAG_8_TL000056" STYLEREFS="TXT_20">
            <String HPOS="2177" VPOS="3432" HEIGHT="27" WIDTH="80" ID="PAG_8_ST000300" WC="1" CONTENT="tant" SUBS_TYPE="HypPart2" SUBS_CONTENT="remontant" STYLEREFS="TXT_20"/>
            <SP ID="PAG_8_SP000245" HPOS="2257" VPOS="3436" WIDTH="30"/>
            <String HPOS="2287" VPOS="3436" HEIGHT="21" WIDTH="48" ID="PAG_8_ST000301" WC="1" CONTENT="un" STYLEREFS="TXT_20"/>
            <SP ID="PAG_8_SP000246" HPOS="2335" VPOS="3435" WIDTH="30"/>
            <String HPOS="2365" VPOS="3435" HEIGHT="28" WIDTH="66" ID="PAG_8_ST000302" WC="0.99" CONTENT="peu" STYLEREFS="TXT_20"/>
            <SP ID="PAG_8_SP000247" HPOS="2431" VPOS="3433" WIDTH="29"/>
            <String HPOS="2460" VPOS="3433" HEIGHT="23" WIDTH="80" ID="PAG_8_ST000303" WC="1" CONTENT="vers" STYLEREFS="TXT_20"/>
            <SP ID="PAG_8_SP000248" HPOS="2540" VPOS="3426" WIDTH="31"/>
            <String HPOS="2571" VPOS="3426" HEIGHT="30" WIDTH="50" ID="PAG_8_ST000304" WC="1" CONTENT="les" STYLEREFS="TXT_20"/>
            <SP ID="PAG_8_SP000249" HPOS="2621" VPOS="3427" WIDTH="31"/>
            <String HPOS="2652" VPOS="3427" HEIGHT="32" WIDTH="146" ID="PAG_8_ST000305" WC="1" CONTENT="tempes." STYLEREFS="TXT_20"/>
            <SP ID="PAG_8_SP000250" HPOS="2798" VPOS="3422" WIDTH="31"/>
            <String HPOS="2829" VPOS="3422" HEIGHT="28" WIDTH="91" ID="PAG_8_ST000306" WC="1" CONTENT="Pou-" SUBS_TYPE="HypPart1" SUBS_CONTENT="Poudrez" STYLEREFS="TXT_20"/>
            <HYP HPOS="2920" VPOS="3450" WIDTH="30" CONTENT="-"/>
          </TextLine>
          <TextLine HPOS="2177" VPOS="3463" HEIGHT="36" WIDTH="744" ID="PAG_8_TL000057" STYLEREFS="TXT_20">
            <String HPOS="2177" VPOS="3471" HEIGHT="28" WIDTH="81" ID="PAG_8_ST000307" WC="1" CONTENT="drez" SUBS_TYPE="HypPart2" SUBS_CONTENT="Poudrez" STYLEREFS="TXT_20"/>
            <SP ID="PAG_8_SP000251" HPOS="2258" VPOS="3470" WIDTH="38"/>
            <String HPOS="2296" VPOS="3470" HEIGHT="27" WIDTH="101" ID="PAG_8_ST000308" WC="1" CONTENT="votre" STYLEREFS="TXT_20"/>
            <SP ID="PAG_8_SP000252" HPOS="2397" VPOS="3473" WIDTH="38"/>
            <String HPOS="2435" VPOS="3473" HEIGHT="23" WIDTH="62" ID="PAG_8_ST000309" WC="1" CONTENT="nez" STYLEREFS="TXT_20"/>
            <SP ID="PAG_8_SP000253" HPOS="2497" VPOS="3472" WIDTH="51"/>
            <String HPOS="2548" VPOS="3472" HEIGHT="22" WIDTH="87" ID="PAG_8_ST000310" WC="1" CONTENT="avec" STYLEREFS="TXT_20"/>
            <SP ID="PAG_8_SP000254" HPOS="2635" VPOS="3471" WIDTH="37"/>
            <String HPOS="2672" VPOS="3471" HEIGHT="21" WIDTH="68" ID="PAG_8_ST000311" WC="1" CONTENT="une" STYLEREFS="TXT_20"/>
            <SP ID="PAG_8_SP000255" HPOS="2740" VPOS="3463" WIDTH="50"/>
            <String HPOS="2790" VPOS="3463" HEIGHT="35" WIDTH="131" ID="PAG_8_ST000312" WC="1" CONTENT="poudre" STYLEREFS="TXT_20"/>
          </TextLine>
          <TextLine HPOS="2177" VPOS="3504" HEIGHT="39" WIDTH="743" ID="PAG_8_TL000058" STYLEREFS="TXT_20">
            <String HPOS="2177" VPOS="3510" HEIGHT="33" WIDTH="80" ID="PAG_8_ST000313" WC="1" CONTENT="plus" STYLEREFS="TXT_20"/>
            <SP ID="PAG_8_SP000256" HPOS="2257" VPOS="3508" WIDTH="28"/>
            <String HPOS="2285" VPOS="3508" HEIGHT="29" WIDTH="125" ID="PAG_8_ST000314" WC="1" CONTENT="foncée" STYLEREFS="TXT_20"/>
            <SP ID="PAG_8_SP000257" HPOS="2410" VPOS="3514" WIDTH="27"/>
            <String HPOS="2437" VPOS="3514" HEIGHT="27" WIDTH="66" ID="PAG_8_ST000315" WC="1" CONTENT="que" STYLEREFS="TXT_20"/>
            <SP ID="PAG_8_SP000258" HPOS="2503" VPOS="3505" WIDTH="29"/>
            <String HPOS="2532" VPOS="3505" HEIGHT="29" WIDTH="85" ID="PAG_8_ST000316" WC="1" CONTENT="celle" STYLEREFS="TXT_20"/>
            <SP ID="PAG_8_SP000259" HPOS="2617" VPOS="3504" WIDTH="29"/>
            <String HPOS="2646" VPOS="3504" HEIGHT="35" WIDTH="60" ID="PAG_8_ST000317" WC="1" CONTENT="qui" STYLEREFS="TXT_20"/>
            <SP ID="PAG_8_SP000260" HPOS="2706" VPOS="3510" WIDTH="26"/>
            <String HPOS="2732" VPOS="3510" HEIGHT="21" WIDTH="88" ID="PAG_8_ST000318" WC="1" CONTENT="vous" STYLEREFS="TXT_20"/>
            <SP ID="PAG_8_SP000261" HPOS="2820" VPOS="3505" WIDTH="27"/>
            <String HPOS="2847" VPOS="3505" HEIGHT="26" WIDTH="73" ID="PAG_8_ST000319" WC="1" CONTENT="sert" STYLEREFS="TXT_20"/>
          </TextLine>
          <TextLine HPOS="2178" VPOS="3542" HEIGHT="41" WIDTH="741" ID="PAG_8_TL000059" STYLEREFS="TXT_20">
            <String HPOS="2178" VPOS="3556" HEIGHT="27" WIDTH="87" ID="PAG_8_ST000320" WC="1" CONTENT="pour" STYLEREFS="TXT_20"/>
            <SP ID="PAG_8_SP000262" HPOS="2265" VPOS="3549" WIDTH="31"/>
            <String HPOS="2296" VPOS="3549" HEIGHT="29" WIDTH="31" ID="PAG_8_ST000321" WC="1" CONTENT="le" STYLEREFS="TXT_20"/>
            <SP ID="PAG_8_SP000263" HPOS="2327" VPOS="3548" WIDTH="31"/>
            <String HPOS="2358" VPOS="3548" HEIGHT="29" WIDTH="94" ID="PAG_8_ST000322" WC="1" CONTENT="reste" STYLEREFS="TXT_20"/>
            <SP ID="PAG_8_SP000264" HPOS="2452" VPOS="3547" WIDTH="30"/>
            <String HPOS="2482" VPOS="3547" HEIGHT="28" WIDTH="45" ID="PAG_8_ST000323" WC="1" CONTENT="du" STYLEREFS="TXT_20"/>
            <SP ID="PAG_8_SP000265" HPOS="2527" VPOS="3546" WIDTH="30"/>
            <String HPOS="2557" VPOS="3546" HEIGHT="33" WIDTH="134" ID="PAG_8_ST000324" WC="1" CONTENT="visage." STYLEREFS="TXT_20"/>
            <SP ID="PAG_8_SP000266" HPOS="2691" VPOS="3542" WIDTH="33"/>
            <String HPOS="2724" VPOS="3542" HEIGHT="31" WIDTH="195" ID="PAG_8_ST000325" WC="1" CONTENT="Toutefois," STYLEREFS="TXT_20"/>
          </TextLine>
          <TextLine HPOS="2179" VPOS="3582" HEIGHT="36" WIDTH="743" ID="PAG_8_TL000060" STYLEREFS="TXT_20">
            <String HPOS="2179" VPOS="3591" HEIGHT="27" WIDTH="22" ID="PAG_8_ST000326" WC="0.72" CONTENT="11" STYLEREFS="TXT_20"/>
            <SP ID="PAG_8_SP000267" HPOS="2201" VPOS="3590" WIDTH="41"/>
            <String HPOS="2242" VPOS="3590" HEIGHT="27" WIDTH="55" ID="PAG_8_ST000327" WC="1" CONTENT="est" STYLEREFS="TXT_20"/>
            <SP ID="PAG_8_SP000268" HPOS="2297" VPOS="3587" WIDTH="40"/>
            <String HPOS="2337" VPOS="3587" HEIGHT="30" WIDTH="150" ID="PAG_8_ST000328" WC="1" CONTENT="malaisé" STYLEREFS="TXT_20"/>
            <SP ID="PAG_8_SP000269" HPOS="2487" VPOS="3586" WIDTH="40"/>
            <String HPOS="2527" VPOS="3586" HEIGHT="28" WIDTH="42" ID="PAG_8_ST000329" WC="1" CONTENT="de" STYLEREFS="TXT_20"/>
            <SP ID="PAG_8_SP000270" HPOS="2569" VPOS="3591" WIDTH="39"/>
            <String HPOS="2608" VPOS="3591" HEIGHT="22" WIDTH="89" ID="PAG_8_ST000330" WC="1" CONTENT="vous" STYLEREFS="TXT_20"/>
            <SP ID="PAG_8_SP000271" HPOS="2697" VPOS="3582" WIDTH="40"/>
            <String HPOS="2737" VPOS="3582" HEIGHT="29" WIDTH="185" ID="PAG_8_ST000331" WC="1" CONTENT="conseiller" STYLEREFS="TXT_20"/>
          </TextLine>
          <TextLine HPOS="2176" VPOS="3622" HEIGHT="41" WIDTH="739" ID="PAG_8_TL000061" STYLEREFS="TXT_20">
            <String HPOS="2176" VPOS="3636" HEIGHT="23" WIDTH="84" ID="PAG_8_ST000332" WC="1" CONTENT="sans" STYLEREFS="TXT_20"/>
            <SP ID="PAG_8_SP000272" HPOS="2260" VPOS="3630" WIDTH="37"/>
            <String HPOS="2297" VPOS="3630" HEIGHT="29" WIDTH="31" ID="PAG_8_ST000333" WC="1" CONTENT="le" STYLEREFS="TXT_20"/>
            <SP ID="PAG_8_SP000273" HPOS="2328" VPOS="3628" WIDTH="37"/>
            <String HPOS="2365" VPOS="3628" HEIGHT="35" WIDTH="104" ID="PAG_8_ST000334" WC="1" CONTENT="guide" STYLEREFS="TXT_20"/>
            <SP ID="PAG_8_SP000274" HPOS="2469" VPOS="3626" WIDTH="37"/>
            <String HPOS="2506" VPOS="3626" HEIGHT="31" WIDTH="105" ID="PAG_8_ST000335" WC="1" CONTENT="d'une" STYLEREFS="TXT_20"/>
            <SP ID="PAG_8_SP000275" HPOS="2611" VPOS="3622" WIDTH="36"/>
            <String HPOS="2647" VPOS="3622" HEIGHT="38" WIDTH="268" ID="PAG_8_ST000336" WC="1" CONTENT="photographie." STYLEREFS="TXT_20"/>
          </TextLine>
        </TextBlock>
        <TextBlock HPOS="2248" VPOS="3719" HEIGHT="43" WIDTH="303" ID="PAG_8_TB000013" TAGREFS="TAG_ST007" LANG="fr" STYLEREFS="TXT_18">
          <TextLine HPOS="2248" VPOS="3719" HEIGHT="43" WIDTH="303" ID="PAG_8_TL000062" STYLEREFS="TXT_18">
            <String HPOS="2248" VPOS="3722" HEIGHT="33" WIDTH="68" ID="PAG_8_ST000337" WC="1" CONTENT="Une" STYLEREFS="TXT_18"/>
            <SP ID="PAG_8_SP000276" HPOS="2316" VPOS="3719" WIDTH="27"/>
            <String HPOS="2343" VPOS="3719" HEIGHT="43" WIDTH="208" ID="PAG_8_ST000338" WC="0.99" CONTENT="désespérée." STYLEREFS="TXT_18"/>
          </TextLine>
        </TextBlock>
        <TextBlock HPOS="2177" VPOS="3798" HEIGHT="314" WIDTH="776" ID="PAG_8_TB000014" LANG="fr" STYLEREFS="TXT_20">
          <TextLine HPOS="2217" VPOS="3798" HEIGHT="37" WIDTH="733" ID="PAG_8_TL000063" STYLEREFS="TXT_20">
            <String HPOS="2217" VPOS="3804" HEIGHT="28" WIDTH="28" ID="PAG_8_ST000339" WC="1" CONTENT="Y" STYLEREFS="TXT_20"/>
            <SP ID="PAG_8_SP000277" HPOS="2245" VPOS="3803" WIDTH="32"/>
            <String HPOS="2277" VPOS="3803" HEIGHT="31" WIDTH="96" ID="PAG_8_ST000340" WC="1" CONTENT="a-t-il" STYLEREFS="TXT_20"/>
            <SP ID="PAG_8_SP000278" HPOS="2373" VPOS="3802" WIDTH="32"/>
            <String HPOS="2405" VPOS="3802" HEIGHT="29" WIDTH="178" ID="PAG_8_ST000341" WC="1" CONTENT="vraiment" STYLEREFS="TXT_20"/>
            <SP ID="PAG_8_SP000279" HPOS="2583" VPOS="3802" WIDTH="32"/>
            <String HPOS="2615" VPOS="3802" HEIGHT="27" WIDTH="43" ID="PAG_8_ST000342" WC="1" CONTENT="de" STYLEREFS="TXT_20"/>
            <SP ID="PAG_8_SP000280" HPOS="2658" VPOS="3798" WIDTH="32"/>
            <String HPOS="2690" VPOS="3798" HEIGHT="37" WIDTH="81" ID="PAG_8_ST000343" WC="1" CONTENT="quoi" STYLEREFS="TXT_20"/>
            <SP ID="PAG_8_SP000281" HPOS="2771" VPOS="3799" WIDTH="33"/>
            <String HPOS="2804" VPOS="3799" HEIGHT="29" WIDTH="116" ID="PAG_8_ST000344" WC="1" CONTENT="déses-" SUBS_TYPE="HypPart1" SUBS_CONTENT="désespérer," STYLEREFS="TXT_20"/>
            <HYP HPOS="2920" VPOS="3828" WIDTH="30" CONTENT="-"/>
          </TextLine>
          <TextLine HPOS="2177" VPOS="3839" HEIGHT="40" WIDTH="741" ID="PAG_8_TL000064" STYLEREFS="TXT_20">
            <String HPOS="2177" VPOS="3845" HEIGHT="34" WIDTH="109" ID="PAG_8_ST000345" WC="1" CONTENT="pérer," SUBS_TYPE="HypPart2" SUBS_CONTENT="désespérer," STYLEREFS="TXT_20"/>
            <SP ID="PAG_8_SP000282" HPOS="2286" VPOS="3844" WIDTH="30"/>
            <String HPOS="2316" VPOS="3844" HEIGHT="28" WIDTH="105" ID="PAG_8_ST000346" WC="1" CONTENT="chère" STYLEREFS="TXT_20"/>
            <SP ID="PAG_8_SP000283" HPOS="2421" VPOS="3843" WIDTH="26"/>
            <String HPOS="2447" VPOS="3843" HEIGHT="34" WIDTH="110" ID="PAG_8_ST000347" WC="1" CONTENT="petite" STYLEREFS="TXT_20"/>
            <SP ID="PAG_8_SP000284" HPOS="2557" VPOS="3841" WIDTH="26"/>
            <String HPOS="2583" VPOS="3841" HEIGHT="29" WIDTH="143" ID="PAG_8_ST000348" WC="1" CONTENT="lectrice" STYLEREFS="TXT_20"/>
            <SP ID="PAG_8_SP000285" HPOS="2726" VPOS="3839" WIDTH="29"/>
            <String HPOS="2755" VPOS="3839" HEIGHT="27" WIDTH="15" ID="PAG_8_ST000349" WC="1" CONTENT="?" STYLEREFS="TXT_20"/>
            <SP ID="PAG_8_SP000286" HPOS="2770" VPOS="3839" WIDTH="26"/>
            <String HPOS="2796" VPOS="3839" HEIGHT="27" WIDTH="122" ID="PAG_8_ST000350" WC="0.84" CONTENT="Fartes" STYLEREFS="TXT_20"/>
          </TextLine>
          <TextLine HPOS="2181" VPOS="3878" HEIGHT="41" WIDTH="740" ID="PAG_8_TL000065" STYLEREFS="TXT_20">
            <String HPOS="2181" VPOS="3884" HEIGHT="35" WIDTH="272" ID="PAG_8_ST000351" WC="1" CONTENT="régulièrement" STYLEREFS="TXT_20"/>
            <SP ID="PAG_8_SP000287" HPOS="2453" VPOS="3883" WIDTH="26"/>
            <String HPOS="2479" VPOS="3883" HEIGHT="27" WIDTH="52" ID="PAG_8_ST000352" WC="1" CONTENT="les" STYLEREFS="TXT_20"/>
            <SP ID="PAG_8_SP000288" HPOS="2531" VPOS="3881" WIDTH="24"/>
            <String HPOS="2555" VPOS="3881" HEIGHT="30" WIDTH="180" ID="PAG_8_ST000353" WC="1" CONTENT="exercices" STYLEREFS="TXT_20"/>
            <SP ID="PAG_8_SP000289" HPOS="2735" VPOS="3878" WIDTH="26"/>
            <String HPOS="2761" VPOS="3878" HEIGHT="36" WIDTH="160" ID="PAG_8_ST000354" WC="0.99" CONTENT="indiqués" STYLEREFS="TXT_20"/>
          </TextLine>
          <TextLine HPOS="2181" VPOS="3919" HEIGHT="35" WIDTH="742" ID="PAG_8_TL000066" STYLEREFS="TXT_20">
            <String HPOS="2181" VPOS="3924" HEIGHT="30" WIDTH="89" ID="PAG_8_ST000355" WC="1" CONTENT="dans" STYLEREFS="TXT_20"/>
            <SP ID="PAG_8_SP000290" HPOS="2270" VPOS="3923" WIDTH="33"/>
            <String HPOS="2303" VPOS="3923" HEIGHT="29" WIDTH="101" ID="PAG_8_ST000356" WC="1" CONTENT="notre" STYLEREFS="TXT_20"/>
            <SP ID="PAG_8_SP000291" HPOS="2404" VPOS="3922" WIDTH="32"/>
            <String HPOS="2436" VPOS="3922" HEIGHT="29" WIDTH="147" ID="PAG_8_ST000357" WC="1" CONTENT="numéro" STYLEREFS="TXT_20"/>
            <SP ID="PAG_8_SP000292" HPOS="2583" VPOS="3921" WIDTH="31"/>
            <String HPOS="2614" VPOS="3921" HEIGHT="33" WIDTH="27" ID="PAG_8_ST000358" WC="1" CONTENT="9," STYLEREFS="TXT_20"/>
            <SP ID="PAG_8_SP000293" HPOS="2641" VPOS="3922" WIDTH="35"/>
            <String HPOS="2676" VPOS="3922" HEIGHT="29" WIDTH="33" ID="PAG_8_ST000359" WC="1" CONTENT="et" STYLEREFS="TXT_20"/>
            <SP ID="PAG_8_SP000294" HPOS="2709" VPOS="3919" WIDTH="33"/>
            <String HPOS="2742" VPOS="3919" HEIGHT="29" WIDTH="181" ID="PAG_8_ST000360" WC="1" CONTENT="consultez" STYLEREFS="TXT_20"/>
          </TextLine>
          <TextLine HPOS="2180" VPOS="3955" HEIGHT="39" WIDTH="771" ID="PAG_8_TL000067" STYLEREFS="TXT_20">
            <String HPOS="2180" VPOS="3971" HEIGHT="22" WIDTH="47" ID="PAG_8_ST000361" WC="1" CONTENT="un" STYLEREFS="TXT_20"/>
            <SP ID="PAG_8_SP000295" HPOS="2227" VPOS="3964" WIDTH="26"/>
            <String HPOS="2253" VPOS="3964" HEIGHT="28" WIDTH="69" ID="PAG_8_ST000362" WC="1" CONTENT="bon" STYLEREFS="TXT_20"/>
            <SP ID="PAG_8_SP000296" HPOS="2322" VPOS="3962" WIDTH="26"/>
            <String HPOS="2348" VPOS="3962" HEIGHT="32" WIDTH="170" ID="PAG_8_ST000363" WC="1" CONTENT="médecin," STYLEREFS="TXT_20"/>
            <SP ID="PAG_8_SP000297" HPOS="2518" VPOS="3961" WIDTH="28"/>
            <String HPOS="2546" VPOS="3961" HEIGHT="30" WIDTH="96" ID="PAG_8_ST000364" WC="1" CONTENT="voire" STYLEREFS="TXT_20"/>
            <SP ID="PAG_8_SP000298" HPOS="2642" VPOS="3967" WIDTH="26"/>
            <String HPOS="2668" VPOS="3967" HEIGHT="21" WIDTH="47" ID="PAG_8_ST000365" WC="1" CONTENT="un" STYLEREFS="TXT_20"/>
            <SP ID="PAG_8_SP000299" HPOS="2715" VPOS="3955" WIDTH="26"/>
            <String HPOS="2741" VPOS="3955" HEIGHT="38" WIDTH="180" ID="PAG_8_ST000366" WC="1" CONTENT="spécialis-" SUBS_TYPE="HypPart1" SUBS_CONTENT="spécialiste" STYLEREFS="TXT_20"/>
            <HYP HPOS="2921" VPOS="3993" WIDTH="30" CONTENT="-"/>
          </TextLine>
          <TextLine HPOS="2180" VPOS="3998" HEIGHT="40" WIDTH="742" ID="PAG_8_TL000068" STYLEREFS="TXT_20">
            <String HPOS="2180" VPOS="4006" HEIGHT="27" WIDTH="35" ID="PAG_8_ST000367" WC="1" CONTENT="te" SUBS_TYPE="HypPart2" SUBS_CONTENT="spécialiste" STYLEREFS="TXT_20"/>
            <SP ID="PAG_8_SP000300" HPOS="2215" VPOS="4004" WIDTH="31"/>
            <String HPOS="2246" VPOS="4004" HEIGHT="29" WIDTH="60" ID="PAG_8_ST000368" WC="1" CONTENT="des" STYLEREFS="TXT_20"/>
            <SP ID="PAG_8_SP000301" HPOS="2306" VPOS="4003" WIDTH="31"/>
            <String HPOS="2337" VPOS="4003" HEIGHT="35" WIDTH="157" ID="PAG_8_ST000369" WC="1" CONTENT="glandes." STYLEREFS="TXT_20"/>
            <SP ID="PAG_8_SP000302" HPOS="2494" VPOS="4000" WIDTH="35"/>
            <String HPOS="2529" VPOS="4000" HEIGHT="33" WIDTH="101" ID="PAG_8_ST000370" WC="1" CONTENT="Mais," STYLEREFS="TXT_20"/>
            <SP ID="PAG_8_SP000303" HPOS="2630" VPOS="3998" WIDTH="33"/>
            <String HPOS="2663" VPOS="3998" HEIGHT="37" WIDTH="213" ID="PAG_8_ST000371" WC="1" CONTENT="croyez-moi" STYLEREFS="TXT_20"/>
            <SP ID="PAG_8_SP000304" HPOS="2876" VPOS="4005" WIDTH="40"/>
            <String HPOS="2916" VPOS="4005" HEIGHT="20" WIDTH="6" ID="PAG_8_ST000372" WC="1" CONTENT=":" STYLEREFS="TXT_20"/>
          </TextLine>
          <TextLine HPOS="2181" VPOS="4038" HEIGHT="39" WIDTH="772" ID="PAG_8_TL000069" STYLEREFS="TXT_20">
            <String HPOS="2181" VPOS="4044" HEIGHT="28" WIDTH="94" ID="PAG_8_ST000373" WC="1" CONTENT="cette" STYLEREFS="TXT_20"/>
            <SP ID="PAG_8_SP000305" HPOS="2275" VPOS="4043" WIDTH="31"/>
            <String HPOS="2306" VPOS="4043" HEIGHT="34" WIDTH="116" ID="PAG_8_ST000374" WC="1" CONTENT="légère" STYLEREFS="TXT_20"/>
            <SP ID="PAG_8_SP000306" HPOS="2422" VPOS="4041" WIDTH="31"/>
            <String HPOS="2453" VPOS="4041" HEIGHT="29" WIDTH="193" ID="PAG_8_ST000375" WC="1" CONTENT="déficience" STYLEREFS="TXT_20"/>
            <SP ID="PAG_8_SP000307" HPOS="2646" VPOS="4041" WIDTH="33"/>
            <String HPOS="2679" VPOS="4041" HEIGHT="27" WIDTH="55" ID="PAG_8_ST000376" WC="1" CONTENT="est" STYLEREFS="TXT_20"/>
            <SP ID="PAG_8_SP000308" HPOS="2734" VPOS="4038" WIDTH="32"/>
            <String HPOS="2766" VPOS="4038" HEIGHT="37" WIDTH="157" ID="PAG_8_ST000377" WC="1" CONTENT="préféra-" SUBS_TYPE="HypPart1" SUBS_CONTENT="préférable" STYLEREFS="TXT_20"/>
            <HYP HPOS="2923" VPOS="4075" WIDTH="30" CONTENT="-"/>
          </TextLine>
          <TextLine HPOS="2181" VPOS="4081" HEIGHT="31" WIDTH="458" ID="PAG_8_TL000070" STYLEREFS="TXT_20">
            <String HPOS="2181" VPOS="4083" HEIGHT="29" WIDTH="56" ID="PAG_8_ST000378" WC="1" CONTENT="ble" SUBS_TYPE="HypPart2" SUBS_CONTENT="préférable" STYLEREFS="TXT_20"/>
            <SP ID="PAG_8_SP000309" HPOS="2237" VPOS="4083" WIDTH="28"/>
            <String HPOS="2265" VPOS="4083" HEIGHT="29" WIDTH="58" ID="PAG_8_ST000379" WC="1" CONTENT="à..." STYLEREFS="TXT_20"/>
            <SP ID="PAG_8_SP000310" HPOS="2323" VPOS="4089" WIDTH="32"/>
            <String HPOS="2355" VPOS="4089" HEIGHT="23" WIDTH="65" ID="PAG_8_ST000380" WC="1" CONTENT="son" STYLEREFS="TXT_20"/>
            <SP ID="PAG_8_SP000311" HPOS="2420" VPOS="4081" WIDTH="31"/>
            <String HPOS="2451" VPOS="4081" HEIGHT="30" WIDTH="188" ID="PAG_8_ST000381" WC="1" CONTENT="contraire." STYLEREFS="TXT_20"/>
          </TextLine>
        </TextBlock>
        <TextBlock HPOS="2249" VPOS="4175" HEIGHT="33" WIDTH="98" ID="PAG_8_TB000015" TAGREFS="TAG_ST008" LANG="fr" STYLEREFS="TXT_18">
          <TextLine HPOS="2249" VPOS="4175" HEIGHT="33" WIDTH="98" ID="PAG_8_TL000071" STYLEREFS="TXT_18">
            <String HPOS="2249" VPOS="4175" HEIGHT="33" WIDTH="98" ID="PAG_8_ST000382" WC="1" CONTENT="Mitsi." STYLEREFS="TXT_18"/>
          </TextLine>
        </TextBlock>
        <TextBlock HPOS="2185" VPOS="4256" HEIGHT="109" WIDTH="772" ID="PAG_8_TB000016" LANG="fr" STYLEREFS="TXT_20">
          <TextLine HPOS="2220" VPOS="4256" HEIGHT="35" WIDTH="707" ID="PAG_8_TL000072" STYLEREFS="TXT_20">
            <String HPOS="2220" VPOS="4257" HEIGHT="29" WIDTH="283" ID="PAG_8_ST000383" WC="1" CONTENT="Voudriez-vous" STYLEREFS="TXT_20"/>
            <SP ID="PAG_8_SP000312" HPOS="2503" VPOS="4264" WIDTH="27"/>
            <String HPOS="2530" VPOS="4264" HEIGHT="22" WIDTH="89" ID="PAG_8_ST000384" WC="1" CONTENT="nous" STYLEREFS="TXT_20"/>
            <SP ID="PAG_8_SP000313" HPOS="2619" VPOS="4264" WIDTH="28"/>
            <String HPOS="2647" VPOS="4264" HEIGHT="27" WIDTH="154" ID="PAG_8_ST000385" WC="1" CONTENT="envoyer" STYLEREFS="TXT_20"/>
            <SP ID="PAG_8_SP000314" HPOS="2801" VPOS="4256" WIDTH="26"/>
            <String HPOS="2827" VPOS="4256" HEIGHT="28" WIDTH="100" ID="PAG_8_ST000386" WC="1" CONTENT="votre" STYLEREFS="TXT_20"/>
          </TextLine>
          <TextLine HPOS="2185" VPOS="4295" HEIGHT="38" WIDTH="772" ID="PAG_8_TL000073" STYLEREFS="TXT_20">
            <String HPOS="2185" VPOS="4296" HEIGHT="29" WIDTH="145" ID="PAG_8_ST000387" WC="1" CONTENT="adresse" STYLEREFS="TXT_20"/>
            <SP ID="PAG_8_SP000315" HPOS="2330" VPOS="4297" WIDTH="27"/>
            <String HPOS="2357" VPOS="4297" HEIGHT="28" WIDTH="16" ID="PAG_8_ST000388" WC="1" CONTENT="?" STYLEREFS="TXT_20"/>
            <SP ID="PAG_8_SP000316" HPOS="2373" VPOS="4297" WIDTH="24"/>
            <String HPOS="2397" VPOS="4297" HEIGHT="29" WIDTH="100" ID="PAG_8_ST000389" WC="1" CONTENT="Nous" STYLEREFS="TXT_20"/>
            <SP ID="PAG_8_SP000317" HPOS="2497" VPOS="4304" WIDTH="24"/>
            <String HPOS="2521" VPOS="4304" HEIGHT="22" WIDTH="88" ID="PAG_8_ST000390" WC="1" CONTENT="vous" STYLEREFS="TXT_20"/>
            <SP ID="PAG_8_SP000318" HPOS="2609" VPOS="4296" WIDTH="26"/>
            <String HPOS="2635" VPOS="4296" HEIGHT="37" WIDTH="216" ID="PAG_8_ST000391" WC="0.99" CONTENT="répondrons" STYLEREFS="TXT_20"/>
            <SP ID="PAG_8_SP000319" HPOS="2851" VPOS="4295" WIDTH="27"/>
            <String HPOS="2878" VPOS="4295" HEIGHT="29" WIDTH="49" ID="PAG_8_ST000392" WC="1" CONTENT="di-" SUBS_TYPE="HypPart1" SUBS_CONTENT="directement." STYLEREFS="TXT_20"/>
            <HYP HPOS="2927" VPOS="4324" WIDTH="30" CONTENT="-"/>
          </TextLine>
          <TextLine HPOS="2186" VPOS="4338" HEIGHT="27" WIDTH="205" ID="PAG_8_TL000074" STYLEREFS="TXT_20">
            <String HPOS="2186" VPOS="4338" HEIGHT="27" WIDTH="205" ID="PAG_8_ST000393" WC="1" CONTENT="rectement." SUBS_TYPE="HypPart2" SUBS_CONTENT="directement." STYLEREFS="TXT_20"/>
          </TextLine>
        </TextBlock>
        <TextBlock HPOS="2250" VPOS="4416" HEIGHT="34" WIDTH="232" ID="PAG_8_TB000017" TAGREFS="TAG_ST009" LANG="fr" STYLEREFS="TXT_18">
          <TextLine HPOS="2250" VPOS="4416" HEIGHT="34" WIDTH="232" ID="PAG_8_TL000075" STYLEREFS="TXT_18">
            <String HPOS="2250" VPOS="4416" HEIGHT="34" WIDTH="232" ID="PAG_8_ST000394" WC="1" CONTENT="Irène-Liliane." STYLEREFS="TXT_18"/>
          </TextLine>
        </TextBlock>
        <TextBlock HPOS="2186" VPOS="4491" HEIGHT="110" WIDTH="742" ID="PAG_8_TB000018" LANG="fr" STYLEREFS="TXT_20">
          <TextLine HPOS="2223" VPOS="4491" HEIGHT="30" WIDTH="702" ID="PAG_8_TL000076" STYLEREFS="TXT_20">
            <String HPOS="2223" VPOS="4492" HEIGHT="29" WIDTH="98" ID="PAG_8_ST000395" WC="1" CONTENT="Vous" STYLEREFS="TXT_20"/>
            <SP ID="PAG_8_SP000320" HPOS="2321" VPOS="4499" WIDTH="33"/>
            <String HPOS="2354" VPOS="4499" HEIGHT="22" WIDTH="86" ID="PAG_8_ST000396" WC="1" CONTENT="avez" STYLEREFS="TXT_20"/>
            <SP ID="PAG_8_SP000321" HPOS="2440" VPOS="4491" WIDTH="33"/>
            <String HPOS="2473" VPOS="4491" HEIGHT="30" WIDTH="33" ID="PAG_8_ST000397" WC="1" CONTENT="le" STYLEREFS="TXT_20"/>
            <SP ID="PAG_8_SP000322" HPOS="2506" VPOS="4492" WIDTH="31"/>
            <String HPOS="2537" VPOS="4492" HEIGHT="29" WIDTH="93" ID="PAG_8_ST000398" WC="1" CONTENT="droit" STYLEREFS="TXT_20"/>
            <SP ID="PAG_8_SP000323" HPOS="2630" VPOS="4494" WIDTH="29"/>
            <String HPOS="2659" VPOS="4494" HEIGHT="27" WIDTH="46" ID="PAG_8_ST000399" WC="1" CONTENT="de" STYLEREFS="TXT_20"/>
            <SP ID="PAG_8_SP000324" HPOS="2705" VPOS="4493" WIDTH="33"/>
            <String HPOS="2738" VPOS="4493" HEIGHT="28" WIDTH="187" ID="PAG_8_ST000400" WC="1" CONTENT="demander" STYLEREFS="TXT_20"/>
          </TextLine>
          <TextLine HPOS="2187" VPOS="4532" HEIGHT="35" WIDTH="741" ID="PAG_8_TL000077" STYLEREFS="TXT_20">
            <String HPOS="2187" VPOS="4539" HEIGHT="21" WIDTH="69" ID="PAG_8_ST000401" WC="1" CONTENT="une" STYLEREFS="TXT_20"/>
            <SP ID="PAG_8_SP000325" HPOS="2256" VPOS="4532" WIDTH="22"/>
            <String HPOS="2278" VPOS="4532" HEIGHT="28" WIDTH="184" ID="PAG_8_ST000402" WC="1" CONTENT="réduction" STYLEREFS="TXT_20"/>
            <SP ID="PAG_8_SP000326" HPOS="2462" VPOS="4532" WIDTH="24"/>
            <String HPOS="2486" VPOS="4532" HEIGHT="28" WIDTH="43" ID="PAG_8_ST000403" WC="1" CONTENT="de" STYLEREFS="TXT_20"/>
            <SP ID="PAG_8_SP000327" HPOS="2529" VPOS="4534" WIDTH="22"/>
            <String HPOS="2551" VPOS="4534" HEIGHT="27" WIDTH="101" ID="PAG_8_ST000404" WC="1" CONTENT="votre" STYLEREFS="TXT_20"/>
            <SP ID="PAG_8_SP000328" HPOS="2652" VPOS="4533" WIDTH="23"/>
            <String HPOS="2675" VPOS="4533" HEIGHT="34" WIDTH="97" ID="PAG_8_ST000405" WC="1" CONTENT="loyer" STYLEREFS="TXT_20"/>
            <SP ID="PAG_8_SP000329" HPOS="2772" VPOS="4532" WIDTH="22"/>
            <String HPOS="2794" VPOS="4532" HEIGHT="35" WIDTH="134" ID="PAG_8_ST000406" WC="1" CONTENT="malgré" STYLEREFS="TXT_20"/>
          </TextLine>
          <TextLine HPOS="2186" VPOS="4569" HEIGHT="32" WIDTH="545" ID="PAG_8_TL000078" STYLEREFS="TXT_20">
            <String HPOS="2186" VPOS="4573" HEIGHT="28" WIDTH="101" ID="PAG_8_ST000407" WC="1" CONTENT="votre" STYLEREFS="TXT_20"/>
            <SP ID="PAG_8_SP000330" HPOS="2287" VPOS="4571" WIDTH="25"/>
            <String HPOS="2312" VPOS="4571" HEIGHT="29" WIDTH="213" ID="PAG_8_ST000408" WC="1" CONTENT="nationalité" STYLEREFS="TXT_20"/>
            <SP ID="PAG_8_SP000331" HPOS="2525" VPOS="4569" WIDTH="26"/>
            <String HPOS="2551" VPOS="4569" HEIGHT="31" WIDTH="180" ID="PAG_8_ST000409" WC="1" CONTENT="italienne." STYLEREFS="TXT_20"/>
          </TextLine>
        </TextBlock>
        <Illustration ID="PAG_8_IL000002" HPOS="2973" VPOS="215" HEIGHT="4465" WIDTH="800"/>
      </PrintSpace>
    </Page>
  </Layout>
</alto>