<?xml version="1.0" encoding="UTF-8"?>
<alto xmlns="http://www.loc.gov/standards/alto/ns-v3#" xmlns:xsi="http://www.w3.org/2001/XMLSchema-instance" SCHEMAVERSION="alto_bnf-v2_0" xsi:schemaLocation="http://www.loc.gov/standards/alto/ns-v3# http://bibnum.bnf.fr/schema/alto_bnf-v2_0.xsd" xmlns:xlink="http://www.w3.org/TR/xlink">
  <Description>
    <MeasurementUnit>pixel</MeasurementUnit>
    <sourceImageInformation>
      <fileName>00000033.jp2</fileName>
      <fileIdentifier>ark:/12148/bpt6k4701034k/f33</fileIdentifier>
      <documentIdentifier documentIdentifierLocation="NUM">4701034</documentIdentifier>
    </sourceImageInformation>
    <OCRProcessing ID="OCR_1">
      <ocrProcessingStep>
        <processingDateTime>2019-01-29</processingDateTime>
        <processingStepDescription>[001_OCR_BRUT]OCR BRUT 47.82 %</processingStepDescription>
        <processingStepDescription>[002_CHARS]{520}</processingStepDescription>
        <processingStepDescription>[003_CHARS_USED]{54}</processingStepDescription>
        <processingStepDescription>[004_CHARS_SUSPECTS_USED]{0}</processingStepDescription>
        <processingStepDescription>[005_CHARS_UNUSED]{466}</processingStepDescription>
        <processingStepDescription>[006_CHARS_SUSPECTS_UNUSED]{0}</processingStepDescription>
        <processingStepDescription>[007_STRINGS]{110}</processingStepDescription>
        <processingStepDescription>[008_STRINGS_USED]{13}</processingStepDescription>
        <processingStepDescription>[009_STRINGS_SUSPECTS_UNUSED]{0}</processingStepDescription>
        <processingStepDescription>[010_CHARS_LETTERS]{466}</processingStepDescription>
        <processingStepDescription>[011_CHARS_PUNCTUATION]{44}</processingStepDescription>
        <processingStepDescription>[012_CHARS_DIGITS]{6}</processingStepDescription>
        <processingStepDescription>[013_CHARS_SUSPECT]{0}</processingStepDescription>
        <processingStepDescription>[022_CHARS_UNUSED_BY_BLOCK]{0}</processingStepDescription>
        <processingStepDescription>[023_BLOCKS_SUSPECTS]{0}</processingStepDescription>
        <processingStepDescription>[111_LIGS_DETECTED_CURV]{0}</processingStepDescription>
      </ocrProcessingStep>
    </OCRProcessing>
  </Description>
  <Styles>
    <TextStyle FONTSIZE="8" ID="TXT_26" FONTFAMILY="Times"/>
    <TextStyle FONTSIZE="4" ID="TXT_30" FONTFAMILY="Times"/>
    <TextStyle FONTSIZE="11" ID="TXT_49" FONTFAMILY="Times"/>
    <TextStyle FONTSIZE="46" ID="TXT_50" FONTFAMILY="Times"/>
    <TextStyle FONTSIZE="40" ID="TXT_51" FONTFAMILY="Arial"/>
  </Styles>
  <Tags>
    <StructureTag DESCRIPTION="A VOTRE TOUR, MESSIEURS ! LES FEMMES ont horreur de çà..." TYPE="Structural" ID="TAG_ST001" LABEL="title"/>
    <RoleTag ID="TAG_illustrator" LABEL="illustrator"/>
  </Tags>
  <Layout>
    <Page ID="PAG_33" HEIGHT="5013" WIDTH="7551" PHYSICAL_IMG_NR="33" QUALITY="OK" ACCURACY="99.84">
      <PrintSpace HPOS="232" VPOS="222" HEIGHT="4473" WIDTH="7197" ID="PAG_33_PrintSpace">
        <ComposedBlock ID="PAG_33_CB000001" HPOS="232" VPOS="222" HEIGHT="4473" WIDTH="7197">
        <TextBlock HPOS="2805" VPOS="371" HEIGHT="57" WIDTH="986" ID="PAG_33_TB000001" TAGREFS="TAG_ST001" LANG="fr" STYLEREFS="TXT_49">
          <TextLine HPOS="2805" VPOS="371" HEIGHT="57" WIDTH="986" ID="PAG_33_TL000001" STYLEREFS="TXT_49">
            <String HPOS="2805" VPOS="372" HEIGHT="46" WIDTH="47" ID="PAG_33_ST000001" WC="1" CONTENT="A" STYLEREFS="TXT_49"/>
            <SP ID="PAG_33_SP000001" HPOS="2852" VPOS="371" WIDTH="29"/>
            <String HPOS="2881" VPOS="371" HEIGHT="48" WIDTH="219" ID="PAG_33_ST000002" WC="1" CONTENT="VOTRE" STYLEREFS="TXT_49"/>
            <SP ID="PAG_33_SP000002" HPOS="3100" VPOS="371" WIDTH="33"/>
            <String HPOS="3133" VPOS="371" HEIGHT="57" WIDTH="208" ID="PAG_33_ST000003" WC="1" CONTENT="TOUR," STYLEREFS="TXT_49"/>
            <SP ID="PAG_33_SP000003" HPOS="3341" VPOS="373" WIDTH="41"/>
            <String HPOS="3382" VPOS="373" HEIGHT="52" WIDTH="369" ID="PAG_33_ST000004" WC="1" CONTENT="MESSIEURS" STYLEREFS="TXT_49"/>
            <SP ID="PAG_33_SP000004" HPOS="3751" VPOS="377" WIDTH="25"/>
            <String HPOS="3776" VPOS="377" HEIGHT="48" WIDTH="15" ID="PAG_33_ST000005" WC="1" CONTENT="!" STYLEREFS="TXT_49"/>
          </TextLine>
        </TextBlock>
        <TextBlock HPOS="2788" VPOS="485" HEIGHT="249" WIDTH="2429" ID="PAG_33_TB000002" TAGREFS="TAG_ST001" LANG="fr" STYLEREFS="TXT_51">
          <TextLine HPOS="2788" VPOS="485" HEIGHT="249" WIDTH="2429" ID="PAG_33_TL000002" STYLEREFS="TXT_51">
            <String HPOS="2788" VPOS="532" HEIGHT="196" WIDTH="248" ID="PAG_33_ST000006" WC="1" CONTENT="LES" STYLEREFS="TXT_50"/>
            <SP ID="PAG_33_SP000005" HPOS="3036" VPOS="536" WIDTH="88"/>
            <String HPOS="3124" VPOS="536" HEIGHT="192" WIDTH="668" ID="PAG_33_ST000007" WC="1" CONTENT="FEMMES" STYLEREFS="TXT_50"/>
            <SP ID="PAG_33_SP000006" HPOS="3792" VPOS="485" WIDTH="1155"/>
            <String HPOS="4947" VPOS="485" HEIGHT="249" WIDTH="49" ID="PAG_33_ST000008" WC="1" CONTENT="ont" STYLEREFS="TXT_51"/>
            <SP ID="PAG_33_SP000007" HPOS="4996" VPOS="485" WIDTH="1"/>
            <String HPOS="4996" VPOS="485" HEIGHT="249" WIDTH="98" ID="PAG_33_ST000009" WC="1" CONTENT="horreur" STYLEREFS="TXT_51"/>
            <SP ID="PAG_33_SP000008" HPOS="5094" VPOS="485" WIDTH="1"/>
            <String HPOS="5094" VPOS="485" HEIGHT="249" WIDTH="36" ID="PAG_33_ST000010" WC="1" CONTENT="de" STYLEREFS="TXT_51"/>
            <SP ID="PAG_33_SP000009" HPOS="5130" VPOS="485" WIDTH="1"/>
            <String HPOS="5130" VPOS="485" HEIGHT="249" WIDTH="87" ID="PAG_33_ST000011" WC="1" CONTENT="çà..." STYLEREFS="TXT_51"/>
          </TextLine>
        </TextBlock>
        <TextBlock HPOS="4094" VPOS="846" HEIGHT="518" WIDTH="1905" ID="PAG_33_TB000003" LANG="fr" STYLEREFS="TXT_49">
          <TextLine HPOS="4096" VPOS="846" HEIGHT="75" WIDTH="1897" ID="PAG_33_TL000003" STYLEREFS="TXT_49">
            <String HPOS="4096" VPOS="849" HEIGHT="57" WIDTH="59" ID="PAG_33_ST000012" WC="0.67" CONTENT="*" STYLEREFS="TXT_51"/>
            <SP ID="PAG_33_SP000010" HPOS="4155" VPOS="846" WIDTH="23"/>
            <String HPOS="4178" VPOS="846" HEIGHT="52" WIDTH="94" ID="PAG_33_ST000013" WC="1" CONTENT="Les" STYLEREFS="TXT_49"/>
            <SP ID="PAG_33_SP000011" HPOS="4272" VPOS="847" WIDTH="37"/>
            <String HPOS="4309" VPOS="847" HEIGHT="51" WIDTH="233" ID="PAG_33_ST000014" WC="1" CONTENT="femmes" STYLEREFS="TXT_49"/>
            <SP ID="PAG_33_SP000012" HPOS="4542" VPOS="848" WIDTH="36"/>
            <String HPOS="4578" VPOS="848" HEIGHT="51" WIDTH="148" ID="PAG_33_ST000015" WC="1" CONTENT="aussi" STYLEREFS="TXT_49"/>
            <SP ID="PAG_33_SP000013" HPOS="4726" VPOS="859" WIDTH="38"/>
            <String HPOS="4764" VPOS="859" HEIGHT="39" WIDTH="95" ID="PAG_33_ST000016" WC="1" CONTENT="ont" STYLEREFS="TXT_49"/>
            <SP ID="PAG_33_SP000014" HPOS="4859" VPOS="850" WIDTH="38"/>
            <String HPOS="4897" VPOS="850" HEIGHT="49" WIDTH="145" ID="PAG_33_ST000017" WC="1" CONTENT="leurs" STYLEREFS="TXT_49"/>
            <SP ID="PAG_33_SP000015" HPOS="5042" VPOS="855" WIDTH="37"/>
            <String HPOS="5079" VPOS="855" HEIGHT="61" WIDTH="182" ID="PAG_33_ST000018" WC="0.82" CONTENT="goûts," STYLEREFS="TXT_49"/>
            <SP ID="PAG_33_SP000016" HPOS="5261" VPOS="850" WIDTH="42"/>
            <String HPOS="5303" VPOS="850" HEIGHT="52" WIDTH="144" ID="PAG_33_ST000019" WC="1" CONTENT="leurs" STYLEREFS="TXT_49"/>
            <SP ID="PAG_33_SP000017" HPOS="5447" VPOS="852" WIDTH="38"/>
            <String HPOS="5485" VPOS="852" HEIGHT="65" WIDTH="362" ID="PAG_33_ST000020" WC="1" CONTENT="préférences." STYLEREFS="TXT_49"/>
            <SP ID="PAG_33_SP000018" HPOS="5847" VPOS="854" WIDTH="44"/>
            <String HPOS="5891" VPOS="854" HEIGHT="51" WIDTH="36" ID="PAG_33_ST000021" WC="1" CONTENT="Il" STYLEREFS="TXT_49"/>
            <SP ID="PAG_33_SP000019" HPOS="5927" VPOS="873" WIDTH="37"/>
            <String HPOS="5964" VPOS="873" HEIGHT="48" WIDTH="29" ID="PAG_33_ST000022" WC="0.95" CONTENT="y" STYLEREFS="TXT_49"/>
          </TextLine>
          <TextLine HPOS="4094" VPOS="921" HEIGHT="70" WIDTH="1898" ID="PAG_33_TL000004" STYLEREFS="TXT_49">
            <String HPOS="4094" VPOS="939" HEIGHT="33" WIDTH="30" ID="PAG_33_ST000023" WC="1" CONTENT="a" STYLEREFS="TXT_49"/>
            <SP ID="PAG_33_SP000020" HPOS="4124" VPOS="921" WIDTH="34"/>
            <String HPOS="4158" VPOS="921" HEIGHT="54" WIDTH="168" ID="PAG_33_ST000024" WC="1" CONTENT="aussi," STYLEREFS="TXT_49"/>
            <SP ID="PAG_33_SP000021" HPOS="4326" VPOS="939" WIDTH="54"/>
            <String HPOS="4380" VPOS="939" HEIGHT="49" WIDTH="142" ID="PAG_33_ST000025" WC="1" CONTENT="pour" STYLEREFS="TXT_49"/>
            <SP ID="PAG_33_SP000022" HPOS="4522" VPOS="922" WIDTH="40"/>
            <String HPOS="4562" VPOS="922" HEIGHT="52" WIDTH="151" ID="PAG_33_ST000026" WC="1" CONTENT="elles," STYLEREFS="TXT_49"/>
            <SP ID="PAG_33_SP000023" HPOS="4713" VPOS="923" WIDTH="46"/>
            <String HPOS="4759" VPOS="923" HEIGHT="50" WIDTH="97" ID="PAG_33_ST000027" WC="1" CONTENT="des" STYLEREFS="TXT_49"/>
            <SP ID="PAG_33_SP000024" HPOS="4856" VPOS="923" WIDTH="43"/>
            <String HPOS="4899" VPOS="923" HEIGHT="50" WIDTH="197" ID="PAG_33_ST000028" WC="1" CONTENT="choses" STYLEREFS="TXT_49"/>
            <SP ID="PAG_33_SP000025" HPOS="5096" VPOS="924" WIDTH="44"/>
            <String HPOS="5140" VPOS="924" HEIGHT="67" WIDTH="227" ID="PAG_33_ST000029" WC="1" CONTENT="qu'elles" STYLEREFS="TXT_49"/>
            <SP ID="PAG_33_SP000026" HPOS="5367" VPOS="943" WIDTH="47"/>
            <String HPOS="5414" VPOS="943" HEIGHT="33" WIDTH="64" ID="PAG_33_ST000030" WC="1" CONTENT="ne" STYLEREFS="TXT_49"/>
            <SP ID="PAG_33_SP000027" HPOS="5478" VPOS="941" WIDTH="47"/>
            <String HPOS="5525" VPOS="941" HEIGHT="50" WIDTH="238" ID="PAG_33_ST000031" WC="1" CONTENT="peuvent" STYLEREFS="TXT_49"/>
            <SP ID="PAG_33_SP000028" HPOS="5763" VPOS="929" WIDTH="42"/>
            <String HPOS="5805" VPOS="929" HEIGHT="50" WIDTH="187" ID="PAG_33_ST000032" WC="1" CONTENT="sentir." STYLEREFS="TXT_49"/>
          </TextLine>
          <TextLine HPOS="4097" VPOS="994" HEIGHT="72" WIDTH="1900" ID="PAG_33_TL000005" STYLEREFS="TXT_49">
            <String HPOS="4097" VPOS="994" HEIGHT="52" WIDTH="58" ID="PAG_33_ST000033" WC="1" CONTENT="Et" STYLEREFS="TXT_49"/>
            <SP ID="PAG_33_SP000029" HPOS="4155" VPOS="998" WIDTH="46"/>
            <String HPOS="4201" VPOS="998" HEIGHT="64" WIDTH="188" ID="PAG_33_ST000034" WC="1" CONTENT="quand" STYLEREFS="TXT_49"/>
            <SP ID="PAG_33_SP000030" HPOS="4389" VPOS="996" WIDTH="49"/>
            <String HPOS="4438" VPOS="996" HEIGHT="51" WIDTH="131" ID="PAG_33_ST000035" WC="1" CONTENT="elles" STYLEREFS="TXT_49"/>
            <SP ID="PAG_33_SP000031" HPOS="4569" VPOS="1007" WIDTH="49"/>
            <String HPOS="4618" VPOS="1007" HEIGHT="39" WIDTH="96" ID="PAG_33_ST000036" WC="1" CONTENT="ont" STYLEREFS="TXT_49"/>
            <SP ID="PAG_33_SP000032" HPOS="4714" VPOS="996" WIDTH="54"/>
            <String HPOS="4768" VPOS="996" HEIGHT="51" WIDTH="234" ID="PAG_33_ST000037" WC="1" CONTENT="horreur" STYLEREFS="TXT_49"/>
            <SP ID="PAG_33_SP000033" HPOS="5002" VPOS="999" WIDTH="47"/>
            <String HPOS="5049" VPOS="999" HEIGHT="49" WIDTH="65" ID="PAG_33_ST000038" WC="1" CONTENT="de" STYLEREFS="TXT_49"/>
            <SP ID="PAG_33_SP000034" HPOS="5114" VPOS="998" WIDTH="49"/>
            <String HPOS="5163" VPOS="998" HEIGHT="68" WIDTH="240" ID="PAG_33_ST000039" WC="1" CONTENT="quelque" STYLEREFS="TXT_49"/>
            <SP ID="PAG_33_SP000035" HPOS="5403" VPOS="1000" WIDTH="48"/>
            <String HPOS="5451" VPOS="1000" HEIGHT="60" WIDTH="186" ID="PAG_33_ST000040" WC="1" CONTENT="chose," STYLEREFS="TXT_49"/>
            <SP ID="PAG_33_SP000036" HPOS="5637" VPOS="1001" WIDTH="57"/>
            <String HPOS="5694" VPOS="1001" HEIGHT="51" WIDTH="131" ID="PAG_33_ST000041" WC="1" CONTENT="elles" STYLEREFS="TXT_49"/>
            <SP ID="PAG_33_SP000037" HPOS="5825" VPOS="1014" WIDTH="48"/>
            <String HPOS="5873" VPOS="1014" HEIGHT="39" WIDTH="124" ID="PAG_33_ST000042" WC="1" CONTENT="sont" STYLEREFS="TXT_49"/>
          </TextLine>
          <TextLine HPOS="4095" VPOS="1069" HEIGHT="71" WIDTH="1899" ID="PAG_33_TL000006" STYLEREFS="TXT_49">
            <String HPOS="4095" VPOS="1070" HEIGHT="66" WIDTH="256" ID="PAG_33_ST000043" WC="1" CONTENT="capables" STYLEREFS="TXT_49"/>
            <SP ID="PAG_33_SP000038" HPOS="4351" VPOS="1069" WIDTH="37"/>
            <String HPOS="4388" VPOS="1069" HEIGHT="52" WIDTH="208" ID="PAG_33_ST000044" WC="1" CONTENT="d'avoir" STYLEREFS="TXT_49"/>
            <SP ID="PAG_33_SP000039" HPOS="4596" VPOS="1071" WIDTH="40"/>
            <String HPOS="4636" VPOS="1071" HEIGHT="65" WIDTH="289" ID="PAG_33_ST000045" WC="1" CONTENT="beaucoup" STYLEREFS="TXT_49"/>
            <SP ID="PAG_33_SP000040" HPOS="4925" VPOS="1071" WIDTH="47"/>
            <String HPOS="4972" VPOS="1071" HEIGHT="66" WIDTH="122" ID="PAG_33_ST000046" WC="1" CONTENT="plus" STYLEREFS="TXT_49"/>
            <SP ID="PAG_33_SP000041" HPOS="5094" VPOS="1071" WIDTH="43"/>
            <String HPOS="5137" VPOS="1071" HEIGHT="52" WIDTH="290" ID="PAG_33_ST000047" WC="1" CONTENT="d'horreur" STYLEREFS="TXT_49"/>
            <SP ID="PAG_33_SP000042" HPOS="5427" VPOS="1091" WIDTH="38"/>
            <String HPOS="5465" VPOS="1091" HEIGHT="49" WIDTH="106" ID="PAG_33_ST000048" WC="1" CONTENT="que" STYLEREFS="TXT_49"/>
            <SP ID="PAG_33_SP000043" HPOS="5571" VPOS="1074" WIDTH="37"/>
            <String HPOS="5608" VPOS="1074" HEIGHT="51" WIDTH="76" ID="PAG_33_ST000049" WC="1" CONTENT="les" STYLEREFS="TXT_49"/>
            <SP ID="PAG_33_SP000044" HPOS="5684" VPOS="1075" WIDTH="37"/>
            <String HPOS="5721" VPOS="1075" HEIGHT="52" WIDTH="273" ID="PAG_33_ST000050" WC="1" CONTENT="hommes." STYLEREFS="TXT_49"/>
          </TextLine>
          <TextLine HPOS="4097" VPOS="1142" HEIGHT="66" WIDTH="1902" ID="PAG_33_TL000007" STYLEREFS="TXT_49">
            <String HPOS="4097" VPOS="1142" HEIGHT="53" WIDTH="157" ID="PAG_33_ST000051" WC="1" CONTENT="Nous" STYLEREFS="TXT_49"/>
            <SP ID="PAG_33_SP000045" HPOS="4254" VPOS="1162" WIDTH="27"/>
            <String HPOS="4281" VPOS="1162" HEIGHT="33" WIDTH="140" ID="PAG_33_ST000052" WC="1" CONTENT="vous" STYLEREFS="TXT_49"/>
            <SP ID="PAG_33_SP000046" HPOS="4421" VPOS="1161" WIDTH="32"/>
            <String HPOS="4453" VPOS="1161" HEIGHT="33" WIDTH="174" ID="PAG_33_ST000053" WC="1" CONTENT="avons" STYLEREFS="TXT_49"/>
            <SP ID="PAG_33_SP000047" HPOS="4627" VPOS="1144" WIDTH="30"/>
            <String HPOS="4657" VPOS="1144" HEIGHT="60" WIDTH="236" ID="PAG_33_ST000054" WC="1" CONTENT="montré," STYLEREFS="TXT_49"/>
            <SP ID="PAG_33_SP000048" HPOS="4893" VPOS="1144" WIDTH="35"/>
            <String HPOS="4928" VPOS="1144" HEIGHT="64" WIDTH="332" ID="PAG_33_ST000055" WC="1" CONTENT="Mesdames," STYLEREFS="TXT_49"/>
            <SP ID="PAG_33_SP000049" HPOS="5260" VPOS="1148" WIDTH="32"/>
            <String HPOS="5292" VPOS="1148" HEIGHT="50" WIDTH="136" ID="PAG_33_ST000056" WC="1" CONTENT="dans" STYLEREFS="TXT_49"/>
            <SP ID="PAG_33_SP000050" HPOS="5428" VPOS="1149" WIDTH="24"/>
            <String HPOS="5452" VPOS="1149" HEIGHT="49" WIDTH="47" ID="PAG_33_ST000057" WC="1" CONTENT="le" STYLEREFS="TXT_49"/>
            <SP ID="PAG_33_SP000051" HPOS="5499" VPOS="1149" WIDTH="23"/>
            <String HPOS="5522" VPOS="1149" HEIGHT="51" WIDTH="219" ID="PAG_33_ST000058" WC="1" CONTENT="dernier" STYLEREFS="TXT_49"/>
            <SP ID="PAG_33_SP000052" HPOS="5741" VPOS="1150" WIDTH="25"/>
            <String HPOS="5766" VPOS="1150" HEIGHT="51" WIDTH="233" ID="PAG_33_ST000059" WC="1" CONTENT="numéro" STYLEREFS="TXT_49"/>
          </TextLine>
          <TextLine HPOS="4096" VPOS="1217" HEIGHT="72" WIDTH="1903" ID="PAG_33_TL000008" STYLEREFS="TXT_49">
            <String HPOS="4096" VPOS="1235" HEIGHT="33" WIDTH="58" ID="PAG_33_ST000060" WC="1" CONTENT="ce" STYLEREFS="TXT_49"/>
            <SP ID="PAG_33_SP000053" HPOS="4154" VPOS="1217" WIDTH="20"/>
            <String HPOS="4174" VPOS="1217" HEIGHT="68" WIDTH="132" ID="PAG_33_ST000061" WC="1" CONTENT="qu'il" STYLEREFS="TXT_49"/>
            <SP ID="PAG_33_SP000054" HPOS="4306" VPOS="1235" WIDTH="24"/>
            <String HPOS="4330" VPOS="1235" HEIGHT="34" WIDTH="67" ID="PAG_33_ST000062" WC="1" CONTENT="ne" STYLEREFS="TXT_49"/>
            <SP ID="PAG_33_SP000055" HPOS="4397" VPOS="1218" WIDTH="22"/>
            <String HPOS="4419" VPOS="1218" HEIGHT="51" WIDTH="171" ID="PAG_33_ST000063" WC="1" CONTENT="fallait" STYLEREFS="TXT_49"/>
            <SP ID="PAG_33_SP000056" HPOS="4590" VPOS="1235" WIDTH="23"/>
            <String HPOS="4613" VPOS="1235" HEIGHT="48" WIDTH="97" ID="PAG_33_ST000064" WC="1" CONTENT="pas" STYLEREFS="TXT_49"/>
            <SP ID="PAG_33_SP000057" HPOS="4710" VPOS="1218" WIDTH="27"/>
            <String HPOS="4737" VPOS="1218" HEIGHT="51" WIDTH="131" ID="PAG_33_ST000065" WC="1" CONTENT="faire" STYLEREFS="TXT_49"/>
            <SP ID="PAG_33_SP000058" HPOS="4868" VPOS="1219" WIDTH="29"/>
            <String HPOS="4897" VPOS="1219" HEIGHT="50" WIDTH="42" ID="PAG_33_ST000066" WC="1" CONTENT="si" STYLEREFS="TXT_49"/>
            <SP ID="PAG_33_SP000059" HPOS="4939" VPOS="1237" WIDTH="19"/>
            <String HPOS="4958" VPOS="1237" HEIGHT="34" WIDTH="137" ID="PAG_33_ST000067" WC="1" CONTENT="vous" STYLEREFS="TXT_49"/>
            <SP ID="PAG_33_SP000060" HPOS="5095" VPOS="1221" WIDTH="21"/>
            <String HPOS="5116" VPOS="1221" HEIGHT="51" WIDTH="216" ID="PAG_33_ST000068" WC="1" CONTENT="vouliez" STYLEREFS="TXT_49"/>
            <SP ID="PAG_33_SP000061" HPOS="5332" VPOS="1222" WIDTH="27"/>
            <String HPOS="5359" VPOS="1222" HEIGHT="51" WIDTH="177" ID="PAG_33_ST000069" WC="1" CONTENT="«leur»" STYLEREFS="TXT_49"/>
            <SP ID="PAG_33_SP000062" HPOS="5536" VPOS="1223" WIDTH="29"/>
            <String HPOS="5565" VPOS="1223" HEIGHT="66" WIDTH="185" ID="PAG_33_ST000070" WC="1" CONTENT="plaire." STYLEREFS="TXT_49"/>
            <SP ID="PAG_33_SP000063" HPOS="5750" VPOS="1225" WIDTH="28"/>
            <String HPOS="5778" VPOS="1225" HEIGHT="49" WIDTH="44" ID="PAG_33_ST000071" WC="1" CONTENT="A" STYLEREFS="TXT_49"/>
            <SP ID="PAG_33_SP000064" HPOS="5822" VPOS="1235" WIDTH="22"/>
            <String HPOS="5844" VPOS="1235" HEIGHT="41" WIDTH="155" ID="PAG_33_ST000072" WC="1" CONTENT="votre" STYLEREFS="TXT_49"/>
          </TextLine>
          <TextLine HPOS="4096" VPOS="1291" HEIGHT="73" WIDTH="1896" ID="PAG_33_TL000009" STYLEREFS="TXT_49">
            <String HPOS="4096" VPOS="1303" HEIGHT="50" WIDTH="145" ID="PAG_33_ST000073" WC="1" CONTENT="tour," STYLEREFS="TXT_49"/>
            <SP ID="PAG_33_SP000065" HPOS="4241" VPOS="1291" WIDTH="25"/>
            <String HPOS="4266" VPOS="1291" HEIGHT="54" WIDTH="318" ID="PAG_33_ST000074" WC="1" CONTENT="Messieurs," STYLEREFS="TXT_49"/>
            <SP ID="PAG_33_SP000066" HPOS="4584" VPOS="1310" WIDTH="23"/>
            <String HPOS="4607" VPOS="1310" HEIGHT="40" WIDTH="108" ID="PAG_33_ST000075" WC="1" CONTENT="car," STYLEREFS="TXT_49"/>
            <SP ID="PAG_33_SP000067" HPOS="4715" VPOS="1293" WIDTH="21"/>
            <String HPOS="4736" VPOS="1293" HEIGHT="50" WIDTH="125" ID="PAG_33_ST000076" WC="1" CONTENT="bien" STYLEREFS="TXT_49"/>
            <SP ID="PAG_33_SP000068" HPOS="4861" VPOS="1300" WIDTH="26"/>
            <String HPOS="4887" VPOS="1300" HEIGHT="44" WIDTH="110" ID="PAG_33_ST000077" WC="1" CONTENT="sûr." STYLEREFS="TXT_49"/>
            <SP ID="PAG_33_SP000069" HPOS="4997" VPOS="1312" WIDTH="20"/>
            <String HPOS="5017" VPOS="1312" HEIGHT="34" WIDTH="139" ID="PAG_33_ST000078" WC="1" CONTENT="vous" STYLEREFS="TXT_49"/>
            <SP ID="PAG_33_SP000070" HPOS="5156" VPOS="1296" WIDTH="22"/>
            <String HPOS="5178" VPOS="1296" HEIGHT="51" WIDTH="241" ID="PAG_33_ST000079" WC="1" CONTENT="voudrez" STYLEREFS="TXT_49"/>
            <SP ID="PAG_33_SP000071" HPOS="5419" VPOS="1297" WIDTH="25"/>
            <String HPOS="5444" VPOS="1297" HEIGHT="50" WIDTH="177" ID="PAG_33_ST000080" WC="0.94" CONTENT="«leur»" STYLEREFS="TXT_49"/>
            <SP ID="PAG_33_SP000072" HPOS="5621" VPOS="1297" WIDTH="24"/>
            <String HPOS="5645" VPOS="1297" HEIGHT="67" WIDTH="166" ID="PAG_33_ST000081" WC="1" CONTENT="plaire" STYLEREFS="TXT_49"/>
            <SP ID="PAG_33_SP000073" HPOS="5811" VPOS="1299" WIDTH="17"/>
            <String HPOS="5828" VPOS="1299" HEIGHT="50" WIDTH="164" ID="PAG_33_ST000082" WC="1" CONTENT="aussi." STYLEREFS="TXT_49"/>
          </TextLine>
        </TextBlock>
        <Illustration ID="PAG_33_IL000001" HPOS="232" VPOS="222" HEIGHT="3335" WIDTH="2489"/>
        <TextBlock HPOS="1440" VPOS="3557" HEIGHT="196" WIDTH="1281" ID="PAG_33_TB000004" LANG="fr" STYLEREFS="TXT_49">
          <TextLine HPOS="1440" VPOS="3557" HEIGHT="196" WIDTH="1281" ID="PAG_33_TL000010" STYLEREFS="TXT_49">
            <String HPOS="1440" VPOS="3557" HEIGHT="196" WIDTH="498" ID="PAG_33_ST000083" WC="0.00" CONTENT="[texte" STYLEREFS="TXT_49"/>
            <SP ID="PAG_33_SP000074" HPOS="1938" VPOS="3557" WIDTH="1"/>
            <String HPOS="1938" VPOS="3557" HEIGHT="196" WIDTH="783" ID="PAG_33_ST000084" WC="0.00" CONTENT="illisible]" STYLEREFS="TXT_49"/>
          </TextLine>
        </TextBlock>
        <Illustration ID="PAG_33_IL000002" HPOS="455" VPOS="3414" HEIGHT="1233" WIDTH="1594"/>
        <TextBlock HPOS="539" VPOS="4573" HEIGHT="53" WIDTH="123" ID="PAG_33_TB000005" TAGREFS="TAG_illustrator" LANG="fr" STYLEREFS="TXT_30">
          <TextLine HPOS="540" VPOS="4573" HEIGHT="20" WIDTH="121" ID="PAG_33_TL000011" STYLEREFS="TXT_30">
            <String HPOS="540" VPOS="4573" HEIGHT="20" WIDTH="121" ID="PAG_33_ST000085" WC="1" CONTENT="PHOTOS" STYLEREFS="TXT_30"/>
          </TextLine>
          <TextLine HPOS="539" VPOS="4607" HEIGHT="19" WIDTH="123" ID="PAG_33_TL000012" STYLEREFS="TXT_30">
            <String HPOS="539" VPOS="4607" HEIGHT="19" WIDTH="123" ID="PAG_33_ST000086" WC="1" CONTENT="MAXDEL" STYLEREFS="TXT_30"/>
          </TextLine>
        </TextBlock>
        <TextBlock HPOS="940" VPOS="4590" HEIGHT="101" WIDTH="975" ID="PAG_33_TB000006" LANG="fr" STYLEREFS="TXT_26">
          <TextLine HPOS="940" VPOS="4590" HEIGHT="101" WIDTH="975" ID="PAG_33_TL000013" STYLEREFS="TXT_26">
            <String HPOS="940" VPOS="4659" HEIGHT="6" WIDTH="8" ID="PAG_33_ST000087" WC="0.00" CONTENT="," STYLEREFS="TXT_26"/>
            <SP ID="PAG_33_SP000075" HPOS="948" VPOS="4605" WIDTH="6"/>
            <String HPOS="954" VPOS="4605" HEIGHT="70" WIDTH="55" ID="PAG_33_ST000088" WC="0.44" CONTENT="-ff" STYLEREFS="TXT_26"/>
            <SP ID="PAG_33_SP000076" HPOS="1009" VPOS="4590" WIDTH="35"/>
            <String HPOS="1044" VPOS="4590" HEIGHT="89" WIDTH="83" ID="PAG_33_ST000089" WC="0.17" CONTENT="d" STYLEREFS="TXT_26"/>
            <SP ID="PAG_33_SP000077" HPOS="1127" VPOS="4590" WIDTH="1"/>
            <String HPOS="1127" VPOS="4590" HEIGHT="89" WIDTH="166" ID="PAG_33_ST000090" WC="0.17" CONTENT="ck" STYLEREFS="TXT_26"/>
            <SP ID="PAG_33_SP000078" HPOS="1293" VPOS="4594" WIDTH="38"/>
            <String HPOS="1331" VPOS="4594" HEIGHT="88" WIDTH="201" ID="PAG_33_ST000091" WC="0.24" CONTENT="Ydh;," STYLEREFS="TXT_26"/>
            <SP ID="PAG_33_SP000079" HPOS="1532" VPOS="4592" WIDTH="37"/>
            <String HPOS="1569" VPOS="4592" HEIGHT="89" WIDTH="111" ID="PAG_33_ST000092" WC="0.00" CONTENT="4" STYLEREFS="TXT_26"/>
            <SP ID="PAG_33_SP000080" HPOS="1680" VPOS="4610" WIDTH="124"/>
            <String HPOS="1804" VPOS="4610" HEIGHT="81" WIDTH="111" ID="PAG_33_ST000093" WC="0.00" CONTENT="e" STYLEREFS="TXT_26"/>
          </TextLine>
        </TextBlock>
        <Illustration ID="PAG_33_IL000003" HPOS="2562" VPOS="1021" HEIGHT="1313" WIDTH="1202"/>
        <TextBlock HPOS="2562" VPOS="2334" HEIGHT="296" WIDTH="1102" ID="PAG_33_TB000007" LANG="fr" STYLEREFS="TXT_26">
          <TextLine HPOS="2562" VPOS="2334" HEIGHT="296" WIDTH="1102" ID="PAG_33_TL000014" STYLEREFS="TXT_26">
            <String HPOS="2562" VPOS="2334" HEIGHT="296" WIDTH="428" ID="PAG_33_ST000094" WC="0.00" CONTENT="[texte" STYLEREFS="TXT_26"/>
            <SP ID="PAG_33_SP000081" HPOS="2990" VPOS="2334" WIDTH="1"/>
            <String HPOS="2990" VPOS="2334" HEIGHT="296" WIDTH="674" ID="PAG_33_ST000095" WC="0.00" CONTENT="illisible]" STYLEREFS="TXT_26"/>
          </TextLine>
        </TextBlock>
        <Illustration ID="PAG_33_IL000004" HPOS="2266" VPOS="2742" HEIGHT="1953" WIDTH="1631"/>
        <Illustration ID="PAG_33_IL000005" HPOS="3754" VPOS="1508" HEIGHT="1916" WIDTH="974"/>
        <Illustration ID="PAG_33_IL000006" HPOS="4728" VPOS="1381" HEIGHT="2737" WIDTH="1599"/>
        <TextBlock HPOS="5083" VPOS="4118" HEIGHT="206" WIDTH="964" ID="PAG_33_TB000008" LANG="fr" STYLEREFS="TXT_26">
          <TextLine HPOS="5083" VPOS="4118" HEIGHT="206" WIDTH="964" ID="PAG_33_TL000015" STYLEREFS="TXT_26">
            <String HPOS="5083" VPOS="4118" HEIGHT="206" WIDTH="374" ID="PAG_33_ST000096" WC="0.00" CONTENT="[texte" STYLEREFS="TXT_26"/>
            <SP ID="PAG_33_SP000082" HPOS="5457" VPOS="4118" WIDTH="1"/>
            <String HPOS="5457" VPOS="4118" HEIGHT="206" WIDTH="590" ID="PAG_33_ST000097" WC="0.00" CONTENT="illisible]" STYLEREFS="TXT_26"/>
          </TextLine>
        </TextBlock>
        <Illustration ID="PAG_33_IL000007" HPOS="3876" VPOS="3435" HEIGHT="1117" WIDTH="1011"/>
        <TextBlock HPOS="3880" VPOS="4555" HEIGHT="121" WIDTH="995" ID="PAG_33_TB000009" LANG="fr" STYLEREFS="TXT_26">
          <TextLine HPOS="3880" VPOS="4555" HEIGHT="121" WIDTH="995" ID="PAG_33_TL000016" STYLEREFS="TXT_26">
            <String HPOS="3880" VPOS="4565" HEIGHT="80" WIDTH="91" ID="PAG_33_ST000098" WC="0.58" CONTENT="4i" STYLEREFS="TXT_26"/>
            <SP ID="PAG_33_SP000083" HPOS="3971" VPOS="4555" WIDTH="23"/>
            <String HPOS="3994" VPOS="4555" HEIGHT="88" WIDTH="384" ID="PAG_33_ST000099" WC="0.1" CONTENT="c4eeweo~v" STYLEREFS="TXT_26"/>
            <SP ID="PAG_33_SP000084" HPOS="4378" VPOS="4603" WIDTH="30"/>
            <String HPOS="4408" VPOS="4603" HEIGHT="73" WIDTH="109" ID="PAG_33_ST000100" WC="0.41" CONTENT="JUS" STYLEREFS="TXT_26"/>
            <SP ID="PAG_33_SP000085" HPOS="4517" VPOS="4583" WIDTH="11"/>
            <String HPOS="4528" VPOS="4583" HEIGHT="9" WIDTH="7" ID="PAG_33_ST000101" WC="0.00" CONTENT="-" STYLEREFS="TXT_26"/>
            <SP ID="PAG_33_SP000086" HPOS="4535" VPOS="4562" WIDTH="14"/>
            <String HPOS="4549" VPOS="4562" HEIGHT="83" WIDTH="121" ID="PAG_33_ST000102" WC="0.00" CONTENT="~~" STYLEREFS="TXT_26"/>
            <SP ID="PAG_33_SP000087" HPOS="4670" VPOS="4570" WIDTH="111"/>
            <String HPOS="4781" VPOS="4570" HEIGHT="79" WIDTH="94" ID="PAG_33_ST000103" WC="0.00" CONTENT="r" STYLEREFS="TXT_26"/>
          </TextLine>
        </TextBlock>
        <Illustration ID="PAG_33_IL000008" HPOS="6137" VPOS="232" HEIGHT="1509" WIDTH="1128"/>
        <TextBlock HPOS="6360" VPOS="1758" HEIGHT="93" WIDTH="774" ID="PAG_33_TB000010" LANG="fr" STYLEREFS="TXT_26">
          <TextLine HPOS="6360" VPOS="1758" HEIGHT="93" WIDTH="774" ID="PAG_33_TL000017" STYLEREFS="TXT_26">
            <String HPOS="6360" VPOS="1758" HEIGHT="88" WIDTH="70" ID="PAG_33_ST000104" WC="0.85" CONTENT="6" STYLEREFS="TXT_26"/>
            <SP ID="PAG_33_SP000088" HPOS="6430" VPOS="1778" WIDTH="37"/>
            <String HPOS="6467" VPOS="1778" HEIGHT="72" WIDTH="279" ID="PAG_33_ST000105" WC="0.26" CONTENT="c1atPd1e" STYLEREFS="TXT_26"/>
            <SP ID="PAG_33_SP000089" HPOS="6746" VPOS="1759" WIDTH="30"/>
            <String HPOS="6776" VPOS="1759" HEIGHT="92" WIDTH="176" ID="PAG_33_ST000106" WC="0.25" CONTENT="mal" STYLEREFS="TXT_26"/>
            <SP ID="PAG_33_SP000090" HPOS="6952" VPOS="1789" WIDTH="4"/>
            <String HPOS="6956" VPOS="1789" HEIGHT="57" WIDTH="178" ID="PAG_33_ST000107" WC="0.54" CONTENT="Ttisù/e," STYLEREFS="TXT_26"/>
          </TextLine>
        </TextBlock>
        <TextBlock HPOS="6542" VPOS="2738" HEIGHT="160" WIDTH="542" ID="PAG_33_TB000011" LANG="fr" STYLEREFS="TXT_26">
          <TextLine HPOS="6542" VPOS="2738" HEIGHT="160" WIDTH="542" ID="PAG_33_TL000018" STYLEREFS="TXT_26">
            <String HPOS="6542" VPOS="2738" HEIGHT="79" WIDTH="117" ID="PAG_33_ST000108" WC="0.00" CONTENT="Z;.Ie" STYLEREFS="TXT_26"/>
            <SP ID="PAG_33_SP000091" HPOS="6659" VPOS="2848" WIDTH="209"/>
            <String HPOS="6868" VPOS="2848" HEIGHT="50" WIDTH="96" ID="PAG_33_ST000109" WC="0.00" CONTENT="^" STYLEREFS="TXT_26"/>
            <SP ID="PAG_33_SP000092" HPOS="6964" VPOS="2836" WIDTH="46"/>
            <String HPOS="7010" VPOS="2836" HEIGHT="48" WIDTH="74" ID="PAG_33_ST000110" WC="0.00" CONTENT="y" STYLEREFS="TXT_26"/>
          </TextLine>
        </TextBlock>
        <Illustration ID="PAG_33_IL000009" HPOS="6168" VPOS="2953" HEIGHT="1678" WIDTH="1261"/>
        </ComposedBlock>
      </PrintSpace>
    </Page>
  </Layout>
</alto>