<?xml version="1.0" encoding="UTF-8"?>
<alto xmlns="http://www.loc.gov/standards/alto/ns-v3#" xmlns:xsi="http://www.w3.org/2001/XMLSchema-instance" SCHEMAVERSION="alto_bnf-v2_0" xsi:schemaLocation="http://www.loc.gov/standards/alto/ns-v3# http://bibnum.bnf.fr/schema/alto_bnf-v2_0.xsd" xmlns:xlink="http://www.w3.org/TR/xlink">
  <Description>
    <MeasurementUnit>pixel</MeasurementUnit>
    <sourceImageInformation>
      <fileName>00000027.jp2</fileName>
      <fileIdentifier>ark:/12148/bpt6k4701034k/f27</fileIdentifier>
      <documentIdentifier documentIdentifierLocation="NUM">4701034</documentIdentifier>
    </sourceImageInformation>
    <OCRProcessing ID="OCR_1">
      <ocrProcessingStep>
        <processingDateTime>2019-01-29</processingDateTime>
        <processingStepDescription>[001_OCR_BRUT]OCR BRUT 90.22 %</processingStepDescription>
        <processingStepDescription>[002_CHARS]{1630}</processingStepDescription>
        <processingStepDescription>[003_CHARS_USED]{131}</processingStepDescription>
        <processingStepDescription>[004_CHARS_SUSPECTS_USED]{0}</processingStepDescription>
        <processingStepDescription>[005_CHARS_UNUSED]{1499}</processingStepDescription>
        <processingStepDescription>[006_CHARS_SUSPECTS_UNUSED]{0}</processingStepDescription>
        <processingStepDescription>[007_STRINGS]{349}</processingStepDescription>
        <processingStepDescription>[008_STRINGS_USED]{28}</processingStepDescription>
        <processingStepDescription>[009_STRINGS_SUSPECTS_UNUSED]{0}</processingStepDescription>
        <processingStepDescription>[010_CHARS_LETTERS]{1567}</processingStepDescription>
        <processingStepDescription>[011_CHARS_PUNCTUATION]{61}</processingStepDescription>
        <processingStepDescription>[012_CHARS_DIGITS]{0}</processingStepDescription>
        <processingStepDescription>[013_CHARS_SUSPECT]{0}</processingStepDescription>
        <processingStepDescription>[022_CHARS_UNUSED_BY_BLOCK]{0}</processingStepDescription>
        <processingStepDescription>[023_BLOCKS_SUSPECTS]{0}</processingStepDescription>
        <processingStepDescription>[111_LIGS_DETECTED_CURV]{0}</processingStepDescription>
      </ocrProcessingStep>
    </OCRProcessing>
  </Description>
  <Styles>
    <TextStyle FONTSIZE="5" ID="TXT_2" FONTFAMILY="Arial"/>
    <TextStyle FONTSIZE="7" ID="TXT_20" FONTFAMILY="Times"/>
    <TextStyle FONTSIZE="9" ID="TXT_21" FONTFAMILY="Times"/>
    <TextStyle FONTSIZE="10" ID="TXT_25" FONTFAMILY="Times"/>
    <TextStyle FONTSIZE="8" ID="TXT_26" FONTFAMILY="Times"/>
    <TextStyle FONTSIZE="5" ID="TXT_34" FONTFAMILY="Times"/>
  </Styles>
  <Tags>
    <StructureTag DESCRIPTION="JEUX DE DAMES" TYPE="Structural" ID="TAG_ST001" LABEL="title"/>
    <StructureTag DESCRIPTION="PETITS BOUTS DE TISSU FONT SOUVENT DE JOLIES CHOSES" TYPE="Structural" ID="TAG_ST002" LABEL="subtitle"/>
    <StructureTag DESCRIPTION="Sac de plage" TYPE="Structural" ID="TAG_ST003" LABEL="insidetitle"/>
    <StructureTag DESCRIPTION="Coussin le jardin" TYPE="Structural" ID="TAG_ST004" LABEL="insidetitle"/>
    <StructureTag DESCRIPTION="Boîte à ouvrage" TYPE="Structural" ID="TAG_ST005" LABEL="insidetitle"/>
    <StructureTag DESCRIPTION="Couvre-lit" TYPE="Structural" ID="TAG_ST006" LABEL="insidetitle"/>
    <StructureTag DESCRIPTION="Coussin de chaise" TYPE="Structural" ID="TAG_ST007" LABEL="insidetitle"/>
    <StructureTag DESCRIPTION="Jeté de table" TYPE="Structural" ID="TAG_ST008" LABEL="insidetitle"/>
    <StructureTag DESCRIPTION="Carré et pochette" TYPE="Structural" ID="TAG_ST009" LABEL="insidetitle"/>
  </Tags>
  <Layout>
    <Page ID="PAG_27" HEIGHT="5013" WIDTH="7551" PHYSICAL_IMG_NR="27" QUALITY="OK" ACCURACY="99.50">
      <PrintSpace HPOS="232" VPOS="190" HEIGHT="4568" WIDTH="7112" ID="PAG_27_PrintSpace">
        <TextBlock HPOS="4077" VPOS="629" HEIGHT="667" WIDTH="1647" ID="PAG_27_TB000001" TAGREFS="TAG_ST001" LANG="fr" STYLEREFS="TXT_34">
          <TextLine HPOS="4077" VPOS="629" HEIGHT="667" WIDTH="1647" ID="PAG_27_TL000001" STYLEREFS="TXT_34">
            <String HPOS="4077" VPOS="629" HEIGHT="667" WIDTH="588" ID="PAG_27_ST000001" WC="1" CONTENT="JEUX" STYLEREFS="TXT_34"/>
            <SP ID="PAG_27_SP000001" HPOS="4665" VPOS="629" WIDTH="1"/>
            <String HPOS="4665" VPOS="629" HEIGHT="667" WIDTH="352" ID="PAG_27_ST000002" WC="1" CONTENT="DE" STYLEREFS="TXT_34"/>
            <SP ID="PAG_27_SP000002" HPOS="5017" VPOS="629" WIDTH="1"/>
            <String HPOS="5017" VPOS="629" HEIGHT="667" WIDTH="707" ID="PAG_27_ST000003" WC="1" CONTENT="DAMES" STYLEREFS="TXT_34"/>
          </TextLine>
        </TextBlock>
        <TextBlock HPOS="4407" VPOS="1319" HEIGHT="47" WIDTH="949" ID="PAG_27_TB000002" TAGREFS="TAG_ST002" LANG="fr" STYLEREFS="TXT_25">
          <TextLine HPOS="4407" VPOS="1319" HEIGHT="47" WIDTH="949" ID="PAG_27_TL000002" STYLEREFS="TXT_25">
            <String HPOS="4407" VPOS="1321" HEIGHT="43" WIDTH="184" ID="PAG_27_ST000004" WC="1" CONTENT="PETITS" STYLEREFS="TXT_25"/>
            <SP ID="PAG_27_SP000003" HPOS="4591" VPOS="1320" WIDTH="46"/>
            <String HPOS="4637" VPOS="1320" HEIGHT="46" WIDTH="195" ID="PAG_27_ST000005" WC="1" CONTENT="BOUTS" STYLEREFS="TXT_25"/>
            <SP ID="PAG_27_SP000004" HPOS="4832" VPOS="1321" WIDTH="47"/>
            <String HPOS="4879" VPOS="1321" HEIGHT="43" WIDTH="69" ID="PAG_27_ST000006" WC="1" CONTENT="DE" STYLEREFS="TXT_25"/>
            <SP ID="PAG_27_SP000005" HPOS="4948" VPOS="1319" WIDTH="42"/>
            <String HPOS="4990" VPOS="1319" HEIGHT="46" WIDTH="160" ID="PAG_27_ST000007" WC="1" CONTENT="TISSU" STYLEREFS="TXT_25"/>
            <SP ID="PAG_27_SP000006" HPOS="5150" VPOS="1320" WIDTH="47"/>
            <String HPOS="5197" VPOS="1320" HEIGHT="44" WIDTH="159" ID="PAG_27_ST000008" WC="1" CONTENT="FONT" STYLEREFS="TXT_25"/>
          </TextLine>
        </TextBlock>
        <TextBlock HPOS="4407" VPOS="1401" HEIGHT="48" WIDTH="950" ID="PAG_27_TB000003" TAGREFS="TAG_ST002" LANG="fr" STYLEREFS="TXT_25">
          <TextLine HPOS="4407" VPOS="1401" HEIGHT="48" WIDTH="950" ID="PAG_27_TL000003" STYLEREFS="TXT_25">
            <String HPOS="4407" VPOS="1403" HEIGHT="46" WIDTH="287" ID="PAG_27_ST000009" WC="1" CONTENT="SOUVENT" STYLEREFS="TXT_25"/>
            <SP ID="PAG_27_SP000007" HPOS="4694" VPOS="1404" WIDTH="58"/>
            <String HPOS="4752" VPOS="1404" HEIGHT="43" WIDTH="69" ID="PAG_27_ST000010" WC="1" CONTENT="DE" STYLEREFS="TXT_25"/>
            <SP ID="PAG_27_SP000008" HPOS="4821" VPOS="1402" WIDTH="52"/>
            <String HPOS="4873" VPOS="1402" HEIGHT="45" WIDTH="198" ID="PAG_27_ST000011" WC="1" CONTENT="JOLIES" STYLEREFS="TXT_25"/>
            <SP ID="PAG_27_SP000009" HPOS="5071" VPOS="1401" WIDTH="57"/>
            <String HPOS="5128" VPOS="1401" HEIGHT="45" WIDTH="229" ID="PAG_27_ST000012" WC="1" CONTENT="CHOSES" STYLEREFS="TXT_25"/>
          </TextLine>
        </TextBlock>
        <ComposedBlock ID="PAG_27_CB000001" HPOS="232" VPOS="190" HEIGHT="4558" WIDTH="3813">
        <Illustration ID="PAG_27_IL000001" HPOS="232" VPOS="190" HEIGHT="3743" WIDTH="3813"/>
        <TextBlock HPOS="3028" VPOS="3963" HEIGHT="28" WIDTH="625" ID="PAG_27_TB000004" LANG="fr" STYLEREFS="TXT_2">
          <TextLine HPOS="3028" VPOS="3963" HEIGHT="28" WIDTH="625" ID="PAG_27_TL000004" STYLEREFS="TXT_2">
            <String HPOS="3028" VPOS="3964" HEIGHT="26" WIDTH="106" ID="PAG_27_ST000013" WC="1" CONTENT="MOTIF" STYLEREFS="TXT_2"/>
            <SP ID="PAG_27_SP000010" HPOS="3134" VPOS="3964" WIDTH="24"/>
            <String HPOS="3158" VPOS="3964" HEIGHT="25" WIDTH="24" ID="PAG_27_ST000014" WC="1" CONTENT="A" STYLEREFS="TXT_2"/>
            <SP ID="PAG_27_SP000011" HPOS="3182" VPOS="3963" WIDTH="24"/>
            <String HPOS="3206" VPOS="3963" HEIGHT="26" WIDTH="191" ID="PAG_27_ST000015" WC="1" CONTENT="GRANDEUR" STYLEREFS="TXT_2"/>
            <SP ID="PAG_27_SP000012" HPOS="3397" VPOS="3965" WIDTH="29"/>
            <String HPOS="3426" VPOS="3965" HEIGHT="26" WIDTH="227" ID="PAG_27_ST000016" WC="1" CONTENT="D'EXECUTION" STYLEREFS="TXT_2"/>
          </TextLine>
        </TextBlock>
        <Illustration ID="PAG_27_IL000002" HPOS="683" VPOS="3520" HEIGHT="1228" WIDTH="2250"/>
        <TextBlock HPOS="1165" VPOS="4519" HEIGHT="75" WIDTH="365" ID="PAG_27_TB000005" LANG="fr" STYLEREFS="TXT_21">
          <TextLine HPOS="1165" VPOS="4519" HEIGHT="75" WIDTH="365" ID="PAG_27_TL000005" STYLEREFS="TXT_21">
            <String HPOS="1165" VPOS="4519" HEIGHT="6" WIDTH="8" ID="PAG_27_ST000017" WC="0.00" CONTENT="." STYLEREFS="TXT_21"/>
            <SP ID="PAG_27_SP000013" HPOS="1173" VPOS="4528" WIDTH="81"/>
            <String HPOS="1254" VPOS="4528" HEIGHT="66" WIDTH="276" ID="PAG_27_ST000018" WC="0.42" CONTENT="dcu,vte—ltt" STYLEREFS="TXT_21"/>
          </TextLine>
        </TextBlock>
        </ComposedBlock>
        <TextBlock HPOS="4220" VPOS="1883" HEIGHT="571" WIDTH="1377" ID="PAG_27_TB000006" LANG="fr" STYLEREFS="TXT_26">
          <TextLine HPOS="4224" VPOS="1883" HEIGHT="48" WIDTH="1349" ID="PAG_27_TL000006" STYLEREFS="TXT_26">
            <String HPOS="4224" VPOS="1891" HEIGHT="40" WIDTH="40" ID="PAG_27_ST000019" WC="0.56" CONTENT="★" STYLEREFS="TXT_21"/>
            <SP ID="PAG_27_SP000014" HPOS="4264" VPOS="1893" WIDTH="30"/>
            <String HPOS="4294" VPOS="1893" HEIGHT="35" WIDTH="107" ID="PAG_27_ST000020" WC="1" CONTENT="Vous" STYLEREFS="TXT_26"/>
            <SP ID="PAG_27_SP000015" HPOS="4401" VPOS="1904" WIDTH="31"/>
            <String HPOS="4432" VPOS="1904" HEIGHT="23" WIDTH="93" ID="PAG_27_ST000021" WC="1" CONTENT="avez" STYLEREFS="TXT_26"/>
            <SP ID="PAG_27_SP000016" HPOS="4525" VPOS="1892" WIDTH="29"/>
            <String HPOS="4554" VPOS="1892" HEIGHT="34" WIDTH="94" ID="PAG_27_ST000022" WC="1" CONTENT="dans" STYLEREFS="TXT_26"/>
            <SP ID="PAG_27_SP000017" HPOS="4648" VPOS="1897" WIDTH="30"/>
            <String HPOS="4678" VPOS="1897" HEIGHT="28" WIDTH="108" ID="PAG_27_ST000023" WC="1" CONTENT="votre" STYLEREFS="TXT_26"/>
            <SP ID="PAG_27_SP000018" HPOS="4786" VPOS="1888" WIDTH="30"/>
            <String HPOS="4816" VPOS="1888" HEIGHT="36" WIDTH="231" ID="PAG_27_ST000024" WC="1" CONTENT="chiffonnier" STYLEREFS="TXT_26"/>
            <SP ID="PAG_27_SP000019" HPOS="5047" VPOS="1887" WIDTH="30"/>
            <String HPOS="5077" VPOS="1887" HEIGHT="35" WIDTH="64" ID="PAG_27_ST000025" WC="1" CONTENT="des" STYLEREFS="TXT_26"/>
            <SP ID="PAG_27_SP000020" HPOS="5141" VPOS="1897" WIDTH="30"/>
            <String HPOS="5171" VPOS="1897" HEIGHT="24" WIDTH="205" ID="PAG_27_ST000026" WC="1" CONTENT="morceaux" STYLEREFS="TXT_26"/>
            <SP ID="PAG_27_SP000021" HPOS="5376" VPOS="1883" WIDTH="31"/>
            <String HPOS="5407" VPOS="1883" HEIGHT="42" WIDTH="166" ID="PAG_27_ST000027" WC="1" CONTENT="d'étoffe," STYLEREFS="TXT_26"/>
          </TextLine>
          <TextLine HPOS="4222" VPOS="1935" HEIGHT="49" WIDTH="1349" ID="PAG_27_TL000007" STYLEREFS="TXT_26">
            <String HPOS="4222" VPOS="1945" HEIGHT="35" WIDTH="64" ID="PAG_27_ST000028" WC="1" CONTENT="des" STYLEREFS="TXT_26"/>
            <SP ID="PAG_27_SP000022" HPOS="4286" VPOS="1944" WIDTH="25"/>
            <String HPOS="4311" VPOS="1944" HEIGHT="35" WIDTH="261" ID="PAG_27_ST000029" WC="1" CONTENT="échantillons." STYLEREFS="TXT_26"/>
            <SP ID="PAG_27_SP000023" HPOS="4572" VPOS="1942" WIDTH="26"/>
            <String HPOS="4598" VPOS="1942" HEIGHT="36" WIDTH="112" ID="PAG_27_ST000030" WC="1" CONTENT="Voici" STYLEREFS="TXT_26"/>
            <SP ID="PAG_27_SP000024" HPOS="4710" VPOS="1954" WIDTH="23"/>
            <String HPOS="4733" VPOS="1954" HEIGHT="23" WIDTH="50" ID="PAG_27_ST000031" WC="1" CONTENT="un" STYLEREFS="TXT_26"/>
            <SP ID="PAG_27_SP000025" HPOS="4783" VPOS="1940" WIDTH="23"/>
            <String HPOS="4806" VPOS="1940" HEIGHT="36" WIDTH="113" ID="PAG_27_ST000032" WC="1" CONTENT="motif" STYLEREFS="TXT_26"/>
            <SP ID="PAG_27_SP000026" HPOS="4919" VPOS="1952" WIDTH="23"/>
            <String HPOS="4942" VPOS="1952" HEIGHT="32" WIDTH="71" ID="PAG_27_ST000033" WC="1" CONTENT="que" STYLEREFS="TXT_26"/>
            <SP ID="PAG_27_SP000027" HPOS="5013" VPOS="1951" WIDTH="22"/>
            <String HPOS="5035" VPOS="1951" HEIGHT="23" WIDTH="95" ID="PAG_27_ST000034" WC="1" CONTENT="nous" STYLEREFS="TXT_26"/>
            <SP ID="PAG_27_SP000028" HPOS="5130" VPOS="1949" WIDTH="24"/>
            <String HPOS="5154" VPOS="1949" HEIGHT="24" WIDTH="118" ID="PAG_27_ST000035" WC="1" CONTENT="avons" STYLEREFS="TXT_26"/>
            <SP ID="PAG_27_SP000029" HPOS="5272" VPOS="1937" WIDTH="26"/>
            <String HPOS="5298" VPOS="1937" HEIGHT="35" WIDTH="71" ID="PAG_27_ST000036" WC="1" CONTENT="fait" STYLEREFS="TXT_26"/>
            <SP ID="PAG_27_SP000030" HPOS="5369" VPOS="1935" WIDTH="24"/>
            <String HPOS="5393" VPOS="1935" HEIGHT="36" WIDTH="178" ID="PAG_27_ST000037" WC="1" CONTENT="exécuter" STYLEREFS="TXT_26"/>
          </TextLine>
          <TextLine HPOS="4220" VPOS="1989" HEIGHT="50" WIDTH="1346" ID="PAG_27_TL000008" STYLEREFS="TXT_26">
            <String HPOS="4220" VPOS="2008" HEIGHT="24" WIDTH="45" ID="PAG_27_ST000038" WC="1" CONTENT="en" STYLEREFS="TXT_26"/>
            <SP ID="PAG_27_SP000031" HPOS="4265" VPOS="1996" WIDTH="25"/>
            <String HPOS="4290" VPOS="1996" HEIGHT="35" WIDTH="136" ID="PAG_27_ST000039" WC="1" CONTENT="batiste" STYLEREFS="TXT_26"/>
            <SP ID="PAG_27_SP000032" HPOS="4426" VPOS="2003" WIDTH="26"/>
            <String HPOS="4452" VPOS="2003" HEIGHT="28" WIDTH="35" ID="PAG_27_ST000040" WC="1" CONTENT="et" STYLEREFS="TXT_26"/>
            <SP ID="PAG_27_SP000033" HPOS="4487" VPOS="2007" WIDTH="24"/>
            <String HPOS="4511" VPOS="2007" HEIGHT="24" WIDTH="44" ID="PAG_27_ST000041" WC="1" CONTENT="en" STYLEREFS="TXT_26"/>
            <SP ID="PAG_27_SP000034" HPOS="4555" VPOS="1994" WIDTH="27"/>
            <String HPOS="4582" VPOS="1994" HEIGHT="45" WIDTH="129" ID="PAG_27_ST000042" WC="1" CONTENT="zéphir" STYLEREFS="TXT_26"/>
            <SP ID="PAG_27_SP000035" HPOS="4711" VPOS="2006" WIDTH="26"/>
            <String HPOS="4737" VPOS="2006" HEIGHT="30" WIDTH="6" ID="PAG_27_ST000043" WC="1" CONTENT=";" STYLEREFS="TXT_26"/>
            <SP ID="PAG_27_SP000036" HPOS="4743" VPOS="2005" WIDTH="26"/>
            <String HPOS="4769" VPOS="2005" HEIGHT="23" WIDTH="94" ID="PAG_27_ST000044" WC="1" CONTENT="vous" STYLEREFS="TXT_26"/>
            <SP ID="PAG_27_SP000037" HPOS="4863" VPOS="2004" WIDTH="24"/>
            <String HPOS="4887" VPOS="2004" HEIGHT="33" WIDTH="161" ID="PAG_27_ST000045" WC="1" CONTENT="pourrez" STYLEREFS="TXT_26"/>
            <SP ID="PAG_27_SP000038" HPOS="5048" VPOS="1992" WIDTH="26"/>
            <String HPOS="5074" VPOS="1992" HEIGHT="35" WIDTH="51" ID="PAG_27_ST000046" WC="1" CONTENT="les" STYLEREFS="TXT_26"/>
            <SP ID="PAG_27_SP000039" HPOS="5125" VPOS="1989" WIDTH="27"/>
            <String HPOS="5152" VPOS="1989" HEIGHT="46" WIDTH="220" ID="PAG_27_ST000047" WC="1" CONTENT="reproduire" STYLEREFS="TXT_26"/>
            <SP ID="PAG_27_SP000040" HPOS="5372" VPOS="2000" WIDTH="25"/>
            <String HPOS="5397" VPOS="2000" HEIGHT="24" WIDTH="92" ID="PAG_27_ST000048" WC="1" CONTENT="avec" STYLEREFS="TXT_26"/>
            <SP ID="PAG_27_SP000041" HPOS="5489" VPOS="1989" WIDTH="26"/>
            <String HPOS="5515" VPOS="1989" HEIGHT="35" WIDTH="51" ID="PAG_27_ST000049" WC="1" CONTENT="les" STYLEREFS="TXT_26"/>
          </TextLine>
          <TextLine HPOS="4221" VPOS="2039" HEIGHT="52" WIDTH="1347" ID="PAG_27_TL000009" STYLEREFS="TXT_26">
            <String HPOS="4221" VPOS="2046" HEIGHT="37" WIDTH="167" ID="PAG_27_ST000050" WC="1" CONTENT="tombées" STYLEREFS="TXT_26"/>
            <SP ID="PAG_27_SP000042" HPOS="4388" VPOS="2048" WIDTH="26"/>
            <String HPOS="4414" VPOS="2048" HEIGHT="34" WIDTH="45" ID="PAG_27_ST000051" WC="1" CONTENT="de" STYLEREFS="TXT_26"/>
            <SP ID="PAG_27_SP000043" HPOS="4459" VPOS="2048" WIDTH="25"/>
            <String HPOS="4484" VPOS="2048" HEIGHT="34" WIDTH="94" ID="PAG_27_ST000052" WC="1" CONTENT="tissu" STYLEREFS="TXT_26"/>
            <SP ID="PAG_27_SP000044" HPOS="4578" VPOS="2046" WIDTH="25"/>
            <String HPOS="4603" VPOS="2046" HEIGHT="45" WIDTH="62" ID="PAG_27_ST000053" WC="1" CONTENT="qui" STYLEREFS="TXT_26"/>
            <SP ID="PAG_27_SP000045" HPOS="4665" VPOS="2052" WIDTH="28"/>
            <String HPOS="4693" VPOS="2052" HEIGHT="29" WIDTH="142" ID="PAG_27_ST000054" WC="1" CONTENT="restent" STYLEREFS="TXT_26"/>
            <SP ID="PAG_27_SP000046" HPOS="4835" VPOS="2044" WIDTH="26"/>
            <String HPOS="4861" VPOS="2044" HEIGHT="44" WIDTH="253" ID="PAG_27_ST000055" WC="1" CONTENT="inemployées" STYLEREFS="TXT_26"/>
            <SP ID="PAG_27_SP000047" HPOS="5114" VPOS="2043" WIDTH="27"/>
            <String HPOS="5141" VPOS="2043" HEIGHT="34" WIDTH="93" ID="PAG_27_ST000056" WC="1" CONTENT="dans" STYLEREFS="TXT_26"/>
            <SP ID="PAG_27_SP000048" HPOS="5234" VPOS="2053" WIDTH="26"/>
            <String HPOS="5260" VPOS="2053" HEIGHT="23" WIDTH="66" ID="PAG_27_ST000057" WC="1" CONTENT="vos" STYLEREFS="TXT_26"/>
            <SP ID="PAG_27_SP000049" HPOS="5326" VPOS="2040" WIDTH="26"/>
            <String HPOS="5352" VPOS="2040" HEIGHT="36" WIDTH="138" ID="PAG_27_ST000058" WC="1" CONTENT="tiroirs." STYLEREFS="TXT_26"/>
            <SP ID="PAG_27_SP000050" HPOS="5490" VPOS="2039" WIDTH="28"/>
            <String HPOS="5518" VPOS="2039" HEIGHT="34" WIDTH="50" ID="PAG_27_ST000059" WC="1" CONTENT="Le" STYLEREFS="TXT_26"/>
          </TextLine>
          <TextLine HPOS="4222" VPOS="2092" HEIGHT="52" WIDTH="1347" ID="PAG_27_TL000010" STYLEREFS="TXT_26">
            <String HPOS="4222" VPOS="2099" HEIGHT="45" WIDTH="162" ID="PAG_27_ST000060" WC="1" CONTENT="procédé" STYLEREFS="TXT_26"/>
            <SP ID="PAG_27_SP000051" HPOS="4384" VPOS="2104" WIDTH="29"/>
            <String HPOS="4413" VPOS="2104" HEIGHT="30" WIDTH="55" ID="PAG_27_ST000061" WC="1" CONTENT="est" STYLEREFS="TXT_26"/>
            <SP ID="PAG_27_SP000052" HPOS="4468" VPOS="2099" WIDTH="28"/>
            <String HPOS="4496" VPOS="2099" HEIGHT="44" WIDTH="143" ID="PAG_27_ST000062" WC="1" CONTENT="simple." STYLEREFS="TXT_26"/>
            <SP ID="PAG_27_SP000053" HPOS="4639" VPOS="2097" WIDTH="31"/>
            <String HPOS="4670" VPOS="2097" HEIGHT="44" WIDTH="214" ID="PAG_27_ST000063" WC="1" CONTENT="Décalquez" STYLEREFS="TXT_26"/>
            <SP ID="PAG_27_SP000054" HPOS="4884" VPOS="2096" WIDTH="29"/>
            <String HPOS="4913" VPOS="2096" HEIGHT="35" WIDTH="32" ID="PAG_27_ST000064" WC="1" CONTENT="le" STYLEREFS="TXT_26"/>
            <SP ID="PAG_27_SP000055" HPOS="4945" VPOS="2095" WIDTH="28"/>
            <String HPOS="4973" VPOS="2095" HEIGHT="36" WIDTH="125" ID="PAG_27_ST000065" WC="1" CONTENT="dessin" STYLEREFS="TXT_26"/>
            <SP ID="PAG_27_SP000056" HPOS="5098" VPOS="2096" WIDTH="29"/>
            <String HPOS="5127" VPOS="2096" HEIGHT="34" WIDTH="44" ID="PAG_27_ST000066" WC="1" CONTENT="de" STYLEREFS="TXT_26"/>
            <SP ID="PAG_27_SP000057" HPOS="5171" VPOS="2094" WIDTH="29"/>
            <String HPOS="5200" VPOS="2094" HEIGHT="35" WIDTH="35" ID="PAG_27_ST000067" WC="1" CONTENT="la" STYLEREFS="TXT_26"/>
            <SP ID="PAG_27_SP000058" HPOS="5235" VPOS="2104" WIDTH="27"/>
            <String HPOS="5262" VPOS="2104" HEIGHT="34" WIDTH="96" ID="PAG_27_ST000068" WC="1" CONTENT="page" STYLEREFS="TXT_26"/>
            <SP ID="PAG_27_SP000059" HPOS="5358" VPOS="2092" WIDTH="28"/>
            <String HPOS="5386" VPOS="2092" HEIGHT="35" WIDTH="183" ID="PAG_27_ST000069" WC="1" CONTENT="ci-contre" STYLEREFS="TXT_26"/>
          </TextLine>
          <TextLine HPOS="4222" VPOS="2144" HEIGHT="51" WIDTH="1347" ID="PAG_27_TL000011" STYLEREFS="TXT_26">
            <String HPOS="4222" VPOS="2163" HEIGHT="23" WIDTH="64" ID="PAG_27_ST000070" WC="1" CONTENT="sur" STYLEREFS="TXT_26"/>
            <SP ID="PAG_27_SP000060" HPOS="4286" VPOS="2163" WIDTH="32"/>
            <String HPOS="4318" VPOS="2163" HEIGHT="23" WIDTH="50" ID="PAG_27_ST000071" WC="1" CONTENT="un" STYLEREFS="TXT_26"/>
            <SP ID="PAG_27_SP000061" HPOS="4368" VPOS="2151" WIDTH="31"/>
            <String HPOS="4399" VPOS="2151" HEIGHT="44" WIDTH="131" ID="PAG_27_ST000072" WC="1" CONTENT="papier" STYLEREFS="TXT_26"/>
            <SP ID="PAG_27_SP000062" HPOS="4530" VPOS="2163" WIDTH="26"/>
            <String HPOS="4556" VPOS="2163" HEIGHT="22" WIDTH="6" ID="PAG_27_ST000073" WC="1" CONTENT=":" STYLEREFS="TXT_26"/>
            <SP ID="PAG_27_SP000063" HPOS="4562" VPOS="2150" WIDTH="33"/>
            <String HPOS="4595" VPOS="2150" HEIGHT="35" WIDTH="24" ID="PAG_27_ST000074" WC="1" CONTENT="il" STYLEREFS="TXT_26"/>
            <SP ID="PAG_27_SP000064" HPOS="4619" VPOS="2157" WIDTH="34"/>
            <String HPOS="4653" VPOS="2157" HEIGHT="28" WIDTH="54" ID="PAG_27_ST000075" WC="1" CONTENT="est" STYLEREFS="TXT_26"/>
            <SP ID="PAG_27_SP000065" HPOS="4707" VPOS="2149" WIDTH="34"/>
            <String HPOS="4741" VPOS="2149" HEIGHT="35" WIDTH="20" ID="PAG_27_ST000076" WC="1" CONTENT="à" STYLEREFS="TXT_26"/>
            <SP ID="PAG_27_SP000066" HPOS="4761" VPOS="2149" WIDTH="32"/>
            <String HPOS="4793" VPOS="2149" HEIGHT="35" WIDTH="35" ID="PAG_27_ST000077" WC="1" CONTENT="la" STYLEREFS="TXT_26"/>
            <SP ID="PAG_27_SP000067" HPOS="4828" VPOS="2148" WIDTH="30"/>
            <String HPOS="4858" VPOS="2148" HEIGHT="45" WIDTH="193" ID="PAG_27_ST000078" WC="1" CONTENT="grandeur" STYLEREFS="TXT_26"/>
            <SP ID="PAG_27_SP000068" HPOS="5051" VPOS="2145" WIDTH="32"/>
            <String HPOS="5083" VPOS="2145" HEIGHT="36" WIDTH="250" ID="PAG_27_ST000079" WC="1" CONTENT="d'exécution." STYLEREFS="TXT_26"/>
            <SP ID="PAG_27_SP000069" HPOS="5333" VPOS="2144" WIDTH="36"/>
            <String HPOS="5369" VPOS="2144" HEIGHT="43" WIDTH="200" ID="PAG_27_ST000080" WC="1" CONTENT="Découpez" STYLEREFS="TXT_26"/>
          </TextLine>
          <TextLine HPOS="4222" VPOS="2196" HEIGHT="47" WIDTH="1375" ID="PAG_27_TL000012" STYLEREFS="TXT_26">
            <String HPOS="4222" VPOS="2204" HEIGHT="34" WIDTH="94" ID="PAG_27_ST000081" WC="1" CONTENT="dans" STYLEREFS="TXT_26"/>
            <SP ID="PAG_27_SP000070" HPOS="4316" VPOS="2214" WIDTH="30"/>
            <String HPOS="4346" VPOS="2214" HEIGHT="23" WIDTH="67" ID="PAG_27_ST000082" WC="1" CONTENT="vos" STYLEREFS="TXT_26"/>
            <SP ID="PAG_27_SP000071" HPOS="4413" VPOS="2214" WIDTH="31"/>
            <String HPOS="4444" VPOS="2214" HEIGHT="23" WIDTH="206" ID="PAG_27_ST000083" WC="1" CONTENT="morceaux" STYLEREFS="TXT_26"/>
            <SP ID="PAG_27_SP000072" HPOS="4650" VPOS="2200" WIDTH="31"/>
            <String HPOS="4681" VPOS="2200" HEIGHT="36" WIDTH="154" ID="PAG_27_ST000084" WC="1" CONTENT="d'étoffe" STYLEREFS="TXT_26"/>
            <SP ID="PAG_27_SP000073" HPOS="4835" VPOS="2200" WIDTH="31"/>
            <String HPOS="4866" VPOS="2200" HEIGHT="43" WIDTH="143" ID="PAG_27_ST000085" WC="1" CONTENT="chaque" STYLEREFS="TXT_26"/>
            <SP ID="PAG_27_SP000074" HPOS="5009" VPOS="2198" WIDTH="30"/>
            <String HPOS="5039" VPOS="2198" HEIGHT="45" WIDTH="104" ID="PAG_27_ST000086" WC="1" CONTENT="pièce" STYLEREFS="TXT_26"/>
            <SP ID="PAG_27_SP000075" HPOS="5143" VPOS="2203" WIDTH="32"/>
            <String HPOS="5175" VPOS="2203" HEIGHT="38" WIDTH="219" ID="PAG_27_ST000087" WC="1" CONTENT="composant" STYLEREFS="TXT_26"/>
            <SP ID="PAG_27_SP000076" HPOS="5394" VPOS="2196" WIDTH="30"/>
            <String HPOS="5424" VPOS="2196" HEIGHT="35" WIDTH="33" ID="PAG_27_ST000088" WC="1" CONTENT="le" STYLEREFS="TXT_26"/>
            <SP ID="PAG_27_SP000077" HPOS="5457" VPOS="2196" WIDTH="30"/>
            <String HPOS="5487" VPOS="2196" HEIGHT="34" WIDTH="80" ID="PAG_27_ST000089" WC="1" CONTENT="des-" SUBS_TYPE="HypPart1" SUBS_CONTENT="dessin." STYLEREFS="TXT_26"/>
            <HYP HPOS="5567" VPOS="2230" WIDTH="30" CONTENT="-"/>
          </TextLine>
          <TextLine HPOS="4221" VPOS="2246" HEIGHT="52" WIDTH="1343" ID="PAG_27_TL000013" STYLEREFS="TXT_26">
            <String HPOS="4221" VPOS="2255" HEIGHT="34" WIDTH="68" ID="PAG_27_ST000090" WC="1" CONTENT="sin." SUBS_TYPE="HypPart2" SUBS_CONTENT="dessin." STYLEREFS="TXT_26"/>
            <SP ID="PAG_27_SP000078" HPOS="4289" VPOS="2254" WIDTH="22"/>
            <String HPOS="4311" VPOS="2254" HEIGHT="36" WIDTH="221" ID="PAG_27_ST000091" WC="1" CONTENT="Assemblez" STYLEREFS="TXT_26"/>
            <SP ID="PAG_27_SP000079" HPOS="4532" VPOS="2265" WIDTH="22"/>
            <String HPOS="4554" VPOS="2265" HEIGHT="24" WIDTH="60" ID="PAG_27_ST000092" WC="1" CONTENT="ces" STYLEREFS="TXT_26"/>
            <SP ID="PAG_27_SP000080" HPOS="4614" VPOS="2253" WIDTH="21"/>
            <String HPOS="4635" VPOS="2253" HEIGHT="45" WIDTH="123" ID="PAG_27_ST000093" WC="1" CONTENT="pièces" STYLEREFS="TXT_26"/>
            <SP ID="PAG_27_SP000081" HPOS="4758" VPOS="2264" WIDTH="22"/>
            <String HPOS="4780" VPOS="2264" HEIGHT="23" WIDTH="47" ID="PAG_27_ST000094" WC="1" CONTENT="au" STYLEREFS="TXT_26"/>
            <SP ID="PAG_27_SP000082" HPOS="4827" VPOS="2251" WIDTH="21"/>
            <String HPOS="4848" VPOS="2251" HEIGHT="45" WIDTH="105" ID="PAG_27_ST000095" WC="1" CONTENT="point" STYLEREFS="TXT_26"/>
            <SP ID="PAG_27_SP000083" HPOS="4953" VPOS="2251" WIDTH="20"/>
            <String HPOS="4973" VPOS="2251" HEIGHT="35" WIDTH="45" ID="PAG_27_ST000096" WC="1" CONTENT="de" STYLEREFS="TXT_26"/>
            <SP ID="PAG_27_SP000084" HPOS="5018" VPOS="2250" WIDTH="20"/>
            <String HPOS="5038" VPOS="2250" HEIGHT="44" WIDTH="132" ID="PAG_27_ST000097" WC="1" CONTENT="piqûre" STYLEREFS="TXT_26"/>
            <SP ID="PAG_27_SP000085" HPOS="5170" VPOS="2250" WIDTH="21"/>
            <String HPOS="5191" VPOS="2250" HEIGHT="43" WIDTH="65" ID="PAG_27_ST000098" WC="1" CONTENT="(ou" STYLEREFS="TXT_26"/>
            <SP ID="PAG_27_SP000086" HPOS="5256" VPOS="2249" WIDTH="21"/>
            <String HPOS="5277" VPOS="2249" HEIGHT="35" WIDTH="21" ID="PAG_27_ST000099" WC="1" CONTENT="à" STYLEREFS="TXT_26"/>
            <SP ID="PAG_27_SP000087" HPOS="5298" VPOS="2249" WIDTH="21"/>
            <String HPOS="5319" VPOS="2249" HEIGHT="34" WIDTH="34" ID="PAG_27_ST000100" WC="1" CONTENT="la" STYLEREFS="TXT_26"/>
            <SP ID="PAG_27_SP000088" HPOS="5353" VPOS="2246" WIDTH="21"/>
            <String HPOS="5374" VPOS="2246" HEIGHT="44" WIDTH="190" ID="PAG_27_ST000101" WC="1" CONTENT="machine)" STYLEREFS="TXT_26"/>
          </TextLine>
          <TextLine HPOS="4222" VPOS="2298" HEIGHT="52" WIDTH="1375" ID="PAG_27_TL000014" STYLEREFS="TXT_26">
            <String HPOS="4222" VPOS="2307" HEIGHT="34" WIDTH="104" ID="PAG_27_ST000102" WC="1" CONTENT="selon" STYLEREFS="TXT_26"/>
            <SP ID="PAG_27_SP000089" HPOS="4326" VPOS="2307" WIDTH="24"/>
            <String HPOS="4350" VPOS="2307" HEIGHT="34" WIDTH="33" ID="PAG_27_ST000103" WC="1" CONTENT="le" STYLEREFS="TXT_26"/>
            <SP ID="PAG_27_SP000090" HPOS="4383" VPOS="2313" WIDTH="23"/>
            <String HPOS="4406" VPOS="2313" HEIGHT="37" WIDTH="148" ID="PAG_27_ST000104" WC="1" CONTENT="patron." STYLEREFS="TXT_26"/>
            <SP ID="PAG_27_SP000091" HPOS="4554" VPOS="2305" WIDTH="26"/>
            <String HPOS="4580" VPOS="2305" HEIGHT="35" WIDTH="105" ID="PAG_27_ST000105" WC="1" CONTENT="Vous" STYLEREFS="TXT_26"/>
            <SP ID="PAG_27_SP000092" HPOS="4685" VPOS="2316" WIDTH="23"/>
            <String HPOS="4708" VPOS="2316" HEIGHT="24" WIDTH="93" ID="PAG_27_ST000106" WC="1" CONTENT="avez" STYLEREFS="TXT_26"/>
            <SP ID="PAG_27_SP000093" HPOS="4801" VPOS="2304" WIDTH="24"/>
            <String HPOS="4825" VPOS="2304" HEIGHT="35" WIDTH="95" ID="PAG_27_ST000107" WC="1" CONTENT="ainsi" STYLEREFS="TXT_26"/>
            <SP ID="PAG_27_SP000094" HPOS="4920" VPOS="2303" WIDTH="25"/>
            <String HPOS="4945" VPOS="2303" HEIGHT="35" WIDTH="33" ID="PAG_27_ST000108" WC="1" CONTENT="le" STYLEREFS="TXT_26"/>
            <SP ID="PAG_27_SP000095" HPOS="4978" VPOS="2302" WIDTH="23"/>
            <String HPOS="5001" VPOS="2302" HEIGHT="35" WIDTH="113" ID="PAG_27_ST000109" WC="1" CONTENT="motif" STYLEREFS="TXT_26"/>
            <SP ID="PAG_27_SP000096" HPOS="5114" VPOS="2302" WIDTH="24"/>
            <String HPOS="5138" VPOS="2302" HEIGHT="34" WIDTH="90" ID="PAG_27_ST000110" WC="1" CONTENT="dont" STYLEREFS="TXT_26"/>
            <SP ID="PAG_27_SP000097" HPOS="5228" VPOS="2312" WIDTH="23"/>
            <String HPOS="5251" VPOS="2312" HEIGHT="23" WIDTH="94" ID="PAG_27_ST000111" WC="1" CONTENT="nous" STYLEREFS="TXT_26"/>
            <SP ID="PAG_27_SP000098" HPOS="5345" VPOS="2311" WIDTH="24"/>
            <String HPOS="5369" VPOS="2311" HEIGHT="23" WIDTH="94" ID="PAG_27_ST000112" WC="1" CONTENT="vous" STYLEREFS="TXT_26"/>
            <SP ID="PAG_27_SP000099" HPOS="5463" VPOS="2298" WIDTH="22"/>
            <String HPOS="5485" VPOS="2298" HEIGHT="45" WIDTH="82" ID="PAG_27_ST000113" WC="1" CONTENT="pré-" SUBS_TYPE="HypPart1" SUBS_CONTENT="présentons" STYLEREFS="TXT_26"/>
            <HYP HPOS="5567" VPOS="2343" WIDTH="30" CONTENT="-"/>
          </TextLine>
          <TextLine HPOS="4220" VPOS="2352" HEIGHT="49" WIDTH="1344" ID="PAG_27_TL000015" STYLEREFS="TXT_26">
            <String HPOS="4220" VPOS="2366" HEIGHT="27" WIDTH="154" ID="PAG_27_ST000114" WC="1" CONTENT="sentons" SUBS_TYPE="HypPart2" SUBS_CONTENT="présentons" STYLEREFS="TXT_26"/>
            <SP ID="PAG_27_SP000100" HPOS="4374" VPOS="2358" WIDTH="31"/>
            <String HPOS="4405" VPOS="2358" HEIGHT="35" WIDTH="47" ID="PAG_27_ST000115" WC="1" CONTENT="ici" STYLEREFS="TXT_26"/>
            <SP ID="PAG_27_SP000101" HPOS="4452" VPOS="2358" WIDTH="29"/>
            <String HPOS="4481" VPOS="2358" HEIGHT="43" WIDTH="178" ID="PAG_27_ST000116" WC="1" CONTENT="quelques" STYLEREFS="TXT_26"/>
            <SP ID="PAG_27_SP000102" HPOS="4659" VPOS="2355" WIDTH="30"/>
            <String HPOS="4689" VPOS="2355" HEIGHT="45" WIDTH="250" ID="PAG_27_ST000117" WC="1" CONTENT="applications" STYLEREFS="TXT_26"/>
            <SP ID="PAG_27_SP000103" HPOS="4939" VPOS="2354" WIDTH="30"/>
            <String HPOS="4969" VPOS="2354" HEIGHT="44" WIDTH="192" ID="PAG_27_ST000118" WC="1" CONTENT="pratiques" STYLEREFS="TXT_26"/>
            <SP ID="PAG_27_SP000104" HPOS="5161" VPOS="2365" WIDTH="30"/>
            <String HPOS="5191" VPOS="2365" HEIGHT="32" WIDTH="69" ID="PAG_27_ST000119" WC="1" CONTENT="que" STYLEREFS="TXT_26"/>
            <SP ID="PAG_27_SP000105" HPOS="5260" VPOS="2363" WIDTH="29"/>
            <String HPOS="5289" VPOS="2363" HEIGHT="24" WIDTH="94" ID="PAG_27_ST000120" WC="1" CONTENT="vous" STYLEREFS="TXT_26"/>
            <SP ID="PAG_27_SP000106" HPOS="5383" VPOS="2352" WIDTH="29"/>
            <String HPOS="5412" VPOS="2352" HEIGHT="35" WIDTH="152" ID="PAG_27_ST000121" WC="1" CONTENT="n'aurez" STYLEREFS="TXT_26"/>
          </TextLine>
          <TextLine HPOS="4220" VPOS="2406" HEIGHT="48" WIDTH="960" ID="PAG_27_TL000016" STYLEREFS="TXT_26">
            <String HPOS="4220" VPOS="2421" HEIGHT="33" WIDTH="66" ID="PAG_27_ST000122" WC="1" CONTENT="pas" STYLEREFS="TXT_26"/>
            <SP ID="PAG_27_SP000107" HPOS="4286" VPOS="2410" WIDTH="23"/>
            <String HPOS="4309" VPOS="2410" HEIGHT="35" WIDTH="46" ID="PAG_27_ST000123" WC="1" CONTENT="de" STYLEREFS="TXT_26"/>
            <SP ID="PAG_27_SP000108" HPOS="4355" VPOS="2410" WIDTH="23"/>
            <String HPOS="4378" VPOS="2410" HEIGHT="44" WIDTH="108" ID="PAG_27_ST000124" WC="1" CONTENT="peine" STYLEREFS="TXT_26"/>
            <SP ID="PAG_27_SP000109" HPOS="4486" VPOS="2409" WIDTH="24"/>
            <String HPOS="4510" VPOS="2409" HEIGHT="35" WIDTH="21" ID="PAG_27_ST000125" WC="1" CONTENT="à" STYLEREFS="TXT_26"/>
            <SP ID="PAG_27_SP000110" HPOS="4531" VPOS="2409" WIDTH="22"/>
            <String HPOS="4553" VPOS="2409" HEIGHT="35" WIDTH="128" ID="PAG_27_ST000126" WC="1" CONTENT="varier" STYLEREFS="TXT_26"/>
            <SP ID="PAG_27_SP000111" HPOS="4681" VPOS="2408" WIDTH="25"/>
            <String HPOS="4706" VPOS="2408" HEIGHT="35" WIDTH="104" ID="PAG_27_ST000127" WC="1" CONTENT="selon" STYLEREFS="TXT_26"/>
            <SP ID="PAG_27_SP000112" HPOS="4810" VPOS="2418" WIDTH="23"/>
            <String HPOS="4833" VPOS="2418" HEIGHT="24" WIDTH="67" ID="PAG_27_ST000128" WC="1" CONTENT="vos" STYLEREFS="TXT_26"/>
            <SP ID="PAG_27_SP000113" HPOS="4900" VPOS="2406" WIDTH="24"/>
            <String HPOS="4924" VPOS="2406" HEIGHT="45" WIDTH="256" ID="PAG_27_ST000129" WC="1" CONTENT="préférences." STYLEREFS="TXT_26"/>
          </TextLine>
        </TextBlock>
        <TextBlock HPOS="4713" VPOS="2508" HEIGHT="88" WIDTH="348" ID="PAG_27_TB000007" TAGREFS="TAG_ST003" LANG="fr" STYLEREFS="TXT_21">
          <TextLine HPOS="4713" VPOS="2508" HEIGHT="88" WIDTH="348" ID="PAG_27_TL000017" STYLEREFS="TXT_21">
            <String HPOS="4713" VPOS="2508" HEIGHT="67" WIDTH="115" ID="PAG_27_ST000130" WC="1" CONTENT="Sac" STYLEREFS="TXT_21"/>
            <SP ID="PAG_27_SP000114" HPOS="4828" VPOS="2512" WIDTH="25"/>
            <String HPOS="4853" VPOS="2512" HEIGHT="62" WIDTH="53" ID="PAG_27_ST000131" WC="1" CONTENT="de" STYLEREFS="TXT_21"/>
            <SP ID="PAG_27_SP000115" HPOS="4906" VPOS="2509" WIDTH="30"/>
            <String HPOS="4936" VPOS="2509" HEIGHT="87" WIDTH="125" ID="PAG_27_ST000132" WC="1" CONTENT="plage" STYLEREFS="TXT_21"/>
          </TextLine>
        </TextBlock>
        <TextBlock HPOS="4220" VPOS="2631" HEIGHT="154" WIDTH="1372" ID="PAG_27_TB000008" LANG="fr" STYLEREFS="TXT_26">
          <TextLine HPOS="4223" VPOS="2631" HEIGHT="48" WIDTH="1344" ID="PAG_27_TL000018" STYLEREFS="TXT_26">
            <String HPOS="4223" VPOS="2637" HEIGHT="38" WIDTH="37" ID="PAG_27_ST000133" WC="0.67" CONTENT="*" STYLEREFS="TXT_21"/>
            <SP ID="PAG_27_SP000116" HPOS="4260" VPOS="2639" WIDTH="17"/>
            <String HPOS="4277" VPOS="2639" HEIGHT="37" WIDTH="73" ID="PAG_27_ST000134" WC="1" CONTENT="Sur" STYLEREFS="TXT_26"/>
            <SP ID="PAG_27_SP000117" HPOS="4350" VPOS="2651" WIDTH="23"/>
            <String HPOS="4373" VPOS="2651" HEIGHT="23" WIDTH="49" ID="PAG_27_ST000135" WC="1" CONTENT="un" STYLEREFS="TXT_26"/>
            <SP ID="PAG_27_SP000118" HPOS="4422" VPOS="2650" WIDTH="23"/>
            <String HPOS="4445" VPOS="2650" HEIGHT="24" WIDTH="63" ID="PAG_27_ST000136" WC="1" CONTENT="sac" STYLEREFS="TXT_26"/>
            <SP ID="PAG_27_SP000119" HPOS="4508" VPOS="2639" WIDTH="23"/>
            <String HPOS="4531" VPOS="2639" HEIGHT="35" WIDTH="45" ID="PAG_27_ST000137" WC="1" CONTENT="de" STYLEREFS="TXT_26"/>
            <SP ID="PAG_27_SP000120" HPOS="4576" VPOS="2638" WIDTH="23"/>
            <String HPOS="4599" VPOS="2638" HEIGHT="36" WIDTH="87" ID="PAG_27_ST000138" WC="1" CONTENT="toile" STYLEREFS="TXT_26"/>
            <SP ID="PAG_27_SP000121" HPOS="4686" VPOS="2638" WIDTH="23"/>
            <String HPOS="4709" VPOS="2638" HEIGHT="41" WIDTH="90" ID="PAG_27_ST000139" WC="1" CONTENT="bise," STYLEREFS="TXT_26"/>
            <SP ID="PAG_27_SP000122" HPOS="4799" VPOS="2638" WIDTH="23"/>
            <String HPOS="4822" VPOS="2638" HEIGHT="34" WIDTH="99" ID="PAG_27_ST000140" WC="1" CONTENT="deux" STYLEREFS="TXT_26"/>
            <SP ID="PAG_27_SP000123" HPOS="4921" VPOS="2635" WIDTH="23"/>
            <String HPOS="4944" VPOS="2635" HEIGHT="36" WIDTH="132" ID="PAG_27_ST000141" WC="1" CONTENT="motifs" STYLEREFS="TXT_26"/>
            <SP ID="PAG_27_SP000124" HPOS="5076" VPOS="2632" WIDTH="22"/>
            <String HPOS="5098" VPOS="2632" HEIGHT="38" WIDTH="203" ID="PAG_27_ST000142" WC="1" CONTENT="assemblés" STYLEREFS="TXT_26"/>
            <SP ID="PAG_27_SP000125" HPOS="5301" VPOS="2633" WIDTH="23"/>
            <String HPOS="5324" VPOS="2633" HEIGHT="34" WIDTH="88" ID="PAG_27_ST000143" WC="1" CONTENT="bout" STYLEREFS="TXT_26"/>
            <SP ID="PAG_27_SP000126" HPOS="5412" VPOS="2631" WIDTH="24"/>
            <String HPOS="5436" VPOS="2631" HEIGHT="35" WIDTH="20" ID="PAG_27_ST000144" WC="1" CONTENT="à" STYLEREFS="TXT_26"/>
            <SP ID="PAG_27_SP000127" HPOS="5456" VPOS="2631" WIDTH="22"/>
            <String HPOS="5478" VPOS="2631" HEIGHT="34" WIDTH="89" ID="PAG_27_ST000145" WC="1" CONTENT="bout" STYLEREFS="TXT_26"/>
          </TextLine>
          <TextLine HPOS="4222" VPOS="2683" HEIGHT="50" WIDTH="1370" ID="PAG_27_TL000019" STYLEREFS="TXT_26">
            <String HPOS="4222" VPOS="2691" HEIGHT="36" WIDTH="214" ID="PAG_27_ST000146" WC="1" CONTENT="formeront" STYLEREFS="TXT_26"/>
            <SP ID="PAG_27_SP000128" HPOS="4436" VPOS="2692" WIDTH="28"/>
            <String HPOS="4464" VPOS="2692" HEIGHT="34" WIDTH="34" ID="PAG_27_ST000147" WC="1" CONTENT="la" STYLEREFS="TXT_26"/>
            <SP ID="PAG_27_SP000129" HPOS="4498" VPOS="2691" WIDTH="26"/>
            <String HPOS="4524" VPOS="2691" HEIGHT="35" WIDTH="121" ID="PAG_27_ST000148" WC="1" CONTENT="bande" STYLEREFS="TXT_26"/>
            <SP ID="PAG_27_SP000130" HPOS="4645" VPOS="2689" WIDTH="29"/>
            <String HPOS="4674" VPOS="2689" HEIGHT="36" WIDTH="167" ID="PAG_27_ST000149" WC="1" CONTENT="centrale" STYLEREFS="TXT_26"/>
            <SP ID="PAG_27_SP000131" HPOS="4841" VPOS="2688" WIDTH="28"/>
            <String HPOS="4869" VPOS="2688" HEIGHT="36" WIDTH="56" ID="PAG_27_ST000150" WC="1" CONTENT="s'il" STYLEREFS="TXT_26"/>
            <SP ID="PAG_27_SP000132" HPOS="4925" VPOS="2688" WIDTH="28"/>
            <String HPOS="4953" VPOS="2688" HEIGHT="45" WIDTH="109" ID="PAG_27_ST000151" WC="1" CONTENT="s'agit" STYLEREFS="TXT_26"/>
            <SP ID="PAG_27_SP000133" HPOS="5062" VPOS="2688" WIDTH="29"/>
            <String HPOS="5091" VPOS="2688" HEIGHT="34" WIDTH="86" ID="PAG_27_ST000152" WC="1" CONTENT="d'un" STYLEREFS="TXT_26"/>
            <SP ID="PAG_27_SP000134" HPOS="5177" VPOS="2697" WIDTH="28"/>
            <String HPOS="5205" VPOS="2697" HEIGHT="24" WIDTH="63" ID="PAG_27_ST000153" WC="1" CONTENT="sac" STYLEREFS="TXT_26"/>
            <SP ID="PAG_27_SP000135" HPOS="5268" VPOS="2685" WIDTH="28"/>
            <String HPOS="5296" VPOS="2685" HEIGHT="34" WIDTH="44" ID="PAG_27_ST000154" WC="1" CONTENT="de" STYLEREFS="TXT_26"/>
            <SP ID="PAG_27_SP000136" HPOS="5340" VPOS="2683" WIDTH="28"/>
            <String HPOS="5368" VPOS="2683" HEIGHT="46" WIDTH="114" ID="PAG_27_ST000155" WC="1" CONTENT="petite" STYLEREFS="TXT_26"/>
            <SP ID="PAG_27_SP000137" HPOS="5482" VPOS="2683" WIDTH="27"/>
            <String HPOS="5509" VPOS="2683" HEIGHT="35" WIDTH="53" ID="PAG_27_ST000156" WC="1" CONTENT="di-" SUBS_TYPE="HypPart1" SUBS_CONTENT="dimension" STYLEREFS="TXT_26"/>
            <HYP HPOS="5562" VPOS="2718" WIDTH="30" CONTENT="-"/>
          </TextLine>
          <TextLine HPOS="4220" VPOS="2738" HEIGHT="47" WIDTH="976" ID="PAG_27_TL000020" STYLEREFS="TXT_26">
            <String HPOS="4220" VPOS="2744" HEIGHT="34" WIDTH="171" ID="PAG_27_ST000157" WC="1" CONTENT="mension" SUBS_TYPE="HypPart2" SUBS_CONTENT="dimension" STYLEREFS="TXT_26"/>
            <SP ID="PAG_27_SP000138" HPOS="4391" VPOS="2755" WIDTH="26"/>
            <String HPOS="4417" VPOS="2755" HEIGHT="30" WIDTH="6" ID="PAG_27_ST000158" WC="1" CONTENT=";" STYLEREFS="TXT_26"/>
            <SP ID="PAG_27_SP000139" HPOS="4423" VPOS="2742" WIDTH="28"/>
            <String HPOS="4451" VPOS="2742" HEIGHT="35" WIDTH="108" ID="PAG_27_ST000159" WC="1" CONTENT="sinon" STYLEREFS="TXT_26"/>
            <SP ID="PAG_27_SP000140" HPOS="4559" VPOS="2742" WIDTH="27"/>
            <String HPOS="4586" VPOS="2742" HEIGHT="35" WIDTH="24" ID="PAG_27_ST000160" WC="1" CONTENT="il" STYLEREFS="TXT_26"/>
            <SP ID="PAG_27_SP000141" HPOS="4610" VPOS="2754" WIDTH="25"/>
            <String HPOS="4635" VPOS="2754" HEIGHT="23" WIDTH="46" ID="PAG_27_ST000161" WC="1" CONTENT="en" STYLEREFS="TXT_26"/>
            <SP ID="PAG_27_SP000142" HPOS="4681" VPOS="2742" WIDTH="27"/>
            <String HPOS="4708" VPOS="2742" HEIGHT="34" WIDTH="138" ID="PAG_27_ST000162" WC="1" CONTENT="faudra" STYLEREFS="TXT_26"/>
            <SP ID="PAG_27_SP000143" HPOS="4846" VPOS="2747" WIDTH="24"/>
            <String HPOS="4870" VPOS="2747" HEIGHT="38" WIDTH="132" ID="PAG_27_ST000163" WC="1" CONTENT="quatre" STYLEREFS="TXT_26"/>
            <SP ID="PAG_27_SP000144" HPOS="5002" VPOS="2751" WIDTH="27"/>
            <String HPOS="5029" VPOS="2751" HEIGHT="23" WIDTH="47" ID="PAG_27_ST000164" WC="1" CONTENT="ou" STYLEREFS="TXT_26"/>
            <SP ID="PAG_27_SP000145" HPOS="5076" VPOS="2738" WIDTH="26"/>
            <String HPOS="5102" VPOS="2738" HEIGHT="45" WIDTH="94" ID="PAG_27_ST000165" WC="1" CONTENT="cinq." STYLEREFS="TXT_26"/>
          </TextLine>
        </TextBlock>
        <TextBlock HPOS="4668" VPOS="2832" HEIGHT="85" WIDTH="458" ID="PAG_27_TB000009" TAGREFS="TAG_ST004" LANG="fr" STYLEREFS="TXT_21">
          <TextLine HPOS="4668" VPOS="2832" HEIGHT="85" WIDTH="458" ID="PAG_27_TL000021" STYLEREFS="TXT_21">
            <String HPOS="4668" VPOS="2871" HEIGHT="27" WIDTH="192" ID="PAG_27_ST000166" WC="1" CONTENT="Coussin" STYLEREFS="TXT_20"/>
            <SP ID="PAG_27_SP000146" HPOS="4860" VPOS="2834" WIDTH="26"/>
            <String HPOS="4886" VPOS="2834" HEIGHT="61" WIDTH="54" ID="PAG_27_ST000167" WC="0.96" CONTENT="le" STYLEREFS="TXT_21"/>
            <SP ID="PAG_27_SP000147" HPOS="4940" VPOS="2832" WIDTH="17"/>
            <String HPOS="4957" VPOS="2832" HEIGHT="85" WIDTH="169" ID="PAG_27_ST000168" WC="1" CONTENT="jardin" STYLEREFS="TXT_21"/>
          </TextLine>
        </TextBlock>
        <TextBlock HPOS="4136" VPOS="2948" HEIGHT="155" WIDTH="1457" ID="PAG_27_TB000010" LANG="fr" STYLEREFS="TXT_26">
          <TextLine HPOS="4136" VPOS="2948" HEIGHT="49" WIDTH="1427" ID="PAG_27_TL000022" STYLEREFS="TXT_26">
            <String HPOS="4136" VPOS="2969" HEIGHT="24" WIDTH="17" ID="PAG_27_ST000169" WC="0.64" CONTENT="!" STYLEREFS="TXT_21"/>
            <SP ID="PAG_27_SP000148" HPOS="4153" VPOS="2954" WIDTH="61"/>
            <String HPOS="4214" VPOS="2954" HEIGHT="38" WIDTH="37" ID="PAG_27_ST000170" WC="0.67" CONTENT="*" STYLEREFS="TXT_21"/>
            <SP ID="PAG_27_SP000149" HPOS="4251" VPOS="2955" WIDTH="20"/>
            <String HPOS="4271" VPOS="2955" HEIGHT="36" WIDTH="61" ID="PAG_27_ST000171" WC="1" CONTENT="Un" STYLEREFS="TXT_26"/>
            <SP ID="PAG_27_SP000150" HPOS="4332" VPOS="2955" WIDTH="38"/>
            <String HPOS="4370" VPOS="2955" HEIGHT="34" WIDTH="94" ID="PAG_27_ST000172" WC="1" CONTENT="fond" STYLEREFS="TXT_26"/>
            <SP ID="PAG_27_SP000151" HPOS="4464" VPOS="2955" WIDTH="36"/>
            <String HPOS="4500" VPOS="2955" HEIGHT="34" WIDTH="45" ID="PAG_27_ST000173" WC="1" CONTENT="de" STYLEREFS="TXT_26"/>
            <SP ID="PAG_27_SP000152" HPOS="4545" VPOS="2953" WIDTH="37"/>
            <String HPOS="4582" VPOS="2953" HEIGHT="44" WIDTH="129" ID="PAG_27_ST000174" WC="1" CONTENT="zéphir" STYLEREFS="TXT_26"/>
            <SP ID="PAG_27_SP000153" HPOS="4711" VPOS="2951" WIDTH="36"/>
            <String HPOS="4747" VPOS="2951" HEIGHT="46" WIDTH="186" ID="PAG_27_ST000175" WC="1" CONTENT="quadrillé" STYLEREFS="TXT_26"/>
            <SP ID="PAG_27_SP000154" HPOS="4933" VPOS="2958" WIDTH="37"/>
            <String HPOS="4970" VPOS="2958" HEIGHT="29" WIDTH="35" ID="PAG_27_ST000176" WC="1" CONTENT="et" STYLEREFS="TXT_26"/>
            <SP ID="PAG_27_SP000155" HPOS="5005" VPOS="2951" WIDTH="37"/>
            <String HPOS="5042" VPOS="2951" HEIGHT="35" WIDTH="98" ID="PAG_27_ST000177" WC="1" CONTENT="deux" STYLEREFS="TXT_26"/>
            <SP ID="PAG_27_SP000156" HPOS="5140" VPOS="2948" WIDTH="36"/>
            <String HPOS="5176" VPOS="2948" HEIGHT="36" WIDTH="133" ID="PAG_27_ST000178" WC="1" CONTENT="motifs" STYLEREFS="TXT_26"/>
            <SP ID="PAG_27_SP000157" HPOS="5309" VPOS="2959" WIDTH="37"/>
            <String HPOS="5346" VPOS="2959" HEIGHT="25" WIDTH="135" ID="PAG_27_ST000179" WC="1" CONTENT="cousus" STYLEREFS="TXT_26"/>
            <SP ID="PAG_27_SP000158" HPOS="5481" VPOS="2959" WIDTH="37"/>
            <String HPOS="5518" VPOS="2959" HEIGHT="23" WIDTH="45" ID="PAG_27_ST000180" WC="1" CONTENT="en" STYLEREFS="TXT_26"/>
          </TextLine>
          <TextLine HPOS="4221" VPOS="3000" HEIGHT="51" WIDTH="1372" ID="PAG_27_TL000023" STYLEREFS="TXT_26">
            <String HPOS="4221" VPOS="3008" HEIGHT="43" WIDTH="156" ID="PAG_27_ST000181" WC="1" CONTENT="losange" STYLEREFS="TXT_26"/>
            <SP ID="PAG_27_SP000159" HPOS="4377" VPOS="3013" WIDTH="24"/>
            <String HPOS="4401" VPOS="3013" HEIGHT="29" WIDTH="35" ID="PAG_27_ST000182" WC="1" CONTENT="et" STYLEREFS="TXT_26"/>
            <SP ID="PAG_27_SP000160" HPOS="4436" VPOS="3006" WIDTH="25"/>
            <String HPOS="4461" VPOS="3006" HEIGHT="35" WIDTH="127" ID="PAG_27_ST000183" WC="1" CONTENT="réunis" STYLEREFS="TXT_26"/>
            <SP ID="PAG_27_SP000161" HPOS="4588" VPOS="3016" WIDTH="23"/>
            <String HPOS="4611" VPOS="3016" HEIGHT="33" WIDTH="68" ID="PAG_27_ST000184" WC="1" CONTENT="par" STYLEREFS="TXT_26"/>
            <SP ID="PAG_27_SP000162" HPOS="4679" VPOS="3005" WIDTH="22"/>
            <String HPOS="4701" VPOS="3005" HEIGHT="35" WIDTH="34" ID="PAG_27_ST000185" WC="1" CONTENT="la" STYLEREFS="TXT_26"/>
            <SP ID="PAG_27_SP000163" HPOS="4735" VPOS="3004" WIDTH="25"/>
            <String HPOS="4760" VPOS="3004" HEIGHT="44" WIDTH="127" ID="PAG_27_ST000186" WC="1" CONTENT="pointe" STYLEREFS="TXT_26"/>
            <SP ID="PAG_27_SP000164" HPOS="4887" VPOS="3003" WIDTH="25"/>
            <String HPOS="4912" VPOS="3003" HEIGHT="36" WIDTH="127" ID="PAG_27_ST000187" WC="1" CONTENT="feront" STYLEREFS="TXT_26"/>
            <SP ID="PAG_27_SP000165" HPOS="5039" VPOS="3015" WIDTH="23"/>
            <String HPOS="5062" VPOS="3015" HEIGHT="22" WIDTH="49" ID="PAG_27_ST000188" WC="1" CONTENT="un" STYLEREFS="TXT_26"/>
            <SP ID="PAG_27_SP000166" HPOS="5111" VPOS="3002" WIDTH="23"/>
            <String HPOS="5134" VPOS="3002" HEIGHT="45" WIDTH="62" ID="PAG_27_ST000189" WC="1" CONTENT="gai" STYLEREFS="TXT_26"/>
            <SP ID="PAG_27_SP000167" HPOS="5196" VPOS="3000" WIDTH="24"/>
            <String HPOS="5220" VPOS="3000" HEIGHT="36" WIDTH="150" ID="PAG_27_ST000190" WC="1" CONTENT="coussin" STYLEREFS="TXT_26"/>
            <SP ID="PAG_27_SP000168" HPOS="5370" VPOS="3000" WIDTH="24"/>
            <String HPOS="5394" VPOS="3000" HEIGHT="44" WIDTH="61" ID="PAG_27_ST000191" WC="1" CONTENT="qui" STYLEREFS="TXT_26"/>
            <SP ID="PAG_27_SP000169" HPOS="5455" VPOS="3010" WIDTH="26"/>
            <String HPOS="5481" VPOS="3010" HEIGHT="24" WIDTH="82" ID="PAG_27_ST000192" WC="1" CONTENT="ren-" SUBS_TYPE="HypPart1" SUBS_CONTENT="rendra" STYLEREFS="TXT_26"/>
            <HYP HPOS="5563" VPOS="3034" WIDTH="30" CONTENT="-"/>
          </TextLine>
          <TextLine HPOS="4222" VPOS="3053" HEIGHT="50" WIDTH="1013" ID="PAG_27_TL000024" STYLEREFS="TXT_26">
            <String HPOS="4222" VPOS="3060" HEIGHT="34" WIDTH="68" ID="PAG_27_ST000193" WC="1" CONTENT="dra" SUBS_TYPE="HypPart2" SUBS_CONTENT="rendra" STYLEREFS="TXT_26"/>
            <SP ID="PAG_27_SP000170" HPOS="4290" VPOS="3059" WIDTH="26"/>
            <String HPOS="4316" VPOS="3059" HEIGHT="44" WIDTH="83" ID="PAG_27_ST000194" WC="1" CONTENT="plus" STYLEREFS="TXT_26"/>
            <SP ID="PAG_27_SP000171" HPOS="4399" VPOS="3058" WIDTH="27"/>
            <String HPOS="4426" VPOS="3058" HEIGHT="35" WIDTH="102" ID="PAG_27_ST000195" WC="1" CONTENT="doux" STYLEREFS="TXT_26"/>
            <SP ID="PAG_27_SP000172" HPOS="4528" VPOS="3058" WIDTH="27"/>
            <String HPOS="4555" VPOS="3058" HEIGHT="35" WIDTH="32" ID="PAG_27_ST000196" WC="1" CONTENT="le" STYLEREFS="TXT_26"/>
            <SP ID="PAG_27_SP000173" HPOS="4587" VPOS="3055" WIDTH="27"/>
            <String HPOS="4614" VPOS="3055" HEIGHT="45" WIDTH="318" ID="PAG_27_ST000197" WC="1" CONTENT="transatlantique" STYLEREFS="TXT_26"/>
            <SP ID="PAG_27_SP000174" HPOS="4932" VPOS="3067" WIDTH="26"/>
            <String HPOS="4958" VPOS="3067" HEIGHT="23" WIDTH="48" ID="PAG_27_ST000198" WC="1" CONTENT="ou" STYLEREFS="TXT_26"/>
            <SP ID="PAG_27_SP000175" HPOS="5006" VPOS="3055" WIDTH="27"/>
            <String HPOS="5033" VPOS="3055" HEIGHT="35" WIDTH="32" ID="PAG_27_ST000199" WC="1" CONTENT="le" STYLEREFS="TXT_26"/>
            <SP ID="PAG_27_SP000176" HPOS="5065" VPOS="3053" WIDTH="26"/>
            <String HPOS="5091" VPOS="3053" HEIGHT="36" WIDTH="144" ID="PAG_27_ST000200" WC="1" CONTENT="hamac." STYLEREFS="TXT_26"/>
          </TextLine>
        </TextBlock>
        <TextBlock HPOS="4676" VPOS="3133" HEIGHT="84" WIDTH="413" ID="PAG_27_TB000011" TAGREFS="TAG_ST005" LANG="fr" STYLEREFS="TXT_21">
          <TextLine HPOS="4676" VPOS="3133" HEIGHT="84" WIDTH="413" ID="PAG_27_TL000025" STYLEREFS="TXT_21">
            <String HPOS="4676" VPOS="3133" HEIGHT="84" WIDTH="153" ID="PAG_27_ST000201" WC="1" CONTENT="Boîte" STYLEREFS="TXT_21"/>
            <SP ID="PAG_27_SP000177" HPOS="4829" VPOS="3152" WIDTH="26"/>
            <String HPOS="4855" VPOS="3152" HEIGHT="43" WIDTH="27" ID="PAG_27_ST000202" WC="1" CONTENT="à" STYLEREFS="TXT_21"/>
            <SP ID="PAG_27_SP000178" HPOS="4882" VPOS="3168" WIDTH="25"/>
            <String HPOS="4907" VPOS="3168" HEIGHT="49" WIDTH="182" ID="PAG_27_ST000203" WC="1" CONTENT="ouvrage" STYLEREFS="TXT_21"/>
          </TextLine>
        </TextBlock>
        <TextBlock HPOS="4183" VPOS="3260" HEIGHT="155" WIDTH="1385" ID="PAG_27_TB000012" LANG="fr" STYLEREFS="TXT_26">
          <TextLine HPOS="4225" VPOS="3260" HEIGHT="46" WIDTH="1343" ID="PAG_27_TL000026" STYLEREFS="TXT_26">
            <String HPOS="4225" VPOS="3269" HEIGHT="36" WIDTH="34" ID="PAG_27_ST000204" WC="0.67" CONTENT="*" STYLEREFS="TXT_21"/>
            <SP ID="PAG_27_SP000179" HPOS="4259" VPOS="3271" WIDTH="22"/>
            <String HPOS="4281" VPOS="3271" HEIGHT="35" WIDTH="50" ID="PAG_27_ST000205" WC="1" CONTENT="Le" STYLEREFS="TXT_26"/>
            <SP ID="PAG_27_SP000180" HPOS="4331" VPOS="3269" WIDTH="28"/>
            <String HPOS="4359" VPOS="3269" HEIGHT="36" WIDTH="113" ID="PAG_27_ST000206" WC="1" CONTENT="motif" STYLEREFS="TXT_26"/>
            <SP ID="PAG_27_SP000181" HPOS="4472" VPOS="3281" WIDTH="27"/>
            <String HPOS="4499" VPOS="3281" HEIGHT="23" WIDTH="139" ID="PAG_27_ST000207" WC="1" CONTENT="ornera" STYLEREFS="TXT_26"/>
            <SP ID="PAG_27_SP000182" HPOS="4638" VPOS="3268" WIDTH="27"/>
            <String HPOS="4665" VPOS="3268" HEIGHT="35" WIDTH="34" ID="PAG_27_ST000208" WC="1" CONTENT="le" STYLEREFS="TXT_26"/>
            <SP ID="PAG_27_SP000183" HPOS="4699" VPOS="3267" WIDTH="27"/>
            <String HPOS="4726" VPOS="3267" HEIGHT="36" WIDTH="198" ID="PAG_27_ST000209" WC="1" CONTENT="couvercle" STYLEREFS="TXT_26"/>
            <SP ID="PAG_27_SP000184" HPOS="4924" VPOS="3267" WIDTH="29"/>
            <String HPOS="4953" VPOS="3267" HEIGHT="34" WIDTH="45" ID="PAG_27_ST000210" WC="1" CONTENT="de" STYLEREFS="TXT_26"/>
            <SP ID="PAG_27_SP000185" HPOS="4998" VPOS="3272" WIDTH="28"/>
            <String HPOS="5026" VPOS="3272" HEIGHT="29" WIDTH="96" ID="PAG_27_ST000211" WC="1" CONTENT="cette" STYLEREFS="TXT_26"/>
            <SP ID="PAG_27_SP000186" HPOS="5122" VPOS="3263" WIDTH="28"/>
            <String HPOS="5150" VPOS="3263" HEIGHT="37" WIDTH="100" ID="PAG_27_ST000212" WC="1" CONTENT="boîte" STYLEREFS="TXT_26"/>
            <SP ID="PAG_27_SP000187" HPOS="5250" VPOS="3264" WIDTH="29"/>
            <String HPOS="5279" VPOS="3264" HEIGHT="34" WIDTH="44" ID="PAG_27_ST000213" WC="1" CONTENT="de" STYLEREFS="TXT_26"/>
            <SP ID="PAG_27_SP000188" HPOS="5323" VPOS="3261" WIDTH="30"/>
            <String HPOS="5353" VPOS="3261" HEIGHT="36" WIDTH="88" ID="PAG_27_ST000214" WC="1" CONTENT="toile" STYLEREFS="TXT_26"/>
            <SP ID="PAG_27_SP000189" HPOS="5441" VPOS="3268" WIDTH="29"/>
            <String HPOS="5470" VPOS="3268" HEIGHT="28" WIDTH="36" ID="PAG_27_ST000215" WC="1" CONTENT="et" STYLEREFS="TXT_26"/>
            <SP ID="PAG_27_SP000190" HPOS="5506" VPOS="3260" WIDTH="26"/>
            <String HPOS="5532" VPOS="3260" HEIGHT="35" WIDTH="36" ID="PAG_27_ST000216" WC="1" CONTENT="la" STYLEREFS="TXT_26"/>
          </TextLine>
          <TextLine HPOS="4183" VPOS="3313" HEIGHT="45" WIDTH="1382" ID="PAG_27_TL000027" STYLEREFS="TXT_26">
            <String HPOS="4183" VPOS="3320" HEIGHT="2" WIDTH="5" ID="PAG_27_ST000217" WC="0.00" CONTENT="-" STYLEREFS="TXT_26"/>
            <SP ID="PAG_27_SP000191" HPOS="4188" VPOS="3322" WIDTH="35"/>
            <String HPOS="4223" VPOS="3322" HEIGHT="35" WIDTH="121" ID="PAG_27_ST000218" WC="1" CONTENT="bande" STYLEREFS="TXT_26"/>
            <SP ID="PAG_27_SP000192" HPOS="4344" VPOS="3321" WIDTH="24"/>
            <String HPOS="4368" VPOS="3321" HEIGHT="36" WIDTH="166" ID="PAG_27_ST000219" WC="1" CONTENT="centrale" STYLEREFS="TXT_26"/>
            <SP ID="PAG_27_SP000193" HPOS="4534" VPOS="3320" WIDTH="23"/>
            <String HPOS="4557" VPOS="3320" HEIGHT="35" WIDTH="183" ID="PAG_27_ST000220" WC="1" CONTENT="décorera" STYLEREFS="TXT_26"/>
            <SP ID="PAG_27_SP000194" HPOS="4740" VPOS="3320" WIDTH="22"/>
            <String HPOS="4762" VPOS="3320" HEIGHT="34" WIDTH="52" ID="PAG_27_ST000221" WC="1" CONTENT="les" STYLEREFS="TXT_26"/>
            <SP ID="PAG_27_SP000195" HPOS="4814" VPOS="3317" WIDTH="25"/>
            <String HPOS="4839" VPOS="3317" HEIGHT="37" WIDTH="113" ID="PAG_27_ST000222" WC="1" CONTENT="côtés." STYLEREFS="TXT_26"/>
            <SP ID="PAG_27_SP000196" HPOS="4952" VPOS="3317" WIDTH="24"/>
            <String HPOS="4976" VPOS="3317" HEIGHT="36" WIDTH="60" ID="PAG_27_ST000223" WC="1" CONTENT="On" STYLEREFS="TXT_26"/>
            <SP ID="PAG_27_SP000197" HPOS="5036" VPOS="3316" WIDTH="24"/>
            <String HPOS="5060" VPOS="3316" HEIGHT="36" WIDTH="228" ID="PAG_27_ST000224" WC="1" CONTENT="assemblera" STYLEREFS="TXT_26"/>
            <SP ID="PAG_27_SP000198" HPOS="5288" VPOS="3314" WIDTH="23"/>
            <String HPOS="5311" VPOS="3314" HEIGHT="44" WIDTH="187" ID="PAG_27_ST000225" WC="1" CONTENT="plusieurs" STYLEREFS="TXT_26"/>
            <SP ID="PAG_27_SP000199" HPOS="5498" VPOS="3313" WIDTH="23"/>
            <String HPOS="5521" VPOS="3313" HEIGHT="35" WIDTH="44" ID="PAG_27_ST000226" WC="1" CONTENT="de" STYLEREFS="TXT_26"/>
          </TextLine>
          <TextLine HPOS="4225" VPOS="3365" HEIGHT="50" WIDTH="1221" ID="PAG_27_TL000028" STYLEREFS="TXT_26">
            <String HPOS="4225" VPOS="3385" HEIGHT="23" WIDTH="60" ID="PAG_27_ST000227" WC="1" CONTENT="ces" STYLEREFS="TXT_26"/>
            <SP ID="PAG_27_SP000200" HPOS="4285" VPOS="3373" WIDTH="27"/>
            <String HPOS="4312" VPOS="3373" HEIGHT="35" WIDTH="140" ID="PAG_27_ST000228" WC="1" CONTENT="bandes" STYLEREFS="TXT_26"/>
            <SP ID="PAG_27_SP000201" HPOS="4452" VPOS="3384" WIDTH="28"/>
            <String HPOS="4480" VPOS="3384" HEIGHT="23" WIDTH="48" ID="PAG_27_ST000229" WC="1" CONTENT="ou" STYLEREFS="TXT_26"/>
            <SP ID="PAG_27_SP000202" HPOS="4528" VPOS="3384" WIDTH="26"/>
            <String HPOS="4554" VPOS="3384" HEIGHT="23" WIDTH="48" ID="PAG_27_ST000230" WC="1" CONTENT="on" STYLEREFS="TXT_26"/>
            <SP ID="PAG_27_SP000203" HPOS="4602" VPOS="3372" WIDTH="27"/>
            <String HPOS="4629" VPOS="3372" HEIGHT="34" WIDTH="52" ID="PAG_27_ST000231" WC="1" CONTENT="les" STYLEREFS="TXT_26"/>
            <SP ID="PAG_27_SP000204" HPOS="4681" VPOS="3370" WIDTH="27"/>
            <String HPOS="4708" VPOS="3370" HEIGHT="45" WIDTH="213" ID="PAG_27_ST000232" WC="1" CONTENT="découpera" STYLEREFS="TXT_26"/>
            <SP ID="PAG_27_SP000205" HPOS="4921" VPOS="3369" WIDTH="26"/>
            <String HPOS="4947" VPOS="3369" HEIGHT="35" WIDTH="151" ID="PAG_27_ST000233" WC="1" CONTENT="suivant" STYLEREFS="TXT_26"/>
            <SP ID="PAG_27_SP000206" HPOS="5098" VPOS="3368" WIDTH="27"/>
            <String HPOS="5125" VPOS="3368" HEIGHT="35" WIDTH="52" ID="PAG_27_ST000234" WC="1" CONTENT="les" STYLEREFS="TXT_26"/>
            <SP ID="PAG_27_SP000207" HPOS="5177" VPOS="3365" WIDTH="27"/>
            <String HPOS="5204" VPOS="3365" HEIGHT="37" WIDTH="242" ID="PAG_27_ST000235" WC="1" CONTENT="dimensions." STYLEREFS="TXT_26"/>
          </TextLine>
        </TextBlock>
        <TextBlock HPOS="4729" VPOS="3454" HEIGHT="66" WIDTH="278" ID="PAG_27_TB000013" TAGREFS="TAG_ST006" LANG="fr" STYLEREFS="TXT_21">
          <TextLine HPOS="4729" VPOS="3454" HEIGHT="66" WIDTH="278" ID="PAG_27_TL000029" STYLEREFS="TXT_21">
            <String HPOS="4729" VPOS="3454" HEIGHT="66" WIDTH="278" ID="PAG_27_ST000236" WC="1" CONTENT="Couvre-lit" STYLEREFS="TXT_21"/>
          </TextLine>
        </TextBlock>
        <TextBlock HPOS="4224" VPOS="3576" HEIGHT="155" WIDTH="1372" ID="PAG_27_TB000014" LANG="fr" STYLEREFS="TXT_26">
          <TextLine HPOS="4226" VPOS="3576" HEIGHT="49" WIDTH="1370" ID="PAG_27_TL000030" STYLEREFS="TXT_26">
            <String HPOS="4226" VPOS="3580" HEIGHT="38" WIDTH="37" ID="PAG_27_ST000237" WC="0.67" CONTENT="*" STYLEREFS="TXT_21"/>
            <SP ID="PAG_27_SP000208" HPOS="4263" VPOS="3584" WIDTH="13"/>
            <String HPOS="4276" VPOS="3584" HEIGHT="35" WIDTH="109" ID="PAG_27_ST000238" WC="1" CONTENT="Enfin" STYLEREFS="TXT_26"/>
            <SP ID="PAG_27_SP000209" HPOS="4385" VPOS="3584" WIDTH="32"/>
            <String HPOS="4417" VPOS="3584" HEIGHT="35" WIDTH="32" ID="PAG_27_ST000239" WC="1" CONTENT="le" STYLEREFS="TXT_26"/>
            <SP ID="PAG_27_SP000210" HPOS="4449" VPOS="3583" WIDTH="32"/>
            <String HPOS="4481" VPOS="3583" HEIGHT="35" WIDTH="118" ID="PAG_27_ST000240" WC="1" CONTENT="même" STYLEREFS="TXT_26"/>
            <SP ID="PAG_27_SP000211" HPOS="4599" VPOS="3582" WIDTH="32"/>
            <String HPOS="4631" VPOS="3582" HEIGHT="35" WIDTH="113" ID="PAG_27_ST000241" WC="1" CONTENT="motif" STYLEREFS="TXT_26"/>
            <SP ID="PAG_27_SP000212" HPOS="4744" VPOS="3581" WIDTH="33"/>
            <String HPOS="4777" VPOS="3581" HEIGHT="44" WIDTH="126" ID="PAG_27_ST000242" WC="1" CONTENT="répété" STYLEREFS="TXT_26"/>
            <SP ID="PAG_27_SP000213" HPOS="4903" VPOS="3579" WIDTH="32"/>
            <String HPOS="4935" VPOS="3579" HEIGHT="45" WIDTH="186" ID="PAG_27_ST000243" WC="1" CONTENT="plusieurs" STYLEREFS="TXT_26"/>
            <SP ID="PAG_27_SP000214" HPOS="5121" VPOS="3578" WIDTH="34"/>
            <String HPOS="5155" VPOS="3578" HEIGHT="35" WIDTH="75" ID="PAG_27_ST000244" WC="1" CONTENT="fois" STYLEREFS="TXT_26"/>
            <SP ID="PAG_27_SP000215" HPOS="5230" VPOS="3583" WIDTH="31"/>
            <String HPOS="5261" VPOS="3583" HEIGHT="38" WIDTH="88" ID="PAG_27_ST000245" WC="1" CONTENT="peut" STYLEREFS="TXT_26"/>
            <SP ID="PAG_27_SP000216" HPOS="5349" VPOS="3576" WIDTH="32"/>
            <String HPOS="5381" VPOS="3576" HEIGHT="35" WIDTH="78" ID="PAG_27_ST000246" WC="1" CONTENT="être" STYLEREFS="TXT_26"/>
            <SP ID="PAG_27_SP000217" HPOS="5459" VPOS="3586" WIDTH="32"/>
            <String HPOS="5491" VPOS="3586" HEIGHT="24" WIDTH="75" ID="PAG_27_ST000247" WC="1" CONTENT="em-" SUBS_TYPE="HypPart1" SUBS_CONTENT="employé" STYLEREFS="TXT_26"/>
            <HYP HPOS="5566" VPOS="3610" WIDTH="30" CONTENT="-"/>
          </TextLine>
          <TextLine HPOS="4224" VPOS="3626" HEIGHT="55" WIDTH="1341" ID="PAG_27_TL000031" STYLEREFS="TXT_26">
            <String HPOS="4224" VPOS="3636" HEIGHT="45" WIDTH="110" ID="PAG_27_ST000248" WC="1" CONTENT="ployé" SUBS_TYPE="HypPart2" SUBS_CONTENT="employé" STYLEREFS="TXT_26"/>
            <SP ID="PAG_27_SP000218" HPOS="4334" VPOS="3647" WIDTH="23"/>
            <String HPOS="4357" VPOS="3647" HEIGHT="32" WIDTH="94" ID="PAG_27_ST000249" WC="1" CONTENT="pour" STYLEREFS="TXT_26"/>
            <SP ID="PAG_27_SP000219" HPOS="4451" VPOS="3634" WIDTH="23"/>
            <String HPOS="4474" VPOS="3634" HEIGHT="45" WIDTH="132" ID="PAG_27_ST000250" WC="1" CONTENT="garnir" STYLEREFS="TXT_26"/>
            <SP ID="PAG_27_SP000220" HPOS="4606" VPOS="3646" WIDTH="22"/>
            <String HPOS="4628" VPOS="3646" HEIGHT="23" WIDTH="50" ID="PAG_27_ST000251" WC="1" CONTENT="un" STYLEREFS="TXT_26"/>
            <SP ID="PAG_27_SP000221" HPOS="4678" VPOS="3632" WIDTH="23"/>
            <String HPOS="4701" VPOS="3632" HEIGHT="37" WIDTH="202" ID="PAG_27_ST000252" WC="1" CONTENT="couvre-lit" STYLEREFS="TXT_26"/>
            <SP ID="PAG_27_SP000222" HPOS="4903" VPOS="3644" WIDTH="24"/>
            <String HPOS="4927" VPOS="3644" HEIGHT="22" WIDTH="47" ID="PAG_27_ST000253" WC="1" CONTENT="ou" STYLEREFS="TXT_26"/>
            <SP ID="PAG_27_SP000223" HPOS="4974" VPOS="3642" WIDTH="22"/>
            <String HPOS="4996" VPOS="3642" HEIGHT="24" WIDTH="72" ID="PAG_27_ST000254" WC="1" CONTENT="une" STYLEREFS="TXT_26"/>
            <SP ID="PAG_27_SP000224" HPOS="5068" VPOS="3630" WIDTH="22"/>
            <String HPOS="5090" VPOS="3630" HEIGHT="35" WIDTH="137" ID="PAG_27_ST000255" WC="1" CONTENT="housse" STYLEREFS="TXT_26"/>
            <SP ID="PAG_27_SP000225" HPOS="5227" VPOS="3640" WIDTH="24"/>
            <String HPOS="5251" VPOS="3640" HEIGHT="33" WIDTH="93" ID="PAG_27_ST000256" WC="1" CONTENT="pour" STYLEREFS="TXT_26"/>
            <SP ID="PAG_27_SP000226" HPOS="5344" VPOS="3639" WIDTH="23"/>
            <String HPOS="5367" VPOS="3639" HEIGHT="24" WIDTH="50" ID="PAG_27_ST000257" WC="1" CONTENT="un" STYLEREFS="TXT_26"/>
            <SP ID="PAG_27_SP000227" HPOS="5417" VPOS="3626" WIDTH="23"/>
            <String HPOS="5440" VPOS="3626" HEIGHT="42" WIDTH="125" ID="PAG_27_ST000258" WC="1" CONTENT="divan," STYLEREFS="TXT_26"/>
          </TextLine>
          <TextLine HPOS="4227" VPOS="3682" HEIGHT="49" WIDTH="1196" ID="PAG_27_TL000032" STYLEREFS="TXT_26">
            <String HPOS="4227" VPOS="3687" HEIGHT="36" WIDTH="182" ID="PAG_27_ST000259" WC="1" CONTENT="terminée" STYLEREFS="TXT_26"/>
            <SP ID="PAG_27_SP000228" HPOS="4409" VPOS="3698" WIDTH="24"/>
            <String HPOS="4433" VPOS="3698" HEIGHT="33" WIDTH="67" ID="PAG_27_ST000260" WC="1" CONTENT="par" STYLEREFS="TXT_26"/>
            <SP ID="PAG_27_SP000229" HPOS="4500" VPOS="3698" WIDTH="24"/>
            <String HPOS="4524" VPOS="3698" HEIGHT="23" WIDTH="49" ID="PAG_27_ST000261" WC="1" CONTENT="un" STYLEREFS="TXT_26"/>
            <SP ID="PAG_27_SP000230" HPOS="4573" VPOS="3686" WIDTH="23"/>
            <String HPOS="4596" VPOS="3686" HEIGHT="35" WIDTH="131" ID="PAG_27_ST000262" WC="1" CONTENT="volant" STYLEREFS="TXT_26"/>
            <SP ID="PAG_27_SP000231" HPOS="4727" VPOS="3684" WIDTH="22"/>
            <String HPOS="4749" VPOS="3684" HEIGHT="36" WIDTH="64" ID="PAG_27_ST000263" WC="1" CONTENT="uni" STYLEREFS="TXT_26"/>
            <SP ID="PAG_27_SP000232" HPOS="4813" VPOS="3696" WIDTH="24"/>
            <String HPOS="4837" VPOS="3696" HEIGHT="23" WIDTH="48" ID="PAG_27_ST000264" WC="1" CONTENT="ou" STYLEREFS="TXT_26"/>
            <SP ID="PAG_27_SP000233" HPOS="4885" VPOS="3682" WIDTH="22"/>
            <String HPOS="4907" VPOS="3682" HEIGHT="45" WIDTH="128" ID="PAG_27_ST000265" WC="1" CONTENT="pareil." STYLEREFS="TXT_26"/>
            <SP ID="PAG_27_SP000234" HPOS="5035" VPOS="3715" WIDTH="365"/>
            <String HPOS="5400" VPOS="3715" HEIGHT="5" WIDTH="23" ID="PAG_27_ST000266" WC="0.00" CONTENT="-" STYLEREFS="TXT_26"/>
          </TextLine>
        </TextBlock>
        <TextBlock HPOS="4642" VPOS="3763" HEIGHT="70" WIDTH="448" ID="PAG_27_TB000015" TAGREFS="TAG_ST007" LANG="fr" STYLEREFS="TXT_21">
          <TextLine HPOS="4642" VPOS="3763" HEIGHT="70" WIDTH="448" ID="PAG_27_TL000033" STYLEREFS="TXT_21">
            <String HPOS="4642" VPOS="3768" HEIGHT="65" WIDTH="200" ID="PAG_27_ST000267" WC="1" CONTENT="Coussin" STYLEREFS="TXT_20"/>
            <SP ID="PAG_27_SP000235" HPOS="4842" VPOS="3768" WIDTH="27"/>
            <String HPOS="4869" VPOS="3768" HEIGHT="60" WIDTH="55" ID="PAG_27_ST000268" WC="1" CONTENT="de" STYLEREFS="TXT_21"/>
            <SP ID="PAG_27_SP000236" HPOS="4924" VPOS="3763" WIDTH="47"/>
            <String HPOS="4971" VPOS="3763" HEIGHT="64" WIDTH="119" ID="PAG_27_ST000269" WC="1" CONTENT="chaise" STYLEREFS="TXT_21"/>
          </TextLine>
        </TextBlock>
        <TextBlock HPOS="4223" VPOS="3889" HEIGHT="154" WIDTH="1343" ID="PAG_27_TB000016" LANG="fr" STYLEREFS="TXT_26">
          <TextLine HPOS="4223" VPOS="3889" HEIGHT="50" WIDTH="1342" ID="PAG_27_TL000034" STYLEREFS="TXT_26">
            <String HPOS="4223" VPOS="3892" HEIGHT="39" WIDTH="38" ID="PAG_27_ST000270" WC="0.67" CONTENT="*" STYLEREFS="TXT_21"/>
            <SP ID="PAG_27_SP000237" HPOS="4261" VPOS="3899" WIDTH="14"/>
            <String HPOS="4275" VPOS="3899" HEIGHT="34" WIDTH="72" ID="PAG_27_ST000271" WC="1" CONTENT="Les" STYLEREFS="TXT_26"/>
            <SP ID="PAG_27_SP000238" HPOS="4347" VPOS="3897" WIDTH="40"/>
            <String HPOS="4387" VPOS="3897" HEIGHT="36" WIDTH="147" ID="PAG_27_ST000272" WC="1" CONTENT="chaises" STYLEREFS="TXT_26"/>
            <SP ID="PAG_27_SP000239" HPOS="4534" VPOS="3896" WIDTH="41"/>
            <String HPOS="4575" VPOS="3896" HEIGHT="43" WIDTH="187" ID="PAG_27_ST000273" WC="1" CONTENT="rustiques" STYLEREFS="TXT_26"/>
            <SP ID="PAG_27_SP000240" HPOS="4762" VPOS="3900" WIDTH="41"/>
            <String HPOS="4803" VPOS="3900" HEIGHT="29" WIDTH="128" ID="PAG_27_ST000274" WC="1" CONTENT="seront" STYLEREFS="TXT_26"/>
            <SP ID="PAG_27_SP000241" HPOS="4931" VPOS="3892" WIDTH="39"/>
            <String HPOS="4970" VPOS="3892" HEIGHT="45" WIDTH="82" ID="PAG_27_ST000275" WC="1" CONTENT="plus" STYLEREFS="TXT_26"/>
            <SP ID="PAG_27_SP000242" HPOS="5052" VPOS="3889" WIDTH="41"/>
            <String HPOS="5093" VPOS="3889" HEIGHT="37" WIDTH="258" ID="PAG_27_ST000276" WC="1" CONTENT="confortables" STYLEREFS="TXT_26"/>
            <SP ID="PAG_27_SP000243" HPOS="5351" VPOS="3898" WIDTH="41"/>
            <String HPOS="5392" VPOS="3898" HEIGHT="24" WIDTH="92" ID="PAG_27_ST000277" WC="1" CONTENT="avec" STYLEREFS="TXT_26"/>
            <SP ID="PAG_27_SP000244" HPOS="5484" VPOS="3897" WIDTH="40"/>
            <String HPOS="5524" VPOS="3897" HEIGHT="23" WIDTH="41" ID="PAG_27_ST000278" WC="1" CONTENT="ce" STYLEREFS="TXT_26"/>
          </TextLine>
          <TextLine HPOS="4230" VPOS="3937" HEIGHT="56" WIDTH="1336" ID="PAG_27_TL000035" STYLEREFS="TXT_26">
            <String HPOS="4230" VPOS="3949" HEIGHT="35" WIDTH="150" ID="PAG_27_ST000279" WC="1" CONTENT="coussin" STYLEREFS="TXT_26"/>
            <SP ID="PAG_27_SP000245" HPOS="4380" VPOS="3949" WIDTH="29"/>
            <String HPOS="4409" VPOS="3949" HEIGHT="44" WIDTH="76" ID="PAG_27_ST000280" WC="1" CONTENT="plat" STYLEREFS="TXT_26"/>
            <SP ID="PAG_27_SP000246" HPOS="4485" VPOS="3947" WIDTH="30"/>
            <String HPOS="4515" VPOS="3947" HEIGHT="36" WIDTH="92" ID="PAG_27_ST000281" WC="1" CONTENT="orné" STYLEREFS="TXT_26"/>
            <SP ID="PAG_27_SP000247" HPOS="4607" VPOS="3948" WIDTH="27"/>
            <String HPOS="4634" VPOS="3948" HEIGHT="34" WIDTH="86" ID="PAG_27_ST000282" WC="1" CONTENT="d'un" STYLEREFS="TXT_26"/>
            <SP ID="PAG_27_SP000248" HPOS="4720" VPOS="3945" WIDTH="29"/>
            <String HPOS="4749" VPOS="3945" HEIGHT="36" WIDTH="113" ID="PAG_27_ST000283" WC="1" CONTENT="motif" STYLEREFS="TXT_26"/>
            <SP ID="PAG_27_SP000249" HPOS="4862" VPOS="3943" WIDTH="27"/>
            <String HPOS="4889" VPOS="3943" HEIGHT="44" WIDTH="150" ID="PAG_27_ST000284" WC="1" CONTENT="disposé" STYLEREFS="TXT_26"/>
            <SP ID="PAG_27_SP000250" HPOS="5039" VPOS="3955" WIDTH="28"/>
            <String HPOS="5067" VPOS="3955" HEIGHT="22" WIDTH="45" ID="PAG_27_ST000285" WC="1" CONTENT="en" STYLEREFS="TXT_26"/>
            <SP ID="PAG_27_SP000251" HPOS="5112" VPOS="3943" WIDTH="30"/>
            <String HPOS="5142" VPOS="3943" HEIGHT="43" WIDTH="165" ID="PAG_27_ST000286" WC="1" CONTENT="losange." STYLEREFS="TXT_26"/>
            <SP ID="PAG_27_SP000252" HPOS="5307" VPOS="3940" WIDTH="31"/>
            <String HPOS="5338" VPOS="3940" HEIGHT="34" WIDTH="50" ID="PAG_27_ST000287" WC="1" CONTENT="Le" STYLEREFS="TXT_26"/>
            <SP ID="PAG_27_SP000253" HPOS="5388" VPOS="3937" WIDTH="29"/>
            <String HPOS="5417" VPOS="3937" HEIGHT="37" WIDTH="149" ID="PAG_27_ST000288" WC="1" CONTENT="coussin" STYLEREFS="TXT_26"/>
          </TextLine>
          <TextLine HPOS="4229" VPOS="3995" HEIGHT="48" WIDTH="896" ID="PAG_27_TL000036" STYLEREFS="TXT_26">
            <String HPOS="4229" VPOS="4007" HEIGHT="28" WIDTH="55" ID="PAG_27_ST000289" WC="1" CONTENT="est" STYLEREFS="TXT_26"/>
            <SP ID="PAG_27_SP000254" HPOS="4284" VPOS="4000" WIDTH="26"/>
            <String HPOS="4310" VPOS="4000" HEIGHT="35" WIDTH="99" ID="PAG_27_ST000290" WC="1" CONTENT="noué" STYLEREFS="TXT_26"/>
            <SP ID="PAG_27_SP000255" HPOS="4409" VPOS="4012" WIDTH="25"/>
            <String HPOS="4434" VPOS="4012" HEIGHT="23" WIDTH="76" ID="PAG_27_ST000291" WC="1" CONTENT="aux" STYLEREFS="TXT_26"/>
            <SP ID="PAG_27_SP000256" HPOS="4510" VPOS="4005" WIDTH="26"/>
            <String HPOS="4536" VPOS="4005" HEIGHT="38" WIDTH="133" ID="PAG_27_ST000292" WC="1" CONTENT="quatre" STYLEREFS="TXT_26"/>
            <SP ID="PAG_27_SP000257" HPOS="4669" VPOS="3997" WIDTH="25"/>
            <String HPOS="4694" VPOS="3997" HEIGHT="45" WIDTH="104" ID="PAG_27_ST000293" WC="1" CONTENT="pieds" STYLEREFS="TXT_26"/>
            <SP ID="PAG_27_SP000258" HPOS="4798" VPOS="4008" WIDTH="27"/>
            <String HPOS="4825" VPOS="4008" HEIGHT="32" WIDTH="67" ID="PAG_27_ST000294" WC="1" CONTENT="par" STYLEREFS="TXT_26"/>
            <SP ID="PAG_27_SP000259" HPOS="4892" VPOS="4007" WIDTH="26"/>
            <String HPOS="4918" VPOS="4007" HEIGHT="23" WIDTH="50" ID="PAG_27_ST000295" WC="1" CONTENT="un" STYLEREFS="TXT_26"/>
            <SP ID="PAG_27_SP000260" HPOS="4968" VPOS="3995" WIDTH="27"/>
            <String HPOS="4995" VPOS="3995" HEIGHT="35" WIDTH="130" ID="PAG_27_ST000296" WC="1" CONTENT="ruban." STYLEREFS="TXT_26"/>
          </TextLine>
        </TextBlock>
        <TextBlock HPOS="4714" VPOS="4079" HEIGHT="76" WIDTH="88" ID="PAG_27_TB000017" TAGREFS="TAG_ST008" LANG="fr" STYLEREFS="TXT_21">
          <TextLine HPOS="4714" VPOS="4079" HEIGHT="76" WIDTH="88" ID="PAG_27_TL000037" STYLEREFS="TXT_21">
            <String HPOS="4714" VPOS="4079" HEIGHT="76" WIDTH="29" ID="PAG_27_ST000297" WC="1" CONTENT="Jeté" STYLEREFS="TXT_21"/>
            <SP ID="PAG_27_SP000261" HPOS="4743" VPOS="4079" WIDTH="1"/>
            <String HPOS="4743" VPOS="4079" HEIGHT="76" WIDTH="17" ID="PAG_27_ST000298" WC="1" CONTENT="de" STYLEREFS="TXT_21"/>
            <SP ID="PAG_27_SP000262" HPOS="4760" VPOS="4079" WIDTH="1"/>
            <String HPOS="4760" VPOS="4079" HEIGHT="76" WIDTH="42" ID="PAG_27_ST000299" WC="1" CONTENT="table" STYLEREFS="TXT_21"/>
          </TextLine>
        </TextBlock>
        <TextBlock HPOS="4230" VPOS="4155" HEIGHT="200" WIDTH="1414" ID="PAG_27_TB000018" LANG="fr" STYLEREFS="TXT_26">
          <TextLine HPOS="5619" VPOS="4155" HEIGHT="32" WIDTH="25" ID="PAG_27_TL000038" STYLEREFS="TXT_21">
            <String HPOS="5619" VPOS="4155" HEIGHT="32" WIDTH="25" ID="PAG_27_ST000300" WC="0.00" CONTENT="g" STYLEREFS="TXT_21"/>
          </TextLine>
          <TextLine HPOS="4231" VPOS="4197" HEIGHT="56" WIDTH="1340" ID="PAG_27_TL000039" STYLEREFS="TXT_26">
            <String HPOS="4231" VPOS="4206" HEIGHT="38" WIDTH="36" ID="PAG_27_ST000301" WC="0.67" CONTENT="*" STYLEREFS="TXT_21"/>
            <SP ID="PAG_27_SP000263" HPOS="4267" VPOS="4210" WIDTH="14"/>
            <String HPOS="4281" VPOS="4210" HEIGHT="34" WIDTH="106" ID="PAG_27_ST000302" WC="1" CONTENT="Avec" STYLEREFS="TXT_26"/>
            <SP ID="PAG_27_SP000264" HPOS="4387" VPOS="4215" WIDTH="24"/>
            <String HPOS="4411" VPOS="4215" HEIGHT="38" WIDTH="133" ID="PAG_27_ST000303" WC="1" CONTENT="quatre" STYLEREFS="TXT_26"/>
            <SP ID="PAG_27_SP000265" HPOS="4544" VPOS="4207" WIDTH="25"/>
            <String HPOS="4569" VPOS="4207" HEIGHT="36" WIDTH="136" ID="PAG_27_ST000304" WC="0.91" CONTENT="motifs," STYLEREFS="TXT_26"/>
            <SP ID="PAG_27_SP000266" HPOS="4705" VPOS="4204" WIDTH="22"/>
            <String HPOS="4727" VPOS="4204" HEIGHT="43" WIDTH="214" ID="PAG_27_ST000305" WC="1" CONTENT="assemblés," STYLEREFS="TXT_26"/>
            <SP ID="PAG_27_SP000267" HPOS="4941" VPOS="4215" WIDTH="26"/>
            <String HPOS="4967" VPOS="4215" HEIGHT="24" WIDTH="94" ID="PAG_27_ST000306" WC="1" CONTENT="vous" STYLEREFS="TXT_26"/>
            <SP ID="PAG_27_SP000268" HPOS="5061" VPOS="4202" WIDTH="27"/>
            <String HPOS="5088" VPOS="4202" HEIGHT="35" WIDTH="113" ID="PAG_27_ST000307" WC="1" CONTENT="faites" STYLEREFS="TXT_26"/>
            <SP ID="PAG_27_SP000269" HPOS="5201" VPOS="4213" WIDTH="26"/>
            <String HPOS="5227" VPOS="4213" HEIGHT="22" WIDTH="49" ID="PAG_27_ST000308" WC="1" CONTENT="un" STYLEREFS="TXT_26"/>
            <SP ID="PAG_27_SP000270" HPOS="5276" VPOS="4199" WIDTH="25"/>
            <String HPOS="5301" VPOS="4199" HEIGHT="45" WIDTH="78" ID="PAG_27_ST000309" WC="1" CONTENT="jeté" STYLEREFS="TXT_26"/>
            <SP ID="PAG_27_SP000271" HPOS="5379" VPOS="4200" WIDTH="25"/>
            <String HPOS="5404" VPOS="4200" HEIGHT="33" WIDTH="44" ID="PAG_27_ST000310" WC="1" CONTENT="de" STYLEREFS="TXT_26"/>
            <SP ID="PAG_27_SP000272" HPOS="5448" VPOS="4197" WIDTH="26"/>
            <String HPOS="5474" VPOS="4197" HEIGHT="35" WIDTH="97" ID="PAG_27_ST000311" WC="1" CONTENT="table" STYLEREFS="TXT_26"/>
          </TextLine>
          <TextLine HPOS="4230" VPOS="4256" HEIGHT="47" WIDTH="1414" ID="PAG_27_TL000040" STYLEREFS="TXT_26">
            <String HPOS="4230" VPOS="4260" HEIGHT="35" WIDTH="144" ID="PAG_27_ST000312" WC="1" CONTENT="bariolé" STYLEREFS="TXT_26"/>
            <SP ID="PAG_27_SP000273" HPOS="4374" VPOS="4267" WIDTH="30"/>
            <String HPOS="4404" VPOS="4267" HEIGHT="28" WIDTH="34" ID="PAG_27_ST000313" WC="1" CONTENT="et" STYLEREFS="TXT_26"/>
            <SP ID="PAG_27_SP000274" HPOS="4438" VPOS="4260" WIDTH="32"/>
            <String HPOS="4470" VPOS="4260" HEIGHT="34" WIDTH="208" ID="PAG_27_ST000314" WC="1" CONTENT="charmant." STYLEREFS="TXT_26"/>
            <SP ID="PAG_27_SP000275" HPOS="4678" VPOS="4259" WIDTH="32"/>
            <String HPOS="4710" VPOS="4259" HEIGHT="34" WIDTH="106" ID="PAG_27_ST000315" WC="1" CONTENT="Vous" STYLEREFS="TXT_26"/>
            <SP ID="PAG_27_SP000276" HPOS="4816" VPOS="4256" WIDTH="30"/>
            <String HPOS="4846" VPOS="4256" HEIGHT="35" WIDTH="161" ID="PAG_27_ST000316" WC="1" CONTENT="bâtissez" STYLEREFS="TXT_26"/>
            <SP ID="PAG_27_SP000277" HPOS="5007" VPOS="4266" WIDTH="30"/>
            <String HPOS="5037" VPOS="4266" HEIGHT="23" WIDTH="41" ID="PAG_27_ST000317" WC="1" CONTENT="ce" STYLEREFS="TXT_26"/>
            <SP ID="PAG_27_SP000278" HPOS="5078" VPOS="4264" WIDTH="31"/>
            <String HPOS="5109" VPOS="4264" HEIGHT="33" WIDTH="193" ID="PAG_27_ST000318" WC="1" CONTENT="napperon" STYLEREFS="TXT_26"/>
            <SP ID="PAG_27_SP000279" HPOS="5302" VPOS="4256" WIDTH="31"/>
            <String HPOS="5333" VPOS="4256" HEIGHT="30" WIDTH="235" ID="PAG_27_ST000319" WC="1" CONTENT="exactement" STYLEREFS="TXT_26"/>
            <SP ID="PAG_27_SP000280" HPOS="5568" VPOS="4277" WIDTH="71"/>
            <String HPOS="5639" VPOS="4277" HEIGHT="26" WIDTH="5" ID="PAG_27_ST000320" WC="0.29" CONTENT="(" STYLEREFS="TXT_26"/>
          </TextLine>
          <TextLine HPOS="4231" VPOS="4304" HEIGHT="51" WIDTH="904" ID="PAG_27_TL000041" STYLEREFS="TXT_26">
            <String HPOS="4231" VPOS="4313" HEIGHT="34" WIDTH="44" ID="PAG_27_ST000321" WC="1" CONTENT="de" STYLEREFS="TXT_26"/>
            <SP ID="PAG_27_SP000281" HPOS="4275" VPOS="4312" WIDTH="25"/>
            <String HPOS="4300" VPOS="4312" HEIGHT="34" WIDTH="35" ID="PAG_27_ST000322" WC="1" CONTENT="la" STYLEREFS="TXT_26"/>
            <SP ID="PAG_27_SP000282" HPOS="4335" VPOS="4311" WIDTH="24"/>
            <String HPOS="4359" VPOS="4311" HEIGHT="35" WIDTH="119" ID="PAG_27_ST000323" WC="1" CONTENT="même" STYLEREFS="TXT_26"/>
            <SP ID="PAG_27_SP000283" HPOS="4478" VPOS="4311" WIDTH="26"/>
            <String HPOS="4504" VPOS="4311" HEIGHT="44" WIDTH="114" ID="PAG_27_ST000324" WC="1" CONTENT="façon" STYLEREFS="TXT_26"/>
            <SP ID="PAG_27_SP000284" HPOS="4618" VPOS="4322" WIDTH="24"/>
            <String HPOS="4642" VPOS="4322" HEIGHT="32" WIDTH="70" ID="PAG_27_ST000325" WC="1" CONTENT="que" STYLEREFS="TXT_26"/>
            <SP ID="PAG_27_SP000285" HPOS="4712" VPOS="4309" WIDTH="25"/>
            <String HPOS="4737" VPOS="4309" HEIGHT="35" WIDTH="144" ID="PAG_27_ST000326" WC="1" CONTENT="chacun" STYLEREFS="TXT_26"/>
            <SP ID="PAG_27_SP000286" HPOS="4881" VPOS="4307" WIDTH="25"/>
            <String HPOS="4906" VPOS="4307" HEIGHT="35" WIDTH="64" ID="PAG_27_ST000327" WC="1" CONTENT="des" STYLEREFS="TXT_26"/>
            <SP ID="PAG_27_SP000287" HPOS="4970" VPOS="4304" WIDTH="25"/>
            <String HPOS="4995" VPOS="4304" HEIGHT="37" WIDTH="140" ID="PAG_27_ST000328" WC="1" CONTENT="carrés." STYLEREFS="TXT_26"/>
          </TextLine>
        </TextBlock>
        <TextBlock HPOS="4650" VPOS="4389" HEIGHT="87" WIDTH="424" ID="PAG_27_TB000019" TAGREFS="TAG_ST009" LANG="fr" STYLEREFS="TXT_21">
          <TextLine HPOS="4650" VPOS="4389" HEIGHT="87" WIDTH="424" ID="PAG_27_TL000042" STYLEREFS="TXT_21">
            <String HPOS="4650" VPOS="4393" HEIGHT="62" WIDTH="142" ID="PAG_27_ST000329" WC="1" CONTENT="Carré" STYLEREFS="TXT_21"/>
            <SP ID="PAG_27_SP000288" HPOS="4792" VPOS="4410" WIDTH="26"/>
            <String HPOS="4818" VPOS="4410" HEIGHT="44" WIDTH="41" ID="PAG_27_ST000330" WC="1" CONTENT="et" STYLEREFS="TXT_21"/>
            <SP ID="PAG_27_SP000289" HPOS="4859" VPOS="4389" WIDTH="18"/>
            <String HPOS="4877" VPOS="4389" HEIGHT="87" WIDTH="197" ID="PAG_27_ST000331" WC="1" CONTENT="pochette" STYLEREFS="TXT_21"/>
          </TextLine>
        </TextBlock>
        <TextBlock HPOS="4227" VPOS="4510" HEIGHT="97" WIDTH="1372" ID="PAG_27_TB000020" LANG="fr" STYLEREFS="TXT_26">
          <TextLine HPOS="4227" VPOS="4510" HEIGHT="51" WIDTH="1372" ID="PAG_27_TL000043" STYLEREFS="TXT_26">
            <String HPOS="4227" VPOS="4519" HEIGHT="38" WIDTH="37" ID="PAG_27_ST000332" WC="0.67" CONTENT="*" STYLEREFS="TXT_21"/>
            <SP ID="PAG_27_SP000290" HPOS="4264" VPOS="4522" WIDTH="19"/>
            <String HPOS="4283" VPOS="4522" HEIGHT="34" WIDTH="50" ID="PAG_27_ST000333" WC="1" CONTENT="Le" STYLEREFS="TXT_26"/>
            <SP ID="PAG_27_SP000291" HPOS="4333" VPOS="4519" WIDTH="30"/>
            <String HPOS="4363" VPOS="4519" HEIGHT="36" WIDTH="107" ID="PAG_27_ST000334" WC="1" CONTENT="carré" STYLEREFS="TXT_26"/>
            <SP ID="PAG_27_SP000292" HPOS="4470" VPOS="4530" WIDTH="30"/>
            <String HPOS="4500" VPOS="4530" HEIGHT="23" WIDTH="63" ID="PAG_27_ST000335" WC="1" CONTENT="sur" STYLEREFS="TXT_26"/>
            <SP ID="PAG_27_SP000293" HPOS="4563" VPOS="4517" WIDTH="29"/>
            <String HPOS="4592" VPOS="4517" HEIGHT="44" WIDTH="120" ID="PAG_27_ST000336" WC="1" CONTENT="lequel" STYLEREFS="TXT_26"/>
            <SP ID="PAG_27_SP000294" HPOS="4712" VPOS="4527" WIDTH="28"/>
            <String HPOS="4740" VPOS="4527" HEIGHT="33" WIDTH="110" ID="PAG_27_ST000337" WC="1" CONTENT="poser" STYLEREFS="TXT_26"/>
            <SP ID="PAG_27_SP000295" HPOS="4850" VPOS="4514" WIDTH="30"/>
            <String HPOS="4880" VPOS="4514" HEIGHT="36" WIDTH="178" ID="PAG_27_ST000338" WC="1" CONTENT="l'assiette" STYLEREFS="TXT_26"/>
            <SP ID="PAG_27_SP000296" HPOS="5058" VPOS="4524" WIDTH="31"/>
            <String HPOS="5089" VPOS="4524" HEIGHT="23" WIDTH="83" ID="PAG_27_ST000339" WC="1" CONTENT="sera" STYLEREFS="TXT_26"/>
            <SP ID="PAG_27_SP000297" HPOS="5172" VPOS="4511" WIDTH="30"/>
            <String HPOS="5202" VPOS="4511" HEIGHT="35" WIDTH="136" ID="PAG_27_ST000340" WC="1" CONTENT="assorti" STYLEREFS="TXT_26"/>
            <SP ID="PAG_27_SP000298" HPOS="5338" VPOS="4510" WIDTH="31"/>
            <String HPOS="5369" VPOS="4510" HEIGHT="34" WIDTH="109" ID="PAG_27_ST000341" WC="1" CONTENT="d'une" STYLEREFS="TXT_26"/>
            <SP ID="PAG_27_SP000299" HPOS="5478" VPOS="4520" WIDTH="29"/>
            <String HPOS="5507" VPOS="4520" HEIGHT="32" WIDTH="62" ID="PAG_27_ST000342" WC="1" CONTENT="po-" SUBS_TYPE="HypPart1" SUBS_CONTENT="pochette" STYLEREFS="TXT_26"/>
            <HYP HPOS="5569" VPOS="4552" WIDTH="30" CONTENT="-"/>
          </TextLine>
          <TextLine HPOS="4227" VPOS="4561" HEIGHT="46" WIDTH="1333" ID="PAG_27_TL000044" STYLEREFS="TXT_26">
            <String HPOS="4227" VPOS="4573" HEIGHT="34" WIDTH="122" ID="PAG_27_ST000343" WC="1" CONTENT="chette" SUBS_TYPE="HypPart2" SUBS_CONTENT="pochette" STYLEREFS="TXT_26"/>
            <SP ID="PAG_27_SP000300" HPOS="4349" VPOS="4571" WIDTH="26"/>
            <String HPOS="4375" VPOS="4571" HEIGHT="34" WIDTH="21" ID="PAG_27_ST000344" WC="1" CONTENT="à" STYLEREFS="TXT_26"/>
            <SP ID="PAG_27_SP000301" HPOS="4396" VPOS="4570" WIDTH="26"/>
            <String HPOS="4422" VPOS="4570" HEIGHT="35" WIDTH="178" ID="PAG_27_ST000345" WC="1" CONTENT="serviette" STYLEREFS="TXT_26"/>
            <SP ID="PAG_27_SP000302" HPOS="4600" VPOS="4568" WIDTH="26"/>
            <String HPOS="4626" VPOS="4568" HEIGHT="35" WIDTH="157" ID="PAG_27_ST000346" WC="1" CONTENT="décorée" STYLEREFS="TXT_26"/>
            <SP ID="PAG_27_SP000303" HPOS="4783" VPOS="4568" WIDTH="26"/>
            <String HPOS="4809" VPOS="4568" HEIGHT="33" WIDTH="45" ID="PAG_27_ST000347" WC="1" CONTENT="de" STYLEREFS="TXT_26"/>
            <SP ID="PAG_27_SP000304" HPOS="4854" VPOS="4565" WIDTH="27"/>
            <String HPOS="4881" VPOS="4565" HEIGHT="35" WIDTH="136" ID="PAG_27_ST000348" WC="1" CONTENT="l'étoile" STYLEREFS="TXT_26"/>
            <SP ID="PAG_27_SP000305" HPOS="5017" VPOS="4564" WIDTH="26"/>
            <String HPOS="5043" VPOS="4564" HEIGHT="35" WIDTH="165" ID="PAG_27_ST000349" WC="1" CONTENT="centrale" STYLEREFS="TXT_26"/>
            <SP ID="PAG_27_SP000306" HPOS="5208" VPOS="4563" WIDTH="26"/>
            <String HPOS="5234" VPOS="4563" HEIGHT="34" WIDTH="44" ID="PAG_27_ST000350" WC="1" CONTENT="de" STYLEREFS="TXT_26"/>
            <SP ID="PAG_27_SP000307" HPOS="5278" VPOS="4568" WIDTH="27"/>
            <String HPOS="5305" VPOS="4568" HEIGHT="28" WIDTH="107" ID="PAG_27_ST000351" WC="1" CONTENT="notre" STYLEREFS="TXT_26"/>
            <SP ID="PAG_27_SP000308" HPOS="5412" VPOS="4561" WIDTH="26"/>
            <String HPOS="5438" VPOS="4561" HEIGHT="34" WIDTH="122" ID="PAG_27_ST000352" WC="1" CONTENT="motif." STYLEREFS="TXT_26"/>
          </TextLine>
        </TextBlock>
        <Illustration ID="PAG_27_IL000003" HPOS="5819" VPOS="190" HEIGHT="1371" WIDTH="1424"/>
        <Illustration ID="PAG_27_IL000004" HPOS="5655" VPOS="1561" HEIGHT="3197" WIDTH="1689"/>
      </PrintSpace>
    </Page>
  </Layout>
</alto>