<?xml version="1.0" encoding="UTF-8"?>
<alto xmlns="http://www.loc.gov/standards/alto/ns-v3#" xmlns:xsi="http://www.w3.org/2001/XMLSchema-instance" SCHEMAVERSION="alto_bnf-v2_0" xsi:schemaLocation="http://www.loc.gov/standards/alto/ns-v3# http://bibnum.bnf.fr/schema/alto_bnf-v2_0.xsd" xmlns:xlink="http://www.w3.org/TR/xlink">
  <Description>
    <MeasurementUnit>pixel</MeasurementUnit>
    <sourceImageInformation>
      <fileName>00000020.jp2</fileName>
      <fileIdentifier>ark:/12148/bpt6k4701034k/f20</fileIdentifier>
      <documentIdentifier documentIdentifierLocation="NUM">4701034</documentIdentifier>
    </sourceImageInformation>
    <OCRProcessing ID="OCR_1">
      <ocrProcessingStep>
        <processingDateTime>2019-01-29</processingDateTime>
        <processingStepDescription>[001_OCR_BRUT]OCR BRUT 98.38 %</processingStepDescription>
        <processingStepDescription>[002_CHARS]{539}</processingStepDescription>
        <processingStepDescription>[003_CHARS_USED]{11}</processingStepDescription>
        <processingStepDescription>[004_CHARS_SUSPECTS_USED]{0}</processingStepDescription>
        <processingStepDescription>[005_CHARS_UNUSED]{528}</processingStepDescription>
        <processingStepDescription>[006_CHARS_SUSPECTS_UNUSED]{0}</processingStepDescription>
        <processingStepDescription>[007_STRINGS]{132}</processingStepDescription>
        <processingStepDescription>[008_STRINGS_USED]{2}</processingStepDescription>
        <processingStepDescription>[009_STRINGS_SUSPECTS_UNUSED]{0}</processingStepDescription>
        <processingStepDescription>[010_CHARS_LETTERS]{490}</processingStepDescription>
        <processingStepDescription>[011_CHARS_PUNCTUATION]{25}</processingStepDescription>
        <processingStepDescription>[012_CHARS_DIGITS]{22}</processingStepDescription>
        <processingStepDescription>[013_CHARS_SUSPECT]{0}</processingStepDescription>
        <processingStepDescription>[022_CHARS_UNUSED_BY_BLOCK]{0}</processingStepDescription>
        <processingStepDescription>[023_BLOCKS_SUSPECTS]{0}</processingStepDescription>
        <processingStepDescription>[111_LIGS_DETECTED_CURV]{0}</processingStepDescription>
      </ocrProcessingStep>
    </OCRProcessing>
  </Description>
  <Styles>
    <TextStyle FONTSIZE="5" ID="TXT_2" FONTFAMILY="Arial"/>
    <TextStyle FONTSIZE="4" ID="TXT_7" FONTFAMILY="Arial"/>
    <TextStyle FONTSIZE="6" ID="TXT_14" FONTFAMILY="Arial"/>
    <TextStyle FONTSIZE="54" ID="TXT_38" FONTFAMILY="Arial"/>
  </Styles>
  <Tags>
    <StructureTag DESCRIPTION="LES COSTUMES" TYPE="Structural" ID="TAG_ST001" LABEL="title"/>
  </Tags>
  <Layout>
    <Page ID="PAG_20" HEIGHT="5013" WIDTH="7551" PHYSICAL_IMG_NR="20" QUALITY="OK" ACCURACY="99.91">
      <PrintSpace HPOS="243" VPOS="137" HEIGHT="4632" WIDTH="7090" ID="PAG_20_PrintSpace">
        <ComposedBlock ID="PAG_20_CB000001" HPOS="243" VPOS="137" HEIGHT="4632" WIDTH="7090">
        <TextBlock HPOS="5464" VPOS="384" HEIGHT="232" WIDTH="1184" ID="PAG_20_TB000001" TAGREFS="TAG_ST001" LANG="fr" STYLEREFS="TXT_38">
          <TextLine HPOS="5464" VPOS="384" HEIGHT="232" WIDTH="1184" ID="PAG_20_TL000001" STYLEREFS="TXT_38">
            <String HPOS="5464" VPOS="384" HEIGHT="224" WIDTH="248" ID="PAG_20_ST000001" WC="1" CONTENT="LES" STYLEREFS="TXT_38"/>
            <SP ID="PAG_20_SP000001" HPOS="5712" VPOS="384" WIDTH="144"/>
            <String HPOS="5856" VPOS="384" HEIGHT="232" WIDTH="792" ID="PAG_20_ST000002" WC="1" CONTENT="COSTUMES" STYLEREFS="TXT_38"/>
          </TextLine>
        </TextBlock>
        <Illustration ID="PAG_20_IL000001" HPOS="243" VPOS="137" HEIGHT="4632" WIDTH="5364"/>
        <TextBlock HPOS="6022" VPOS="747" HEIGHT="227" WIDTH="1231" ID="PAG_20_TB000002" LANG="fr" STYLEREFS="TXT_14">
          <TextLine HPOS="6023" VPOS="747" HEIGHT="39" WIDTH="1197" ID="PAG_20_TL000002" STYLEREFS="TXT_14">
            <String HPOS="6023" VPOS="747" HEIGHT="32" WIDTH="44" ID="PAG_20_ST000003" WC="1" CONTENT="LE" STYLEREFS="TXT_14"/>
            <SP ID="PAG_20_SP000002" HPOS="6067" VPOS="747" WIDTH="20"/>
            <String HPOS="6087" VPOS="747" HEIGHT="36" WIDTH="218" ID="PAG_20_ST000004" WC="1" CONTENT="COSTUME." STYLEREFS="TXT_14"/>
            <SP ID="PAG_20_SP000003" HPOS="6305" VPOS="748" WIDTH="20"/>
            <String HPOS="6325" VPOS="748" HEIGHT="32" WIDTH="103" ID="PAG_20_ST000005" WC="1" CONTENT="JUPE" STYLEREFS="TXT_14"/>
            <SP ID="PAG_20_SP000004" HPOS="6428" VPOS="749" WIDTH="20"/>
            <String HPOS="6448" VPOS="749" HEIGHT="32" WIDTH="49" ID="PAG_20_ST000006" WC="1" CONTENT="ET" STYLEREFS="TXT_14"/>
            <SP ID="PAG_20_SP000005" HPOS="6497" VPOS="748" WIDTH="22"/>
            <String HPOS="6519" VPOS="748" HEIGHT="38" WIDTH="131" ID="PAG_20_ST000007" WC="1" CONTENT="VESTE." STYLEREFS="TXT_14"/>
            <SP ID="PAG_20_SP000006" HPOS="6650" VPOS="749" WIDTH="22"/>
            <String HPOS="6672" VPOS="749" HEIGHT="33" WIDTH="72" ID="PAG_20_ST000008" WC="1" CONTENT="EST" STYLEREFS="TXT_14"/>
            <SP ID="PAG_20_SP000007" HPOS="6744" VPOS="751" WIDTH="20"/>
            <String HPOS="6764" VPOS="751" HEIGHT="31" WIDTH="49" ID="PAG_20_ST000009" WC="1" CONTENT="LA" STYLEREFS="TXT_14"/>
            <SP ID="PAG_20_SP000008" HPOS="6813" VPOS="750" WIDTH="25"/>
            <String HPOS="6838" VPOS="750" HEIGHT="33" WIDTH="190" ID="PAG_20_ST000010" WC="1" CONTENT="TOILETTE" STYLEREFS="TXT_14"/>
            <SP ID="PAG_20_SP000009" HPOS="7028" VPOS="751" WIDTH="22"/>
            <String HPOS="7050" VPOS="751" HEIGHT="32" WIDTH="49" ID="PAG_20_ST000011" WC="0.65" CONTENT="lA" STYLEREFS="TXT_14"/>
            <SP ID="PAG_20_SP000010" HPOS="7099" VPOS="751" WIDTH="23"/>
            <String HPOS="7122" VPOS="751" HEIGHT="34" WIDTH="98" ID="PAG_20_ST000012" WC="1" CONTENT="PLUS" STYLEREFS="TXT_14"/>
          </TextLine>
          <TextLine HPOS="6024" VPOS="808" HEIGHT="39" WIDTH="1229" ID="PAG_20_TL000003" STYLEREFS="TXT_14">
            <String HPOS="6024" VPOS="808" HEIGHT="39" WIDTH="209" ID="PAG_20_ST000013" WC="1" CONTENT="PRATIQUE" STYLEREFS="TXT_14"/>
            <SP ID="PAG_20_SP000011" HPOS="6233" VPOS="810" WIDTH="24"/>
            <String HPOS="6257" VPOS="810" HEIGHT="32" WIDTH="112" ID="PAG_20_ST000014" WC="1" CONTENT="POUR" STYLEREFS="TXT_14"/>
            <SP ID="PAG_20_SP000012" HPOS="6369" VPOS="811" WIDTH="27"/>
            <String HPOS="6396" VPOS="811" HEIGHT="32" WIDTH="44" ID="PAG_20_ST000015" WC="1" CONTENT="LE" STYLEREFS="TXT_14"/>
            <SP ID="PAG_20_SP000013" HPOS="6440" VPOS="811" WIDTH="24"/>
            <String HPOS="6464" VPOS="811" HEIGHT="32" WIDTH="132" ID="PAG_20_ST000016" WC="1" CONTENT="DEBUT" STYLEREFS="TXT_14"/>
            <SP ID="PAG_20_SP000014" HPOS="6596" VPOS="812" WIDTH="22"/>
            <String HPOS="6618" VPOS="812" HEIGHT="32" WIDTH="56" ID="PAG_20_ST000017" WC="1" CONTENT="DU" STYLEREFS="TXT_14"/>
            <SP ID="PAG_20_SP000015" HPOS="6674" VPOS="813" WIDTH="25"/>
            <String HPOS="6699" VPOS="813" HEIGHT="33" WIDTH="244" ID="PAG_20_ST000018" WC="1" CONTENT="PRINTEMPS." STYLEREFS="TXT_14"/>
            <SP ID="PAG_20_SP000016" HPOS="6943" VPOS="814" WIDTH="25"/>
            <String HPOS="6968" VPOS="814" HEIGHT="32" WIDTH="36" ID="PAG_20_ST000019" WC="1" CONTENT="IL" STYLEREFS="TXT_14"/>
            <SP ID="PAG_20_SP000017" HPOS="7004" VPOS="815" WIDTH="23"/>
            <String HPOS="7027" VPOS="815" HEIGHT="32" WIDTH="73" ID="PAG_20_ST000020" WC="1" CONTENT="EST" STYLEREFS="TXT_14"/>
            <SP ID="PAG_20_SP000018" HPOS="7100" VPOS="815" WIDTH="23"/>
            <String HPOS="7123" VPOS="815" HEIGHT="32" WIDTH="100" ID="PAG_20_ST000021" WC="1" CONTENT="TOU." SUBS_TYPE="HypPart1" SUBS_CONTENT="TOU.JOURS" STYLEREFS="TXT_14"/>
            <HYP HPOS="7223" VPOS="847" WIDTH="30" CONTENT="-"/>
          </TextLine>
          <TextLine HPOS="6022" VPOS="872" HEIGHT="39" WIDTH="1201" ID="PAG_20_TL000004" STYLEREFS="TXT_14">
            <String HPOS="6022" VPOS="872" HEIGHT="32" WIDTH="138" ID="PAG_20_ST000022" WC="1" CONTENT="JOURS" SUBS_TYPE="HypPart2" SUBS_CONTENT="TOU.JOURS" STYLEREFS="TXT_14"/>
            <SP ID="PAG_20_SP000019" HPOS="6160" VPOS="872" WIDTH="22"/>
            <String HPOS="6182" VPOS="872" HEIGHT="32" WIDTH="131" ID="PAG_20_ST000023" WC="1" CONTENT="ASSEZ" STYLEREFS="TXT_14"/>
            <SP ID="PAG_20_SP000020" HPOS="6313" VPOS="873" WIDTH="20"/>
            <String HPOS="6333" VPOS="873" HEIGHT="34" WIDTH="195" ID="PAG_20_ST000024" WC="1" CONTENT="ELEGANT" STYLEREFS="TXT_14"/>
            <SP ID="PAG_20_SP000021" HPOS="6528" VPOS="873" WIDTH="19"/>
            <String HPOS="6547" VPOS="873" HEIGHT="34" WIDTH="112" ID="PAG_20_ST000025" WC="1" CONTENT="SANS" STYLEREFS="TXT_14"/>
            <SP ID="PAG_20_SP000022" HPOS="6659" VPOS="875" WIDTH="23"/>
            <String HPOS="6682" VPOS="875" HEIGHT="33" WIDTH="132" ID="PAG_20_ST000026" WC="1" CONTENT="L'ETRE" STYLEREFS="TXT_14"/>
            <SP ID="PAG_20_SP000023" HPOS="6814" VPOS="875" WIDTH="19"/>
            <String HPOS="6833" VPOS="875" HEIGHT="34" WIDTH="163" ID="PAG_20_ST000027" WC="1" CONTENT="JAMAIS" STYLEREFS="TXT_14"/>
            <SP ID="PAG_20_SP000024" HPOS="6996" VPOS="887" WIDTH="22"/>
            <String HPOS="7018" VPOS="887" HEIGHT="22" WIDTH="21" ID="PAG_20_ST000028" WC="1" CONTENT="«" STYLEREFS="TXT_14"/>
            <SP ID="PAG_20_SP000025" HPOS="7039" VPOS="878" WIDTH="23"/>
            <String HPOS="7062" VPOS="878" HEIGHT="33" WIDTH="107" ID="PAG_20_ST000029" WC="1" CONTENT="TROP" STYLEREFS="TXT_14"/>
            <SP ID="PAG_20_SP000026" HPOS="7169" VPOS="889" WIDTH="22"/>
            <String HPOS="7191" VPOS="889" HEIGHT="22" WIDTH="32" ID="PAG_20_ST000030" WC="0.98" CONTENT="»." STYLEREFS="TXT_14"/>
          </TextLine>
          <TextLine HPOS="6026" VPOS="935" HEIGHT="39" WIDTH="1198" ID="PAG_20_TL000005" STYLEREFS="TXT_14">
            <String HPOS="6026" VPOS="935" HEIGHT="32" WIDTH="35" ID="PAG_20_ST000031" WC="1" CONTENT="IL" STYLEREFS="TXT_14"/>
            <SP ID="PAG_20_SP000027" HPOS="6061" VPOS="935" WIDTH="24"/>
            <String HPOS="6085" VPOS="935" HEIGHT="32" WIDTH="109" ID="PAG_20_ST000032" WC="1" CONTENT="FAUT" STYLEREFS="TXT_14"/>
            <SP ID="PAG_20_SP000028" HPOS="6194" VPOS="935" WIDTH="23"/>
            <String HPOS="6217" VPOS="935" HEIGHT="32" WIDTH="111" ID="PAG_20_ST000033" WC="1" CONTENT="VOUS" STYLEREFS="TXT_14"/>
            <SP ID="PAG_20_SP000029" HPOS="6328" VPOS="936" WIDTH="24"/>
            <String HPOS="6352" VPOS="936" HEIGHT="32" WIDTH="53" ID="PAG_20_ST000034" WC="1" CONTENT="EN" STYLEREFS="TXT_14"/>
            <SP ID="PAG_20_SP000030" HPOS="6405" VPOS="936" WIDTH="25"/>
            <String HPOS="6430" VPOS="936" HEIGHT="33" WIDTH="119" ID="PAG_20_ST000035" WC="1" CONTENT="FAIRE" STYLEREFS="TXT_14"/>
            <SP ID="PAG_20_SP000031" HPOS="6549" VPOS="937" WIDTH="23"/>
            <String HPOS="6572" VPOS="937" HEIGHT="33" WIDTH="118" ID="PAG_20_ST000036" WC="1" CONTENT="FAIRE" STYLEREFS="TXT_14"/>
            <SP ID="PAG_20_SP000032" HPOS="6690" VPOS="938" WIDTH="25"/>
            <String HPOS="6715" VPOS="938" HEIGHT="32" WIDTH="57" ID="PAG_20_ST000037" WC="1" CONTENT="UN" STYLEREFS="TXT_14"/>
            <SP ID="PAG_20_SP000033" HPOS="6772" VPOS="938" WIDTH="23"/>
            <String HPOS="6795" VPOS="938" HEIGHT="34" WIDTH="112" ID="PAG_20_ST000038" WC="1" CONTENT="SANS" STYLEREFS="TXT_14"/>
            <SP ID="PAG_20_SP000034" HPOS="6907" VPOS="939" WIDTH="24"/>
            <String HPOS="6931" VPOS="939" HEIGHT="33" WIDTH="100" ID="PAG_20_ST000039" WC="1" CONTENT="PLUS" STYLEREFS="TXT_14"/>
            <SP ID="PAG_20_SP000035" HPOS="7031" VPOS="940" WIDTH="25"/>
            <String HPOS="7056" VPOS="940" HEIGHT="34" WIDTH="168" ID="PAG_20_ST000040" WC="1" CONTENT="TARDER." STYLEREFS="TXT_14"/>
          </TextLine>
        </TextBlock>
        <TextBlock HPOS="6012" VPOS="1030" HEIGHT="330" WIDTH="1205" ID="PAG_20_TB000003" LANG="fr" STYLEREFS="TXT_2">
          <TextLine HPOS="6016" VPOS="1030" HEIGHT="50" WIDTH="1200" ID="PAG_20_TL000006" STYLEREFS="TXT_2">
            <String HPOS="6016" VPOS="1030" HEIGHT="40" WIDTH="39" ID="PAG_20_ST000041" WC="0.93" CONTENT="^" STYLEREFS="TXT_14"/>
            <SP ID="PAG_20_SP000036" HPOS="6055" VPOS="1033" WIDTH="25"/>
            <String HPOS="6080" VPOS="1033" HEIGHT="31" WIDTH="39" ID="PAG_20_ST000042" WC="1" CONTENT="La" STYLEREFS="TXT_2"/>
            <SP ID="PAG_20_SP000037" HPOS="6119" VPOS="1039" WIDTH="30"/>
            <String HPOS="6149" VPOS="1039" HEIGHT="27" WIDTH="83" ID="PAG_20_ST000043" WC="1" CONTENT="veste" STYLEREFS="TXT_2"/>
            <SP ID="PAG_20_SP000038" HPOS="6232" VPOS="1036" WIDTH="31"/>
            <String HPOS="6263" VPOS="1036" HEIGHT="31" WIDTH="39" ID="PAG_20_ST000044" WC="1" CONTENT="de" STYLEREFS="TXT_2"/>
            <SP ID="PAG_20_SP000039" HPOS="6302" VPOS="1049" WIDTH="30"/>
            <String HPOS="6332" VPOS="1049" HEIGHT="19" WIDTH="36" ID="PAG_20_ST000045" WC="1" CONTENT="ce" STYLEREFS="TXT_2"/>
            <SP ID="PAG_20_SP000040" HPOS="6368" VPOS="1042" WIDTH="30"/>
            <String HPOS="6398" VPOS="1042" HEIGHT="29" WIDTH="135" ID="PAG_20_ST000046" WC="1" CONTENT="costume" STYLEREFS="TXT_2"/>
            <SP ID="PAG_20_SP000041" HPOS="6533" VPOS="1044" WIDTH="30"/>
            <String HPOS="6563" VPOS="1044" HEIGHT="28" WIDTH="45" ID="PAG_20_ST000047" WC="0.99" CONTENT="est" STYLEREFS="TXT_2"/>
            <SP ID="PAG_20_SP000042" HPOS="6608" VPOS="1046" WIDTH="30"/>
            <String HPOS="6638" VPOS="1046" HEIGHT="29" WIDTH="148" ID="PAG_20_ST000048" WC="0.99" CONTENT="exécutée" STYLEREFS="TXT_2"/>
            <SP ID="PAG_20_SP000043" HPOS="6786" VPOS="1057" WIDTH="30"/>
            <String HPOS="6816" VPOS="1057" HEIGHT="19" WIDTH="35" ID="PAG_20_ST000049" WC="1" CONTENT="en" STYLEREFS="TXT_2"/>
            <SP ID="PAG_20_SP000044" HPOS="6851" VPOS="1058" WIDTH="32"/>
            <String HPOS="6883" VPOS="1058" HEIGHT="18" WIDTH="35" ID="PAG_20_ST000050" WC="1" CONTENT="un" STYLEREFS="TXT_2"/>
            <SP ID="PAG_20_SP000045" HPOS="6918" VPOS="1048" WIDTH="30"/>
            <String HPOS="6948" VPOS="1048" HEIGHT="29" WIDTH="77" ID="PAG_20_ST000051" WC="1" CONTENT="pied" STYLEREFS="TXT_2"/>
            <SP ID="PAG_20_SP000046" HPOS="7025" VPOS="1048" WIDTH="29"/>
            <String HPOS="7054" VPOS="1048" HEIGHT="28" WIDTH="40" ID="PAG_20_ST000052" WC="0.99" CONTENT="de" STYLEREFS="TXT_2"/>
            <SP ID="PAG_20_SP000047" HPOS="7094" VPOS="1068" WIDTH="11"/>
            <String HPOS="7105" VPOS="1068" HEIGHT="5" WIDTH="7" ID="PAG_20_ST000053" WC="0.00" CONTENT="-" STYLEREFS="TXT_2"/>
            <SP ID="PAG_20_SP000048" HPOS="7112" VPOS="1051" WIDTH="10"/>
            <String HPOS="7122" VPOS="1051" HEIGHT="29" WIDTH="94" ID="PAG_20_ST000054" WC="0.99" CONTENT="poule" STYLEREFS="TXT_2"/>
          </TextLine>
          <TextLine HPOS="6015" VPOS="1079" HEIGHT="45" WIDTH="1201" ID="PAG_20_TL000007" STYLEREFS="TXT_2">
            <String HPOS="6015" VPOS="1079" HEIGHT="32" WIDTH="193" ID="PAG_20_ST000055" WC="0.99" CONTENT="multicolore" STYLEREFS="TXT_2"/>
            <SP ID="PAG_20_SP000049" HPOS="6208" VPOS="1093" WIDTH="24"/>
            <String HPOS="6232" VPOS="1093" HEIGHT="25" WIDTH="59" ID="PAG_20_ST000056" WC="1" CONTENT="que" STYLEREFS="TXT_2"/>
            <SP ID="PAG_20_SP000050" HPOS="6291" VPOS="1094" WIDTH="27"/>
            <String HPOS="6318" VPOS="1094" HEIGHT="20" WIDTH="69" ID="PAG_20_ST000057" WC="1" CONTENT="vous" STYLEREFS="TXT_2"/>
            <SP ID="PAG_20_SP000051" HPOS="6387" VPOS="1087" WIDTH="25"/>
            <String HPOS="6412" VPOS="1087" HEIGHT="29" WIDTH="155" ID="PAG_20_ST000058" WC="0.99" CONTENT="trouverez" STYLEREFS="TXT_2"/>
            <SP ID="PAG_20_SP000052" HPOS="6567" VPOS="1098" WIDTH="24"/>
            <String HPOS="6591" VPOS="1098" HEIGHT="19" WIDTH="37" ID="PAG_20_ST000059" WC="1" CONTENT="au" STYLEREFS="TXT_2"/>
            <SP ID="PAG_20_SP000053" HPOS="6628" VPOS="1088" WIDTH="24"/>
            <String HPOS="6652" VPOS="1088" HEIGHT="36" WIDTH="164" ID="PAG_20_ST000060" WC="1" CONTENT="Printemps" STYLEREFS="TXT_2"/>
            <SP ID="PAG_20_SP000054" HPOS="6816" VPOS="1102" WIDTH="24"/>
            <String HPOS="6840" VPOS="1102" HEIGHT="19" WIDTH="38" ID="PAG_20_ST000061" WC="1" CONTENT="au" STYLEREFS="TXT_2"/>
            <SP ID="PAG_20_SP000055" HPOS="6878" VPOS="1093" WIDTH="22"/>
            <String HPOS="6900" VPOS="1093" HEIGHT="31" WIDTH="67" ID="PAG_20_ST000062" WC="1" CONTENT="prix" STYLEREFS="TXT_2"/>
            <SP ID="PAG_20_SP000056" HPOS="6967" VPOS="1094" WIDTH="23"/>
            <String HPOS="6990" VPOS="1094" HEIGHT="30" WIDTH="39" ID="PAG_20_ST000063" WC="1" CONTENT="de" STYLEREFS="TXT_2"/>
            <SP ID="PAG_20_SP000057" HPOS="7029" VPOS="1096" WIDTH="25"/>
            <String HPOS="7054" VPOS="1096" HEIGHT="28" WIDTH="38" ID="PAG_20_ST000064" WC="1" CONTENT="95" STYLEREFS="TXT_2"/>
            <SP ID="PAG_20_SP000058" HPOS="7092" VPOS="1095" WIDTH="25"/>
            <String HPOS="7117" VPOS="1095" HEIGHT="29" WIDTH="99" ID="PAG_20_ST000065" WC="1" CONTENT="francs" STYLEREFS="TXT_2"/>
          </TextLine>
          <TextLine HPOS="6015" VPOS="1123" HEIGHT="48" WIDTH="1201" ID="PAG_20_TL000008" STYLEREFS="TXT_2">
            <String HPOS="6015" VPOS="1123" HEIGHT="32" WIDTH="29" ID="PAG_20_ST000066" WC="1" CONTENT="le" STYLEREFS="TXT_2"/>
            <SP ID="PAG_20_SP000059" HPOS="6044" VPOS="1126" WIDTH="22"/>
            <String HPOS="6066" VPOS="1126" HEIGHT="30" WIDTH="104" ID="PAG_20_ST000067" WC="1" CONTENT="mètre." STYLEREFS="TXT_2"/>
            <SP ID="PAG_20_SP000060" HPOS="6170" VPOS="1126" WIDTH="29"/>
            <String HPOS="6199" VPOS="1126" HEIGHT="38" WIDTH="160" ID="PAG_20_ST000068" WC="1" CONTENT="(Métrage" STYLEREFS="TXT_2"/>
            <SP ID="PAG_20_SP000061" HPOS="6359" VPOS="1130" WIDTH="22"/>
            <String HPOS="6381" VPOS="1130" HEIGHT="31" WIDTH="171" ID="PAG_20_ST000069" WC="1" CONTENT="nécessaire" STYLEREFS="TXT_2"/>
            <SP ID="PAG_20_SP000062" HPOS="6552" VPOS="1143" WIDTH="22"/>
            <String HPOS="6574" VPOS="1143" HEIGHT="19" WIDTH="9" ID="PAG_20_ST000070" WC="0.98" CONTENT=":" STYLEREFS="TXT_2"/>
            <SP ID="PAG_20_SP000063" HPOS="6583" VPOS="1134" WIDTH="26"/>
            <String HPOS="6609" VPOS="1134" HEIGHT="27" WIDTH="10" ID="PAG_20_ST000071" WC="1" CONTENT="1" STYLEREFS="TXT_2"/>
            <SP ID="PAG_20_SP000064" HPOS="6619" VPOS="1144" WIDTH="26"/>
            <String HPOS="6645" VPOS="1144" HEIGHT="20" WIDTH="35" ID="PAG_20_ST000072" WC="1" CONTENT="m." STYLEREFS="TXT_2"/>
            <SP ID="PAG_20_SP000065" HPOS="6680" VPOS="1135" WIDTH="24"/>
            <String HPOS="6704" VPOS="1135" HEIGHT="29" WIDTH="39" ID="PAG_20_ST000073" WC="1" CONTENT="30" STYLEREFS="TXT_2"/>
            <SP ID="PAG_20_SP000066" HPOS="6743" VPOS="1147" WIDTH="22"/>
            <String HPOS="6765" VPOS="1147" HEIGHT="18" WIDTH="36" ID="PAG_20_ST000074" WC="1" CONTENT="en" STYLEREFS="TXT_2"/>
            <SP ID="PAG_20_SP000067" HPOS="6801" VPOS="1137" WIDTH="28"/>
            <String HPOS="6829" VPOS="1137" HEIGHT="27" WIDTH="10" ID="PAG_20_ST000075" WC="1" CONTENT="1" STYLEREFS="TXT_2"/>
            <SP ID="PAG_20_SP000068" HPOS="6839" VPOS="1148" WIDTH="25"/>
            <String HPOS="6864" VPOS="1148" HEIGHT="19" WIDTH="35" ID="PAG_20_ST000076" WC="1" CONTENT="m." STYLEREFS="TXT_2"/>
            <SP ID="PAG_20_SP000069" HPOS="6899" VPOS="1139" WIDTH="24"/>
            <String HPOS="6923" VPOS="1139" HEIGHT="30" WIDTH="65" ID="PAG_20_ST000077" WC="1" CONTENT="40.)" STYLEREFS="TXT_2"/>
            <SP ID="PAG_20_SP000070" HPOS="6988" VPOS="1139" WIDTH="27"/>
            <String HPOS="7015" VPOS="1139" HEIGHT="29" WIDTH="40" ID="PAG_20_ST000078" WC="1" CONTENT="La" STYLEREFS="TXT_2"/>
            <SP ID="PAG_20_SP000071" HPOS="7055" VPOS="1142" WIDTH="21"/>
            <String HPOS="7076" VPOS="1142" HEIGHT="29" WIDTH="72" ID="PAG_20_ST000079" WC="0.99" CONTENT="jupe" STYLEREFS="TXT_2"/>
            <SP ID="PAG_20_SP000072" HPOS="7148" VPOS="1146" WIDTH="22"/>
            <String HPOS="7170" VPOS="1146" HEIGHT="21" WIDTH="46" ID="PAG_20_ST000080" WC="1" CONTENT="est" STYLEREFS="TXT_2"/>
          </TextLine>
          <TextLine HPOS="6016" VPOS="1170" HEIGHT="47" WIDTH="1200" ID="PAG_20_TL000009" STYLEREFS="TXT_2">
            <String HPOS="6016" VPOS="1181" HEIGHT="19" WIDTH="35" ID="PAG_20_ST000081" WC="1" CONTENT="en" STYLEREFS="TXT_2"/>
            <SP ID="PAG_20_SP000073" HPOS="6051" VPOS="1170" WIDTH="35"/>
            <String HPOS="6086" VPOS="1170" HEIGHT="38" WIDTH="125" ID="PAG_20_ST000082" WC="1" CONTENT="lainage" STYLEREFS="TXT_2"/>
            <SP ID="PAG_20_SP000074" HPOS="6211" VPOS="1174" WIDTH="31"/>
            <String HPOS="6242" VPOS="1174" HEIGHT="29" WIDTH="116" ID="PAG_20_ST000083" WC="1" CONTENT="armuré" STYLEREFS="TXT_2"/>
            <SP ID="PAG_20_SP000075" HPOS="6358" VPOS="1186" WIDTH="33"/>
            <String HPOS="6391" VPOS="1186" HEIGHT="25" WIDTH="60" ID="PAG_20_ST000084" WC="1" CONTENT="que" STYLEREFS="TXT_2"/>
            <SP ID="PAG_20_SP000076" HPOS="6451" VPOS="1187" WIDTH="33"/>
            <String HPOS="6484" VPOS="1187" HEIGHT="20" WIDTH="69" ID="PAG_20_ST000085" WC="1" CONTENT="vous" STYLEREFS="TXT_2"/>
            <SP ID="PAG_20_SP000077" HPOS="6553" VPOS="1181" WIDTH="34"/>
            <String HPOS="6587" VPOS="1181" HEIGHT="29" WIDTH="153" ID="PAG_20_ST000086" WC="1" CONTENT="trouverez" STYLEREFS="TXT_2"/>
            <SP ID="PAG_20_SP000078" HPOS="6740" VPOS="1182" WIDTH="33"/>
            <String HPOS="6773" VPOS="1182" HEIGHT="33" WIDTH="176" ID="PAG_20_ST000087" WC="1" CONTENT="également" STYLEREFS="TXT_2"/>
            <SP ID="PAG_20_SP000079" HPOS="6949" VPOS="1195" WIDTH="32"/>
            <String HPOS="6981" VPOS="1195" HEIGHT="20" WIDTH="38" ID="PAG_20_ST000088" WC="0.98" CONTENT="au" STYLEREFS="TXT_2"/>
            <SP ID="PAG_20_SP000080" HPOS="7019" VPOS="1185" WIDTH="33"/>
            <String HPOS="7052" VPOS="1185" HEIGHT="32" WIDTH="164" ID="PAG_20_ST000089" WC="1" CONTENT="Printemps" STYLEREFS="TXT_2"/>
          </TextLine>
          <TextLine HPOS="6012" VPOS="1216" HEIGHT="46" WIDTH="1201" ID="PAG_20_TL000010" STYLEREFS="TXT_2">
            <String HPOS="6012" VPOS="1226" HEIGHT="20" WIDTH="39" ID="PAG_20_ST000090" WC="0.98" CONTENT="au" STYLEREFS="TXT_2"/>
            <SP ID="PAG_20_SP000081" HPOS="6051" VPOS="1216" WIDTH="23"/>
            <String HPOS="6074" VPOS="1216" HEIGHT="38" WIDTH="65" ID="PAG_20_ST000091" WC="1" CONTENT="prix" STYLEREFS="TXT_2"/>
            <SP ID="PAG_20_SP000082" HPOS="6139" VPOS="1216" WIDTH="25"/>
            <String HPOS="6164" VPOS="1216" HEIGHT="30" WIDTH="40" ID="PAG_20_ST000092" WC="1" CONTENT="de" STYLEREFS="TXT_2"/>
            <SP ID="PAG_20_SP000083" HPOS="6204" VPOS="1218" WIDTH="24"/>
            <String HPOS="6228" VPOS="1218" HEIGHT="29" WIDTH="38" ID="PAG_20_ST000093" WC="1" CONTENT="55" STYLEREFS="TXT_2"/>
            <SP ID="PAG_20_SP000084" HPOS="6266" VPOS="1217" WIDTH="26"/>
            <String HPOS="6292" VPOS="1217" HEIGHT="32" WIDTH="99" ID="PAG_20_ST000094" WC="1" CONTENT="francs" STYLEREFS="TXT_2"/>
            <SP ID="PAG_20_SP000085" HPOS="6391" VPOS="1220" WIDTH="27"/>
            <String HPOS="6418" VPOS="1220" HEIGHT="30" WIDTH="28" ID="PAG_20_ST000095" WC="1" CONTENT="le" STYLEREFS="TXT_2"/>
            <SP ID="PAG_20_SP000086" HPOS="6446" VPOS="1222" WIDTH="25"/>
            <String HPOS="6471" VPOS="1222" HEIGHT="30" WIDTH="104" ID="PAG_20_ST000096" WC="1" CONTENT="mètre." STYLEREFS="TXT_2"/>
            <SP ID="PAG_20_SP000087" HPOS="6575" VPOS="1223" WIDTH="31"/>
            <String HPOS="6606" VPOS="1223" HEIGHT="38" WIDTH="160" ID="PAG_20_ST000097" WC="1" CONTENT="(Métrage" STYLEREFS="TXT_2"/>
            <SP ID="PAG_20_SP000088" HPOS="6766" VPOS="1227" WIDTH="25"/>
            <String HPOS="6791" VPOS="1227" HEIGHT="32" WIDTH="171" ID="PAG_20_ST000098" WC="0.99" CONTENT="nécessaire" STYLEREFS="TXT_2"/>
            <SP ID="PAG_20_SP000089" HPOS="6962" VPOS="1241" WIDTH="14"/>
            <String HPOS="6976" VPOS="1241" HEIGHT="18" WIDTH="9" ID="PAG_20_ST000099" WC="1" CONTENT=":" STYLEREFS="TXT_2"/>
            <SP ID="PAG_20_SP000090" HPOS="6985" VPOS="1231" WIDTH="23"/>
            <String HPOS="7008" VPOS="1231" HEIGHT="28" WIDTH="20" ID="PAG_20_ST000100" WC="1" CONTENT="0" STYLEREFS="TXT_2"/>
            <SP ID="PAG_20_SP000091" HPOS="7028" VPOS="1242" WIDTH="24"/>
            <String HPOS="7052" VPOS="1242" HEIGHT="19" WIDTH="36" ID="PAG_20_ST000101" WC="1" CONTENT="m." STYLEREFS="TXT_2"/>
            <SP ID="PAG_20_SP000092" HPOS="7088" VPOS="1232" WIDTH="26"/>
            <String HPOS="7114" VPOS="1232" HEIGHT="29" WIDTH="37" ID="PAG_20_ST000102" WC="1" CONTENT="85" STYLEREFS="TXT_2"/>
            <SP ID="PAG_20_SP000093" HPOS="7151" VPOS="1240" WIDTH="26"/>
            <String HPOS="7177" VPOS="1240" HEIGHT="22" WIDTH="36" ID="PAG_20_ST000103" WC="0.81" CONTENT="én" STYLEREFS="TXT_2"/>
          </TextLine>
          <TextLine HPOS="6019" VPOS="1261" HEIGHT="47" WIDTH="1198" ID="PAG_20_TL000011" STYLEREFS="TXT_2">
            <String HPOS="6019" VPOS="1261" HEIGHT="29" WIDTH="10" ID="PAG_20_ST000104" WC="1" CONTENT="1" STYLEREFS="TXT_2"/>
            <SP ID="PAG_20_SP000094" HPOS="6029" VPOS="1272" WIDTH="24"/>
            <String HPOS="6053" VPOS="1272" HEIGHT="18" WIDTH="37" ID="PAG_20_ST000105" WC="1" CONTENT="m." STYLEREFS="TXT_2"/>
            <SP ID="PAG_20_SP000095" HPOS="6090" VPOS="1262" WIDTH="21"/>
            <String HPOS="6111" VPOS="1262" HEIGHT="29" WIDTH="48" ID="PAG_20_ST000106" WC="1" CONTENT="40." STYLEREFS="TXT_2"/>
            <SP ID="PAG_20_SP000096" HPOS="6159" VPOS="1261" WIDTH="22"/>
            <String HPOS="6181" VPOS="1261" HEIGHT="32" WIDTH="83" ID="PAG_20_ST000107" WC="1" CONTENT="Nous" STYLEREFS="TXT_2"/>
            <SP ID="PAG_20_SP000097" HPOS="6264" VPOS="1274" WIDTH="20"/>
            <String HPOS="6284" VPOS="1274" HEIGHT="27" WIDTH="135" ID="PAG_20_ST000108" WC="1" CONTENT="pouvons" STYLEREFS="TXT_2"/>
            <SP ID="PAG_20_SP000098" HPOS="6419" VPOS="1276" WIDTH="22"/>
            <String HPOS="6441" VPOS="1276" HEIGHT="20" WIDTH="69" ID="PAG_20_ST000109" WC="1" CONTENT="vous" STYLEREFS="TXT_2"/>
            <SP ID="PAG_20_SP000099" HPOS="6510" VPOS="1266" WIDTH="20"/>
            <String HPOS="6530" VPOS="1266" HEIGHT="32" WIDTH="114" ID="PAG_20_ST000110" WC="1" CONTENT="fournir" STYLEREFS="TXT_2"/>
            <SP ID="PAG_20_SP000100" HPOS="6644" VPOS="1269" WIDTH="21"/>
            <String HPOS="6665" VPOS="1269" HEIGHT="31" WIDTH="28" ID="PAG_20_ST000111" WC="1" CONTENT="le" STYLEREFS="TXT_2"/>
            <SP ID="PAG_20_SP000101" HPOS="6693" VPOS="1274" WIDTH="19"/>
            <String HPOS="6712" VPOS="1274" HEIGHT="34" WIDTH="111" ID="PAG_20_ST000112" WC="1" CONTENT="patron" STYLEREFS="TXT_2"/>
            <SP ID="PAG_20_SP000102" HPOS="6823" VPOS="1276" WIDTH="21"/>
            <String HPOS="6844" VPOS="1276" HEIGHT="28" WIDTH="66" ID="PAG_20_ST000113" WC="1" CONTENT="tout" STYLEREFS="TXT_2"/>
            <SP ID="PAG_20_SP000103" HPOS="6910" VPOS="1273" WIDTH="21"/>
            <String HPOS="6931" VPOS="1273" HEIGHT="32" WIDTH="58" ID="PAG_20_ST000114" WC="1" CONTENT="fait" STYLEREFS="TXT_2"/>
            <SP ID="PAG_20_SP000104" HPOS="6989" VPOS="1276" WIDTH="20"/>
            <String HPOS="7009" VPOS="1276" HEIGHT="29" WIDTH="40" ID="PAG_20_ST000115" WC="1" CONTENT="de" STYLEREFS="TXT_2"/>
            <SP ID="PAG_20_SP000105" HPOS="7049" VPOS="1288" WIDTH="20"/>
            <String HPOS="7069" VPOS="1288" HEIGHT="18" WIDTH="50" ID="PAG_20_ST000116" WC="1" CONTENT="ces" STYLEREFS="TXT_2"/>
            <SP ID="PAG_20_SP000106" HPOS="7119" VPOS="1277" WIDTH="20"/>
            <String HPOS="7139" VPOS="1277" HEIGHT="30" WIDTH="78" ID="PAG_20_ST000117" WC="1" CONTENT="deux" STYLEREFS="TXT_2"/>
          </TextLine>
          <TextLine HPOS="6013" VPOS="1306" HEIGHT="54" WIDTH="1201" ID="PAG_20_TL000012" STYLEREFS="TXT_2">
            <String HPOS="6013" VPOS="1306" HEIGHT="36" WIDTH="105" ID="PAG_20_ST000118" WC="1" CONTENT="pièces" STYLEREFS="TXT_2"/>
            <SP ID="PAG_20_SP000107" HPOS="6118" VPOS="1316" WIDTH="26"/>
            <String HPOS="6144" VPOS="1316" HEIGHT="20" WIDTH="38" ID="PAG_20_ST000119" WC="1" CONTENT="au" STYLEREFS="TXT_2"/>
            <SP ID="PAG_20_SP000108" HPOS="6182" VPOS="1308" WIDTH="25"/>
            <String HPOS="6207" VPOS="1308" HEIGHT="37" WIDTH="66" ID="PAG_20_ST000120" WC="1" CONTENT="prix" STYLEREFS="TXT_2"/>
            <SP ID="PAG_20_SP000109" HPOS="6273" VPOS="1309" WIDTH="26"/>
            <String HPOS="6299" VPOS="1309" HEIGHT="32" WIDTH="40" ID="PAG_20_ST000121" WC="1" CONTENT="de" STYLEREFS="TXT_2"/>
            <SP ID="PAG_20_SP000110" HPOS="6339" VPOS="1312" WIDTH="25"/>
            <String HPOS="6364" VPOS="1312" HEIGHT="29" WIDTH="19" ID="PAG_20_ST000122" WC="1" CONTENT="4" STYLEREFS="TXT_2"/>
            <SP ID="PAG_20_SP000111" HPOS="6383" VPOS="1310" WIDTH="27"/>
            <String HPOS="6410" VPOS="1310" HEIGHT="31" WIDTH="36" ID="PAG_20_ST000123" WC="1" CONTENT="fr." STYLEREFS="TXT_2"/>
            <SP ID="PAG_20_SP000112" HPOS="6446" VPOS="1312" WIDTH="27"/>
            <String HPOS="6473" VPOS="1312" HEIGHT="30" WIDTH="49" ID="PAG_20_ST000124" WC="1" CONTENT="50." STYLEREFS="TXT_2"/>
            <SP ID="PAG_20_SP000113" HPOS="6522" VPOS="1312" WIDTH="28"/>
            <String HPOS="6550" VPOS="1312" HEIGHT="41" WIDTH="265" ID="PAG_20_ST000125" WC="1" CONTENT="Renseignements" STYLEREFS="TXT_2"/>
            <SP ID="PAG_20_SP000114" HPOS="6815" VPOS="1319" WIDTH="26"/>
            <String HPOS="6841" VPOS="1319" HEIGHT="30" WIDTH="19" ID="PAG_20_ST000126" WC="1" CONTENT="à" STYLEREFS="TXT_2"/>
            <SP ID="PAG_20_SP000115" HPOS="6860" VPOS="1330" WIDTH="27"/>
            <String HPOS="6887" VPOS="1330" HEIGHT="20" WIDTH="36" ID="PAG_20_ST000127" WC="1" CONTENT="ce" STYLEREFS="TXT_2"/>
            <SP ID="PAG_20_SP000116" HPOS="6923" VPOS="1321" WIDTH="27"/>
            <String HPOS="6950" VPOS="1321" HEIGHT="36" WIDTH="79" ID="PAG_20_ST000128" WC="0.98" CONTENT="sujet" STYLEREFS="TXT_2"/>
            <SP ID="PAG_20_SP000117" HPOS="7029" VPOS="1333" WIDTH="25"/>
            <String HPOS="7054" VPOS="1333" HEIGHT="27" WIDTH="84" ID="PAG_20_ST000129" WC="1" CONTENT="page" STYLEREFS="TXT_2"/>
            <SP ID="PAG_20_SP000118" HPOS="7138" VPOS="1324" WIDTH="27"/>
            <String HPOS="7165" VPOS="1324" HEIGHT="30" WIDTH="49" ID="PAG_20_ST000130" WC="1" CONTENT="31." STYLEREFS="TXT_2"/>
          </TextLine>
        </TextBlock>
        <TextBlock HPOS="6928" VPOS="1429" HEIGHT="22" WIDTH="280" ID="PAG_20_TB000004" LANG="fr" STYLEREFS="TXT_7">
          <TextLine HPOS="6928" VPOS="1429" HEIGHT="22" WIDTH="280" ID="PAG_20_TL000013" STYLEREFS="TXT_7">
            <String HPOS="6928" VPOS="1429" HEIGHT="20" WIDTH="139" ID="PAG_20_ST000131" WC="1" CONTENT="CHAPEAU" STYLEREFS="TXT_7"/>
            <SP ID="PAG_20_SP000119" HPOS="7067" VPOS="1431" WIDTH="22"/>
            <String HPOS="7089" VPOS="1431" HEIGHT="20" WIDTH="119" ID="PAG_20_ST000132" WC="0.92" CONTENT="8ERTEIL" STYLEREFS="TXT_7"/>
          </TextLine>
        </TextBlock>
        <Illustration ID="PAG_20_IL000002" HPOS="5607" VPOS="1469" HEIGHT="3300" WIDTH="1726"/>
        </ComposedBlock>
      </PrintSpace>
    </Page>
  </Layout>
</alto>