<?xml version="1.0" encoding="UTF-8"?>
<alto xmlns="http://www.loc.gov/standards/alto/ns-v3#" xmlns:xsi="http://www.w3.org/2001/XMLSchema-instance" SCHEMAVERSION="alto_bnf-v2_0" xsi:schemaLocation="http://www.loc.gov/standards/alto/ns-v3# http://bibnum.bnf.fr/schema/alto_bnf-v2_0.xsd" xmlns:xlink="http://www.w3.org/TR/xlink">
  <Description>
    <MeasurementUnit>pixel</MeasurementUnit>
    <sourceImageInformation>
      <fileName>00000024.jp2</fileName>
      <fileIdentifier>ark:/12148/bpt6k4701034k/f24</fileIdentifier>
      <documentIdentifier documentIdentifierLocation="NUM">4701034</documentIdentifier>
    </sourceImageInformation>
    <OCRProcessing ID="OCR_1">
      <ocrProcessingStep>
        <processingDateTime>2019-01-29</processingDateTime>
        <processingStepDescription>[001_OCR_BRUT]OCR BRUT 50.39 %</processingStepDescription>
        <processingStepDescription>[002_CHARS]{1104}</processingStepDescription>
        <processingStepDescription>[003_CHARS_USED]{32}</processingStepDescription>
        <processingStepDescription>[004_CHARS_SUSPECTS_USED]{0}</processingStepDescription>
        <processingStepDescription>[005_CHARS_UNUSED]{1072}</processingStepDescription>
        <processingStepDescription>[006_CHARS_SUSPECTS_UNUSED]{0}</processingStepDescription>
        <processingStepDescription>[007_STRINGS]{253}</processingStepDescription>
        <processingStepDescription>[008_STRINGS_USED]{6}</processingStepDescription>
        <processingStepDescription>[009_STRINGS_SUSPECTS_UNUSED]{0}</processingStepDescription>
        <processingStepDescription>[010_CHARS_LETTERS]{1001}</processingStepDescription>
        <processingStepDescription>[011_CHARS_PUNCTUATION]{74}</processingStepDescription>
        <processingStepDescription>[012_CHARS_DIGITS]{27}</processingStepDescription>
        <processingStepDescription>[013_CHARS_SUSPECT]{0}</processingStepDescription>
        <processingStepDescription>[022_CHARS_UNUSED_BY_BLOCK]{0}</processingStepDescription>
        <processingStepDescription>[023_BLOCKS_SUSPECTS]{0}</processingStepDescription>
        <processingStepDescription>[111_LIGS_DETECTED_CURV]{0}</processingStepDescription>
      </ocrProcessingStep>
    </OCRProcessing>
  </Description>
  <Styles>
    <TextStyle FONTSIZE="10" ID="TXT_6" FONTFAMILY="Arial"/>
    <TextStyle FONTSIZE="4" ID="TXT_7" FONTFAMILY="Arial"/>
    <TextStyle FONTSIZE="7" ID="TXT_15" FONTFAMILY="Arial"/>
    <TextStyle FONTSIZE="41" ID="TXT_42" FONTFAMILY="Times"/>
  </Styles>
  <Tags>
    <StructureTag DESCRIPTION="UNE CHEMINÉE LAIDE PEUT DEVENIR JOLIE" TYPE="Structural" ID="TAG_ST001" LABEL="title"/>
  </Tags>
  <Layout>
    <Page ID="PAG_24" HEIGHT="4941" WIDTH="3865" PHYSICAL_IMG_NR="24" QUALITY="OK" ACCURACY="99.78">
      <PrintSpace HPOS="175" VPOS="175" HEIGHT="4419" WIDTH="3654" ID="PAG_24_PrintSpace">
        <ComposedBlock ID="PAG_24_CB000001" HPOS="175" VPOS="175" HEIGHT="4419" WIDTH="3654">
        <TextBlock HPOS="2188" VPOS="416" HEIGHT="196" WIDTH="1216" ID="PAG_24_TB000001" TAGREFS="TAG_ST001" LANG="fr" STYLEREFS="TXT_42">
          <TextLine HPOS="2188" VPOS="416" HEIGHT="196" WIDTH="1216" ID="PAG_24_TL000001" STYLEREFS="TXT_42">
            <String HPOS="2188" VPOS="440" HEIGHT="168" WIDTH="308" ID="PAG_24_ST000001" WC="1" CONTENT="UNE" STYLEREFS="TXT_42"/>
            <SP ID="PAG_24_SP000001" HPOS="2496" VPOS="416" WIDTH="128"/>
            <String HPOS="2624" VPOS="416" HEIGHT="196" WIDTH="780" ID="PAG_24_ST000002" WC="1" CONTENT="CHEMINÉE" STYLEREFS="TXT_42"/>
          </TextLine>
        </TextBlock>
        <TextBlock HPOS="1939" VPOS="724" HEIGHT="74" WIDTH="62" ID="PAG_24_TB000002" TAGREFS="TAG_ST001" LANG="fr" STYLEREFS="TXT_6">
          <TextLine HPOS="1939" VPOS="724" HEIGHT="74" WIDTH="62" ID="PAG_24_TL000002" STYLEREFS="TXT_6">
            <String HPOS="1939" VPOS="724" HEIGHT="74" WIDTH="14" ID="PAG_24_ST000003" WC="1" CONTENT="LAIDE" STYLEREFS="TXT_6"/>
            <SP ID="PAG_24_SP000002" HPOS="1953" VPOS="724" WIDTH="1"/>
            <String HPOS="1953" VPOS="724" HEIGHT="74" WIDTH="11" ID="PAG_24_ST000004" WC="1" CONTENT="PEUT" STYLEREFS="TXT_6"/>
            <SP ID="PAG_24_SP000003" HPOS="1964" VPOS="724" WIDTH="1"/>
            <String HPOS="1964" VPOS="724" HEIGHT="74" WIDTH="19" ID="PAG_24_ST000005" WC="1" CONTENT="DEVENIR" STYLEREFS="TXT_6"/>
            <SP ID="PAG_24_SP000004" HPOS="1983" VPOS="724" WIDTH="1"/>
            <String HPOS="1983" VPOS="724" HEIGHT="74" WIDTH="18" ID="PAG_24_ST000006" WC="1" CONTENT="JOLIE" STYLEREFS="TXT_6"/>
          </TextLine>
        </TextBlock>
        <Illustration ID="PAG_24_IL000001" HPOS="175" VPOS="175" HEIGHT="2483" WIDTH="1437"/>
        <TextBlock HPOS="774" VPOS="2338" HEIGHT="40" WIDTH="567" ID="PAG_24_TB000003" LANG="fr" STYLEREFS="TXT_15">
          <TextLine HPOS="774" VPOS="2338" HEIGHT="40" WIDTH="567" ID="PAG_24_TL000003" STYLEREFS="TXT_15">
            <String HPOS="774" VPOS="2338" HEIGHT="37" WIDTH="212" ID="PAG_24_ST000007" WC="0.56" CONTENT="'AITII.IN" STYLEREFS="TXT_15"/>
            <SP ID="PAG_24_SP000005" HPOS="986" VPOS="2339" WIDTH="21"/>
            <String HPOS="1007" VPOS="2339" HEIGHT="37" WIDTH="83" ID="PAG_24_ST000008" WC="1" CONTENT="UNI" STYLEREFS="TXT_15"/>
            <SP ID="PAG_24_SP000006" HPOS="1090" VPOS="2341" WIDTH="19"/>
            <String HPOS="1109" VPOS="2341" HEIGHT="37" WIDTH="232" ID="PAG_24_ST000009" WC="0.64" CONTENT="COIIIIIIUSI" STYLEREFS="TXT_15"/>
          </TextLine>
        </TextBlock>
        <TextBlock HPOS="533" VPOS="2696" HEIGHT="502" WIDTH="845" ID="PAG_24_TB000004" LANG="fr" STYLEREFS="TXT_15">
          <TextLine HPOS="533" VPOS="2696" HEIGHT="44" WIDTH="808" ID="PAG_24_TL000004" STYLEREFS="TXT_7">
            <String HPOS="533" VPOS="2696" HEIGHT="36" WIDTH="192" ID="PAG_24_ST000010" WC="0.69" CONTENT="FAITiS-iN" STYLEREFS="TXT_7"/>
            <SP ID="PAG_24_SP000007" HPOS="725" VPOS="2696" WIDTH="31"/>
            <String HPOS="756" VPOS="2696" HEIGHT="36" WIDTH="79" ID="PAG_24_ST000011" WC="0.82" CONTENT="UNE" STYLEREFS="TXT_7"/>
            <SP ID="PAG_24_SP000008" HPOS="835" VPOS="2696" WIDTH="26"/>
            <String HPOS="861" VPOS="2696" HEIGHT="37" WIDTH="223" ID="PAG_24_ST000012" WC="0.36" CONTENT="cotmust." STYLEREFS="TXT_7"/>
            <SP ID="PAG_24_SP000009" HPOS="1084" VPOS="2699" WIDTH="28"/>
            <String HPOS="1112" VPOS="2699" HEIGHT="35" WIDTH="81" ID="PAG_24_ST000013" WC="0.80" CONTENT="Dons" STYLEREFS="TXT_15"/>
            <SP ID="PAG_24_SP000010" HPOS="1193" VPOS="2712" WIDTH="28"/>
            <String HPOS="1221" VPOS="2712" HEIGHT="22" WIDTH="36" ID="PAG_24_ST000014" WC="0.98" CONTENT="un" STYLEREFS="TXT_15"/>
            <SP ID="PAG_24_SP000011" HPOS="1257" VPOS="2711" WIDTH="29"/>
            <String HPOS="1286" VPOS="2711" HEIGHT="29" WIDTH="55" ID="PAG_24_ST000015" WC="1" CONTENT="op." STYLEREFS="TXT_15"/>
          </TextLine>
          <TextLine HPOS="537" VPOS="2745" HEIGHT="37" WIDTH="841" ID="PAG_24_TL000005" STYLEREFS="TXT_15">
            <String HPOS="537" VPOS="2747" HEIGHT="35" WIDTH="176" ID="PAG_24_ST000016" WC="0.73" CONTENT="paritmtnt" STYLEREFS="TXT_15"/>
            <SP ID="PAG_24_SP000012" HPOS="713" VPOS="2745" WIDTH="24"/>
            <String HPOS="737" VPOS="2745" HEIGHT="37" WIDTH="129" ID="PAG_24_ST000017" WC="0.93" CONTENT="vitillot," STYLEREFS="TXT_15"/>
            <SP ID="PAG_24_SP000013" HPOS="866" VPOS="2756" WIDTH="25"/>
            <String HPOS="891" VPOS="2756" HEIGHT="23" WIDTH="71" ID="PAG_24_ST000018" WC="0.97" CONTENT="vous" STYLEREFS="TXT_15"/>
            <SP ID="PAG_24_SP000014" HPOS="962" VPOS="2748" WIDTH="23"/>
            <String HPOS="985" VPOS="2748" HEIGHT="30" WIDTH="122" ID="PAG_24_ST000019" WC="0.98" CONTENT="trouvez" STYLEREFS="TXT_15"/>
            <SP ID="PAG_24_SP000015" HPOS="1107" VPOS="2749" WIDTH="22"/>
            <String HPOS="1129" VPOS="2749" HEIGHT="30" WIDTH="85" ID="PAG_24_ST000020" WC="0.68" CONTENT="cette" STYLEREFS="TXT_15"/>
            <SP ID="PAG_24_SP000016" HPOS="1214" VPOS="2746" WIDTH="23"/>
            <String HPOS="1237" VPOS="2746" HEIGHT="33" WIDTH="111" ID="PAG_24_ST000021" WC="0.86" CONTENT="chtmi-" SUBS_TYPE="HypPart1" SUBS_CONTENT="chtmi-nét" STYLEREFS="TXT_15"/>
            <HYP HPOS="1348" VPOS="2779" WIDTH="30" CONTENT="-"/>
          </TextLine>
          <TextLine HPOS="537" VPOS="2789" HEIGHT="44" WIDTH="811" ID="PAG_24_TL000006" STYLEREFS="TXT_15">
            <String HPOS="537" VPOS="2791" HEIGHT="33" WIDTH="59" ID="PAG_24_ST000022" WC="0.43" CONTENT="nét" SUBS_TYPE="HypPart2" SUBS_CONTENT="chtmi-nét" STYLEREFS="TXT_15"/>
            <SP ID="PAG_24_SP000017" HPOS="596" VPOS="2791" WIDTH="17"/>
            <String HPOS="613" VPOS="2791" HEIGHT="32" WIDTH="92" ID="PAG_24_ST000023" WC="0.95" CONTENT="démo" STYLEREFS="TXT_15"/>
            <SP ID="PAG_24_SP000018" HPOS="705" VPOS="2790" WIDTH="2"/>
            <String HPOS="707" VPOS="2790" HEIGHT="34" WIDTH="71" ID="PAG_24_ST000024" WC="0.93" CONTENT="dit." STYLEREFS="TXT_15"/>
            <SP ID="PAG_24_SP000019" HPOS="778" VPOS="2790" WIDTH="19"/>
            <String HPOS="797" VPOS="2790" HEIGHT="33" WIDTH="40" ID="PAG_24_ST000025" WC="1" CONTENT="La" STYLEREFS="TXT_15"/>
            <SP ID="PAG_24_SP000020" HPOS="837" VPOS="2791" WIDTH="18"/>
            <String HPOS="855" VPOS="2791" HEIGHT="40" WIDTH="102" ID="PAG_24_ST000026" WC="0.73" CONTENT="gloct," STYLEREFS="TXT_15"/>
            <SP ID="PAG_24_SP000021" HPOS="957" VPOS="2792" WIDTH="17"/>
            <String HPOS="974" VPOS="2792" HEIGHT="33" WIDTH="173" ID="PAG_24_ST000027" WC="0.71" CONTENT="surmonté*" STYLEREFS="TXT_15"/>
            <SP ID="PAG_24_SP000022" HPOS="1147" VPOS="2791" WIDTH="18"/>
            <String HPOS="1165" VPOS="2791" HEIGHT="33" WIDTH="70" ID="PAG_24_ST000028" WC="1" CONTENT="d'un" STYLEREFS="TXT_15"/>
            <SP ID="PAG_24_SP000023" HPOS="1235" VPOS="2789" WIDTH="17"/>
            <String HPOS="1252" VPOS="2789" HEIGHT="44" WIDTH="96" ID="PAG_24_ST000029" WC="0.64" CONTENT="plitté" STYLEREFS="TXT_15"/>
          </TextLine>
          <TextLine HPOS="537" VPOS="2836" HEIGHT="40" WIDTH="808" ID="PAG_24_TL000007" STYLEREFS="TXT_15">
            <String HPOS="537" VPOS="2836" HEIGHT="40" WIDTH="167" ID="PAG_24_ST000030" WC="0.98" CONTENT="d'organdi" STYLEREFS="TXT_15"/>
            <SP ID="PAG_24_SP000024" HPOS="704" VPOS="2836" WIDTH="31"/>
            <String HPOS="735" VPOS="2836" HEIGHT="38" WIDTH="175" ID="PAG_24_ST000031" WC="0.95" CONTENT="amidonné," STYLEREFS="TXT_15"/>
            <SP ID="PAG_24_SP000025" HPOS="910" VPOS="2848" WIDTH="34"/>
            <String HPOS="944" VPOS="2848" HEIGHT="23" WIDTH="68" ID="PAG_24_ST000032" WC="0.76" CONTENT="stro" STYLEREFS="TXT_15"/>
            <SP ID="PAG_24_SP000026" HPOS="1012" VPOS="2838" WIDTH="34"/>
            <String HPOS="1046" VPOS="2838" HEIGHT="33" WIDTH="155" ID="PAG_24_ST000033" WC="0.78" CONTENT="encadrée" STYLEREFS="TXT_15"/>
            <SP ID="PAG_24_SP000027" HPOS="1201" VPOS="2838" WIDTH="33"/>
            <String HPOS="1234" VPOS="2838" HEIGHT="33" WIDTH="41" ID="PAG_24_ST000034" WC="0.73" CONTENT="de" STYLEREFS="TXT_15"/>
            <SP ID="PAG_24_SP000028" HPOS="1275" VPOS="2840" WIDTH="34"/>
            <String HPOS="1309" VPOS="2840" HEIGHT="30" WIDTH="36" ID="PAG_24_ST000035" WC="0.67" CONTENT="ri♦" STYLEREFS="TXT_15"/>
          </TextLine>
          <TextLine HPOS="538" VPOS="2882" HEIGHT="42" WIDTH="806" ID="PAG_24_TL000008" STYLEREFS="TXT_15">
            <String HPOS="538" VPOS="2882" HEIGHT="33" WIDTH="99" ID="PAG_24_ST000036" WC="0.82" CONTENT="dtaux" STYLEREFS="TXT_15"/>
            <SP ID="PAG_24_SP000029" HPOS="637" VPOS="2886" WIDTH="24"/>
            <String HPOS="661" VPOS="2886" HEIGHT="30" WIDTH="119" ID="PAG_24_ST000037" WC="0.70" CONTENT="rtttnut" STYLEREFS="TXT_15"/>
            <SP ID="PAG_24_SP000030" HPOS="780" VPOS="2892" WIDTH="24"/>
            <String HPOS="804" VPOS="2892" HEIGHT="32" WIDTH="59" ID="PAG_24_ST000038" WC="0.98" CONTENT="par" STYLEREFS="TXT_15"/>
            <SP ID="PAG_24_SP000031" HPOS="863" VPOS="2894" WIDTH="23"/>
            <String HPOS="886" VPOS="2894" HEIGHT="23" WIDTH="57" ID="PAG_24_ST000039" WC="0.82" CONTENT="une" STYLEREFS="TXT_15"/>
            <SP ID="PAG_24_SP000032" HPOS="943" VPOS="2884" WIDTH="25"/>
            <String HPOS="968" VPOS="2884" HEIGHT="33" WIDTH="96" ID="PAG_24_ST000040" WC="0.83" CONTENT="corde" STYLEREFS="TXT_15"/>
            <SP ID="PAG_24_SP000033" HPOS="1064" VPOS="2884" WIDTH="25"/>
            <String HPOS="1089" VPOS="2884" HEIGHT="33" WIDTH="98" ID="PAG_24_ST000041" WC="0.56" CONTENT="ftint»" STYLEREFS="TXT_15"/>
            <SP ID="PAG_24_SP000034" HPOS="1187" VPOS="2894" WIDTH="23"/>
            <String HPOS="1210" VPOS="2894" HEIGHT="23" WIDTH="37" ID="PAG_24_ST000042" WC="0.82" CONTENT="tn" STYLEREFS="TXT_15"/>
            <SP ID="PAG_24_SP000035" HPOS="1247" VPOS="2884" WIDTH="25"/>
            <String HPOS="1272" VPOS="2884" HEIGHT="34" WIDTH="72" ID="PAG_24_ST000043" WC="0.80" CONTENT="bleu" STYLEREFS="TXT_15"/>
          </TextLine>
          <TextLine HPOS="538" VPOS="2928" HEIGHT="42" WIDTH="807" ID="PAG_24_TL000009" STYLEREFS="TXT_15">
            <String HPOS="538" VPOS="2928" HEIGHT="33" WIDTH="62" ID="PAG_24_ST000044" WC="0.84" CONTENT="ciel" STYLEREFS="TXT_15"/>
            <SP ID="PAG_24_SP000036" HPOS="600" VPOS="2932" WIDTH="32"/>
            <String HPOS="632" VPOS="2932" HEIGHT="29" WIDTH="33" ID="PAG_24_ST000045" WC="0.67" CONTENT="et" STYLEREFS="TXT_15"/>
            <SP ID="PAG_24_SP000037" HPOS="665" VPOS="2928" WIDTH="32"/>
            <String HPOS="697" VPOS="2928" HEIGHT="35" WIDTH="136" ID="PAG_24_ST000046" WC="0.80" CONTENT="décorét" STYLEREFS="TXT_15"/>
            <SP ID="PAG_24_SP000038" HPOS="833" VPOS="2938" WIDTH="33"/>
            <String HPOS="866" VPOS="2938" HEIGHT="24" WIDTH="77" ID="PAG_24_ST000047" WC="0.43" CONTENT="ov.c" STYLEREFS="TXT_15"/>
            <SP ID="PAG_24_SP000039" HPOS="943" VPOS="2930" WIDTH="33"/>
            <String HPOS="976" VPOS="2930" HEIGHT="33" WIDTH="55" ID="PAG_24_ST000048" WC="0.68" CONTENT="des" STYLEREFS="TXT_15"/>
            <SP ID="PAG_24_SP000040" HPOS="1031" VPOS="2929" WIDTH="33"/>
            <String HPOS="1064" VPOS="2929" HEIGHT="34" WIDTH="113" ID="PAG_24_ST000049" WC="0.86" CONTENT="étoffa" STYLEREFS="TXT_15"/>
            <SP ID="PAG_24_SP000041" HPOS="1177" VPOS="2930" WIDTH="38"/>
            <String HPOS="1215" VPOS="2930" HEIGHT="40" WIDTH="130" ID="PAG_24_ST000050" WC="0.74" CONTENT="(d'cou-" STYLEREFS="TXT_15"/>
          </TextLine>
          <TextLine HPOS="537" VPOS="2974" HEIGHT="43" WIDTH="807" ID="PAG_24_TL000010" STYLEREFS="TXT_15">
            <String HPOS="537" VPOS="2974" HEIGHT="41" WIDTH="76" ID="PAG_24_ST000051" WC="0.55" CONTENT="pèti" STYLEREFS="TXT_15"/>
            <SP ID="PAG_24_SP000042" HPOS="613" VPOS="2974" WIDTH="35"/>
            <String HPOS="648" VPOS="2974" HEIGHT="35" WIDTH="75" ID="PAG_24_ST000052" WC="0.80" CONTENT="dons" STYLEREFS="TXT_15"/>
            <SP ID="PAG_24_SP000043" HPOS="723" VPOS="2974" WIDTH="37"/>
            <String HPOS="760" VPOS="2974" HEIGHT="34" WIDTH="55" ID="PAG_24_ST000053" WC="0.65" CONTENT="dtt" STYLEREFS="TXT_15"/>
            <SP ID="PAG_24_SP000044" HPOS="815" VPOS="2974" WIDTH="35"/>
            <String HPOS="850" VPOS="2974" HEIGHT="41" WIDTH="143" ID="PAG_24_ST000054" WC="0.68" CONTENT="captultt" STYLEREFS="TXT_15"/>
            <SP ID="PAG_24_SP000045" HPOS="993" VPOS="2976" WIDTH="34"/>
            <String HPOS="1027" VPOS="2976" HEIGHT="32" WIDTH="20" ID="PAG_24_ST000055" WC="1" CONTENT="à" STYLEREFS="TXT_15"/>
            <SP ID="PAG_24_SP000046" HPOS="1047" VPOS="2975" WIDTH="34"/>
            <String HPOS="1081" VPOS="2975" HEIGHT="42" WIDTH="184" ID="PAG_24_ST000056" WC="0.80" CONTENT="bouttilltt)" STYLEREFS="TXT_15"/>
            <SP ID="PAG_24_SP000047" HPOS="1265" VPOS="2986" WIDTH="41"/>
            <String HPOS="1306" VPOS="2986" HEIGHT="23" WIDTH="38" ID="PAG_24_ST000057" WC="1" CONTENT="ou" STYLEREFS="TXT_15"/>
          </TextLine>
          <TextLine HPOS="538" VPOS="3018" HEIGHT="44" WIDTH="807" ID="PAG_24_TL000011" STYLEREFS="TXT_15">
            <String HPOS="538" VPOS="3020" HEIGHT="33" WIDTH="55" ID="PAG_24_ST000058" WC="0.68" CONTENT="des" STYLEREFS="TXT_15"/>
            <SP ID="PAG_24_SP000048" HPOS="593" VPOS="3018" WIDTH="22"/>
            <String HPOS="615" VPOS="3018" HEIGHT="35" WIDTH="89" ID="PAG_24_ST000059" WC="0.87" CONTENT="flturs" STYLEREFS="TXT_15"/>
            <SP ID="PAG_24_SP000049" HPOS="704" VPOS="3019" WIDTH="23"/>
            <String HPOS="727" VPOS="3019" HEIGHT="34" WIDTH="67" ID="PAG_24_ST000060" WC="1" CONTENT="d'or" STYLEREFS="TXT_15"/>
            <SP ID="PAG_24_SP000050" HPOS="794" VPOS="3020" WIDTH="28"/>
            <String HPOS="822" VPOS="3020" HEIGHT="41" WIDTH="54" ID="PAG_24_ST000061" WC="1" CONTENT="(35" STYLEREFS="TXT_15"/>
            <SP ID="PAG_24_SP000051" HPOS="876" VPOS="3019" WIDTH="23"/>
            <String HPOS="899" VPOS="3019" HEIGHT="43" WIDTH="69" ID="PAG_24_ST000062" WC="0.96" CONTENT="fr.)." STYLEREFS="TXT_15"/>
            <SP ID="PAG_24_SP000052" HPOS="968" VPOS="3019" WIDTH="23"/>
            <String HPOS="991" VPOS="3019" HEIGHT="35" WIDTH="55" ID="PAG_24_ST000063" WC="1" CONTENT="Sur" STYLEREFS="TXT_15"/>
            <SP ID="PAG_24_SP000053" HPOS="1046" VPOS="3021" WIDTH="22"/>
            <String HPOS="1068" VPOS="3021" HEIGHT="33" WIDTH="32" ID="PAG_24_ST000064" WC="0.42" CONTENT="Io" STYLEREFS="TXT_15"/>
            <SP ID="PAG_24_SP000054" HPOS="1100" VPOS="3020" WIDTH="20"/>
            <String HPOS="1120" VPOS="3020" HEIGHT="37" WIDTH="146" ID="PAG_24_ST000065" WC="0.64" CONTENT="tabltttt," STYLEREFS="TXT_15"/>
            <SP ID="PAG_24_SP000055" HPOS="1266" VPOS="3021" WIDTH="24"/>
            <String HPOS="1290" VPOS="3021" HEIGHT="33" WIDTH="55" ID="PAG_24_ST000066" WC="0.58" CONTENT="des" STYLEREFS="TXT_15"/>
          </TextLine>
          <TextLine HPOS="538" VPOS="3064" HEIGHT="43" WIDTH="807" ID="PAG_24_TL000012" STYLEREFS="TXT_15">
            <String HPOS="538" VPOS="3064" HEIGHT="35" WIDTH="89" ID="PAG_24_ST000067" WC="0.78" CONTENT="flturt" STYLEREFS="TXT_15"/>
            <SP ID="PAG_24_SP000056" HPOS="627" VPOS="3075" WIDTH="40"/>
            <String HPOS="667" VPOS="3075" HEIGHT="24" WIDTH="36" ID="PAG_24_ST000068" WC="0.67" CONTENT="en" STYLEREFS="TXT_15"/>
            <SP ID="PAG_24_SP000057" HPOS="703" VPOS="3066" WIDTH="40"/>
            <String HPOS="743" VPOS="3066" HEIGHT="34" WIDTH="116" ID="PAG_24_ST000069" WC="0.89" CONTENT="rodofd" STYLEREFS="TXT_15"/>
            <SP ID="PAG_24_SP000058" HPOS="859" VPOS="3076" WIDTH="36"/>
            <String HPOS="895" VPOS="3076" HEIGHT="24" WIDTH="40" ID="PAG_24_ST000070" WC="0.97" CONTENT="ou" STYLEREFS="TXT_15"/>
            <SP ID="PAG_24_SP000059" HPOS="935" VPOS="3078" WIDTH="38"/>
            <String HPOS="973" VPOS="3078" HEIGHT="22" WIDTH="37" ID="PAG_24_ST000071" WC="0.67" CONTENT="en" STYLEREFS="TXT_15"/>
            <SP ID="PAG_24_SP000060" HPOS="1010" VPOS="3066" WIDTH="39"/>
            <String HPOS="1049" VPOS="3066" HEIGHT="41" WIDTH="195" ID="PAG_24_ST000072" WC="0.80" CONTENT="coquillagtt" STYLEREFS="TXT_15"/>
            <SP ID="PAG_24_SP000061" HPOS="1244" VPOS="3066" WIDTH="44"/>
            <String HPOS="1288" VPOS="3066" HEIGHT="41" WIDTH="57" ID="PAG_24_ST000073" WC="0.68" CONTENT="(d." STYLEREFS="TXT_15"/>
          </TextLine>
          <TextLine HPOS="543" VPOS="3110" HEIGHT="43" WIDTH="832" ID="PAG_24_TL000013" STYLEREFS="TXT_15">
            <String HPOS="543" VPOS="3111" HEIGHT="32" WIDTH="35" ID="PAG_24_ST000074" WC="1" CONTENT="14" STYLEREFS="TXT_15"/>
            <SP ID="PAG_24_SP000062" HPOS="578" VPOS="3110" WIDTH="27"/>
            <String HPOS="605" VPOS="3110" HEIGHT="35" WIDTH="37" ID="PAG_24_ST000075" WC="1" CONTENT="fr." STYLEREFS="TXT_15"/>
            <SP ID="PAG_24_SP000063" HPOS="642" VPOS="3110" WIDTH="27"/>
            <String HPOS="669" VPOS="3110" HEIGHT="35" WIDTH="40" ID="PAG_24_ST000076" WC="1" CONTENT="90" STYLEREFS="TXT_15"/>
            <SP ID="PAG_24_SP000064" HPOS="709" VPOS="3113" WIDTH="24"/>
            <String HPOS="733" VPOS="3113" HEIGHT="32" WIDTH="20" ID="PAG_24_ST000077" WC="1" CONTENT="à" STYLEREFS="TXT_15"/>
            <SP ID="PAG_24_SP000065" HPOS="753" VPOS="3110" WIDTH="30"/>
            <String HPOS="783" VPOS="3110" HEIGHT="34" WIDTH="35" ID="PAG_24_ST000078" WC="0.45" CONTENT="1t" STYLEREFS="TXT_15"/>
            <SP ID="PAG_24_SP000066" HPOS="818" VPOS="3111" WIDTH="26"/>
            <String HPOS="844" VPOS="3111" HEIGHT="34" WIDTH="37" ID="PAG_24_ST000079" WC="0.76" CONTENT="Ir." STYLEREFS="TXT_15"/>
            <SP ID="PAG_24_SP000067" HPOS="881" VPOS="3112" WIDTH="27"/>
            <String HPOS="908" VPOS="3112" HEIGHT="33" WIDTH="40" ID="PAG_24_ST000080" WC="1" CONTENT="90" STYLEREFS="TXT_15"/>
            <SP ID="PAG_24_SP000068" HPOS="948" VPOS="3111" WIDTH="25"/>
            <String HPOS="973" VPOS="3111" HEIGHT="35" WIDTH="76" ID="PAG_24_ST000081" WC="0.65" CONTENT="dans" STYLEREFS="TXT_15"/>
            <SP ID="PAG_24_SP000069" HPOS="1049" VPOS="3113" WIDTH="27"/>
            <String HPOS="1076" VPOS="3113" HEIGHT="33" WIDTH="43" ID="PAG_24_ST000082" WC="0.45" CONTENT="les" STYLEREFS="TXT_15"/>
            <SP ID="PAG_24_SP000070" HPOS="1119" VPOS="3113" WIDTH="26"/>
            <String HPOS="1145" VPOS="3113" HEIGHT="40" WIDTH="113" ID="PAG_24_ST000083" WC="0.86" CONTENT="grands" STYLEREFS="TXT_15"/>
            <SP ID="PAG_24_SP000071" HPOS="1258" VPOS="3122" WIDTH="26"/>
            <String HPOS="1284" VPOS="3122" HEIGHT="23" WIDTH="61" ID="PAG_24_ST000084" WC="0.35" CONTENT="me." SUBS_TYPE="HypPart1" SUBS_CONTENT="me.gasins)." STYLEREFS="TXT_15"/>
            <HYP HPOS="1345" VPOS="3145" WIDTH="30" CONTENT="-"/>
          </TextLine>
          <TextLine HPOS="540" VPOS="3156" HEIGHT="42" WIDTH="809" ID="PAG_24_TL000014" STYLEREFS="TXT_15">
            <String HPOS="540" VPOS="3156" HEIGHT="42" WIDTH="132" ID="PAG_24_ST000085" WC="0.86" CONTENT="gasins)." SUBS_TYPE="HypPart2" SUBS_CONTENT="me.gasins)." STYLEREFS="TXT_15"/>
            <SP ID="PAG_24_SP000072" HPOS="672" VPOS="3156" WIDTH="27"/>
            <String HPOS="699" VPOS="3156" HEIGHT="41" WIDTH="172" ID="PAG_24_ST000086" WC="0.99" CONTENT="L'organdi," STYLEREFS="TXT_15"/>
            <SP ID="PAG_24_SP000073" HPOS="871" VPOS="3168" WIDTH="27"/>
            <String HPOS="898" VPOS="3168" HEIGHT="23" WIDTH="36" ID="PAG_24_ST000087" WC="0.67" CONTENT="en" STYLEREFS="TXT_15"/>
            <SP ID="PAG_24_SP000074" HPOS="934" VPOS="3158" WIDTH="31"/>
            <String HPOS="965" VPOS="3158" HEIGHT="32" WIDTH="11" ID="PAG_24_ST000088" WC="1" CONTENT="1" STYLEREFS="TXT_15"/>
            <SP ID="PAG_24_SP000075" HPOS="976" VPOS="3168" WIDTH="30"/>
            <String HPOS="1006" VPOS="3168" HEIGHT="24" WIDTH="38" ID="PAG_24_ST000089" WC="1" CONTENT="m." STYLEREFS="TXT_15"/>
            <SP ID="PAG_24_SP000076" HPOS="1044" VPOS="3158" WIDTH="29"/>
            <String HPOS="1073" VPOS="3158" HEIGHT="33" WIDTH="37" ID="PAG_24_ST000090" WC="1" CONTENT="10" STYLEREFS="TXT_15"/>
            <SP ID="PAG_24_SP000077" HPOS="1110" VPOS="3168" WIDTH="25"/>
            <String HPOS="1135" VPOS="3168" HEIGHT="23" WIDTH="11" ID="PAG_24_ST000091" WC="1" CONTENT=":" STYLEREFS="TXT_15"/>
            <SP ID="PAG_24_SP000078" HPOS="1146" VPOS="3157" WIDTH="28"/>
            <String HPOS="1174" VPOS="3157" HEIGHT="33" WIDTH="34" ID="PAG_24_ST000092" WC="1" CONTENT="13" STYLEREFS="TXT_15"/>
            <SP ID="PAG_24_SP000079" HPOS="1208" VPOS="3156" WIDTH="27"/>
            <String HPOS="1235" VPOS="3156" HEIGHT="35" WIDTH="37" ID="PAG_24_ST000093" WC="0.90" CONTENT="fr." STYLEREFS="TXT_15"/>
            <SP ID="PAG_24_SP000080" HPOS="1272" VPOS="3157" WIDTH="26"/>
            <String HPOS="1298" VPOS="3157" HEIGHT="35" WIDTH="51" ID="PAG_24_ST000094" WC="1" CONTENT="90." STYLEREFS="TXT_15"/>
          </TextLine>
        </TextBlock>
        <TextBlock HPOS="271" VPOS="3245" HEIGHT="588" WIDTH="1103" ID="PAG_24_TB000005" LANG="fr" STYLEREFS="TXT_15">
          <TextLine HPOS="537" VPOS="3245" HEIGHT="42" WIDTH="807" ID="PAG_24_TL000015" STYLEREFS="TXT_15">
            <String HPOS="537" VPOS="3247" HEIGHT="35" WIDTH="47" ID="PAG_24_ST000095" WC="1" CONTENT="LA" STYLEREFS="TXT_15"/>
            <SP ID="PAG_24_SP000081" HPOS="584" VPOS="3245" WIDTH="34"/>
            <String HPOS="618" VPOS="3245" HEIGHT="38" WIDTH="208" ID="PAG_24_ST000096" WC="0.70" CONTENT="CHBMINlt" STYLEREFS="TXT_15"/>
            <SP ID="PAG_24_SP000082" HPOS="826" VPOS="3247" WIDTH="30"/>
            <String HPOS="856" VPOS="3247" HEIGHT="36" WIDTH="134" ID="PAG_24_ST000097" WC="0.96" CONTENT="NOIRE." STYLEREFS="TXT_15"/>
            <SP ID="PAG_24_SP000083" HPOS="990" VPOS="3250" WIDTH="32"/>
            <String HPOS="1022" VPOS="3250" HEIGHT="37" WIDTH="52" ID="PAG_24_ST000098" WC="0.99" CONTENT="Ici," STYLEREFS="TXT_15"/>
            <SP ID="PAG_24_SP000084" HPOS="1074" VPOS="3260" WIDTH="33"/>
            <String HPOS="1107" VPOS="3260" HEIGHT="23" WIDTH="38" ID="PAG_24_ST000099" WC="1" CONTENT="on" STYLEREFS="TXT_15"/>
            <SP ID="PAG_24_SP000085" HPOS="1145" VPOS="3249" WIDTH="35"/>
            <String HPOS="1180" VPOS="3249" HEIGHT="35" WIDTH="113" ID="PAG_24_ST000100" WC="0.86" CONTENT="vitillit" STYLEREFS="TXT_15"/>
            <SP ID="PAG_24_SP000086" HPOS="1293" VPOS="3248" WIDTH="31"/>
            <String HPOS="1324" VPOS="3248" HEIGHT="35" WIDTH="20" ID="PAG_24_ST000101" WC="0.95" CONTENT="à" STYLEREFS="TXT_15"/>
          </TextLine>
          <TextLine HPOS="536" VPOS="3294" HEIGHT="42" WIDTH="808" ID="PAG_24_TL000016" STYLEREFS="TXT_15">
            <String HPOS="536" VPOS="3294" HEIGHT="41" WIDTH="109" ID="PAG_24_ST000102" WC="0.99" CONTENT="plaisir" STYLEREFS="TXT_15"/>
            <SP ID="PAG_24_SP000087" HPOS="645" VPOS="3305" WIDTH="23"/>
            <String HPOS="668" VPOS="3305" HEIGHT="23" WIDTH="56" ID="PAG_24_ST000103" WC="0.82" CONTENT="une" STYLEREFS="TXT_15"/>
            <SP ID="PAG_24_SP000088" HPOS="724" VPOS="3295" WIDTH="24"/>
            <String HPOS="748" VPOS="3295" HEIGHT="34" WIDTH="157" ID="PAG_24_ST000104" WC="0.85" CONTENT="chtminét" STYLEREFS="TXT_15"/>
            <SP ID="PAG_24_SP000089" HPOS="905" VPOS="3295" WIDTH="23"/>
            <String HPOS="928" VPOS="3295" HEIGHT="34" WIDTH="116" ID="PAG_24_ST000105" WC="0.64" CONTENT="banalt" STYLEREFS="TXT_15"/>
            <SP ID="PAG_24_SP000090" HPOS="1044" VPOS="3294" WIDTH="21"/>
            <String HPOS="1065" VPOS="3294" HEIGHT="34" WIDTH="62" ID="PAG_24_ST000106" WC="0.99" CONTENT="afin" STYLEREFS="TXT_15"/>
            <SP ID="PAG_24_SP000091" HPOS="1127" VPOS="3295" WIDTH="23"/>
            <String HPOS="1150" VPOS="3295" HEIGHT="34" WIDTH="42" ID="PAG_24_ST000107" WC="0.70" CONTENT="dt" STYLEREFS="TXT_15"/>
            <SP ID="PAG_24_SP000092" HPOS="1192" VPOS="3296" WIDTH="22"/>
            <String HPOS="1214" VPOS="3296" HEIGHT="40" WIDTH="130" ID="PAG_24_ST000108" WC="1" CONTENT="pouvoir" STYLEREFS="TXT_15"/>
          </TextLine>
          <TextLine HPOS="539" VPOS="3339" HEIGHT="42" WIDTH="805" ID="PAG_24_TL000017" STYLEREFS="TXT_15">
            <String HPOS="539" VPOS="3339" HEIGHT="34" WIDTH="31" ID="PAG_24_ST000109" WC="0.62" CONTENT="la" STYLEREFS="TXT_15"/>
            <SP ID="PAG_24_SP000093" HPOS="570" VPOS="3340" WIDTH="26"/>
            <String HPOS="596" VPOS="3340" HEIGHT="40" WIDTH="101" ID="PAG_24_ST000110" WC="0.88" CONTENT="garnir" STYLEREFS="TXT_15"/>
            <SP ID="PAG_24_SP000094" HPOS="697" VPOS="3339" WIDTH="27"/>
            <String HPOS="724" VPOS="3339" HEIGHT="34" WIDTH="70" ID="PAG_24_ST000111" WC="0.99" CONTENT="d'un" STYLEREFS="TXT_15"/>
            <SP ID="PAG_24_SP000095" HPOS="794" VPOS="3351" WIDTH="27"/>
            <String HPOS="821" VPOS="3351" HEIGHT="23" WIDTH="71" ID="PAG_24_ST000112" WC="0.80" CONTENT="voit" STYLEREFS="TXT_15"/>
            <SP ID="PAG_24_SP000096" HPOS="892" VPOS="3341" WIDTH="25"/>
            <String HPOS="917" VPOS="3341" HEIGHT="37" WIDTH="120" ID="PAG_24_ST000113" WC="0.82" CONTENT="ancitn," STYLEREFS="TXT_15"/>
            <SP ID="PAG_24_SP000097" HPOS="1037" VPOS="3339" WIDTH="26"/>
            <String HPOS="1063" VPOS="3339" HEIGHT="35" WIDTH="41" ID="PAG_24_ST000114" WC="0.73" CONTENT="de" STYLEREFS="TXT_15"/>
            <SP ID="PAG_24_SP000098" HPOS="1104" VPOS="3340" WIDTH="25"/>
            <String HPOS="1129" VPOS="3340" HEIGHT="35" WIDTH="78" ID="PAG_24_ST000115" WC="0.51" CONTENT="dtu*" STYLEREFS="TXT_15"/>
            <SP ID="PAG_24_SP000099" HPOS="1207" VPOS="3341" WIDTH="26"/>
            <String HPOS="1233" VPOS="3341" HEIGHT="40" WIDTH="111" ID="PAG_24_ST000116" WC="0.67" CONTENT="globtt" STYLEREFS="TXT_15"/>
          </TextLine>
          <TextLine HPOS="539" VPOS="3383" HEIGHT="41" WIDTH="804" ID="PAG_24_TL000018" STYLEREFS="TXT_15">
            <String HPOS="539" VPOS="3389" HEIGHT="30" WIDTH="31" ID="PAG_24_ST000117" WC="0.44" CONTENT="ti" STYLEREFS="TXT_15"/>
            <SP ID="PAG_24_SP000100" HPOS="570" VPOS="3385" WIDTH="32"/>
            <String HPOS="602" VPOS="3385" HEIGHT="34" WIDTH="69" ID="PAG_24_ST000118" WC="1" CONTENT="d'un" STYLEREFS="TXT_15"/>
            <SP ID="PAG_24_SP000101" HPOS="671" VPOS="3385" WIDTH="33"/>
            <String HPOS="704" VPOS="3385" HEIGHT="34" WIDTH="102" ID="PAG_24_ST000119" WC="0.99" CONTENT="miroir" STYLEREFS="TXT_15"/>
            <SP ID="PAG_24_SP000102" HPOS="806" VPOS="3395" WIDTH="32"/>
            <String HPOS="838" VPOS="3395" HEIGHT="25" WIDTH="123" ID="PAG_24_ST000120" WC="1" CONTENT="rococo." STYLEREFS="TXT_15"/>
            <SP ID="PAG_24_SP000103" HPOS="961" VPOS="3384" WIDTH="33"/>
            <String HPOS="994" VPOS="3384" HEIGHT="36" WIDTH="54" ID="PAG_24_ST000121" WC="1" CONTENT="Sur" STYLEREFS="TXT_15"/>
            <SP ID="PAG_24_SP000104" HPOS="1048" VPOS="3383" WIDTH="32"/>
            <String HPOS="1080" VPOS="3383" HEIGHT="37" WIDTH="29" ID="PAG_24_ST000122" WC="0.36" CONTENT="1." STYLEREFS="TXT_15"/>
            <SP ID="PAG_24_SP000105" HPOS="1109" VPOS="3386" WIDTH="32"/>
            <String HPOS="1141" VPOS="3386" HEIGHT="34" WIDTH="96" ID="PAG_24_ST000123" WC="0.98" CONTENT="décor" STYLEREFS="TXT_15"/>
            <SP ID="PAG_24_SP000106" HPOS="1237" VPOS="3387" WIDTH="31"/>
            <String HPOS="1268" VPOS="3387" HEIGHT="37" WIDTH="75" ID="PAG_24_ST000124" WC="1" CONTENT="noir," STYLEREFS="TXT_15"/>
          </TextLine>
          <TextLine HPOS="537" VPOS="3430" HEIGHT="42" WIDTH="807" ID="PAG_24_TL000019" STYLEREFS="TXT_15">
            <String HPOS="537" VPOS="3441" HEIGHT="23" WIDTH="38" ID="PAG_24_ST000125" WC="1" CONTENT="on" STYLEREFS="TXT_15"/>
            <SP ID="PAG_24_SP000107" HPOS="575" VPOS="3431" WIDTH="26"/>
            <String HPOS="601" VPOS="3431" HEIGHT="34" WIDTH="84" ID="PAG_24_ST000126" WC="0.82" CONTENT="colle" STYLEREFS="TXT_15"/>
            <SP ID="PAG_24_SP000108" HPOS="685" VPOS="3430" WIDTH="26"/>
            <String HPOS="711" VPOS="3430" HEIGHT="35" WIDTH="41" ID="PAG_24_ST000127" WC="0.75" CONTENT="dt" STYLEREFS="TXT_15"/>
            <SP ID="PAG_24_SP000109" HPOS="752" VPOS="3432" WIDTH="27"/>
            <String HPOS="779" VPOS="3432" HEIGHT="32" WIDTH="31" ID="PAG_24_ST000128" WC="0.91" CONTENT="la" STYLEREFS="TXT_15"/>
            <SP ID="PAG_24_SP000110" HPOS="810" VPOS="3432" WIDTH="24"/>
            <String HPOS="834" VPOS="3432" HEIGHT="33" WIDTH="148" ID="PAG_24_ST000129" WC="0.77" CONTENT="toufacht" STYLEREFS="TXT_15"/>
            <SP ID="PAG_24_SP000111" HPOS="982" VPOS="3431" WIDTH="26"/>
            <String HPOS="1008" VPOS="3431" HEIGHT="34" WIDTH="132" ID="PAG_24_ST000130" WC="0.77" CONTENT="blancht" STYLEREFS="TXT_15"/>
            <SP ID="PAG_24_SP000112" HPOS="1140" VPOS="3432" WIDTH="26"/>
            <String HPOS="1166" VPOS="3432" HEIGHT="40" WIDTH="91" ID="PAG_24_ST000131" WC="1" CONTENT="qu'on" STYLEREFS="TXT_15"/>
            <SP ID="PAG_24_SP000113" HPOS="1257" VPOS="3430" WIDTH="26"/>
            <String HPOS="1283" VPOS="3430" HEIGHT="35" WIDTH="61" ID="PAG_24_ST000132" WC="0.89" CONTENT="fait" STYLEREFS="TXT_15"/>
          </TextLine>
          <TextLine HPOS="537" VPOS="3475" HEIGHT="43" WIDTH="807" ID="PAG_24_TL000020" STYLEREFS="TXT_15">
            <String HPOS="537" VPOS="3476" HEIGHT="35" WIDTH="129" ID="PAG_24_ST000133" WC="0.99" CONTENT="onduler" STYLEREFS="TXT_15"/>
            <SP ID="PAG_24_SP000114" HPOS="666" VPOS="3480" WIDTH="30"/>
            <String HPOS="696" VPOS="3480" HEIGHT="31" WIDTH="33" ID="PAG_24_ST000134" WC="0.67" CONTENT="et" STYLEREFS="TXT_15"/>
            <SP ID="PAG_24_SP000115" HPOS="729" VPOS="3477" WIDTH="27"/>
            <String HPOS="756" VPOS="3477" HEIGHT="34" WIDTH="55" ID="PAG_24_ST000135" WC="0.66" CONTENT="dtt" STYLEREFS="TXT_15"/>
            <SP ID="PAG_24_SP000116" HPOS="811" VPOS="3475" WIDTH="28"/>
            <String HPOS="839" VPOS="3475" HEIGHT="36" WIDTH="124" ID="PAG_24_ST000136" WC="0.87" CONTENT="ftuilltt" STYLEREFS="TXT_15"/>
            <SP ID="PAG_24_SP000117" HPOS="963" VPOS="3477" WIDTH="29"/>
            <String HPOS="992" VPOS="3477" HEIGHT="41" WIDTH="178" ID="PAG_24_ST000137" WC="0.82" CONTENT="découpées" STYLEREFS="TXT_15"/>
            <SP ID="PAG_24_SP000118" HPOS="1170" VPOS="3477" WIDTH="29"/>
            <String HPOS="1199" VPOS="3477" HEIGHT="34" WIDTH="76" ID="PAG_24_ST000138" WC="0.93" CONTENT="dont" STYLEREFS="TXT_15"/>
            <SP ID="PAG_24_SP000119" HPOS="1275" VPOS="3476" WIDTH="28"/>
            <String HPOS="1303" VPOS="3476" HEIGHT="35" WIDTH="41" ID="PAG_24_ST000139" WC="0.60" CONTENT="de" STYLEREFS="TXT_15"/>
          </TextLine>
          <TextLine HPOS="540" VPOS="3520" HEIGHT="40" WIDTH="834" ID="PAG_24_TL000021" STYLEREFS="TXT_15">
            <String HPOS="540" VPOS="3522" HEIGHT="33" WIDTH="31" ID="PAG_24_ST000140" WC="1" CONTENT="la" STYLEREFS="TXT_15"/>
            <SP ID="PAG_24_SP000120" HPOS="571" VPOS="3523" WIDTH="20"/>
            <String HPOS="591" VPOS="3523" HEIGHT="33" WIDTH="78" ID="PAG_24_ST000141" WC="0.83" CONTENT="toile" STYLEREFS="TXT_15"/>
            <SP ID="PAG_24_SP000121" HPOS="669" VPOS="3522" WIDTH="21"/>
            <String HPOS="690" VPOS="3522" HEIGHT="34" WIDTH="83" ID="PAG_24_ST000142" WC="0.71" CONTENT="cirét" STYLEREFS="TXT_15"/>
            <SP ID="PAG_24_SP000122" HPOS="773" VPOS="3526" WIDTH="21"/>
            <String HPOS="794" VPOS="3526" HEIGHT="30" WIDTH="86" ID="PAG_24_ST000143" WC="0.72" CONTENT="vêrtt" STYLEREFS="TXT_15"/>
            <SP ID="PAG_24_SP000123" HPOS="880" VPOS="3534" WIDTH="22"/>
            <String HPOS="902" VPOS="3534" HEIGHT="25" WIDTH="9" ID="PAG_24_ST000144" WC="1" CONTENT=";" STYLEREFS="TXT_15"/>
            <SP ID="PAG_24_SP000124" HPOS="911" VPOS="3532" WIDTH="21"/>
            <String HPOS="932" VPOS="3532" HEIGHT="24" WIDTH="118" ID="PAG_24_ST000145" WC="0.83" CONTENT="comme" STYLEREFS="TXT_15"/>
            <SP ID="PAG_24_SP000125" HPOS="1050" VPOS="3520" WIDTH="22"/>
            <String HPOS="1072" VPOS="3520" HEIGHT="40" WIDTH="99" ID="PAG_24_ST000146" WC="0.74" CONTENT="flturt," STYLEREFS="TXT_15"/>
            <SP ID="PAG_24_SP000126" HPOS="1171" VPOS="3523" WIDTH="22"/>
            <String HPOS="1193" VPOS="3523" HEIGHT="34" WIDTH="55" ID="PAG_24_ST000147" WC="0.68" CONTENT="des" STYLEREFS="TXT_15"/>
            <SP ID="PAG_24_SP000127" HPOS="1248" VPOS="3523" WIDTH="22"/>
            <String HPOS="1270" VPOS="3523" HEIGHT="33" WIDTH="74" ID="PAG_24_ST000148" WC="0.95" CONTENT="bou-" SUBS_TYPE="HypPart1" SUBS_CONTENT="boutant" STYLEREFS="TXT_15"/>
            <HYP HPOS="1344" VPOS="3556" WIDTH="30" CONTENT="-"/>
          </TextLine>
          <TextLine HPOS="540" VPOS="3567" HEIGHT="35" WIDTH="804" ID="PAG_24_TL000022" STYLEREFS="TXT_15">
            <String HPOS="540" VPOS="3570" HEIGHT="31" WIDTH="66" ID="PAG_24_ST000149" WC="0.84" CONTENT="tant" SUBS_TYPE="HypPart2" SUBS_CONTENT="boutant" STYLEREFS="TXT_15"/>
            <SP ID="PAG_24_SP000128" HPOS="606" VPOS="3567" WIDTH="29"/>
            <String HPOS="635" VPOS="3567" HEIGHT="34" WIDTH="41" ID="PAG_24_ST000150" WC="0.76" CONTENT="dt" STYLEREFS="TXT_15"/>
            <SP ID="PAG_24_SP000129" HPOS="676" VPOS="3577" WIDTH="30"/>
            <String HPOS="706" VPOS="3577" HEIGHT="25" WIDTH="84" ID="PAG_24_ST000151" WC="0.83" CONTENT="verre" STYLEREFS="TXT_15"/>
            <SP ID="PAG_24_SP000130" HPOS="790" VPOS="3571" WIDTH="29"/>
            <String HPOS="819" VPOS="3571" HEIGHT="30" WIDTH="33" ID="PAG_24_ST000152" WC="0.76" CONTENT="tt" STYLEREFS="TXT_15"/>
            <SP ID="PAG_24_SP000131" HPOS="852" VPOS="3568" WIDTH="28"/>
            <String HPOS="880" VPOS="3568" HEIGHT="34" WIDTH="55" ID="PAG_24_ST000153" WC="0.68" CONTENT="des" STYLEREFS="TXT_15"/>
            <SP ID="PAG_24_SP000132" HPOS="935" VPOS="3568" WIDTH="29"/>
            <String HPOS="964" VPOS="3568" HEIGHT="34" WIDTH="91" ID="PAG_24_ST000154" WC="0.90" CONTENT="rondt" STYLEREFS="TXT_15"/>
            <SP ID="PAG_24_SP000133" HPOS="1055" VPOS="3568" WIDTH="29"/>
            <String HPOS="1084" VPOS="3568" HEIGHT="34" WIDTH="40" ID="PAG_24_ST000155" WC="0.70" CONTENT="dt" STYLEREFS="TXT_15"/>
            <SP ID="PAG_24_SP000134" HPOS="1124" VPOS="3568" WIDTH="30"/>
            <String HPOS="1154" VPOS="3568" HEIGHT="34" WIDTH="77" ID="PAG_24_ST000156" WC="0.83" CONTENT="toile" STYLEREFS="TXT_15"/>
            <SP ID="PAG_24_SP000135" HPOS="1231" VPOS="3568" WIDTH="29"/>
            <String HPOS="1260" VPOS="3568" HEIGHT="34" WIDTH="84" ID="PAG_24_ST000157" WC="0.70" CONTENT="cirét" STYLEREFS="TXT_15"/>
          </TextLine>
          <TextLine HPOS="539" VPOS="3612" HEIGHT="42" WIDTH="805" ID="PAG_24_TL000023" STYLEREFS="TXT_15">
            <String HPOS="539" VPOS="3613" HEIGHT="37" WIDTH="141" ID="PAG_24_ST000158" WC="0.85" CONTENT="blancht," STYLEREFS="TXT_15"/>
            <SP ID="PAG_24_SP000136" HPOS="680" VPOS="3617" WIDTH="32"/>
            <String HPOS="712" VPOS="3617" HEIGHT="34" WIDTH="94" ID="PAG_24_ST000159" WC="0.86" CONTENT="verte," STYLEREFS="TXT_15"/>
            <SP ID="PAG_24_SP000137" HPOS="806" VPOS="3624" WIDTH="31"/>
            <String HPOS="837" VPOS="3624" HEIGHT="23" WIDTH="68" ID="PAG_24_ST000160" WC="0.75" CONTENT="rott" STYLEREFS="TXT_15"/>
            <SP ID="PAG_24_SP000138" HPOS="905" VPOS="3623" WIDTH="29"/>
            <String HPOS="934" VPOS="3623" HEIGHT="31" WIDTH="77" ID="PAG_24_ST000161" WC="1" CONTENT="pour" STYLEREFS="TXT_15"/>
            <SP ID="PAG_24_SP000139" HPOS="1011" VPOS="3612" WIDTH="32"/>
            <String HPOS="1043" VPOS="3612" HEIGHT="35" WIDTH="43" ID="PAG_24_ST000162" WC="0.44" CONTENT="les" STYLEREFS="TXT_15"/>
            <SP ID="PAG_24_SP000140" HPOS="1086" VPOS="3614" WIDTH="30"/>
            <String HPOS="1116" VPOS="3614" HEIGHT="33" WIDTH="159" ID="PAG_24_ST000163" WC="0.76" CONTENT="cocardtt." STYLEREFS="TXT_15"/>
            <SP ID="PAG_24_SP000141" HPOS="1275" VPOS="3614" WIDTH="31"/>
            <String HPOS="1306" VPOS="3614" HEIGHT="34" WIDTH="38" ID="PAG_24_ST000164" WC="0.60" CONTENT="Le" STYLEREFS="TXT_15"/>
          </TextLine>
          <TextLine HPOS="539" VPOS="3658" HEIGHT="35" WIDTH="835" ID="PAG_24_TL000024" STYLEREFS="TXT_15">
            <String HPOS="539" VPOS="3658" HEIGHT="35" WIDTH="103" ID="PAG_24_ST000165" WC="0.63" CONTENT="dtttut" STYLEREFS="TXT_15"/>
            <SP ID="PAG_24_SP000142" HPOS="642" VPOS="3658" WIDTH="31"/>
            <String HPOS="673" VPOS="3658" HEIGHT="35" WIDTH="41" ID="PAG_24_ST000166" WC="0.70" CONTENT="dt" STYLEREFS="TXT_15"/>
            <SP ID="PAG_24_SP000143" HPOS="714" VPOS="3659" WIDTH="31"/>
            <String HPOS="745" VPOS="3659" HEIGHT="34" WIDTH="158" ID="PAG_24_ST000167" WC="0.79" CONTENT="cheminée" STYLEREFS="TXT_15"/>
            <SP ID="PAG_24_SP000144" HPOS="903" VPOS="3663" WIDTH="31"/>
            <String HPOS="934" VPOS="3663" HEIGHT="29" WIDTH="47" ID="PAG_24_ST000168" WC="0.56" CONTENT="ttt" STYLEREFS="TXT_15"/>
            <SP ID="PAG_24_SP000145" HPOS="981" VPOS="3670" WIDTH="31"/>
            <String HPOS="1012" VPOS="3670" HEIGHT="22" WIDTH="36" ID="PAG_24_ST000169" WC="0.70" CONTENT="tn" STYLEREFS="TXT_15"/>
            <SP ID="PAG_24_SP000146" HPOS="1048" VPOS="3660" WIDTH="31"/>
            <String HPOS="1079" VPOS="3660" HEIGHT="33" WIDTH="78" ID="PAG_24_ST000170" WC="0.82" CONTENT="tulle" STYLEREFS="TXT_15"/>
            <SP ID="PAG_24_SP000147" HPOS="1157" VPOS="3660" WIDTH="30"/>
            <String HPOS="1187" VPOS="3660" HEIGHT="33" WIDTH="66" ID="PAG_24_ST000171" WC="0.99" CONTENT="noir" STYLEREFS="TXT_15"/>
            <SP ID="PAG_24_SP000148" HPOS="1253" VPOS="3662" WIDTH="31"/>
            <String HPOS="1284" VPOS="3662" HEIGHT="31" WIDTH="60" ID="PAG_24_ST000172" WC="0.99" CONTENT="tro-" SUBS_TYPE="HypPart1" SUBS_CONTENT="trovaillé" STYLEREFS="TXT_15"/>
            <HYP HPOS="1344" VPOS="3693" WIDTH="30" CONTENT="-"/>
          </TextLine>
          <TextLine HPOS="541" VPOS="3704" HEIGHT="41" WIDTH="804" ID="PAG_24_TL000025" STYLEREFS="TXT_15">
            <String HPOS="541" VPOS="3705" HEIGHT="33" WIDTH="93" ID="PAG_24_ST000173" WC="0.86" CONTENT="vaillé" SUBS_TYPE="HypPart2" SUBS_CONTENT="trovaillé" STYLEREFS="TXT_15"/>
            <SP ID="PAG_24_SP000149" HPOS="634" VPOS="3705" WIDTH="32"/>
            <String HPOS="666" VPOS="3705" HEIGHT="33" WIDTH="41" ID="PAG_24_ST000174" WC="0.73" CONTENT="de" STYLEREFS="TXT_15"/>
            <SP ID="PAG_24_SP000150" HPOS="707" VPOS="3705" WIDTH="29"/>
            <String HPOS="736" VPOS="3705" HEIGHT="40" WIDTH="126" ID="PAG_24_ST000175" WC="0.82" CONTENT="piqûrtt" STYLEREFS="TXT_15"/>
            <SP ID="PAG_24_SP000151" HPOS="862" VPOS="3714" WIDTH="30"/>
            <String HPOS="892" VPOS="3714" HEIGHT="24" WIDTH="36" ID="PAG_24_ST000176" WC="0.80" CONTENT="tn" STYLEREFS="TXT_15"/>
            <SP ID="PAG_24_SP000152" HPOS="928" VPOS="3704" WIDTH="33"/>
            <String HPOS="961" VPOS="3704" HEIGHT="40" WIDTH="128" ID="PAG_24_ST000177" WC="0.87" CONTENT="losange" STYLEREFS="TXT_15"/>
            <SP ID="PAG_24_SP000153" HPOS="1089" VPOS="3708" WIDTH="30"/>
            <String HPOS="1119" VPOS="3708" HEIGHT="30" WIDTH="33" ID="PAG_24_ST000178" WC="0.78" CONTENT="tt" STYLEREFS="TXT_15"/>
            <SP ID="PAG_24_SP000154" HPOS="1152" VPOS="3704" WIDTH="29"/>
            <String HPOS="1181" VPOS="3704" HEIGHT="41" WIDTH="94" ID="PAG_24_ST000179" WC="0.77" CONTENT="plitté" STYLEREFS="TXT_15"/>
            <SP ID="PAG_24_SP000155" HPOS="1275" VPOS="3715" WIDTH="31"/>
            <String HPOS="1306" VPOS="3715" HEIGHT="23" WIDTH="39" ID="PAG_24_ST000180" WC="1" CONTENT="ou" STYLEREFS="TXT_15"/>
          </TextLine>
          <TextLine HPOS="271" VPOS="3749" HEIGHT="43" WIDTH="1079" ID="PAG_24_TL000026" STYLEREFS="TXT_15">
            <String HPOS="271" VPOS="3765" HEIGHT="27" WIDTH="2" ID="PAG_24_ST000181" WC="0.00" CONTENT="I" STYLEREFS="TXT_15"/>
            <SP ID="PAG_24_SP000156" HPOS="273" VPOS="3750" WIDTH="269"/>
            <String HPOS="542" VPOS="3750" HEIGHT="34" WIDTH="88" ID="PAG_24_ST000182" WC="1" CONTENT="bord." STYLEREFS="TXT_15"/>
            <SP ID="PAG_24_SP000157" HPOS="630" VPOS="3749" WIDTH="22"/>
            <String HPOS="652" VPOS="3749" HEIGHT="35" WIDTH="80" ID="PAG_24_ST000183" WC="0.99" CONTENT="Dont" STYLEREFS="TXT_15"/>
            <SP ID="PAG_24_SP000158" HPOS="732" VPOS="3750" WIDTH="22"/>
            <String HPOS="754" VPOS="3750" HEIGHT="34" WIDTH="43" ID="PAG_24_ST000184" WC="0.44" CONTENT="les" STYLEREFS="TXT_15"/>
            <SP ID="PAG_24_SP000159" HPOS="797" VPOS="3749" WIDTH="22"/>
            <String HPOS="819" VPOS="3749" HEIGHT="41" WIDTH="112" ID="PAG_24_ST000185" WC="0.86" CONTENT="grands" STYLEREFS="TXT_15"/>
            <SP ID="PAG_24_SP000160" HPOS="931" VPOS="3750" WIDTH="21"/>
            <String HPOS="952" VPOS="3750" HEIGHT="40" WIDTH="152" ID="PAG_24_ST000186" WC="0.61" CONTENT="magot;ns" STYLEREFS="TXT_15"/>
            <SP ID="PAG_24_SP000161" HPOS="1104" VPOS="3761" WIDTH="14"/>
            <String HPOS="1118" VPOS="3761" HEIGHT="22" WIDTH="9" ID="PAG_24_ST000187" WC="1" CONTENT=":" STYLEREFS="TXT_15"/>
            <SP ID="PAG_24_SP000162" HPOS="1127" VPOS="3749" WIDTH="21"/>
            <String HPOS="1148" VPOS="3749" HEIGHT="34" WIDTH="76" ID="PAG_24_ST000188" WC="0.58" CONTENT="fuite" STYLEREFS="TXT_15"/>
            <SP ID="PAG_24_SP000163" HPOS="1224" VPOS="3749" WIDTH="21"/>
            <String HPOS="1245" VPOS="3749" HEIGHT="35" WIDTH="66" ID="PAG_24_ST000189" WC="0.84" CONTENT="noir" STYLEREFS="TXT_15"/>
            <SP ID="PAG_24_SP000164" HPOS="1311" VPOS="3751" WIDTH="19"/>
            <String HPOS="1330" VPOS="3751" HEIGHT="32" WIDTH="20" ID="PAG_24_ST000190" WC="1" CONTENT="à" STYLEREFS="TXT_15"/>
          </TextLine>
          <TextLine HPOS="542" VPOS="3794" HEIGHT="39" WIDTH="807" ID="PAG_24_TL000027" STYLEREFS="TXT_15">
            <String HPOS="542" VPOS="3796" HEIGHT="33" WIDTH="38" ID="PAG_24_ST000191" WC="1" CONTENT="35" STYLEREFS="TXT_15"/>
            <SP ID="PAG_24_SP000165" HPOS="580" VPOS="3795" WIDTH="24"/>
            <String HPOS="604" VPOS="3795" HEIGHT="35" WIDTH="37" ID="PAG_24_ST000192" WC="0.54" CONTENT="Ir," STYLEREFS="TXT_15"/>
            <SP ID="PAG_24_SP000166" HPOS="641" VPOS="3796" WIDTH="24"/>
            <String HPOS="665" VPOS="3796" HEIGHT="34" WIDTH="29" ID="PAG_24_ST000193" WC="0.39" CONTENT="1." STYLEREFS="TXT_15"/>
            <SP ID="PAG_24_SP000167" HPOS="694" VPOS="3806" WIDTH="23"/>
            <String HPOS="717" VPOS="3806" HEIGHT="23" WIDTH="38" ID="PAG_24_ST000194" WC="1" CONTENT="m." STYLEREFS="TXT_15"/>
            <SP ID="PAG_24_SP000168" HPOS="755" VPOS="3807" WIDTH="21"/>
            <String HPOS="776" VPOS="3807" HEIGHT="26" WIDTH="12" ID="PAG_24_ST000195" WC="1" CONTENT=";" STYLEREFS="TXT_15"/>
            <SP ID="PAG_24_SP000169" HPOS="788" VPOS="3797" WIDTH="20"/>
            <String HPOS="808" VPOS="3797" HEIGHT="33" WIDTH="147" ID="PAG_24_ST000196" WC="0.72" CONTENT="toutacht" STYLEREFS="TXT_15"/>
            <SP ID="PAG_24_SP000170" HPOS="955" VPOS="3797" WIDTH="23"/>
            <String HPOS="978" VPOS="3797" HEIGHT="32" WIDTH="19" ID="PAG_24_ST000197" WC="1" CONTENT="à" STYLEREFS="TXT_15"/>
            <SP ID="PAG_24_SP000171" HPOS="997" VPOS="3796" WIDTH="23"/>
            <String HPOS="1020" VPOS="3796" HEIGHT="33" WIDTH="18" ID="PAG_24_ST000198" WC="1" CONTENT="7" STYLEREFS="TXT_15"/>
            <SP ID="PAG_24_SP000172" HPOS="1038" VPOS="3794" WIDTH="21"/>
            <String HPOS="1059" VPOS="3794" HEIGHT="36" WIDTH="38" ID="PAG_24_ST000199" WC="0.90" CONTENT="fr." STYLEREFS="TXT_15"/>
            <SP ID="PAG_24_SP000173" HPOS="1097" VPOS="3795" WIDTH="23"/>
            <String HPOS="1120" VPOS="3795" HEIGHT="35" WIDTH="40" ID="PAG_24_ST000200" WC="1" CONTENT="50" STYLEREFS="TXT_15"/>
            <SP ID="PAG_24_SP000174" HPOS="1160" VPOS="3796" WIDTH="24"/>
            <String HPOS="1184" VPOS="3796" HEIGHT="34" WIDTH="43" ID="PAG_24_ST000201" WC="0.44" CONTENT="les" STYLEREFS="TXT_15"/>
            <SP ID="PAG_24_SP000175" HPOS="1227" VPOS="3795" WIDTH="21"/>
            <String HPOS="1248" VPOS="3795" HEIGHT="34" WIDTH="39" ID="PAG_24_ST000202" WC="0.94" CONTENT="25" STYLEREFS="TXT_15"/>
            <SP ID="PAG_24_SP000176" HPOS="1287" VPOS="3806" WIDTH="24"/>
            <String HPOS="1311" VPOS="3806" HEIGHT="24" WIDTH="38" ID="PAG_24_ST000203" WC="1" CONTENT="m." STYLEREFS="TXT_15"/>
          </TextLine>
        </TextBlock>
        <TextBlock HPOS="1955" VPOS="1049" HEIGHT="273" WIDTH="1705" ID="PAG_24_TB000006" LANG="fr" STYLEREFS="TXT_6">
          <TextLine HPOS="1962" VPOS="1049" HEIGHT="74" WIDTH="1698" ID="PAG_24_TL000028" STYLEREFS="TXT_6">
            <String HPOS="1962" VPOS="1049" HEIGHT="58" WIDTH="60" ID="PAG_24_ST000204" WC="0.67" CONTENT="*" STYLEREFS="TXT_15"/>
            <SP ID="PAG_24_SP000177" HPOS="2022" VPOS="1051" WIDTH="29"/>
            <String HPOS="2051" VPOS="1051" HEIGHT="53" WIDTH="84" ID="PAG_24_ST000205" WC="1" CONTENT="On" STYLEREFS="TXT_6"/>
            <SP ID="PAG_24_SP000178" HPOS="2135" VPOS="1069" WIDTH="24"/>
            <String HPOS="2159" VPOS="1069" HEIGHT="36" WIDTH="59" ID="PAG_24_ST000206" WC="1" CONTENT="ne" STYLEREFS="TXT_6"/>
            <SP ID="PAG_24_SP000179" HPOS="2218" VPOS="1050" WIDTH="27"/>
            <String HPOS="2245" VPOS="1050" HEIGHT="56" WIDTH="82" ID="PAG_24_ST000207" WC="1" CONTENT="fait" STYLEREFS="TXT_6"/>
            <SP ID="PAG_24_SP000180" HPOS="2327" VPOS="1053" WIDTH="26"/>
            <String HPOS="2353" VPOS="1053" HEIGHT="70" WIDTH="106" ID="PAG_24_ST000208" WC="1" CONTENT="plus" STYLEREFS="TXT_6"/>
            <SP ID="PAG_24_SP000181" HPOS="2459" VPOS="1054" WIDTH="20"/>
            <String HPOS="2479" VPOS="1054" HEIGHT="55" WIDTH="58" ID="PAG_24_ST000209" WC="1" CONTENT="de" STYLEREFS="TXT_6"/>
            <SP ID="PAG_24_SP000182" HPOS="2537" VPOS="1054" WIDTH="22"/>
            <String HPOS="2559" VPOS="1054" HEIGHT="56" WIDTH="77" ID="PAG_24_ST000210" WC="1" CONTENT="feu" STYLEREFS="TXT_6"/>
            <SP ID="PAG_24_SP000183" HPOS="2636" VPOS="1056" WIDTH="22"/>
            <String HPOS="2658" VPOS="1056" HEIGHT="55" WIDTH="120" ID="PAG_24_ST000211" WC="1" CONTENT="dans" STYLEREFS="TXT_6"/>
            <SP ID="PAG_24_SP000184" HPOS="2778" VPOS="1056" WIDTH="21"/>
            <String HPOS="2799" VPOS="1056" HEIGHT="56" WIDTH="68" ID="PAG_24_ST000212" WC="1" CONTENT="les" STYLEREFS="TXT_6"/>
            <SP ID="PAG_24_SP000185" HPOS="2867" VPOS="1057" WIDTH="21"/>
            <String HPOS="2888" VPOS="1057" HEIGHT="58" WIDTH="303" ID="PAG_24_ST000213" WC="1" CONTENT="cheminées?" STYLEREFS="TXT_6"/>
            <SP ID="PAG_24_SP000186" HPOS="3191" VPOS="1062" WIDTH="23"/>
            <String HPOS="3214" VPOS="1062" HEIGHT="54" WIDTH="125" ID="PAG_24_ST000214" WC="1" CONTENT="Mais" STYLEREFS="TXT_6"/>
            <SP ID="PAG_24_SP000187" HPOS="3339" VPOS="1064" WIDTH="21"/>
            <String HPOS="3360" VPOS="1064" HEIGHT="54" WIDTH="87" ID="PAG_24_ST000215" WC="1" CONTENT="si..." STYLEREFS="TXT_6"/>
            <SP ID="PAG_24_SP000188" HPOS="3447" VPOS="1065" WIDTH="26"/>
            <String HPOS="3473" VPOS="1065" HEIGHT="53" WIDTH="58" ID="PAG_24_ST000216" WC="1" CONTENT="Et" STYLEREFS="TXT_6"/>
            <SP ID="PAG_24_SP000189" HPOS="3531" VPOS="1063" WIDTH="26"/>
            <String HPOS="3557" VPOS="1063" HEIGHT="56" WIDTH="103" ID="PAG_24_ST000217" WC="1" CONTENT="leur" STYLEREFS="TXT_6"/>
          </TextLine>
          <TextLine HPOS="1956" VPOS="1145" HEIGHT="79" WIDTH="1703" ID="PAG_24_TL000029" STYLEREFS="TXT_6">
            <String HPOS="1956" VPOS="1159" HEIGHT="35" WIDTH="94" ID="PAG_24_ST000218" WC="1" CONTENT="vue" STYLEREFS="TXT_6"/>
            <SP ID="PAG_24_SP000190" HPOS="2050" VPOS="1154" WIDTH="26"/>
            <String HPOS="2076" VPOS="1154" HEIGHT="41" WIDTH="73" ID="PAG_24_ST000219" WC="1" CONTENT="est" STYLEREFS="TXT_6"/>
            <SP ID="PAG_24_SP000191" HPOS="2149" VPOS="1162" WIDTH="19"/>
            <String HPOS="2168" VPOS="1162" HEIGHT="36" WIDTH="176" ID="PAG_24_ST000220" WC="1" CONTENT="encore" STYLEREFS="TXT_6"/>
            <SP ID="PAG_24_SP000192" HPOS="2344" VPOS="1145" WIDTH="27"/>
            <String HPOS="2371" VPOS="1145" HEIGHT="69" WIDTH="219" ID="PAG_24_ST000221" WC="1" CONTENT="agréable" STYLEREFS="TXT_6"/>
            <SP ID="PAG_24_SP000193" HPOS="2590" VPOS="1150" WIDTH="20"/>
            <String HPOS="2610" VPOS="1150" HEIGHT="68" WIDTH="162" ID="PAG_24_ST000222" WC="1" CONTENT="quand" STYLEREFS="TXT_6"/>
            <SP ID="PAG_24_SP000194" HPOS="2772" VPOS="1169" WIDTH="22"/>
            <String HPOS="2794" VPOS="1169" HEIGHT="34" WIDTH="64" ID="PAG_24_ST000223" WC="1" CONTENT="on" STYLEREFS="TXT_6"/>
            <SP ID="PAG_24_SP000195" HPOS="2858" VPOS="1151" WIDTH="30"/>
            <String HPOS="2888" VPOS="1151" HEIGHT="53" WIDTH="89" ID="PAG_24_ST000224" WC="1" CONTENT="sait" STYLEREFS="TXT_6"/>
            <SP ID="PAG_24_SP000196" HPOS="2977" VPOS="1150" WIDTH="28"/>
            <String HPOS="3005" VPOS="1150" HEIGHT="55" WIDTH="67" ID="PAG_24_ST000225" WC="1" CONTENT="les" STYLEREFS="TXT_6"/>
            <SP ID="PAG_24_SP000197" HPOS="3072" VPOS="1152" WIDTH="26"/>
            <String HPOS="3098" VPOS="1152" HEIGHT="55" WIDTH="185" ID="PAG_24_ST000226" WC="1" CONTENT="utiliser" STYLEREFS="TXT_6"/>
            <SP ID="PAG_24_SP000198" HPOS="3283" VPOS="1173" WIDTH="24"/>
            <String HPOS="3307" VPOS="1173" HEIGHT="51" WIDTH="124" ID="PAG_24_ST000227" WC="1" CONTENT="pour" STYLEREFS="TXT_6"/>
            <SP ID="PAG_24_SP000199" HPOS="3431" VPOS="1156" WIDTH="21"/>
            <String HPOS="3452" VPOS="1156" HEIGHT="53" WIDTH="41" ID="PAG_24_ST000228" WC="1" CONTENT="le" STYLEREFS="TXT_6"/>
            <SP ID="PAG_24_SP000200" HPOS="3493" VPOS="1156" WIDTH="21"/>
            <String HPOS="3514" VPOS="1156" HEIGHT="54" WIDTH="145" ID="PAG_24_ST000229" WC="1" CONTENT="décor" STYLEREFS="TXT_6"/>
          </TextLine>
          <TextLine HPOS="1955" VPOS="1231" HEIGHT="74" WIDTH="1703" ID="PAG_24_TL000030" STYLEREFS="TXT_6">
            <String HPOS="1955" VPOS="1232" HEIGHT="54" WIDTH="58" ID="PAG_24_ST000230" WC="1" CONTENT="de" STYLEREFS="TXT_6"/>
            <SP ID="PAG_24_SP000201" HPOS="2013" VPOS="1231" WIDTH="36"/>
            <String HPOS="2049" VPOS="1231" HEIGHT="55" WIDTH="42" ID="PAG_24_ST000231" WC="1" CONTENT="la" STYLEREFS="TXT_6"/>
            <SP ID="PAG_24_SP000202" HPOS="2091" VPOS="1233" WIDTH="37"/>
            <String HPOS="2128" VPOS="1233" HEIGHT="56" WIDTH="211" ID="PAG_24_ST000232" WC="1" CONTENT="maison." STYLEREFS="TXT_6"/>
            <SP ID="PAG_24_SP000203" HPOS="2339" VPOS="1237" WIDTH="44"/>
            <String HPOS="2383" VPOS="1237" HEIGHT="60" WIDTH="162" ID="PAG_24_ST000233" WC="1" CONTENT="Enfin," STYLEREFS="TXT_6"/>
            <SP ID="PAG_24_SP000204" HPOS="2545" VPOS="1240" WIDTH="43"/>
            <String HPOS="2588" VPOS="1240" HEIGHT="52" WIDTH="38" ID="PAG_24_ST000234" WC="1" CONTENT="si" STYLEREFS="TXT_6"/>
            <SP ID="PAG_24_SP000205" HPOS="2626" VPOS="1239" WIDTH="41"/>
            <String HPOS="2667" VPOS="1239" HEIGHT="56" WIDTH="125" ID="PAG_24_ST000235" WC="1" CONTENT="l'une" STYLEREFS="TXT_6"/>
            <SP ID="PAG_24_SP000206" HPOS="2792" VPOS="1241" WIDTH="45"/>
            <String HPOS="2837" VPOS="1241" HEIGHT="55" WIDTH="158" ID="PAG_24_ST000236" WC="1" CONTENT="d'elles" STYLEREFS="TXT_6"/>
            <SP ID="PAG_24_SP000207" HPOS="2995" VPOS="1263" WIDTH="36"/>
            <String HPOS="3031" VPOS="1263" HEIGHT="34" WIDTH="128" ID="PAG_24_ST000237" WC="1" CONTENT="vous" STYLEREFS="TXT_6"/>
            <SP ID="PAG_24_SP000208" HPOS="3159" VPOS="1246" WIDTH="47"/>
            <String HPOS="3206" VPOS="1246" HEIGHT="59" WIDTH="214" ID="PAG_24_ST000238" WC="0.86" CONTENT="encombre," STYLEREFS="TXT_6"/>
            <SP ID="PAG_24_SP000209" HPOS="3420" VPOS="1246" WIDTH="1"/>
            <String HPOS="3420" VPOS="1246" HEIGHT="59" WIDTH="65" ID="PAG_24_ST000239" WC="0.86" CONTENT="7" STYLEREFS="TXT_6"/>
            <SP ID="PAG_24_SP000210" HPOS="3485" VPOS="1266" WIDTH="46"/>
            <String HPOS="3531" VPOS="1266" HEIGHT="31" WIDTH="127" ID="PAG_24_ST000240" WC="1" CONTENT="vous" STYLEREFS="TXT_6"/>
          </TextLine>
          <TextLine HPOS="3079" VPOS="1305" HEIGHT="17" WIDTH="12" ID="PAG_24_TL000031" STYLEREFS="TXT_7">
            <String HPOS="3079" VPOS="1305" HEIGHT="17" WIDTH="12" ID="PAG_24_ST000241" WC="0.74" CONTENT="4" STYLEREFS="TXT_7"/>
          </TextLine>
        </TextBlock>
        <TextBlock HPOS="1956" VPOS="1326" HEIGHT="83" WIDTH="1699" ID="PAG_24_TB000007" LANG="fr" STYLEREFS="TXT_6">
          <TextLine HPOS="1956" VPOS="1326" HEIGHT="83" WIDTH="1699" ID="PAG_24_TL000032" STYLEREFS="TXT_6">
            <String HPOS="1956" VPOS="1343" HEIGHT="49" WIDTH="191" ID="PAG_24_ST000242" WC="1" CONTENT="pouvez" STYLEREFS="TXT_6"/>
            <SP ID="PAG_24_SP000211" HPOS="2147" VPOS="1344" WIDTH="21"/>
            <String HPOS="2168" VPOS="1344" HEIGHT="36" WIDTH="59" ID="PAG_24_ST000243" WC="1" CONTENT="en" STYLEREFS="TXT_6"/>
            <SP ID="PAG_24_SP000212" HPOS="2227" VPOS="1326" WIDTH="22"/>
            <String HPOS="2249" VPOS="1326" HEIGHT="56" WIDTH="113" ID="PAG_24_ST000244" WC="1" CONTENT="faire" STYLEREFS="TXT_6"/>
            <SP ID="PAG_24_SP000213" HPOS="2362" VPOS="1347" WIDTH="21"/>
            <String HPOS="2383" VPOS="1347" HEIGHT="36" WIDTH="95" ID="PAG_24_ST000245" WC="1" CONTENT="une" STYLEREFS="TXT_6"/>
            <SP ID="PAG_24_SP000214" HPOS="2478" VPOS="1329" WIDTH="22"/>
            <String HPOS="2500" VPOS="1329" HEIGHT="58" WIDTH="230" ID="PAG_24_ST000246" WC="1" CONTENT="coiffeuse" STYLEREFS="TXT_6"/>
            <SP ID="PAG_24_SP000215" HPOS="2730" VPOS="1352" WIDTH="23"/>
            <String HPOS="2753" VPOS="1352" HEIGHT="52" WIDTH="82" ID="PAG_24_ST000247" WC="1" CONTENT="par" STYLEREFS="TXT_6"/>
            <SP ID="PAG_24_SP000216" HPOS="2835" VPOS="1353" WIDTH="19"/>
            <String HPOS="2854" VPOS="1353" HEIGHT="35" WIDTH="95" ID="PAG_24_ST000248" WC="1" CONTENT="une" STYLEREFS="TXT_6"/>
            <SP ID="PAG_24_SP000217" HPOS="2949" VPOS="1337" WIDTH="19"/>
            <String HPOS="2968" VPOS="1337" HEIGHT="69" WIDTH="400" ID="PAG_24_ST000249" WC="1" CONTENT="métamorphose" STYLEREFS="TXT_6"/>
            <SP ID="PAG_24_SP000218" HPOS="3368" VPOS="1338" WIDTH="21"/>
            <String HPOS="3389" VPOS="1338" HEIGHT="71" WIDTH="266" ID="PAG_24_ST000250" WC="1" CONTENT="imprévue." STYLEREFS="TXT_6"/>
          </TextLine>
        </TextBlock>
        <Illustration ID="PAG_24_IL000002" HPOS="1106" VPOS="1471" HEIGHT="3044" WIDTH="2723"/>
        <TextBlock HPOS="2545" VPOS="4554" HEIGHT="40" WIDTH="454" ID="PAG_24_TB000008" LANG="fr" STYLEREFS="TXT_15">
          <TextLine HPOS="2545" VPOS="4554" HEIGHT="40" WIDTH="454" ID="PAG_24_TL000033" STYLEREFS="TXT_15">
            <String HPOS="2545" VPOS="4554" HEIGHT="34" WIDTH="52" ID="PAG_24_ST000251" WC="1" CONTENT="LA" STYLEREFS="TXT_15"/>
            <SP ID="PAG_24_SP000219" HPOS="2597" VPOS="4554" WIDTH="24"/>
            <String HPOS="2621" VPOS="4554" HEIGHT="38" WIDTH="223" ID="PAG_24_ST000252" WC="0.82" CONTENT="CHIMINII" STYLEREFS="TXT_15"/>
            <SP ID="PAG_24_SP000220" HPOS="2844" VPOS="4557" WIDTH="26"/>
            <String HPOS="2870" VPOS="4557" HEIGHT="37" WIDTH="129" ID="PAG_24_ST000253" WC="0.78" CONTENT="NOIRS" STYLEREFS="TXT_15"/>
          </TextLine>
        </TextBlock>
        </ComposedBlock>
      </PrintSpace>
    </Page>
  </Layout>
</alto>