<?xml version="1.0" encoding="UTF-8"?>
<alto xmlns="http://www.loc.gov/standards/alto/ns-v3#" xmlns:xsi="http://www.w3.org/2001/XMLSchema-instance" SCHEMAVERSION="alto_bnf-v2_0" xsi:schemaLocation="http://www.loc.gov/standards/alto/ns-v3# http://bibnum.bnf.fr/schema/alto_bnf-v2_0.xsd" xmlns:xlink="http://www.w3.org/TR/xlink">
  <Description>
    <MeasurementUnit>pixel</MeasurementUnit>
    <sourceImageInformation>
      <fileName>00000007.jp2</fileName>
      <fileIdentifier>ark:/12148/bpt6k4701034k/f7</fileIdentifier>
      <documentIdentifier documentIdentifierLocation="NUM">4701034</documentIdentifier>
    </sourceImageInformation>
    <OCRProcessing ID="OCR_1">
      <ocrProcessingStep>
        <processingDateTime>2019-01-29</processingDateTime>
        <processingStepDescription>[001_OCR_BRUT]OCR BRUT 71.26 %</processingStepDescription>
        <processingStepDescription>[002_CHARS]{536}</processingStepDescription>
        <processingStepDescription>[003_CHARS_USED]{0}</processingStepDescription>
        <processingStepDescription>[004_CHARS_SUSPECTS_USED]{0}</processingStepDescription>
        <processingStepDescription>[005_CHARS_UNUSED]{536}</processingStepDescription>
        <processingStepDescription>[006_CHARS_SUSPECTS_UNUSED]{0}</processingStepDescription>
        <processingStepDescription>[007_STRINGS]{108}</processingStepDescription>
        <processingStepDescription>[008_STRINGS_USED]{0}</processingStepDescription>
        <processingStepDescription>[009_STRINGS_SUSPECTS_UNUSED]{0}</processingStepDescription>
        <processingStepDescription>[010_CHARS_LETTERS]{482}</processingStepDescription>
        <processingStepDescription>[011_CHARS_PUNCTUATION]{44}</processingStepDescription>
        <processingStepDescription>[012_CHARS_DIGITS]{10}</processingStepDescription>
        <processingStepDescription>[013_CHARS_SUSPECT]{0}</processingStepDescription>
        <processingStepDescription>[022_CHARS_UNUSED_BY_BLOCK]{0}</processingStepDescription>
        <processingStepDescription>[023_BLOCKS_SUSPECTS]{0}</processingStepDescription>
        <processingStepDescription>[111_LIGS_DETECTED_CURV]{0}</processingStepDescription>
      </ocrProcessingStep>
    </OCRProcessing>
  </Description>
  <Styles>
    <TextStyle FONTSIZE="7" ID="TXT_20" FONTFAMILY="Times"/>
    <TextStyle FONTSIZE="28" ID="TXT_22" FONTFAMILY="Times"/>
    <TextStyle FONTSIZE="38" ID="TXT_23" FONTFAMILY="Times"/>
    <TextStyle FONTSIZE="33" ID="TXT_24" FONTFAMILY="Times"/>
    <TextStyle FONTSIZE="10" ID="TXT_25" FONTFAMILY="Times"/>
    <TextStyle FONTSIZE="8" ID="TXT_26" FONTFAMILY="Times"/>
  </Styles>
  <Tags>
    <LayoutTag TYPE="Content" ID="TAG_advertisement" LABEL="advertisement"/>
  </Tags>
  <Layout>
    <Page ID="PAG_7" HEIGHT="4941" WIDTH="3814" PHYSICAL_IMG_NR="7" QUALITY="OK" ACCURACY="100.00">
      <PrintSpace HPOS="160" VPOS="330" HEIGHT="4310" WIDTH="3223" ID="PAG_7_PrintSpace">
        <Illustration ID="PAG_7_IL000001" HPOS="160" VPOS="330" HEIGHT="1627" WIDTH="1561"/>
        <TextBlock HPOS="403" VPOS="2008" HEIGHT="295" WIDTH="1058" ID="PAG_7_TB000001" TAGREFS="TAG_advertisement" LANG="fr" STYLEREFS="TXT_20">
          <TextLine HPOS="408" VPOS="2008" HEIGHT="63" WIDTH="1048" ID="PAG_7_TL000001" STYLEREFS="TXT_20">
            <String HPOS="408" VPOS="2011" HEIGHT="60" WIDTH="231" ID="PAG_7_ST000001" WC="0.99" CONTENT="VOUS" STYLEREFS="TXT_20"/>
            <SP ID="PAG_7_SP000001" HPOS="639" VPOS="2012" WIDTH="21"/>
            <String HPOS="660" VPOS="2012" HEIGHT="39" WIDTH="111" ID="PAG_7_ST000002" WC="1" CONTENT="aimez" STYLEREFS="TXT_20"/>
            <SP ID="PAG_7_SP000002" HPOS="771" VPOS="2009" WIDTH="27"/>
            <String HPOS="798" VPOS="2009" HEIGHT="42" WIDTH="46" ID="PAG_7_ST000003" WC="1" CONTENT="les" STYLEREFS="TXT_20"/>
            <SP ID="PAG_7_SP000003" HPOS="844" VPOS="2010" WIDTH="26"/>
            <String HPOS="870" VPOS="2010" HEIGHT="40" WIDTH="115" ID="PAG_7_ST000004" WC="1" CONTENT="beaux" STYLEREFS="TXT_20"/>
            <SP ID="PAG_7_SP000004" HPOS="985" VPOS="2008" WIDTH="26"/>
            <String HPOS="1011" VPOS="2008" HEIGHT="42" WIDTH="157" ID="PAG_7_ST000005" WC="1" CONTENT="meubles" STYLEREFS="TXT_20"/>
            <SP ID="PAG_7_SP000005" HPOS="1168" VPOS="2021" WIDTH="25"/>
            <String HPOS="1193" VPOS="2021" HEIGHT="28" WIDTH="32" ID="PAG_7_ST000006" WC="1" CONTENT="et" STYLEREFS="TXT_20"/>
            <SP ID="PAG_7_SP000006" HPOS="1225" VPOS="2026" WIDTH="27"/>
            <String HPOS="1252" VPOS="2026" HEIGHT="32" WIDTH="88" ID="PAG_7_ST000007" WC="1" CONTENT="pour" STYLEREFS="TXT_20"/>
            <SP ID="PAG_7_SP000007" HPOS="1340" VPOS="2021" WIDTH="21"/>
            <String HPOS="1361" VPOS="2021" HEIGHT="28" WIDTH="95" ID="PAG_7_ST000008" WC="1" CONTENT="votre" STYLEREFS="TXT_20"/>
          </TextLine>
          <TextLine HPOS="548" VPOS="2070" HEIGHT="49" WIDTH="913" ID="PAG_7_TL000002" STYLEREFS="TXT_20">
            <String HPOS="548" VPOS="2072" HEIGHT="44" WIDTH="221" ID="PAG_7_ST000009" WC="1" CONTENT="installation," STYLEREFS="TXT_20"/>
            <SP ID="PAG_7_SP000008" HPOS="769" VPOS="2089" WIDTH="29"/>
            <String HPOS="798" VPOS="2089" HEIGHT="23" WIDTH="86" ID="PAG_7_ST000010" WC="1" CONTENT="vous" STYLEREFS="TXT_20"/>
            <SP ID="PAG_7_SP000009" HPOS="884" VPOS="2071" WIDTH="26"/>
            <String HPOS="910" VPOS="2071" HEIGHT="41" WIDTH="49" ID="PAG_7_ST000011" WC="1" CONTENT="les" STYLEREFS="TXT_20"/>
            <SP ID="PAG_7_SP000010" HPOS="959" VPOS="2071" WIDTH="27"/>
            <String HPOS="986" VPOS="2071" HEIGHT="40" WIDTH="125" ID="PAG_7_ST000012" WC="1" CONTENT="voulez" STYLEREFS="TXT_20"/>
            <SP ID="PAG_7_SP000011" HPOS="1111" VPOS="2070" WIDTH="25"/>
            <String HPOS="1136" VPOS="2070" HEIGHT="45" WIDTH="138" ID="PAG_7_ST000013" WC="1" CONTENT="solides," STYLEREFS="TXT_20"/>
            <SP ID="PAG_7_SP000012" HPOS="1274" VPOS="2070" WIDTH="29"/>
            <String HPOS="1303" VPOS="2070" HEIGHT="49" WIDTH="158" ID="PAG_7_ST000014" WC="1" CONTENT="élégants" STYLEREFS="TXT_20"/>
          </TextLine>
          <TextLine HPOS="549" VPOS="2131" HEIGHT="52" WIDTH="912" ID="PAG_7_TL000003" STYLEREFS="TXT_20">
            <String HPOS="549" VPOS="2148" HEIGHT="27" WIDTH="33" ID="PAG_7_ST000015" WC="1" CONTENT="et" STYLEREFS="TXT_20"/>
            <SP ID="PAG_7_SP000013" HPOS="582" VPOS="2134" WIDTH="14"/>
            <String HPOS="596" VPOS="2134" HEIGHT="42" WIDTH="247" ID="PAG_7_ST000016" WC="1" CONTENT="confortables." STYLEREFS="TXT_20"/>
            <SP ID="PAG_7_SP000014" HPOS="843" VPOS="2133" WIDTH="10"/>
            <String HPOS="853" VPOS="2133" HEIGHT="41" WIDTH="57" ID="PAG_7_ST000017" WC="1" CONTENT="Le" STYLEREFS="TXT_20"/>
            <SP ID="PAG_7_SP000015" HPOS="910" VPOS="2134" WIDTH="10"/>
            <String HPOS="920" VPOS="2134" HEIGHT="49" WIDTH="75" ID="PAG_7_ST000018" WC="1" CONTENT="plus" STYLEREFS="TXT_20"/>
            <SP ID="PAG_7_SP000016" HPOS="995" VPOS="2132" WIDTH="10"/>
            <String HPOS="1005" VPOS="2132" HEIGHT="50" WIDTH="123" ID="PAG_7_ST000019" WC="1" CONTENT="simple" STYLEREFS="TXT_20"/>
            <SP ID="PAG_7_SP000017" HPOS="1128" VPOS="2145" WIDTH="15"/>
            <String HPOS="1143" VPOS="2145" HEIGHT="28" WIDTH="50" ID="PAG_7_ST000020" WC="1" CONTENT="est" STYLEREFS="TXT_20"/>
            <SP ID="PAG_7_SP000018" HPOS="1193" VPOS="2131" WIDTH="12"/>
            <String HPOS="1205" VPOS="2131" HEIGHT="41" WIDTH="46" ID="PAG_7_ST000021" WC="1" CONTENT="de" STYLEREFS="TXT_20"/>
            <SP ID="PAG_7_SP000019" HPOS="1251" VPOS="2132" WIDTH="15"/>
            <String HPOS="1266" VPOS="2132" HEIGHT="40" WIDTH="195" ID="PAG_7_ST000022" WC="1" CONTENT="demander" STYLEREFS="TXT_20"/>
          </TextLine>
          <TextLine HPOS="403" VPOS="2193" HEIGHT="52" WIDTH="1054" ID="PAG_7_TL000004" STYLEREFS="TXT_20">
            <String HPOS="403" VPOS="2195" HEIGHT="50" WIDTH="225" ID="PAG_7_ST000023" WC="1" CONTENT="aujourd'hui" STYLEREFS="TXT_20"/>
            <SP ID="PAG_7_SP000020" HPOS="628" VPOS="2200" WIDTH="22"/>
            <String HPOS="650" VPOS="2200" HEIGHT="37" WIDTH="116" ID="PAG_7_ST000024" WC="1" CONTENT="même" STYLEREFS="TXT_20"/>
            <SP ID="PAG_7_SP000021" HPOS="766" VPOS="2200" WIDTH="14"/>
            <String HPOS="780" VPOS="2200" HEIGHT="36" WIDTH="20" ID="PAG_7_ST000025" WC="1" CONTENT="à" STYLEREFS="TXT_20"/>
            <SP ID="PAG_7_SP000022" HPOS="800" VPOS="2194" WIDTH="16"/>
            <String HPOS="816" VPOS="2194" HEIGHT="45" WIDTH="270" ID="PAG_7_ST000026" WC="0.92" CONTENT="LEVITAN." STYLEREFS="TXT_20"/>
            <SP ID="PAG_7_SP000023" HPOS="1086" VPOS="2194" WIDTH="19"/>
            <String HPOS="1105" VPOS="2194" HEIGHT="45" WIDTH="63" ID="PAG_7_ST000027" WC="1" CONTENT="63," STYLEREFS="TXT_20"/>
            <SP ID="PAG_7_SP000024" HPOS="1168" VPOS="2193" WIDTH="17"/>
            <String HPOS="1185" VPOS="2193" HEIGHT="41" WIDTH="68" ID="PAG_7_ST000028" WC="1" CONTENT="Bd." STYLEREFS="TXT_20"/>
            <SP ID="PAG_7_SP000025" HPOS="1253" VPOS="2193" WIDTH="17"/>
            <String HPOS="1270" VPOS="2193" HEIGHT="50" WIDTH="187" ID="PAG_7_ST000029" WC="1" CONTENT="Magenta," STYLEREFS="TXT_20"/>
          </TextLine>
          <TextLine HPOS="407" VPOS="2257" HEIGHT="46" WIDTH="612" ID="PAG_7_TL000005" STYLEREFS="TXT_20">
            <String HPOS="407" VPOS="2257" HEIGHT="46" WIDTH="180" ID="PAG_7_ST000030" WC="1" CONTENT="PARIS," STYLEREFS="TXT_20"/>
            <SP ID="PAG_7_SP000026" HPOS="587" VPOS="2275" WIDTH="38"/>
            <String HPOS="625" VPOS="2275" HEIGHT="24" WIDTH="61" ID="PAG_7_ST000031" WC="1" CONTENT="son" STYLEREFS="TXT_20"/>
            <SP ID="PAG_7_SP000027" HPOS="686" VPOS="2258" WIDTH="39"/>
            <String HPOS="725" VPOS="2258" HEIGHT="41" WIDTH="126" ID="PAG_7_ST000032" WC="1" CONTENT="nouvel" STYLEREFS="TXT_20"/>
            <SP ID="PAG_7_SP000028" HPOS="851" VPOS="2257" WIDTH="38"/>
            <String HPOS="889" VPOS="2257" HEIGHT="41" WIDTH="130" ID="PAG_7_ST000033" WC="1" CONTENT="album." STYLEREFS="TXT_20"/>
          </TextLine>
        </TextBlock>
        <TextBlock HPOS="404" VPOS="2322" HEIGHT="303" WIDTH="1057" ID="PAG_7_TB000002" TAGREFS="TAG_advertisement" LANG="fr" STYLEREFS="TXT_20">
          <TextLine HPOS="406" VPOS="2322" HEIGHT="53" WIDTH="1052" ID="PAG_7_TL000006" STYLEREFS="TXT_20">
            <String HPOS="406" VPOS="2325" HEIGHT="42" WIDTH="105" ID="PAG_7_ST000034" WC="0.99" CONTENT="Vous" STYLEREFS="TXT_20"/>
            <SP ID="PAG_7_SP000029" HPOS="511" VPOS="2343" WIDTH="41"/>
            <String HPOS="552" VPOS="2343" HEIGHT="31" WIDTH="21" ID="PAG_7_ST000035" WC="1" CONTENT="y" STYLEREFS="TXT_20"/>
            <SP ID="PAG_7_SP000030" HPOS="573" VPOS="2343" WIDTH="38"/>
            <String HPOS="611" VPOS="2343" HEIGHT="23" WIDTH="120" ID="PAG_7_ST000036" WC="1" CONTENT="verrez" STYLEREFS="TXT_20"/>
            <SP ID="PAG_7_SP000031" HPOS="731" VPOS="2325" WIDTH="36"/>
            <String HPOS="767" VPOS="2325" HEIGHT="50" WIDTH="77" ID="PAG_7_ST000037" WC="1" CONTENT="plus" STYLEREFS="TXT_20"/>
            <SP ID="PAG_7_SP000032" HPOS="844" VPOS="2324" WIDTH="41"/>
            <String HPOS="885" VPOS="2324" HEIGHT="41" WIDTH="47" ID="PAG_7_ST000038" WC="1" CONTENT="de" STYLEREFS="TXT_20"/>
            <SP ID="PAG_7_SP000033" HPOS="932" VPOS="2324" WIDTH="48"/>
            <String HPOS="980" VPOS="2324" HEIGHT="41" WIDTH="79" ID="PAG_7_ST000039" WC="1" CONTENT="300" STYLEREFS="TXT_20"/>
            <SP ID="PAG_7_SP000034" HPOS="1059" VPOS="2322" WIDTH="37"/>
            <String HPOS="1096" VPOS="2322" HEIGHT="42" WIDTH="156" ID="PAG_7_ST000040" WC="1" CONTENT="modèles" STYLEREFS="TXT_20"/>
            <SP ID="PAG_7_SP000035" HPOS="1252" VPOS="2322" WIDTH="40"/>
            <String HPOS="1292" VPOS="2322" HEIGHT="40" WIDTH="45" ID="PAG_7_ST000041" WC="1" CONTENT="de" STYLEREFS="TXT_20"/>
            <SP ID="PAG_7_SP000036" HPOS="1337" VPOS="2335" WIDTH="44"/>
            <String HPOS="1381" VPOS="2335" HEIGHT="28" WIDTH="77" ID="PAG_7_ST000042" WC="1" CONTENT="tous" STYLEREFS="TXT_20"/>
          </TextLine>
          <TextLine HPOS="405" VPOS="2388" HEIGHT="52" WIDTH="1056" ID="PAG_7_TL000007" STYLEREFS="TXT_20">
            <String HPOS="405" VPOS="2391" HEIGHT="48" WIDTH="115" ID="PAG_7_ST000043" WC="1" CONTENT="styles," STYLEREFS="TXT_20"/>
            <SP ID="PAG_7_SP000037" HPOS="520" VPOS="2393" WIDTH="23"/>
            <String HPOS="543" VPOS="2393" HEIGHT="37" WIDTH="19" ID="PAG_7_ST000044" WC="1" CONTENT="à" STYLEREFS="TXT_20"/>
            <SP ID="PAG_7_SP000038" HPOS="562" VPOS="2389" WIDTH="22"/>
            <String HPOS="584" VPOS="2389" HEIGHT="41" WIDTH="62" ID="PAG_7_ST000045" WC="1" CONTENT="des" STYLEREFS="TXT_20"/>
            <SP ID="PAG_7_SP000039" HPOS="646" VPOS="2392" WIDTH="14"/>
            <String HPOS="660" VPOS="2392" HEIGHT="48" WIDTH="77" ID="PAG_7_ST000046" WC="1" CONTENT="prix" STYLEREFS="TXT_20"/>
            <SP ID="PAG_7_SP000040" HPOS="737" VPOS="2389" WIDTH="20"/>
            <String HPOS="757" VPOS="2389" HEIGHT="43" WIDTH="231" ID="PAG_7_ST000047" WC="0.99" CONTENT="imbattables," STYLEREFS="TXT_20"/>
            <SP ID="PAG_7_SP000041" HPOS="988" VPOS="2388" WIDTH="22"/>
            <String HPOS="1010" VPOS="2388" HEIGHT="50" WIDTH="197" ID="PAG_7_ST000048" WC="1" CONTENT="reproduits" STYLEREFS="TXT_20"/>
            <SP ID="PAG_7_SP000042" HPOS="1207" VPOS="2405" WIDTH="21"/>
            <String HPOS="1228" VPOS="2405" HEIGHT="23" WIDTH="40" ID="PAG_7_ST000049" WC="1" CONTENT="en" STYLEREFS="TXT_20"/>
            <SP ID="PAG_7_SP000043" HPOS="1268" VPOS="2388" WIDTH="22"/>
            <String HPOS="1290" VPOS="2388" HEIGHT="48" WIDTH="171" ID="PAG_7_ST000050" WC="1" CONTENT="superbes" STYLEREFS="TXT_20"/>
          </TextLine>
          <TextLine HPOS="406" VPOS="2449" HEIGHT="52" WIDTH="1054" ID="PAG_7_TL000008" STYLEREFS="TXT_20">
            <String HPOS="406" VPOS="2450" HEIGHT="51" WIDTH="168" ID="PAG_7_ST000051" WC="1" CONTENT="planches" STYLEREFS="TXT_20"/>
            <SP ID="PAG_7_SP000044" HPOS="574" VPOS="2450" WIDTH="26"/>
            <String HPOS="600" VPOS="2450" HEIGHT="51" WIDTH="341" ID="PAG_7_ST000052" WC="1" CONTENT="photographiques." STYLEREFS="TXT_20"/>
            <SP ID="PAG_7_SP000045" HPOS="941" VPOS="2449" WIDTH="28"/>
            <String HPOS="969" VPOS="2449" HEIGHT="41" WIDTH="104" ID="PAG_7_ST000053" WC="1" CONTENT="Vous" STYLEREFS="TXT_20"/>
            <SP ID="PAG_7_SP000046" HPOS="1073" VPOS="2467" WIDTH="33"/>
            <String HPOS="1106" VPOS="2467" HEIGHT="31" WIDTH="25" ID="PAG_7_ST000054" WC="1" CONTENT="y" STYLEREFS="TXT_20"/>
            <SP ID="PAG_7_SP000047" HPOS="1131" VPOS="2462" WIDTH="32"/>
            <String HPOS="1163" VPOS="2462" HEIGHT="27" WIDTH="180" ID="PAG_7_ST000055" WC="1" CONTENT="trouverez" STYLEREFS="TXT_20"/>
            <SP ID="PAG_7_SP000048" HPOS="1343" VPOS="2462" WIDTH="28"/>
            <String HPOS="1371" VPOS="2462" HEIGHT="26" WIDTH="89" ID="PAG_7_ST000056" WC="1" CONTENT="aussi" STYLEREFS="TXT_20"/>
          </TextLine>
          <TextLine HPOS="404" VPOS="2509" HEIGHT="55" WIDTH="1053" ID="PAG_7_TL000009" STYLEREFS="TXT_20">
            <String HPOS="404" VPOS="2513" HEIGHT="41" WIDTH="89" ID="PAG_7_ST000057" WC="1" CONTENT="dans" STYLEREFS="TXT_20"/>
            <SP ID="PAG_7_SP000049" HPOS="493" VPOS="2514" WIDTH="27"/>
            <String HPOS="520" VPOS="2514" HEIGHT="40" WIDTH="46" ID="PAG_7_ST000058" WC="1" CONTENT="les" STYLEREFS="TXT_20"/>
            <SP ID="PAG_7_SP000050" HPOS="566" VPOS="2513" WIDTH="23"/>
            <String HPOS="589" VPOS="2513" HEIGHT="41" WIDTH="80" ID="PAG_7_ST000059" WC="1" CONTENT="200" STYLEREFS="TXT_20"/>
            <SP ID="PAG_7_SP000051" HPOS="669" VPOS="2530" WIDTH="25"/>
            <String HPOS="694" VPOS="2530" HEIGHT="34" WIDTH="109" ID="PAG_7_ST000060" WC="1" CONTENT="pages" STYLEREFS="TXT_20"/>
            <SP ID="PAG_7_SP000052" HPOS="803" VPOS="2512" WIDTH="24"/>
            <String HPOS="827" VPOS="2512" HEIGHT="41" WIDTH="46" ID="PAG_7_ST000061" WC="1" CONTENT="de" STYLEREFS="TXT_20"/>
            <SP ID="PAG_7_SP000053" HPOS="873" VPOS="2530" WIDTH="25"/>
            <String HPOS="898" VPOS="2530" HEIGHT="22" WIDTH="41" ID="PAG_7_ST000062" WC="1" CONTENT="ce" STYLEREFS="TXT_20"/>
            <SP ID="PAG_7_SP000054" HPOS="939" VPOS="2525" WIDTH="20"/>
            <String HPOS="959" VPOS="2525" HEIGHT="36" WIDTH="211" ID="PAG_7_ST000063" WC="1" CONTENT="somptueux" STYLEREFS="TXT_20"/>
            <SP ID="PAG_7_SP000055" HPOS="1170" VPOS="2511" WIDTH="21"/>
            <String HPOS="1191" VPOS="2511" HEIGHT="48" WIDTH="183" ID="PAG_7_ST000064" WC="1" CONTENT="catalogue" STYLEREFS="TXT_20"/>
            <SP ID="PAG_7_SP000056" HPOS="1374" VPOS="2509" WIDTH="19"/>
            <String HPOS="1393" VPOS="2509" HEIGHT="40" WIDTH="64" ID="PAG_7_ST000065" WC="1" CONTENT="des" STYLEREFS="TXT_20"/>
          </TextLine>
          <TextLine HPOS="407" VPOS="2571" HEIGHT="54" WIDTH="906" ID="PAG_7_TL000010" STYLEREFS="TXT_20">
            <String HPOS="407" VPOS="2575" HEIGHT="41" WIDTH="147" ID="PAG_7_ST000066" WC="1" CONTENT="conseils" STYLEREFS="TXT_20"/>
            <SP ID="PAG_7_SP000057" HPOS="554" VPOS="2577" WIDTH="26"/>
            <String HPOS="580" VPOS="2577" HEIGHT="48" WIDTH="165" ID="PAG_7_ST000067" WC="1" CONTENT="précieux" STYLEREFS="TXT_20"/>
            <SP ID="PAG_7_SP000058" HPOS="745" VPOS="2592" WIDTH="26"/>
            <String HPOS="771" VPOS="2592" HEIGHT="32" WIDTH="88" ID="PAG_7_ST000068" WC="1" CONTENT="pour" STYLEREFS="TXT_20"/>
            <SP ID="PAG_7_SP000059" HPOS="859" VPOS="2574" WIDTH="26"/>
            <String HPOS="885" VPOS="2574" HEIGHT="41" WIDTH="148" ID="PAG_7_ST000069" WC="1" CONTENT="installer" STYLEREFS="TXT_20"/>
            <SP ID="PAG_7_SP000060" HPOS="1033" VPOS="2585" WIDTH="26"/>
            <String HPOS="1059" VPOS="2585" HEIGHT="29" WIDTH="97" ID="PAG_7_ST000070" WC="1" CONTENT="votre" STYLEREFS="TXT_20"/>
            <SP ID="PAG_7_SP000061" HPOS="1156" VPOS="2571" WIDTH="29"/>
            <String HPOS="1185" VPOS="2571" HEIGHT="50" WIDTH="128" ID="PAG_7_ST000071" WC="1" CONTENT="Foyer." STYLEREFS="TXT_20"/>
          </TextLine>
        </TextBlock>
        <Illustration ID="PAG_7_IL000002" HPOS="160" VPOS="2678" HEIGHT="1962" WIDTH="1561"/>
        <TextBlock HPOS="3215" VPOS="453" HEIGHT="5" WIDTH="62" ID="PAG_7_TB000003" TAGREFS="TAG_advertisement" LANG="fr" STYLEREFS="TXT_20">
          <TextLine HPOS="3215" VPOS="453" HEIGHT="5" WIDTH="62" ID="PAG_7_TL000011" STYLEREFS="TXT_20">
            <String HPOS="3215" VPOS="453" HEIGHT="5" WIDTH="62" ID="PAG_7_ST000072" WC="0.33" CONTENT="---" STYLEREFS="TXT_20"/>
          </TextLine>
        </TextBlock>
        <TextBlock HPOS="1916" VPOS="476" HEIGHT="236" WIDTH="1294" ID="PAG_7_TB000004" TAGREFS="TAG_advertisement" LANG="fr" STYLEREFS="TXT_22">
          <TextLine HPOS="1916" VPOS="476" HEIGHT="236" WIDTH="1294" ID="PAG_7_TL000012" STYLEREFS="TXT_22">
            <String HPOS="1916" VPOS="506" HEIGHT="182" WIDTH="408" ID="PAG_7_ST000073" WC="0.41" CONTENT="TiOLC6" STYLEREFS="TXT_22"/>
            <SP ID="PAG_7_SP000062" HPOS="2324" VPOS="476" WIDTH="70"/>
            <String HPOS="2394" VPOS="476" HEIGHT="236" WIDTH="816" ID="PAG_7_ST000074" WC="0.20" CONTENT="Lh^mçai/)^" STYLEREFS="TXT_23"/>
          </TextLine>
        </TextBlock>
        <TextBlock HPOS="1796" VPOS="678" HEIGHT="186" WIDTH="1502" ID="PAG_7_TB000005" TAGREFS="TAG_advertisement" LANG="fr" STYLEREFS="TXT_22">
          <TextLine HPOS="1796" VPOS="678" HEIGHT="186" WIDTH="1502" ID="PAG_7_TL000013" STYLEREFS="TXT_22">
            <String HPOS="1796" VPOS="841" HEIGHT="13" WIDTH="3" ID="PAG_7_ST000075" WC="0.5" CONTENT="1" STYLEREFS="TXT_22"/>
            <SP ID="PAG_7_SP000063" HPOS="1799" VPOS="678" WIDTH="41"/>
            <String HPOS="1840" VPOS="678" HEIGHT="186" WIDTH="754" ID="PAG_7_ST000076" WC="0.61" CONTENT="tfulîtotcilt" STYLEREFS="TXT_22"/>
            <SP ID="PAG_7_SP000064" HPOS="2594" VPOS="838" WIDTH="76"/>
            <String HPOS="2670" VPOS="838" HEIGHT="26" WIDTH="28" ID="PAG_7_ST000077" WC="0.60" CONTENT="," STYLEREFS="TXT_22"/>
            <SP ID="PAG_7_SP000065" HPOS="2698" VPOS="700" WIDTH="100"/>
            <String HPOS="2798" VPOS="700" HEIGHT="152" WIDTH="500" ID="PAG_7_ST000078" WC="0.00" CONTENT="OMMJL" STYLEREFS="TXT_24"/>
          </TextLine>
        </TextBlock>
        <Illustration ID="PAG_7_IL000003" HPOS="1756" VPOS="866" HEIGHT="1687" WIDTH="1627"/>
        <TextBlock HPOS="1794" VPOS="2562" HEIGHT="108" WIDTH="784" ID="PAG_7_TB000006" TAGREFS="TAG_advertisement" LANG="fr" STYLEREFS="TXT_24">
          <TextLine HPOS="1794" VPOS="2562" HEIGHT="108" WIDTH="784" ID="PAG_7_TL000014" STYLEREFS="TXT_24">
            <String HPOS="1794" VPOS="2562" HEIGHT="108" WIDTH="12" ID="PAG_7_ST000079" WC="0.00" CONTENT="(" STYLEREFS="TXT_24"/>
            <SP ID="PAG_7_SP000066" HPOS="1806" VPOS="2590" WIDTH="716"/>
            <String HPOS="2522" VPOS="2590" HEIGHT="60" WIDTH="56" ID="PAG_7_ST000080" WC="0.21" CONTENT="*" STYLEREFS="TXT_24"/>
          </TextLine>
        </TextBlock>
        <TextBlock HPOS="2172" VPOS="2660" HEIGHT="116" WIDTH="1128" ID="PAG_7_TB000007" TAGREFS="TAG_advertisement" LANG="fr" STYLEREFS="TXT_25">
          <TextLine HPOS="2172" VPOS="2660" HEIGHT="116" WIDTH="1128" ID="PAG_7_TL000015" STYLEREFS="TXT_25">
            <String HPOS="2172" VPOS="2726" HEIGHT="50" WIDTH="100" ID="PAG_7_ST000081" WC="1" CONTENT="LA" STYLEREFS="TXT_25"/>
            <SP ID="PAG_7_SP000067" HPOS="2272" VPOS="2722" WIDTH="70"/>
            <String HPOS="2342" VPOS="2722" HEIGHT="52" WIDTH="260" ID="PAG_7_ST000082" WC="1" CONTENT="SEULE" STYLEREFS="TXT_25"/>
            <SP ID="PAG_7_SP000068" HPOS="2602" VPOS="2718" WIDTH="66"/>
            <String HPOS="2668" VPOS="2718" HEIGHT="52" WIDTH="268" ID="PAG_7_ST000083" WC="1" CONTENT="REVUE" STYLEREFS="TXT_25"/>
            <SP ID="PAG_7_SP000069" HPOS="2936" VPOS="2660" WIDTH="354"/>
            <String HPOS="3290" VPOS="2660" HEIGHT="116" WIDTH="10" ID="PAG_7_ST000084" WC="0.00" CONTENT="!" STYLEREFS="TXT_25"/>
          </TextLine>
        </TextBlock>
        <TextBlock HPOS="2284" VPOS="2808" HEIGHT="60" WIDTH="538" ID="PAG_7_TB000008" TAGREFS="TAG_advertisement" LANG="fr" STYLEREFS="TXT_25">
          <TextLine HPOS="2284" VPOS="2808" HEIGHT="60" WIDTH="538" ID="PAG_7_TL000016" STYLEREFS="TXT_25">
            <String HPOS="2284" VPOS="2808" HEIGHT="60" WIDTH="538" ID="PAG_7_ST000085" WC="1" CONTENT="PRÉSENTANT" STYLEREFS="TXT_25"/>
          </TextLine>
        </TextBlock>
        <TextBlock HPOS="2068" VPOS="2892" HEIGHT="72" WIDTH="978" ID="PAG_7_TB000009" TAGREFS="TAG_advertisement" LANG="fr" STYLEREFS="TXT_25">
          <TextLine HPOS="2068" VPOS="2892" HEIGHT="72" WIDTH="978" ID="PAG_7_TL000017" STYLEREFS="TXT_25">
            <String HPOS="2068" VPOS="2912" HEIGHT="52" WIDTH="104" ID="PAG_7_ST000086" WC="1" CONTENT="LES" STYLEREFS="TXT_25"/>
            <SP ID="PAG_7_SP000070" HPOS="2172" VPOS="2902" WIDTH="50"/>
            <String HPOS="2222" VPOS="2902" HEIGHT="60" WIDTH="394" ID="PAG_7_ST000087" WC="0.99" CONTENT="DERNIÈRES" STYLEREFS="TXT_25"/>
            <SP ID="PAG_7_SP000071" HPOS="2616" VPOS="2892" WIDTH="46"/>
            <String HPOS="2662" VPOS="2892" HEIGHT="66" WIDTH="384" ID="PAG_7_ST000088" WC="1" CONTENT="CRÉATIONS" STYLEREFS="TXT_25"/>
          </TextLine>
        </TextBlock>
        <TextBlock HPOS="1800" VPOS="3002" HEIGHT="88" WIDTH="1500" ID="PAG_7_TB000010" TAGREFS="TAG_advertisement" LANG="fr" STYLEREFS="TXT_25">
          <TextLine HPOS="1800" VPOS="3002" HEIGHT="88" WIDTH="1500" ID="PAG_7_TL000018" STYLEREFS="TXT_25">
            <String HPOS="1800" VPOS="3038" HEIGHT="42" WIDTH="4" ID="PAG_7_ST000089" WC="0.00" CONTENT="I" STYLEREFS="TXT_25"/>
            <SP ID="PAG_7_SP000072" HPOS="1804" VPOS="3018" WIDTH="108"/>
            <String HPOS="1912" VPOS="3018" HEIGHT="50" WIDTH="78" ID="PAG_7_ST000090" WC="1" CONTENT="DE" STYLEREFS="TXT_25"/>
            <SP ID="PAG_7_SP000073" HPOS="1990" VPOS="3010" WIDTH="28"/>
            <String HPOS="2018" VPOS="3010" HEIGHT="54" WIDTH="240" ID="PAG_7_ST000091" WC="1" CONTENT="TRICOT" STYLEREFS="TXT_25"/>
            <SP ID="PAG_7_SP000074" HPOS="2258" VPOS="3010" WIDTH="22"/>
            <String HPOS="2280" VPOS="3010" HEIGHT="50" WIDTH="188" ID="PAG_7_ST000092" WC="1" CONTENT="MAIN" STYLEREFS="TXT_25"/>
            <SP ID="PAG_7_SP000075" HPOS="2468" VPOS="3010" WIDTH="24"/>
            <String HPOS="2492" VPOS="3010" HEIGHT="24" WIDTH="36" ID="PAG_7_ST000093" WC="0.62" CONTENT="&quot;" STYLEREFS="TXT_25"/>
            <SP ID="PAG_7_SP000076" HPOS="2528" VPOS="3006" WIDTH="24"/>
            <String HPOS="2552" VPOS="3006" HEIGHT="52" WIDTH="218" ID="PAG_7_ST000094" WC="1" CONTENT="HAUTE" STYLEREFS="TXT_25"/>
            <SP ID="PAG_7_SP000077" HPOS="2770" VPOS="3002" WIDTH="38"/>
            <String HPOS="2808" VPOS="3002" HEIGHT="54" WIDTH="306" ID="PAG_7_ST000095" WC="1" CONTENT="COUTURE" STYLEREFS="TXT_25"/>
            <SP ID="PAG_7_SP000078" HPOS="3114" VPOS="3004" WIDTH="22"/>
            <String HPOS="3136" VPOS="3004" HEIGHT="44" WIDTH="54" ID="PAG_7_ST000096" WC="0.48" CONTENT="&quot;." STYLEREFS="TXT_25"/>
            <SP ID="PAG_7_SP000079" HPOS="3190" VPOS="3016" WIDTH="106"/>
            <String HPOS="3296" VPOS="3016" HEIGHT="74" WIDTH="4" ID="PAG_7_ST000097" WC="0.00" CONTENT="j" STYLEREFS="TXT_25"/>
          </TextLine>
        </TextBlock>
        <TextBlock HPOS="1798" VPOS="3086" HEIGHT="128" WIDTH="788" ID="PAG_7_TB000011" TAGREFS="TAG_advertisement" LANG="fr" STYLEREFS="TXT_25">
          <TextLine HPOS="1798" VPOS="3086" HEIGHT="128" WIDTH="788" ID="PAG_7_TL000019" STYLEREFS="TXT_25">
            <String HPOS="1798" VPOS="3086" HEIGHT="128" WIDTH="4" ID="PAG_7_ST000098" WC="0.00" CONTENT="!" STYLEREFS="TXT_25"/>
            <SP ID="PAG_7_SP000080" HPOS="1802" VPOS="3132" WIDTH="724"/>
            <String HPOS="2526" VPOS="3132" HEIGHT="62" WIDTH="60" ID="PAG_7_ST000099" WC="0.23" CONTENT="*" STYLEREFS="TXT_25"/>
          </TextLine>
        </TextBlock>
        <TextBlock HPOS="1804" VPOS="3282" HEIGHT="80" WIDTH="1082" ID="PAG_7_TB000012" TAGREFS="TAG_advertisement" LANG="fr" STYLEREFS="TXT_26">
          <TextLine HPOS="1804" VPOS="3282" HEIGHT="80" WIDTH="1082" ID="PAG_7_TL000020" STYLEREFS="TXT_26">
            <String HPOS="1804" VPOS="3290" HEIGHT="72" WIDTH="6" ID="PAG_7_ST000100" WC="0.00" CONTENT=":j" STYLEREFS="TXT_26"/>
            <SP ID="PAG_7_SP000081" HPOS="1810" VPOS="3296" WIDTH="406"/>
            <String HPOS="2216" VPOS="3296" HEIGHT="42" WIDTH="168" ID="PAG_7_ST000101" WC="1" CONTENT="DANS" STYLEREFS="TXT_26"/>
            <SP ID="PAG_7_SP000082" HPOS="2384" VPOS="3294" WIDTH="60"/>
            <String HPOS="2444" VPOS="3294" HEIGHT="44" WIDTH="82" ID="PAG_7_ST000102" WC="1" CONTENT="CE" STYLEREFS="TXT_26"/>
            <SP ID="PAG_7_SP000083" HPOS="2526" VPOS="3282" WIDTH="66"/>
            <String HPOS="2592" VPOS="3282" HEIGHT="52" WIDTH="294" ID="PAG_7_ST000103" WC="1" CONTENT="NUMÉRO" STYLEREFS="TXT_26"/>
          </TextLine>
        </TextBlock>
        <TextBlock HPOS="2835" VPOS="3368" HEIGHT="261" WIDTH="163" ID="PAG_7_TB000013" TAGREFS="TAG_advertisement" LANG="fr" STYLEREFS="TXT_26">
          <TextLine HPOS="2835" VPOS="3368" HEIGHT="261" WIDTH="163" ID="PAG_7_TL000021" STYLEREFS="TXT_26">
            <String HPOS="2835" VPOS="3368" HEIGHT="261" WIDTH="163" ID="PAG_7_ST000104" WC="0.00" CONTENT="tel" STYLEREFS="TXT_26"/>
          </TextLine>
        </TextBlock>
        <TextBlock HPOS="1802" VPOS="4221" HEIGHT="99" WIDTH="1499" ID="PAG_7_TB000014" TAGREFS="TAG_advertisement" LANG="fr" STYLEREFS="TXT_26">
          <TextLine HPOS="1802" VPOS="4221" HEIGHT="25" WIDTH="319" ID="PAG_7_TL000022" STYLEREFS="TXT_26">
            <String HPOS="1802" VPOS="4223" HEIGHT="23" WIDTH="3" ID="PAG_7_ST000105" WC="0.00" CONTENT="I" STYLEREFS="TXT_26"/>
            <SP ID="PAG_7_SP000084" HPOS="1805" VPOS="4221" WIDTH="314"/>
            <String HPOS="2119" VPOS="4221" HEIGHT="4" WIDTH="2" ID="PAG_7_ST000106" WC="0.00" CONTENT="'" STYLEREFS="TXT_26"/>
          </TextLine>
          <TextLine HPOS="3297" VPOS="4308" HEIGHT="12" WIDTH="4" ID="PAG_7_TL000023" STYLEREFS="TXT_26">
            <String HPOS="3297" VPOS="4308" HEIGHT="12" WIDTH="4" ID="PAG_7_ST000107" WC="0.00" CONTENT="j" STYLEREFS="TXT_26"/>
          </TextLine>
        </TextBlock>
        <TextBlock HPOS="1796" VPOS="4362" HEIGHT="130" WIDTH="1506" ID="PAG_7_TB000015" TAGREFS="TAG_advertisement" LANG="fr" STYLEREFS="TXT_20">
          <TextLine HPOS="1796" VPOS="4362" HEIGHT="130" WIDTH="1506" ID="PAG_7_TL000024" STYLEREFS="TXT_20">
            <String HPOS="1796" VPOS="4362" HEIGHT="130" WIDTH="1506" ID="PAG_7_ST000108" WC="0.00" CONTENT="^^^^^^VENT^PARTOU^^^^^" STYLEREFS="TXT_20"/>
          </TextLine>
        </TextBlock>
      </PrintSpace>
    </Page>
  </Layout>
</alto>