<?xml version="1.0" encoding="UTF-8"?>
<alto xmlns="http://www.loc.gov/standards/alto/ns-v3#" xmlns:xsi="http://www.w3.org/2001/XMLSchema-instance" SCHEMAVERSION="alto_bnf-v2_0" xsi:schemaLocation="http://www.loc.gov/standards/alto/ns-v3# http://bibnum.bnf.fr/schema/alto_bnf-v2_0.xsd" xmlns:xlink="http://www.w3.org/TR/xlink">
  <Description>
    <MeasurementUnit>pixel</MeasurementUnit>
    <sourceImageInformation>
      <fileName>00000022.jp2</fileName>
      <fileIdentifier>ark:/12148/bpt6k4701034k/f22</fileIdentifier>
      <documentIdentifier documentIdentifierLocation="NUM">4701034</documentIdentifier>
    </sourceImageInformation>
    <OCRProcessing ID="OCR_1">
      <ocrProcessingStep>
        <processingDateTime>2019-01-29</processingDateTime>
        <processingStepDescription>[001_OCR_BRUT]OCR BRUT 85.13 %</processingStepDescription>
        <processingStepDescription>[002_CHARS]{889}</processingStepDescription>
        <processingStepDescription>[003_CHARS_USED]{25}</processingStepDescription>
        <processingStepDescription>[004_CHARS_SUSPECTS_USED]{0}</processingStepDescription>
        <processingStepDescription>[005_CHARS_UNUSED]{864}</processingStepDescription>
        <processingStepDescription>[006_CHARS_SUSPECTS_UNUSED]{0}</processingStepDescription>
        <processingStepDescription>[007_STRINGS]{212}</processingStepDescription>
        <processingStepDescription>[008_STRINGS_USED]{4}</processingStepDescription>
        <processingStepDescription>[009_STRINGS_SUSPECTS_UNUSED]{0}</processingStepDescription>
        <processingStepDescription>[010_CHARS_LETTERS]{760}</processingStepDescription>
        <processingStepDescription>[011_CHARS_PUNCTUATION]{80}</processingStepDescription>
        <processingStepDescription>[012_CHARS_DIGITS]{43}</processingStepDescription>
        <processingStepDescription>[013_CHARS_SUSPECT]{0}</processingStepDescription>
        <processingStepDescription>[022_CHARS_UNUSED_BY_BLOCK]{0}</processingStepDescription>
        <processingStepDescription>[023_BLOCKS_SUSPECTS]{0}</processingStepDescription>
        <processingStepDescription>[111_LIGS_DETECTED_CURV]{0}</processingStepDescription>
      </ocrProcessingStep>
    </OCRProcessing>
  </Description>
  <Styles>
    <TextStyle FONTSIZE="5" ID="TXT_2" FONTFAMILY="Arial"/>
    <TextStyle FONTSIZE="6" ID="TXT_18" FONTFAMILY="Times"/>
    <TextStyle FONTSIZE="71" ID="TXT_40" FONTFAMILY="Times"/>
  </Styles>
  <Tags>
    <StructureTag DESCRIPTION="LES PETITES ROBES D'APRÈS-MIDI" TYPE="Structural" ID="TAG_ST001" LABEL="title"/>
  </Tags>
  <Layout>
    <Page ID="PAG_22" HEIGHT="5013" WIDTH="7551" PHYSICAL_IMG_NR="22" QUALITY="OK" ACCURACY="99.73">
      <PrintSpace HPOS="270" VPOS="206" HEIGHT="4510" WIDTH="7074" ID="PAG_22_PrintSpace">
        <TextBlock HPOS="448" VPOS="444" HEIGHT="396" WIDTH="1352" ID="PAG_22_TB000001" TAGREFS="TAG_ST001" LANG="fr" STYLEREFS="TXT_40">
          <TextLine HPOS="448" VPOS="444" HEIGHT="396" WIDTH="1352" ID="PAG_22_TL000001" STYLEREFS="TXT_40">
            <String HPOS="448" VPOS="444" HEIGHT="396" WIDTH="174" ID="PAG_22_ST000001" WC="1" CONTENT="LES" STYLEREFS="TXT_40"/>
            <SP ID="PAG_22_SP000001" HPOS="622" VPOS="444" WIDTH="1"/>
            <String HPOS="622" VPOS="444" HEIGHT="396" WIDTH="348" ID="PAG_22_ST000002" WC="1" CONTENT="PETITES" STYLEREFS="TXT_40"/>
            <SP ID="PAG_22_SP000002" HPOS="970" VPOS="444" WIDTH="1"/>
            <String HPOS="970" VPOS="444" HEIGHT="396" WIDTH="261" ID="PAG_22_ST000003" WC="1" CONTENT="ROBES" STYLEREFS="TXT_40"/>
            <SP ID="PAG_22_SP000003" HPOS="1231" VPOS="444" WIDTH="1"/>
            <String HPOS="1231" VPOS="444" HEIGHT="396" WIDTH="569" ID="PAG_22_ST000004" WC="1" CONTENT="D'APRÈS-MIDI" STYLEREFS="TXT_40"/>
          </TextLine>
        </TextBlock>
        <Illustration ID="PAG_22_IL000001" HPOS="270" VPOS="846" HEIGHT="3870" WIDTH="3304"/>
        <ComposedBlock ID="PAG_22_CB000001" HPOS="3574" VPOS="365" HEIGHT="4273" WIDTH="1832">
        <Illustration ID="PAG_22_IL000002" HPOS="3574" VPOS="365" HEIGHT="3880" WIDTH="1832"/>
        <TextBlock HPOS="4005" VPOS="4245" HEIGHT="356" WIDTH="1246" ID="PAG_22_TB000002" LANG="fr" STYLEREFS="TXT_18">
          <TextLine HPOS="4005" VPOS="4245" HEIGHT="34" WIDTH="1238" ID="PAG_22_TL000002" STYLEREFS="TXT_18">
            <String HPOS="4005" VPOS="4247" HEIGHT="32" WIDTH="39" ID="PAG_22_ST000005" WC="0.5" CONTENT="+" STYLEREFS="TXT_40"/>
            <SP ID="PAG_22_SP000004" HPOS="4044" VPOS="4247" WIDTH="24"/>
            <String HPOS="4068" VPOS="4247" HEIGHT="32" WIDTH="98" ID="PAG_22_ST000006" WC="0.98" CONTENT="Cette" STYLEREFS="TXT_18"/>
            <SP ID="PAG_22_SP000005" HPOS="4166" VPOS="4245" WIDTH="23"/>
            <String HPOS="4189" VPOS="4245" HEIGHT="32" WIDTH="168" ID="PAG_22_ST000007" WC="0.99" CONTENT="ravissante" STYLEREFS="TXT_18"/>
            <SP ID="PAG_22_SP000006" HPOS="4357" VPOS="4245" WIDTH="23"/>
            <String HPOS="4380" VPOS="4245" HEIGHT="34" WIDTH="102" ID="PAG_22_ST000008" WC="0.89" CONTENT="p.tit." STYLEREFS="TXT_18"/>
            <SP ID="PAG_22_SP000007" HPOS="4482" VPOS="4245" WIDTH="24"/>
            <String HPOS="4506" VPOS="4245" HEIGHT="24" WIDTH="76" ID="PAG_22_ST000009" WC="0.97" CONTENT="rooe" STYLEREFS="TXT_18"/>
            <SP ID="PAG_22_SP000008" HPOS="4582" VPOS="4245" WIDTH="24"/>
            <String HPOS="4606" VPOS="4245" HEIGHT="22" WIDTH="45" ID="PAG_22_ST000010" WC="0.50" CONTENT="esr" STYLEREFS="TXT_18"/>
            <SP ID="PAG_22_SP000009" HPOS="4651" VPOS="4245" WIDTH="26"/>
            <String HPOS="4677" VPOS="4245" HEIGHT="20" WIDTH="147" ID="PAG_22_ST000011" WC="0.58" CONTENT="exscur.»" STYLEREFS="TXT_18"/>
            <SP ID="PAG_22_SP000010" HPOS="4824" VPOS="4245" WIDTH="25"/>
            <String HPOS="4849" VPOS="4245" HEIGHT="16" WIDTH="145" ID="PAG_22_ST000012" WC="0.00" CONTENT="....«.w»" STYLEREFS="TXT_18"/>
            <SP ID="PAG_22_SP000011" HPOS="4994" VPOS="4245" WIDTH="25"/>
            <String HPOS="5019" VPOS="4245" HEIGHT="10" WIDTH="18" ID="PAG_22_ST000013" WC="0.80" CONTENT="-" STYLEREFS="TXT_18"/>
            <SP ID="PAG_22_SP000012" HPOS="5037" VPOS="4245" WIDTH="118"/>
            <String HPOS="5155" VPOS="4245" HEIGHT="34" WIDTH="58" ID="PAG_22_ST000014" WC="0.00" CONTENT="y-" SUBS_TYPE="HypPart1" SUBS_CONTENT="y-*" STYLEREFS="TXT_18"/>
            <HYP HPOS="5213" VPOS="4279" WIDTH="30" CONTENT="-"/>
          </TextLine>
          <TextLine HPOS="4005" VPOS="4278" HEIGHT="38" WIDTH="1210" ID="PAG_22_TL000003" STYLEREFS="TXT_18">
            <String HPOS="4005" VPOS="4278" HEIGHT="38" WIDTH="18" ID="PAG_22_ST000015" WC="0.72" CONTENT="*" SUBS_TYPE="HypPart2" SUBS_CONTENT="y-*" STYLEREFS="TXT_18"/>
            <SP ID="PAG_22_SP000013" HPOS="4023" VPOS="4278" WIDTH="1"/>
            <String HPOS="4023" VPOS="4278" HEIGHT="38" WIDTH="54" ID="PAG_22_ST000016" WC="0.72" CONTENT="vous" STYLEREFS="TXT_18"/>
            <SP ID="PAG_22_SP000014" HPOS="4077" VPOS="4296" WIDTH="27"/>
            <String HPOS="4104" VPOS="4296" HEIGHT="18" WIDTH="157" ID="PAG_22_ST000017" WC="1" CONTENT="trouverez" STYLEREFS="TXT_18"/>
            <SP ID="PAG_22_SP000015" HPOS="4261" VPOS="4298" WIDTH="26"/>
            <String HPOS="4287" VPOS="4298" HEIGHT="14" WIDTH="39" ID="PAG_22_ST000018" WC="0.98" CONTENT="au" STYLEREFS="TXT_18"/>
            <SP ID="PAG_22_SP000016" HPOS="4326" VPOS="4285" WIDTH="28"/>
            <String HPOS="4354" VPOS="4285" HEIGHT="27" WIDTH="176" ID="PAG_22_ST000019" WC="1" CONTENT="Printemps," STYLEREFS="TXT_18"/>
            <SP ID="PAG_22_SP000017" HPOS="4530" VPOS="4291" WIDTH="28"/>
            <String HPOS="4558" VPOS="4291" HEIGHT="21" WIDTH="38" ID="PAG_22_ST000020" WC="1" CONTENT="au" STYLEREFS="TXT_18"/>
            <SP ID="PAG_22_SP000018" HPOS="4596" VPOS="4279" WIDTH="27"/>
            <String HPOS="4623" VPOS="4279" HEIGHT="33" WIDTH="65" ID="PAG_22_ST000021" WC="1" CONTENT="prix" STYLEREFS="TXT_18"/>
            <SP ID="PAG_22_SP000019" HPOS="4688" VPOS="4278" WIDTH="27"/>
            <String HPOS="4715" VPOS="4278" HEIGHT="30" WIDTH="41" ID="PAG_22_ST000022" WC="1" CONTENT="de" STYLEREFS="TXT_18"/>
            <SP ID="PAG_22_SP000020" HPOS="4756" VPOS="4278" WIDTH="26"/>
            <String HPOS="4782" VPOS="4278" HEIGHT="28" WIDTH="39" ID="PAG_22_ST000023" WC="1" CONTENT="49" STYLEREFS="TXT_18"/>
            <SP ID="PAG_22_SP000021" HPOS="4821" VPOS="4278" WIDTH="28"/>
            <String HPOS="4849" VPOS="4278" HEIGHT="26" WIDTH="100" ID="PAG_22_ST000024" WC="1" CONTENT="francs" STYLEREFS="TXT_18"/>
            <SP ID="PAG_22_SP000022" HPOS="4949" VPOS="4278" WIDTH="29"/>
            <String HPOS="4978" VPOS="4278" HEIGHT="24" WIDTH="29" ID="PAG_22_ST000025" WC="1" CONTENT="le" STYLEREFS="TXT_18"/>
            <SP ID="PAG_22_SP000023" HPOS="5007" VPOS="4278" WIDTH="28"/>
            <String HPOS="5035" VPOS="4278" HEIGHT="22" WIDTH="95" ID="PAG_22_ST000026" WC="0.99" CONTENT="mètre" STYLEREFS="TXT_18"/>
            <SP ID="PAG_22_SP000024" HPOS="5130" VPOS="4278" WIDTH="33"/>
            <String HPOS="5163" VPOS="4278" HEIGHT="27" WIDTH="52" ID="PAG_22_ST000027" WC="0.96" CONTENT="(en" STYLEREFS="TXT_18"/>
          </TextLine>
          <TextLine HPOS="4005" VPOS="4315" HEIGHT="44" WIDTH="1211" ID="PAG_22_TL000004" STYLEREFS="TXT_18">
            <String HPOS="4005" VPOS="4341" HEIGHT="17" WIDTH="19" ID="PAG_22_ST000028" WC="1" CONTENT="0" STYLEREFS="TXT_18"/>
            <SP ID="PAG_22_SP000025" HPOS="4024" VPOS="4350" WIDTH="22"/>
            <String HPOS="4046" VPOS="4350" HEIGHT="8" WIDTH="37" ID="PAG_22_ST000029" WC="0.51" CONTENT="m," STYLEREFS="TXT_18"/>
            <SP ID="PAG_22_SP000026" HPOS="4083" VPOS="4337" WIDTH="21"/>
            <String HPOS="4104" VPOS="4337" HEIGHT="22" WIDTH="72" ID="PAG_22_ST000030" WC="1" CONTENT="95)." STYLEREFS="TXT_18"/>
            <SP ID="PAG_22_SP000027" HPOS="4176" VPOS="4333" WIDTH="26"/>
            <String HPOS="4202" VPOS="4333" HEIGHT="25" WIDTH="162" ID="PAG_22_ST000031" WC="1" CONTENT="(Métrage" STYLEREFS="TXT_18"/>
            <SP ID="PAG_22_SP000028" HPOS="4364" VPOS="4328" WIDTH="22"/>
            <String HPOS="4386" VPOS="4328" HEIGHT="30" WIDTH="173" ID="PAG_22_ST000032" WC="1" CONTENT="nécessaire" STYLEREFS="TXT_18"/>
            <SP ID="PAG_22_SP000029" HPOS="4559" VPOS="4336" WIDTH="22"/>
            <String HPOS="4581" VPOS="4336" HEIGHT="22" WIDTH="9" ID="PAG_22_ST000033" WC="1" CONTENT=":" STYLEREFS="TXT_18"/>
            <SP ID="PAG_22_SP000030" HPOS="4590" VPOS="4326" WIDTH="21"/>
            <String HPOS="4611" VPOS="4326" HEIGHT="31" WIDTH="17" ID="PAG_22_ST000034" WC="1" CONTENT="3" STYLEREFS="TXT_18"/>
            <SP ID="PAG_22_SP000031" HPOS="4628" VPOS="4335" WIDTH="23"/>
            <String HPOS="4651" VPOS="4335" HEIGHT="20" WIDTH="36" ID="PAG_22_ST000035" WC="1" CONTENT="m." STYLEREFS="TXT_18"/>
            <SP ID="PAG_22_SP000032" HPOS="4687" VPOS="4333" WIDTH="23"/>
            <String HPOS="4710" VPOS="4333" HEIGHT="21" WIDTH="36" ID="PAG_22_ST000036" WC="1" CONTENT="en" STYLEREFS="TXT_18"/>
            <SP ID="PAG_22_SP000033" HPOS="4746" VPOS="4322" WIDTH="22"/>
            <String HPOS="4768" VPOS="4322" HEIGHT="30" WIDTH="20" ID="PAG_22_ST000037" WC="1" CONTENT="0" STYLEREFS="TXT_18"/>
            <SP ID="PAG_22_SP000034" HPOS="4788" VPOS="4330" WIDTH="22"/>
            <String HPOS="4810" VPOS="4330" HEIGHT="21" WIDTH="36" ID="PAG_22_ST000038" WC="0.70" CONTENT="m," STYLEREFS="TXT_18"/>
            <SP ID="PAG_22_SP000035" HPOS="4846" VPOS="4317" WIDTH="22"/>
            <String HPOS="4868" VPOS="4317" HEIGHT="40" WIDTH="67" ID="PAG_22_ST000039" WC="1" CONTENT="95.)" STYLEREFS="TXT_18"/>
            <SP ID="PAG_22_SP000036" HPOS="4935" VPOS="4315" WIDTH="28"/>
            <String HPOS="4963" VPOS="4315" HEIGHT="32" WIDTH="75" ID="PAG_22_ST000040" WC="1" CONTENT="Vous" STYLEREFS="TXT_18"/>
            <SP ID="PAG_22_SP000037" HPOS="5038" VPOS="4316" WIDTH="22"/>
            <String HPOS="5060" VPOS="4316" HEIGHT="28" WIDTH="156" ID="PAG_22_ST000041" WC="1" CONTENT="trouverez" STYLEREFS="TXT_18"/>
          </TextLine>
          <TextLine HPOS="4008" VPOS="4357" HEIGHT="50" WIDTH="1209" ID="PAG_22_TL000005" STYLEREFS="TXT_18">
            <String HPOS="4008" VPOS="4387" HEIGHT="20" WIDTH="29" ID="PAG_22_ST000042" WC="0.95" CONTENT="le" STYLEREFS="TXT_18"/>
            <SP ID="PAG_22_SP000038" HPOS="4037" VPOS="4386" WIDTH="18"/>
            <String HPOS="4055" VPOS="4386" HEIGHT="21" WIDTH="112" ID="PAG_22_ST000043" WC="1" CONTENT="patron" STYLEREFS="TXT_18"/>
            <SP ID="PAG_22_SP000039" HPOS="4167" VPOS="4383" WIDTH="21"/>
            <String HPOS="4188" VPOS="4383" HEIGHT="24" WIDTH="67" ID="PAG_22_ST000044" WC="1" CONTENT="tout" STYLEREFS="TXT_18"/>
            <SP ID="PAG_22_SP000040" HPOS="4255" VPOS="4378" WIDTH="18"/>
            <String HPOS="4273" VPOS="4378" HEIGHT="29" WIDTH="61" ID="PAG_22_ST000045" WC="1" CONTENT="fait" STYLEREFS="TXT_18"/>
            <SP ID="PAG_22_SP000041" HPOS="4334" VPOS="4376" WIDTH="19"/>
            <String HPOS="4353" VPOS="4376" HEIGHT="31" WIDTH="41" ID="PAG_22_ST000046" WC="0.99" CONTENT="de" STYLEREFS="TXT_18"/>
            <SP ID="PAG_22_SP000042" HPOS="4394" VPOS="4386" WIDTH="19"/>
            <String HPOS="4413" VPOS="4386" HEIGHT="21" WIDTH="36" ID="PAG_22_ST000047" WC="1" CONTENT="ce" STYLEREFS="TXT_18"/>
            <SP ID="PAG_22_SP000043" HPOS="4449" VPOS="4372" WIDTH="19"/>
            <String HPOS="4468" VPOS="4372" HEIGHT="33" WIDTH="124" ID="PAG_22_ST000048" WC="1" CONTENT="modèle" STYLEREFS="TXT_18"/>
            <SP ID="PAG_22_SP000044" HPOS="4592" VPOS="4381" WIDTH="18"/>
            <String HPOS="4610" VPOS="4381" HEIGHT="20" WIDTH="39" ID="PAG_22_ST000049" WC="0.98" CONTENT="au" STYLEREFS="TXT_18"/>
            <SP ID="PAG_22_SP000045" HPOS="4649" VPOS="4368" WIDTH="19"/>
            <String HPOS="4668" VPOS="4368" HEIGHT="39" WIDTH="65" ID="PAG_22_ST000050" WC="1" CONTENT="prix" STYLEREFS="TXT_18"/>
            <SP ID="PAG_22_SP000046" HPOS="4733" VPOS="4366" WIDTH="19"/>
            <String HPOS="4752" VPOS="4366" HEIGHT="32" WIDTH="40" ID="PAG_22_ST000051" WC="0.98" CONTENT="de" STYLEREFS="TXT_18"/>
            <SP ID="PAG_22_SP000047" HPOS="4792" VPOS="4366" WIDTH="19"/>
            <String HPOS="4811" VPOS="4366" HEIGHT="29" WIDTH="19" ID="PAG_22_ST000052" WC="1" CONTENT="4" STYLEREFS="TXT_18"/>
            <SP ID="PAG_22_SP000048" HPOS="4830" VPOS="4362" WIDTH="20"/>
            <String HPOS="4850" VPOS="4362" HEIGHT="34" WIDTH="37" ID="PAG_22_ST000053" WC="1" CONTENT="fr." STYLEREFS="TXT_18"/>
            <SP ID="PAG_22_SP000049" HPOS="4887" VPOS="4361" WIDTH="18"/>
            <String HPOS="4905" VPOS="4361" HEIGHT="33" WIDTH="42" ID="PAG_22_ST000054" WC="1" CONTENT="50" STYLEREFS="TXT_18"/>
            <SP ID="PAG_22_SP000050" HPOS="4947" VPOS="4361" WIDTH="18"/>
            <String HPOS="4965" VPOS="4361" HEIGHT="31" WIDTH="19" ID="PAG_22_ST000055" WC="1" CONTENT="à" STYLEREFS="TXT_18"/>
            <SP ID="PAG_22_SP000051" HPOS="4984" VPOS="4370" WIDTH="20"/>
            <String HPOS="5004" VPOS="4370" HEIGHT="21" WIDTH="52" ID="PAG_22_ST000056" WC="1" CONTENT="nos" STYLEREFS="TXT_18"/>
            <SP ID="PAG_22_SP000052" HPOS="5056" VPOS="4357" WIDTH="19"/>
            <String HPOS="5075" VPOS="4357" HEIGHT="33" WIDTH="142" ID="PAG_22_ST000057" WC="1" CONTENT="bureaux," STYLEREFS="TXT_18"/>
          </TextLine>
          <TextLine HPOS="4007" VPOS="4406" HEIGHT="47" WIDTH="1212" ID="PAG_22_TL000006" STYLEREFS="TXT_18">
            <String HPOS="4007" VPOS="4431" HEIGHT="22" WIDTH="39" ID="PAG_22_ST000058" WC="0.96" CONTENT="25," STYLEREFS="TXT_18"/>
            <SP ID="PAG_22_SP000053" HPOS="4046" VPOS="4439" WIDTH="38"/>
            <String HPOS="4084" VPOS="4439" HEIGHT="14" WIDTH="52" ID="PAG_22_ST000059" WC="1" CONTENT="rue" STYLEREFS="TXT_18"/>
            <SP ID="PAG_22_SP000054" HPOS="4136" VPOS="4423" WIDTH="26"/>
            <String HPOS="4162" VPOS="4423" HEIGHT="30" WIDTH="178" ID="PAG_22_ST000060" WC="0.98" CONTENT="d'Aboukir," STYLEREFS="TXT_18"/>
            <SP ID="PAG_22_SP000055" HPOS="4340" VPOS="4424" WIDTH="29"/>
            <String HPOS="4369" VPOS="4424" HEIGHT="29" WIDTH="32" ID="PAG_22_ST000061" WC="1" CONTENT="et" STYLEREFS="TXT_18"/>
            <SP ID="PAG_22_SP000056" HPOS="4401" VPOS="4420" WIDTH="26"/>
            <String HPOS="4427" VPOS="4420" HEIGHT="31" WIDTH="75" ID="PAG_22_ST000062" WC="0.91" CONTENT="dans" STYLEREFS="TXT_18"/>
            <SP ID="PAG_22_SP000057" HPOS="4502" VPOS="4419" WIDTH="27"/>
            <String HPOS="4529" VPOS="4419" HEIGHT="30" WIDTH="101" ID="PAG_22_ST000063" WC="1" CONTENT="toutes" STYLEREFS="TXT_18"/>
            <SP ID="PAG_22_SP000058" HPOS="4630" VPOS="4414" WIDTH="28"/>
            <String HPOS="4658" VPOS="4414" HEIGHT="31" WIDTH="43" ID="PAG_22_ST000064" WC="1" CONTENT="les" STYLEREFS="TXT_18"/>
            <SP ID="PAG_22_SP000059" HPOS="4701" VPOS="4412" WIDTH="27"/>
            <String HPOS="4728" VPOS="4412" HEIGHT="31" WIDTH="114" ID="PAG_22_ST000065" WC="1" CONTENT="bonnes" STYLEREFS="TXT_18"/>
            <SP ID="PAG_22_SP000060" HPOS="4842" VPOS="4416" WIDTH="27"/>
            <String HPOS="4869" VPOS="4416" HEIGHT="24" WIDTH="139" ID="PAG_22_ST000066" WC="0.97" CONTENT="maisons." STYLEREFS="TXT_18"/>
            <SP ID="PAG_22_SP000061" HPOS="5008" VPOS="4406" WIDTH="28"/>
            <String HPOS="5036" VPOS="4406" HEIGHT="29" WIDTH="84" ID="PAG_22_ST000067" WC="1" CONTENT="Nous" STYLEREFS="TXT_18"/>
            <SP ID="PAG_22_SP000062" HPOS="5120" VPOS="4411" WIDTH="28"/>
            <String HPOS="5148" VPOS="4411" HEIGHT="21" WIDTH="71" ID="PAG_22_ST000068" WC="1" CONTENT="vous" STYLEREFS="TXT_18"/>
          </TextLine>
          <TextLine HPOS="4011" VPOS="4452" HEIGHT="45" WIDTH="1210" ID="PAG_22_TL000007" STYLEREFS="TXT_18">
            <String HPOS="4011" VPOS="4476" HEIGHT="21" WIDTH="182" ID="PAG_22_ST000069" WC="0.88" CONTENT="l'enverrons" STYLEREFS="TXT_18"/>
            <SP ID="PAG_22_SP000063" HPOS="4193" VPOS="4471" WIDTH="19"/>
            <String HPOS="4212" VPOS="4471" HEIGHT="23" WIDTH="107" ID="PAG_22_ST000070" WC="1" CONTENT="contre" STYLEREFS="TXT_18"/>
            <SP ID="PAG_22_SP000064" HPOS="4319" VPOS="4478" WIDTH="20"/>
            <String HPOS="4339" VPOS="4478" HEIGHT="16" WIDTH="35" ID="PAG_22_ST000071" WC="1" CONTENT="un" STYLEREFS="TXT_18"/>
            <SP ID="PAG_22_SP000065" HPOS="4374" VPOS="4464" WIDTH="20"/>
            <String HPOS="4394" VPOS="4464" HEIGHT="30" WIDTH="231" ID="PAG_22_ST000072" WC="0.99" CONTENT="mandat-poste" STYLEREFS="TXT_18"/>
            <SP ID="PAG_22_SP000066" HPOS="4625" VPOS="4459" WIDTH="19"/>
            <String HPOS="4644" VPOS="4459" HEIGHT="32" WIDTH="40" ID="PAG_22_ST000073" WC="1" CONTENT="de" STYLEREFS="TXT_18"/>
            <SP ID="PAG_22_SP000067" HPOS="4684" VPOS="4458" WIDTH="18"/>
            <String HPOS="4702" VPOS="4458" HEIGHT="32" WIDTH="18" ID="PAG_22_ST000074" WC="1" CONTENT="5" STYLEREFS="TXT_18"/>
            <SP ID="PAG_22_SP000068" HPOS="4720" VPOS="4456" WIDTH="19"/>
            <String HPOS="4739" VPOS="4456" HEIGHT="32" WIDTH="38" ID="PAG_22_ST000075" WC="0.54" CONTENT="Ir," STYLEREFS="TXT_18"/>
            <SP ID="PAG_22_SP000069" HPOS="4777" VPOS="4456" WIDTH="19"/>
            <String HPOS="4796" VPOS="4456" HEIGHT="31" WIDTH="40" ID="PAG_22_ST000076" WC="1" CONTENT="50" STYLEREFS="TXT_18"/>
            <SP ID="PAG_22_SP000070" HPOS="4836" VPOS="4454" WIDTH="24"/>
            <String HPOS="4860" VPOS="4454" HEIGHT="40" WIDTH="34" ID="PAG_22_ST000077" WC="1" CONTENT="(4" STYLEREFS="TXT_18"/>
            <SP ID="PAG_22_SP000071" HPOS="4894" VPOS="4452" WIDTH="19"/>
            <String HPOS="4913" VPOS="4452" HEIGHT="32" WIDTH="28" ID="PAG_22_ST000078" WC="0.75" CONTENT="fr," STYLEREFS="TXT_18"/>
            <SP ID="PAG_22_SP000072" HPOS="4941" VPOS="4452" WIDTH="87"/>
            <String HPOS="5028" VPOS="4452" HEIGHT="35" WIDTH="39" ID="PAG_22_ST000079" WC="1" CONTENT="+" STYLEREFS="TXT_18"/>
            <SP ID="PAG_22_SP000073" HPOS="5067" VPOS="4457" WIDTH="72"/>
            <String HPOS="5139" VPOS="4457" HEIGHT="21" WIDTH="21" ID="PAG_22_ST000080" WC="0.33" CONTENT="r." STYLEREFS="TXT_18"/>
            <SP ID="PAG_22_SP000074" HPOS="5160" VPOS="4456" WIDTH="43"/>
            <String HPOS="5203" VPOS="4456" HEIGHT="20" WIDTH="18" ID="PAG_22_ST000081" WC="0.00" CONTENT="e" STYLEREFS="TXT_18"/>
          </TextLine>
          <TextLine HPOS="4010" VPOS="4449" HEIGHT="97" WIDTH="1241" ID="PAG_22_TL000008" STYLEREFS="TXT_18">
            <String HPOS="4010" VPOS="4520" HEIGHT="26" WIDTH="74" ID="PAG_22_ST000082" WC="0.99" CONTENT="frais" STYLEREFS="TXT_18"/>
            <SP ID="PAG_22_SP000075" HPOS="4084" VPOS="4515" WIDTH="20"/>
            <String HPOS="4104" VPOS="4515" HEIGHT="31" WIDTH="154" ID="PAG_22_ST000083" WC="1" CONTENT="d'envoi)." STYLEREFS="TXT_18"/>
            <SP ID="PAG_22_SP000076" HPOS="4258" VPOS="4512" WIDTH="21"/>
            <String HPOS="4279" VPOS="4512" HEIGHT="34" WIDTH="47" ID="PAG_22_ST000084" WC="0.98" CONTENT="Ce" STYLEREFS="TXT_18"/>
            <SP ID="PAG_22_SP000077" HPOS="4326" VPOS="4514" WIDTH="18"/>
            <String HPOS="4344" VPOS="4514" HEIGHT="32" WIDTH="112" ID="PAG_22_ST000085" WC="1" CONTENT="patron" STYLEREFS="TXT_18"/>
            <SP ID="PAG_22_SP000078" HPOS="4456" VPOS="4511" WIDTH="21"/>
            <String HPOS="4477" VPOS="4511" HEIGHT="30" WIDTH="46" ID="PAG_22_ST000086" WC="1" CONTENT="est" STYLEREFS="TXT_18"/>
            <SP ID="PAG_22_SP000079" HPOS="4523" VPOS="4505" WIDTH="20"/>
            <String HPOS="4543" VPOS="4505" HEIGHT="40" WIDTH="99" ID="PAG_22_ST000087" WC="1" CONTENT="coupé" STYLEREFS="TXT_18"/>
            <SP ID="PAG_22_SP000080" HPOS="4642" VPOS="4513" WIDTH="19"/>
            <String HPOS="4661" VPOS="4513" HEIGHT="31" WIDTH="78" ID="PAG_22_ST000088" WC="1" CONTENT="pour" STYLEREFS="TXT_18"/>
            <SP ID="PAG_22_SP000081" HPOS="4739" VPOS="4511" WIDTH="20"/>
            <String HPOS="4759" VPOS="4511" HEIGHT="22" WIDTH="57" ID="PAG_22_ST000089" WC="1" CONTENT="une" STYLEREFS="TXT_18"/>
            <SP ID="PAG_22_SP000082" HPOS="4816" VPOS="4498" WIDTH="18"/>
            <String HPOS="4834" VPOS="4498" HEIGHT="32" WIDTH="89" ID="PAG_22_ST000090" WC="1" CONTENT="taille" STYLEREFS="TXT_18"/>
            <SP ID="PAG_22_SP000083" HPOS="4923" VPOS="4497" WIDTH="18"/>
            <String HPOS="4941" VPOS="4497" HEIGHT="34" WIDTH="50" ID="PAG_22_ST000091" WC="0.86" CONTENT="44," STYLEREFS="TXT_18"/>
            <SP ID="PAG_22_SP000084" HPOS="4991" VPOS="4504" WIDTH="20"/>
            <String HPOS="5011" VPOS="4504" HEIGHT="21" WIDTH="74" ID="PAG_22_ST000092" WC="1" CONTENT="mais" STYLEREFS="TXT_18"/>
            <SP ID="PAG_22_SP000085" HPOS="5085" VPOS="4449" WIDTH="6"/>
            <String HPOS="5091" VPOS="4449" HEIGHT="29" WIDTH="9" ID="PAG_22_ST000093" WC="0.99" CONTENT="1" STYLEREFS="TXT_18"/>
            <SP ID="PAG_22_SP000086" HPOS="5100" VPOS="4495" WIDTH="5"/>
            <String HPOS="5105" VPOS="4495" HEIGHT="29" WIDTH="54" ID="PAG_22_ST000094" WC="1" CONTENT="des" STYLEREFS="TXT_18"/>
            <SP ID="PAG_22_SP000087" HPOS="5159" VPOS="4502" WIDTH="23"/>
            <String HPOS="5182" VPOS="4502" HEIGHT="20" WIDTH="39" ID="PAG_22_ST000095" WC="1" CONTENT="in-" SUBS_TYPE="HypPart1" SUBS_CONTENT="indications" STYLEREFS="TXT_18"/>
            <HYP HPOS="5221" VPOS="4522" WIDTH="30" CONTENT="-"/>
          </TextLine>
          <TextLine HPOS="4013" VPOS="4544" HEIGHT="57" WIDTH="1209" ID="PAG_22_TL000009" STYLEREFS="TXT_18">
            <String HPOS="4013" VPOS="4564" HEIGHT="34" WIDTH="153" ID="PAG_22_ST000096" WC="0.99" CONTENT="dications" SUBS_TYPE="HypPart2" SUBS_CONTENT="indications" STYLEREFS="TXT_18"/>
            <SP ID="PAG_22_SP000088" HPOS="4166" VPOS="4560" WIDTH="24"/>
            <String HPOS="4190" VPOS="4560" HEIGHT="41" WIDTH="190" ID="PAG_22_ST000097" WC="0.99" CONTENT="permettent" STYLEREFS="TXT_18"/>
            <SP ID="PAG_22_SP000089" HPOS="4380" VPOS="4556" WIDTH="23"/>
            <String HPOS="4403" VPOS="4556" HEIGHT="32" WIDTH="41" ID="PAG_22_ST000098" WC="0.98" CONTENT="de" STYLEREFS="TXT_18"/>
            <SP ID="PAG_22_SP000090" HPOS="4444" VPOS="4554" WIDTH="27"/>
            <String HPOS="4471" VPOS="4554" HEIGHT="32" WIDTH="29" ID="PAG_22_ST000099" WC="1" CONTENT="le" STYLEREFS="TXT_18"/>
            <SP ID="PAG_22_SP000091" HPOS="4500" VPOS="4549" WIDTH="26"/>
            <String HPOS="4526" VPOS="4549" HEIGHT="35" WIDTH="196" ID="PAG_22_ST000100" WC="1" CONTENT="transformer" STYLEREFS="TXT_18"/>
            <SP ID="PAG_22_SP000092" HPOS="4722" VPOS="4556" WIDTH="23"/>
            <String HPOS="4745" VPOS="4556" HEIGHT="31" WIDTH="78" ID="PAG_22_ST000101" WC="1" CONTENT="pour" STYLEREFS="TXT_18"/>
            <SP ID="PAG_22_SP000093" HPOS="4823" VPOS="4554" WIDTH="26"/>
            <String HPOS="4849" VPOS="4554" HEIGHT="21" WIDTH="56" ID="PAG_22_ST000102" WC="1" CONTENT="une" STYLEREFS="TXT_18"/>
            <SP ID="PAG_22_SP000094" HPOS="4905" VPOS="4545" WIDTH="25"/>
            <String HPOS="4930" VPOS="4545" HEIGHT="28" WIDTH="90" ID="PAG_22_ST000103" WC="0.99" CONTENT="taille" STYLEREFS="TXT_18"/>
            <SP ID="PAG_22_SP000095" HPOS="5020" VPOS="4544" WIDTH="24"/>
            <String HPOS="5044" VPOS="4544" HEIGHT="25" WIDTH="39" ID="PAG_22_ST000104" WC="1" CONTENT="42" STYLEREFS="TXT_18"/>
            <SP ID="PAG_22_SP000096" HPOS="5083" VPOS="4548" WIDTH="26"/>
            <String HPOS="5109" VPOS="4548" HEIGHT="21" WIDTH="38" ID="PAG_22_ST000105" WC="1" CONTENT="ou" STYLEREFS="TXT_18"/>
            <SP ID="PAG_22_SP000097" HPOS="5147" VPOS="4544" WIDTH="25"/>
            <String HPOS="5172" VPOS="4544" HEIGHT="23" WIDTH="50" ID="PAG_22_ST000106" WC="1" CONTENT="46." STYLEREFS="TXT_18"/>
          </TextLine>
        </TextBlock>
        <TextBlock HPOS="4866" VPOS="4624" HEIGHT="14" WIDTH="18" ID="PAG_22_TB000003" LANG="fr" STYLEREFS="TXT_2">
          <TextLine HPOS="4866" VPOS="4624" HEIGHT="14" WIDTH="18" ID="PAG_22_TL000010" STYLEREFS="TXT_2">
            <String HPOS="4866" VPOS="4624" HEIGHT="14" WIDTH="18" ID="PAG_22_ST000107" WC="0.00" CONTENT="«" STYLEREFS="TXT_2"/>
          </TextLine>
        </TextBlock>
        </ComposedBlock>
        <ComposedBlock ID="PAG_22_CB000002" HPOS="5406" VPOS="206" HEIGHT="4347" WIDTH="1938">
        <Illustration ID="PAG_22_IL000003" HPOS="5406" VPOS="206" HEIGHT="3568" WIDTH="1938"/>
        <TextBlock HPOS="5923" VPOS="3781" HEIGHT="772" WIDTH="638" ID="PAG_22_TB000004" LANG="fr" STYLEREFS="TXT_18">
          <TextLine HPOS="5923" VPOS="3781" HEIGHT="46" WIDTH="628" ID="PAG_22_TL000011" STYLEREFS="TXT_18">
            <String HPOS="5923" VPOS="3796" HEIGHT="31" WIDTH="48" ID="PAG_22_ST000108" WC="1" CONTENT="33." STYLEREFS="TXT_18"/>
            <SP ID="PAG_22_SP000098" HPOS="5971" VPOS="3793" WIDTH="23"/>
            <String HPOS="5994" VPOS="3793" HEIGHT="33" WIDTH="186" ID="PAG_22_ST000109" WC="0.99" CONTENT="Charmante" STYLEREFS="TXT_18"/>
            <SP ID="PAG_22_SP000099" HPOS="6180" VPOS="3788" WIDTH="21"/>
            <String HPOS="6201" VPOS="3788" HEIGHT="33" WIDTH="75" ID="PAG_22_ST000110" WC="1" CONTENT="robe" STYLEREFS="TXT_18"/>
            <SP ID="PAG_22_SP000100" HPOS="6276" VPOS="3786" WIDTH="21"/>
            <String HPOS="6297" VPOS="3786" HEIGHT="32" WIDTH="41" ID="PAG_22_ST000111" WC="0.98" CONTENT="de" STYLEREFS="TXT_18"/>
            <SP ID="PAG_22_SP000101" HPOS="6338" VPOS="3784" WIDTH="20"/>
            <String HPOS="6358" VPOS="3784" HEIGHT="40" WIDTH="93" ID="PAG_22_ST000112" WC="0.89" CONTENT="crêpe" STYLEREFS="TXT_18"/>
            <SP ID="PAG_22_SP000102" HPOS="6451" VPOS="3781" WIDTH="23"/>
            <String HPOS="6474" VPOS="3781" HEIGHT="31" WIDTH="47" ID="PAG_22_ST000113" WC="0.46" CONTENT="im." SUBS_TYPE="HypPart1" SUBS_CONTENT="im.primé." STYLEREFS="TXT_18"/>
            <HYP HPOS="6521" VPOS="3812" WIDTH="30" CONTENT="-"/>
          </TextLine>
          <TextLine HPOS="5923" VPOS="3826" HEIGHT="46" WIDTH="630" ID="PAG_22_TL000012" STYLEREFS="TXT_18">
            <String HPOS="5923" VPOS="3840" HEIGHT="32" WIDTH="107" ID="PAG_22_ST000114" WC="0.99" CONTENT="primé." SUBS_TYPE="HypPart2" SUBS_CONTENT="im.primé." STYLEREFS="TXT_18"/>
            <SP ID="PAG_22_SP000103" HPOS="6030" VPOS="3835" WIDTH="22"/>
            <String HPOS="6052" VPOS="3835" HEIGHT="34" WIDTH="168" ID="PAG_22_ST000115" WC="0.99" CONTENT="L'ampleur" STYLEREFS="TXT_18"/>
            <SP ID="PAG_22_SP000104" HPOS="6220" VPOS="3833" WIDTH="21"/>
            <String HPOS="6241" VPOS="3833" HEIGHT="32" WIDTH="40" ID="PAG_22_ST000116" WC="0.98" CONTENT="de" STYLEREFS="TXT_18"/>
            <SP ID="PAG_22_SP000105" HPOS="6281" VPOS="3832" WIDTH="22"/>
            <String HPOS="6303" VPOS="3832" HEIGHT="31" WIDTH="29" ID="PAG_22_ST000117" WC="1" CONTENT="la" STYLEREFS="TXT_18"/>
            <SP ID="PAG_22_SP000106" HPOS="6332" VPOS="3831" WIDTH="21"/>
            <String HPOS="6353" VPOS="3831" HEIGHT="38" WIDTH="72" ID="PAG_22_ST000118" WC="0.83" CONTENT="jupe" STYLEREFS="TXT_18"/>
            <SP ID="PAG_22_SP000107" HPOS="6425" VPOS="3826" WIDTH="20"/>
            <String HPOS="6445" VPOS="3826" HEIGHT="32" WIDTH="78" ID="PAG_22_ST000119" WC="1" CONTENT="fron-" SUBS_TYPE="HypPart1" SUBS_CONTENT="froncée" STYLEREFS="TXT_18"/>
            <HYP HPOS="6523" VPOS="3858" WIDTH="30" CONTENT="-"/>
          </TextLine>
          <TextLine HPOS="5925" VPOS="3871" HEIGHT="49" WIDTH="600" ID="PAG_22_TL000013" STYLEREFS="TXT_18">
            <String HPOS="5925" VPOS="3887" HEIGHT="28" WIDTH="56" ID="PAG_22_ST000120" WC="1" CONTENT="cée" SUBS_TYPE="HypPart2" SUBS_CONTENT="froncée" STYLEREFS="TXT_18"/>
            <SP ID="PAG_22_SP000108" HPOS="5981" VPOS="3885" WIDTH="33"/>
            <String HPOS="6014" VPOS="3885" HEIGHT="35" WIDTH="70" ID="PAG_22_ST000121" WC="0.78" CONTENT="pari" STYLEREFS="TXT_18"/>
            <SP ID="PAG_22_SP000109" HPOS="6084" VPOS="3881" WIDTH="34"/>
            <String HPOS="6118" VPOS="3881" HEIGHT="32" WIDTH="54" ID="PAG_22_ST000122" WC="0.97" CONTENT="des" STYLEREFS="TXT_18"/>
            <SP ID="PAG_22_SP000110" HPOS="6172" VPOS="3877" WIDTH="34"/>
            <String HPOS="6206" VPOS="3877" HEIGHT="33" WIDTH="140" ID="PAG_22_ST000123" WC="0.99" CONTENT="hanches." STYLEREFS="TXT_18"/>
            <SP ID="PAG_22_SP000111" HPOS="6346" VPOS="3871" WIDTH="34"/>
            <String HPOS="6380" VPOS="3871" HEIGHT="34" WIDTH="145" ID="PAG_22_ST000124" WC="0.70" CONTENT="Manchet" STYLEREFS="TXT_18"/>
          </TextLine>
          <TextLine HPOS="5926" VPOS="3918" HEIGHT="50" WIDTH="600" ID="PAG_22_TL000014" STYLEREFS="TXT_18">
            <String HPOS="5926" VPOS="3930" HEIGHT="38" WIDTH="106" ID="PAG_22_ST000125" WC="0.98" CONTENT="raglan" STYLEREFS="TXT_18"/>
            <SP ID="PAG_22_SP000112" HPOS="6032" VPOS="3927" WIDTH="24"/>
            <String HPOS="6056" VPOS="3927" HEIGHT="33" WIDTH="144" ID="PAG_22_ST000126" WC="1" CONTENT="derrière." STYLEREFS="TXT_18"/>
            <SP ID="PAG_22_SP000113" HPOS="6200" VPOS="3924" WIDTH="25"/>
            <String HPOS="6225" VPOS="3924" HEIGHT="31" WIDTH="51" ID="PAG_22_ST000127" WC="0.97" CONTENT="Les" STYLEREFS="TXT_18"/>
            <SP ID="PAG_22_SP000114" HPOS="6276" VPOS="3921" WIDTH="23"/>
            <String HPOS="6299" VPOS="3921" HEIGHT="32" WIDTH="78" ID="PAG_22_ST000128" WC="0.97" CONTENT="deux" STYLEREFS="TXT_18"/>
            <SP ID="PAG_22_SP000115" HPOS="6377" VPOS="3918" WIDTH="22"/>
            <String HPOS="6399" VPOS="3918" HEIGHT="31" WIDTH="127" ID="PAG_22_ST000129" WC="0.98" CONTENT="devants" STYLEREFS="TXT_18"/>
          </TextLine>
          <TextLine HPOS="5926" VPOS="3967" HEIGHT="41" WIDTH="601" ID="PAG_22_TL000015" STYLEREFS="TXT_18">
            <String HPOS="5926" VPOS="3976" HEIGHT="32" WIDTH="41" ID="PAG_22_ST000130" WC="1" CONTENT="du" STYLEREFS="TXT_18"/>
            <SP ID="PAG_22_SP000116" HPOS="5967" VPOS="3982" WIDTH="21"/>
            <String HPOS="5988" VPOS="3982" HEIGHT="26" WIDTH="130" ID="PAG_22_ST000131" WC="0.97" CONTENT="corsage" STYLEREFS="TXT_18"/>
            <SP ID="PAG_22_SP000117" HPOS="6118" VPOS="3981" WIDTH="20"/>
            <String HPOS="6138" VPOS="3981" HEIGHT="22" WIDTH="33" ID="PAG_22_ST000132" WC="0.98" CONTENT="se" STYLEREFS="TXT_18"/>
            <SP ID="PAG_22_SP000118" HPOS="6171" VPOS="3967" WIDTH="22"/>
            <String HPOS="6193" VPOS="3967" HEIGHT="40" WIDTH="133" ID="PAG_22_ST000133" WC="0.98" CONTENT="drapent" STYLEREFS="TXT_18"/>
            <SP ID="PAG_22_SP000119" HPOS="6326" VPOS="3973" WIDTH="20"/>
            <String HPOS="6346" VPOS="3973" HEIGHT="32" WIDTH="77" ID="PAG_22_ST000134" WC="1" CONTENT="pour" STYLEREFS="TXT_18"/>
            <SP ID="PAG_22_SP000120" HPOS="6423" VPOS="3970" WIDTH="23"/>
            <String HPOS="6446" VPOS="3970" HEIGHT="23" WIDTH="81" ID="PAG_22_ST000135" WC="0.91" CONTENT="venir" STYLEREFS="TXT_18"/>
          </TextLine>
          <TextLine HPOS="5926" VPOS="4007" HEIGHT="43" WIDTH="601" ID="PAG_22_TL000016" STYLEREFS="TXT_18">
            <String HPOS="5926" VPOS="4018" HEIGHT="32" WIDTH="165" ID="PAG_22_ST000136" WC="0.99" CONTENT="s'enrouler" STYLEREFS="TXT_18"/>
            <SP ID="PAG_22_SP000121" HPOS="6091" VPOS="4017" WIDTH="37"/>
            <String HPOS="6128" VPOS="4017" HEIGHT="28" WIDTH="108" ID="PAG_22_ST000137" WC="0.99" CONTENT="autour" STYLEREFS="TXT_18"/>
            <SP ID="PAG_22_SP000122" HPOS="6236" VPOS="4011" WIDTH="37"/>
            <String HPOS="6273" VPOS="4011" HEIGHT="32" WIDTH="41" ID="PAG_22_ST000138" WC="0.98" CONTENT="de" STYLEREFS="TXT_18"/>
            <SP ID="PAG_22_SP000123" HPOS="6314" VPOS="4009" WIDTH="39"/>
            <String HPOS="6353" VPOS="4009" HEIGHT="31" WIDTH="9" ID="PAG_22_ST000139" WC="0.51" CONTENT="I" STYLEREFS="TXT_18"/>
            <SP ID="PAG_22_SP000124" HPOS="6362" VPOS="4007" WIDTH="13"/>
            <String HPOS="6375" VPOS="4007" HEIGHT="33" WIDTH="152" ID="PAG_22_ST000140" WC="0.83" CONTENT="'enco/ure." STYLEREFS="TXT_18"/>
          </TextLine>
          <TextLine HPOS="5934" VPOS="4049" HEIGHT="47" WIDTH="593" ID="PAG_22_TL000017" STYLEREFS="TXT_18">
            <String HPOS="5934" VPOS="4065" HEIGHT="31" WIDTH="33" ID="PAG_22_ST000141" WC="1" CONTENT="(3" STYLEREFS="TXT_18"/>
            <SP ID="PAG_22_SP000125" HPOS="5967" VPOS="4074" WIDTH="27"/>
            <String HPOS="5994" VPOS="4074" HEIGHT="22" WIDTH="36" ID="PAG_22_ST000142" WC="1" CONTENT="m." STYLEREFS="TXT_18"/>
            <SP ID="PAG_22_SP000126" HPOS="6030" VPOS="4062" WIDTH="27"/>
            <String HPOS="6057" VPOS="4062" HEIGHT="32" WIDTH="37" ID="PAG_22_ST000143" WC="1" CONTENT="75" STYLEREFS="TXT_18"/>
            <SP ID="PAG_22_SP000127" HPOS="6094" VPOS="4071" WIDTH="26"/>
            <String HPOS="6120" VPOS="4071" HEIGHT="22" WIDTH="37" ID="PAG_22_ST000144" WC="0.98" CONTENT="en" STYLEREFS="TXT_18"/>
            <SP ID="PAG_22_SP000128" HPOS="6157" VPOS="4060" WIDTH="28"/>
            <String HPOS="6185" VPOS="4060" HEIGHT="30" WIDTH="11" ID="PAG_22_ST000145" WC="1" CONTENT="1" STYLEREFS="TXT_18"/>
            <SP ID="PAG_22_SP000129" HPOS="6196" VPOS="4056" WIDTH="28"/>
            <String HPOS="6224" VPOS="4056" HEIGHT="40" WIDTH="54" ID="PAG_22_ST000146" WC="0.87" CONTENT="m.)" STYLEREFS="TXT_18"/>
            <SP ID="PAG_22_SP000130" HPOS="6278" VPOS="4070" WIDTH="26"/>
            <String HPOS="6304" VPOS="4070" HEIGHT="8" WIDTH="43" ID="PAG_22_ST000147" WC="0.88" CONTENT="—" STYLEREFS="TXT_18"/>
            <SP ID="PAG_22_SP000131" HPOS="6347" VPOS="4053" WIDTH="22"/>
            <String HPOS="6369" VPOS="4053" HEIGHT="32" WIDTH="49" ID="PAG_22_ST000148" WC="1" CONTENT="34." STYLEREFS="TXT_18"/>
            <SP ID="PAG_22_SP000132" HPOS="6418" VPOS="4049" WIDTH="27"/>
            <String HPOS="6445" VPOS="4049" HEIGHT="33" WIDTH="82" ID="PAG_22_ST000149" WC="0.99" CONTENT="Robe" STYLEREFS="TXT_18"/>
          </TextLine>
          <TextLine HPOS="5929" VPOS="4095" HEIGHT="47" WIDTH="600" ID="PAG_22_TL000018" STYLEREFS="TXT_18">
            <String HPOS="5929" VPOS="4110" HEIGHT="32" WIDTH="40" ID="PAG_22_ST000150" WC="0.98" CONTENT="de" STYLEREFS="TXT_18"/>
            <SP ID="PAG_22_SP000133" HPOS="5969" VPOS="4106" WIDTH="30"/>
            <String HPOS="5999" VPOS="4106" HEIGHT="34" WIDTH="163" ID="PAG_22_ST000151" WC="0.99" CONTENT="marocain." STYLEREFS="TXT_18"/>
            <SP ID="PAG_22_SP000134" HPOS="6162" VPOS="4103" WIDTH="32"/>
            <String HPOS="6194" VPOS="4103" HEIGHT="32" WIDTH="43" ID="PAG_22_ST000152" WC="1" CONTENT="Un" STYLEREFS="TXT_18"/>
            <SP ID="PAG_22_SP000135" HPOS="6237" VPOS="4108" WIDTH="29"/>
            <String HPOS="6266" VPOS="4108" HEIGHT="33" WIDTH="141" ID="PAG_22_ST000153" WC="0.99" CONTENT="panneau" STYLEREFS="TXT_18"/>
            <SP ID="PAG_22_SP000136" HPOS="6407" VPOS="4095" WIDTH="29"/>
            <String HPOS="6436" VPOS="4095" HEIGHT="40" WIDTH="93" ID="PAG_22_ST000154" WC="0.98" CONTENT="plissé" STYLEREFS="TXT_18"/>
          </TextLine>
          <TextLine HPOS="5931" VPOS="4141" HEIGHT="46" WIDTH="598" ID="PAG_22_TL000019" STYLEREFS="TXT_18">
            <String HPOS="5931" VPOS="4157" HEIGHT="30" WIDTH="45" ID="PAG_22_ST000155" WC="1" CONTENT="est" STYLEREFS="TXT_18"/>
            <SP ID="PAG_22_SP000137" HPOS="5976" VPOS="4151" WIDTH="25"/>
            <String HPOS="6001" VPOS="4151" HEIGHT="33" WIDTH="129" ID="PAG_22_ST000156" WC="0.99" CONTENT="incrusté" STYLEREFS="TXT_18"/>
            <SP ID="PAG_22_SP000138" HPOS="6130" VPOS="4148" WIDTH="25"/>
            <String HPOS="6155" VPOS="4148" HEIGHT="32" WIDTH="115" ID="PAG_22_ST000157" WC="0.94" CONTENT="devant" STYLEREFS="TXT_18"/>
            <SP ID="PAG_22_SP000139" HPOS="6270" VPOS="4145" WIDTH="23"/>
            <String HPOS="6293" VPOS="4145" HEIGHT="32" WIDTH="75" ID="PAG_22_ST000158" WC="0.90" CONTENT="dans" STYLEREFS="TXT_18"/>
            <SP ID="PAG_22_SP000140" HPOS="6368" VPOS="4142" WIDTH="26"/>
            <String HPOS="6394" VPOS="4142" HEIGHT="31" WIDTH="30" ID="PAG_22_ST000159" WC="1" CONTENT="la" STYLEREFS="TXT_18"/>
            <SP ID="PAG_22_SP000141" HPOS="6424" VPOS="4141" WIDTH="23"/>
            <String HPOS="6447" VPOS="4141" HEIGHT="38" WIDTH="82" ID="PAG_22_ST000160" WC="0.99" CONTENT="jupe." STYLEREFS="TXT_18"/>
          </TextLine>
          <TextLine HPOS="5931" VPOS="4190" HEIGHT="41" WIDTH="630" ID="PAG_22_TL000020" STYLEREFS="TXT_18">
            <String HPOS="5931" VPOS="4198" HEIGHT="33" WIDTH="79" ID="PAG_22_ST000161" WC="1" CONTENT="Dons" STYLEREFS="TXT_18"/>
            <SP ID="PAG_22_SP000142" HPOS="6010" VPOS="4198" WIDTH="20"/>
            <String HPOS="6030" VPOS="4198" HEIGHT="30" WIDTH="29" ID="PAG_22_ST000162" WC="0.77" CONTENT="le" STYLEREFS="TXT_18"/>
            <SP ID="PAG_22_SP000143" HPOS="6059" VPOS="4203" WIDTH="18"/>
            <String HPOS="6077" VPOS="4203" HEIGHT="28" WIDTH="139" ID="PAG_22_ST000163" WC="0.99" CONTENT="corsage," STYLEREFS="TXT_18"/>
            <SP ID="PAG_22_SP000144" HPOS="6216" VPOS="4190" WIDTH="18"/>
            <String HPOS="6234" VPOS="4190" HEIGHT="32" WIDTH="55" ID="PAG_22_ST000164" WC="0.97" CONTENT="des" STYLEREFS="TXT_18"/>
            <SP ID="PAG_22_SP000145" HPOS="6289" VPOS="4196" WIDTH="18"/>
            <String HPOS="6307" VPOS="4196" HEIGHT="24" WIDTH="138" ID="PAG_22_ST000165" WC="1" CONTENT="nervures" STYLEREFS="TXT_18"/>
            <SP ID="PAG_22_SP000146" HPOS="6445" VPOS="4194" WIDTH="17"/>
            <String HPOS="6462" VPOS="4194" HEIGHT="30" WIDTH="69" ID="PAG_22_ST000166" WC="0.70" CONTENT="Par-" SUBS_TYPE="HypPart1" SUBS_CONTENT="Par-tent" STYLEREFS="TXT_18"/>
            <HYP HPOS="6531" VPOS="4224" WIDTH="30" CONTENT="-"/>
          </TextLine>
          <TextLine HPOS="5933" VPOS="4231" HEIGHT="42" WIDTH="598" ID="PAG_22_TL000021" STYLEREFS="TXT_18">
            <String HPOS="5933" VPOS="4246" HEIGHT="27" WIDTH="65" ID="PAG_22_ST000167" WC="0.97" CONTENT="tent" SUBS_TYPE="HypPart2" SUBS_CONTENT="Par-tent" STYLEREFS="TXT_18"/>
            <SP ID="PAG_22_SP000147" HPOS="5998" VPOS="4242" WIDTH="23"/>
            <String HPOS="6021" VPOS="4242" HEIGHT="31" WIDTH="41" ID="PAG_22_ST000168" WC="1" CONTENT="de" STYLEREFS="TXT_18"/>
            <SP ID="PAG_22_SP000148" HPOS="6062" VPOS="4241" WIDTH="25"/>
            <String HPOS="6087" VPOS="4241" HEIGHT="31" WIDTH="30" ID="PAG_22_ST000169" WC="0.92" CONTENT="la" STYLEREFS="TXT_18"/>
            <SP ID="PAG_22_SP000149" HPOS="6117" VPOS="4237" WIDTH="24"/>
            <String HPOS="6141" VPOS="4237" HEIGHT="33" WIDTH="89" ID="PAG_22_ST000170" WC="0.98" CONTENT="taille" STYLEREFS="TXT_18"/>
            <SP ID="PAG_22_SP000150" HPOS="6230" VPOS="4238" WIDTH="23"/>
            <String HPOS="6253" VPOS="4238" HEIGHT="29" WIDTH="32" ID="PAG_22_ST000171" WC="0.90" CONTENT="et" STYLEREFS="TXT_18"/>
            <SP ID="PAG_22_SP000151" HPOS="6285" VPOS="4231" WIDTH="22"/>
            <String HPOS="6307" VPOS="4231" HEIGHT="34" WIDTH="165" ID="PAG_22_ST000172" WC="0.99" CONTENT="s'écartent" STYLEREFS="TXT_18"/>
            <SP ID="PAG_22_SP000152" HPOS="6472" VPOS="4238" WIDTH="23"/>
            <String HPOS="6495" VPOS="4238" HEIGHT="21" WIDTH="36" ID="PAG_22_ST000173" WC="1" CONTENT="en" STYLEREFS="TXT_18"/>
          </TextLine>
          <TextLine HPOS="5933" VPOS="4272" HEIGHT="46" WIDTH="598" ID="PAG_22_TL000022" STYLEREFS="TXT_18">
            <String HPOS="5933" VPOS="4285" HEIGHT="33" WIDTH="135" ID="PAG_22_ST000174" WC="0.98" CONTENT="éventail" STYLEREFS="TXT_18"/>
            <SP ID="PAG_22_SP000153" HPOS="6068" VPOS="4294" WIDTH="30"/>
            <String HPOS="6098" VPOS="4294" HEIGHT="22" WIDTH="64" ID="PAG_22_ST000175" WC="1" CONTENT="vers" STYLEREFS="TXT_18"/>
            <SP ID="PAG_22_SP000154" HPOS="6162" VPOS="4283" WIDTH="30"/>
            <String HPOS="6192" VPOS="4283" HEIGHT="30" WIDTH="29" ID="PAG_22_ST000176" WC="0.95" CONTENT="le" STYLEREFS="TXT_18"/>
            <SP ID="PAG_22_SP000155" HPOS="6221" VPOS="4280" WIDTH="28"/>
            <String HPOS="6249" VPOS="4280" HEIGHT="31" WIDTH="82" ID="PAG_22_ST000177" WC="0.83" CONTENT="haut." STYLEREFS="TXT_18"/>
            <SP ID="PAG_22_SP000156" HPOS="6331" VPOS="4276" WIDTH="34"/>
            <String HPOS="6365" VPOS="4276" HEIGHT="39" WIDTH="33" ID="PAG_22_ST000178" WC="1" CONTENT="(3" STYLEREFS="TXT_18"/>
            <SP ID="PAG_22_SP000157" HPOS="6398" VPOS="4285" WIDTH="29"/>
            <String HPOS="6427" VPOS="4285" HEIGHT="21" WIDTH="36" ID="PAG_22_ST000179" WC="0.92" CONTENT="m." STYLEREFS="TXT_18"/>
            <SP ID="PAG_22_SP000158" HPOS="6463" VPOS="4272" WIDTH="32"/>
            <String HPOS="6495" VPOS="4272" HEIGHT="31" WIDTH="36" ID="PAG_22_ST000180" WC="1" CONTENT="75" STYLEREFS="TXT_18"/>
          </TextLine>
          <TextLine HPOS="5935" VPOS="4317" HEIGHT="45" WIDTH="599" ID="PAG_22_TL000023" STYLEREFS="TXT_18">
            <String HPOS="5935" VPOS="4344" HEIGHT="15" WIDTH="35" ID="PAG_22_ST000181" WC="0.69" CONTENT=".n" STYLEREFS="TXT_18"/>
            <SP ID="PAG_22_SP000159" HPOS="5970" VPOS="4333" WIDTH="34"/>
            <String HPOS="6004" VPOS="4333" HEIGHT="29" WIDTH="10" ID="PAG_22_ST000182" WC="1" CONTENT="1" STYLEREFS="TXT_18"/>
            <SP ID="PAG_22_SP000160" HPOS="6014" VPOS="4329" WIDTH="33"/>
            <String HPOS="6047" VPOS="4329" HEIGHT="33" WIDTH="53" ID="PAG_22_ST000183" WC="0.89" CONTENT="m.)" STYLEREFS="TXT_18"/>
            <SP ID="PAG_22_SP000161" HPOS="6100" VPOS="4343" WIDTH="31"/>
            <String HPOS="6131" VPOS="4343" HEIGHT="8" WIDTH="42" ID="PAG_22_ST000184" WC="0.88" CONTENT="—" STYLEREFS="TXT_18"/>
            <SP ID="PAG_22_SP000162" HPOS="6173" VPOS="4326" WIDTH="27"/>
            <String HPOS="6200" VPOS="4326" HEIGHT="32" WIDTH="48" ID="PAG_22_ST000185" WC="1" CONTENT="35." STYLEREFS="TXT_18"/>
            <SP ID="PAG_22_SP000163" HPOS="6248" VPOS="4322" WIDTH="29"/>
            <String HPOS="6277" VPOS="4322" HEIGHT="33" WIDTH="84" ID="PAG_22_ST000186" WC="1" CONTENT="Robe" STYLEREFS="TXT_18"/>
            <SP ID="PAG_22_SP000164" HPOS="6361" VPOS="4320" WIDTH="28"/>
            <String HPOS="6389" VPOS="4320" HEIGHT="32" WIDTH="40" ID="PAG_22_ST000187" WC="0.98" CONTENT="de" STYLEREFS="TXT_18"/>
            <SP ID="PAG_22_SP000165" HPOS="6429" VPOS="4317" WIDTH="29"/>
            <String HPOS="6458" VPOS="4317" HEIGHT="32" WIDTH="76" ID="PAG_22_ST000188" WC="1" CONTENT="toile" STYLEREFS="TXT_18"/>
          </TextLine>
          <TextLine HPOS="5935" VPOS="4361" HEIGHT="47" WIDTH="600" ID="PAG_22_TL000024" STYLEREFS="TXT_18">
            <String HPOS="5935" VPOS="4379" HEIGHT="27" WIDTH="40" ID="PAG_22_ST000189" WC="0.98" CONTENT="de" STYLEREFS="TXT_18"/>
            <SP ID="PAG_22_SP000166" HPOS="5975" VPOS="4384" WIDTH="26"/>
            <String HPOS="6001" VPOS="4384" HEIGHT="24" WIDTH="141" ID="PAG_22_ST000190" WC="0.99" CONTENT="rayonne." STYLEREFS="TXT_18"/>
            <SP ID="PAG_22_SP000167" HPOS="6142" VPOS="4370" WIDTH="27"/>
            <String HPOS="6169" VPOS="4370" HEIGHT="32" WIDTH="134" ID="PAG_22_ST000191" WC="0.99" CONTENT="Plastron" STYLEREFS="TXT_18"/>
            <SP ID="PAG_22_SP000168" HPOS="6303" VPOS="4366" WIDTH="26"/>
            <String HPOS="6329" VPOS="4366" HEIGHT="32" WIDTH="101" ID="PAG_22_ST000192" WC="0.99" CONTENT="blanc." STYLEREFS="TXT_18"/>
            <SP ID="PAG_22_SP000169" HPOS="6430" VPOS="4361" WIDTH="25"/>
            <String HPOS="6455" VPOS="4361" HEIGHT="33" WIDTH="80" ID="PAG_22_ST000193" WC="1" CONTENT="Trois" STYLEREFS="TXT_18"/>
          </TextLine>
          <TextLine HPOS="5934" VPOS="4407" HEIGHT="48" WIDTH="602" ID="PAG_22_TL000025" STYLEREFS="TXT_18">
            <String HPOS="5934" VPOS="4431" HEIGHT="24" WIDTH="159" ID="PAG_22_ST000194" WC="0.98" CONTENT="panneaux" STYLEREFS="TXT_18"/>
            <SP ID="PAG_22_SP000170" HPOS="6093" VPOS="4417" WIDTH="25"/>
            <String HPOS="6118" VPOS="4417" HEIGHT="31" WIDTH="61" ID="PAG_22_ST000195" WC="1" CONTENT="pris" STYLEREFS="TXT_18"/>
            <SP ID="PAG_22_SP000171" HPOS="6179" VPOS="4415" WIDTH="25"/>
            <String HPOS="6204" VPOS="4415" HEIGHT="31" WIDTH="74" ID="PAG_22_ST000196" WC="1" CONTENT="dans" STYLEREFS="TXT_18"/>
            <SP ID="PAG_22_SP000172" HPOS="6278" VPOS="4413" WIDTH="26"/>
            <String HPOS="6304" VPOS="4413" HEIGHT="31" WIDTH="28" ID="PAG_22_ST000197" WC="0.96" CONTENT="le" STYLEREFS="TXT_18"/>
            <SP ID="PAG_22_SP000173" HPOS="6332" VPOS="4414" WIDTH="25"/>
            <String HPOS="6357" VPOS="4414" HEIGHT="28" WIDTH="114" ID="PAG_22_ST000198" WC="0.99" CONTENT="travers" STYLEREFS="TXT_18"/>
            <SP ID="PAG_22_SP000174" HPOS="6471" VPOS="4407" WIDTH="25"/>
            <String HPOS="6496" VPOS="4407" HEIGHT="31" WIDTH="40" ID="PAG_22_ST000199" WC="1" CONTENT="du" STYLEREFS="TXT_18"/>
          </TextLine>
          <TextLine HPOS="5937" VPOS="4454" HEIGHT="44" WIDTH="599" ID="PAG_22_TL000026" STYLEREFS="TXT_18">
            <String HPOS="5937" VPOS="4469" HEIGHT="29" WIDTH="71" ID="PAG_22_ST000200" WC="0.98" CONTENT="tissu" STYLEREFS="TXT_18"/>
            <SP ID="PAG_22_SP000175" HPOS="6008" VPOS="4467" WIDTH="26"/>
            <String HPOS="6034" VPOS="4467" HEIGHT="29" WIDTH="67" ID="PAG_22_ST000201" WC="1" CONTENT="sont" STYLEREFS="TXT_18"/>
            <SP ID="PAG_22_SP000176" HPOS="6101" VPOS="4460" WIDTH="28"/>
            <String HPOS="6129" VPOS="4460" HEIGHT="34" WIDTH="141" ID="PAG_22_ST000202" WC="0.97" CONTENT="incrustés" STYLEREFS="TXT_18"/>
            <SP ID="PAG_22_SP000177" HPOS="6270" VPOS="4456" WIDTH="27"/>
            <String HPOS="6297" VPOS="4456" HEIGHT="33" WIDTH="74" ID="PAG_22_ST000203" WC="1" CONTENT="dons" STYLEREFS="TXT_18"/>
            <SP ID="PAG_22_SP000178" HPOS="6371" VPOS="4455" WIDTH="28"/>
            <String HPOS="6399" VPOS="4455" HEIGHT="31" WIDTH="31" ID="PAG_22_ST000204" WC="0.98" CONTENT="la" STYLEREFS="TXT_18"/>
            <SP ID="PAG_22_SP000179" HPOS="6430" VPOS="4454" WIDTH="24"/>
            <String HPOS="6454" VPOS="4454" HEIGHT="38" WIDTH="82" ID="PAG_22_ST000205" WC="0.96" CONTENT="jupe." STYLEREFS="TXT_18"/>
          </TextLine>
          <TextLine HPOS="5943" VPOS="4496" HEIGHT="57" WIDTH="589" ID="PAG_22_TL000027" STYLEREFS="TXT_18">
            <String HPOS="5943" VPOS="4512" HEIGHT="41" WIDTH="182" ID="PAG_22_ST000206" WC="1" CONTENT="(Métrage:" STYLEREFS="TXT_18"/>
            <SP ID="PAG_22_SP000180" HPOS="6125" VPOS="4507" WIDTH="34"/>
            <String HPOS="6159" VPOS="4507" HEIGHT="32" WIDTH="17" ID="PAG_22_ST000207" WC="1" CONTENT="3" STYLEREFS="TXT_18"/>
            <SP ID="PAG_22_SP000181" HPOS="6176" VPOS="4515" WIDTH="36"/>
            <String HPOS="6212" VPOS="4515" HEIGHT="22" WIDTH="36" ID="PAG_22_ST000208" WC="1" CONTENT="m." STYLEREFS="TXT_18"/>
            <SP ID="PAG_22_SP000182" HPOS="6248" VPOS="4502" WIDTH="36"/>
            <String HPOS="6284" VPOS="4502" HEIGHT="32" WIDTH="36" ID="PAG_22_ST000209" WC="1" CONTENT="75" STYLEREFS="TXT_18"/>
            <SP ID="PAG_22_SP000183" HPOS="6320" VPOS="4511" WIDTH="37"/>
            <String HPOS="6357" VPOS="4511" HEIGHT="22" WIDTH="34" ID="PAG_22_ST000210" WC="1" CONTENT="en" STYLEREFS="TXT_18"/>
            <SP ID="PAG_22_SP000184" HPOS="6391" VPOS="4499" WIDTH="40"/>
            <String HPOS="6431" VPOS="4499" HEIGHT="30" WIDTH="10" ID="PAG_22_ST000211" WC="1" CONTENT="1" STYLEREFS="TXT_18"/>
            <SP ID="PAG_22_SP000185" HPOS="6441" VPOS="4496" WIDTH="38"/>
            <String HPOS="6479" VPOS="4496" HEIGHT="40" WIDTH="53" ID="PAG_22_ST000212" WC="1" CONTENT="m.)" STYLEREFS="TXT_18"/>
          </TextLine>
        </TextBlock>
        </ComposedBlock>
      </PrintSpace>
    </Page>
  </Layout>
</alto>