<?xml version="1.0" encoding="UTF-8"?>
<alto xmlns="http://www.loc.gov/standards/alto/ns-v3#" xmlns:xsi="http://www.w3.org/2001/XMLSchema-instance" SCHEMAVERSION="alto_bnf-v2_0" xsi:schemaLocation="http://www.loc.gov/standards/alto/ns-v3# http://bibnum.bnf.fr/schema/alto_bnf-v2_0.xsd" xmlns:xlink="http://www.w3.org/TR/xlink">
  <Description>
    <MeasurementUnit>pixel</MeasurementUnit>
    <sourceImageInformation>
      <fileName>00000014.jp2</fileName>
      <fileIdentifier>ark:/12148/bpt6k4701034k/f14</fileIdentifier>
      <documentIdentifier documentIdentifierLocation="NUM">4701034</documentIdentifier>
    </sourceImageInformation>
    <OCRProcessing ID="OCR_1">
      <ocrProcessingStep>
        <processingDateTime>2019-01-29</processingDateTime>
        <processingStepDescription>[001_OCR_BRUT]OCR BRUT 93.37 %</processingStepDescription>
        <processingStepDescription>[002_CHARS]{1424}</processingStepDescription>
        <processingStepDescription>[003_CHARS_USED]{0}</processingStepDescription>
        <processingStepDescription>[004_CHARS_SUSPECTS_USED]{0}</processingStepDescription>
        <processingStepDescription>[005_CHARS_UNUSED]{1424}</processingStepDescription>
        <processingStepDescription>[006_CHARS_SUSPECTS_UNUSED]{0}</processingStepDescription>
        <processingStepDescription>[007_STRINGS]{315}</processingStepDescription>
        <processingStepDescription>[008_STRINGS_USED]{0}</processingStepDescription>
        <processingStepDescription>[009_STRINGS_SUSPECTS_UNUSED]{0}</processingStepDescription>
        <processingStepDescription>[010_CHARS_LETTERS]{1334}</processingStepDescription>
        <processingStepDescription>[011_CHARS_PUNCTUATION]{82}</processingStepDescription>
        <processingStepDescription>[012_CHARS_DIGITS]{2}</processingStepDescription>
        <processingStepDescription>[013_CHARS_SUSPECT]{0}</processingStepDescription>
        <processingStepDescription>[022_CHARS_UNUSED_BY_BLOCK]{0}</processingStepDescription>
        <processingStepDescription>[023_BLOCKS_SUSPECTS]{0}</processingStepDescription>
        <processingStepDescription>[111_LIGS_DETECTED_CURV]{0}</processingStepDescription>
      </ocrProcessingStep>
    </OCRProcessing>
  </Description>
  <Styles>
    <TextStyle FONTSIZE="4" ID="TXT_7" FONTFAMILY="Arial"/>
    <TextStyle FONTSIZE="9" ID="TXT_9" FONTFAMILY="Arial"/>
    <TextStyle FONTSIZE="6" ID="TXT_14" FONTFAMILY="Arial"/>
    <TextStyle FONTSIZE="7" ID="TXT_15" FONTFAMILY="Arial"/>
    <TextStyle FONTSIZE="8" ID="TXT_26" FONTFAMILY="Times"/>
  </Styles>
  <Tags>
    <StructureTag DESCRIPTION="UNE ÉTOILE AU SOLEIL DANIELLE DARRIEUX CULTIVE SA BEAUTÉ" TYPE="Structural" ID="TAG_ST001" LABEL="title"/>
  </Tags>
  <Layout>
    <Page ID="PAG_14" HEIGHT="5013" WIDTH="7551" PHYSICAL_IMG_NR="14" QUALITY="OK" ACCURACY="100.00">
      <PrintSpace HPOS="312" VPOS="190" HEIGHT="4489" WIDTH="7069" ID="PAG_14_PrintSpace">
        <TextBlock HPOS="4109" VPOS="206" HEIGHT="900" WIDTH="2171" ID="PAG_14_TB000001" TAGREFS="TAG_ST001" LANG="fr" STYLEREFS="TXT_26">
          <TextLine HPOS="4109" VPOS="206" HEIGHT="900" WIDTH="2171" ID="PAG_14_TL000001" STYLEREFS="TXT_26">
            <String HPOS="4109" VPOS="206" HEIGHT="900" WIDTH="152" ID="PAG_14_ST000001" WC="1" CONTENT="UNE" STYLEREFS="TXT_26"/>
            <SP ID="PAG_14_SP000001" HPOS="4261" VPOS="206" WIDTH="1"/>
            <String HPOS="4261" VPOS="206" HEIGHT="900" WIDTH="266" ID="PAG_14_ST000002" WC="1" CONTENT="ÉTOILE" STYLEREFS="TXT_26"/>
            <SP ID="PAG_14_SP000002" HPOS="4527" VPOS="206" WIDTH="1"/>
            <String HPOS="4527" VPOS="206" HEIGHT="900" WIDTH="114" ID="PAG_14_ST000003" WC="1" CONTENT="AU" STYLEREFS="TXT_26"/>
            <SP ID="PAG_14_SP000003" HPOS="4641" VPOS="206" WIDTH="1"/>
            <String HPOS="4641" VPOS="206" HEIGHT="900" WIDTH="266" ID="PAG_14_ST000004" WC="1" CONTENT="SOLEIL" STYLEREFS="TXT_26"/>
            <SP ID="PAG_14_SP000004" HPOS="4907" VPOS="206" WIDTH="1"/>
            <String HPOS="4907" VPOS="206" HEIGHT="900" WIDTH="342" ID="PAG_14_ST000005" WC="1" CONTENT="DANIELLE" STYLEREFS="TXT_26"/>
            <SP ID="PAG_14_SP000005" HPOS="5249" VPOS="206" WIDTH="1"/>
            <String HPOS="5249" VPOS="206" HEIGHT="900" WIDTH="342" ID="PAG_14_ST000006" WC="1" CONTENT="DARRIEUX" STYLEREFS="TXT_26"/>
            <SP ID="PAG_14_SP000006" HPOS="5591" VPOS="206" WIDTH="1"/>
            <String HPOS="5591" VPOS="206" HEIGHT="900" WIDTH="304" ID="PAG_14_ST000007" WC="1" CONTENT="CULTIVE" STYLEREFS="TXT_26"/>
            <SP ID="PAG_14_SP000007" HPOS="5895" VPOS="206" WIDTH="1"/>
            <String HPOS="5895" VPOS="206" HEIGHT="900" WIDTH="114" ID="PAG_14_ST000008" WC="1" CONTENT="SA" STYLEREFS="TXT_26"/>
            <SP ID="PAG_14_SP000008" HPOS="6009" VPOS="206" WIDTH="1"/>
            <String HPOS="6009" VPOS="206" HEIGHT="900" WIDTH="271" ID="PAG_14_ST000009" WC="1" CONTENT="BEAUTÉ" STYLEREFS="TXT_26"/>
          </TextLine>
        </TextBlock>
        <ComposedBlock ID="PAG_14_CB000001" HPOS="312" VPOS="190" HEIGHT="4365" WIDTH="3537">
        <Illustration ID="PAG_14_IL000001" HPOS="312" VPOS="936" HEIGHT="2801" WIDTH="1149"/>
        <TextBlock HPOS="546" VPOS="3810" HEIGHT="264" WIDTH="872" ID="PAG_14_TB000002" LANG="fr" STYLEREFS="TXT_14">
          <TextLine HPOS="546" VPOS="3810" HEIGHT="37" WIDTH="842" ID="PAG_14_TL000002" STYLEREFS="TXT_14">
            <String HPOS="546" VPOS="3810" HEIGHT="29" WIDTH="25" ID="PAG_14_ST000010" WC="1" CONTENT="A" STYLEREFS="TXT_14"/>
            <SP ID="PAG_14_SP000009" HPOS="571" VPOS="3811" WIDTH="46"/>
            <String HPOS="617" VPOS="3811" HEIGHT="32" WIDTH="49" ID="PAG_14_ST000011" WC="0.99" CONTENT="Ici," STYLEREFS="TXT_14"/>
            <SP ID="PAG_14_SP000010" HPOS="666" VPOS="3811" WIDTH="31"/>
            <String HPOS="697" VPOS="3811" HEIGHT="29" WIDTH="28" ID="PAG_14_ST000012" WC="0.99" CONTENT="la" STYLEREFS="TXT_14"/>
            <SP ID="PAG_14_SP000011" HPOS="725" VPOS="3810" WIDTH="29"/>
            <String HPOS="754" VPOS="3810" HEIGHT="30" WIDTH="83" ID="PAG_14_ST000013" WC="0.99" CONTENT="belle" STYLEREFS="TXT_14"/>
            <SP ID="PAG_14_SP000012" HPOS="837" VPOS="3814" WIDTH="28"/>
            <String HPOS="865" VPOS="3814" HEIGHT="26" WIDTH="61" ID="PAG_14_ST000014" WC="1" CONTENT="star" STYLEREFS="TXT_14"/>
            <SP ID="PAG_14_SP000013" HPOS="926" VPOS="3811" WIDTH="28"/>
            <String HPOS="954" VPOS="3811" HEIGHT="29" WIDTH="111" ID="PAG_14_ST000015" WC="1" CONTENT="s'initie" STYLEREFS="TXT_14"/>
            <SP ID="PAG_14_SP000014" HPOS="1065" VPOS="3821" WIDTH="29"/>
            <String HPOS="1094" VPOS="3821" HEIGHT="18" WIDTH="36" ID="PAG_14_ST000016" WC="0.97" CONTENT="au" STYLEREFS="TXT_14"/>
            <SP ID="PAG_14_SP000015" HPOS="1130" VPOS="3821" WIDTH="28"/>
            <String HPOS="1158" VPOS="3821" HEIGHT="20" WIDTH="17" ID="PAG_14_ST000017" WC="1" CONTENT="«" STYLEREFS="TXT_14"/>
            <SP ID="PAG_14_SP000016" HPOS="1175" VPOS="3813" WIDTH="29"/>
            <String HPOS="1204" VPOS="3813" HEIGHT="34" WIDTH="73" ID="PAG_14_ST000018" WC="0.69" CONTENT="pan!" STYLEREFS="TXT_14"/>
            <SP ID="PAG_14_SP000017" HPOS="1277" VPOS="3820" WIDTH="31"/>
            <String HPOS="1308" VPOS="3820" HEIGHT="20" WIDTH="16" ID="PAG_14_ST000019" WC="0.77" CONTENT="»" STYLEREFS="TXT_14"/>
            <SP ID="PAG_14_SP000018" HPOS="1324" VPOS="3822" WIDTH="30"/>
            <String HPOS="1354" VPOS="3822" HEIGHT="18" WIDTH="34" ID="PAG_14_ST000020" WC="1" CONTENT="en" STYLEREFS="TXT_14"/>
          </TextLine>
          <TextLine HPOS="552" VPOS="3855" HEIGHT="38" WIDTH="838" ID="PAG_14_TL000003" STYLEREFS="TXT_14">
            <String HPOS="552" VPOS="3855" HEIGHT="30" WIDTH="188" ID="PAG_14_ST000021" WC="1" CONTENT="descendant" STYLEREFS="TXT_14"/>
            <SP ID="PAG_14_SP000019" HPOS="740" VPOS="3855" WIDTH="38"/>
            <String HPOS="778" VPOS="3855" HEIGHT="30" WIDTH="40" ID="PAG_14_ST000022" WC="1" CONTENT="les" STYLEREFS="TXT_14"/>
            <SP ID="PAG_14_SP000020" HPOS="818" VPOS="3856" WIDTH="36"/>
            <String HPOS="854" VPOS="3856" HEIGHT="29" WIDTH="92" ID="PAG_14_ST000023" WC="1" CONTENT="mains" STYLEREFS="TXT_14"/>
            <SP ID="PAG_14_SP000021" HPOS="946" VPOS="3855" WIDTH="37"/>
            <String HPOS="983" VPOS="3855" HEIGHT="30" WIDTH="76" ID="PAG_14_ST000024" WC="0.99" CONTENT="l'une" STYLEREFS="TXT_14"/>
            <SP ID="PAG_14_SP000022" HPOS="1059" VPOS="3857" WIDTH="34"/>
            <String HPOS="1093" VPOS="3857" HEIGHT="36" WIDTH="89" ID="PAG_14_ST000025" WC="1" CONTENT="après" STYLEREFS="TXT_14"/>
            <SP ID="PAG_14_SP000023" HPOS="1182" VPOS="3856" WIDTH="37"/>
            <String HPOS="1219" VPOS="3856" HEIGHT="29" WIDTH="107" ID="PAG_14_ST000026" WC="1" CONTENT="l'autre" STYLEREFS="TXT_14"/>
            <SP ID="PAG_14_SP000024" HPOS="1326" VPOS="3856" WIDTH="36"/>
            <String HPOS="1362" VPOS="3856" HEIGHT="29" WIDTH="28" ID="PAG_14_ST000027" WC="0.99" CONTENT="le" STYLEREFS="TXT_14"/>
          </TextLine>
          <TextLine HPOS="552" VPOS="3900" HEIGHT="38" WIDTH="838" ID="PAG_14_TL000004" STYLEREFS="TXT_14">
            <String HPOS="552" VPOS="3900" HEIGHT="37" WIDTH="70" ID="PAG_14_ST000028" WC="1" CONTENT="long" STYLEREFS="TXT_14"/>
            <SP ID="PAG_14_SP000025" HPOS="622" VPOS="3901" WIDTH="25"/>
            <String HPOS="647" VPOS="3901" HEIGHT="29" WIDTH="69" ID="PAG_14_ST000029" WC="1" CONTENT="d'un" STYLEREFS="TXT_14"/>
            <SP ID="PAG_14_SP000026" HPOS="716" VPOS="3912" WIDTH="26"/>
            <String HPOS="742" VPOS="3912" HEIGHT="21" WIDTH="69" ID="PAG_14_ST000030" WC="1" CONTENT="mur," STYLEREFS="TXT_14"/>
            <SP ID="PAG_14_SP000027" HPOS="811" VPOS="3911" WIDTH="26"/>
            <String HPOS="837" VPOS="3911" HEIGHT="19" WIDTH="116" ID="PAG_14_ST000031" WC="1" CONTENT="comme" STYLEREFS="TXT_14"/>
            <SP ID="PAG_14_SP000028" HPOS="953" VPOS="3912" WIDTH="25"/>
            <String HPOS="978" VPOS="3912" HEIGHT="18" WIDTH="71" ID="PAG_14_ST000032" WC="1" CONTENT="nous" STYLEREFS="TXT_14"/>
            <SP ID="PAG_14_SP000029" HPOS="1049" VPOS="3911" WIDTH="25"/>
            <String HPOS="1074" VPOS="3911" HEIGHT="19" WIDTH="69" ID="PAG_14_ST000033" WC="1" CONTENT="vous" STYLEREFS="TXT_14"/>
            <SP ID="PAG_14_SP000030" HPOS="1143" VPOS="3911" WIDTH="26"/>
            <String HPOS="1169" VPOS="3911" HEIGHT="19" WIDTH="90" ID="PAG_14_ST000034" WC="1" CONTENT="avons" STYLEREFS="TXT_14"/>
            <SP ID="PAG_14_SP000031" HPOS="1259" VPOS="3901" WIDTH="26"/>
            <String HPOS="1285" VPOS="3901" HEIGHT="37" WIDTH="105" ID="PAG_14_ST000035" WC="0.99" CONTENT="appris" STYLEREFS="TXT_14"/>
          </TextLine>
          <TextLine HPOS="550" VPOS="3944" HEIGHT="32" WIDTH="868" ID="PAG_14_TL000005" STYLEREFS="TXT_14">
            <String HPOS="550" VPOS="3956" HEIGHT="19" WIDTH="18" ID="PAG_14_ST000036" WC="0.55" CONTENT="à" STYLEREFS="TXT_14"/>
            <SP ID="PAG_14_SP000032" HPOS="568" VPOS="3945" WIDTH="25"/>
            <String HPOS="593" VPOS="3945" HEIGHT="30" WIDTH="28" ID="PAG_14_ST000037" WC="1" CONTENT="le" STYLEREFS="TXT_14"/>
            <SP ID="PAG_14_SP000033" HPOS="621" VPOS="3944" WIDTH="24"/>
            <String HPOS="645" VPOS="3944" HEIGHT="31" WIDTH="87" ID="PAG_14_ST000038" WC="0.95" CONTENT="foire." STYLEREFS="TXT_14"/>
            <SP ID="PAG_14_SP000034" HPOS="732" VPOS="3944" WIDTH="25"/>
            <String HPOS="757" VPOS="3944" HEIGHT="31" WIDTH="79" ID="PAG_14_ST000039" WC="1" CONTENT="Mais" STYLEREFS="TXT_14"/>
            <SP ID="PAG_14_SP000035" HPOS="836" VPOS="3946" WIDTH="25"/>
            <String HPOS="861" VPOS="3946" HEIGHT="29" WIDTH="24" ID="PAG_14_ST000040" WC="1" CONTENT="si" STYLEREFS="TXT_14"/>
            <SP ID="PAG_14_SP000036" HPOS="885" VPOS="3945" WIDTH="23"/>
            <String HPOS="908" VPOS="3945" HEIGHT="30" WIDTH="62" ID="PAG_14_ST000041" WC="0.99" CONTENT="elle" STYLEREFS="TXT_14"/>
            <SP ID="PAG_14_SP000037" HPOS="970" VPOS="3949" WIDTH="24"/>
            <String HPOS="994" VPOS="3949" HEIGHT="26" WIDTH="69" ID="PAG_14_ST000042" WC="1" CONTENT="veut" STYLEREFS="TXT_14"/>
            <SP ID="PAG_14_SP000038" HPOS="1063" VPOS="3946" WIDTH="26"/>
            <String HPOS="1089" VPOS="3946" HEIGHT="29" WIDTH="144" ID="PAG_14_ST000043" WC="1" CONTENT="vraiment" STYLEREFS="TXT_14"/>
            <SP ID="PAG_14_SP000039" HPOS="1233" VPOS="3945" WIDTH="27"/>
            <String HPOS="1260" VPOS="3945" HEIGHT="30" WIDTH="26" ID="PAG_14_ST000044" WC="1" CONTENT="le" STYLEREFS="TXT_14"/>
            <SP ID="PAG_14_SP000040" HPOS="1286" VPOS="3946" WIDTH="25"/>
            <String HPOS="1311" VPOS="3946" HEIGHT="30" WIDTH="77" ID="PAG_14_ST000045" WC="1" CONTENT="réus-" SUBS_TYPE="HypPart1" SUBS_CONTENT="réussir," STYLEREFS="TXT_14"/>
            <HYP HPOS="1388" VPOS="3976" WIDTH="30" CONTENT="-"/>
          </TextLine>
          <TextLine HPOS="550" VPOS="3989" HEIGHT="39" WIDTH="839" ID="PAG_14_TL000006" STYLEREFS="TXT_14">
            <String HPOS="550" VPOS="3991" HEIGHT="31" WIDTH="47" ID="PAG_14_ST000046" WC="1" CONTENT="sir," SUBS_TYPE="HypPart2" SUBS_CONTENT="réussir," STYLEREFS="TXT_14"/>
            <SP ID="PAG_14_SP000041" HPOS="597" VPOS="3989" WIDTH="28"/>
            <String HPOS="625" VPOS="3989" HEIGHT="32" WIDTH="61" ID="PAG_14_ST000047" WC="1" CONTENT="elle" STYLEREFS="TXT_14"/>
            <SP ID="PAG_14_SP000042" HPOS="686" VPOS="3990" WIDTH="26"/>
            <String HPOS="712" VPOS="3990" HEIGHT="30" WIDTH="95" ID="PAG_14_ST000048" WC="1" CONTENT="devra" STYLEREFS="TXT_14"/>
            <SP ID="PAG_14_SP000043" HPOS="807" VPOS="3990" WIDTH="25"/>
            <String HPOS="832" VPOS="3990" HEIGHT="30" WIDTH="165" ID="PAG_14_ST000049" WC="1" CONTENT="s'habituer" STYLEREFS="TXT_14"/>
            <SP ID="PAG_14_SP000044" HPOS="997" VPOS="3991" WIDTH="25"/>
            <String HPOS="1022" VPOS="3991" HEIGHT="29" WIDTH="18" ID="PAG_14_ST000050" WC="1" CONTENT="à" STYLEREFS="TXT_14"/>
            <SP ID="PAG_14_SP000045" HPOS="1040" VPOS="3993" WIDTH="26"/>
            <String HPOS="1066" VPOS="3993" HEIGHT="27" WIDTH="94" ID="PAG_14_ST000051" WC="1" CONTENT="rester" STYLEREFS="TXT_14"/>
            <SP ID="PAG_14_SP000046" HPOS="1160" VPOS="3989" WIDTH="28"/>
            <String HPOS="1188" VPOS="3989" HEIGHT="31" WIDTH="41" ID="PAG_14_ST000052" WC="1" CONTENT="les" STYLEREFS="TXT_14"/>
            <SP ID="PAG_14_SP000047" HPOS="1229" VPOS="3992" WIDTH="26"/>
            <String HPOS="1255" VPOS="3992" HEIGHT="36" WIDTH="89" ID="PAG_14_ST000053" WC="0.81" CONTENT="pi'eas" STYLEREFS="TXT_14"/>
            <SP ID="PAG_14_SP000048" HPOS="1344" VPOS="3991" WIDTH="26"/>
            <String HPOS="1370" VPOS="3991" HEIGHT="29" WIDTH="19" ID="PAG_14_ST000054" WC="1" CONTENT="à" STYLEREFS="TXT_14"/>
          </TextLine>
          <TextLine HPOS="552" VPOS="4035" HEIGHT="39" WIDTH="837" ID="PAG_14_TL000007" STYLEREFS="TXT_14">
            <String HPOS="552" VPOS="4035" HEIGHT="37" WIDTH="77" ID="PAG_14_ST000055" WC="1" CONTENT="plat," STYLEREFS="TXT_14"/>
            <SP ID="PAG_14_SP000049" HPOS="629" VPOS="4041" WIDTH="51"/>
            <String HPOS="680" VPOS="4041" HEIGHT="25" WIDTH="29" ID="PAG_14_ST000056" WC="0.99" CONTENT="et" STYLEREFS="TXT_14"/>
            <SP ID="PAG_14_SP000050" HPOS="709" VPOS="4046" WIDTH="50"/>
            <String HPOS="759" VPOS="4046" HEIGHT="19" WIDTH="55" ID="PAG_14_ST000057" WC="1" CONTENT="non" STYLEREFS="TXT_14"/>
            <SP ID="PAG_14_SP000051" HPOS="814" VPOS="4046" WIDTH="28"/>
            <String HPOS="842" VPOS="4046" HEIGHT="26" WIDTH="55" ID="PAG_14_ST000058" WC="1" CONTENT="pas" STYLEREFS="TXT_14"/>
            <SP ID="PAG_14_SP000052" HPOS="897" VPOS="4046" WIDTH="27"/>
            <String HPOS="924" VPOS="4046" HEIGHT="19" WIDTH="47" ID="PAG_14_ST000059" WC="1" CONTENT="sur" STYLEREFS="TXT_14"/>
            <SP ID="PAG_14_SP000053" HPOS="971" VPOS="4035" WIDTH="28"/>
            <String HPOS="999" VPOS="4035" HEIGHT="29" WIDTH="30" ID="PAG_14_ST000060" WC="1" CONTENT="la" STYLEREFS="TXT_14"/>
            <SP ID="PAG_14_SP000054" HPOS="1029" VPOS="4036" WIDTH="26"/>
            <String HPOS="1055" VPOS="4036" HEIGHT="37" WIDTH="107" ID="PAG_14_ST000061" WC="0.99" CONTENT="pointe" STYLEREFS="TXT_14"/>
            <SP ID="PAG_14_SP000055" HPOS="1162" VPOS="4036" WIDTH="27"/>
            <String HPOS="1189" VPOS="4036" HEIGHT="30" WIDTH="52" ID="PAG_14_ST000062" WC="1" CONTENT="des" STYLEREFS="TXT_14"/>
            <SP ID="PAG_14_SP000056" HPOS="1241" VPOS="4035" WIDTH="28"/>
            <String HPOS="1269" VPOS="4035" HEIGHT="39" WIDTH="120" ID="PAG_14_ST000063" WC="1" CONTENT="pieds..." STYLEREFS="TXT_14"/>
          </TextLine>
        </TextBlock>
        <TextBlock HPOS="548" VPOS="4111" HEIGHT="172" WIDTH="869" ID="PAG_14_TB000003" LANG="fr" STYLEREFS="TXT_14">
          <TextLine HPOS="548" VPOS="4111" HEIGHT="38" WIDTH="836" ID="PAG_14_TL000008" STYLEREFS="TXT_14">
            <String HPOS="548" VPOS="4111" HEIGHT="29" WIDTH="30" ID="PAG_14_ST000064" WC="1" CONTENT="B." STYLEREFS="TXT_14"/>
            <SP ID="PAG_14_SP000057" HPOS="578" VPOS="4112" WIDTH="27"/>
            <String HPOS="605" VPOS="4112" HEIGHT="29" WIDTH="42" ID="PAG_14_ST000065" WC="0.00" CONTENT="De" STYLEREFS="TXT_14"/>
            <SP ID="PAG_14_SP000058" HPOS="647" VPOS="4115" WIDTH="7"/>
            <String HPOS="654" VPOS="4115" HEIGHT="25" WIDTH="69" ID="PAG_14_ST000066" WC="0.5" CONTENT="vant" STYLEREFS="TXT_14"/>
            <SP ID="PAG_14_SP000059" HPOS="723" VPOS="4123" WIDTH="30"/>
            <String HPOS="753" VPOS="4123" HEIGHT="18" WIDTH="55" ID="PAG_14_ST000067" WC="0.99" CONTENT="une" STYLEREFS="TXT_14"/>
            <SP ID="PAG_14_SP000060" HPOS="808" VPOS="4114" WIDTH="31"/>
            <String HPOS="839" VPOS="4114" HEIGHT="35" WIDTH="115" ID="PAG_14_ST000068" WC="1" CONTENT="piscine" STYLEREFS="TXT_14"/>
            <SP ID="PAG_14_SP000061" HPOS="954" VPOS="4123" WIDTH="31"/>
            <String HPOS="985" VPOS="4123" HEIGHT="19" WIDTH="66" ID="PAG_14_ST000069" WC="0.99" CONTENT="sons" STYLEREFS="TXT_14"/>
            <SP ID="PAG_14_SP000062" HPOS="1051" VPOS="4123" WIDTH="31"/>
            <String HPOS="1082" VPOS="4123" HEIGHT="22" WIDTH="65" ID="PAG_14_ST000070" WC="1" CONTENT="eau," STYLEREFS="TXT_14"/>
            <SP ID="PAG_14_SP000063" HPOS="1147" VPOS="4113" WIDTH="33"/>
            <String HPOS="1180" VPOS="4113" HEIGHT="29" WIDTH="27" ID="PAG_14_ST000071" WC="1" CONTENT="le" STYLEREFS="TXT_14"/>
            <SP ID="PAG_14_SP000064" HPOS="1207" VPOS="4113" WIDTH="32"/>
            <String HPOS="1239" VPOS="4113" HEIGHT="30" WIDTH="145" ID="PAG_14_ST000072" WC="1" CONTENT="moniteur" STYLEREFS="TXT_14"/>
          </TextLine>
          <TextLine HPOS="550" VPOS="4155" HEIGHT="41" WIDTH="867" ID="PAG_14_TL000009" STYLEREFS="TXT_14">
            <String HPOS="550" VPOS="4155" HEIGHT="29" WIDTH="58" ID="PAG_14_ST000073" WC="0.99" CONTENT="fait" STYLEREFS="TXT_14"/>
            <SP ID="PAG_14_SP000065" HPOS="608" VPOS="4158" WIDTH="31"/>
            <String HPOS="639" VPOS="4158" HEIGHT="35" WIDTH="159" ID="PAG_14_ST000074" WC="1" CONTENT="pratiquer" STYLEREFS="TXT_14"/>
            <SP ID="PAG_14_SP000066" HPOS="798" VPOS="4157" WIDTH="30"/>
            <String HPOS="828" VPOS="4157" HEIGHT="29" WIDTH="19" ID="PAG_14_ST000075" WC="1" CONTENT="à" STYLEREFS="TXT_14"/>
            <SP ID="PAG_14_SP000067" HPOS="847" VPOS="4156" WIDTH="31"/>
            <String HPOS="878" VPOS="4156" HEIGHT="31" WIDTH="141" ID="PAG_14_ST000076" WC="0.99" CONTENT="Danielle" STYLEREFS="TXT_14"/>
            <SP ID="PAG_14_SP000068" HPOS="1019" VPOS="4157" WIDTH="35"/>
            <String HPOS="1054" VPOS="4157" HEIGHT="30" WIDTH="27" ID="PAG_14_ST000077" WC="1" CONTENT="le" STYLEREFS="TXT_14"/>
            <SP ID="PAG_14_SP000069" HPOS="1081" VPOS="4160" WIDTH="32"/>
            <String HPOS="1113" VPOS="4160" HEIGHT="34" WIDTH="86" ID="PAG_14_ST000078" WC="1" CONTENT="geste" STYLEREFS="TXT_14"/>
            <SP ID="PAG_14_SP000070" HPOS="1199" VPOS="4157" WIDTH="32"/>
            <String HPOS="1231" VPOS="4157" HEIGHT="30" WIDTH="39" ID="PAG_14_ST000079" WC="1" CONTENT="du" STYLEREFS="TXT_14"/>
            <SP ID="PAG_14_SP000071" HPOS="1270" VPOS="4159" WIDTH="32"/>
            <String HPOS="1302" VPOS="4159" HEIGHT="37" WIDTH="85" ID="PAG_14_ST000080" WC="1" CONTENT="plon-" SUBS_TYPE="HypPart1" SUBS_CONTENT="plongeon." STYLEREFS="TXT_14"/>
            <HYP HPOS="1387" VPOS="4196" WIDTH="30" CONTENT="-"/>
          </TextLine>
          <TextLine HPOS="550" VPOS="4200" HEIGHT="39" WIDTH="867" ID="PAG_14_TL000010" STYLEREFS="TXT_14">
            <String HPOS="550" VPOS="4212" HEIGHT="25" WIDTH="88" ID="PAG_14_ST000081" WC="1" CONTENT="geon." SUBS_TYPE="HypPart2" SUBS_CONTENT="plongeon." STYLEREFS="TXT_14"/>
            <SP ID="PAG_14_SP000072" HPOS="638" VPOS="4201" WIDTH="25"/>
            <String HPOS="663" VPOS="4201" HEIGHT="30" WIDTH="77" ID="PAG_14_ST000082" WC="0.99" CONTENT="Mais" STYLEREFS="TXT_14"/>
            <SP ID="PAG_14_SP000073" HPOS="740" VPOS="4200" WIDTH="25"/>
            <String HPOS="765" VPOS="4200" HEIGHT="31" WIDTH="61" ID="PAG_14_ST000083" WC="0.99" CONTENT="elle" STYLEREFS="TXT_14"/>
            <SP ID="PAG_14_SP000074" HPOS="826" VPOS="4202" WIDTH="23"/>
            <String HPOS="849" VPOS="4202" HEIGHT="28" WIDTH="48" ID="PAG_14_ST000084" WC="1" CONTENT="n'a" STYLEREFS="TXT_14"/>
            <SP ID="PAG_14_SP000075" HPOS="897" VPOS="4212" WIDTH="23"/>
            <String HPOS="920" VPOS="4212" HEIGHT="27" WIDTH="54" ID="PAG_14_ST000085" WC="1" CONTENT="pas" STYLEREFS="TXT_14"/>
            <SP ID="PAG_14_SP000076" HPOS="974" VPOS="4213" WIDTH="25"/>
            <String HPOS="999" VPOS="4213" HEIGHT="19" WIDTH="109" ID="PAG_14_ST000086" WC="1" CONTENT="encore" STYLEREFS="TXT_14"/>
            <SP ID="PAG_14_SP000077" HPOS="1108" VPOS="4203" WIDTH="25"/>
            <String HPOS="1133" VPOS="4203" HEIGHT="29" WIDTH="58" ID="PAG_14_ST000087" WC="0.99" CONTENT="très" STYLEREFS="TXT_14"/>
            <SP ID="PAG_14_SP000078" HPOS="1191" VPOS="4202" WIDTH="24"/>
            <String HPOS="1215" VPOS="4202" HEIGHT="30" WIDTH="68" ID="PAG_14_ST000088" WC="1" CONTENT="bien" STYLEREFS="TXT_14"/>
            <SP ID="PAG_14_SP000079" HPOS="1283" VPOS="4214" WIDTH="26"/>
            <String HPOS="1309" VPOS="4214" HEIGHT="19" WIDTH="78" ID="PAG_14_ST000089" WC="1" CONTENT="com-" SUBS_TYPE="HypPart1" SUBS_CONTENT="compris" STYLEREFS="TXT_14"/>
            <HYP HPOS="1387" VPOS="4233" WIDTH="30" CONTENT="-"/>
          </TextLine>
          <TextLine HPOS="548" VPOS="4245" HEIGHT="38" WIDTH="838" ID="PAG_14_TL000011" STYLEREFS="TXT_14">
            <String HPOS="548" VPOS="4246" HEIGHT="37" WIDTH="60" ID="PAG_14_ST000090" WC="0.99" CONTENT="pris" SUBS_TYPE="HypPart2" SUBS_CONTENT="compris" STYLEREFS="TXT_14"/>
            <SP ID="PAG_14_SP000080" HPOS="608" VPOS="4245" WIDTH="20"/>
            <String HPOS="628" VPOS="4245" HEIGHT="37" WIDTH="74" ID="PAG_14_ST000091" WC="1" CONTENT="qu'il" STYLEREFS="TXT_14"/>
            <SP ID="PAG_14_SP000081" HPOS="702" VPOS="4246" WIDTH="21"/>
            <String HPOS="723" VPOS="4246" HEIGHT="30" WIDTH="40" ID="PAG_14_ST000092" WC="1" CONTENT="lui" STYLEREFS="TXT_14"/>
            <SP ID="PAG_14_SP000082" HPOS="763" VPOS="4245" WIDTH="18"/>
            <String HPOS="781" VPOS="4245" HEIGHT="30" WIDTH="67" ID="PAG_14_ST000093" WC="1" CONTENT="faut" STYLEREFS="TXT_14"/>
            <SP ID="PAG_14_SP000083" HPOS="848" VPOS="4247" WIDTH="19"/>
            <String HPOS="867" VPOS="4247" HEIGHT="30" WIDTH="109" ID="PAG_14_ST000094" WC="1" CONTENT="cacher" STYLEREFS="TXT_14"/>
            <SP ID="PAG_14_SP000084" HPOS="976" VPOS="4247" WIDTH="21"/>
            <String HPOS="997" VPOS="4247" HEIGHT="29" WIDTH="29" ID="PAG_14_ST000095" WC="1" CONTENT="la" STYLEREFS="TXT_14"/>
            <SP ID="PAG_14_SP000085" HPOS="1026" VPOS="4247" WIDTH="18"/>
            <String HPOS="1044" VPOS="4247" HEIGHT="30" WIDTH="65" ID="PAG_14_ST000096" WC="1" CONTENT="tête" STYLEREFS="TXT_14"/>
            <SP ID="PAG_14_SP000086" HPOS="1109" VPOS="4247" WIDTH="20"/>
            <String HPOS="1129" VPOS="4247" HEIGHT="31" WIDTH="74" ID="PAG_14_ST000097" WC="1" CONTENT="dans" STYLEREFS="TXT_14"/>
            <SP ID="PAG_14_SP000087" HPOS="1203" VPOS="4259" WIDTH="18"/>
            <String HPOS="1221" VPOS="4259" HEIGHT="18" WIDTH="46" ID="PAG_14_ST000098" WC="1" CONTENT="ses" STYLEREFS="TXT_14"/>
            <SP ID="PAG_14_SP000088" HPOS="1267" VPOS="4247" WIDTH="20"/>
            <String HPOS="1287" VPOS="4247" HEIGHT="31" WIDTH="99" ID="PAG_14_ST000099" WC="1" CONTENT="bras..." STYLEREFS="TXT_14"/>
          </TextLine>
        </TextBlock>
        <TextBlock HPOS="550" VPOS="4334" HEIGHT="221" WIDTH="869" ID="PAG_14_TB000004" LANG="fr" STYLEREFS="TXT_14">
          <TextLine HPOS="550" VPOS="4334" HEIGHT="42" WIDTH="837" ID="PAG_14_TL000012" STYLEREFS="TXT_14">
            <String HPOS="550" VPOS="4335" HEIGHT="31" WIDTH="40" ID="PAG_14_ST000100" WC="1" CONTENT="C." STYLEREFS="TXT_14"/>
            <SP ID="PAG_14_SP000089" HPOS="590" VPOS="4334" WIDTH="17"/>
            <String HPOS="607" VPOS="4334" HEIGHT="31" WIDTH="78" ID="PAG_14_ST000101" WC="1" CONTENT="Ceci" STYLEREFS="TXT_14"/>
            <SP ID="PAG_14_SP000090" HPOS="685" VPOS="4339" WIDTH="34"/>
            <String HPOS="719" VPOS="4339" HEIGHT="27" WIDTH="45" ID="PAG_14_ST000102" WC="1" CONTENT="est" STYLEREFS="TXT_14"/>
            <SP ID="PAG_14_SP000091" HPOS="764" VPOS="4348" WIDTH="37"/>
            <String HPOS="801" VPOS="4348" HEIGHT="18" WIDTH="33" ID="PAG_14_ST000103" WC="1" CONTENT="un" STYLEREFS="TXT_14"/>
            <SP ID="PAG_14_SP000092" HPOS="834" VPOS="4337" WIDTH="38"/>
            <String HPOS="872" VPOS="4337" HEIGHT="29" WIDTH="137" ID="PAG_14_ST000104" WC="1" CONTENT="exercice" STYLEREFS="TXT_14"/>
            <SP ID="PAG_14_SP000093" HPOS="1009" VPOS="4337" WIDTH="36"/>
            <String HPOS="1045" VPOS="4337" HEIGHT="38" WIDTH="206" ID="PAG_14_ST000105" WC="0.98" CONTENT="respiratoire." STYLEREFS="TXT_14"/>
            <SP ID="PAG_14_SP000094" HPOS="1251" VPOS="4338" WIDTH="39"/>
            <String HPOS="1290" VPOS="4338" HEIGHT="38" WIDTH="97" ID="PAG_14_ST000106" WC="1" CONTENT="Après" STYLEREFS="TXT_14"/>
          </TextLine>
          <TextLine HPOS="551" VPOS="4381" HEIGHT="38" WIDTH="868" ID="PAG_14_TL000013" STYLEREFS="TXT_14">
            <String HPOS="551" VPOS="4391" HEIGHT="19" WIDTH="84" ID="PAG_14_ST000107" WC="1" CONTENT="avoir" STYLEREFS="TXT_14"/>
            <SP ID="PAG_14_SP000095" HPOS="635" VPOS="4381" WIDTH="27"/>
            <String HPOS="662" VPOS="4381" HEIGHT="36" WIDTH="110" ID="PAG_14_ST000108" WC="1" CONTENT="aspiré," STYLEREFS="TXT_14"/>
            <SP ID="PAG_14_SP000096" HPOS="772" VPOS="4382" WIDTH="29"/>
            <String HPOS="801" VPOS="4382" HEIGHT="36" WIDTH="132" ID="PAG_14_ST000109" WC="0.99" CONTENT="rejetant" STYLEREFS="TXT_14"/>
            <SP ID="PAG_14_SP000097" HPOS="933" VPOS="4381" WIDTH="28"/>
            <String HPOS="961" VPOS="4381" HEIGHT="30" WIDTH="69" ID="PAG_14_ST000110" WC="1" CONTENT="bien" STYLEREFS="TXT_14"/>
            <SP ID="PAG_14_SP000098" HPOS="1030" VPOS="4381" WIDTH="29"/>
            <String HPOS="1059" VPOS="4381" HEIGHT="31" WIDTH="41" ID="PAG_14_ST000111" WC="1" CONTENT="les" STYLEREFS="TXT_14"/>
            <SP ID="PAG_14_SP000099" HPOS="1100" VPOS="4382" WIDTH="27"/>
            <String HPOS="1127" VPOS="4382" HEIGHT="37" WIDTH="126" ID="PAG_14_ST000112" WC="1" CONTENT="épaules" STYLEREFS="TXT_14"/>
            <SP ID="PAG_14_SP000100" HPOS="1253" VPOS="4394" WIDTH="29"/>
            <String HPOS="1282" VPOS="4394" HEIGHT="18" WIDTH="34" ID="PAG_14_ST000113" WC="1" CONTENT="en" STYLEREFS="TXT_14"/>
            <SP ID="PAG_14_SP000101" HPOS="1316" VPOS="4393" WIDTH="28"/>
            <String HPOS="1344" VPOS="4393" HEIGHT="19" WIDTH="45" ID="PAG_14_ST000114" WC="1" CONTENT="ar-" SUBS_TYPE="HypPart1" SUBS_CONTENT="arrière," STYLEREFS="TXT_14"/>
            <HYP HPOS="1389" VPOS="4412" WIDTH="30" CONTENT="-"/>
          </TextLine>
          <TextLine HPOS="553" VPOS="4425" HEIGHT="39" WIDTH="837" ID="PAG_14_TL000014" STYLEREFS="TXT_14">
            <String HPOS="553" VPOS="4426" HEIGHT="33" WIDTH="86" ID="PAG_14_ST000115" WC="0.99" CONTENT="rière," SUBS_TYPE="HypPart2" SUBS_CONTENT="arrière," STYLEREFS="TXT_14"/>
            <SP ID="PAG_14_SP000102" HPOS="639" VPOS="4425" WIDTH="29"/>
            <String HPOS="668" VPOS="4425" HEIGHT="30" WIDTH="61" ID="PAG_14_ST000116" WC="0.99" CONTENT="elle" STYLEREFS="TXT_14"/>
            <SP ID="PAG_14_SP000103" HPOS="729" VPOS="4437" WIDTH="28"/>
            <String HPOS="757" VPOS="4437" HEIGHT="19" WIDTH="31" ID="PAG_14_ST000117" WC="1" CONTENT="se" STYLEREFS="TXT_14"/>
            <SP ID="PAG_14_SP000104" HPOS="788" VPOS="4426" WIDTH="27"/>
            <String HPOS="815" VPOS="4426" HEIGHT="38" WIDTH="118" ID="PAG_14_ST000118" WC="1" CONTENT="penche" STYLEREFS="TXT_14"/>
            <SP ID="PAG_14_SP000105" HPOS="933" VPOS="4437" WIDTH="29"/>
            <String HPOS="962" VPOS="4437" HEIGHT="19" WIDTH="34" ID="PAG_14_ST000119" WC="1" CONTENT="en" STYLEREFS="TXT_14"/>
            <SP ID="PAG_14_SP000106" HPOS="996" VPOS="4429" WIDTH="30"/>
            <String HPOS="1026" VPOS="4429" HEIGHT="32" WIDTH="100" ID="PAG_14_ST000120" WC="0.99" CONTENT="avant," STYLEREFS="TXT_14"/>
            <SP ID="PAG_14_SP000107" HPOS="1126" VPOS="4430" WIDTH="31"/>
            <String HPOS="1157" VPOS="4430" HEIGHT="30" WIDTH="39" ID="PAG_14_ST000121" WC="1" CONTENT="et," STYLEREFS="TXT_14"/>
            <SP ID="PAG_14_SP000108" HPOS="1196" VPOS="4426" WIDTH="31"/>
            <String HPOS="1227" VPOS="4426" HEIGHT="31" WIDTH="41" ID="PAG_14_ST000122" WC="1" CONTENT="les" STYLEREFS="TXT_14"/>
            <SP ID="PAG_14_SP000109" HPOS="1268" VPOS="4428" WIDTH="30"/>
            <String HPOS="1298" VPOS="4428" HEIGHT="29" WIDTH="92" ID="PAG_14_ST000123" WC="1" CONTENT="mains" STYLEREFS="TXT_14"/>
          </TextLine>
          <TextLine HPOS="550" VPOS="4471" HEIGHT="38" WIDTH="838" ID="PAG_14_TL000015" STYLEREFS="TXT_14">
            <String HPOS="550" VPOS="4481" HEIGHT="19" WIDTH="46" ID="PAG_14_ST000124" WC="1" CONTENT="sur" STYLEREFS="TXT_14"/>
            <SP ID="PAG_14_SP000110" HPOS="596" VPOS="4471" WIDTH="42"/>
            <String HPOS="638" VPOS="4471" HEIGHT="29" WIDTH="41" ID="PAG_14_ST000125" WC="1" CONTENT="les" STYLEREFS="TXT_14"/>
            <SP ID="PAG_14_SP000111" HPOS="679" VPOS="4482" WIDTH="41"/>
            <String HPOS="720" VPOS="4482" HEIGHT="25" WIDTH="125" ID="PAG_14_ST000126" WC="1" CONTENT="genoux," STYLEREFS="TXT_14"/>
            <SP ID="PAG_14_SP000112" HPOS="845" VPOS="4471" WIDTH="41"/>
            <String HPOS="886" VPOS="4471" HEIGHT="30" WIDTH="62" ID="PAG_14_ST000127" WC="0.94" CONTENT="élit" STYLEREFS="TXT_14"/>
            <SP ID="PAG_14_SP000113" HPOS="948" VPOS="4473" WIDTH="40"/>
            <String HPOS="988" VPOS="4473" HEIGHT="36" WIDTH="100" ID="PAG_14_ST000128" WC="0.28" CONTENT="us/i/Vc" STYLEREFS="TXT_14"/>
            <SP ID="PAG_14_SP000114" HPOS="1088" VPOS="4484" WIDTH="44"/>
            <String HPOS="1132" VPOS="4484" HEIGHT="18" WIDTH="33" ID="PAG_14_ST000129" WC="0.83" CONTENT="sn" STYLEREFS="TXT_14"/>
            <SP ID="PAG_14_SP000115" HPOS="1165" VPOS="4476" WIDTH="31"/>
            <String HPOS="1196" VPOS="4476" HEIGHT="26" WIDTH="133" ID="PAG_14_ST000130" WC="1" CONTENT="rentrant" STYLEREFS="TXT_14"/>
            <SP ID="PAG_14_SP000116" HPOS="1329" VPOS="4473" WIDTH="32"/>
            <String HPOS="1361" VPOS="4473" HEIGHT="30" WIDTH="27" ID="PAG_14_ST000131" WC="0.99" CONTENT="le" STYLEREFS="TXT_14"/>
          </TextLine>
          <TextLine HPOS="552" VPOS="4515" HEIGHT="40" WIDTH="833" ID="PAG_14_TL000016" STYLEREFS="TXT_14">
            <String HPOS="552" VPOS="4518" HEIGHT="27" WIDTH="101" ID="PAG_14_ST000132" WC="1" CONTENT="ventre" STYLEREFS="TXT_14"/>
            <SP ID="PAG_14_SP000117" HPOS="653" VPOS="4518" WIDTH="25"/>
            <String HPOS="678" VPOS="4518" HEIGHT="27" WIDTH="30" ID="PAG_14_ST000133" WC="1" CONTENT="et" STYLEREFS="TXT_14"/>
            <SP ID="PAG_14_SP000118" HPOS="708" VPOS="4516" WIDTH="26"/>
            <String HPOS="734" VPOS="4516" HEIGHT="29" WIDTH="155" ID="PAG_14_ST000134" WC="0.99" CONTENT="l'estomac" STYLEREFS="TXT_14"/>
            <SP ID="PAG_14_SP000119" HPOS="889" VPOS="4527" WIDTH="23"/>
            <String HPOS="912" VPOS="4527" HEIGHT="19" WIDTH="18" ID="PAG_14_ST000135" WC="0.97" CONTENT="a" STYLEREFS="TXT_14"/>
            <SP ID="PAG_14_SP000120" HPOS="930" VPOS="4516" WIDTH="26"/>
            <String HPOS="956" VPOS="4516" HEIGHT="29" WIDTH="29" ID="PAG_14_ST000136" WC="1" CONTENT="la" STYLEREFS="TXT_14"/>
            <SP ID="PAG_14_SP000121" HPOS="985" VPOS="4515" WIDTH="22"/>
            <String HPOS="1007" VPOS="4515" HEIGHT="34" WIDTH="68" ID="PAG_14_ST000137" WC="0.83" CONTENT="(ois," STYLEREFS="TXT_14"/>
            <SP ID="PAG_14_SP000122" HPOS="1075" VPOS="4517" WIDTH="26"/>
            <String HPOS="1101" VPOS="4517" HEIGHT="30" WIDTH="28" ID="PAG_14_ST000138" WC="0.93" CONTENT="le" STYLEREFS="TXT_14"/>
            <SP ID="PAG_14_SP000123" HPOS="1129" VPOS="4518" WIDTH="21"/>
            <String HPOS="1150" VPOS="4518" HEIGHT="36" WIDTH="67" ID="PAG_14_ST000139" WC="1" CONTENT="plus" STYLEREFS="TXT_14"/>
            <SP ID="PAG_14_SP000124" HPOS="1217" VPOS="4518" WIDTH="23"/>
            <String HPOS="1240" VPOS="4518" HEIGHT="37" WIDTH="145" ID="PAG_14_ST000140" WC="1" CONTENT="possible." STYLEREFS="TXT_14"/>
          </TextLine>
        </TextBlock>
        <Illustration ID="PAG_14_IL000002" HPOS="1456" VPOS="190" HEIGHT="3309" WIDTH="2393"/>
        <TextBlock HPOS="1699" VPOS="3657" HEIGHT="77" WIDTH="1888" ID="PAG_14_TB000005" LANG="fr" STYLEREFS="TXT_9">
          <TextLine HPOS="1699" VPOS="3657" HEIGHT="77" WIDTH="1888" ID="PAG_14_TL000017" STYLEREFS="TXT_9">
            <String HPOS="1699" VPOS="3671" HEIGHT="55" WIDTH="2" ID="PAG_14_ST000141" WC="0.5" CONTENT="j" STYLEREFS="TXT_15"/>
            <SP ID="PAG_14_SP000125" HPOS="1701" VPOS="3657" WIDTH="28"/>
            <String HPOS="1729" VPOS="3657" HEIGHT="57" WIDTH="32" ID="PAG_14_ST000142" WC="0.00" CONTENT="f" STYLEREFS="TXT_9"/>
            <SP ID="PAG_14_SP000126" HPOS="1761" VPOS="3667" WIDTH="44"/>
            <String HPOS="1805" VPOS="3667" HEIGHT="47" WIDTH="35" ID="PAG_14_ST000143" WC="0.69" CONTENT="E" STYLEREFS="TXT_9"/>
            <SP ID="PAG_14_SP000127" HPOS="1840" VPOS="3683" WIDTH="31"/>
            <String HPOS="1871" VPOS="3683" HEIGHT="31" WIDTH="56" ID="PAG_14_ST000144" WC="1" CONTENT="ne" STYLEREFS="TXT_9"/>
            <SP ID="PAG_14_SP000128" HPOS="1927" VPOS="3684" WIDTH="37"/>
            <String HPOS="1964" VPOS="3684" HEIGHT="31" WIDTH="124" ID="PAG_14_ST000145" WC="0.76" CONTENT="vous" STYLEREFS="TXT_9"/>
            <SP ID="PAG_14_SP000129" HPOS="2088" VPOS="3666" WIDTH="38"/>
            <String HPOS="2126" VPOS="3666" HEIGHT="49" WIDTH="110" ID="PAG_14_ST000146" WC="1" CONTENT="dirai" STYLEREFS="TXT_9"/>
            <SP ID="PAG_14_SP000130" HPOS="2236" VPOS="3686" WIDTH="38"/>
            <String HPOS="2274" VPOS="3686" HEIGHT="46" WIDTH="79" ID="PAG_14_ST000147" WC="1" CONTENT="pas" STYLEREFS="TXT_9"/>
            <SP ID="PAG_14_SP000131" HPOS="2353" VPOS="3687" WIDTH="30"/>
            <String HPOS="2383" VPOS="3687" HEIGHT="29" WIDTH="6" ID="PAG_14_ST000148" WC="0.5" CONTENT=":" STYLEREFS="TXT_9"/>
            <SP ID="PAG_14_SP000132" HPOS="2389" VPOS="3685" WIDTH="35"/>
            <String HPOS="2424" VPOS="3685" HEIGHT="26" WIDTH="22" ID="PAG_14_ST000149" WC="0.98" CONTENT="«" STYLEREFS="TXT_15"/>
            <SP ID="PAG_14_SP000133" HPOS="2446" VPOS="3669" WIDTH="33"/>
            <String HPOS="2479" VPOS="3669" HEIGHT="65" WIDTH="167" ID="PAG_14_ST000150" WC="0.92" CONTENT="Voyez" STYLEREFS="TXT_15"/>
            <SP ID="PAG_14_SP000134" HPOS="2646" VPOS="3685" WIDTH="33"/>
            <String HPOS="2679" VPOS="3685" HEIGHT="33" WIDTH="194" ID="PAG_14_ST000151" WC="0.90" CONTENT="comme" STYLEREFS="TXT_9"/>
            <SP ID="PAG_14_SP000135" HPOS="2873" VPOS="3666" WIDTH="28"/>
            <String HPOS="2901" VPOS="3666" HEIGHT="51" WIDTH="31" ID="PAG_14_ST000152" WC="1" CONTENT="il" STYLEREFS="TXT_9"/>
            <SP ID="PAG_14_SP000136" HPOS="2932" VPOS="3666" WIDTH="26"/>
            <String HPOS="2958" VPOS="3666" HEIGHT="51" WIDTH="100" ID="PAG_14_ST000153" WC="1" CONTENT="faut" STYLEREFS="TXT_9"/>
            <SP ID="PAG_14_SP000137" HPOS="3058" VPOS="3685" WIDTH="29"/>
            <String HPOS="3087" VPOS="3685" HEIGHT="31" WIDTH="46" ID="PAG_14_ST000154" WC="1" CONTENT="se" STYLEREFS="TXT_9"/>
            <SP ID="PAG_14_SP000138" HPOS="3133" VPOS="3668" WIDTH="35"/>
            <String HPOS="3168" VPOS="3668" HEIGHT="49" WIDTH="188" ID="PAG_14_ST000155" WC="1" CONTENT="donner" STYLEREFS="TXT_9"/>
            <SP ID="PAG_14_SP000139" HPOS="3356" VPOS="3667" WIDTH="39"/>
            <String HPOS="3395" VPOS="3667" HEIGHT="49" WIDTH="62" ID="PAG_14_ST000156" WC="1" CONTENT="du" STYLEREFS="TXT_9"/>
            <SP ID="PAG_14_SP000140" HPOS="3457" VPOS="3666" WIDTH="37"/>
            <String HPOS="3494" VPOS="3666" HEIGHT="50" WIDTH="93" ID="PAG_14_ST000157" WC="0.26" CONTENT="niai" STYLEREFS="TXT_9"/>
          </TextLine>
        </TextBlock>
        <TextBlock HPOS="1675" VPOS="3745" HEIGHT="621" WIDTH="2158" ID="PAG_14_TB000006" LANG="fr" STYLEREFS="TXT_9">
          <TextLine HPOS="1675" VPOS="3745" HEIGHT="103" WIDTH="1946" ID="PAG_14_TL000018" STYLEREFS="TXT_9">
            <String HPOS="1675" VPOS="3795" HEIGHT="53" WIDTH="18" ID="PAG_14_ST000158" WC="0.00" CONTENT="I" STYLEREFS="TXT_9"/>
            <SP ID="PAG_14_SP000141" HPOS="1693" VPOS="3745" WIDTH="36"/>
            <String HPOS="1729" VPOS="3745" HEIGHT="62" WIDTH="17" ID="PAG_14_ST000159" WC="0.5" CONTENT="I" STYLEREFS="TXT_9"/>
            <SP ID="PAG_14_SP000142" HPOS="1746" VPOS="3775" WIDTH="58"/>
            <String HPOS="1804" VPOS="3775" HEIGHT="44" WIDTH="120" ID="PAG_14_ST000160" WC="1" CONTENT="pour" STYLEREFS="TXT_9"/>
            <SP ID="PAG_14_SP000143" HPOS="1924" VPOS="3757" WIDTH="30"/>
            <String HPOS="1954" VPOS="3757" HEIGHT="49" WIDTH="196" ID="PAG_14_ST000161" WC="0.96" CONTENT="devenir" STYLEREFS="TXT_9"/>
            <SP ID="PAG_14_SP000144" HPOS="2150" VPOS="3776" WIDTH="32"/>
            <String HPOS="2182" VPOS="3776" HEIGHT="31" WIDTH="95" ID="PAG_14_ST000162" WC="1" CONTENT="une" STYLEREFS="TXT_9"/>
            <SP ID="PAG_14_SP000145" HPOS="2277" VPOS="3760" WIDTH="35"/>
            <String HPOS="2312" VPOS="3760" HEIGHT="47" WIDTH="111" ID="PAG_14_ST000163" WC="1" CONTENT="star!" STYLEREFS="TXT_9"/>
            <SP ID="PAG_14_SP000146" HPOS="2423" VPOS="3758" WIDTH="39"/>
            <String HPOS="2462" VPOS="3758" HEIGHT="50" WIDTH="214" ID="PAG_14_ST000164" WC="0.90" CONTENT="Danielle" STYLEREFS="TXT_9"/>
            <SP ID="PAG_14_SP000147" HPOS="2676" VPOS="3759" WIDTH="35"/>
            <String HPOS="2711" VPOS="3759" HEIGHT="49" WIDTH="231" ID="PAG_14_ST000165" WC="1" CONTENT="Darrieux" STYLEREFS="TXT_9"/>
            <SP ID="PAG_14_SP000148" HPOS="2942" VPOS="3771" WIDTH="22"/>
            <String HPOS="2964" VPOS="3771" HEIGHT="37" WIDTH="71" ID="PAG_14_ST000166" WC="1" CONTENT="est" STYLEREFS="TXT_9"/>
            <SP ID="PAG_14_SP000149" HPOS="3035" VPOS="3758" WIDTH="28"/>
            <String HPOS="3063" VPOS="3758" HEIGHT="50" WIDTH="301" ID="PAG_14_ST000167" WC="1" CONTENT="condamnée" STYLEREFS="TXT_9"/>
            <SP ID="PAG_14_SP000150" HPOS="3364" VPOS="3776" WIDTH="35"/>
            <String HPOS="3399" VPOS="3776" HEIGHT="30" WIDTH="57" ID="PAG_14_ST000168" WC="1" CONTENT="au" STYLEREFS="TXT_9"/>
            <SP ID="PAG_14_SP000151" HPOS="3456" VPOS="3777" WIDTH="30"/>
            <String HPOS="3486" VPOS="3777" HEIGHT="44" WIDTH="105" ID="PAG_14_ST000169" WC="1" CONTENT="sup-" SUBS_TYPE="HypPart1" SUBS_CONTENT="sup-plice" STYLEREFS="TXT_9"/>
            <HYP HPOS="3591" VPOS="3821" WIDTH="30" CONTENT="-"/>
          </TextLine>
          <TextLine HPOS="1806" VPOS="3846" HEIGHT="68" WIDTH="2027" ID="PAG_14_TL000019" STYLEREFS="TXT_9">
            <String HPOS="1806" VPOS="3847" HEIGHT="64" WIDTH="114" ID="PAG_14_ST000170" WC="0.97" CONTENT="plice" SUBS_TYPE="HypPart2" SUBS_CONTENT="sup-plice" STYLEREFS="TXT_9"/>
            <SP ID="PAG_14_SP000152" HPOS="1920" VPOS="3848" WIDTH="23"/>
            <String HPOS="1943" VPOS="3848" HEIGHT="48" WIDTH="55" ID="PAG_14_ST000171" WC="1" CONTENT="de" STYLEREFS="TXT_9"/>
            <SP ID="PAG_14_SP000153" HPOS="1998" VPOS="3846" WIDTH="30"/>
            <String HPOS="2028" VPOS="3846" HEIGHT="50" WIDTH="39" ID="PAG_14_ST000172" WC="1" CONTENT="la" STYLEREFS="TXT_9"/>
            <SP ID="PAG_14_SP000154" HPOS="2067" VPOS="3847" WIDTH="24"/>
            <String HPOS="2091" VPOS="3847" HEIGHT="50" WIDTH="181" ID="PAG_14_ST000173" WC="1" CONTENT="culture" STYLEREFS="TXT_9"/>
            <SP ID="PAG_14_SP000155" HPOS="2272" VPOS="3848" WIDTH="31"/>
            <String HPOS="2303" VPOS="3848" HEIGHT="66" WIDTH="233" ID="PAG_14_ST000174" WC="0.96" CONTENT="physique" STYLEREFS="TXT_9"/>
            <SP ID="PAG_14_SP000156" HPOS="2536" VPOS="3849" WIDTH="23"/>
            <String HPOS="2559" VPOS="3849" HEIGHT="65" WIDTH="384" ID="PAG_14_ST000175" WC="0.99" CONTENT="quotidienne!..." STYLEREFS="TXT_9"/>
            <SP ID="PAG_14_SP000157" HPOS="2943" VPOS="3870" WIDTH="27"/>
            <String HPOS="2970" VPOS="3870" HEIGHT="26" WIDTH="23" ID="PAG_14_ST000176" WC="0.98" CONTENT="»" STYLEREFS="TXT_9"/>
            <SP ID="PAG_14_SP000158" HPOS="2993" VPOS="3848" WIDTH="20"/>
            <String HPOS="3013" VPOS="3848" HEIGHT="63" WIDTH="210" ID="PAG_14_ST000177" WC="0.93" CONTENT="J'estime" STYLEREFS="TXT_9"/>
            <SP ID="PAG_14_SP000159" HPOS="3223" VPOS="3866" WIDTH="22"/>
            <String HPOS="3245" VPOS="3866" HEIGHT="47" WIDTH="91" ID="PAG_14_ST000178" WC="1" CONTENT="que" STYLEREFS="TXT_9"/>
            <SP ID="PAG_14_SP000160" HPOS="3336" VPOS="3846" WIDTH="24"/>
            <String HPOS="3360" VPOS="3846" HEIGHT="51" WIDTH="107" ID="PAG_14_ST000179" WC="1" CONTENT="c'est" STYLEREFS="TXT_9"/>
            <SP ID="PAG_14_SP000161" HPOS="3467" VPOS="3866" WIDTH="27"/>
            <String HPOS="3494" VPOS="3866" HEIGHT="31" WIDTH="94" ID="PAG_14_ST000180" WC="1" CONTENT="une" STYLEREFS="TXT_9"/>
            <SP ID="PAG_14_SP000162" HPOS="3588" VPOS="3857" WIDTH="243"/>
            <String HPOS="3831" VPOS="3857" HEIGHT="44" WIDTH="2" ID="PAG_14_ST000181" WC="0.00" CONTENT="I" STYLEREFS="TXT_9"/>
          </TextLine>
          <TextLine HPOS="1686" VPOS="3938" HEIGHT="60" WIDTH="2147" ID="PAG_14_TL000020" STYLEREFS="TXT_9">
            <String HPOS="1686" VPOS="3938" HEIGHT="59" WIDTH="177" ID="PAG_14_ST000182" WC="1" CONTENT="grande" STYLEREFS="TXT_9"/>
            <SP ID="PAG_14_SP000163" HPOS="1863" VPOS="3939" WIDTH="32"/>
            <String HPOS="1895" VPOS="3939" HEIGHT="57" WIDTH="89" ID="PAG_14_ST000183" WC="1" CONTENT="joie" STYLEREFS="TXT_9"/>
            <SP ID="PAG_14_SP000164" HPOS="1984" VPOS="3957" WIDTH="41"/>
            <String HPOS="2025" VPOS="3957" HEIGHT="41" WIDTH="90" ID="PAG_14_ST000184" WC="1" CONTENT="que" STYLEREFS="TXT_9"/>
            <SP ID="PAG_14_SP000165" HPOS="2115" VPOS="3938" WIDTH="37"/>
            <String HPOS="2152" VPOS="3938" HEIGHT="50" WIDTH="178" ID="PAG_14_ST000185" WC="0.98" CONTENT="d'avoir" STYLEREFS="TXT_9"/>
            <SP ID="PAG_14_SP000166" HPOS="2330" VPOS="3958" WIDTH="39"/>
            <String HPOS="2369" VPOS="3958" HEIGHT="29" WIDTH="60" ID="PAG_14_ST000186" WC="1" CONTENT="un" STYLEREFS="TXT_9"/>
            <SP ID="PAG_14_SP000167" HPOS="2429" VPOS="3940" WIDTH="48"/>
            <String HPOS="2477" VPOS="3940" HEIGHT="49" WIDTH="167" ID="PAG_14_ST000187" WC="1" CONTENT="métier" STYLEREFS="TXT_9"/>
            <SP ID="PAG_14_SP000168" HPOS="2644" VPOS="3939" WIDTH="35"/>
            <String HPOS="2679" VPOS="3939" HEIGHT="50" WIDTH="120" ID="PAG_14_ST000188" WC="1" CONTENT="dont" STYLEREFS="TXT_9"/>
            <SP ID="PAG_14_SP000169" HPOS="2799" VPOS="3938" WIDTH="37"/>
            <String HPOS="2836" VPOS="3938" HEIGHT="52" WIDTH="121" ID="PAG_14_ST000189" WC="0.83" CONTENT="lune" STYLEREFS="TXT_9"/>
            <SP ID="PAG_14_SP000170" HPOS="2957" VPOS="3940" WIDTH="41"/>
            <String HPOS="2998" VPOS="3940" HEIGHT="49" WIDTH="82" ID="PAG_14_ST000190" WC="1" CONTENT="des" STYLEREFS="TXT_9"/>
            <SP ID="PAG_14_SP000171" HPOS="3080" VPOS="3939" WIDTH="40"/>
            <String HPOS="3120" VPOS="3939" HEIGHT="50" WIDTH="278" ID="PAG_14_ST000191" WC="1" CONTENT="conditions" STYLEREFS="TXT_9"/>
            <SP ID="PAG_14_SP000172" HPOS="3398" VPOS="3957" WIDTH="37"/>
            <String HPOS="3435" VPOS="3957" HEIGHT="31" WIDTH="157" ID="PAG_14_ST000192" WC="1" CONTENT="essen-" STYLEREFS="TXT_9"/>
            <SP ID="PAG_14_SP000173" HPOS="3592" VPOS="3956" WIDTH="239"/>
            <String HPOS="3831" VPOS="3956" HEIGHT="34" WIDTH="2" ID="PAG_14_ST000193" WC="0.00" CONTENT="i" STYLEREFS="TXT_7"/>
          </TextLine>
          <TextLine HPOS="3831" VPOS="3998" HEIGHT="24" WIDTH="2" ID="PAG_14_TL000021" STYLEREFS="TXT_7">
            <String HPOS="3831" VPOS="3998" HEIGHT="24" WIDTH="2" ID="PAG_14_ST000194" WC="0.00" CONTENT="i" STYLEREFS="TXT_7"/>
          </TextLine>
          <TextLine HPOS="1686" VPOS="4028" HEIGHT="66" WIDTH="1904" ID="PAG_14_TL000022" STYLEREFS="TXT_9">
            <String HPOS="1686" VPOS="4028" HEIGHT="50" WIDTH="149" ID="PAG_14_ST000195" WC="1" CONTENT="tielles" STYLEREFS="TXT_9"/>
            <SP ID="PAG_14_SP000174" HPOS="1835" VPOS="4043" WIDTH="23"/>
            <String HPOS="1858" VPOS="4043" HEIGHT="35" WIDTH="70" ID="PAG_14_ST000196" WC="0.85" CONTENT="est" STYLEREFS="TXT_9"/>
            <SP ID="PAG_14_SP000175" HPOS="1928" VPOS="4029" WIDTH="28"/>
            <String HPOS="1956" VPOS="4029" HEIGHT="64" WIDTH="226" ID="PAG_14_ST000197" WC="1" CONTENT="d'obliger" STYLEREFS="TXT_9"/>
            <SP ID="PAG_14_SP000176" HPOS="2182" VPOS="4048" WIDTH="21"/>
            <String HPOS="2203" VPOS="4048" HEIGHT="30" WIDTH="94" ID="PAG_14_ST000198" WC="1" CONTENT="une" STYLEREFS="TXT_9"/>
            <SP ID="PAG_14_SP000177" HPOS="2297" VPOS="4033" WIDTH="29"/>
            <String HPOS="2326" VPOS="4033" HEIGHT="45" WIDTH="179" ID="PAG_14_ST000199" WC="0.88" CONTENT="femme" STYLEREFS="TXT_9"/>
            <SP ID="PAG_14_SP000178" HPOS="2505" VPOS="4032" WIDTH="23"/>
            <String HPOS="2528" VPOS="4032" HEIGHT="46" WIDTH="24" ID="PAG_14_ST000200" WC="0.97" CONTENT="à" STYLEREFS="TXT_9"/>
            <SP ID="PAG_14_SP000179" HPOS="2552" VPOS="4028" WIDTH="25"/>
            <String HPOS="2577" VPOS="4028" HEIGHT="51" WIDTH="112" ID="PAG_14_ST000201" WC="1" CONTENT="faire" STYLEREFS="TXT_9"/>
            <SP ID="PAG_14_SP000180" HPOS="2689" VPOS="4042" WIDTH="21"/>
            <String HPOS="2710" VPOS="4042" HEIGHT="38" WIDTH="107" ID="PAG_14_ST000202" WC="1" CONTENT="tout" STYLEREFS="TXT_9"/>
            <SP ID="PAG_14_SP000181" HPOS="2817" VPOS="4049" WIDTH="22"/>
            <String HPOS="2839" VPOS="4049" HEIGHT="30" WIDTH="57" ID="PAG_14_ST000203" WC="1" CONTENT="au" STYLEREFS="TXT_9"/>
            <SP ID="PAG_14_SP000182" HPOS="2896" VPOS="4030" WIDTH="30"/>
            <String HPOS="2926" VPOS="4030" HEIGHT="50" WIDTH="181" ID="PAG_14_ST000204" WC="1" CONTENT="monde" STYLEREFS="TXT_9"/>
            <SP ID="PAG_14_SP000183" HPOS="3107" VPOS="4047" WIDTH="23"/>
            <String HPOS="3130" VPOS="4047" HEIGHT="47" WIDTH="121" ID="PAG_14_ST000205" WC="1" CONTENT="pour" STYLEREFS="TXT_9"/>
            <SP ID="PAG_14_SP000184" HPOS="3251" VPOS="4041" WIDTH="27"/>
            <String HPOS="3278" VPOS="4041" HEIGHT="37" WIDTH="147" ID="PAG_14_ST000206" WC="1" CONTENT="rester" STYLEREFS="TXT_9"/>
            <SP ID="PAG_14_SP000185" HPOS="3425" VPOS="4030" WIDTH="28"/>
            <String HPOS="3453" VPOS="4030" HEIGHT="62" WIDTH="137" ID="PAG_14_ST000207" WC="1" CONTENT="jeune" STYLEREFS="TXT_9"/>
          </TextLine>
          <TextLine HPOS="1687" VPOS="4118" HEIGHT="67" WIDTH="1905" ID="PAG_14_TL000023" STYLEREFS="TXT_9">
            <String HPOS="1687" VPOS="4132" HEIGHT="38" WIDTH="43" ID="PAG_14_ST000208" WC="1" CONTENT="et" STYLEREFS="TXT_9"/>
            <SP ID="PAG_14_SP000186" HPOS="1730" VPOS="4118" WIDTH="27"/>
            <String HPOS="1757" VPOS="4118" HEIGHT="58" WIDTH="135" ID="PAG_14_ST000209" WC="1" CONTENT="belle," STYLEREFS="TXT_9"/>
            <SP ID="PAG_14_SP000187" HPOS="1892" VPOS="4133" WIDTH="23"/>
            <String HPOS="1915" VPOS="4133" HEIGHT="46" WIDTH="60" ID="PAG_14_ST000210" WC="1" CONTENT="et," STYLEREFS="TXT_9"/>
            <SP ID="PAG_14_SP000188" HPOS="1975" VPOS="4137" WIDTH="29"/>
            <String HPOS="2004" VPOS="4137" HEIGHT="32" WIDTH="56" ID="PAG_14_ST000211" WC="1" CONTENT="en" STYLEREFS="TXT_9"/>
            <SP ID="PAG_14_SP000189" HPOS="2060" VPOS="4120" WIDTH="31"/>
            <String HPOS="2091" VPOS="4120" HEIGHT="64" WIDTH="252" ID="PAG_14_ST000212" WC="1" CONTENT="regardant" STYLEREFS="TXT_9"/>
            <SP ID="PAG_14_SP000190" HPOS="2343" VPOS="4138" WIDTH="30"/>
            <String HPOS="2373" VPOS="4138" HEIGHT="31" WIDTH="76" ID="PAG_14_ST000213" WC="1" CONTENT="ces" STYLEREFS="TXT_9"/>
            <SP ID="PAG_14_SP000191" HPOS="2449" VPOS="4119" WIDTH="29"/>
            <String HPOS="2478" VPOS="4119" HEIGHT="66" WIDTH="178" ID="PAG_14_ST000214" WC="1" CONTENT="photos" STYLEREFS="TXT_9"/>
            <SP ID="PAG_14_SP000192" HPOS="2656" VPOS="4120" WIDTH="28"/>
            <String HPOS="2684" VPOS="4120" HEIGHT="50" WIDTH="56" ID="PAG_14_ST000215" WC="1" CONTENT="de" STYLEREFS="TXT_9"/>
            <SP ID="PAG_14_SP000193" HPOS="2740" VPOS="4119" WIDTH="32"/>
            <String HPOS="2772" VPOS="4119" HEIGHT="51" WIDTH="215" ID="PAG_14_ST000216" WC="1" CONTENT="Danielle" STYLEREFS="TXT_9"/>
            <SP ID="PAG_14_SP000194" HPOS="2987" VPOS="4120" WIDTH="33"/>
            <String HPOS="3020" VPOS="4120" HEIGHT="50" WIDTH="231" ID="PAG_14_ST000217" WC="1" CONTENT="Darrieux" STYLEREFS="TXT_9"/>
            <SP ID="PAG_14_SP000195" HPOS="3251" VPOS="4118" WIDTH="34"/>
            <String HPOS="3285" VPOS="4118" HEIGHT="50" WIDTH="307" ID="PAG_14_ST000218" WC="1" CONTENT="s'entraînant" STYLEREFS="TXT_9"/>
          </TextLine>
          <TextLine HPOS="1687" VPOS="4209" HEIGHT="67" WIDTH="1905" ID="PAG_14_TL000024" STYLEREFS="TXT_9">
            <String HPOS="1687" VPOS="4213" HEIGHT="46" WIDTH="23" ID="PAG_14_ST000219" WC="0.97" CONTENT="à" STYLEREFS="TXT_9"/>
            <SP ID="PAG_14_SP000196" HPOS="1710" VPOS="4209" WIDTH="33"/>
            <String HPOS="1743" VPOS="4209" HEIGHT="66" WIDTH="300" ID="PAG_14_ST000220" WC="1" CONTENT="Hollywood" STYLEREFS="TXT_9"/>
            <SP ID="PAG_14_SP000197" HPOS="2043" VPOS="4228" WIDTH="40"/>
            <String HPOS="2083" VPOS="4228" HEIGHT="31" WIDTH="116" ID="PAG_14_ST000221" WC="1" CONTENT="sous" STYLEREFS="TXT_9"/>
            <SP ID="PAG_14_SP000198" HPOS="2199" VPOS="4209" WIDTH="37"/>
            <String HPOS="2236" VPOS="4209" HEIGHT="51" WIDTH="107" ID="PAG_14_ST000222" WC="0.85" CONTENT="l'œil" STYLEREFS="TXT_9"/>
            <SP ID="PAG_14_SP000199" HPOS="2343" VPOS="4209" WIDTH="45"/>
            <String HPOS="2388" VPOS="4209" HEIGHT="65" WIDTH="197" ID="PAG_14_ST000223" WC="1" CONTENT="vigilant" STYLEREFS="TXT_9"/>
            <SP ID="PAG_14_SP000200" HPOS="2585" VPOS="4210" WIDTH="34"/>
            <String HPOS="2619" VPOS="4210" HEIGHT="50" WIDTH="56" ID="PAG_14_ST000224" WC="1" CONTENT="de" STYLEREFS="TXT_9"/>
            <SP ID="PAG_14_SP000201" HPOS="2675" VPOS="4212" WIDTH="37"/>
            <String HPOS="2712" VPOS="4212" HEIGHT="64" WIDTH="167" ID="PAG_14_ST000225" WC="1" CONTENT="Henry" STYLEREFS="TXT_9"/>
            <SP ID="PAG_14_SP000202" HPOS="2879" VPOS="4212" WIDTH="31"/>
            <String HPOS="2910" VPOS="4212" HEIGHT="57" WIDTH="202" ID="PAG_14_ST000226" WC="1" CONTENT="Decoin," STYLEREFS="TXT_9"/>
            <SP ID="PAG_14_SP000203" HPOS="3112" VPOS="4228" WIDTH="43"/>
            <String HPOS="3155" VPOS="4228" HEIGHT="31" WIDTH="91" ID="PAG_14_ST000227" WC="1" CONTENT="son" STYLEREFS="TXT_9"/>
            <SP ID="PAG_14_SP000204" HPOS="3246" VPOS="4210" WIDTH="40"/>
            <String HPOS="3286" VPOS="4210" HEIGHT="58" WIDTH="133" ID="PAG_14_ST000228" WC="0.88" CONTENT="mari," STYLEREFS="TXT_9"/>
            <SP ID="PAG_14_SP000205" HPOS="3419" VPOS="4227" WIDTH="47"/>
            <String HPOS="3466" VPOS="4227" HEIGHT="32" WIDTH="126" ID="PAG_14_ST000229" WC="1" CONTENT="vous" STYLEREFS="TXT_9"/>
          </TextLine>
          <TextLine HPOS="1689" VPOS="4298" HEIGHT="68" WIDTH="1898" ID="PAG_14_TL000025" STYLEREFS="TXT_9">
            <String HPOS="1689" VPOS="4318" HEIGHT="48" WIDTH="242" ID="PAG_14_ST000230" WC="1" CONTENT="penserez," STYLEREFS="TXT_9"/>
            <SP ID="PAG_14_SP000206" HPOS="1931" VPOS="4318" WIDTH="36"/>
            <String HPOS="1967" VPOS="4318" HEIGHT="31" WIDTH="125" ID="PAG_14_ST000231" WC="1" CONTENT="vous" STYLEREFS="TXT_9"/>
            <SP ID="PAG_14_SP000207" HPOS="2092" VPOS="4301" WIDTH="39"/>
            <String HPOS="2131" VPOS="4301" HEIGHT="58" WIDTH="141" ID="PAG_14_ST000232" WC="1" CONTENT="aussi," STYLEREFS="TXT_9"/>
            <SP ID="PAG_14_SP000208" HPOS="2272" VPOS="4312" WIDTH="37"/>
            <String HPOS="2309" VPOS="4312" HEIGHT="38" WIDTH="108" ID="PAG_14_ST000233" WC="1" CONTENT="tout" STYLEREFS="TXT_9"/>
            <SP ID="PAG_14_SP000209" HPOS="2417" VPOS="4299" WIDTH="40"/>
            <String HPOS="2457" VPOS="4299" HEIGHT="67" WIDTH="309" ID="PAG_14_ST000234" WC="1" CONTENT="simplement" STYLEREFS="TXT_9"/>
            <SP ID="PAG_14_SP000210" HPOS="2766" VPOS="4320" WIDTH="37"/>
            <String HPOS="2803" VPOS="4320" HEIGHT="30" WIDTH="7" ID="PAG_14_ST000235" WC="1" CONTENT=":" STYLEREFS="TXT_9"/>
            <SP ID="PAG_14_SP000211" HPOS="2810" VPOS="4322" WIDTH="50"/>
            <String HPOS="2860" VPOS="4322" HEIGHT="26" WIDTH="23" ID="PAG_14_ST000236" WC="1" CONTENT="«" STYLEREFS="TXT_9"/>
            <SP ID="PAG_14_SP000212" HPOS="2883" VPOS="4300" WIDTH="41"/>
            <String HPOS="2924" VPOS="4300" HEIGHT="59" WIDTH="175" ID="PAG_14_ST000237" WC="0.97" CONTENT="Quelle" STYLEREFS="TXT_9"/>
            <SP ID="PAG_14_SP000213" HPOS="3099" VPOS="4299" WIDTH="43"/>
            <String HPOS="3142" VPOS="4299" HEIGHT="51" WIDTH="178" ID="PAG_14_ST000238" WC="1" CONTENT="chance" STYLEREFS="TXT_9"/>
            <SP ID="PAG_14_SP000214" HPOS="3320" VPOS="4298" WIDTH="35"/>
            <String HPOS="3355" VPOS="4298" HEIGHT="51" WIDTH="86" ID="PAG_14_ST000239" WC="1" CONTENT="elle" STYLEREFS="TXT_9"/>
            <SP ID="PAG_14_SP000215" HPOS="3441" VPOS="4318" WIDTH="31"/>
            <String HPOS="3472" VPOS="4318" HEIGHT="30" WIDTH="24" ID="PAG_14_ST000240" WC="1" CONTENT="a" STYLEREFS="TXT_9"/>
            <SP ID="PAG_14_SP000216" HPOS="3496" VPOS="4302" WIDTH="21"/>
            <String HPOS="3517" VPOS="4302" HEIGHT="45" WIDTH="6" ID="PAG_14_ST000241" WC="1" CONTENT="!" STYLEREFS="TXT_9"/>
            <SP ID="PAG_14_SP000217" HPOS="3523" VPOS="4318" WIDTH="41"/>
            <String HPOS="3564" VPOS="4318" HEIGHT="27" WIDTH="23" ID="PAG_14_ST000242" WC="0.97" CONTENT="»" STYLEREFS="TXT_9"/>
          </TextLine>
        </TextBlock>
        </ComposedBlock>
        <TextBlock HPOS="3603" VPOS="4614" HEIGHT="35" WIDTH="39" ID="PAG_14_TB000007" LANG="fr" STYLEREFS="TXT_15">
          <TextLine HPOS="3603" VPOS="4614" HEIGHT="35" WIDTH="39" ID="PAG_14_TL000026" STYLEREFS="TXT_15">
            <String HPOS="3603" VPOS="4614" HEIGHT="35" WIDTH="39" ID="PAG_14_ST000243" WC="1" CONTENT="16" STYLEREFS="TXT_15"/>
          </TextLine>
        </TextBlock>
        <Illustration ID="PAG_14_IL000003" HPOS="3849" VPOS="1106" HEIGHT="3573" WIDTH="2441"/>
        <Illustration ID="PAG_14_IL000004" HPOS="6290" VPOS="492" HEIGHT="3382" WIDTH="1091"/>
        <TextBlock HPOS="6360" VPOS="3902" HEIGHT="173" WIDTH="835" ID="PAG_14_TB000008" LANG="fr" STYLEREFS="TXT_14">
          <TextLine HPOS="6367" VPOS="3902" HEIGHT="38" WIDTH="828" ID="PAG_14_TL000027" STYLEREFS="TXT_14">
            <String HPOS="6367" VPOS="3904" HEIGHT="31" WIDTH="34" ID="PAG_14_ST000244" WC="1" CONTENT="D." STYLEREFS="TXT_14"/>
            <SP ID="PAG_14_SP000218" HPOS="6401" VPOS="3903" WIDTH="26"/>
            <String HPOS="6427" VPOS="3903" HEIGHT="31" WIDTH="78" ID="PAG_14_ST000245" WC="1" CONTENT="Ceci" STYLEREFS="TXT_14"/>
            <SP ID="PAG_14_SP000219" HPOS="6505" VPOS="3906" WIDTH="30"/>
            <String HPOS="6535" VPOS="3906" HEIGHT="28" WIDTH="45" ID="PAG_14_ST000246" WC="1" CONTENT="est" STYLEREFS="TXT_14"/>
            <SP ID="PAG_14_SP000220" HPOS="6580" VPOS="3915" WIDTH="32"/>
            <String HPOS="6612" VPOS="3915" HEIGHT="19" WIDTH="34" ID="PAG_14_ST000247" WC="1" CONTENT="un" STYLEREFS="TXT_14"/>
            <SP ID="PAG_14_SP000221" HPOS="6646" VPOS="3905" WIDTH="33"/>
            <String HPOS="6679" VPOS="3905" HEIGHT="28" WIDTH="189" ID="PAG_14_ST000248" WC="1" CONTENT="mouvement" STYLEREFS="TXT_14"/>
            <SP ID="PAG_14_SP000222" HPOS="6868" VPOS="3902" WIDTH="31"/>
            <String HPOS="6899" VPOS="3902" HEIGHT="38" WIDTH="296" ID="PAG_14_ST000249" WC="1" CONTENT="d'assouplissement" STYLEREFS="TXT_14"/>
          </TextLine>
          <TextLine HPOS="6361" VPOS="3947" HEIGHT="41" WIDTH="833" ID="PAG_14_TL000028" STYLEREFS="TXT_14">
            <String HPOS="6361" VPOS="3947" HEIGHT="41" WIDTH="106" ID="PAG_14_ST000250" WC="1" CONTENT="passif." STYLEREFS="TXT_14"/>
            <SP ID="PAG_14_SP000223" HPOS="6467" VPOS="3948" WIDTH="28"/>
            <String HPOS="6495" VPOS="3948" HEIGHT="31" WIDTH="72" ID="PAG_14_ST000251" WC="1" CONTENT="Vous" STYLEREFS="TXT_14"/>
            <SP ID="PAG_14_SP000224" HPOS="6567" VPOS="3948" WIDTH="28"/>
            <String HPOS="6595" VPOS="3948" HEIGHT="30" WIDTH="103" ID="PAG_14_ST000252" WC="0.99" CONTENT="laissez" STYLEREFS="TXT_14"/>
            <SP ID="PAG_14_SP000225" HPOS="6698" VPOS="3951" WIDTH="25"/>
            <String HPOS="6723" VPOS="3951" HEIGHT="27" WIDTH="84" ID="PAG_14_ST000253" WC="1" CONTENT="votre" STYLEREFS="TXT_14"/>
            <SP ID="PAG_14_SP000226" HPOS="6807" VPOS="3947" WIDTH="23"/>
            <String HPOS="6830" VPOS="3947" HEIGHT="38" WIDTH="102" ID="PAG_14_ST000254" WC="1" CONTENT="jambe" STYLEREFS="TXT_14"/>
            <SP ID="PAG_14_SP000227" HPOS="6932" VPOS="3947" WIDTH="24"/>
            <String HPOS="6956" VPOS="3947" HEIGHT="38" WIDTH="238" ID="PAG_14_ST000255" WC="1" CONTENT="complètement" STYLEREFS="TXT_14"/>
          </TextLine>
          <TextLine HPOS="6362" VPOS="3992" HEIGHT="36" WIDTH="829" ID="PAG_14_TL000029" STYLEREFS="TXT_14">
            <String HPOS="6362" VPOS="3994" HEIGHT="30" WIDTH="105" ID="PAG_14_ST000256" WC="0.78" CONTENT=";nerie." STYLEREFS="TXT_14"/>
            <SP ID="PAG_14_SP000228" HPOS="6467" VPOS="3994" WIDTH="28"/>
            <String HPOS="6495" VPOS="3994" HEIGHT="30" WIDTH="36" ID="PAG_14_ST000257" WC="1" CONTENT="Le" STYLEREFS="TXT_14"/>
            <SP ID="PAG_14_SP000229" HPOS="6531" VPOS="3993" WIDTH="27"/>
            <String HPOS="6558" VPOS="3993" HEIGHT="30" WIDTH="146" ID="PAG_14_ST000258" WC="1" CONTENT="moniteur" STYLEREFS="TXT_14"/>
            <SP ID="PAG_14_SP000230" HPOS="6704" VPOS="3992" WIDTH="27"/>
            <String HPOS="6731" VPOS="3992" HEIGHT="30" WIDTH="29" ID="PAG_14_ST000259" WC="1" CONTENT="la" STYLEREFS="TXT_14"/>
            <SP ID="PAG_14_SP000231" HPOS="6760" VPOS="3992" WIDTH="25"/>
            <String HPOS="6785" VPOS="3992" HEIGHT="30" WIDTH="122" ID="PAG_14_ST000260" WC="1" CONTENT="soulève" STYLEREFS="TXT_14"/>
            <SP ID="PAG_14_SP000232" HPOS="6907" VPOS="3992" WIDTH="27"/>
            <String HPOS="6934" VPOS="3992" HEIGHT="30" WIDTH="79" ID="PAG_14_ST000261" WC="0.99" CONTENT="aussi" STYLEREFS="TXT_14"/>
            <SP ID="PAG_14_SP000233" HPOS="7013" VPOS="3992" WIDTH="24"/>
            <String HPOS="7037" VPOS="3992" HEIGHT="29" WIDTH="73" ID="PAG_14_ST000262" WC="0.99" CONTENT="haut" STYLEREFS="TXT_14"/>
            <SP ID="PAG_14_SP000234" HPOS="7110" VPOS="4003" WIDTH="24"/>
            <String HPOS="7134" VPOS="4003" HEIGHT="25" WIDTH="57" ID="PAG_14_ST000263" WC="1" CONTENT="que" STYLEREFS="TXT_14"/>
          </TextLine>
          <TextLine HPOS="6360" VPOS="4038" HEIGHT="37" WIDTH="830" ID="PAG_14_TL000030" STYLEREFS="TXT_14">
            <String HPOS="6360" VPOS="4038" HEIGHT="37" WIDTH="145" ID="PAG_14_ST000264" WC="0.99" CONTENT="possible." STYLEREFS="TXT_14"/>
            <SP ID="PAG_14_SP000235" HPOS="6505" VPOS="4038" WIDTH="24"/>
            <String HPOS="6529" VPOS="4038" HEIGHT="30" WIDTH="72" ID="PAG_14_ST000265" WC="1" CONTENT="Vous" STYLEREFS="TXT_14"/>
            <SP ID="PAG_14_SP000236" HPOS="6601" VPOS="4049" WIDTH="20"/>
            <String HPOS="6621" VPOS="4049" HEIGHT="18" WIDTH="36" ID="PAG_14_ST000266" WC="1" CONTENT="ne" STYLEREFS="TXT_14"/>
            <SP ID="PAG_14_SP000237" HPOS="6657" VPOS="4048" WIDTH="23"/>
            <String HPOS="6680" VPOS="4048" HEIGHT="19" WIDTH="68" ID="PAG_14_ST000267" WC="1" CONTENT="vous" STYLEREFS="TXT_14"/>
            <SP ID="PAG_14_SP000238" HPOS="6748" VPOS="4039" WIDTH="21"/>
            <String HPOS="6769" VPOS="4039" HEIGHT="27" WIDTH="206" ID="PAG_14_ST000268" WC="1" CONTENT="contracterez" STYLEREFS="TXT_14"/>
            <SP ID="PAG_14_SP000239" HPOS="6975" VPOS="4039" WIDTH="19"/>
            <String HPOS="6994" VPOS="4039" HEIGHT="27" WIDTH="113" ID="PAG_14_ST000269" WC="1" CONTENT="surtout" STYLEREFS="TXT_14"/>
            <SP ID="PAG_14_SP000240" HPOS="7107" VPOS="4046" WIDTH="19"/>
            <String HPOS="7126" VPOS="4046" HEIGHT="28" WIDTH="64" ID="PAG_14_ST000270" WC="1" CONTENT="pas." STYLEREFS="TXT_14"/>
          </TextLine>
        </TextBlock>
        <TextBlock HPOS="6365" VPOS="4150" HEIGHT="175" WIDTH="831" ID="PAG_14_TB000009" LANG="fr" STYLEREFS="TXT_14">
          <TextLine HPOS="6370" VPOS="4150" HEIGHT="39" WIDTH="826" ID="PAG_14_TL000031" STYLEREFS="TXT_14">
            <String HPOS="6370" VPOS="4153" HEIGHT="30" WIDTH="29" ID="PAG_14_ST000271" WC="1" CONTENT="E." STYLEREFS="TXT_14"/>
            <SP ID="PAG_14_SP000241" HPOS="6399" VPOS="4153" WIDTH="26"/>
            <String HPOS="6425" VPOS="4153" HEIGHT="31" WIDTH="140" ID="PAG_14_ST000272" WC="0.99" CONTENT="Danielle" STYLEREFS="TXT_14"/>
            <SP ID="PAG_14_SP000242" HPOS="6565" VPOS="4152" WIDTH="27"/>
            <String HPOS="6592" VPOS="4152" HEIGHT="31" WIDTH="142" ID="PAG_14_ST000273" WC="0.99" CONTENT="Darrieux" STYLEREFS="TXT_14"/>
            <SP ID="PAG_14_SP000243" HPOS="6734" VPOS="4152" WIDTH="27"/>
            <String HPOS="6761" VPOS="4152" HEIGHT="30" WIDTH="105" ID="PAG_14_ST000274" WC="0.99" CONTENT="réussit" STYLEREFS="TXT_14"/>
            <SP ID="PAG_14_SP000244" HPOS="6866" VPOS="4151" WIDTH="27"/>
            <String HPOS="6893" VPOS="4151" HEIGHT="30" WIDTH="40" ID="PAG_14_ST000275" WC="1" CONTENT="les" STYLEREFS="TXT_14"/>
            <SP ID="PAG_14_SP000245" HPOS="6933" VPOS="4150" WIDTH="26"/>
            <String HPOS="6959" VPOS="4150" HEIGHT="39" WIDTH="89" ID="PAG_14_ST000276" WC="1" CONTENT="pieds" STYLEREFS="TXT_14"/>
            <SP ID="PAG_14_SP000246" HPOS="7048" VPOS="4162" WIDTH="25"/>
            <String HPOS="7073" VPOS="4162" HEIGHT="19" WIDTH="38" ID="PAG_14_ST000277" WC="0.98" CONTENT="au" STYLEREFS="TXT_14"/>
            <SP ID="PAG_14_SP000247" HPOS="7111" VPOS="4162" WIDTH="26"/>
            <String HPOS="7137" VPOS="4162" HEIGHT="19" WIDTH="59" ID="PAG_14_ST000278" WC="1" CONTENT="mur" STYLEREFS="TXT_14"/>
          </TextLine>
          <TextLine HPOS="6365" VPOS="4196" HEIGHT="40" WIDTH="830" ID="PAG_14_TL000032" STYLEREFS="TXT_14">
            <String HPOS="6365" VPOS="4210" HEIGHT="20" WIDTH="75" ID="PAG_14_ST000279" WC="1" CONTENT="avec" STYLEREFS="TXT_14"/>
            <SP ID="PAG_14_SP000248" HPOS="6440" VPOS="4210" WIDTH="29"/>
            <String HPOS="6469" VPOS="4210" HEIGHT="19" WIDTH="54" ID="PAG_14_ST000280" WC="1" CONTENT="une" STYLEREFS="TXT_14"/>
            <SP ID="PAG_14_SP000249" HPOS="6523" VPOS="4196" WIDTH="27"/>
            <String HPOS="6550" VPOS="4196" HEIGHT="40" WIDTH="173" ID="PAG_14_ST000281" WC="1" CONTENT="perfection" STYLEREFS="TXT_14"/>
            <SP ID="PAG_14_SP000250" HPOS="6723" VPOS="4197" WIDTH="28"/>
            <String HPOS="6751" VPOS="4197" HEIGHT="36" WIDTH="92" ID="PAG_14_ST000282" WC="1" CONTENT="digne" STYLEREFS="TXT_14"/>
            <SP ID="PAG_14_SP000251" HPOS="6843" VPOS="4196" WIDTH="28"/>
            <String HPOS="6871" VPOS="4196" HEIGHT="30" WIDTH="67" ID="PAG_14_ST000283" WC="1" CONTENT="d'un" STYLEREFS="TXT_14"/>
            <SP ID="PAG_14_SP000252" HPOS="6938" VPOS="4196" WIDTH="29"/>
            <String HPOS="6967" VPOS="4196" HEIGHT="30" WIDTH="156" ID="PAG_14_ST000284" WC="1" CONTENT="acrobate." STYLEREFS="TXT_14"/>
            <SP ID="PAG_14_SP000253" HPOS="7123" VPOS="4196" WIDTH="31"/>
            <String HPOS="7154" VPOS="4196" HEIGHT="29" WIDTH="41" ID="PAG_14_ST000285" WC="1" CONTENT="Un" STYLEREFS="TXT_14"/>
          </TextLine>
          <TextLine HPOS="6365" VPOS="4241" HEIGHT="41" WIDTH="830" ID="PAG_14_TL000033" STYLEREFS="TXT_14">
            <String HPOS="6365" VPOS="4246" HEIGHT="36" WIDTH="81" ID="PAG_14_ST000286" WC="1" CONTENT="petit" STYLEREFS="TXT_14"/>
            <SP ID="PAG_14_SP000254" HPOS="6446" VPOS="4241" WIDTH="30"/>
            <String HPOS="6476" VPOS="4241" HEIGHT="32" WIDTH="108" ID="PAG_14_ST000287" WC="1" CONTENT="défaut" STYLEREFS="TXT_14"/>
            <SP ID="PAG_14_SP000255" HPOS="6584" VPOS="4253" WIDTH="34"/>
            <String HPOS="6618" VPOS="4253" HEIGHT="18" WIDTH="7" ID="PAG_14_ST000288" WC="1" CONTENT=":" STYLEREFS="TXT_14"/>
            <SP ID="PAG_14_SP000256" HPOS="6625" VPOS="4252" WIDTH="30"/>
            <String HPOS="6655" VPOS="4252" HEIGHT="28" WIDTH="77" ID="PAG_14_ST000289" WC="1" CONTENT="pour" STYLEREFS="TXT_14"/>
            <SP ID="PAG_14_SP000257" HPOS="6732" VPOS="4242" WIDTH="29"/>
            <String HPOS="6761" VPOS="4242" HEIGHT="30" WIDTH="112" ID="PAG_14_ST000290" WC="1" CONTENT="sourire" STYLEREFS="TXT_14"/>
            <SP ID="PAG_14_SP000258" HPOS="6873" VPOS="4251" WIDTH="31"/>
            <String HPOS="6904" VPOS="4251" HEIGHT="20" WIDTH="37" ID="PAG_14_ST000291" WC="0.98" CONTENT="au" STYLEREFS="TXT_14"/>
            <SP ID="PAG_14_SP000259" HPOS="6941" VPOS="4241" WIDTH="30"/>
            <String HPOS="6971" VPOS="4241" HEIGHT="38" WIDTH="224" ID="PAG_14_ST000292" WC="1" CONTENT="photographe," STYLEREFS="TXT_14"/>
          </TextLine>
          <TextLine HPOS="6365" VPOS="4285" HEIGHT="40" WIDTH="829" ID="PAG_14_TL000034" STYLEREFS="TXT_14">
            <String HPOS="6365" VPOS="4289" HEIGHT="30" WIDTH="61" ID="PAG_14_ST000293" WC="0.99" CONTENT="elle" STYLEREFS="TXT_14"/>
            <SP ID="PAG_14_SP000260" HPOS="6426" VPOS="4289" WIDTH="25"/>
            <String HPOS="6451" VPOS="4289" HEIGHT="36" WIDTH="124" ID="PAG_14_ST000294" WC="1" CONTENT="néglige" STYLEREFS="TXT_14"/>
            <SP ID="PAG_14_SP000261" HPOS="6575" VPOS="4287" WIDTH="25"/>
            <String HPOS="6600" VPOS="4287" HEIGHT="30" WIDTH="39" ID="PAG_14_ST000295" WC="1" CONTENT="de" STYLEREFS="TXT_14"/>
            <SP ID="PAG_14_SP000262" HPOS="6639" VPOS="4287" WIDTH="26"/>
            <String HPOS="6665" VPOS="4287" HEIGHT="30" WIDTH="150" ID="PAG_14_ST000296" WC="1" CONTENT="redresser" STYLEREFS="TXT_14"/>
            <SP ID="PAG_14_SP000263" HPOS="6815" VPOS="4287" WIDTH="26"/>
            <String HPOS="6841" VPOS="4287" HEIGHT="29" WIDTH="29" ID="PAG_14_ST000297" WC="0.99" CONTENT="la" STYLEREFS="TXT_14"/>
            <SP ID="PAG_14_SP000264" HPOS="6870" VPOS="4287" WIDTH="25"/>
            <String HPOS="6895" VPOS="4287" HEIGHT="28" WIDTH="63" ID="PAG_14_ST000298" WC="1" CONTENT="tête" STYLEREFS="TXT_14"/>
            <SP ID="PAG_14_SP000265" HPOS="6958" VPOS="4297" WIDTH="26"/>
            <String HPOS="6984" VPOS="4297" HEIGHT="18" WIDTH="62" ID="PAG_14_ST000299" WC="1" CONTENT="vers" STYLEREFS="TXT_14"/>
            <SP ID="PAG_14_SP000266" HPOS="7046" VPOS="4285" WIDTH="27"/>
            <String HPOS="7073" VPOS="4285" HEIGHT="30" WIDTH="27" ID="PAG_14_ST000300" WC="1" CONTENT="le" STYLEREFS="TXT_14"/>
            <SP ID="PAG_14_SP000267" HPOS="7100" VPOS="4296" WIDTH="25"/>
            <String HPOS="7125" VPOS="4296" HEIGHT="18" WIDTH="69" ID="PAG_14_ST000301" WC="0.94" CONTENT="mur." STYLEREFS="TXT_14"/>
          </TextLine>
        </TextBlock>
        <TextBlock HPOS="6366" VPOS="4388" HEIGHT="133" WIDTH="832" ID="PAG_14_TB000010" LANG="fr" STYLEREFS="TXT_14">
          <TextLine HPOS="6377" VPOS="4388" HEIGHT="40" WIDTH="821" ID="PAG_14_TL000035" STYLEREFS="TXT_14">
            <String HPOS="6377" VPOS="4392" HEIGHT="30" WIDTH="29" ID="PAG_14_ST000302" WC="1" CONTENT="F." STYLEREFS="TXT_14"/>
            <SP ID="PAG_14_SP000268" HPOS="6406" VPOS="4393" WIDTH="26"/>
            <String HPOS="6432" VPOS="4393" HEIGHT="35" WIDTH="69" ID="PAG_14_ST000303" WC="1" CONTENT="Que" STYLEREFS="TXT_14"/>
            <SP ID="PAG_14_SP000269" HPOS="6501" VPOS="4392" WIDTH="35"/>
            <String HPOS="6536" VPOS="4392" HEIGHT="31" WIDTH="59" ID="PAG_14_ST000304" WC="0.97" CONTENT="fait" STYLEREFS="TXT_14"/>
            <SP ID="PAG_14_SP000270" HPOS="6595" VPOS="4391" WIDTH="33"/>
            <String HPOS="6628" VPOS="4391" HEIGHT="31" WIDTH="140" ID="PAG_14_ST000305" WC="0.77" CONTENT="Don;elle" STYLEREFS="TXT_14"/>
            <SP ID="PAG_14_SP000271" HPOS="6768" VPOS="4389" WIDTH="37"/>
            <String HPOS="6805" VPOS="4389" HEIGHT="30" WIDTH="14" ID="PAG_14_ST000306" WC="0.90" CONTENT="?" STYLEREFS="TXT_14"/>
            <SP ID="PAG_14_SP000272" HPOS="6819" VPOS="4389" WIDTH="39"/>
            <String HPOS="6858" VPOS="4389" HEIGHT="31" WIDTH="40" ID="PAG_14_ST000307" WC="1" CONTENT="Un" STYLEREFS="TXT_14"/>
            <SP ID="PAG_14_SP000273" HPOS="6898" VPOS="4388" WIDTH="36"/>
            <String HPOS="6934" VPOS="4388" HEIGHT="37" WIDTH="264" ID="PAG_14_ST000308" WC="0.99" CONTENT="assouplissement" STYLEREFS="TXT_14"/>
          </TextLine>
          <TextLine HPOS="6368" VPOS="4432" HEIGHT="45" WIDTH="828" ID="PAG_14_TL000036" STYLEREFS="TXT_14">
            <String HPOS="6368" VPOS="4440" HEIGHT="30" WIDTH="53" ID="PAG_14_ST000309" WC="1" CONTENT="des" STYLEREFS="TXT_14"/>
            <SP ID="PAG_14_SP000274" HPOS="6421" VPOS="4439" WIDTH="29"/>
            <String HPOS="6450" VPOS="4439" HEIGHT="38" WIDTH="89" ID="PAG_14_ST000310" WC="1" CONTENT="pieds" STYLEREFS="TXT_14"/>
            <SP ID="PAG_14_SP000275" HPOS="6539" VPOS="4437" WIDTH="31"/>
            <String HPOS="6570" VPOS="4437" HEIGHT="30" WIDTH="14" ID="PAG_14_ST000311" WC="1" CONTENT="?" STYLEREFS="TXT_14"/>
            <SP ID="PAG_14_SP000276" HPOS="6584" VPOS="4437" WIDTH="32"/>
            <String HPOS="6616" VPOS="4437" HEIGHT="33" WIDTH="76" ID="PAG_14_ST000312" WC="1" CONTENT="Non," STYLEREFS="TXT_14"/>
            <SP ID="PAG_14_SP000277" HPOS="6692" VPOS="4436" WIDTH="31"/>
            <String HPOS="6723" VPOS="4436" HEIGHT="30" WIDTH="60" ID="PAG_14_ST000313" WC="0.99" CONTENT="elle" STYLEREFS="TXT_14"/>
            <SP ID="PAG_14_SP000278" HPOS="6783" VPOS="4435" WIDTH="29"/>
            <String HPOS="6812" VPOS="4435" HEIGHT="30" WIDTH="91" ID="PAG_14_ST000314" WC="1" CONTENT="sourit" STYLEREFS="TXT_14"/>
            <SP ID="PAG_14_SP000279" HPOS="6903" VPOS="4434" WIDTH="30"/>
            <String HPOS="6933" VPOS="4434" HEIGHT="36" WIDTH="88" ID="PAG_14_ST000315" WC="1" CONTENT="après" STYLEREFS="TXT_14"/>
            <SP ID="PAG_14_SP000280" HPOS="7021" VPOS="4443" WIDTH="28"/>
            <String HPOS="7049" VPOS="4443" HEIGHT="19" WIDTH="34" ID="PAG_14_ST000316" WC="1" CONTENT="sa" STYLEREFS="TXT_14"/>
            <SP ID="PAG_14_SP000281" HPOS="7083" VPOS="4432" WIDTH="28"/>
            <String HPOS="7111" VPOS="4432" HEIGHT="35" WIDTH="85" ID="PAG_14_ST000317" WC="1" CONTENT="leçon" STYLEREFS="TXT_14"/>
          </TextLine>
          <TextLine HPOS="6366" VPOS="4476" HEIGHT="45" WIDTH="830" ID="PAG_14_TL000037" STYLEREFS="TXT_14">
            <String HPOS="6366" VPOS="4485" HEIGHT="36" WIDTH="198" ID="PAG_14_ST000318" WC="1" CONTENT="quotidienne" STYLEREFS="TXT_14"/>
            <SP ID="PAG_14_SP000282" HPOS="6564" VPOS="4482" WIDTH="35"/>
            <String HPOS="6599" VPOS="4482" HEIGHT="30" WIDTH="38" ID="PAG_14_ST000319" WC="1" CONTENT="de" STYLEREFS="TXT_14"/>
            <SP ID="PAG_14_SP000283" HPOS="6637" VPOS="4481" WIDTH="33"/>
            <String HPOS="6670" VPOS="4481" HEIGHT="30" WIDTH="115" ID="PAG_14_ST000320" WC="0.99" CONTENT="culture" STYLEREFS="TXT_14"/>
            <SP ID="PAG_14_SP000284" HPOS="6785" VPOS="4480" WIDTH="32"/>
            <String HPOS="6817" VPOS="4480" HEIGHT="37" WIDTH="156" ID="PAG_14_ST000321" WC="1" CONTENT="physique." STYLEREFS="TXT_14"/>
            <SP ID="PAG_14_SP000285" HPOS="6973" VPOS="4477" WIDTH="33"/>
            <String HPOS="7006" VPOS="4477" HEIGHT="30" WIDTH="32" ID="PAG_14_ST000322" WC="0.98" CONTENT="Et" STYLEREFS="TXT_14"/>
            <SP ID="PAG_14_SP000286" HPOS="7038" VPOS="4477" WIDTH="35"/>
            <String HPOS="7073" VPOS="4477" HEIGHT="29" WIDTH="80" ID="PAG_14_ST000323" WC="0.99" CONTENT="voilà" STYLEREFS="TXT_14"/>
            <SP ID="PAG_14_SP000287" HPOS="7153" VPOS="4476" WIDTH="34"/>
            <String HPOS="7187" VPOS="4476" HEIGHT="29" WIDTH="9" ID="PAG_14_ST000324" WC="0.86" CONTENT="!" STYLEREFS="TXT_14"/>
          </TextLine>
        </TextBlock>
      </PrintSpace>
    </Page>
  </Layout>
</alto>