<?xml version="1.0" encoding="UTF-8"?>
<alto xmlns="http://www.loc.gov/standards/alto/ns-v3#" xmlns:xsi="http://www.w3.org/2001/XMLSchema-instance" SCHEMAVERSION="alto_bnf-v2_0" xsi:schemaLocation="http://www.loc.gov/standards/alto/ns-v3# http://bibnum.bnf.fr/schema/alto_bnf-v2_0.xsd" xmlns:xlink="http://www.w3.org/TR/xlink">
  <Description>
    <MeasurementUnit>pixel</MeasurementUnit>
    <sourceImageInformation>
      <fileName>00000021.jp2</fileName>
      <fileIdentifier>ark:/12148/bpt6k4701034k/f21</fileIdentifier>
      <documentIdentifier documentIdentifierLocation="NUM">4701034</documentIdentifier>
    </sourceImageInformation>
    <OCRProcessing ID="OCR_1">
      <ocrProcessingStep>
        <processingDateTime>2019-01-29</processingDateTime>
        <processingStepDescription>[001_OCR_BRUT]OCR BRUT 0.00 %</processingStepDescription>
        <processingStepDescription>[002_CHARS]{20}</processingStepDescription>
        <processingStepDescription>[003_CHARS_USED]{20}</processingStepDescription>
        <processingStepDescription>[004_CHARS_SUSPECTS_USED]{0}</processingStepDescription>
        <processingStepDescription>[005_CHARS_UNUSED]{0}</processingStepDescription>
        <processingStepDescription>[006_CHARS_SUSPECTS_UNUSED]{0}</processingStepDescription>
        <processingStepDescription>[007_STRINGS]{4}</processingStepDescription>
        <processingStepDescription>[008_STRINGS_USED]{4}</processingStepDescription>
        <processingStepDescription>[009_STRINGS_SUSPECTS_UNUSED]{0}</processingStepDescription>
        <processingStepDescription>[010_CHARS_LETTERS]{20}</processingStepDescription>
        <processingStepDescription>[011_CHARS_PUNCTUATION]{0}</processingStepDescription>
        <processingStepDescription>[012_CHARS_DIGITS]{0}</processingStepDescription>
        <processingStepDescription>[013_CHARS_SUSPECT]{0}</processingStepDescription>
        <processingStepDescription>[022_CHARS_UNUSED_BY_BLOCK]{0}</processingStepDescription>
        <processingStepDescription>[023_BLOCKS_SUSPECTS]{0}</processingStepDescription>
        <processingStepDescription>[111_LIGS_DETECTED_CURV]{0}</processingStepDescription>
      </ocrProcessingStep>
    </OCRProcessing>
  </Description>
  <Styles>
    <TextStyle FONTSIZE="5" ID="TXT_34" FONTFAMILY="Times"/>
    <TextStyle FONTSIZE="111" ID="TXT_39" FONTFAMILY="Arial"/>
  </Styles>
  <Tags>
    <StructureTag DESCRIPTION="LES BLOUSES" TYPE="Structural" ID="TAG_ST001" LABEL="title"/>
    <RoleTag ID="TAG_illustrator" LABEL="illustrator"/>
  </Tags>
  <Layout>
    <Page ID="PAG_21" HEIGHT="5013" WIDTH="7551" PHYSICAL_IMG_NR="21" QUALITY="OK" ACCURACY="99.83">
      <PrintSpace HPOS="174" VPOS="222" HEIGHT="4563" WIDTH="7218" ID="PAG_21_PrintSpace">
        <ComposedBlock ID="PAG_21_CB000001" HPOS="174" VPOS="222" HEIGHT="4563" WIDTH="7218">
        <TextBlock HPOS="2128" VPOS="544" HEIGHT="304" WIDTH="368" ID="PAG_21_TB000001" TAGREFS="TAG_ST001" LANG="fr" STYLEREFS="TXT_39">
          <TextLine HPOS="2128" VPOS="544" HEIGHT="304" WIDTH="368" ID="PAG_21_TL000001" STYLEREFS="TXT_39">
            <String HPOS="2128" VPOS="544" HEIGHT="304" WIDTH="122" ID="PAG_21_ST000001" WC="1" CONTENT="LES" STYLEREFS="TXT_39"/>
            <SP ID="PAG_21_SP000001" HPOS="2250" VPOS="544" WIDTH="1"/>
            <String HPOS="2250" VPOS="544" HEIGHT="304" WIDTH="246" ID="PAG_21_ST000002" WC="1" CONTENT="BLOUSES" STYLEREFS="TXT_39"/>
          </TextLine>
        </TextBlock>
        <Illustration ID="PAG_21_IL000001" HPOS="174" VPOS="222" HEIGHT="4563" WIDTH="7218"/>
        <TextBlock HPOS="7091" VPOS="4472" HEIGHT="58" WIDTH="119" ID="PAG_21_TB000002" TAGREFS="TAG_illustrator" LANG="fr" STYLEREFS="TXT_34">
          <TextLine HPOS="7091" VPOS="4472" HEIGHT="22" WIDTH="119" ID="PAG_21_TL000002" STYLEREFS="TXT_34">
            <String HPOS="7091" VPOS="4472" HEIGHT="22" WIDTH="119" ID="PAG_21_ST000003" WC="1" CONTENT="PHOTOS" STYLEREFS="TXT_34"/>
          </TextLine>
          <TextLine HPOS="7112" VPOS="4510" HEIGHT="20" WIDTH="75" ID="PAG_21_TL000003" STYLEREFS="TXT_34">
            <String HPOS="7112" VPOS="4510" HEIGHT="20" WIDTH="75" ID="PAG_21_ST000004" WC="1" CONTENT="SAAD" STYLEREFS="TXT_34"/>
          </TextLine>
        </TextBlock>
        </ComposedBlock>
      </PrintSpace>
    </Page>
  </Layout>
</alto>