<?xml version="1.0" encoding="UTF-8"?>
<alto xmlns="http://www.loc.gov/standards/alto/ns-v3#" xmlns:xsi="http://www.w3.org/2001/XMLSchema-instance" SCHEMAVERSION="alto_bnf-v2_0" xsi:schemaLocation="http://www.loc.gov/standards/alto/ns-v3# http://bibnum.bnf.fr/schema/alto_bnf-v2_0.xsd" xmlns:xlink="http://www.w3.org/TR/xlink">
  <Description>
    <MeasurementUnit>pixel</MeasurementUnit>
    <sourceImageInformation>
      <fileName>00000001.jp2</fileName>
      <fileIdentifier>ark:/12148/bpt6k4701034k/f1</fileIdentifier>
      <documentIdentifier documentIdentifierLocation="NUM">4701034</documentIdentifier>
    </sourceImageInformation>
    <OCRProcessing ID="OCR_1">
      <ocrProcessingStep>
        <processingDateTime>2019-01-29</processingDateTime>
        <processingStepDescription>[001_OCR_BRUT]OCR BRUT 0.00 %</processingStepDescription>
        <processingStepDescription>[002_CHARS]{11}</processingStepDescription>
        <processingStepDescription>[003_CHARS_USED]{11}</processingStepDescription>
        <processingStepDescription>[004_CHARS_SUSPECTS_USED]{0}</processingStepDescription>
        <processingStepDescription>[005_CHARS_UNUSED]{0}</processingStepDescription>
        <processingStepDescription>[006_CHARS_SUSPECTS_UNUSED]{0}</processingStepDescription>
        <processingStepDescription>[007_STRINGS]{2}</processingStepDescription>
        <processingStepDescription>[008_STRINGS_USED]{2}</processingStepDescription>
        <processingStepDescription>[009_STRINGS_SUSPECTS_UNUSED]{0}</processingStepDescription>
        <processingStepDescription>[010_CHARS_LETTERS]{11}</processingStepDescription>
        <processingStepDescription>[011_CHARS_PUNCTUATION]{0}</processingStepDescription>
        <processingStepDescription>[012_CHARS_DIGITS]{0}</processingStepDescription>
        <processingStepDescription>[013_CHARS_SUSPECT]{0}</processingStepDescription>
        <processingStepDescription>[022_CHARS_UNUSED_BY_BLOCK]{0}</processingStepDescription>
        <processingStepDescription>[023_BLOCKS_SUSPECTS]{0}</processingStepDescription>
        <processingStepDescription>[111_LIGS_DETECTED_CURV]{0}</processingStepDescription>
      </ocrProcessingStep>
    </OCRProcessing>
  </Description>
  <Styles>
    <TextStyle FONTSIZE="108" ID="TXT_1" FONTFAMILY="Arial"/>
  </Styles>
  <Tags>
    <StructureTag DESCRIPTION="MARIE CLAIRE" TYPE="Structural" ID="TAG_ST001" LABEL="title"/>
  </Tags>
  <Layout>
    <Page ID="PAG_1" HEIGHT="4941" WIDTH="3814" PHYSICAL_IMG_NR="1" QUALITY="OK" ACCURACY="99.73">
      <PrintSpace HPOS="15" VPOS="256" HEIGHT="4514" WIDTH="3543" ID="PAG_1_PrintSpace">
        <TextBlock HPOS="272" VPOS="256" HEIGHT="448" WIDTH="2912" ID="PAG_1_TB000001" TAGREFS="TAG_ST001" LANG="fr" STYLEREFS="TXT_1">
          <TextLine HPOS="272" VPOS="256" HEIGHT="448" WIDTH="2912" ID="PAG_1_TL000001" STYLEREFS="TXT_1">
            <String HPOS="272" VPOS="256" HEIGHT="448" WIDTH="1248" ID="PAG_1_ST000001" WC="1" CONTENT="MARIE" STYLEREFS="TXT_1"/>
            <SP ID="PAG_1_SP000001" HPOS="1520" VPOS="256" WIDTH="1"/>
            <String HPOS="1520" VPOS="256" HEIGHT="448" WIDTH="1664" ID="PAG_1_ST000002" WC="1" CONTENT="CLAIRE" STYLEREFS="TXT_1"/>
          </TextLine>
        </TextBlock>
        <Illustration ID="PAG_1_IL000001" HPOS="15" VPOS="705" HEIGHT="4065" WIDTH="3543"/>
      </PrintSpace>
    </Page>
  </Layout>
</alto>