<?xml version="1.0" encoding="UTF-8"?>
<alto xmlns="http://www.loc.gov/standards/alto/ns-v3#" xmlns:xsi="http://www.w3.org/2001/XMLSchema-instance" SCHEMAVERSION="alto_bnf-v2_0" xsi:schemaLocation="http://www.loc.gov/standards/alto/ns-v3# http://bibnum.bnf.fr/schema/alto_bnf-v2_0.xsd" xmlns:xlink="http://www.w3.org/TR/xlink">
  <Description>
    <MeasurementUnit>pixel</MeasurementUnit>
    <sourceImageInformation>
      <fileName>00000019.jp2</fileName>
      <fileIdentifier>ark:/12148/bpt6k4701034k/f19</fileIdentifier>
      <documentIdentifier documentIdentifierLocation="NUM">4701034</documentIdentifier>
    </sourceImageInformation>
    <OCRProcessing ID="OCR_1">
      <ocrProcessingStep>
        <processingDateTime>2019-01-29</processingDateTime>
        <processingStepDescription>[001_OCR_BRUT]OCR BRUT 98.05 %</processingStepDescription>
        <processingStepDescription>[002_CHARS]{1462}</processingStepDescription>
        <processingStepDescription>[003_CHARS_USED]{0}</processingStepDescription>
        <processingStepDescription>[004_CHARS_SUSPECTS_USED]{0}</processingStepDescription>
        <processingStepDescription>[005_CHARS_UNUSED]{1462}</processingStepDescription>
        <processingStepDescription>[006_CHARS_SUSPECTS_UNUSED]{0}</processingStepDescription>
        <processingStepDescription>[007_STRINGS]{360}</processingStepDescription>
        <processingStepDescription>[008_STRINGS_USED]{0}</processingStepDescription>
        <processingStepDescription>[009_STRINGS_SUSPECTS_UNUSED]{0}</processingStepDescription>
        <processingStepDescription>[010_CHARS_LETTERS]{1294}</processingStepDescription>
        <processingStepDescription>[011_CHARS_PUNCTUATION]{113}</processingStepDescription>
        <processingStepDescription>[012_CHARS_DIGITS]{52}</processingStepDescription>
        <processingStepDescription>[013_CHARS_SUSPECT]{0}</processingStepDescription>
        <processingStepDescription>[022_CHARS_UNUSED_BY_BLOCK]{0}</processingStepDescription>
        <processingStepDescription>[023_BLOCKS_SUSPECTS]{0}</processingStepDescription>
        <processingStepDescription>[111_LIGS_DETECTED_CURV]{0}</processingStepDescription>
      </ocrProcessingStep>
    </OCRProcessing>
  </Description>
  <Styles>
    <TextStyle FONTSIZE="6" ID="TXT_14" FONTFAMILY="Arial"/>
  </Styles>
  <Tags/>
  <Layout>
    <Page ID="PAG_19" HEIGHT="4941" WIDTH="3865" PHYSICAL_IMG_NR="19" QUALITY="OK" ACCURACY="100.00">
      <PrintSpace HPOS="130" VPOS="190" HEIGHT="4414" WIDTH="3364" ID="PAG_19_PrintSpace">
        <Illustration ID="PAG_19_IL000001" HPOS="130" VPOS="190" HEIGHT="3714" WIDTH="3364"/>
        <TextBlock HPOS="138" VPOS="3976" HEIGHT="628" WIDTH="820" ID="PAG_19_TB000001" LANG="fr" STYLEREFS="TXT_14">
          <TextLine HPOS="316" VPOS="3976" HEIGHT="45" WIDTH="610" ID="PAG_19_TL000001" STYLEREFS="TXT_14">
            <String HPOS="316" VPOS="3984" HEIGHT="29" WIDTH="29" ID="PAG_19_ST000001" WC="1" CONTENT="8." STYLEREFS="TXT_14"/>
            <SP ID="PAG_19_SP000001" HPOS="345" VPOS="3983" WIDTH="29"/>
            <String HPOS="374" VPOS="3983" HEIGHT="38" WIDTH="100" ID="PAG_19_ST000002" WC="0.97" CONTENT="(page" STYLEREFS="TXT_14"/>
            <SP ID="PAG_19_SP000002" HPOS="474" VPOS="3980" WIDTH="18"/>
            <String HPOS="492" VPOS="3980" HEIGHT="31" WIDTH="41" ID="PAG_19_ST000003" WC="1" CONTENT="de" STYLEREFS="TXT_14"/>
            <SP ID="PAG_19_SP000003" HPOS="533" VPOS="3979" WIDTH="18"/>
            <String HPOS="551" VPOS="3979" HEIGHT="39" WIDTH="150" ID="PAG_19_ST000004" WC="1" CONTENT="gauche)." STYLEREFS="TXT_14"/>
            <SP ID="PAG_19_SP000004" HPOS="701" VPOS="3978" WIDTH="18"/>
            <String HPOS="719" VPOS="3978" HEIGHT="31" WIDTH="149" ID="PAG_19_ST000005" WC="1" CONTENT="Manteau" STYLEREFS="TXT_14"/>
            <SP ID="PAG_19_SP000005" HPOS="868" VPOS="3976" WIDTH="18"/>
            <String HPOS="886" VPOS="3976" HEIGHT="32" WIDTH="40" ID="PAG_19_ST000006" WC="1" CONTENT="de" STYLEREFS="TXT_14"/>
          </TextLine>
          <TextLine HPOS="318" VPOS="4022" HEIGHT="41" WIDTH="608" ID="PAG_19_TL000002" STYLEREFS="TXT_14">
            <String HPOS="318" VPOS="4027" HEIGHT="32" WIDTH="44" ID="PAG_19_ST000007" WC="1" CONTENT="fin" STYLEREFS="TXT_14"/>
            <SP ID="PAG_19_SP000006" HPOS="362" VPOS="4028" WIDTH="23"/>
            <String HPOS="385" VPOS="4028" HEIGHT="35" WIDTH="124" ID="PAG_19_ST000008" WC="1" CONTENT="lainage" STYLEREFS="TXT_14"/>
            <SP ID="PAG_19_SP000007" HPOS="509" VPOS="4026" WIDTH="19"/>
            <String HPOS="528" VPOS="4026" HEIGHT="30" WIDTH="74" ID="PAG_19_ST000009" WC="1" CONTENT="orné" STYLEREFS="TXT_14"/>
            <SP ID="PAG_19_SP000008" HPOS="602" VPOS="4025" WIDTH="20"/>
            <String HPOS="622" VPOS="4025" HEIGHT="31" WIDTH="42" ID="PAG_19_ST000010" WC="1" CONTENT="de" STYLEREFS="TXT_14"/>
            <SP ID="PAG_19_SP000009" HPOS="664" VPOS="4024" WIDTH="20"/>
            <String HPOS="684" VPOS="4024" HEIGHT="39" WIDTH="168" ID="PAG_19_ST000011" WC="0.99" CONTENT="découpes." STYLEREFS="TXT_14"/>
            <SP ID="PAG_19_SP000010" HPOS="852" VPOS="4022" WIDTH="22"/>
            <String HPOS="874" VPOS="4022" HEIGHT="31" WIDTH="52" ID="PAG_19_ST000012" WC="1" CONTENT="Les" STYLEREFS="TXT_14"/>
          </TextLine>
          <TextLine HPOS="319" VPOS="4070" HEIGHT="41" WIDTH="606" ID="PAG_19_TL000003" STYLEREFS="TXT_14">
            <String HPOS="319" VPOS="4073" HEIGHT="31" WIDTH="78" ID="PAG_19_ST000013" WC="1" CONTENT="deux" STYLEREFS="TXT_14"/>
            <SP ID="PAG_19_SP000011" HPOS="397" VPOS="4082" WIDTH="17"/>
            <String HPOS="414" VPOS="4082" HEIGHT="29" WIDTH="160" ID="PAG_19_ST000014" WC="1" CONTENT="panneaux" STYLEREFS="TXT_14"/>
            <SP ID="PAG_19_SP000012" HPOS="574" VPOS="4070" WIDTH="19"/>
            <String HPOS="593" VPOS="4070" HEIGHT="31" WIDTH="40" ID="PAG_19_ST000015" WC="1" CONTENT="du" STYLEREFS="TXT_14"/>
            <SP ID="PAG_19_SP000013" HPOS="633" VPOS="4070" WIDTH="17"/>
            <String HPOS="650" VPOS="4070" HEIGHT="31" WIDTH="56" ID="PAG_19_ST000016" WC="1" CONTENT="bas" STYLEREFS="TXT_14"/>
            <SP ID="PAG_19_SP000014" HPOS="706" VPOS="4070" WIDTH="17"/>
            <String HPOS="723" VPOS="4070" HEIGHT="30" WIDTH="41" ID="PAG_19_ST000017" WC="1" CONTENT="du" STYLEREFS="TXT_14"/>
            <SP ID="PAG_19_SP000015" HPOS="764" VPOS="4071" WIDTH="19"/>
            <String HPOS="783" VPOS="4071" HEIGHT="28" WIDTH="142" ID="PAG_19_ST000018" WC="1" CONTENT="manteau" STYLEREFS="TXT_14"/>
          </TextLine>
          <TextLine HPOS="319" VPOS="4114" HEIGHT="40" WIDTH="636" ID="PAG_19_TL000004" STYLEREFS="TXT_14">
            <String HPOS="319" VPOS="4118" HEIGHT="31" WIDTH="133" ID="PAG_19_ST000019" WC="1" CONTENT="forment" STYLEREFS="TXT_14"/>
            <SP ID="PAG_19_SP000016" HPOS="452" VPOS="4117" WIDTH="34"/>
            <String HPOS="486" VPOS="4117" HEIGHT="30" WIDTH="78" ID="PAG_19_ST000020" WC="1" CONTENT="deux" STYLEREFS="TXT_14"/>
            <SP ID="PAG_19_SP000017" HPOS="564" VPOS="4115" WIDTH="33"/>
            <String HPOS="597" VPOS="4115" HEIGHT="39" WIDTH="126" ID="PAG_19_ST000021" WC="1" CONTENT="poches." STYLEREFS="TXT_14"/>
            <SP ID="PAG_19_SP000018" HPOS="723" VPOS="4114" WIDTH="35"/>
            <String HPOS="758" VPOS="4114" HEIGHT="32" WIDTH="53" ID="PAG_19_ST000022" WC="1" CONTENT="Les" STYLEREFS="TXT_14"/>
            <SP ID="PAG_19_SP000019" HPOS="811" VPOS="4124" WIDTH="34"/>
            <String HPOS="845" VPOS="4124" HEIGHT="20" WIDTH="80" ID="PAG_19_ST000023" WC="1" CONTENT="man-" SUBS_TYPE="HypPart1" SUBS_CONTENT="manches" STYLEREFS="TXT_14"/>
            <HYP HPOS="925" VPOS="4144" WIDTH="30" CONTENT="-"/>
          </TextLine>
          <TextLine HPOS="319" VPOS="4159" HEIGHT="37" WIDTH="638" ID="PAG_19_TL000005" STYLEREFS="TXT_14">
            <String HPOS="319" VPOS="4164" HEIGHT="31" WIDTH="71" ID="PAG_19_ST000024" WC="1" CONTENT="ches" SUBS_TYPE="HypPart2" SUBS_CONTENT="manches" STYLEREFS="TXT_14"/>
            <SP ID="PAG_19_SP000020" HPOS="390" VPOS="4162" WIDTH="25"/>
            <String HPOS="415" VPOS="4162" HEIGHT="31" WIDTH="136" ID="PAG_19_ST000025" WC="1" CONTENT="donnent" STYLEREFS="TXT_14"/>
            <SP ID="PAG_19_SP000021" HPOS="551" VPOS="4173" WIDTH="23"/>
            <String HPOS="574" VPOS="4173" HEIGHT="19" WIDTH="56" ID="PAG_19_ST000026" WC="1" CONTENT="une" STYLEREFS="TXT_14"/>
            <SP ID="PAG_19_SP000022" HPOS="630" VPOS="4160" WIDTH="22"/>
            <String HPOS="652" VPOS="4160" HEIGHT="32" WIDTH="167" ID="PAG_19_ST000027" WC="1" CONTENT="silhouette" STYLEREFS="TXT_14"/>
            <SP ID="PAG_19_SP000023" HPOS="819" VPOS="4159" WIDTH="24"/>
            <String HPOS="843" VPOS="4159" HEIGHT="37" WIDTH="84" ID="PAG_19_ST000028" WC="1" CONTENT="légè-" SUBS_TYPE="HypPart1" SUBS_CONTENT="légèrement" STYLEREFS="TXT_14"/>
            <HYP HPOS="927" VPOS="4196" WIDTH="30" CONTENT="-"/>
          </TextLine>
          <TextLine HPOS="321" VPOS="4204" HEIGHT="35" WIDTH="607" ID="PAG_19_TL000006" STYLEREFS="TXT_14">
            <String HPOS="321" VPOS="4210" HEIGHT="29" WIDTH="118" ID="PAG_19_ST000029" WC="1" CONTENT="rement" SUBS_TYPE="HypPart2" SUBS_CONTENT="légèrement" STYLEREFS="TXT_14"/>
            <SP ID="PAG_19_SP000024" HPOS="439" VPOS="4208" WIDTH="21"/>
            <String HPOS="460" VPOS="4208" HEIGHT="30" WIDTH="117" ID="PAG_19_ST000030" WC="1" CONTENT="carrée." STYLEREFS="TXT_14"/>
            <SP ID="PAG_19_SP000025" HPOS="577" VPOS="4206" WIDTH="24"/>
            <String HPOS="601" VPOS="4206" HEIGHT="31" WIDTH="80" ID="PAG_19_ST000031" WC="1" CONTENT="Dans" STYLEREFS="TXT_14"/>
            <SP ID="PAG_19_SP000026" HPOS="681" VPOS="4205" WIDTH="26"/>
            <String HPOS="707" VPOS="4205" HEIGHT="31" WIDTH="29" ID="PAG_19_ST000032" WC="1" CONTENT="le" STYLEREFS="TXT_14"/>
            <SP ID="PAG_19_SP000027" HPOS="736" VPOS="4205" WIDTH="23"/>
            <String HPOS="759" VPOS="4205" HEIGHT="34" WIDTH="65" ID="PAG_19_ST000033" WC="1" CONTENT="dos," STYLEREFS="TXT_14"/>
            <SP ID="PAG_19_SP000028" HPOS="824" VPOS="4204" WIDTH="25"/>
            <String HPOS="849" VPOS="4204" HEIGHT="31" WIDTH="79" ID="PAG_19_ST000034" WC="1" CONTENT="deux" STYLEREFS="TXT_14"/>
          </TextLine>
          <TextLine HPOS="138" VPOS="4249" HEIGHT="43" WIDTH="820" ID="PAG_19_TL000007" STYLEREFS="TXT_14">
            <String HPOS="138" VPOS="4262" HEIGHT="14" WIDTH="7" ID="PAG_19_ST000035" WC="0.5" CONTENT="1" STYLEREFS="TXT_14"/>
            <SP ID="PAG_19_SP000029" HPOS="145" VPOS="4254" WIDTH="175"/>
            <String HPOS="320" VPOS="4254" HEIGHT="38" WIDTH="159" ID="PAG_19_ST000036" WC="1" CONTENT="découpes" STYLEREFS="TXT_14"/>
            <SP ID="PAG_19_SP000030" HPOS="479" VPOS="4251" WIDTH="21"/>
            <String HPOS="500" VPOS="4251" HEIGHT="40" WIDTH="179" ID="PAG_19_ST000037" WC="1" CONTENT="rappellent" STYLEREFS="TXT_14"/>
            <SP ID="PAG_19_SP000031" HPOS="679" VPOS="4250" WIDTH="19"/>
            <String HPOS="698" VPOS="4250" HEIGHT="31" WIDTH="96" ID="PAG_19_ST000038" WC="1" CONTENT="celles" STYLEREFS="TXT_14"/>
            <SP ID="PAG_19_SP000032" HPOS="794" VPOS="4249" WIDTH="21"/>
            <String HPOS="815" VPOS="4249" HEIGHT="31" WIDTH="40" ID="PAG_19_ST000039" WC="1" CONTENT="du" STYLEREFS="TXT_14"/>
            <SP ID="PAG_19_SP000033" HPOS="855" VPOS="4249" WIDTH="20"/>
            <String HPOS="875" VPOS="4249" HEIGHT="31" WIDTH="53" ID="PAG_19_ST000040" WC="1" CONTENT="de-" SUBS_TYPE="HypPart1" SUBS_CONTENT="devant." STYLEREFS="TXT_14"/>
            <HYP HPOS="928" VPOS="4280" WIDTH="30" CONTENT="-"/>
          </TextLine>
          <TextLine HPOS="323" VPOS="4294" HEIGHT="42" WIDTH="606" ID="PAG_19_TL000008" STYLEREFS="TXT_14">
            <String HPOS="323" VPOS="4302" HEIGHT="27" WIDTH="81" ID="PAG_19_ST000041" WC="1" CONTENT="vant." SUBS_TYPE="HypPart2" SUBS_CONTENT="devant." STYLEREFS="TXT_14"/>
            <SP ID="PAG_19_SP000034" HPOS="404" VPOS="4298" WIDTH="30"/>
            <String HPOS="434" VPOS="4298" HEIGHT="38" WIDTH="34" ID="PAG_19_ST000042" WC="1" CONTENT="(2" STYLEREFS="TXT_14"/>
            <SP ID="PAG_19_SP000035" HPOS="468" VPOS="4309" WIDTH="27"/>
            <String HPOS="495" VPOS="4309" HEIGHT="19" WIDTH="36" ID="PAG_19_ST000043" WC="1" CONTENT="m." STYLEREFS="TXT_14"/>
            <SP ID="PAG_19_SP000036" HPOS="531" VPOS="4298" WIDTH="29"/>
            <String HPOS="560" VPOS="4298" HEIGHT="29" WIDTH="37" ID="PAG_19_ST000044" WC="1" CONTENT="75" STYLEREFS="TXT_14"/>
            <SP ID="PAG_19_SP000037" HPOS="597" VPOS="4307" WIDTH="26"/>
            <String HPOS="623" VPOS="4307" HEIGHT="20" WIDTH="36" ID="PAG_19_ST000045" WC="1" CONTENT="en" STYLEREFS="TXT_14"/>
            <SP ID="PAG_19_SP000038" HPOS="659" VPOS="4296" WIDTH="30"/>
            <String HPOS="689" VPOS="4296" HEIGHT="29" WIDTH="10" ID="PAG_19_ST000046" WC="1" CONTENT="1" STYLEREFS="TXT_14"/>
            <SP ID="PAG_19_SP000039" HPOS="699" VPOS="4306" WIDTH="30"/>
            <String HPOS="729" VPOS="4306" HEIGHT="20" WIDTH="37" ID="PAG_19_ST000047" WC="1" CONTENT="m." STYLEREFS="TXT_14"/>
            <SP ID="PAG_19_SP000040" HPOS="766" VPOS="4294" WIDTH="24"/>
            <String HPOS="790" VPOS="4294" HEIGHT="39" WIDTH="68" ID="PAG_19_ST000048" WC="1" CONTENT="40.)" STYLEREFS="TXT_14"/>
            <SP ID="PAG_19_SP000041" HPOS="858" VPOS="4311" WIDTH="28"/>
            <String HPOS="886" VPOS="4311" HEIGHT="5" WIDTH="43" ID="PAG_19_ST000049" WC="0.76" CONTENT="—" STYLEREFS="TXT_14"/>
          </TextLine>
          <TextLine HPOS="321" VPOS="4339" HEIGHT="43" WIDTH="607" ID="PAG_19_TL000009" STYLEREFS="TXT_14">
            <String HPOS="321" VPOS="4345" HEIGHT="29" WIDTH="29" ID="PAG_19_ST000050" WC="1" CONTENT="9." STYLEREFS="TXT_14"/>
            <SP ID="PAG_19_SP000042" HPOS="350" VPOS="4343" WIDTH="24"/>
            <String HPOS="374" VPOS="4343" HEIGHT="39" WIDTH="101" ID="PAG_19_ST000051" WC="1" CONTENT="(page" STYLEREFS="TXT_14"/>
            <SP ID="PAG_19_SP000043" HPOS="475" VPOS="4343" WIDTH="18"/>
            <String HPOS="493" VPOS="4343" HEIGHT="30" WIDTH="41" ID="PAG_19_ST000052" WC="1" CONTENT="de" STYLEREFS="TXT_14"/>
            <SP ID="PAG_19_SP000044" HPOS="534" VPOS="4340" WIDTH="19"/>
            <String HPOS="553" VPOS="4340" HEIGHT="40" WIDTH="149" ID="PAG_19_ST000053" WC="1" CONTENT="gauche)." STYLEREFS="TXT_14"/>
            <SP ID="PAG_19_SP000045" HPOS="702" VPOS="4339" WIDTH="19"/>
            <String HPOS="721" VPOS="4339" HEIGHT="31" WIDTH="149" ID="PAG_19_ST000054" WC="1" CONTENT="Manteau" STYLEREFS="TXT_14"/>
            <SP ID="PAG_19_SP000046" HPOS="870" VPOS="4339" WIDTH="18"/>
            <String HPOS="888" VPOS="4339" HEIGHT="31" WIDTH="40" ID="PAG_19_ST000055" WC="1" CONTENT="de" STYLEREFS="TXT_14"/>
          </TextLine>
          <TextLine HPOS="322" VPOS="4384" HEIGHT="41" WIDTH="607" ID="PAG_19_TL000010" STYLEREFS="TXT_14">
            <String HPOS="322" VPOS="4399" HEIGHT="26" WIDTH="121" ID="PAG_19_ST000056" WC="1" CONTENT="voyage" STYLEREFS="TXT_14"/>
            <SP ID="PAG_19_SP000047" HPOS="443" VPOS="4387" WIDTH="24"/>
            <String HPOS="467" VPOS="4387" HEIGHT="38" WIDTH="105" ID="PAG_19_ST000057" WC="1" CONTENT="ample" STYLEREFS="TXT_14"/>
            <SP ID="PAG_19_SP000048" HPOS="572" VPOS="4390" WIDTH="27"/>
            <String HPOS="599" VPOS="4390" HEIGHT="27" WIDTH="32" ID="PAG_19_ST000058" WC="1" CONTENT="et" STYLEREFS="TXT_14"/>
            <SP ID="PAG_19_SP000049" HPOS="631" VPOS="4384" WIDTH="24"/>
            <String HPOS="655" VPOS="4384" HEIGHT="32" WIDTH="208" ID="PAG_19_ST000059" WC="1" CONTENT="confortable." STYLEREFS="TXT_14"/>
            <SP ID="PAG_19_SP000050" HPOS="863" VPOS="4384" WIDTH="26"/>
            <String HPOS="889" VPOS="4384" HEIGHT="31" WIDTH="40" ID="PAG_19_ST000060" WC="1" CONTENT="La" STYLEREFS="TXT_14"/>
          </TextLine>
          <TextLine HPOS="322" VPOS="4429" HEIGHT="34" WIDTH="636" ID="PAG_19_TL000011" STYLEREFS="TXT_14">
            <String HPOS="322" VPOS="4432" HEIGHT="31" WIDTH="127" ID="PAG_19_ST000061" WC="1" CONTENT="manche" STYLEREFS="TXT_14"/>
            <SP ID="PAG_19_SP000051" HPOS="449" VPOS="4443" WIDTH="22"/>
            <String HPOS="471" VPOS="4443" HEIGHT="19" WIDTH="20" ID="PAG_19_ST000062" WC="1" CONTENT="a" STYLEREFS="TXT_14"/>
            <SP ID="PAG_19_SP000052" HPOS="491" VPOS="4444" WIDTH="22"/>
            <String HPOS="513" VPOS="4444" HEIGHT="18" WIDTH="56" ID="PAG_19_ST000063" WC="1" CONTENT="une" STYLEREFS="TXT_14"/>
            <SP ID="PAG_19_SP000053" HPOS="569" VPOS="4434" WIDTH="22"/>
            <String HPOS="591" VPOS="4434" HEIGHT="28" WIDTH="127" ID="PAG_19_ST000064" WC="1" CONTENT="couture" STYLEREFS="TXT_14"/>
            <SP ID="PAG_19_SP000054" HPOS="718" VPOS="4441" WIDTH="20"/>
            <String HPOS="738" VPOS="4441" HEIGHT="20" WIDTH="49" ID="PAG_19_ST000065" WC="1" CONTENT="sur" STYLEREFS="TXT_14"/>
            <SP ID="PAG_19_SP000055" HPOS="787" VPOS="4429" WIDTH="23"/>
            <String HPOS="810" VPOS="4429" HEIGHT="31" WIDTH="28" ID="PAG_19_ST000066" WC="1" CONTENT="le" STYLEREFS="TXT_14"/>
            <SP ID="PAG_19_SP000056" HPOS="838" VPOS="4429" WIDTH="22"/>
            <String HPOS="860" VPOS="4429" HEIGHT="31" WIDTH="68" ID="PAG_19_ST000067" WC="1" CONTENT="des-" SUBS_TYPE="HypPart1" SUBS_CONTENT="dessus" STYLEREFS="TXT_14"/>
            <HYP HPOS="928" VPOS="4460" WIDTH="30" CONTENT="-"/>
          </TextLine>
          <TextLine HPOS="321" VPOS="4475" HEIGHT="39" WIDTH="637" ID="PAG_19_TL000012" STYLEREFS="TXT_14">
            <String HPOS="321" VPOS="4490" HEIGHT="19" WIDTH="49" ID="PAG_19_ST000068" WC="1" CONTENT="sus" SUBS_TYPE="HypPart2" SUBS_CONTENT="dessus" STYLEREFS="TXT_14"/>
            <SP ID="PAG_19_SP000057" HPOS="370" VPOS="4477" WIDTH="17"/>
            <String HPOS="387" VPOS="4477" HEIGHT="31" WIDTH="40" ID="PAG_19_ST000069" WC="1" CONTENT="du" STYLEREFS="TXT_14"/>
            <SP ID="PAG_19_SP000058" HPOS="427" VPOS="4477" WIDTH="17"/>
            <String HPOS="444" VPOS="4477" HEIGHT="31" WIDTH="71" ID="PAG_19_ST000070" WC="1" CONTENT="bras" STYLEREFS="TXT_14"/>
            <SP ID="PAG_19_SP000059" HPOS="515" VPOS="4480" WIDTH="16"/>
            <String HPOS="531" VPOS="4480" HEIGHT="27" WIDTH="34" ID="PAG_19_ST000071" WC="1" CONTENT="et" STYLEREFS="TXT_14"/>
            <SP ID="PAG_19_SP000060" HPOS="565" VPOS="4488" WIDTH="15"/>
            <String HPOS="580" VPOS="4488" HEIGHT="19" WIDTH="48" ID="PAG_19_ST000072" WC="1" CONTENT="sur" STYLEREFS="TXT_14"/>
            <SP ID="PAG_19_SP000061" HPOS="628" VPOS="4475" WIDTH="18"/>
            <String HPOS="646" VPOS="4475" HEIGHT="39" WIDTH="144" ID="PAG_19_ST000073" WC="0.96" CONTENT="l'épaule," STYLEREFS="TXT_14"/>
            <SP ID="PAG_19_SP000062" HPOS="790" VPOS="4478" WIDTH="19"/>
            <String HPOS="809" VPOS="4478" HEIGHT="28" WIDTH="33" ID="PAG_19_ST000074" WC="1" CONTENT="et" STYLEREFS="TXT_14"/>
            <SP ID="PAG_19_SP000063" HPOS="842" VPOS="4475" WIDTH="16"/>
            <String HPOS="858" VPOS="4475" HEIGHT="30" WIDTH="70" ID="PAG_19_ST000075" WC="0.99" CONTENT="cha-" SUBS_TYPE="HypPart1" SUBS_CONTENT="chaque" STYLEREFS="TXT_14"/>
            <HYP HPOS="928" VPOS="4505" WIDTH="30" CONTENT="-"/>
          </TextLine>
          <TextLine HPOS="322" VPOS="4521" HEIGHT="40" WIDTH="635" ID="PAG_19_TL000013" STYLEREFS="TXT_14">
            <String HPOS="322" VPOS="4534" HEIGHT="26" WIDTH="61" ID="PAG_19_ST000076" WC="1" CONTENT="que" SUBS_TYPE="HypPart2" SUBS_CONTENT="chaque" STYLEREFS="TXT_14"/>
            <SP ID="PAG_19_SP000064" HPOS="383" VPOS="4523" WIDTH="17"/>
            <String HPOS="400" VPOS="4523" HEIGHT="38" WIDTH="104" ID="PAG_19_ST000077" WC="1" CONTENT="partie" STYLEREFS="TXT_14"/>
            <SP ID="PAG_19_SP000065" HPOS="504" VPOS="4521" WIDTH="17"/>
            <String HPOS="521" VPOS="4521" HEIGHT="31" WIDTH="60" ID="PAG_19_ST000078" WC="1" CONTENT="fait" STYLEREFS="TXT_14"/>
            <SP ID="PAG_19_SP000066" HPOS="581" VPOS="4531" WIDTH="17"/>
            <String HPOS="598" VPOS="4531" HEIGHT="29" WIDTH="90" ID="PAG_19_ST000079" WC="1" CONTENT="corps" STYLEREFS="TXT_14"/>
            <SP ID="PAG_19_SP000067" HPOS="688" VPOS="4531" WIDTH="17"/>
            <String HPOS="705" VPOS="4531" HEIGHT="20" WIDTH="77" ID="PAG_19_ST000080" WC="1" CONTENT="avec" STYLEREFS="TXT_14"/>
            <SP ID="PAG_19_SP000068" HPOS="782" VPOS="4531" WIDTH="19"/>
            <String HPOS="801" VPOS="4531" HEIGHT="20" WIDTH="35" ID="PAG_19_ST000081" WC="1" CONTENT="un" STYLEREFS="TXT_14"/>
            <SP ID="PAG_19_SP000069" HPOS="836" VPOS="4530" WIDTH="18"/>
            <String HPOS="854" VPOS="4530" HEIGHT="28" WIDTH="73" ID="PAG_19_ST000082" WC="1" CONTENT="pan-" SUBS_TYPE="HypPart1" SUBS_CONTENT="panneau" STYLEREFS="TXT_14"/>
            <HYP HPOS="927" VPOS="4558" WIDTH="30" CONTENT="-"/>
          </TextLine>
          <TextLine HPOS="322" VPOS="4564" HEIGHT="40" WIDTH="601" ID="PAG_19_TL000014" STYLEREFS="TXT_14">
            <String HPOS="322" VPOS="4578" HEIGHT="21" WIDTH="79" ID="PAG_19_ST000083" WC="1" CONTENT="neau" SUBS_TYPE="HypPart2" SUBS_CONTENT="panneau" STYLEREFS="TXT_14"/>
            <SP ID="PAG_19_SP000070" HPOS="401" VPOS="4567" WIDTH="21"/>
            <String HPOS="422" VPOS="4567" HEIGHT="30" WIDTH="41" ID="PAG_19_ST000084" WC="1" CONTENT="du" STYLEREFS="TXT_14"/>
            <SP ID="PAG_19_SP000071" HPOS="463" VPOS="4569" WIDTH="20"/>
            <String HPOS="483" VPOS="4569" HEIGHT="28" WIDTH="153" ID="PAG_19_ST000085" WC="1" CONTENT="manteau." STYLEREFS="TXT_14"/>
            <SP ID="PAG_19_SP000072" HPOS="636" VPOS="4565" WIDTH="27"/>
            <String HPOS="663" VPOS="4565" HEIGHT="39" WIDTH="34" ID="PAG_19_ST000086" WC="1" CONTENT="(3" STYLEREFS="TXT_14"/>
            <SP ID="PAG_19_SP000073" HPOS="697" VPOS="4576" WIDTH="22"/>
            <String HPOS="719" VPOS="4576" HEIGHT="20" WIDTH="37" ID="PAG_19_ST000087" WC="1" CONTENT="m." STYLEREFS="TXT_14"/>
            <SP ID="PAG_19_SP000074" HPOS="756" VPOS="4576" WIDTH="22"/>
            <String HPOS="778" VPOS="4576" HEIGHT="20" WIDTH="36" ID="PAG_19_ST000088" WC="1" CONTENT="en" STYLEREFS="TXT_14"/>
            <SP ID="PAG_19_SP000075" HPOS="814" VPOS="4564" WIDTH="26"/>
            <String HPOS="840" VPOS="4564" HEIGHT="40" WIDTH="83" ID="PAG_19_ST000089" WC="1" CONTENT="140.)" STYLEREFS="TXT_14"/>
          </TextLine>
        </TextBlock>
        <TextBlock HPOS="1141" VPOS="3974" HEIGHT="628" WIDTH="637" ID="PAG_19_TB000002" LANG="fr" STYLEREFS="TXT_14">
          <TextLine HPOS="1145" VPOS="3974" HEIGHT="38" WIDTH="602" ID="PAG_19_TL000015" STYLEREFS="TXT_14">
            <String HPOS="1145" VPOS="3979" HEIGHT="30" WIDTH="46" ID="PAG_19_ST000090" WC="1" CONTENT="10." STYLEREFS="TXT_14"/>
            <SP ID="PAG_19_SP000076" HPOS="1191" VPOS="3977" WIDTH="22"/>
            <String HPOS="1213" VPOS="3977" HEIGHT="32" WIDTH="68" ID="PAG_19_ST000091" WC="1" CONTENT="Joli" STYLEREFS="TXT_14"/>
            <SP ID="PAG_19_SP000077" HPOS="1281" VPOS="3979" WIDTH="21"/>
            <String HPOS="1302" VPOS="3979" HEIGHT="29" WIDTH="144" ID="PAG_19_ST000092" WC="1" CONTENT="manteau" STYLEREFS="TXT_14"/>
            <SP ID="PAG_19_SP000078" HPOS="1446" VPOS="3986" WIDTH="21"/>
            <String HPOS="1467" VPOS="3986" HEIGHT="26" WIDTH="61" ID="PAG_19_ST000093" WC="1" CONTENT="que" STYLEREFS="TXT_14"/>
            <SP ID="PAG_19_SP000079" HPOS="1528" VPOS="3974" WIDTH="23"/>
            <String HPOS="1551" VPOS="3974" HEIGHT="31" WIDTH="60" ID="PAG_19_ST000094" WC="0.99" CONTENT="l'on" STYLEREFS="TXT_14"/>
            <SP ID="PAG_19_SP000080" HPOS="1611" VPOS="3982" WIDTH="23"/>
            <String HPOS="1634" VPOS="3982" HEIGHT="30" WIDTH="113" ID="PAG_19_ST000095" WC="1" CONTENT="pourra" STYLEREFS="TXT_14"/>
          </TextLine>
          <TextLine HPOS="1142" VPOS="4017" HEIGHT="42" WIDTH="605" ID="PAG_19_TL000016" STYLEREFS="TXT_14">
            <String HPOS="1142" VPOS="4023" HEIGHT="32" WIDTH="81" ID="PAG_19_ST000096" WC="1" CONTENT="faire" STYLEREFS="TXT_14"/>
            <SP ID="PAG_19_SP000081" HPOS="1223" VPOS="4035" WIDTH="22"/>
            <String HPOS="1245" VPOS="4035" HEIGHT="19" WIDTH="36" ID="PAG_19_ST000097" WC="1" CONTENT="en" STYLEREFS="TXT_14"/>
            <SP ID="PAG_19_SP000082" HPOS="1281" VPOS="4022" WIDTH="24"/>
            <String HPOS="1305" VPOS="4022" HEIGHT="37" WIDTH="125" ID="PAG_19_ST000098" WC="0.99" CONTENT="lainage" STYLEREFS="TXT_14"/>
            <SP ID="PAG_19_SP000083" HPOS="1430" VPOS="4021" WIDTH="23"/>
            <String HPOS="1453" VPOS="4021" HEIGHT="31" WIDTH="58" ID="PAG_19_ST000099" WC="0.99" CONTENT="uni." STYLEREFS="TXT_14"/>
            <SP ID="PAG_19_SP000084" HPOS="1511" VPOS="4019" WIDTH="23"/>
            <String HPOS="1534" VPOS="4019" HEIGHT="31" WIDTH="24" ID="PAG_19_ST000100" WC="0.96" CONTENT="Il" STYLEREFS="TXT_14"/>
            <SP ID="PAG_19_SP000085" HPOS="1558" VPOS="4023" WIDTH="22"/>
            <String HPOS="1580" VPOS="4023" HEIGHT="28" WIDTH="46" ID="PAG_19_ST000101" WC="1" CONTENT="est" STYLEREFS="TXT_14"/>
            <SP ID="PAG_19_SP000086" HPOS="1626" VPOS="4017" WIDTH="21"/>
            <String HPOS="1647" VPOS="4017" HEIGHT="39" WIDTH="100" ID="PAG_19_ST000102" WC="1" CONTENT="ajusté" STYLEREFS="TXT_14"/>
          </TextLine>
          <TextLine HPOS="1142" VPOS="4064" HEIGHT="43" WIDTH="605" ID="PAG_19_TL000017" STYLEREFS="TXT_14">
            <String HPOS="1142" VPOS="4070" HEIGHT="30" WIDTH="20" ID="PAG_19_ST000103" WC="1" CONTENT="à" STYLEREFS="TXT_14"/>
            <SP ID="PAG_19_SP000087" HPOS="1162" VPOS="4069" WIDTH="25"/>
            <String HPOS="1187" VPOS="4069" HEIGHT="30" WIDTH="32" ID="PAG_19_ST000104" WC="1" CONTENT="la" STYLEREFS="TXT_14"/>
            <SP ID="PAG_19_SP000088" HPOS="1219" VPOS="4068" WIDTH="22"/>
            <String HPOS="1241" VPOS="4068" HEIGHT="31" WIDTH="90" ID="PAG_19_ST000105" WC="1" CONTENT="taille" STYLEREFS="TXT_14"/>
            <SP ID="PAG_19_SP000089" HPOS="1331" VPOS="4078" WIDTH="22"/>
            <String HPOS="1353" VPOS="4078" HEIGHT="29" WIDTH="58" ID="PAG_19_ST000106" WC="1" CONTENT="par" STYLEREFS="TXT_14"/>
            <SP ID="PAG_19_SP000090" HPOS="1411" VPOS="4067" WIDTH="23"/>
            <String HPOS="1434" VPOS="4067" HEIGHT="30" WIDTH="55" ID="PAG_19_ST000107" WC="1" CONTENT="des" STYLEREFS="TXT_14"/>
            <SP ID="PAG_19_SP000091" HPOS="1489" VPOS="4066" WIDTH="21"/>
            <String HPOS="1510" VPOS="4066" HEIGHT="39" WIDTH="107" ID="PAG_19_ST000108" WC="1" CONTENT="pinces" STYLEREFS="TXT_14"/>
            <SP ID="PAG_19_SP000092" HPOS="1617" VPOS="4064" WIDTH="23"/>
            <String HPOS="1640" VPOS="4064" HEIGHT="37" WIDTH="54" ID="PAG_19_ST000109" WC="1" CONTENT="qui" STYLEREFS="TXT_14"/>
            <SP ID="PAG_19_SP000093" HPOS="1694" VPOS="4074" WIDTH="21"/>
            <String HPOS="1715" VPOS="4074" HEIGHT="20" WIDTH="32" ID="PAG_19_ST000110" WC="1" CONTENT="se" STYLEREFS="TXT_14"/>
          </TextLine>
          <TextLine HPOS="1143" VPOS="4109" HEIGHT="39" WIDTH="604" ID="PAG_19_TL000018" STYLEREFS="TXT_14">
            <String HPOS="1143" VPOS="4114" HEIGHT="32" WIDTH="177" ID="PAG_19_ST000111" WC="1" CONTENT="continuent" STYLEREFS="TXT_14"/>
            <SP ID="PAG_19_SP000094" HPOS="1320" VPOS="4124" WIDTH="18"/>
            <String HPOS="1338" VPOS="4124" HEIGHT="20" WIDTH="36" ID="PAG_19_ST000112" WC="1" CONTENT="en" STYLEREFS="TXT_14"/>
            <SP ID="PAG_19_SP000095" HPOS="1374" VPOS="4123" WIDTH="20"/>
            <String HPOS="1394" VPOS="4123" HEIGHT="21" WIDTH="57" ID="PAG_19_ST000113" WC="1" CONTENT="une" STYLEREFS="TXT_14"/>
            <SP ID="PAG_19_SP000096" HPOS="1451" VPOS="4114" WIDTH="16"/>
            <String HPOS="1467" VPOS="4114" HEIGHT="28" WIDTH="126" ID="PAG_19_ST000114" WC="1" CONTENT="couture" STYLEREFS="TXT_14"/>
            <SP ID="PAG_19_SP000097" HPOS="1593" VPOS="4109" WIDTH="17"/>
            <String HPOS="1610" VPOS="4109" HEIGHT="39" WIDTH="137" ID="PAG_19_ST000115" WC="1" CONTENT="jusqu'au" STYLEREFS="TXT_14"/>
          </TextLine>
          <TextLine HPOS="1143" VPOS="4157" HEIGHT="34" WIDTH="606" ID="PAG_19_TL000019" STYLEREFS="TXT_14">
            <String HPOS="1143" VPOS="4160" HEIGHT="31" WIDTH="56" ID="PAG_19_ST000116" WC="1" CONTENT="bas" STYLEREFS="TXT_14"/>
            <SP ID="PAG_19_SP000098" HPOS="1199" VPOS="4159" WIDTH="24"/>
            <String HPOS="1223" VPOS="4159" HEIGHT="31" WIDTH="40" ID="PAG_19_ST000117" WC="1" CONTENT="du" STYLEREFS="TXT_14"/>
            <SP ID="PAG_19_SP000099" HPOS="1263" VPOS="4161" WIDTH="24"/>
            <String HPOS="1287" VPOS="4161" HEIGHT="28" WIDTH="152" ID="PAG_19_ST000118" WC="1" CONTENT="manteau." STYLEREFS="TXT_14"/>
            <SP ID="PAG_19_SP000100" HPOS="1439" VPOS="4157" WIDTH="27"/>
            <String HPOS="1466" VPOS="4157" HEIGHT="31" WIDTH="64" ID="PAG_19_ST000119" WC="1" CONTENT="Une" STYLEREFS="TXT_14"/>
            <SP ID="PAG_19_SP000101" HPOS="1530" VPOS="4158" WIDTH="23"/>
            <String HPOS="1553" VPOS="4158" HEIGHT="29" WIDTH="126" ID="PAG_19_ST000120" WC="1" CONTENT="couture" STYLEREFS="TXT_14"/>
            <SP ID="PAG_19_SP000102" HPOS="1679" VPOS="4164" WIDTH="23"/>
            <String HPOS="1702" VPOS="4164" HEIGHT="21" WIDTH="47" ID="PAG_19_ST000121" WC="0.99" CONTENT="sur" STYLEREFS="TXT_14"/>
          </TextLine>
          <TextLine HPOS="1145" VPOS="4199" HEIGHT="45" WIDTH="603" ID="PAG_19_TL000020" STYLEREFS="TXT_14">
            <String HPOS="1145" VPOS="4204" HEIGHT="40" WIDTH="136" ID="PAG_19_ST000122" WC="1" CONTENT="l'épaule" STYLEREFS="TXT_14"/>
            <SP ID="PAG_19_SP000103" HPOS="1281" VPOS="4206" WIDTH="26"/>
            <String HPOS="1307" VPOS="4206" HEIGHT="28" WIDTH="33" ID="PAG_19_ST000123" WC="1" CONTENT="et" STYLEREFS="TXT_14"/>
            <SP ID="PAG_19_SP000104" HPOS="1340" VPOS="4214" WIDTH="26"/>
            <String HPOS="1366" VPOS="4214" HEIGHT="20" WIDTH="57" ID="PAG_19_ST000124" WC="1" CONTENT="une" STYLEREFS="TXT_14"/>
            <SP ID="PAG_19_SP000105" HPOS="1423" VPOS="4213" WIDTH="26"/>
            <String HPOS="1449" VPOS="4213" HEIGHT="21" WIDTH="47" ID="PAG_19_ST000125" WC="1" CONTENT="sur" STYLEREFS="TXT_14"/>
            <SP ID="PAG_19_SP000106" HPOS="1496" VPOS="4201" WIDTH="27"/>
            <String HPOS="1523" VPOS="4201" HEIGHT="31" WIDTH="29" ID="PAG_19_ST000126" WC="1" CONTENT="le" STYLEREFS="TXT_14"/>
            <SP ID="PAG_19_SP000107" HPOS="1552" VPOS="4200" WIDTH="26"/>
            <String HPOS="1578" VPOS="4200" HEIGHT="31" WIDTH="103" ID="PAG_19_ST000127" WC="1" CONTENT="dessus" STYLEREFS="TXT_14"/>
            <SP ID="PAG_19_SP000108" HPOS="1681" VPOS="4199" WIDTH="27"/>
            <String HPOS="1708" VPOS="4199" HEIGHT="30" WIDTH="40" ID="PAG_19_ST000128" WC="1" CONTENT="du" STYLEREFS="TXT_14"/>
          </TextLine>
          <TextLine HPOS="1144" VPOS="4245" HEIGHT="43" WIDTH="606" ID="PAG_19_TL000021" STYLEREFS="TXT_14">
            <String HPOS="1144" VPOS="4250" HEIGHT="31" WIDTH="80" ID="PAG_19_ST000129" WC="1" CONTENT="bras." STYLEREFS="TXT_14"/>
            <SP ID="PAG_19_SP000109" HPOS="1224" VPOS="4249" WIDTH="31"/>
            <String HPOS="1255" VPOS="4249" HEIGHT="39" WIDTH="34" ID="PAG_19_ST000130" WC="1" CONTENT="(2" STYLEREFS="TXT_14"/>
            <SP ID="PAG_19_SP000110" HPOS="1289" VPOS="4260" WIDTH="26"/>
            <String HPOS="1315" VPOS="4260" HEIGHT="19" WIDTH="37" ID="PAG_19_ST000131" WC="1" CONTENT="m." STYLEREFS="TXT_14"/>
            <SP ID="PAG_19_SP000111" HPOS="1352" VPOS="4249" WIDTH="26"/>
            <String HPOS="1378" VPOS="4249" HEIGHT="29" WIDTH="39" ID="PAG_19_ST000132" WC="1" CONTENT="95" STYLEREFS="TXT_14"/>
            <SP ID="PAG_19_SP000112" HPOS="1417" VPOS="4259" WIDTH="26"/>
            <String HPOS="1443" VPOS="4259" HEIGHT="19" WIDTH="36" ID="PAG_19_ST000133" WC="1" CONTENT="en" STYLEREFS="TXT_14"/>
            <SP ID="PAG_19_SP000113" HPOS="1479" VPOS="4248" WIDTH="30"/>
            <String HPOS="1509" VPOS="4248" HEIGHT="28" WIDTH="11" ID="PAG_19_ST000134" WC="1" CONTENT="1" STYLEREFS="TXT_14"/>
            <SP ID="PAG_19_SP000114" HPOS="1520" VPOS="4257" WIDTH="29"/>
            <String HPOS="1549" VPOS="4257" HEIGHT="19" WIDTH="38" ID="PAG_19_ST000135" WC="1" CONTENT="m." STYLEREFS="TXT_14"/>
            <SP ID="PAG_19_SP000115" HPOS="1587" VPOS="4245" WIDTH="24"/>
            <String HPOS="1611" VPOS="4245" HEIGHT="38" WIDTH="67" ID="PAG_19_ST000136" WC="1" CONTENT="40.)" STYLEREFS="TXT_14"/>
            <SP ID="PAG_19_SP000116" HPOS="1678" VPOS="4261" WIDTH="29"/>
            <String HPOS="1707" VPOS="4261" HEIGHT="7" WIDTH="43" ID="PAG_19_ST000137" WC="0.76" CONTENT="—" STYLEREFS="TXT_14"/>
          </TextLine>
          <TextLine HPOS="1149" VPOS="4289" HEIGHT="36" WIDTH="629" ID="PAG_19_TL000022" STYLEREFS="TXT_14">
            <String HPOS="1149" VPOS="4296" HEIGHT="29" WIDTH="45" ID="PAG_19_ST000138" WC="1" CONTENT="11." STYLEREFS="TXT_14"/>
            <SP ID="PAG_19_SP000117" HPOS="1194" VPOS="4294" WIDTH="27"/>
            <String HPOS="1221" VPOS="4294" HEIGHT="31" WIDTH="75" ID="PAG_19_ST000139" WC="1" CONTENT="Vous" STYLEREFS="TXT_14"/>
            <SP ID="PAG_19_SP000118" HPOS="1296" VPOS="4293" WIDTH="25"/>
            <String HPOS="1321" VPOS="4293" HEIGHT="31" WIDTH="81" ID="PAG_19_ST000140" WC="1" CONTENT="ferez" STYLEREFS="TXT_14"/>
            <SP ID="PAG_19_SP000119" HPOS="1402" VPOS="4304" WIDTH="23"/>
            <String HPOS="1425" VPOS="4304" HEIGHT="19" WIDTH="37" ID="PAG_19_ST000141" WC="1" CONTENT="ce" STYLEREFS="TXT_14"/>
            <SP ID="PAG_19_SP000120" HPOS="1462" VPOS="4291" WIDTH="23"/>
            <String HPOS="1485" VPOS="4291" HEIGHT="31" WIDTH="125" ID="PAG_19_ST000142" WC="1" CONTENT="modèle" STYLEREFS="TXT_14"/>
            <SP ID="PAG_19_SP000121" HPOS="1610" VPOS="4301" WIDTH="23"/>
            <String HPOS="1633" VPOS="4301" HEIGHT="20" WIDTH="36" ID="PAG_19_ST000143" WC="1" CONTENT="en" STYLEREFS="TXT_14"/>
            <SP ID="PAG_19_SP000122" HPOS="1669" VPOS="4289" WIDTH="26"/>
            <String HPOS="1695" VPOS="4289" HEIGHT="31" WIDTH="53" ID="PAG_19_ST000144" WC="1" CONTENT="lai-" SUBS_TYPE="HypPart1" SUBS_CONTENT="lainage" STYLEREFS="TXT_14"/>
            <HYP HPOS="1748" VPOS="4320" WIDTH="30" CONTENT="-"/>
          </TextLine>
          <TextLine HPOS="1143" VPOS="4335" HEIGHT="42" WIDTH="606" ID="PAG_19_TL000023" STYLEREFS="TXT_14">
            <String HPOS="1143" VPOS="4351" HEIGHT="26" WIDTH="82" ID="PAG_19_ST000145" WC="1" CONTENT="nage" SUBS_TYPE="HypPart2" SUBS_CONTENT="lainage" STYLEREFS="TXT_14"/>
            <SP ID="PAG_19_SP000123" HPOS="1225" VPOS="4339" WIDTH="21"/>
            <String HPOS="1246" VPOS="4339" HEIGHT="37" WIDTH="83" ID="PAG_19_ST000146" WC="1" CONTENT="rayé." STYLEREFS="TXT_14"/>
            <SP ID="PAG_19_SP000124" HPOS="1329" VPOS="4338" WIDTH="24"/>
            <String HPOS="1353" VPOS="4338" HEIGHT="31" WIDTH="64" ID="PAG_19_ST000147" WC="1" CONTENT="Une" STYLEREFS="TXT_14"/>
            <SP ID="PAG_19_SP000125" HPOS="1417" VPOS="4340" WIDTH="22"/>
            <String HPOS="1439" VPOS="4340" HEIGHT="28" WIDTH="126" ID="PAG_19_ST000148" WC="1" CONTENT="couture" STYLEREFS="TXT_14"/>
            <SP ID="PAG_19_SP000126" HPOS="1565" VPOS="4347" WIDTH="20"/>
            <String HPOS="1585" VPOS="4347" HEIGHT="19" WIDTH="38" ID="PAG_19_ST000149" WC="1" CONTENT="au" STYLEREFS="TXT_14"/>
            <SP ID="PAG_19_SP000127" HPOS="1623" VPOS="4335" WIDTH="23"/>
            <String HPOS="1646" VPOS="4335" HEIGHT="30" WIDTH="103" ID="PAG_19_ST000150" WC="1" CONTENT="milieu" STYLEREFS="TXT_14"/>
          </TextLine>
          <TextLine HPOS="1142" VPOS="4380" HEIGHT="35" WIDTH="603" ID="PAG_19_TL000024" STYLEREFS="TXT_14">
            <String HPOS="1142" VPOS="4384" HEIGHT="31" WIDTH="41" ID="PAG_19_ST000151" WC="1" CONTENT="du" STYLEREFS="TXT_14"/>
            <SP ID="PAG_19_SP000128" HPOS="1183" VPOS="4384" WIDTH="26"/>
            <String HPOS="1209" VPOS="4384" HEIGHT="31" WIDTH="57" ID="PAG_19_ST000152" WC="1" CONTENT="dos" STYLEREFS="TXT_14"/>
            <SP ID="PAG_19_SP000129" HPOS="1266" VPOS="4386" WIDTH="26"/>
            <String HPOS="1292" VPOS="4386" HEIGHT="29" WIDTH="32" ID="PAG_19_ST000153" WC="1" CONTENT="et" STYLEREFS="TXT_14"/>
            <SP ID="PAG_19_SP000130" HPOS="1324" VPOS="4383" WIDTH="27"/>
            <String HPOS="1351" VPOS="4383" HEIGHT="31" WIDTH="78" ID="PAG_19_ST000154" WC="1" CONTENT="deux" STYLEREFS="TXT_14"/>
            <SP ID="PAG_19_SP000131" HPOS="1429" VPOS="4384" WIDTH="26"/>
            <String HPOS="1455" VPOS="4384" HEIGHT="29" WIDTH="140" ID="PAG_19_ST000155" WC="1" CONTENT="coutures" STYLEREFS="TXT_14"/>
            <SP ID="PAG_19_SP000132" HPOS="1595" VPOS="4380" WIDTH="26"/>
            <String HPOS="1621" VPOS="4380" HEIGHT="34" WIDTH="124" ID="PAG_19_ST000156" WC="1" CONTENT="devant," STYLEREFS="TXT_14"/>
          </TextLine>
          <TextLine HPOS="1141" VPOS="4425" HEIGHT="43" WIDTH="635" ID="PAG_19_TL000025" STYLEREFS="TXT_14">
            <String HPOS="1141" VPOS="4430" HEIGHT="37" WIDTH="55" ID="PAG_19_ST000157" WC="1" CONTENT="qui" STYLEREFS="TXT_14"/>
            <SP ID="PAG_19_SP000133" HPOS="1196" VPOS="4431" WIDTH="27"/>
            <String HPOS="1223" VPOS="4431" HEIGHT="37" WIDTH="134" ID="PAG_19_ST000158" WC="1" CONTENT="partent'" STYLEREFS="TXT_14"/>
            <SP ID="PAG_19_SP000134" HPOS="1357" VPOS="4427" WIDTH="22"/>
            <String HPOS="1379" VPOS="4427" HEIGHT="32" WIDTH="55" ID="PAG_19_ST000159" WC="1" CONTENT="des" STYLEREFS="TXT_14"/>
            <SP ID="PAG_19_SP000135" HPOS="1434" VPOS="4426" WIDTH="29"/>
            <String HPOS="1463" VPOS="4426" HEIGHT="40" WIDTH="125" ID="PAG_19_ST000160" WC="1" CONTENT="poches." STYLEREFS="TXT_14"/>
            <SP ID="PAG_19_SP000136" HPOS="1588" VPOS="4425" WIDTH="31"/>
            <String HPOS="1619" VPOS="4425" HEIGHT="31" WIDTH="52" ID="PAG_19_ST000161" WC="1" CONTENT="Les" STYLEREFS="TXT_14"/>
            <SP ID="PAG_19_SP000137" HPOS="1671" VPOS="4436" WIDTH="31"/>
            <String HPOS="1702" VPOS="4436" HEIGHT="19" WIDTH="44" ID="PAG_19_ST000162" WC="1" CONTENT="re-" SUBS_TYPE="HypPart1" SUBS_CONTENT="revers," STYLEREFS="TXT_14"/>
            <HYP HPOS="1746" VPOS="4455" WIDTH="30" CONTENT="-"/>
          </TextLine>
          <TextLine HPOS="1144" VPOS="4470" HEIGHT="42" WIDTH="631" ID="PAG_19_TL000026" STYLEREFS="TXT_14">
            <String HPOS="1144" VPOS="4486" HEIGHT="23" WIDTH="73" ID="PAG_19_ST000163" WC="1" CONTENT="vers," SUBS_TYPE="HypPart2" SUBS_CONTENT="revers," STYLEREFS="TXT_14"/>
            <SP ID="PAG_19_SP000138" HPOS="1217" VPOS="4473" WIDTH="29"/>
            <String HPOS="1246" VPOS="4473" HEIGHT="32" WIDTH="43" ID="PAG_19_ST000164" WC="1" CONTENT="les" STYLEREFS="TXT_14"/>
            <SP ID="PAG_19_SP000139" HPOS="1289" VPOS="4475" WIDTH="23"/>
            <String HPOS="1312" VPOS="4475" HEIGHT="37" WIDTH="230" ID="PAG_19_ST000165" WC="1" CONTENT="parementures" STYLEREFS="TXT_14"/>
            <SP ID="PAG_19_SP000140" HPOS="1542" VPOS="4473" WIDTH="24"/>
            <String HPOS="1566" VPOS="4473" HEIGHT="29" WIDTH="34" ID="PAG_19_ST000166" WC="1" CONTENT="et" STYLEREFS="TXT_14"/>
            <SP ID="PAG_19_SP000141" HPOS="1600" VPOS="4470" WIDTH="24"/>
            <String HPOS="1624" VPOS="4470" HEIGHT="31" WIDTH="44" ID="PAG_19_ST000167" WC="1" CONTENT="les" STYLEREFS="TXT_14"/>
            <SP ID="PAG_19_SP000142" HPOS="1668" VPOS="4481" WIDTH="23"/>
            <String HPOS="1691" VPOS="4481" HEIGHT="27" WIDTH="54" ID="PAG_19_ST000168" WC="1" CONTENT="po-" SUBS_TYPE="HypPart1" SUBS_CONTENT="poches" STYLEREFS="TXT_14"/>
            <HYP HPOS="1745" VPOS="4508" WIDTH="30" CONTENT="-"/>
          </TextLine>
          <TextLine HPOS="1142" VPOS="4515" HEIGHT="38" WIDTH="633" ID="PAG_19_TL000027" STYLEREFS="TXT_14">
            <String HPOS="1142" VPOS="4519" HEIGHT="31" WIDTH="71" ID="PAG_19_ST000169" WC="1" CONTENT="ches" SUBS_TYPE="HypPart2" SUBS_CONTENT="poches" STYLEREFS="TXT_14"/>
            <SP ID="PAG_19_SP000143" HPOS="1213" VPOS="4521" WIDTH="20"/>
            <String HPOS="1233" VPOS="4521" HEIGHT="29" WIDTH="69" ID="PAG_19_ST000170" WC="1" CONTENT="sont" STYLEREFS="TXT_14"/>
            <SP ID="PAG_19_SP000144" HPOS="1302" VPOS="4517" WIDTH="18"/>
            <String HPOS="1320" VPOS="4517" HEIGHT="31" WIDTH="113" ID="PAG_19_ST000171" WC="1" CONTENT="bordés" STYLEREFS="TXT_14"/>
            <SP ID="PAG_19_SP000145" HPOS="1433" VPOS="4517" WIDTH="21"/>
            <String HPOS="1454" VPOS="4517" HEIGHT="31" WIDTH="29" ID="PAG_19_ST000172" WC="0.00" CONTENT="d'" STYLEREFS="TXT_14"/>
            <SP ID="PAG_19_SP000146" HPOS="1483" VPOS="4528" WIDTH="5"/>
            <String HPOS="1488" VPOS="4528" HEIGHT="19" WIDTH="56" ID="PAG_19_ST000173" WC="1" CONTENT="une" STYLEREFS="TXT_14"/>
            <SP ID="PAG_19_SP000147" HPOS="1544" VPOS="4515" WIDTH="20"/>
            <String HPOS="1564" VPOS="4515" HEIGHT="31" WIDTH="116" ID="PAG_19_ST000174" WC="1" CONTENT="double" STYLEREFS="TXT_14"/>
            <SP ID="PAG_19_SP000148" HPOS="1680" VPOS="4515" WIDTH="20"/>
            <String HPOS="1700" VPOS="4515" HEIGHT="38" WIDTH="45" ID="PAG_19_ST000175" WC="0.94" CONTENT="pi-" SUBS_TYPE="HypPart1" SUBS_CONTENT="piqûre." STYLEREFS="TXT_14"/>
            <HYP HPOS="1745" VPOS="4553" WIDTH="30" CONTENT="-"/>
          </TextLine>
          <TextLine HPOS="1142" VPOS="4559" HEIGHT="43" WIDTH="599" ID="PAG_19_TL000028" STYLEREFS="TXT_14">
            <String HPOS="1142" VPOS="4565" HEIGHT="37" WIDTH="85" ID="PAG_19_ST000176" WC="1" CONTENT="qûre." SUBS_TYPE="HypPart2" SUBS_CONTENT="piqûre." STYLEREFS="TXT_14"/>
            <SP ID="PAG_19_SP000149" HPOS="1227" VPOS="4563" WIDTH="39"/>
            <String HPOS="1266" VPOS="4563" HEIGHT="39" WIDTH="34" ID="PAG_19_ST000177" WC="1" CONTENT="(2" STYLEREFS="TXT_14"/>
            <SP ID="PAG_19_SP000150" HPOS="1300" VPOS="4574" WIDTH="35"/>
            <String HPOS="1335" VPOS="4574" HEIGHT="21" WIDTH="38" ID="PAG_19_ST000178" WC="1" CONTENT="m." STYLEREFS="TXT_14"/>
            <SP ID="PAG_19_SP000151" HPOS="1373" VPOS="4563" WIDTH="35"/>
            <String HPOS="1408" VPOS="4563" HEIGHT="30" WIDTH="38" ID="PAG_19_ST000179" WC="1" CONTENT="75" STYLEREFS="TXT_14"/>
            <SP ID="PAG_19_SP000152" HPOS="1446" VPOS="4573" WIDTH="34"/>
            <String HPOS="1480" VPOS="4573" HEIGHT="20" WIDTH="36" ID="PAG_19_ST000180" WC="1" CONTENT="en" STYLEREFS="TXT_14"/>
            <SP ID="PAG_19_SP000153" HPOS="1516" VPOS="4562" WIDTH="39"/>
            <String HPOS="1555" VPOS="4562" HEIGHT="29" WIDTH="11" ID="PAG_19_ST000181" WC="1" CONTENT="1" STYLEREFS="TXT_14"/>
            <SP ID="PAG_19_SP000154" HPOS="1566" VPOS="4571" WIDTH="37"/>
            <String HPOS="1603" VPOS="4571" HEIGHT="20" WIDTH="37" ID="PAG_19_ST000182" WC="1" CONTENT="m." STYLEREFS="TXT_14"/>
            <SP ID="PAG_19_SP000155" HPOS="1640" VPOS="4559" WIDTH="33"/>
            <String HPOS="1673" VPOS="4559" HEIGHT="40" WIDTH="68" ID="PAG_19_ST000183" WC="1" CONTENT="40.)" STYLEREFS="TXT_14"/>
          </TextLine>
        </TextBlock>
        <TextBlock HPOS="1963" VPOS="3969" HEIGHT="623" WIDTH="632" ID="PAG_19_TB000003" LANG="fr" STYLEREFS="TXT_14">
          <TextLine HPOS="1968" VPOS="3969" HEIGHT="41" WIDTH="596" ID="PAG_19_TL000029" STYLEREFS="TXT_14">
            <String HPOS="1968" VPOS="3974" HEIGHT="30" WIDTH="45" ID="PAG_19_ST000184" WC="1" CONTENT="12." STYLEREFS="TXT_14"/>
            <SP ID="PAG_19_SP000156" HPOS="2013" VPOS="3972" WIDTH="24"/>
            <String HPOS="2037" VPOS="3972" HEIGHT="32" WIDTH="47" ID="PAG_19_ST000185" WC="1" CONTENT="Ce" STYLEREFS="TXT_14"/>
            <SP ID="PAG_19_SP000157" HPOS="2084" VPOS="3971" WIDTH="23"/>
            <String HPOS="2107" VPOS="3971" HEIGHT="32" WIDTH="124" ID="PAG_19_ST000186" WC="1" CONTENT="modèle" STYLEREFS="TXT_14"/>
            <SP ID="PAG_19_SP000158" HPOS="2231" VPOS="3973" WIDTH="21"/>
            <String HPOS="2252" VPOS="3973" HEIGHT="37" WIDTH="76" ID="PAG_19_ST000187" WC="1" CONTENT="peut" STYLEREFS="TXT_14"/>
            <SP ID="PAG_19_SP000159" HPOS="2328" VPOS="3970" WIDTH="21"/>
            <String HPOS="2349" VPOS="3970" HEIGHT="31" WIDTH="66" ID="PAG_19_ST000188" WC="1" CONTENT="être" STYLEREFS="TXT_14"/>
            <SP ID="PAG_19_SP000160" HPOS="2415" VPOS="3969" WIDTH="23"/>
            <String HPOS="2438" VPOS="3969" HEIGHT="31" WIDTH="126" ID="PAG_19_ST000189" WC="1" CONTENT="exécuté" STYLEREFS="TXT_14"/>
          </TextLine>
          <TextLine HPOS="1963" VPOS="4014" HEIGHT="42" WIDTH="602" ID="PAG_19_TL000030" STYLEREFS="TXT_14">
            <String HPOS="1963" VPOS="4030" HEIGHT="20" WIDTH="37" ID="PAG_19_ST000190" WC="1" CONTENT="en" STYLEREFS="TXT_14"/>
            <SP ID="PAG_19_SP000161" HPOS="2000" VPOS="4018" WIDTH="23"/>
            <String HPOS="2023" VPOS="4018" HEIGHT="38" WIDTH="88" ID="PAG_19_ST000191" WC="1" CONTENT="drap." STYLEREFS="TXT_14"/>
            <SP ID="PAG_19_SP000162" HPOS="2111" VPOS="4017" WIDTH="25"/>
            <String HPOS="2136" VPOS="4017" HEIGHT="30" WIDTH="24" ID="PAG_19_ST000192" WC="0.99" CONTENT="Il" STYLEREFS="TXT_14"/>
            <SP ID="PAG_19_SP000163" HPOS="2160" VPOS="4016" WIDTH="21"/>
            <String HPOS="2181" VPOS="4016" HEIGHT="31" WIDTH="97" ID="PAG_19_ST000193" WC="1" CONTENT="ferme" STYLEREFS="TXT_14"/>
            <SP ID="PAG_19_SP000164" HPOS="2278" VPOS="4016" WIDTH="21"/>
            <String HPOS="2299" VPOS="4016" HEIGHT="33" WIDTH="124" ID="PAG_19_ST000194" WC="1" CONTENT="devant," STYLEREFS="TXT_14"/>
            <SP ID="PAG_19_SP000165" HPOS="2423" VPOS="4014" WIDTH="22"/>
            <String HPOS="2445" VPOS="4014" HEIGHT="31" WIDTH="79" ID="PAG_19_ST000195" WC="1" CONTENT="bord" STYLEREFS="TXT_14"/>
            <SP ID="PAG_19_SP000166" HPOS="2524" VPOS="4014" WIDTH="21"/>
            <String HPOS="2545" VPOS="4014" HEIGHT="30" WIDTH="20" ID="PAG_19_ST000196" WC="1" CONTENT="à" STYLEREFS="TXT_14"/>
          </TextLine>
          <TextLine HPOS="1963" VPOS="4059" HEIGHT="40" WIDTH="631" ID="PAG_19_TL000031" STYLEREFS="TXT_14">
            <String HPOS="1963" VPOS="4062" HEIGHT="36" WIDTH="88" ID="PAG_19_ST000197" WC="1" CONTENT="bord," STYLEREFS="TXT_14"/>
            <SP ID="PAG_19_SP000167" HPOS="2051" VPOS="4063" WIDTH="26"/>
            <String HPOS="2077" VPOS="4063" HEIGHT="30" WIDTH="20" ID="PAG_19_ST000198" WC="0.99" CONTENT="à" STYLEREFS="TXT_14"/>
            <SP ID="PAG_19_SP000168" HPOS="2097" VPOS="4062" WIDTH="28"/>
            <String HPOS="2125" VPOS="4062" HEIGHT="31" WIDTH="31" ID="PAG_19_ST000199" WC="1" CONTENT="la" STYLEREFS="TXT_14"/>
            <SP ID="PAG_19_SP000169" HPOS="2156" VPOS="4061" WIDTH="25"/>
            <String HPOS="2181" VPOS="4061" HEIGHT="35" WIDTH="98" ID="PAG_19_ST000200" WC="0.99" CONTENT="taille," STYLEREFS="TXT_14"/>
            <SP ID="PAG_19_SP000170" HPOS="2279" VPOS="4072" WIDTH="26"/>
            <String HPOS="2305" VPOS="4072" HEIGHT="27" WIDTH="58" ID="PAG_19_ST000201" WC="1" CONTENT="par" STYLEREFS="TXT_14"/>
            <SP ID="PAG_19_SP000171" HPOS="2363" VPOS="4059" WIDTH="25"/>
            <String HPOS="2388" VPOS="4059" HEIGHT="32" WIDTH="78" ID="PAG_19_ST000202" WC="1" CONTENT="deux" STYLEREFS="TXT_14"/>
            <SP ID="PAG_19_SP000172" HPOS="2466" VPOS="4059" WIDTH="25"/>
            <String HPOS="2491" VPOS="4059" HEIGHT="30" WIDTH="73" ID="PAG_19_ST000203" WC="1" CONTENT="bou-" SUBS_TYPE="HypPart1" SUBS_CONTENT="boutons" STYLEREFS="TXT_14"/>
            <HYP HPOS="2564" VPOS="4089" WIDTH="30" CONTENT="-"/>
          </TextLine>
          <TextLine HPOS="1963" VPOS="4103" HEIGHT="42" WIDTH="601" ID="PAG_19_TL000032" STYLEREFS="TXT_14">
            <String HPOS="1963" VPOS="4111" HEIGHT="28" WIDTH="67" ID="PAG_19_ST000204" WC="1" CONTENT="tons" SUBS_TYPE="HypPart2" SUBS_CONTENT="boutons" STYLEREFS="TXT_14"/>
            <SP ID="PAG_19_SP000173" HPOS="2030" VPOS="4106" WIDTH="28"/>
            <String HPOS="2058" VPOS="4106" HEIGHT="39" WIDTH="148" ID="PAG_19_ST000205" WC="0.99" CONTENT="jumelles." STYLEREFS="TXT_14"/>
            <SP ID="PAG_19_SP000174" HPOS="2206" VPOS="4106" WIDTH="29"/>
            <String HPOS="2235" VPOS="4106" HEIGHT="29" WIDTH="24" ID="PAG_19_ST000206" WC="1" CONTENT="Il" STYLEREFS="TXT_14"/>
            <SP ID="PAG_19_SP000175" HPOS="2259" VPOS="4109" WIDTH="26"/>
            <String HPOS="2285" VPOS="4109" HEIGHT="27" WIDTH="46" ID="PAG_19_ST000207" WC="1" CONTENT="est" STYLEREFS="TXT_14"/>
            <SP ID="PAG_19_SP000176" HPOS="2331" VPOS="4104" WIDTH="27"/>
            <String HPOS="2358" VPOS="4104" HEIGHT="38" WIDTH="99" ID="PAG_19_ST000208" WC="0.99" CONTENT="ajusté" STYLEREFS="TXT_14"/>
            <SP ID="PAG_19_SP000177" HPOS="2457" VPOS="4104" WIDTH="28"/>
            <String HPOS="2485" VPOS="4104" HEIGHT="30" WIDTH="20" ID="PAG_19_ST000209" WC="1" CONTENT="à" STYLEREFS="TXT_14"/>
            <SP ID="PAG_19_SP000178" HPOS="2505" VPOS="4103" WIDTH="28"/>
            <String HPOS="2533" VPOS="4103" HEIGHT="30" WIDTH="31" ID="PAG_19_ST000210" WC="0.94" CONTENT="la" STYLEREFS="TXT_14"/>
          </TextLine>
          <TextLine HPOS="1964" VPOS="4149" HEIGHT="42" WIDTH="601" ID="PAG_19_TL000033" STYLEREFS="TXT_14">
            <String HPOS="1964" VPOS="4152" HEIGHT="31" WIDTH="89" ID="PAG_19_ST000211" WC="1" CONTENT="taille" STYLEREFS="TXT_14"/>
            <SP ID="PAG_19_SP000179" HPOS="2053" VPOS="4163" WIDTH="20"/>
            <String HPOS="2073" VPOS="4163" HEIGHT="28" WIDTH="58" ID="PAG_19_ST000212" WC="1" CONTENT="par" STYLEREFS="TXT_14"/>
            <SP ID="PAG_19_SP000180" HPOS="2131" VPOS="4151" WIDTH="22"/>
            <String HPOS="2153" VPOS="4151" HEIGHT="31" WIDTH="43" ID="PAG_19_ST000213" WC="1" CONTENT="les" STYLEREFS="TXT_14"/>
            <SP ID="PAG_19_SP000181" HPOS="2196" VPOS="4151" WIDTH="21"/>
            <String HPOS="2217" VPOS="4151" HEIGHT="37" WIDTH="157" ID="PAG_19_ST000214" WC="1" CONTENT="découpes" STYLEREFS="TXT_14"/>
            <SP ID="PAG_19_SP000182" HPOS="2374" VPOS="4149" WIDTH="21"/>
            <String HPOS="2395" VPOS="4149" HEIGHT="31" WIDTH="39" ID="PAG_19_ST000215" WC="1" CONTENT="du" STYLEREFS="TXT_14"/>
            <SP ID="PAG_19_SP000183" HPOS="2434" VPOS="4149" WIDTH="21"/>
            <String HPOS="2455" VPOS="4149" HEIGHT="30" WIDTH="56" ID="PAG_19_ST000216" WC="1" CONTENT="dos" STYLEREFS="TXT_14"/>
            <SP ID="PAG_19_SP000184" HPOS="2511" VPOS="4150" WIDTH="21"/>
            <String HPOS="2532" VPOS="4150" HEIGHT="29" WIDTH="33" ID="PAG_19_ST000217" WC="1" CONTENT="et" STYLEREFS="TXT_14"/>
          </TextLine>
          <TextLine HPOS="1963" VPOS="4193" HEIGHT="35" WIDTH="601" ID="PAG_19_TL000034" STYLEREFS="TXT_14">
            <String HPOS="1963" VPOS="4197" HEIGHT="31" WIDTH="56" ID="PAG_19_ST000218" WC="1" CONTENT="des" STYLEREFS="TXT_14"/>
            <SP ID="PAG_19_SP000185" HPOS="2019" VPOS="4197" WIDTH="29"/>
            <String HPOS="2048" VPOS="4197" HEIGHT="30" WIDTH="137" ID="PAG_19_ST000219" WC="1" CONTENT="devants." STYLEREFS="TXT_14"/>
            <SP ID="PAG_19_SP000186" HPOS="2185" VPOS="4195" WIDTH="31"/>
            <String HPOS="2216" VPOS="4195" HEIGHT="31" WIDTH="61" ID="PAG_19_ST000220" WC="1" CONTENT="Col" STYLEREFS="TXT_14"/>
            <SP ID="PAG_19_SP000187" HPOS="2277" VPOS="4198" WIDTH="29"/>
            <String HPOS="2306" VPOS="4198" HEIGHT="27" WIDTH="33" ID="PAG_19_ST000221" WC="1" CONTENT="et" STYLEREFS="TXT_14"/>
            <SP ID="PAG_19_SP000188" HPOS="2339" VPOS="4205" WIDTH="28"/>
            <String HPOS="2367" VPOS="4205" HEIGHT="20" WIDTH="99" ID="PAG_19_ST000222" WC="1" CONTENT="revers" STYLEREFS="TXT_14"/>
            <SP ID="PAG_19_SP000189" HPOS="2466" VPOS="4193" WIDTH="30"/>
            <String HPOS="2496" VPOS="4193" HEIGHT="30" WIDTH="68" ID="PAG_19_ST000223" WC="1" CONTENT="bor-" STYLEREFS="TXT_14"/>
          </TextLine>
          <TextLine HPOS="2575" VPOS="4230" HEIGHT="9" WIDTH="9" ID="PAG_19_TL000035" STYLEREFS="TXT_14">
            <String HPOS="2575" VPOS="4230" HEIGHT="9" WIDTH="9" ID="PAG_19_ST000224" WC="0.00" CONTENT="^" STYLEREFS="TXT_14"/>
          </TextLine>
          <TextLine HPOS="1964" VPOS="4238" HEIGHT="40" WIDTH="631" ID="PAG_19_TL000036" STYLEREFS="TXT_14">
            <String HPOS="1964" VPOS="4242" HEIGHT="31" WIDTH="55" ID="PAG_19_ST000225" WC="0.75" CONTENT="des" STYLEREFS="TXT_14"/>
            <SP ID="PAG_19_SP000190" HPOS="2019" VPOS="4241" WIDTH="34"/>
            <String HPOS="2053" VPOS="4241" HEIGHT="31" WIDTH="90" ID="PAG_19_ST000226" WC="1" CONTENT="d'une" STYLEREFS="TXT_14"/>
            <SP ID="PAG_19_SP000191" HPOS="2143" VPOS="4240" WIDTH="34"/>
            <String HPOS="2177" VPOS="4240" HEIGHT="31" WIDTH="116" ID="PAG_19_ST000227" WC="1" CONTENT="double" STYLEREFS="TXT_14"/>
            <SP ID="PAG_19_SP000192" HPOS="2293" VPOS="4239" WIDTH="31"/>
            <String HPOS="2324" VPOS="4239" HEIGHT="39" WIDTH="119" ID="PAG_19_ST000228" WC="1" CONTENT="piqûre." STYLEREFS="TXT_14"/>
            <SP ID="PAG_19_SP000193" HPOS="2443" VPOS="4238" WIDTH="40"/>
            <String HPOS="2483" VPOS="4238" HEIGHT="39" WIDTH="82" ID="PAG_19_ST000229" WC="0.94" CONTENT="(Mé-" SUBS_TYPE="HypPart1" SUBS_CONTENT="(Métrage" STYLEREFS="TXT_14"/>
            <HYP HPOS="2565" VPOS="4277" WIDTH="30" CONTENT="-"/>
          </TextLine>
          <TextLine HPOS="1965" VPOS="4282" HEIGHT="41" WIDTH="601" ID="PAG_19_TL000037" STYLEREFS="TXT_14">
            <String HPOS="1965" VPOS="4289" HEIGHT="34" WIDTH="89" ID="PAG_19_ST000230" WC="1" CONTENT="trage" SUBS_TYPE="HypPart2" SUBS_CONTENT="(Métrage" STYLEREFS="TXT_14"/>
            <SP ID="PAG_19_SP000194" HPOS="2054" VPOS="4297" WIDTH="24"/>
            <String HPOS="2078" VPOS="4297" HEIGHT="20" WIDTH="10" ID="PAG_19_ST000231" WC="1" CONTENT=":" STYLEREFS="TXT_14"/>
            <SP ID="PAG_19_SP000195" HPOS="2088" VPOS="4286" WIDTH="21"/>
            <String HPOS="2109" VPOS="4286" HEIGHT="30" WIDTH="19" ID="PAG_19_ST000232" WC="1" CONTENT="2" STYLEREFS="TXT_14"/>
            <SP ID="PAG_19_SP000196" HPOS="2128" VPOS="4297" WIDTH="23"/>
            <String HPOS="2151" VPOS="4297" HEIGHT="19" WIDTH="36" ID="PAG_19_ST000233" WC="1" CONTENT="m." STYLEREFS="TXT_14"/>
            <SP ID="PAG_19_SP000197" HPOS="2187" VPOS="4286" WIDTH="22"/>
            <String HPOS="2209" VPOS="4286" HEIGHT="29" WIDTH="40" ID="PAG_19_ST000234" WC="1" CONTENT="85" STYLEREFS="TXT_14"/>
            <SP ID="PAG_19_SP000198" HPOS="2249" VPOS="4296" WIDTH="24"/>
            <String HPOS="2273" VPOS="4296" HEIGHT="19" WIDTH="36" ID="PAG_19_ST000235" WC="1" CONTENT="en" STYLEREFS="TXT_14"/>
            <SP ID="PAG_19_SP000199" HPOS="2309" VPOS="4285" WIDTH="27"/>
            <String HPOS="2336" VPOS="4285" HEIGHT="28" WIDTH="11" ID="PAG_19_ST000236" WC="1" CONTENT="1" STYLEREFS="TXT_14"/>
            <SP ID="PAG_19_SP000200" HPOS="2347" VPOS="4295" WIDTH="26"/>
            <String HPOS="2373" VPOS="4295" HEIGHT="19" WIDTH="36" ID="PAG_19_ST000237" WC="1" CONTENT="m." STYLEREFS="TXT_14"/>
            <SP ID="PAG_19_SP000201" HPOS="2409" VPOS="4282" WIDTH="22"/>
            <String HPOS="2431" VPOS="4282" HEIGHT="40" WIDTH="67" ID="PAG_19_ST000238" WC="1" CONTENT="40.)" STYLEREFS="TXT_14"/>
            <SP ID="PAG_19_SP000202" HPOS="2498" VPOS="4300" WIDTH="26"/>
            <String HPOS="2524" VPOS="4300" HEIGHT="5" WIDTH="42" ID="PAG_19_ST000239" WC="0.76" CONTENT="—" STYLEREFS="TXT_14"/>
          </TextLine>
          <TextLine HPOS="1968" VPOS="4327" HEIGHT="41" WIDTH="597" ID="PAG_19_TL000038" STYLEREFS="TXT_14">
            <String HPOS="1968" VPOS="4332" HEIGHT="30" WIDTH="45" ID="PAG_19_ST000240" WC="1" CONTENT="13." STYLEREFS="TXT_14"/>
            <SP ID="PAG_19_SP000203" HPOS="2013" VPOS="4330" WIDTH="27"/>
            <String HPOS="2040" VPOS="4330" HEIGHT="31" WIDTH="129" ID="PAG_19_ST000241" WC="1" CONTENT="Modèle" STYLEREFS="TXT_14"/>
            <SP ID="PAG_19_SP000204" HPOS="2169" VPOS="4329" WIDTH="25"/>
            <String HPOS="2194" VPOS="4329" HEIGHT="39" WIDTH="109" ID="PAG_19_ST000242" WC="0.99" CONTENT="simple" STYLEREFS="TXT_14"/>
            <SP ID="PAG_19_SP000205" HPOS="2303" VPOS="4328" WIDTH="26"/>
            <String HPOS="2329" VPOS="4328" HEIGHT="31" WIDTH="96" ID="PAG_19_ST000243" WC="1" CONTENT="fermé" STYLEREFS="TXT_14"/>
            <SP ID="PAG_19_SP000206" HPOS="2425" VPOS="4327" WIDTH="26"/>
            <String HPOS="2451" VPOS="4327" HEIGHT="31" WIDTH="114" ID="PAG_19_ST000244" WC="1" CONTENT="devant" STYLEREFS="TXT_14"/>
          </TextLine>
          <TextLine HPOS="1964" VPOS="4371" HEIGHT="43" WIDTH="630" ID="PAG_19_TL000039" STYLEREFS="TXT_14">
            <String HPOS="1964" VPOS="4376" HEIGHT="38" WIDTH="119" ID="PAG_19_ST000245" WC="0.99" CONTENT="jusqu'à" STYLEREFS="TXT_14"/>
            <SP ID="PAG_19_SP000207" HPOS="2083" VPOS="4375" WIDTH="29"/>
            <String HPOS="2112" VPOS="4375" HEIGHT="30" WIDTH="31" ID="PAG_19_ST000246" WC="1" CONTENT="la" STYLEREFS="TXT_14"/>
            <SP ID="PAG_19_SP000208" HPOS="2143" VPOS="4374" WIDTH="28"/>
            <String HPOS="2171" VPOS="4374" HEIGHT="31" WIDTH="88" ID="PAG_19_ST000247" WC="0.99" CONTENT="taille" STYLEREFS="TXT_14"/>
            <SP ID="PAG_19_SP000209" HPOS="2259" VPOS="4384" WIDTH="28"/>
            <String HPOS="2287" VPOS="4384" HEIGHT="28" WIDTH="58" ID="PAG_19_ST000248" WC="1" CONTENT="par" STYLEREFS="TXT_14"/>
            <SP ID="PAG_19_SP000210" HPOS="2345" VPOS="4384" WIDTH="27"/>
            <String HPOS="2372" VPOS="4384" HEIGHT="20" WIDTH="56" ID="PAG_19_ST000249" WC="1" CONTENT="une" STYLEREFS="TXT_14"/>
            <SP ID="PAG_19_SP000211" HPOS="2428" VPOS="4371" WIDTH="27"/>
            <String HPOS="2455" VPOS="4371" HEIGHT="32" WIDTH="109" ID="PAG_19_ST000250" WC="1" CONTENT="ferme-" SUBS_TYPE="HypPart1" SUBS_CONTENT="fermeture" STYLEREFS="TXT_14"/>
            <HYP HPOS="2564" VPOS="4403" WIDTH="30" CONTENT="-"/>
          </TextLine>
          <TextLine HPOS="1965" VPOS="4417" HEIGHT="34" WIDTH="597" ID="PAG_19_TL000040" STYLEREFS="TXT_14">
            <String HPOS="1965" VPOS="4424" HEIGHT="27" WIDTH="66" ID="PAG_19_ST000251" WC="1" CONTENT="ture" SUBS_TYPE="HypPart2" SUBS_CONTENT="fermeture" STYLEREFS="TXT_14"/>
            <SP ID="PAG_19_SP000212" HPOS="2031" VPOS="4419" WIDTH="31"/>
            <String HPOS="2062" VPOS="4419" HEIGHT="31" WIDTH="106" ID="PAG_19_ST000252" WC="1" CONTENT="éclair." STYLEREFS="TXT_14"/>
            <SP ID="PAG_19_SP000213" HPOS="2168" VPOS="4419" WIDTH="34"/>
            <String HPOS="2202" VPOS="4419" HEIGHT="30" WIDTH="120" ID="PAG_19_ST000253" WC="1" CONTENT="Devant" STYLEREFS="TXT_14"/>
            <SP ID="PAG_19_SP000214" HPOS="2322" VPOS="4421" WIDTH="32"/>
            <String HPOS="2354" VPOS="4421" HEIGHT="27" WIDTH="33" ID="PAG_19_ST000254" WC="1" CONTENT="et" STYLEREFS="TXT_14"/>
            <SP ID="PAG_19_SP000215" HPOS="2387" VPOS="4417" WIDTH="31"/>
            <String HPOS="2418" VPOS="4417" HEIGHT="34" WIDTH="144" ID="PAG_19_ST000255" WC="0.99" CONTENT="derrière," STYLEREFS="TXT_14"/>
          </TextLine>
          <TextLine HPOS="1965" VPOS="4461" HEIGHT="41" WIDTH="629" ID="PAG_19_TL000041" STYLEREFS="TXT_14">
            <String HPOS="1965" VPOS="4465" HEIGHT="31" WIDTH="78" ID="PAG_19_ST000256" WC="1" CONTENT="deux" STYLEREFS="TXT_14"/>
            <SP ID="PAG_19_SP000216" HPOS="2043" VPOS="4464" WIDTH="24"/>
            <String HPOS="2067" VPOS="4464" HEIGHT="38" WIDTH="157" ID="PAG_19_ST000257" WC="1" CONTENT="découpes" STYLEREFS="TXT_14"/>
            <SP ID="PAG_19_SP000217" HPOS="2224" VPOS="4474" WIDTH="24"/>
            <String HPOS="2248" VPOS="4474" HEIGHT="20" WIDTH="36" ID="PAG_19_ST000258" WC="1" CONTENT="en" STYLEREFS="TXT_14"/>
            <SP ID="PAG_19_SP000218" HPOS="2284" VPOS="4462" WIDTH="26"/>
            <String HPOS="2310" VPOS="4462" HEIGHT="31" WIDTH="97" ID="PAG_19_ST000259" WC="1" CONTENT="forme" STYLEREFS="TXT_14"/>
            <SP ID="PAG_19_SP000219" HPOS="2407" VPOS="4461" WIDTH="24"/>
            <String HPOS="2431" VPOS="4461" HEIGHT="32" WIDTH="40" ID="PAG_19_ST000260" WC="1" CONTENT="de" STYLEREFS="TXT_14"/>
            <SP ID="PAG_19_SP000220" HPOS="2471" VPOS="4462" WIDTH="24"/>
            <String HPOS="2495" VPOS="4462" HEIGHT="30" WIDTH="69" ID="PAG_19_ST000261" WC="1" CONTENT="che-" SUBS_TYPE="HypPart1" SUBS_CONTENT="chevron" STYLEREFS="TXT_14"/>
            <HYP HPOS="2564" VPOS="4492" WIDTH="30" CONTENT="-"/>
          </TextLine>
          <TextLine HPOS="1965" VPOS="4505" HEIGHT="42" WIDTH="629" ID="PAG_19_TL000042" STYLEREFS="TXT_14">
            <String HPOS="1965" VPOS="4521" HEIGHT="19" WIDTH="71" ID="PAG_19_ST000262" WC="1" CONTENT="vron" SUBS_TYPE="HypPart2" SUBS_CONTENT="chevron" STYLEREFS="TXT_14"/>
            <SP ID="PAG_19_SP000221" HPOS="2036" VPOS="4509" WIDTH="27"/>
            <String HPOS="2063" VPOS="4509" HEIGHT="38" WIDTH="168" ID="PAG_19_ST000263" WC="1" CONTENT="garnissent" STYLEREFS="TXT_14"/>
            <SP ID="PAG_19_SP000222" HPOS="2231" VPOS="4508" WIDTH="28"/>
            <String HPOS="2259" VPOS="4508" HEIGHT="30" WIDTH="29" ID="PAG_19_ST000264" WC="1" CONTENT="le" STYLEREFS="TXT_14"/>
            <SP ID="PAG_19_SP000223" HPOS="2288" VPOS="4517" WIDTH="25"/>
            <String HPOS="2313" VPOS="4517" HEIGHT="27" WIDTH="138" ID="PAG_19_ST000265" WC="1" CONTENT="corsage." STYLEREFS="TXT_14"/>
            <SP ID="PAG_19_SP000224" HPOS="2451" VPOS="4505" WIDTH="31"/>
            <String HPOS="2482" VPOS="4505" HEIGHT="40" WIDTH="82" ID="PAG_19_ST000266" WC="1" CONTENT="(Mé-" SUBS_TYPE="HypPart1" SUBS_CONTENT="(Métrage" STYLEREFS="TXT_14"/>
            <HYP HPOS="2564" VPOS="4545" WIDTH="30" CONTENT="-"/>
          </TextLine>
          <TextLine HPOS="1966" VPOS="4549" HEIGHT="43" WIDTH="593" ID="PAG_19_TL000043" STYLEREFS="TXT_14">
            <String HPOS="1966" VPOS="4557" HEIGHT="35" WIDTH="89" ID="PAG_19_ST000267" WC="1" CONTENT="trage" SUBS_TYPE="HypPart2" SUBS_CONTENT="(Métrage" STYLEREFS="TXT_14"/>
            <SP ID="PAG_19_SP000225" HPOS="2055" VPOS="4565" WIDTH="22"/>
            <String HPOS="2077" VPOS="4565" HEIGHT="19" WIDTH="10" ID="PAG_19_ST000268" WC="1" CONTENT=":" STYLEREFS="TXT_14"/>
            <SP ID="PAG_19_SP000226" HPOS="2087" VPOS="4554" WIDTH="30"/>
            <String HPOS="2117" VPOS="4554" HEIGHT="30" WIDTH="19" ID="PAG_19_ST000269" WC="1" CONTENT="2" STYLEREFS="TXT_14"/>
            <SP ID="PAG_19_SP000227" HPOS="2136" VPOS="4564" WIDTH="32"/>
            <String HPOS="2168" VPOS="4564" HEIGHT="19" WIDTH="37" ID="PAG_19_ST000270" WC="1" CONTENT="m." STYLEREFS="TXT_14"/>
            <SP ID="PAG_19_SP000228" HPOS="2205" VPOS="4553" WIDTH="33"/>
            <String HPOS="2238" VPOS="4553" HEIGHT="30" WIDTH="39" ID="PAG_19_ST000271" WC="1" CONTENT="70" STYLEREFS="TXT_14"/>
            <SP ID="PAG_19_SP000229" HPOS="2277" VPOS="4562" WIDTH="30"/>
            <String HPOS="2307" VPOS="4562" HEIGHT="21" WIDTH="36" ID="PAG_19_ST000272" WC="1" CONTENT="en" STYLEREFS="TXT_14"/>
            <SP ID="PAG_19_SP000230" HPOS="2343" VPOS="4552" WIDTH="36"/>
            <String HPOS="2379" VPOS="4552" HEIGHT="29" WIDTH="12" ID="PAG_19_ST000273" WC="1" CONTENT="1" STYLEREFS="TXT_14"/>
            <SP ID="PAG_19_SP000231" HPOS="2391" VPOS="4563" WIDTH="34"/>
            <String HPOS="2425" VPOS="4563" HEIGHT="19" WIDTH="36" ID="PAG_19_ST000274" WC="1" CONTENT="m." STYLEREFS="TXT_14"/>
            <SP ID="PAG_19_SP000232" HPOS="2461" VPOS="4549" WIDTH="30"/>
            <String HPOS="2491" VPOS="4549" HEIGHT="41" WIDTH="68" ID="PAG_19_ST000275" WC="1" CONTENT="40.)" STYLEREFS="TXT_14"/>
          </TextLine>
        </TextBlock>
        <TextBlock HPOS="2744" VPOS="3964" HEIGHT="620" WIDTH="663" ID="PAG_19_TB000004" LANG="fr" STYLEREFS="TXT_14">
          <TextLine HPOS="2786" VPOS="3964" HEIGHT="38" WIDTH="591" ID="PAG_19_TL000044" STYLEREFS="TXT_14">
            <String HPOS="2786" VPOS="3969" HEIGHT="30" WIDTH="44" ID="PAG_19_ST000276" WC="1" CONTENT="14." STYLEREFS="TXT_14"/>
            <SP ID="PAG_19_SP000233" HPOS="2830" VPOS="3966" WIDTH="26"/>
            <String HPOS="2856" VPOS="3966" HEIGHT="33" WIDTH="47" ID="PAG_19_ST000277" WC="1" CONTENT="Ce" STYLEREFS="TXT_14"/>
            <SP ID="PAG_19_SP000234" HPOS="2903" VPOS="3966" WIDTH="24"/>
            <String HPOS="2927" VPOS="3966" HEIGHT="32" WIDTH="80" ID="PAG_19_ST000278" WC="1" CONTENT="beau" STYLEREFS="TXT_14"/>
            <SP ID="PAG_19_SP000235" HPOS="3007" VPOS="3969" WIDTH="23"/>
            <String HPOS="3030" VPOS="3969" HEIGHT="28" WIDTH="142" ID="PAG_19_ST000279" WC="1" CONTENT="manteau" STYLEREFS="TXT_14"/>
            <SP ID="PAG_19_SP000236" HPOS="3172" VPOS="3964" WIDTH="22"/>
            <String HPOS="3194" VPOS="3964" HEIGHT="32" WIDTH="41" ID="PAG_19_ST000280" WC="1" CONTENT="de" STYLEREFS="TXT_14"/>
            <SP ID="PAG_19_SP000237" HPOS="3235" VPOS="3975" WIDTH="24"/>
            <String HPOS="3259" VPOS="3975" HEIGHT="27" WIDTH="118" ID="PAG_19_ST000281" WC="1" CONTENT="voyage" STYLEREFS="TXT_14"/>
          </TextLine>
          <TextLine HPOS="2780" VPOS="4010" HEIGHT="39" WIDTH="596" ID="PAG_19_TL000045" STYLEREFS="TXT_14">
            <String HPOS="2780" VPOS="4012" HEIGHT="31" WIDTH="83" ID="PAG_19_ST000282" WC="1" CONTENT="droit" STYLEREFS="TXT_14"/>
            <SP ID="PAG_19_SP000238" HPOS="2863" VPOS="4015" WIDTH="36"/>
            <String HPOS="2899" VPOS="4015" HEIGHT="28" WIDTH="34" ID="PAG_19_ST000283" WC="1" CONTENT="et" STYLEREFS="TXT_14"/>
            <SP ID="PAG_19_SP000239" HPOS="2933" VPOS="4010" WIDTH="34"/>
            <String HPOS="2967" VPOS="4010" HEIGHT="33" WIDTH="195" ID="PAG_19_ST000284" WC="1" CONTENT="confortable" STYLEREFS="TXT_14"/>
            <SP ID="PAG_19_SP000240" HPOS="3162" VPOS="4012" WIDTH="36"/>
            <String HPOS="3198" VPOS="4012" HEIGHT="37" WIDTH="76" ID="PAG_19_ST000285" WC="1" CONTENT="peut" STYLEREFS="TXT_14"/>
            <SP ID="PAG_19_SP000241" HPOS="3274" VPOS="4010" WIDTH="36"/>
            <String HPOS="3310" VPOS="4010" HEIGHT="30" WIDTH="66" ID="PAG_19_ST000286" WC="1" CONTENT="être" STYLEREFS="TXT_14"/>
          </TextLine>
          <TextLine HPOS="2780" VPOS="4054" HEIGHT="34" WIDTH="596" ID="PAG_19_TL000046" STYLEREFS="TXT_14">
            <String HPOS="2780" VPOS="4057" HEIGHT="31" WIDTH="126" ID="PAG_19_ST000287" WC="1" CONTENT="exécuté" STYLEREFS="TXT_14"/>
            <SP ID="PAG_19_SP000242" HPOS="2906" VPOS="4068" WIDTH="23"/>
            <String HPOS="2929" VPOS="4068" HEIGHT="20" WIDTH="37" ID="PAG_19_ST000288" WC="1" CONTENT="en" STYLEREFS="TXT_14"/>
            <SP ID="PAG_19_SP000243" HPOS="2966" VPOS="4055" WIDTH="24"/>
            <String HPOS="2990" VPOS="4055" HEIGHT="32" WIDTH="99" ID="PAG_19_ST000289" WC="1" CONTENT="tweed" STYLEREFS="TXT_14"/>
            <SP ID="PAG_19_SP000244" HPOS="3089" VPOS="4066" WIDTH="22"/>
            <String HPOS="3111" VPOS="4066" HEIGHT="20" WIDTH="40" ID="PAG_19_ST000290" WC="1" CONTENT="ou" STYLEREFS="TXT_14"/>
            <SP ID="PAG_19_SP000245" HPOS="3151" VPOS="4054" WIDTH="21"/>
            <String HPOS="3172" VPOS="4054" HEIGHT="31" WIDTH="70" ID="PAG_19_ST000291" WC="1" CONTENT="bien" STYLEREFS="TXT_14"/>
            <SP ID="PAG_19_SP000246" HPOS="3242" VPOS="4065" WIDTH="23"/>
            <String HPOS="3265" VPOS="4065" HEIGHT="20" WIDTH="111" ID="PAG_19_ST000292" WC="1" CONTENT="encore" STYLEREFS="TXT_14"/>
          </TextLine>
          <TextLine HPOS="2780" VPOS="4098" HEIGHT="43" WIDTH="627" ID="PAG_19_TL000047" STYLEREFS="TXT_14">
            <String HPOS="2780" VPOS="4113" HEIGHT="20" WIDTH="36" ID="PAG_19_ST000293" WC="1" CONTENT="en" STYLEREFS="TXT_14"/>
            <SP ID="PAG_19_SP000247" HPOS="2816" VPOS="4101" WIDTH="20"/>
            <String HPOS="2836" VPOS="4101" HEIGHT="40" WIDTH="69" ID="PAG_19_ST000294" WC="0.99" CONTENT="poil" STYLEREFS="TXT_14"/>
            <SP ID="PAG_19_SP000248" HPOS="2905" VPOS="4100" WIDTH="18"/>
            <String HPOS="2923" VPOS="4100" HEIGHT="32" WIDTH="40" ID="PAG_19_ST000295" WC="1" CONTENT="de" STYLEREFS="TXT_14"/>
            <SP ID="PAG_19_SP000249" HPOS="2963" VPOS="4101" WIDTH="19"/>
            <String HPOS="2982" VPOS="4101" HEIGHT="30" WIDTH="147" ID="PAG_19_ST000296" WC="1" CONTENT="chameau" STYLEREFS="TXT_14"/>
            <SP ID="PAG_19_SP000250" HPOS="3129" VPOS="4111" WIDTH="18"/>
            <String HPOS="3147" VPOS="4111" HEIGHT="19" WIDTH="38" ID="PAG_19_ST000297" WC="1" CONTENT="ou" STYLEREFS="TXT_14"/>
            <SP ID="PAG_19_SP000251" HPOS="3185" VPOS="4110" WIDTH="20"/>
            <String HPOS="3205" VPOS="4110" HEIGHT="20" WIDTH="37" ID="PAG_19_ST000298" WC="1" CONTENT="en" STYLEREFS="TXT_14"/>
            <SP ID="PAG_19_SP000252" HPOS="3242" VPOS="4098" WIDTH="19"/>
            <String HPOS="3261" VPOS="4098" HEIGHT="38" WIDTH="116" ID="PAG_19_ST000299" WC="0.96" CONTENT="Teddy-" SUBS_TYPE="HypPart1" SUBS_CONTENT="Teddy-bear." STYLEREFS="TXT_14"/>
            <HYP HPOS="3377" VPOS="4136" WIDTH="30" CONTENT="-"/>
          </TextLine>
          <TextLine HPOS="2780" VPOS="4145" HEIGHT="32" WIDTH="626" ID="PAG_19_TL000048" STYLEREFS="TXT_14">
            <String HPOS="2780" VPOS="4146" HEIGHT="31" WIDTH="85" ID="PAG_19_ST000300" WC="1" CONTENT="bear." SUBS_TYPE="HypPart2" SUBS_CONTENT="Teddy-bear." STYLEREFS="TXT_14"/>
            <SP ID="PAG_19_SP000253" HPOS="2865" VPOS="4145" WIDTH="29"/>
            <String HPOS="2894" VPOS="4145" HEIGHT="32" WIDTH="52" ID="PAG_19_ST000301" WC="1" CONTENT="Les" STYLEREFS="TXT_14"/>
            <SP ID="PAG_19_SP000254" HPOS="2946" VPOS="4145" WIDTH="29"/>
            <String HPOS="2975" VPOS="4145" HEIGHT="31" WIDTH="139" ID="PAG_19_ST000302" WC="1" CONTENT="manches" STYLEREFS="TXT_14"/>
            <SP ID="PAG_19_SP000255" HPOS="3114" VPOS="4147" WIDTH="27"/>
            <String HPOS="3141" VPOS="4147" HEIGHT="28" WIDTH="54" ID="PAG_19_ST000303" WC="1" CONTENT="ont" STYLEREFS="TXT_14"/>
            <SP ID="PAG_19_SP000256" HPOS="3195" VPOS="4155" WIDTH="28"/>
            <String HPOS="3223" VPOS="4155" HEIGHT="19" WIDTH="56" ID="PAG_19_ST000304" WC="1" CONTENT="une" STYLEREFS="TXT_14"/>
            <SP ID="PAG_19_SP000257" HPOS="3279" VPOS="4154" WIDTH="28"/>
            <String HPOS="3307" VPOS="4154" HEIGHT="20" WIDTH="69" ID="PAG_19_ST000305" WC="1" CONTENT="cou-" SUBS_TYPE="HypPart1" SUBS_CONTENT="couture" STYLEREFS="TXT_14"/>
            <HYP HPOS="3376" VPOS="4174" WIDTH="30" CONTENT="-"/>
          </TextLine>
          <TextLine HPOS="2782" VPOS="4189" HEIGHT="33" WIDTH="595" ID="PAG_19_TL000049" STYLEREFS="TXT_14">
            <String HPOS="2782" VPOS="4194" HEIGHT="28" WIDTH="64" ID="PAG_19_ST000306" WC="0.97" CONTENT="ture" SUBS_TYPE="HypPart2" SUBS_CONTENT="couture" STYLEREFS="TXT_14"/>
            <SP ID="PAG_19_SP000258" HPOS="2846" VPOS="4202" WIDTH="23"/>
            <String HPOS="2869" VPOS="4202" HEIGHT="20" WIDTH="47" ID="PAG_19_ST000307" WC="1" CONTENT="sur" STYLEREFS="TXT_14"/>
            <SP ID="PAG_19_SP000259" HPOS="2916" VPOS="4190" WIDTH="25"/>
            <String HPOS="2941" VPOS="4190" HEIGHT="31" WIDTH="29" ID="PAG_19_ST000308" WC="1" CONTENT="le" STYLEREFS="TXT_14"/>
            <SP ID="PAG_19_SP000260" HPOS="2970" VPOS="4190" WIDTH="23"/>
            <String HPOS="2993" VPOS="4190" HEIGHT="31" WIDTH="102" ID="PAG_19_ST000309" WC="1" CONTENT="dessus" STYLEREFS="TXT_14"/>
            <SP ID="PAG_19_SP000261" HPOS="3095" VPOS="4189" WIDTH="24"/>
            <String HPOS="3119" VPOS="4189" HEIGHT="31" WIDTH="41" ID="PAG_19_ST000310" WC="1" CONTENT="du" STYLEREFS="TXT_14"/>
            <SP ID="PAG_19_SP000262" HPOS="3160" VPOS="4189" WIDTH="23"/>
            <String HPOS="3183" VPOS="4189" HEIGHT="30" WIDTH="69" ID="PAG_19_ST000311" WC="1" CONTENT="bras" STYLEREFS="TXT_14"/>
            <SP ID="PAG_19_SP000263" HPOS="3252" VPOS="4191" WIDTH="23"/>
            <String HPOS="3275" VPOS="4191" HEIGHT="28" WIDTH="33" ID="PAG_19_ST000312" WC="1" CONTENT="et" STYLEREFS="TXT_14"/>
            <SP ID="PAG_19_SP000264" HPOS="3308" VPOS="4198" WIDTH="22"/>
            <String HPOS="3330" VPOS="4198" HEIGHT="21" WIDTH="47" ID="PAG_19_ST000313" WC="1" CONTENT="sur" STYLEREFS="TXT_14"/>
          </TextLine>
          <TextLine HPOS="2781" VPOS="4232" HEIGHT="42" WIDTH="624" ID="PAG_19_TL000050" STYLEREFS="TXT_14">
            <String HPOS="2781" VPOS="4235" HEIGHT="39" WIDTH="134" ID="PAG_19_ST000314" WC="0.99" CONTENT="l'épaule" STYLEREFS="TXT_14"/>
            <SP ID="PAG_19_SP000265" HPOS="2915" VPOS="4237" WIDTH="24"/>
            <String HPOS="2939" VPOS="4237" HEIGHT="28" WIDTH="32" ID="PAG_19_ST000315" WC="1" CONTENT="et" STYLEREFS="TXT_14"/>
            <SP ID="PAG_19_SP000266" HPOS="2971" VPOS="4233" WIDTH="16"/>
            <String HPOS="2987" VPOS="4233" HEIGHT="32" WIDTH="75" ID="PAG_19_ST000316" WC="0.83" CONTENT="*font" STYLEREFS="TXT_14"/>
            <SP ID="PAG_19_SP000267" HPOS="3062" VPOS="4244" WIDTH="21"/>
            <String HPOS="3083" VPOS="4244" HEIGHT="28" WIDTH="89" ID="PAG_19_ST000317" WC="1" CONTENT="corps" STYLEREFS="TXT_14"/>
            <SP ID="PAG_19_SP000268" HPOS="3172" VPOS="4243" WIDTH="23"/>
            <String HPOS="3195" VPOS="4243" HEIGHT="21" WIDTH="75" ID="PAG_19_ST000318" WC="1" CONTENT="avec" STYLEREFS="TXT_14"/>
            <SP ID="PAG_19_SP000269" HPOS="3270" VPOS="4232" WIDTH="25"/>
            <String HPOS="3295" VPOS="4232" HEIGHT="31" WIDTH="80" ID="PAG_19_ST000319" WC="0.93" CONTENT="l'em-" SUBS_TYPE="HypPart1" SUBS_CONTENT="l'empiècement" STYLEREFS="TXT_14"/>
            <HYP HPOS="3375" VPOS="4263" WIDTH="30" CONTENT="-"/>
          </TextLine>
          <TextLine HPOS="2778" VPOS="4276" HEIGHT="43" WIDTH="598" ID="PAG_19_TL000051" STYLEREFS="TXT_14">
            <String HPOS="2778" VPOS="4281" HEIGHT="38" WIDTH="175" ID="PAG_19_ST000320" WC="1" CONTENT="piècement" SUBS_TYPE="HypPart2" SUBS_CONTENT="l'empiècement" STYLEREFS="TXT_14"/>
            <SP ID="PAG_19_SP000270" HPOS="2953" VPOS="4279" WIDTH="24"/>
            <String HPOS="2977" VPOS="4279" HEIGHT="31" WIDTH="114" ID="PAG_19_ST000321" WC="1" CONTENT="devant" STYLEREFS="TXT_14"/>
            <SP ID="PAG_19_SP000271" HPOS="3091" VPOS="4280" WIDTH="23"/>
            <String HPOS="3114" VPOS="4280" HEIGHT="29" WIDTH="33" ID="PAG_19_ST000322" WC="1" CONTENT="et" STYLEREFS="TXT_14"/>
            <SP ID="PAG_19_SP000272" HPOS="3147" VPOS="4278" WIDTH="23"/>
            <String HPOS="3170" VPOS="4278" HEIGHT="31" WIDTH="143" ID="PAG_19_ST000323" WC="1" CONTENT="derrière." STYLEREFS="TXT_14"/>
            <SP ID="PAG_19_SP000273" HPOS="3313" VPOS="4276" WIDTH="25"/>
            <String HPOS="3338" VPOS="4276" HEIGHT="31" WIDTH="38" ID="PAG_19_ST000324" WC="1" CONTENT="Le" STYLEREFS="TXT_14"/>
          </TextLine>
          <TextLine HPOS="2782" VPOS="4321" HEIGHT="39" WIDTH="598" ID="PAG_19_TL000052" STYLEREFS="TXT_14">
            <String HPOS="2782" VPOS="4324" HEIGHT="32" WIDTH="115" ID="PAG_19_ST000325" WC="1" CONTENT="devant" STYLEREFS="TXT_14"/>
            <SP ID="PAG_19_SP000274" HPOS="2897" VPOS="4323" WIDTH="21"/>
            <String HPOS="2918" VPOS="4323" HEIGHT="32" WIDTH="40" ID="PAG_19_ST000326" WC="1" CONTENT="du" STYLEREFS="TXT_14"/>
            <SP ID="PAG_19_SP000275" HPOS="2958" VPOS="4326" WIDTH="20"/>
            <String HPOS="2978" VPOS="4326" HEIGHT="28" WIDTH="141" ID="PAG_19_ST000327" WC="1" CONTENT="manteau" STYLEREFS="TXT_14"/>
            <SP ID="PAG_19_SP000276" HPOS="3119" VPOS="4326" WIDTH="21"/>
            <String HPOS="3140" VPOS="4326" HEIGHT="28" WIDTH="47" ID="PAG_19_ST000328" WC="1" CONTENT="est" STYLEREFS="TXT_14"/>
            <SP ID="PAG_19_SP000277" HPOS="3187" VPOS="4321" WIDTH="20"/>
            <String HPOS="3207" VPOS="4321" HEIGHT="32" WIDTH="95" ID="PAG_19_ST000329" WC="1" CONTENT="fermé" STYLEREFS="TXT_14"/>
            <SP ID="PAG_19_SP000278" HPOS="3302" VPOS="4332" WIDTH="20"/>
            <String HPOS="3322" VPOS="4332" HEIGHT="28" WIDTH="58" ID="PAG_19_ST000330" WC="1" CONTENT="por" STYLEREFS="TXT_14"/>
          </TextLine>
          <TextLine HPOS="2782" VPOS="4366" HEIGHT="40" WIDTH="596" ID="PAG_19_TL000053" STYLEREFS="TXT_14">
            <String HPOS="2782" VPOS="4381" HEIGHT="20" WIDTH="36" ID="PAG_19_ST000331" WC="1" CONTENT="un" STYLEREFS="TXT_14"/>
            <SP ID="PAG_19_SP000279" HPOS="2818" VPOS="4369" WIDTH="19"/>
            <String HPOS="2837" VPOS="4369" HEIGHT="32" WIDTH="66" ID="PAG_19_ST000332" WC="1" CONTENT="seul" STYLEREFS="TXT_14"/>
            <SP ID="PAG_19_SP000280" HPOS="2903" VPOS="4380" WIDTH="19"/>
            <String HPOS="2922" VPOS="4380" HEIGHT="26" WIDTH="69" ID="PAG_19_ST000333" WC="1" CONTENT="gros" STYLEREFS="TXT_14"/>
            <SP ID="PAG_19_SP000281" HPOS="2991" VPOS="4368" WIDTH="19"/>
            <String HPOS="3010" VPOS="4368" HEIGHT="31" WIDTH="114" ID="PAG_19_ST000334" WC="0.99" CONTENT="bouton" STYLEREFS="TXT_14"/>
            <SP ID="PAG_19_SP000282" HPOS="3124" VPOS="4368" WIDTH="21"/>
            <String HPOS="3145" VPOS="4368" HEIGHT="31" WIDTH="40" ID="PAG_19_ST000335" WC="1" CONTENT="de" STYLEREFS="TXT_14"/>
            <SP ID="PAG_19_SP000283" HPOS="3185" VPOS="4368" WIDTH="19"/>
            <String HPOS="3204" VPOS="4368" HEIGHT="30" WIDTH="63" ID="PAG_19_ST000336" WC="1" CONTENT="cuir" STYLEREFS="TXT_14"/>
            <SP ID="PAG_19_SP000284" HPOS="3267" VPOS="4366" WIDTH="18"/>
            <String HPOS="3285" VPOS="4366" HEIGHT="39" WIDTH="93" ID="PAG_19_ST000337" WC="0.99" CONTENT="placé" STYLEREFS="TXT_14"/>
          </TextLine>
          <TextLine HPOS="2781" VPOS="4411" HEIGHT="42" WIDTH="598" ID="PAG_19_TL000054" STYLEREFS="TXT_14">
            <String HPOS="2781" VPOS="4426" HEIGHT="20" WIDTH="48" ID="PAG_19_ST000338" WC="1" CONTENT="sur" STYLEREFS="TXT_14"/>
            <SP ID="PAG_19_SP000285" HPOS="2829" VPOS="4414" WIDTH="42"/>
            <String HPOS="2871" VPOS="4414" HEIGHT="30" WIDTH="25" ID="PAG_19_ST000339" WC="0.78" CONTENT="l'" STYLEREFS="TXT_14"/>
            <SP ID="PAG_19_SP000286" HPOS="2896" VPOS="4414" WIDTH="4"/>
            <String HPOS="2900" VPOS="4414" HEIGHT="39" WIDTH="231" ID="PAG_19_ST000340" WC="1" CONTENT="empiècement." STYLEREFS="TXT_14"/>
            <SP ID="PAG_19_SP000287" HPOS="3131" VPOS="4412" WIDTH="49"/>
            <String HPOS="3180" VPOS="4412" HEIGHT="31" WIDTH="106" ID="PAG_19_ST000341" WC="1" CONTENT="Toutes" STYLEREFS="TXT_14"/>
            <SP ID="PAG_19_SP000288" HPOS="3286" VPOS="4411" WIDTH="51"/>
            <String HPOS="3337" VPOS="4411" HEIGHT="31" WIDTH="42" ID="PAG_19_ST000342" WC="1" CONTENT="les" STYLEREFS="TXT_14"/>
          </TextLine>
          <TextLine HPOS="2779" VPOS="4457" HEIGHT="39" WIDTH="596" ID="PAG_19_TL000055" STYLEREFS="TXT_14">
            <String HPOS="2779" VPOS="4463" HEIGHT="29" WIDTH="139" ID="PAG_19_ST000343" WC="0.99" CONTENT="coutures" STYLEREFS="TXT_14"/>
            <SP ID="PAG_19_SP000289" HPOS="2918" VPOS="4462" WIDTH="26"/>
            <String HPOS="2944" VPOS="4462" HEIGHT="28" WIDTH="68" ID="PAG_19_ST000344" WC="1" CONTENT="sont" STYLEREFS="TXT_14"/>
            <SP ID="PAG_19_SP000290" HPOS="3012" VPOS="4457" WIDTH="26"/>
            <String HPOS="3038" VPOS="4457" HEIGHT="38" WIDTH="171" ID="PAG_19_ST000345" WC="1" CONTENT="soulignées" STYLEREFS="TXT_14"/>
            <SP ID="PAG_19_SP000291" HPOS="3209" VPOS="4467" WIDTH="27"/>
            <String HPOS="3236" VPOS="4467" HEIGHT="29" WIDTH="57" ID="PAG_19_ST000346" WC="1" CONTENT="par" STYLEREFS="TXT_14"/>
            <SP ID="PAG_19_SP000292" HPOS="3293" VPOS="4467" WIDTH="26"/>
            <String HPOS="3319" VPOS="4467" HEIGHT="20" WIDTH="56" ID="PAG_19_ST000347" WC="1" CONTENT="une" STYLEREFS="TXT_14"/>
          </TextLine>
          <TextLine HPOS="2744" VPOS="4501" HEIGHT="43" WIDTH="663" ID="PAG_19_TL000056" STYLEREFS="TXT_14">
            <String HPOS="2744" VPOS="4534" HEIGHT="4" WIDTH="3" ID="PAG_19_ST000348" WC="0.00" CONTENT="," STYLEREFS="TXT_14"/>
            <SP ID="PAG_19_SP000293" HPOS="2747" VPOS="4505" WIDTH="34"/>
            <String HPOS="2781" VPOS="4505" HEIGHT="33" WIDTH="116" ID="PAG_19_ST000349" WC="1" CONTENT="double" STYLEREFS="TXT_14"/>
            <SP ID="PAG_19_SP000294" HPOS="2897" VPOS="4504" WIDTH="31"/>
            <String HPOS="2928" VPOS="4504" HEIGHT="40" WIDTH="119" ID="PAG_19_ST000350" WC="1" CONTENT="piqûre." STYLEREFS="TXT_14"/>
            <SP ID="PAG_19_SP000295" HPOS="3047" VPOS="4502" WIDTH="38"/>
            <String HPOS="3085" VPOS="4502" HEIGHT="40" WIDTH="159" ID="PAG_19_ST000351" WC="1" CONTENT="(Métrage" STYLEREFS="TXT_14"/>
            <SP ID="PAG_19_SP000296" HPOS="3244" VPOS="4501" WIDTH="32"/>
            <String HPOS="3276" VPOS="4501" HEIGHT="30" WIDTH="101" ID="PAG_19_ST000352" WC="1" CONTENT="néces-" SUBS_TYPE="HypPart1" SUBS_CONTENT="nécessaire" STYLEREFS="TXT_14"/>
            <HYP HPOS="3377" VPOS="4531" WIDTH="30" CONTENT="-"/>
          </TextLine>
          <TextLine HPOS="2781" VPOS="4544" HEIGHT="40" WIDTH="591" ID="PAG_19_TL000057" STYLEREFS="TXT_14">
            <String HPOS="2781" VPOS="4552" HEIGHT="31" WIDTH="80" ID="PAG_19_ST000353" WC="1" CONTENT="saire" SUBS_TYPE="HypPart2" SUBS_CONTENT="nécessaire" STYLEREFS="TXT_14"/>
            <SP ID="PAG_19_SP000297" HPOS="2861" VPOS="4551" WIDTH="72"/>
            <String HPOS="2933" VPOS="4551" HEIGHT="29" WIDTH="18" ID="PAG_19_ST000354" WC="1" CONTENT="3" STYLEREFS="TXT_14"/>
            <SP ID="PAG_19_SP000298" HPOS="2951" VPOS="4560" WIDTH="32"/>
            <String HPOS="2983" VPOS="4560" HEIGHT="20" WIDTH="37" ID="PAG_19_ST000355" WC="1" CONTENT="m." STYLEREFS="TXT_14"/>
            <SP ID="PAG_19_SP000299" HPOS="3020" VPOS="4549" WIDTH="31"/>
            <String HPOS="3051" VPOS="4549" HEIGHT="29" WIDTH="41" ID="PAG_19_ST000356" WC="1" CONTENT="40" STYLEREFS="TXT_14"/>
            <SP ID="PAG_19_SP000300" HPOS="3092" VPOS="4558" WIDTH="30"/>
            <String HPOS="3122" VPOS="4558" HEIGHT="20" WIDTH="37" ID="PAG_19_ST000357" WC="0.33" CONTENT="en" STYLEREFS="TXT_14"/>
            <SP ID="PAG_19_SP000301" HPOS="3159" VPOS="4548" WIDTH="35"/>
            <String HPOS="3194" VPOS="4548" HEIGHT="28" WIDTH="14" ID="PAG_19_ST000358" WC="0.85" CONTENT="t" STYLEREFS="TXT_14"/>
            <SP ID="PAG_19_SP000302" HPOS="3208" VPOS="4557" WIDTH="31"/>
            <String HPOS="3239" VPOS="4557" HEIGHT="20" WIDTH="37" ID="PAG_19_ST000359" WC="1" CONTENT="m." STYLEREFS="TXT_14"/>
            <SP ID="PAG_19_SP000303" HPOS="3276" VPOS="4544" WIDTH="30"/>
            <String HPOS="3306" VPOS="4544" HEIGHT="40" WIDTH="66" ID="PAG_19_ST000360" WC="1" CONTENT="40.)" STYLEREFS="TXT_14"/>
          </TextLine>
        </TextBlock>
      </PrintSpace>
    </Page>
  </Layout>
</alto>