<?xml version="1.0" encoding="UTF-8"?>
<alto xmlns="http://www.loc.gov/standards/alto/ns-v3#" xmlns:xsi="http://www.w3.org/2001/XMLSchema-instance" SCHEMAVERSION="alto_bnf-v2_0" xsi:schemaLocation="http://www.loc.gov/standards/alto/ns-v3# http://bibnum.bnf.fr/schema/alto_bnf-v2_0.xsd" xmlns:xlink="http://www.w3.org/TR/xlink">
  <Description>
    <MeasurementUnit>pixel</MeasurementUnit>
    <sourceImageInformation>
      <fileName>00000018.jp2</fileName>
      <fileIdentifier>ark:/12148/bpt6k4701034k/f18</fileIdentifier>
      <documentIdentifier documentIdentifierLocation="NUM">4701034</documentIdentifier>
    </sourceImageInformation>
    <OCRProcessing ID="OCR_1">
      <ocrProcessingStep>
        <processingDateTime>2019-01-29</processingDateTime>
        <processingStepDescription>[001_OCR_BRUT]OCR BRUT 92.40 %</processingStepDescription>
        <processingStepDescription>[002_CHARS]{350}</processingStepDescription>
        <processingStepDescription>[003_CHARS_USED]{79}</processingStepDescription>
        <processingStepDescription>[004_CHARS_SUSPECTS_USED]{0}</processingStepDescription>
        <processingStepDescription>[005_CHARS_UNUSED]{271}</processingStepDescription>
        <processingStepDescription>[006_CHARS_SUSPECTS_UNUSED]{0}</processingStepDescription>
        <processingStepDescription>[007_STRINGS]{75}</processingStepDescription>
        <processingStepDescription>[008_STRINGS_USED]{14}</processingStepDescription>
        <processingStepDescription>[009_STRINGS_SUSPECTS_UNUSED]{0}</processingStepDescription>
        <processingStepDescription>[010_CHARS_LETTERS]{306}</processingStepDescription>
        <processingStepDescription>[011_CHARS_PUNCTUATION]{31}</processingStepDescription>
        <processingStepDescription>[012_CHARS_DIGITS]{13}</processingStepDescription>
        <processingStepDescription>[013_CHARS_SUSPECT]{0}</processingStepDescription>
        <processingStepDescription>[022_CHARS_UNUSED_BY_BLOCK]{0}</processingStepDescription>
        <processingStepDescription>[023_BLOCKS_SUSPECTS]{0}</processingStepDescription>
        <processingStepDescription>[111_LIGS_DETECTED_CURV]{0}</processingStepDescription>
      </ocrProcessingStep>
    </OCRProcessing>
  </Description>
  <Styles>
    <TextStyle FONTSIZE="4" ID="TXT_7" FONTFAMILY="Arial"/>
    <TextStyle FONTSIZE="6" ID="TXT_14" FONTFAMILY="Arial"/>
    <TextStyle FONTSIZE="48" ID="TXT_37" FONTFAMILY="Arial"/>
  </Styles>
  <Tags>
    <StructureTag DESCRIPTION="LES MANTEAUX" TYPE="Structural" ID="TAG_ST001" LABEL="title"/>
    <StructureTag DESCRIPTION="VOICI LES MANTEAUX DE PRINTEMPS, JEUNES, NOUVEAUX ET PIMPANTS. CHOISISSEZ LE VOTRE." TYPE="Structural" ID="TAG_ST002" LABEL="subtitle"/>
  </Tags>
  <Layout>
    <Page ID="PAG_18" HEIGHT="4941" WIDTH="3865" PHYSICAL_IMG_NR="18" QUALITY="OK" ACCURACY="99.96">
      <PrintSpace HPOS="220" VPOS="404" HEIGHT="4174" WIDTH="3594" ID="PAG_18_PrintSpace">
        <ComposedBlock ID="PAG_18_CB000001" HPOS="220" VPOS="404" HEIGHT="4174" WIDTH="3594">
        <TextBlock HPOS="488" VPOS="404" HEIGHT="200" WIDTH="1156" ID="PAG_18_TB000001" TAGREFS="TAG_ST001" LANG="fr" STYLEREFS="TXT_37">
          <TextLine HPOS="488" VPOS="404" HEIGHT="200" WIDTH="1156" ID="PAG_18_TL000001" STYLEREFS="TXT_37">
            <String HPOS="488" VPOS="408" HEIGHT="196" WIDTH="244" ID="PAG_18_ST000001" WC="1" CONTENT="LES" STYLEREFS="TXT_37"/>
            <SP ID="PAG_18_SP000001" HPOS="732" VPOS="404" WIDTH="116"/>
            <String HPOS="848" VPOS="404" HEIGHT="196" WIDTH="796" ID="PAG_18_ST000002" WC="1" CONTENT="MANTEAUX" STYLEREFS="TXT_37"/>
          </TextLine>
        </TextBlock>
        <TextBlock HPOS="582" VPOS="662" HEIGHT="35" WIDTH="1081" ID="PAG_18_TB000002" TAGREFS="TAG_ST002" LANG="fr" STYLEREFS="TXT_14">
          <TextLine HPOS="582" VPOS="662" HEIGHT="35" WIDTH="1081" ID="PAG_18_TL000002" STYLEREFS="TXT_14">
            <String HPOS="582" VPOS="666" HEIGHT="31" WIDTH="119" ID="PAG_18_ST000003" WC="1" CONTENT="VOICI" STYLEREFS="TXT_14"/>
            <SP ID="PAG_18_SP000002" HPOS="701" VPOS="665" WIDTH="38"/>
            <String HPOS="739" VPOS="665" HEIGHT="31" WIDTH="69" ID="PAG_18_ST000004" WC="1" CONTENT="LES" STYLEREFS="TXT_14"/>
            <SP ID="PAG_18_SP000003" HPOS="808" VPOS="665" WIDTH="38"/>
            <String HPOS="846" VPOS="665" HEIGHT="31" WIDTH="237" ID="PAG_18_ST000005" WC="1" CONTENT="MANTEAUX" STYLEREFS="TXT_14"/>
            <SP ID="PAG_18_SP000004" HPOS="1083" VPOS="665" WIDTH="37"/>
            <String HPOS="1120" VPOS="665" HEIGHT="30" WIDTH="50" ID="PAG_18_ST000006" WC="1" CONTENT="DE" STYLEREFS="TXT_14"/>
            <SP ID="PAG_18_SP000005" HPOS="1170" VPOS="664" WIDTH="38"/>
            <String HPOS="1208" VPOS="664" HEIGHT="33" WIDTH="247" ID="PAG_18_ST000007" WC="1" CONTENT="PRINTEMPS," STYLEREFS="TXT_14"/>
            <SP ID="PAG_18_SP000006" HPOS="1455" VPOS="662" WIDTH="37"/>
            <String HPOS="1492" VPOS="662" HEIGHT="35" WIDTH="171" ID="PAG_18_ST000008" WC="1" CONTENT="JEUNES," STYLEREFS="TXT_14"/>
          </TextLine>
        </TextBlock>
        <TextBlock HPOS="578" VPOS="732" HEIGHT="75" WIDTH="1299" ID="PAG_18_TB000003" TAGREFS="TAG_ST002" LANG="fr" STYLEREFS="TXT_14">
          <TextLine HPOS="578" VPOS="732" HEIGHT="75" WIDTH="1299" ID="PAG_18_TL000003" STYLEREFS="TXT_14">
            <String HPOS="578" VPOS="735" HEIGHT="31" WIDTH="234" ID="PAG_18_ST000009" WC="1" CONTENT="NOUVEAUX" STYLEREFS="TXT_14"/>
            <SP ID="PAG_18_SP000007" HPOS="812" VPOS="734" WIDTH="25"/>
            <String HPOS="837" VPOS="734" HEIGHT="31" WIDTH="47" ID="PAG_18_ST000010" WC="1" CONTENT="ET" STYLEREFS="TXT_14"/>
            <SP ID="PAG_18_SP000008" HPOS="884" VPOS="734" WIDTH="26"/>
            <String HPOS="910" VPOS="734" HEIGHT="31" WIDTH="227" ID="PAG_18_ST000011" WC="1" CONTENT="PIMPANTS." STYLEREFS="TXT_14"/>
            <SP ID="PAG_18_SP000009" HPOS="1137" VPOS="732" WIDTH="25"/>
            <String HPOS="1162" VPOS="732" HEIGHT="32" WIDTH="256" ID="PAG_18_ST000012" WC="1" CONTENT="CHOISISSEZ" STYLEREFS="TXT_14"/>
            <SP ID="PAG_18_SP000010" HPOS="1418" VPOS="733" WIDTH="25"/>
            <String HPOS="1443" VPOS="733" HEIGHT="30" WIDTH="44" ID="PAG_18_ST000013" WC="1" CONTENT="LE" STYLEREFS="TXT_14"/>
            <SP ID="PAG_18_SP000011" HPOS="1487" VPOS="732" WIDTH="28"/>
            <String HPOS="1515" VPOS="732" HEIGHT="75" WIDTH="362" ID="PAG_18_ST000014" WC="1" CONTENT="VOTRE." STYLEREFS="TXT_14"/>
          </TextLine>
        </TextBlock>
        <Illustration ID="PAG_18_IL000001" HPOS="220" VPOS="826" HEIGHT="3444" WIDTH="1912"/>
        <TextBlock HPOS="1134" VPOS="4292" HEIGHT="268" WIDTH="939" ID="PAG_18_TB000004" LANG="fr" STYLEREFS="TXT_14">
          <TextLine HPOS="1203" VPOS="4292" HEIGHT="37" WIDTH="868" ID="PAG_18_TL000004" STYLEREFS="TXT_14">
            <String HPOS="1203" VPOS="4292" HEIGHT="31" WIDTH="40" ID="PAG_18_ST000015" WC="1" CONTENT="Ci" STYLEREFS="TXT_14"/>
            <SP ID="PAG_18_SP000012" HPOS="1243" VPOS="4296" WIDTH="23"/>
            <String HPOS="1266" VPOS="4296" HEIGHT="31" WIDTH="115" ID="PAG_18_ST000016" WC="1" CONTENT="contre," STYLEREFS="TXT_14"/>
            <SP ID="PAG_18_SP000013" HPOS="1381" VPOS="4297" WIDTH="25"/>
            <String HPOS="1406" VPOS="4297" HEIGHT="26" WIDTH="142" ID="PAG_18_ST000017" WC="0.99" CONTENT="manteau" STYLEREFS="TXT_14"/>
            <SP ID="PAG_18_SP000014" HPOS="1548" VPOS="4293" WIDTH="24"/>
            <String HPOS="1572" VPOS="4293" HEIGHT="30" WIDTH="127" ID="PAG_18_ST000018" WC="1" CONTENT="exécuté" STYLEREFS="TXT_14"/>
            <SP ID="PAG_18_SP000015" HPOS="1699" VPOS="4304" WIDTH="24"/>
            <String HPOS="1723" VPOS="4304" HEIGHT="19" WIDTH="36" ID="PAG_18_ST000019" WC="1" CONTENT="en" STYLEREFS="TXT_14"/>
            <SP ID="PAG_18_SP000016" HPOS="1759" VPOS="4292" WIDTH="26"/>
            <String HPOS="1785" VPOS="4292" HEIGHT="37" WIDTH="124" ID="PAG_18_ST000020" WC="1" CONTENT="lainage" STYLEREFS="TXT_14"/>
            <SP ID="PAG_18_SP000017" HPOS="1909" VPOS="4292" WIDTH="24"/>
            <String HPOS="1933" VPOS="4292" HEIGHT="37" WIDTH="108" ID="PAG_18_ST000021" WC="0.99" CONTENT="diago-" SUBS_TYPE="HypPart1" SUBS_CONTENT="diagonale" STYLEREFS="TXT_14"/>
            <HYP HPOS="2041" VPOS="4329" WIDTH="30" CONTENT="-"/>
          </TextLine>
          <TextLine HPOS="1135" VPOS="4339" HEIGHT="38" WIDTH="907" ID="PAG_18_TL000005" STYLEREFS="TXT_14">
            <String HPOS="1135" VPOS="4339" HEIGHT="30" WIDTH="69" ID="PAG_18_ST000022" WC="1" CONTENT="nale" SUBS_TYPE="HypPart2" SUBS_CONTENT="diagonale" STYLEREFS="TXT_14"/>
            <SP ID="PAG_18_SP000018" HPOS="1204" VPOS="4339" WIDTH="19"/>
            <String HPOS="1223" VPOS="4339" HEIGHT="30" WIDTH="71" ID="PAG_18_ST000023" WC="1" CONTENT="bleu" STYLEREFS="TXT_14"/>
            <SP ID="PAG_18_SP000019" HPOS="1294" VPOS="4340" WIDTH="20"/>
            <String HPOS="1314" VPOS="4340" HEIGHT="29" WIDTH="76" ID="PAG_18_ST000024" WC="1" CONTENT="clair" STYLEREFS="TXT_14"/>
            <SP ID="PAG_18_SP000020" HPOS="1390" VPOS="4351" WIDTH="18"/>
            <String HPOS="1408" VPOS="4351" HEIGHT="25" WIDTH="59" ID="PAG_18_ST000025" WC="1" CONTENT="que" STYLEREFS="TXT_14"/>
            <SP ID="PAG_18_SP000021" HPOS="1467" VPOS="4350" WIDTH="20"/>
            <String HPOS="1487" VPOS="4350" HEIGHT="20" WIDTH="70" ID="PAG_18_ST000026" WC="1" CONTENT="vous" STYLEREFS="TXT_14"/>
            <SP ID="PAG_18_SP000022" HPOS="1557" VPOS="4342" WIDTH="21"/>
            <String HPOS="1578" VPOS="4342" HEIGHT="27" WIDTH="155" ID="PAG_18_ST000027" WC="1" CONTENT="trouverez" STYLEREFS="TXT_14"/>
            <SP ID="PAG_18_SP000023" HPOS="1733" VPOS="4350" WIDTH="18"/>
            <String HPOS="1751" VPOS="4350" HEIGHT="19" WIDTH="38" ID="PAG_18_ST000028" WC="0.97" CONTENT="au" STYLEREFS="TXT_14"/>
            <SP ID="PAG_18_SP000024" HPOS="1789" VPOS="4339" WIDTH="20"/>
            <String HPOS="1809" VPOS="4339" HEIGHT="38" WIDTH="175" ID="PAG_18_ST000029" WC="1" CONTENT="Printemps," STYLEREFS="TXT_14"/>
            <SP ID="PAG_18_SP000025" HPOS="1984" VPOS="4349" WIDTH="20"/>
            <String HPOS="2004" VPOS="4349" HEIGHT="20" WIDTH="38" ID="PAG_18_ST000030" WC="0.98" CONTENT="au" STYLEREFS="TXT_14"/>
          </TextLine>
          <TextLine HPOS="1134" VPOS="4384" HEIGHT="39" WIDTH="907" ID="PAG_18_TL000006" STYLEREFS="TXT_14">
            <String HPOS="1134" VPOS="4386" HEIGHT="37" WIDTH="65" ID="PAG_18_ST000031" WC="0.99" CONTENT="prix" STYLEREFS="TXT_14"/>
            <SP ID="PAG_18_SP000026" HPOS="1199" VPOS="4386" WIDTH="28"/>
            <String HPOS="1227" VPOS="4386" HEIGHT="29" WIDTH="40" ID="PAG_18_ST000032" WC="1" CONTENT="de" STYLEREFS="TXT_14"/>
            <SP ID="PAG_18_SP000027" HPOS="1267" VPOS="4386" WIDTH="26"/>
            <String HPOS="1293" VPOS="4386" HEIGHT="28" WIDTH="40" ID="PAG_18_ST000033" WC="1" CONTENT="89" STYLEREFS="TXT_14"/>
            <SP ID="PAG_18_SP000028" HPOS="1333" VPOS="4384" WIDTH="27"/>
            <String HPOS="1360" VPOS="4384" HEIGHT="31" WIDTH="37" ID="PAG_18_ST000034" WC="1" CONTENT="fr." STYLEREFS="TXT_14"/>
            <SP ID="PAG_18_SP000029" HPOS="1397" VPOS="4385" WIDTH="28"/>
            <String HPOS="1425" VPOS="4385" HEIGHT="30" WIDTH="29" ID="PAG_18_ST000035" WC="1" CONTENT="le" STYLEREFS="TXT_14"/>
            <SP ID="PAG_18_SP000030" HPOS="1454" VPOS="4386" WIDTH="27"/>
            <String HPOS="1481" VPOS="4386" HEIGHT="29" WIDTH="106" ID="PAG_18_ST000036" WC="1" CONTENT="mètre." STYLEREFS="TXT_14"/>
            <SP ID="PAG_18_SP000031" HPOS="1587" VPOS="4385" WIDTH="32"/>
            <String HPOS="1619" VPOS="4385" HEIGHT="38" WIDTH="161" ID="PAG_18_ST000037" WC="0.74" CONTENT="(Métrage" STYLEREFS="TXT_14"/>
            <SP ID="PAG_18_SP000032" HPOS="1780" VPOS="4396" WIDTH="15"/>
            <String HPOS="1795" VPOS="4396" HEIGHT="19" WIDTH="8" ID="PAG_18_ST000038" WC="0.5" CONTENT=":" STYLEREFS="TXT_14"/>
            <SP ID="PAG_18_SP000033" HPOS="1803" VPOS="4385" WIDTH="27"/>
            <String HPOS="1830" VPOS="4385" HEIGHT="30" WIDTH="17" ID="PAG_18_ST000039" WC="1" CONTENT="2" STYLEREFS="TXT_14"/>
            <SP ID="PAG_18_SP000034" HPOS="1847" VPOS="4396" WIDTH="28"/>
            <String HPOS="1875" VPOS="4396" HEIGHT="19" WIDTH="36" ID="PAG_18_ST000040" WC="1" CONTENT="m." STYLEREFS="TXT_14"/>
            <SP ID="PAG_18_SP000035" HPOS="1911" VPOS="4386" WIDTH="28"/>
            <String HPOS="1939" VPOS="4386" HEIGHT="29" WIDTH="38" ID="PAG_18_ST000041" WC="1" CONTENT="35" STYLEREFS="TXT_14"/>
            <SP ID="PAG_18_SP000036" HPOS="1977" VPOS="4396" WIDTH="29"/>
            <String HPOS="2006" VPOS="4396" HEIGHT="19" WIDTH="35" ID="PAG_18_ST000042" WC="1" CONTENT="en" STYLEREFS="TXT_14"/>
          </TextLine>
          <TextLine HPOS="1140" VPOS="4430" HEIGHT="38" WIDTH="904" ID="PAG_18_TL000007" STYLEREFS="TXT_14">
            <String HPOS="1140" VPOS="4431" HEIGHT="28" WIDTH="9" ID="PAG_18_ST000043" WC="1" CONTENT="1" STYLEREFS="TXT_14"/>
            <SP ID="PAG_18_SP000037" HPOS="1149" VPOS="4441" WIDTH="24"/>
            <String HPOS="1173" VPOS="4441" HEIGHT="19" WIDTH="35" ID="PAG_18_ST000044" WC="1" CONTENT="m." STYLEREFS="TXT_14"/>
            <SP ID="PAG_18_SP000038" HPOS="1208" VPOS="4430" WIDTH="20"/>
            <String HPOS="1228" VPOS="4430" HEIGHT="38" WIDTH="66" ID="PAG_18_ST000045" WC="1" CONTENT="40.)" STYLEREFS="TXT_14"/>
            <SP ID="PAG_18_SP000039" HPOS="1294" VPOS="4430" WIDTH="23"/>
            <String HPOS="1317" VPOS="4430" HEIGHT="31" WIDTH="83" ID="PAG_18_ST000046" WC="1" CONTENT="Nous" STYLEREFS="TXT_14"/>
            <SP ID="PAG_18_SP000040" HPOS="1400" VPOS="4441" WIDTH="19"/>
            <String HPOS="1419" VPOS="4441" HEIGHT="27" WIDTH="136" ID="PAG_18_ST000047" WC="1" CONTENT="pouvons" STYLEREFS="TXT_14"/>
            <SP ID="PAG_18_SP000041" HPOS="1555" VPOS="4441" WIDTH="21"/>
            <String HPOS="1576" VPOS="4441" HEIGHT="20" WIDTH="70" ID="PAG_18_ST000048" WC="1" CONTENT="vous" STYLEREFS="TXT_14"/>
            <SP ID="PAG_18_SP000042" HPOS="1646" VPOS="4430" WIDTH="19"/>
            <String HPOS="1665" VPOS="4430" HEIGHT="30" WIDTH="113" ID="PAG_18_ST000049" WC="1" CONTENT="fournir" STYLEREFS="TXT_14"/>
            <SP ID="PAG_18_SP000043" HPOS="1778" VPOS="4431" WIDTH="21"/>
            <String HPOS="1799" VPOS="4431" HEIGHT="30" WIDTH="27" ID="PAG_18_ST000050" WC="1" CONTENT="le" STYLEREFS="TXT_14"/>
            <SP ID="PAG_18_SP000044" HPOS="1826" VPOS="4434" WIDTH="19"/>
            <String HPOS="1845" VPOS="4434" HEIGHT="34" WIDTH="121" ID="PAG_18_ST000051" WC="0.91" CONTENT="pOtron-" STYLEREFS="TXT_14"/>
            <SP ID="PAG_18_SP000045" HPOS="1966" VPOS="4433" WIDTH="11"/>
            <String HPOS="1977" VPOS="4433" HEIGHT="27" WIDTH="67" ID="PAG_18_ST000052" WC="1" CONTENT="tout" STYLEREFS="TXT_14"/>
          </TextLine>
          <TextLine HPOS="1136" VPOS="4474" HEIGHT="40" WIDTH="937" ID="PAG_18_TL000008" STYLEREFS="TXT_14">
            <String HPOS="1136" VPOS="4474" HEIGHT="31" WIDTH="59" ID="PAG_18_ST000053" WC="0.99" CONTENT="fait" STYLEREFS="TXT_14"/>
            <SP ID="PAG_18_SP000046" HPOS="1195" VPOS="4475" WIDTH="29"/>
            <String HPOS="1224" VPOS="4475" HEIGHT="31" WIDTH="39" ID="PAG_18_ST000054" WC="1" CONTENT="de" STYLEREFS="TXT_14"/>
            <SP ID="PAG_18_SP000047" HPOS="1263" VPOS="4487" WIDTH="28"/>
            <String HPOS="1291" VPOS="4487" HEIGHT="18" WIDTH="36" ID="PAG_18_ST000055" WC="1" CONTENT="ce" STYLEREFS="TXT_14"/>
            <SP ID="PAG_18_SP000048" HPOS="1327" VPOS="4475" WIDTH="28"/>
            <String HPOS="1355" VPOS="4475" HEIGHT="31" WIDTH="133" ID="PAG_18_ST000056" WC="1" CONTENT="modèle." STYLEREFS="TXT_14"/>
            <SP ID="PAG_18_SP000049" HPOS="1488" VPOS="4475" WIDTH="34"/>
            <String HPOS="1522" VPOS="4475" HEIGHT="38" WIDTH="79" ID="PAG_18_ST000057" WC="0.99" CONTENT="(Prix" STYLEREFS="TXT_14"/>
            <SP ID="PAG_18_SP000050" HPOS="1601" VPOS="4487" WIDTH="15"/>
            <String HPOS="1616" VPOS="4487" HEIGHT="18" WIDTH="7" ID="PAG_18_ST000058" WC="1" CONTENT=":" STYLEREFS="TXT_14"/>
            <SP ID="PAG_18_SP000051" HPOS="1623" VPOS="4478" WIDTH="27"/>
            <String HPOS="1650" VPOS="4478" HEIGHT="27" WIDTH="19" ID="PAG_18_ST000059" WC="1" CONTENT="4" STYLEREFS="TXT_14"/>
            <SP ID="PAG_18_SP000052" HPOS="1669" VPOS="4475" WIDTH="27"/>
            <String HPOS="1696" VPOS="4475" HEIGHT="31" WIDTH="36" ID="PAG_18_ST000060" WC="1" CONTENT="fr." STYLEREFS="TXT_14"/>
            <SP ID="PAG_18_SP000053" HPOS="1732" VPOS="4476" WIDTH="30"/>
            <String HPOS="1762" VPOS="4476" HEIGHT="37" WIDTH="66" ID="PAG_18_ST000061" WC="1" CONTENT="50.)" STYLEREFS="TXT_14"/>
            <SP ID="PAG_18_SP000054" HPOS="1828" VPOS="4476" WIDTH="37"/>
            <String HPOS="1865" VPOS="4476" HEIGHT="38" WIDTH="178" ID="PAG_18_ST000062" WC="0.99" CONTENT="(Reportez-" SUBS_TYPE="HypPart1" SUBS_CONTENT="(Reportez-vous," STYLEREFS="TXT_14"/>
            <HYP HPOS="2043" VPOS="4514" WIDTH="30" CONTENT="-"/>
          </TextLine>
          <TextLine HPOS="1137" VPOS="4521" HEIGHT="39" WIDTH="901" ID="PAG_18_TL000009" STYLEREFS="TXT_14">
            <String HPOS="1137" VPOS="4532" HEIGHT="23" WIDTH="79" ID="PAG_18_ST000063" WC="1" CONTENT="vous," SUBS_TYPE="HypPart2" SUBS_CONTENT="(Reportez-vous," STYLEREFS="TXT_14"/>
            <SP ID="PAG_18_SP000055" HPOS="1216" VPOS="4532" WIDTH="20"/>
            <String HPOS="1236" VPOS="4532" HEIGHT="26" WIDTH="77" ID="PAG_18_ST000064" WC="1" CONTENT="pour" STYLEREFS="TXT_14"/>
            <SP ID="PAG_18_SP000056" HPOS="1313" VPOS="4525" WIDTH="20"/>
            <String HPOS="1333" VPOS="4525" HEIGHT="27" WIDTH="66" ID="PAG_18_ST000065" WC="1" CONTENT="tous" STYLEREFS="TXT_14"/>
            <SP ID="PAG_18_SP000057" HPOS="1399" VPOS="4522" WIDTH="20"/>
            <String HPOS="1419" VPOS="4522" HEIGHT="35" WIDTH="267" ID="PAG_18_ST000066" WC="0.99" CONTENT="renseignements," STYLEREFS="TXT_14"/>
            <SP ID="PAG_18_SP000058" HPOS="1686" VPOS="4532" WIDTH="21"/>
            <String HPOS="1707" VPOS="4532" HEIGHT="19" WIDTH="37" ID="PAG_18_ST000067" WC="0.98" CONTENT="au" STYLEREFS="TXT_14"/>
            <SP ID="PAG_18_SP000059" HPOS="1744" VPOS="4524" WIDTH="22"/>
            <String HPOS="1766" VPOS="4524" HEIGHT="27" WIDTH="82" ID="PAG_18_ST000068" WC="1" CONTENT="texte" STYLEREFS="TXT_14"/>
            <SP ID="PAG_18_SP000060" HPOS="1848" VPOS="4532" WIDTH="19"/>
            <String HPOS="1867" VPOS="4532" HEIGHT="28" WIDTH="86" ID="PAG_18_ST000069" WC="1" CONTENT="page" STYLEREFS="TXT_14"/>
            <SP ID="PAG_18_SP000061" HPOS="1953" VPOS="4521" WIDTH="20"/>
            <String HPOS="1973" VPOS="4521" HEIGHT="38" WIDTH="65" ID="PAG_18_ST000070" WC="1" CONTENT="31.)" STYLEREFS="TXT_14"/>
          </TextLine>
        </TextBlock>
        <Illustration ID="PAG_18_IL000002" HPOS="2107" VPOS="460" HEIGHT="4085" WIDTH="1707"/>
        <TextBlock HPOS="2150" VPOS="4551" HEIGHT="27" WIDTH="1548" ID="PAG_18_TB000005" LANG="fr" STYLEREFS="TXT_7">
          <TextLine HPOS="2150" VPOS="4551" HEIGHT="27" WIDTH="1548" ID="PAG_18_TL000010" STYLEREFS="TXT_7">
            <String HPOS="2150" VPOS="4559" HEIGHT="19" WIDTH="140" ID="PAG_18_ST000071" WC="1" CONTENT="CHAPEAU" STYLEREFS="TXT_7"/>
            <SP ID="PAG_18_SP000062" HPOS="2290" VPOS="4558" WIDTH="22"/>
            <String HPOS="2312" VPOS="4558" HEIGHT="20" WIDTH="226" ID="PAG_18_ST000072" WC="1" CONTENT="LÉON-DAUNOU" STYLEREFS="TXT_7"/>
            <SP ID="PAG_18_SP000063" HPOS="2538" VPOS="4552" WIDTH="961"/>
            <String HPOS="3499" VPOS="4552" HEIGHT="18" WIDTH="50" ID="PAG_18_ST000073" WC="0.58" CONTENT="PHO" STYLEREFS="TXT_7"/>
            <SP ID="PAG_18_SP000064" HPOS="3549" VPOS="4552" WIDTH="1"/>
            <String HPOS="3549" VPOS="4552" HEIGHT="18" WIDTH="50" ID="PAG_18_ST000074" WC="0.58" CONTENT="()" STYLEREFS="TXT_7"/>
            <SP ID="PAG_18_SP000065" HPOS="3599" VPOS="4551" WIDTH="22"/>
            <String HPOS="3621" VPOS="4551" HEIGHT="19" WIDTH="77" ID="PAG_18_ST000075" WC="1" CONTENT="SAAO" STYLEREFS="TXT_7"/>
          </TextLine>
        </TextBlock>
        </ComposedBlock>
      </PrintSpace>
    </Page>
  </Layout>
</alto>