<?xml version="1.0" encoding="windows-1252" standalone="no"?>
<XMD-entity REPOSITORY_FORMAT="1.0" PRXML_VER="2.2" ENTITY_TYPE="Ad" DOC_UID="IMP_03/03/2012" DOC_VER="1" FIRST_TOC_ENTRY_ID="47" DEPTH_LEVEL="1" INDEX_IN_DOC="47" PAGE_NO="7" ID="Ad00701" BOX="56 1302 546 1750" LANGUAGE="French" SNP="Ad00701S.png" SNP_WIDTH="131" SNP_HEIGHT="120">
	<Meta NAME="Untitled Ad" DESCRIPTION="" SUBTYPE="" BASE_HREF="IMP/2012/03/03" SOURCE_TYPE="TIFF" PUBLICATION="IMP" SECTION="Front Page" ISSUE_DATE="03/03/2012" WORDCNT="0" RELEASE_NO="113-IMP-2012-03-03-0001" PAGE_ID="" PAGE_TYPE="Single" PAGE_WIDTH="879" PAGE_HEIGHT="1304" DEFAULT_IMG_EXT="png" PDF_DESTINATION_MAPPED="OLV0_Entity_0007_0002" IMAGES_RESOLUTION="144" XMD_VER="2.6.241.4" PAGE_LABEL="7" TOTAL_CHARS_COUNT="0" SUSPICIOUS_CHARS_COUNT="0"/>
	<Link SOURCE="113-IMP-2012-03-03-0001.pdf" FIRST_ID="Ar00100" LAST_ID="Pc03613" NEXT_ID="Ad00702" PREV_ID="Ad00700" TOC_ID="W:/Repository/IMP/2012/03/03/TOC.xml"/>
	<DataFiles>
		<Files TYPE="DOC_PDF" PRESENT="1"/>
		<Files TYPE="PAGE_PDF" PRESENT="0"/>
		<Files TYPE="DOC_IMG" PRESENT="0"/>
		<Files TYPE="PAGE_IMG" PRESENT="0"/>
		<Files TYPE="PAGE_VIEW_IMG" PRESENT="1"/>
		<Files TYPE="PAGE_PREVIEW_IMG" PRESENT="1"/>
		<Files TYPE="PRIMITIVE_IMG" PRESENT="1"/>
		<Files TYPE="SNIPPET_IMG" PRESENT="1"/>
		<Files TYPE="SEGMENTATION" PRESENT="0"/>
	</DataFiles>
	<Content>
		<Primitive BOX="56 1302 546 1750" ID="Ad0070100" E="N" SEQ_NO="1" TOC_ENTRY_ID="47" DEPTH_LEVEL="1">
			<L BOX="62 1324 164 1356"/>
			<W BOX="62 1324 164 1356" STYLE_REF="131">DIVERS</W>
		</Primitive>
	</Content>
	<AdFrame>
		<Img BOX="56 1302 546 1750" ID="Ad0070101" HREF="/7/Img/Ad0070101.png" I_RES="130" TOC_ENTRY_ID="47" SEQ_NO="0"/>
	</AdFrame>
</XMD-entity>