<?xml version="1.0" encoding="windows-1252" standalone="no"?>
<XMD-entity REPOSITORY_FORMAT="1.0" PRXML_VER="2.2" ENTITY_TYPE="Ad" DOC_UID="IMP_03/03/2012" DOC_VER="1" FIRST_TOC_ENTRY_ID="51" DEPTH_LEVEL="1" INDEX_IN_DOC="51" PAGE_NO="7" ID="Ad00705" BOX="1046 1302 1360 1742" LANGUAGE="French" SNP="Ad00705S.png" SNP_WIDTH="86" SNP_HEIGHT="120">
	<Meta NAME="Untitled Ad" DESCRIPTION="" SUBTYPE="" BASE_HREF="IMP/2012/03/03" SOURCE_TYPE="TIFF" PUBLICATION="IMP" SECTION="Front Page" ISSUE_DATE="03/03/2012" WORDCNT="19" RELEASE_NO="113-IMP-2012-03-03-0001" PAGE_ID="" PAGE_TYPE="Single" PAGE_WIDTH="879" PAGE_HEIGHT="1304" DEFAULT_IMG_EXT="png" PDF_DESTINATION_MAPPED="OLV0_Entity_0007_0006" IMAGES_RESOLUTION="144" XMD_VER="2.6.241.4" PAGE_LABEL="7" TOTAL_CHARS_COUNT="0" SUSPICIOUS_CHARS_COUNT="0">
		<Links>
			<Lnk TYPE="URL" LNK_ID="LNK_7_1">
				<Target>www.publicitas.ch/lachaux-de-fonds</Target>
			</Lnk>
			<Sources>
				<Box LNK_ID="LNK_7_1" PRIM_ID="Ad0070501">1066 1592 1344 1610</Box>
			</Sources>
		</Links>
	</Meta>
	<Link SOURCE="113-IMP-2012-03-03-0001.pdf" FIRST_ID="Ar00100" LAST_ID="Pc03613" NEXT_ID="Ad00706" PREV_ID="Ad00704" TOC_ID="W:/Repository/IMP/2012/03/03/TOC.xml"/>
	<DataFiles>
		<Files TYPE="DOC_PDF" PRESENT="1"/>
		<Files TYPE="PAGE_PDF" PRESENT="0"/>
		<Files TYPE="DOC_IMG" PRESENT="0"/>
		<Files TYPE="PAGE_IMG" PRESENT="0"/>
		<Files TYPE="PAGE_VIEW_IMG" PRESENT="1"/>
		<Files TYPE="PAGE_PREVIEW_IMG" PRESENT="1"/>
		<Files TYPE="PRIMITIVE_IMG" PRESENT="1"/>
		<Files TYPE="SNIPPET_IMG" PRESENT="1"/>
		<Files TYPE="SEGMENTATION" PRESENT="0"/>
	</DataFiles>
	<Content>
		<Primitive BOX="1046 1302 1360 1742" ID="Ad0070500" E="N" SEQ_NO="1" TOC_ENTRY_ID="51" DEPTH_LEVEL="1">
			<L BOX="1064 1335 1348 1382"/>
			<W BOX="1064 1335 1169 1382" STYLE_REF="132">Votre</W>
			<W BOX="1179 1335 1348 1382" STYLE_REF="132">annonce</W>
			<L BOX="1064 1379 1247 1426"/>
			<W BOX="1064 1379 1173 1426" STYLE_REF="132">porte</W>
			<W BOX="1184 1379 1247 1426" STYLE_REF="132">ses</W>
			<L BOX="1064 1425 1325 1472"/>
			<W BOX="1064 1425 1162 1472" STYLE_REF="132">fruits</W>
			<W BOX="1173 1425 1199 1472" STYLE_REF="132">�</W>
			<W BOX="1209 1425 1233 1472" STYLE_REF="132">�</W>
			<W BOX="1243 1425 1325 1472" STYLE_REF="132">plus</W>
			<L BOX="1064 1469 1288 1516"/>
			<W BOX="1064 1469 1158 1516" STYLE_REF="132">forte</W>
			<W BOX="1168 1469 1288 1516" STYLE_REF="132">raison</W>
			<L BOX="1064 1513 1270 1560"/>
			<W BOX="1064 1513 1153 1560" STYLE_REF="132">avec</W>
			<W BOX="1164 1513 1259 1560" STYLE_REF="132" NS="y">nous</W>
			<W BOX="1259 1513 1270 1560" STYLE_REF="132">.</W>
			<L BOX="1066 1592 1344 1610" P="S"/>
			<W BOX="1066 1592 1106 1610" STYLE_REF="133" NS="y">www</W>
			<W BOX="1106 1592 1110 1610" STYLE_REF="133" NS="y">.</W>
			<W BOX="1110 1592 1184 1610" STYLE_REF="133" NS="y">publicitas</W>
			<W BOX="1184 1592 1188 1610" STYLE_REF="133" NS="y">.</W>
			<W BOX="1188 1592 1206 1610" STYLE_REF="133" NS="y">ch</W>
			<W BOX="1206 1592 1212 1610" STYLE_REF="133" NS="y">/</W>
			<Q BOX="1212 1592 1271 1610" STYLE_REF="133" QID="1">lachaux</Q>
			<Q BOX="1270 1592 1276 1610" STYLE_REF="133" LH="y" QID="1">-</Q>
			<Q BOX="1276 1592 1296 1610" STYLE_REF="133" QID="1">de</Q>
			<Q BOX="1296 1592 1301 1610" STYLE_REF="133" LH="y" QID="1">-</Q>
			<q BOX="1301 1592 1344 1610" STYLE_REF="133" QID="1">fonds</q>
			<QW QID="1">lachaux-de-fonds</QW>
		</Primitive>
	</Content>
	<AdFrame>
		<Img BOX="1046 1302 1360 1742" ID="Ad0070501" HREF="/7/Img/Ad0070501.png" I_RES="130" TOC_ENTRY_ID="51" SEQ_NO="0"/>
	</AdFrame>
</XMD-entity>