<?xml version="1.0" encoding="windows-1252" standalone="no"?>
<XMD-entity REPOSITORY_FORMAT="1.0" PRXML_VER="2.2" ENTITY_TYPE="Ad" DOC_UID="IMP_03/03/2012" DOC_VER="1" FIRST_TOC_ENTRY_ID="54" DEPTH_LEVEL="1" INDEX_IN_DOC="54" PAGE_NO="7" ID="Ad00707" BOX="1360 1302 1693 1742" LANGUAGE="French" SNP="Ad00707S.png" SNP_WIDTH="91" SNP_HEIGHT="120">
	<Meta NAME="Untitled Ad" DESCRIPTION="" SUBTYPE="" BASE_HREF="IMP/2012/03/03" SOURCE_TYPE="TIFF" PUBLICATION="IMP" SECTION="Front Page" ISSUE_DATE="03/03/2012" WORDCNT="74" RELEASE_NO="113-IMP-2012-03-03-0001" PAGE_ID="" PAGE_TYPE="Single" PAGE_WIDTH="879" PAGE_HEIGHT="1304" DEFAULT_IMG_EXT="png" PDF_DESTINATION_MAPPED="OLV0_Entity_0007_0008" IMAGES_RESOLUTION="144" XMD_VER="2.6.241.4" PAGE_LABEL="7" TOTAL_CHARS_COUNT="0" SUSPICIOUS_CHARS_COUNT="0"/>
	<Link SOURCE="113-IMP-2012-03-03-0001.pdf" FIRST_ID="Ar00100" LAST_ID="Pc03613" NEXT_ID="Ad00708" PREV_ID="Ad00706" TOC_ID="W:/Repository/IMP/2012/03/03/TOC.xml"/>
	<DataFiles>
		<Files TYPE="DOC_PDF" PRESENT="1"/>
		<Files TYPE="PAGE_PDF" PRESENT="0"/>
		<Files TYPE="DOC_IMG" PRESENT="0"/>
		<Files TYPE="PAGE_IMG" PRESENT="0"/>
		<Files TYPE="PAGE_VIEW_IMG" PRESENT="1"/>
		<Files TYPE="PAGE_PREVIEW_IMG" PRESENT="1"/>
		<Files TYPE="PRIMITIVE_IMG" PRESENT="1"/>
		<Files TYPE="SNIPPET_IMG" PRESENT="1"/>
		<Files TYPE="SEGMENTATION" PRESENT="0"/>
	</DataFiles>
	<Content>
		<Primitive BOX="1360 1302 1694 1742" ID="Ad0070700" E="N" SEQ_NO="1" TOC_ENTRY_ID="54" DEPTH_LEVEL="1">
			<L BOX="1378 1323 1479 1355"/>
			<W BOX="1378 1323 1479 1355" STYLE_REF="131">DIVERS</W>
			<L BOX="1547 1540 1548 1540" P="S"/>
			<W BOX="1547 1540 1547 1540" STYLE_REF="90" NS="y">&lt;</W>
			<W BOX="1547 1540 1547 1540" STYLE_REF="90" NS="y">wm</W>
			<W BOX="1547 1540 1547 1540" STYLE_REF="90" NS="y">&gt;</W>
			<W BOX="1547 1540 1547 1540" STYLE_REF="90" NS="y">10</W>
			<W BOX="1547 1540 1547 1540" STYLE_REF="90" NS="y">CAsNsjY</W>
			<W BOX="1547 1540 1547 1540" STYLE_REF="90" NS="y">0</W>
			<W BOX="1547 1540 1547 1540" STYLE_REF="90" NS="y">MDQ</W>
			<W BOX="1547 1540 1547 1540" STYLE_REF="90" NS="y">20</W>
			<W BOX="1547 1540 1547 1540" STYLE_REF="90" NS="y">jUyNTAxMAIAFm</W>
			<W BOX="1547 1540 1547 1540" STYLE_REF="90" NS="y">9</W>
			<W BOX="1547 1540 1548 1540" STYLE_REF="90" NS="y">a</W>
			<W BOX="1548 1540 1548 1540" STYLE_REF="90" NS="y">9</W>
			<W BOX="1548 1540 1548 1540" STYLE_REF="90" NS="y">g</W>
			<W BOX="1548 1540 1548 1540" STYLE_REF="90" NS="y">8</W>
			<W BOX="1548 1540 1548 1540" STYLE_REF="90" NS="y">AAAA</W>
			<W BOX="1548 1540 1548 1540" STYLE_REF="90" NS="y">=</W>
			<W BOX="1548 1540 1548 1540" STYLE_REF="90" NS="y">&lt;/</W>
			<W BOX="1548 1540 1548 1540" STYLE_REF="90" NS="y">wm</W>
			<W BOX="1548 1540 1548 1540" STYLE_REF="90">&gt;</W>
			<L BOX="1527 1560 1530 1560"/>
			<W BOX="1527 1560 1527 1560" STYLE_REF="90" NS="y">&lt;</W>
			<W BOX="1527 1560 1527 1560" STYLE_REF="90" NS="y">wm</W>
			<W BOX="1527 1560 1527 1560" STYLE_REF="90" NS="y">&gt;</W>
			<W BOX="1527 1560 1527 1560" STYLE_REF="90" NS="y">10</W>
			<W BOX="1527 1560 1527 1560" STYLE_REF="90" NS="y">CFWMMQ</W>
			<W BOX="1527 1560 1527 1560" STYLE_REF="90" NS="y">7</W>
			<Q BOX="1527 1560 1527 1560" STYLE_REF="90" QID="1">CQAwEX</Q>
			<Q BOX="1527 1560 1527 1560" STYLE_REF="90" LH="y" QID="1">-</Q>
			<q BOX="1527 1560 1527 1560" STYLE_REF="90" NS="y" QID="1">TT</q>
			<QW QID="1">CQAwEX-TT</QW>
			<W BOX="1527 1560 1528 1560" STYLE_REF="90" NS="y">7</W>
			<W BOX="1528 1560 1528 1560" STYLE_REF="90" NS="y">vpMYlyidFEKlP</W>
			<W BOX="1528 1560 1528 1560" STYLE_REF="90" NS="y">6</W>
			<W BOX="1528 1560 1528 1560" STYLE_REF="90" NS="y">aiJr</W>
			<W BOX="1528 1560 1528 1560" STYLE_REF="90" NS="y">_</W>
			<W BOX="1528 1560 1528 1560" STYLE_REF="90" NS="y">V</W>
			<W BOX="1528 1560 1528 1560" STYLE_REF="90" NS="y">3</W>
			<W BOX="1528 1560 1528 1560" STYLE_REF="90" NS="y">B</W>
			<W BOX="1528 1560 1528 1560" STYLE_REF="90" NS="y">0</W>
			<W BOX="1528 1560 1528 1560" STYLE_REF="90" NS="y">FFvMaLT</W>
			<W BOX="1528 1560 1528 1560" STYLE_REF="90" NS="y">7</W>
			<W BOX="1528 1560 1528 1560" STYLE_REF="90" NS="y">XtHw</W>
			<W BOX="1528 1560 1528 1560" STYLE_REF="90" NS="y">22</W>
			<W BOX="1528 1560 1528 1560" STYLE_REF="90" NS="y">M</W>
			<W BOX="1528 1560 1528 1560" STYLE_REF="90" NS="y">7</W>
			<W BOX="1528 1560 1528 1560" STYLE_REF="90" NS="y">zu</W>
			<W BOX="1528 1560 1528 1560" STYLE_REF="90" NS="y">1</W>
			<W BOX="1528 1560 1529 1560" STYLE_REF="90" NS="y">ZBF</W>
			<W BOX="1529 1560 1529 1560" STYLE_REF="90" NS="y">2</W>
			<W BOX="1529 1560 1529 1560" STYLE_REF="90" NS="y">mQIeKsbalF</W>
			<Q BOX="1529 1560 1529 1560" STYLE_REF="90" QID="2">2</Q>
			<Q BOX="1529 1560 1529 1560" STYLE_REF="90" LH="y" QID="2">-</Q>
			<q BOX="1529 1560 1529 1560" STYLE_REF="90" NS="y" QID="2">9</q>
			<QW QID="2">2-9</QW>
			<W BOX="1529 1560 1529 1560" STYLE_REF="90" NS="y">dWRBSoG</W>
			<W BOX="1529 1560 1529 1560" STYLE_REF="90" NS="y">6</W>
			<W BOX="1529 1560 1529 1560" STYLE_REF="90" NS="y">M</W>
			<W BOX="1529 1560 1529 1560" STYLE_REF="90" NS="y">9</W>
			<W BOX="1529 1560 1529 1560" STYLE_REF="90" NS="y">w</W>
			<W BOX="1529 1560 1529 1560" STYLE_REF="90" NS="y">96</W>
			<W BOX="1529 1560 1529 1560" STYLE_REF="90" NS="y">PmXm</W>
			<W BOX="1529 1560 1529 1560" STYLE_REF="90" NS="y">1</W>
			<W BOX="1529 1560 1529 1560" STYLE_REF="90" NS="y">bAgTEbm</W>
			<W BOX="1529 1560 1529 1560" STYLE_REF="90" NS="y">5</W>
			<W BOX="1529 1560 1530 1560" STYLE_REF="90" NS="y">yDYaIhR</W>
			<W BOX="1530 1560 1530 1560" STYLE_REF="90" NS="y">5</W>
			<W BOX="1530 1560 1530 1560" STYLE_REF="90" NS="y">KDmg</W>
			<W BOX="1530 1560 1530 1560" STYLE_REF="90" NS="y">9</W>
			<W BOX="1530 1560 1530 1560" STYLE_REF="90" NS="y">fJ</W>
			<W BOX="1530 1560 1530 1560" STYLE_REF="90" NS="y">2</W>
			<W BOX="1530 1560 1530 1560" STYLE_REF="90" NS="y">pp</W>
			<Q BOX="1530 1560 1530 1560" STYLE_REF="90" QID="3">7</Q>
			<Q BOX="1530 1560 1530 1560" STYLE_REF="90" LH="y" QID="3">-</Q>
			<q BOX="1530 1560 1530 1560" STYLE_REF="90" NS="y" QID="3">v</q>
			<QW QID="3">7-v</QW>
			<W BOX="1530 1560 1530 1560" STYLE_REF="90" NS="y">1</W>
			<W BOX="1530 1560 1530 1560" STYLE_REF="90" NS="y">ARiAY</W>
			<W BOX="1530 1560 1530 1560" STYLE_REF="90" NS="y">1</W>
			<W BOX="1530 1560 1530 1560" STYLE_REF="90" NS="y">x</W>
			<W BOX="1530 1560 1530 1560" STYLE_REF="90" NS="y">_</W>
			<W BOX="1530 1560 1530 1560" STYLE_REF="90" NS="y">AAAA</W>
			<W BOX="1530 1560 1530 1560" STYLE_REF="90" NS="y">&lt;/</W>
			<W BOX="1530 1560 1530 1560" STYLE_REF="90" NS="y">wm</W>
			<W BOX="1530 1560 1530 1560" STYLE_REF="90">&gt;</W>
		</Primitive>
	</Content>
	<AdFrame>
		<Img BOX="1360 1302 1694 1742" ID="Ad0070701" HREF="/7/Img/Ad0070701.png" I_RES="130" TOC_ENTRY_ID="54" SEQ_NO="0"/>
	</AdFrame>
</XMD-entity>