<?xml version="1.0" encoding="windows-1252" standalone="no"?>
<XMD-PAGE REPOSITORY_FORMAT="1.0" PRXML_VER="2.2">
	<Meta ISSUE_DATE="03/03/2012" RELEASE_NO="113-IMP-2012-03-03-0001" PAGE_NO="7" NAME="" PAGE_LABEL="7" PAGE_TYPE="Single" PUBLISHER="Olive" PUBLICATION="IMP" SOURCE_TYPE="TIFF" SOURCE_RESOLUTION="72" IMAGES_RESOLUTION="144" PAGE_THUMBNAIL_RESOLUTION="72" PAGE_PREVIEW_RESOLUTION="15" DEFAULT_IMG_EXT="png" IMG_EXT="png" PREVIEW_IMG_EXT="png" XMD_VER="2.6.241.4" PROFILE_ID="W:\Batch\Profile\IMP-2012-03-03.ini" SECTION="Front Page" PAGE_WIDTH="879" PAGE_HEIGHT="1304" PAGES_NUMBER="36" BASE_HREF="IMP/2012/03/03" PDF_DESTINATION_MAPPED="OLV0_Page_0007" TOTAL_CHARS_COUNT="0" SUSPICIOUS_CHARS_COUNT="0">
		<Resolutions>
			<Resolution DEFAULT="true">72</Resolution>
			<Resolution>120</Resolution>
			<Resolution>144</Resolution>
		</Resolutions>
		<Links>
			<Lnk TYPE="URL" LNK_ID="LNK_7_0">
				<Target>www.suzuki.ch</Target>
			</Lnk>
			<Lnk TYPE="URL" LNK_ID="LNK_7_1">
				<Target>www.publicitas.ch/lachaux-de-fonds</Target>
			</Lnk>
			<Lnk TYPE="URL" LNK_ID="LNK_7_2">
				<Target>www.ctsbiel-bienne.ch</Target>
			</Lnk>
			<Lnk TYPE="URL" LNK_ID="LNK_7_3">
				<Target>www.idheap.ch/IPP</Target>
			</Lnk>
			<Lnk TYPE="URL" LNK_ID="LNK_7_4">
				<Target>www.epargne-logement-non.ch</Target>
			</Lnk>
			<Lnk TYPE="URL" LNK_ID="LNK_7_5">
				<Target>www.infoloto.ch</Target>
			</Lnk>
			<Sources>
				<Box LNK_ID="LNK_7_0">688 513 829 533</Box>
				<Box LNK_ID="LNK_7_1">533 796 672 805</Box>
				<Box LNK_ID="LNK_7_2">374 1041 442 1047</Box>
				<Box LNK_ID="LNK_7_3">663 1166 728 1174</Box>
				<Box LNK_ID="LNK_7_4">63 1256 131 1262</Box>
				<Box LNK_ID="LNK_7_5">332 1256 432 1265</Box>
			</Sources>
		</Links>
	</Meta>
	<Link SOURCE="113-IMP-2012-03-03-0001.pdf" NEXT_SECTION="" PREV_SECTION=""/>
	<DataFiles>
		<Files TYPE="DOC_PDF" PRESENT="1"/>
		<Files TYPE="PAGE_PDF" PRESENT="0"/>
		<Files TYPE="DOC_IMG" PRESENT="0"/>
		<Files TYPE="PAGE_IMG" PRESENT="0"/>
		<Files TYPE="PAGE_VIEW_IMG" PRESENT="1"/>
		<Files TYPE="PAGE_PREVIEW_IMG" PRESENT="1"/>
		<Files TYPE="PRIMITIVE_IMG" PRESENT="1"/>
		<Files TYPE="SNIPPET_IMG" PRESENT="1"/>
		<Files TYPE="SEGMENTATION" PRESENT="0"/>
	</DataFiles>
	<Entity ENTITY_TYPE="Ad" FIRST_TOC_ENTRY_ID="46" INDEX_IN_DOC="46" DEPTH_LEVEL="1" ID="Ad00700" SIZE="XLarge" BOX="28 29 847 651" NEXT_SECTION="" PREV_SECTION="" IMAGES_RESOLUTION="144" TOTAL_CHARS_COUNT="0" SUSPICIOUS_CHARS_COUNT="0" WORDCNT="370">
		<Name>Untitled Ad</Name>
		<Primitive ID="Ad0070000" BOX="28 29 847 651" ELEMENT_TYPE="Content" SEQ_NO="1" TOC_ENTRY_ID="46" DEPTH_LEVEL="1" E="N"/>
		<Primitive ID="Ad0070001" BOX="28 29 847 651" ELEMENT_TYPE="AdFrame" SEQ_NO="0" TOC_ENTRY_ID="46" DEPTH_LEVEL="1" I_RES="130"/>
	</Entity>
	<Entity ENTITY_TYPE="Ad" FIRST_TOC_ENTRY_ID="47" INDEX_IN_DOC="47" DEPTH_LEVEL="1" ID="Ad00701" SIZE="Small" BOX="28 651 273 875" NEXT_SECTION="" PREV_SECTION="" IMAGES_RESOLUTION="144" TOTAL_CHARS_COUNT="0" SUSPICIOUS_CHARS_COUNT="0" WORDCNT="0">
		<Name>Untitled Ad</Name>
		<Primitive ID="Ad0070100" BOX="28 651 273 875" ELEMENT_TYPE="Content" SEQ_NO="1" TOC_ENTRY_ID="47" DEPTH_LEVEL="1" E="N"/>
		<Primitive ID="Ad0070101" BOX="28 651 273 875" ELEMENT_TYPE="AdFrame" SEQ_NO="0" TOC_ENTRY_ID="47" DEPTH_LEVEL="1" I_RES="130"/>
	</Entity>
	<Entity ENTITY_TYPE="Ad" FIRST_TOC_ENTRY_ID="49" INDEX_IN_DOC="49" DEPTH_LEVEL="1" ID="Ad00702" SIZE="Medium" BOX="273 651 523 1063" NEXT_SECTION="" PREV_SECTION="" IMAGES_RESOLUTION="144" TOTAL_CHARS_COUNT="0" SUSPICIOUS_CHARS_COUNT="0" WORDCNT="44">
		<Name>Untitled Ad</Name>
		<Primitive ID="Ad0070200" BOX="273 651 523 1063" ELEMENT_TYPE="Content" SEQ_NO="1" TOC_ENTRY_ID="49" DEPTH_LEVEL="1" E="N"/>
		<Primitive ID="Ad0070201" BOX="273 651 523 1063" ELEMENT_TYPE="AdFrame" SEQ_NO="0" TOC_ENTRY_ID="49" DEPTH_LEVEL="1" I_RES="130"/>
	</Entity>
	<Entity ENTITY_TYPE="Ad" FIRST_TOC_ENTRY_ID="48" INDEX_IN_DOC="48" DEPTH_LEVEL="1" ID="Ad00703" SIZE="Medium" BOX="28 875 273 1275" NEXT_SECTION="" PREV_SECTION="" IMAGES_RESOLUTION="144" TOTAL_CHARS_COUNT="0" SUSPICIOUS_CHARS_COUNT="0" WORDCNT="97">
		<Name>Untitled Ad</Name>
		<Primitive ID="Ad0070300" BOX="28 875 273 1275" ELEMENT_TYPE="Content" SEQ_NO="1" TOC_ENTRY_ID="48" DEPTH_LEVEL="1" E="N"/>
		<Primitive ID="Ad0070301" BOX="28 875 273 1275" ELEMENT_TYPE="AdFrame" SEQ_NO="0" TOC_ENTRY_ID="48" DEPTH_LEVEL="1" I_RES="130"/>
	</Entity>
	<Entity ENTITY_TYPE="Ad" FIRST_TOC_ENTRY_ID="50" INDEX_IN_DOC="50" DEPTH_LEVEL="1" ID="Ad00704" SIZE="Small" BOX="273 1063 444 1275" NEXT_SECTION="" PREV_SECTION="" IMAGES_RESOLUTION="144" TOTAL_CHARS_COUNT="0" SUSPICIOUS_CHARS_COUNT="0" WORDCNT="51">
		<Name>Untitled Ad</Name>
		<Primitive ID="Ad0070400" BOX="273 1063 444 1275" ELEMENT_TYPE="Content" SEQ_NO="1" TOC_ENTRY_ID="50" DEPTH_LEVEL="1" E="N"/>
		<Primitive ID="Ad0070401" BOX="273 1063 444 1275" ELEMENT_TYPE="AdFrame" SEQ_NO="0" TOC_ENTRY_ID="50" DEPTH_LEVEL="1" I_RES="130"/>
	</Entity>
	<Entity ENTITY_TYPE="Ad" FIRST_TOC_ENTRY_ID="51" INDEX_IN_DOC="51" DEPTH_LEVEL="1" ID="Ad00705" SIZE="Small" BOX="523 651 680 871" NEXT_SECTION="" PREV_SECTION="" IMAGES_RESOLUTION="144" TOTAL_CHARS_COUNT="0" SUSPICIOUS_CHARS_COUNT="0" WORDCNT="19">
		<Name>Untitled Ad</Name>
		<Primitive ID="Ad0070500" BOX="523 651 680 871" ELEMENT_TYPE="Content" SEQ_NO="1" TOC_ENTRY_ID="51" DEPTH_LEVEL="1" E="N"/>
		<Primitive ID="Ad0070501" BOX="523 651 680 871" ELEMENT_TYPE="AdFrame" SEQ_NO="0" TOC_ENTRY_ID="51" DEPTH_LEVEL="1" I_RES="130"/>
	</Entity>
	<Entity ENTITY_TYPE="Ad" FIRST_TOC_ENTRY_ID="52" INDEX_IN_DOC="52" DEPTH_LEVEL="1" ID="Ad00706" SIZE="Small" BOX="523 871 600 1063" NEXT_SECTION="" PREV_SECTION="" IMAGES_RESOLUTION="144" TOTAL_CHARS_COUNT="0" SUSPICIOUS_CHARS_COUNT="0" WORDCNT="0">
		<Name>Untitled Ad</Name>
		<Primitive ID="Ad0070600" BOX="523 871 600 1063" ELEMENT_TYPE="Content" SEQ_NO="1" TOC_ENTRY_ID="52" DEPTH_LEVEL="1" E="N"/>
		<Primitive ID="Ad0070601" BOX="523 871 600 1063" ELEMENT_TYPE="AdFrame" SEQ_NO="0" TOC_ENTRY_ID="52" DEPTH_LEVEL="1" I_RES="130"/>
	</Entity>
	<Entity ENTITY_TYPE="Ad" FIRST_TOC_ENTRY_ID="54" INDEX_IN_DOC="54" DEPTH_LEVEL="1" ID="Ad00707" SIZE="Small" BOX="680 651 847 871" NEXT_SECTION="" PREV_SECTION="" IMAGES_RESOLUTION="144" TOTAL_CHARS_COUNT="0" SUSPICIOUS_CHARS_COUNT="0" WORDCNT="74">
		<Name>Untitled Ad</Name>
		<Primitive ID="Ad0070700" BOX="680 651 847 871" ELEMENT_TYPE="Content" SEQ_NO="1" TOC_ENTRY_ID="54" DEPTH_LEVEL="1" E="N"/>
		<Primitive ID="Ad0070701" BOX="680 651 847 871" ELEMENT_TYPE="AdFrame" SEQ_NO="0" TOC_ENTRY_ID="54" DEPTH_LEVEL="1" I_RES="130"/>
	</Entity>
	<Entity ENTITY_TYPE="Ad" FIRST_TOC_ENTRY_ID="53" INDEX_IN_DOC="53" DEPTH_LEVEL="1" ID="Ad00708" SIZE="Small" BOX="444 1063 602 1275" NEXT_SECTION="" PREV_SECTION="" IMAGES_RESOLUTION="144" TOTAL_CHARS_COUNT="0" SUSPICIOUS_CHARS_COUNT="0" WORDCNT="147">
		<Name>Untitled Ad</Name>
		<Primitive ID="Ad0070800" BOX="444 1063 602 1275" ELEMENT_TYPE="Content" SEQ_NO="1" TOC_ENTRY_ID="53" DEPTH_LEVEL="1" E="N"/>
		<Primitive ID="Ad0070801" BOX="444 1063 602 1275" ELEMENT_TYPE="AdFrame" SEQ_NO="0" TOC_ENTRY_ID="53" DEPTH_LEVEL="1" I_RES="130"/>
	</Entity>
	<Entity ENTITY_TYPE="Ad" FIRST_TOC_ENTRY_ID="55" INDEX_IN_DOC="55" DEPTH_LEVEL="1" ID="Ad00709" SIZE="Medium" BOX="600 871 847 1275" NEXT_SECTION="" PREV_SECTION="" IMAGES_RESOLUTION="144" TOTAL_CHARS_COUNT="0" SUSPICIOUS_CHARS_COUNT="0" WORDCNT="193">
		<Name>Untitled Ad</Name>
		<Primitive ID="Ad0070900" BOX="600 871 847 1275" ELEMENT_TYPE="Content" SEQ_NO="1" TOC_ENTRY_ID="55" DEPTH_LEVEL="1" E="N"/>
		<Primitive ID="Ad0070901" BOX="600 871 847 1275" ELEMENT_TYPE="AdFrame" SEQ_NO="0" TOC_ENTRY_ID="55" DEPTH_LEVEL="1" I_RES="130"/>
	</Entity>
</XMD-PAGE>