<?xml version="1.0" encoding="windows-1252" standalone="no"?>
<XMD-PAGE REPOSITORY_FORMAT="1.0" PRXML_VER="2.3">
	<Meta ISSUE_DATE="03/09/1901" RELEASE_NO="113-IMP-1901-09-03-0001" PAGE_NO="10" NAME="" PAGE_LABEL="10" PAGE_TYPE="Single" PUBLISHER="Olive" PUBLICATION="IMP" SOURCE_TYPE="TIFF" SOURCE_RESOLUTION="72" IMAGES_RESOLUTION="160" PAGE_THUMBNAIL_RESOLUTION="72" PAGE_PREVIEW_RESOLUTION="15" DEFAULT_IMG_EXT="png" IMG_EXT="png" PREVIEW_IMG_EXT="png" XMD_VER="2.8.100.5" PROFILE_ID="IMP-1901-09-03.ini" SECTION="None" PAGE_WIDTH="634" PAGE_HEIGHT="864" PAGES_NUMBER="10" BASE_HREF="IMP/1901/09/03" PDF_DESTINATION_MAPPED="OLV0_Page_0010" OCR_CONFIDENCE="0.999" TOTAL_CHARS_COUNT="4968" SUSPICIOUS_CHARS_COUNT="6">
		<Resolutions>
			<Resolution DEFAULT="true">72</Resolution>
			<Resolution>144</Resolution>
			<Resolution>160</Resolution>
		</Resolutions>
	</Meta>
	<Link SOURCE="113-IMP-1901-09-03-0001.pdf" NEXT_SECTION="" PREV_SECTION="1"/>
	<DataFiles>
		<Files TYPE="DOC_PDF" PRESENT="1"/>
		<Files TYPE="PAGE_PDF" PRESENT="0"/>
		<Files TYPE="DOC_IMG" PRESENT="0"/>
		<Files TYPE="PAGE_IMG" PRESENT="0"/>
		<Files TYPE="PAGE_VIEW_IMG" PRESENT="1"/>
		<Files TYPE="PAGE_PREVIEW_IMG" PRESENT="1"/>
		<Files TYPE="PRIMITIVE_IMG" PRESENT="1"/>
		<Files TYPE="SNIPPET_IMG" PRESENT="1"/>
		<Files TYPE="SEGMENTATION" PRESENT="0"/>
		<Files TYPE="PAGINATION_TEMPLATE_BACKGROUND" PRESENT="0"/>
		<Files TYPE="EXTERNAL_FONTS" PRESENT="0"/>
		<Files TYPE="PROFILE" PRESENT="0"/>
	</DataFiles>
	<Entity ENTITY_TYPE="Article" FIRST_TOC_ENTRY_ID="63" INDEX_IN_DOC="74" DEPTH_LEVEL="1" ID="Ar01000" SIZE="XLarge" BOX="322 78 576 821" NEXT_SECTION="" PREV_SECTION="1" CONTINUATION_TO="Ar00700" IMAGES_RESOLUTION="160" TOTAL_CHARS_COUNT="2459" SUSPICIOUS_CHARS_COUNT="4" WORDCNT="575">
		<Name>DEUXI�ME PARTIE LES DEUX FANTOMES</Name>
		<Primitive ID="Ar0100000" BOX="322 78 574 135" ELEMENT_TYPE="HedLine_hl1" SEQ_NO="2" TOC_ENTRY_ID="63" DEPTH_LEVEL="1" POPULAR_STYLE_REF="20"/>
		<Primitive ID="Ar0100001" BOX="322 135 574 490" ELEMENT_TYPE="Content" SEQ_NO="0" TOC_ENTRY_ID="63" DEPTH_LEVEL="1" POPULAR_STYLE_REF="2"/>
		<Primitive ID="Ar0100002" BOX="323 492 576 821" ELEMENT_TYPE="Content" SEQ_NO="1" TOC_ENTRY_ID="63" DEPTH_LEVEL="1" POPULAR_STYLE_REF="2"/>
	</Entity>
	<Entity ENTITY_TYPE="Article" FIRST_TOC_ENTRY_ID="62" INDEX_IN_DOC="73" DEPTH_LEVEL="1" ID="Ar01001" SIZE="XLarge" BOX="57 71 311 804" NEXT_SECTION="" PREV_SECTION="1" CONTINUATION_FROM="Ar00901" FIRST_CHUNK="Ar00800" IMAGES_RESOLUTION="160" LOGICAL_NAME="true" TOTAL_CHARS_COUNT="2509" SUSPICIOUS_CHARS_COUNT="2" WORDCNT="577">
		<Name>XjxJBa. FILLE DU REBOUTEUX</Name>
		<Primitive ID="Ar0100100" BOX="57 71 310 384" ELEMENT_TYPE="Content" SEQ_NO="0" TOC_ENTRY_ID="62" DEPTH_LEVEL="1" POPULAR_STYLE_REF="2"/>
		<Primitive ID="Ar0100101" BOX="57 386 310 546" ELEMENT_TYPE="Content" SEQ_NO="1" TOC_ENTRY_ID="62" DEPTH_LEVEL="1" POPULAR_STYLE_REF="2"/>
		<Primitive ID="Ar0100102" BOX="57 551 311 804" ELEMENT_TYPE="Content" SEQ_NO="2" TOC_ENTRY_ID="62" DEPTH_LEVEL="1" POPULAR_STYLE_REF="2"/>
	</Entity>
</XMD-PAGE>