<?xml version="1.0" encoding="windows-1252" standalone="no"?>
<XMD-PAGE REPOSITORY_FORMAT="1.0" PRXML_VER="2.3">
	<Meta ISSUE_DATE="13/09/1833" RELEASE_NO="113-JDF-1833-09-13-0001-ORIGNAME_09_13_01_9SPLIT" PAGE_NO="3" NAME="" PAGE_LABEL="3" PAGE_TYPE="Single" PUBLISHER="Olive" PUBLICATION="JDF" SOURCE_TYPE="TIFF" SOURCE_RESOLUTION="72" IMAGES_RESOLUTION="180" PAGE_THUMBNAIL_RESOLUTION="108" PAGE_PREVIEW_RESOLUTION="14" DEFAULT_IMG_EXT="png" IMG_EXT="png" PREVIEW_IMG_EXT="png" XMD_VER="2.8.200.8" PROFILE_ID="JDF-1833-09-13.ini" SECTION="None" PAGE_WIDTH="850" PAGE_HEIGHT="1134" PAGES_NUMBER="4" BASE_HREF="JDF/1833/09/13" PDF_DESTINATION_MAPPED="OLV0_Page_0003" OCR_CONFIDENCE="1.000" TOTAL_CHARS_COUNT="6932" SUSPICIOUS_CHARS_COUNT="0">
		<Resolutions>
			<Resolution DEFAULT="true">108</Resolution>
			<Resolution>155</Resolution>
			<Resolution>180</Resolution>
		</Resolutions>
	</Meta>
	<Link SOURCE="113-JDF-1833-09-13-0001-ORIGNAME_09_13_01_9SPLIT.pdf" NEXT_SECTION="" PREV_SECTION="1"/>
	<DataFiles>
		<Files TYPE="DOC_PDF" PRESENT="1"/>
		<Files TYPE="PAGE_PDF" PRESENT="0"/>
		<Files TYPE="DOC_IMG" PRESENT="0"/>
		<Files TYPE="PAGE_IMG" PRESENT="0"/>
		<Files TYPE="PAGE_VIEW_IMG" PRESENT="1"/>
		<Files TYPE="PAGE_PREVIEW_IMG" PRESENT="1"/>
		<Files TYPE="PRIMITIVE_IMG" PRESENT="1"/>
		<Files TYPE="SNIPPET_IMG" PRESENT="1"/>
		<Files TYPE="SEGMENTATION" PRESENT="0"/>
		<Files TYPE="PAGINATION_TEMPLATE_BACKGROUND" PRESENT="0"/>
		<Files TYPE="EXTERNAL_FONTS" PRESENT="0"/>
		<Files TYPE="PROFILE" PRESENT="0"/>
	</DataFiles>
	<Entity ENTITY_TYPE="Article" FIRST_TOC_ENTRY_ID="4" INDEX_IN_DOC="6" DEPTH_LEVEL="1" ID="Ar00300" SIZE="XLarge" BOX="20 39 413 1121" NEXT_SECTION="" PREV_SECTION="1" CONTINUATION_TO="Ar00301" IMAGES_RESOLUTION="180" LOGICAL_NAME="true" TOTAL_CHARS_COUNT="3257" SUSPICIOUS_CHARS_COUNT="0" WORDCNT="775">
		<Name>onvaincu que si son gouvernement �lait a...</Name>
		<Primitive ID="Ar0030000" BOX="23 39 413 191" ELEMENT_TYPE="Content" SEQ_NO="0" TOC_ENTRY_ID="4" DEPTH_LEVEL="1" POPULAR_STYLE_REF="6"/>
		<Primitive ID="Ar0030001" BOX="23 189 413 296" ELEMENT_TYPE="Content" SEQ_NO="1" TOC_ENTRY_ID="4" DEPTH_LEVEL="1" POPULAR_STYLE_REF="6"/>
		<Primitive ID="Ar0030002" BOX="21 296 411 419" ELEMENT_TYPE="Content" SEQ_NO="2" TOC_ENTRY_ID="4" DEPTH_LEVEL="1" POPULAR_STYLE_REF="6"/>
		<Primitive ID="Ar0030003" BOX="21 420 405 452" ELEMENT_TYPE="Content" SEQ_NO="3" TOC_ENTRY_ID="4" DEPTH_LEVEL="1" POPULAR_STYLE_REF="6"/>
		<Primitive ID="Ar0030004" BOX="21 474 411 630" ELEMENT_TYPE="Content" SEQ_NO="4" TOC_ENTRY_ID="4" DEPTH_LEVEL="1" POPULAR_STYLE_REF="6"/>
		<Primitive ID="Ar0030005" BOX="21 629 411 762" ELEMENT_TYPE="Content" SEQ_NO="5" TOC_ENTRY_ID="4" DEPTH_LEVEL="1" POPULAR_STYLE_REF="6"/>
		<Primitive ID="Ar0030006" BOX="20 762 411 896" ELEMENT_TYPE="Content" SEQ_NO="6" TOC_ENTRY_ID="4" DEPTH_LEVEL="1" POPULAR_STYLE_REF="6"/>
		<Primitive ID="Ar0030007" BOX="20 896 411 999" ELEMENT_TYPE="Content" SEQ_NO="7" TOC_ENTRY_ID="4" DEPTH_LEVEL="1" POPULAR_STYLE_REF="6"/>
		<Primitive ID="Ar0030008" BOX="20 995 410 1121" ELEMENT_TYPE="Content" SEQ_NO="8" TOC_ENTRY_ID="4" DEPTH_LEVEL="1" POPULAR_STYLE_REF="6"/>
	</Entity>
	<Entity ENTITY_TYPE="Article" FIRST_TOC_ENTRY_ID="4" INDEX_IN_DOC="7" DEPTH_LEVEL="1" ID="Ar00301" SIZE="XLarge" BOX="435 36 828 1121" NEXT_SECTION="" PREV_SECTION="1" CONTINUATION_FROM="Ar00300" FIRST_CHUNK="Ar00300" IMAGES_RESOLUTION="180" LOGICAL_NAME="true" TOTAL_CHARS_COUNT="3675" SUSPICIOUS_CHARS_COUNT="0" WORDCNT="822">
		<Name>onvaincu que si son gouvernement �lait a...</Name>
		<Primitive ID="Ar0030100" BOX="438 36 827 186" ELEMENT_TYPE="Content" SEQ_NO="0" TOC_ENTRY_ID="4" DEPTH_LEVEL="1" POPULAR_STYLE_REF="6"/>
		<Primitive ID="Ar0030101" BOX="437 185 827 305" ELEMENT_TYPE="Content" SEQ_NO="1" TOC_ENTRY_ID="4" DEPTH_LEVEL="1" POPULAR_STYLE_REF="6"/>
		<Primitive ID="Ar0030102" BOX="437 305 828 440" ELEMENT_TYPE="Content" SEQ_NO="2" TOC_ENTRY_ID="4" DEPTH_LEVEL="1" POPULAR_STYLE_REF="6"/>
		<Primitive ID="Ar0030103" BOX="438 441 828 588" ELEMENT_TYPE="Content" SEQ_NO="3" TOC_ENTRY_ID="4" DEPTH_LEVEL="1" POPULAR_STYLE_REF="6"/>
		<Primitive ID="Ar0030104" BOX="437 585 828 734" ELEMENT_TYPE="Content" SEQ_NO="4" TOC_ENTRY_ID="4" DEPTH_LEVEL="1" POPULAR_STYLE_REF="6"/>
		<Primitive ID="Ar0030105" BOX="437 732 827 882" ELEMENT_TYPE="Content" SEQ_NO="5" TOC_ENTRY_ID="4" DEPTH_LEVEL="1" POPULAR_STYLE_REF="6"/>
		<Primitive ID="Ar0030106" BOX="435 882 825 999" ELEMENT_TYPE="Content" SEQ_NO="6" TOC_ENTRY_ID="4" DEPTH_LEVEL="1" POPULAR_STYLE_REF="6"/>
		<Primitive ID="Ar0030107" BOX="435 1001 825 1121" ELEMENT_TYPE="Content" SEQ_NO="7" TOC_ENTRY_ID="4" DEPTH_LEVEL="1" POPULAR_STYLE_REF="6"/>
	</Entity>
</XMD-PAGE>