<?xml version="1.0" encoding="windows-1252" standalone="no"?>
<XMD-entity REPOSITORY_FORMAT="1.0" PRXML_VER="2.2" ENTITY_TYPE="Ad" DOC_UID="IMP_03/03/2012" DOC_VER="1" FIRST_TOC_ENTRY_ID="82" DEPTH_LEVEL="1" INDEX_IN_DOC="82" PAGE_NO="11" ID="Ad01102" BOX="1379 62 1692 403" LANGUAGE="French" SNP="Ad01102S.png" SNP_WIDTH="110" SNP_HEIGHT="120">
	<Meta NAME="Untitled Ad" DESCRIPTION="" SUBTYPE="" BASE_HREF="IMP/2012/03/03" SOURCE_TYPE="TIFF" PUBLICATION="IMP" SECTION="Front Page" ISSUE_DATE="03/03/2012" WORDCNT="23" RELEASE_NO="113-IMP-2012-03-03-0001" PAGE_ID="" PAGE_TYPE="Single" PAGE_WIDTH="879" PAGE_HEIGHT="1304" DEFAULT_IMG_EXT="png" PDF_DESTINATION_MAPPED="OLV0_Entity_0011_0003" IMAGES_RESOLUTION="144" XMD_VER="2.6.241.4" PAGE_LABEL="11" TOTAL_CHARS_COUNT="56" SUSPICIOUS_CHARS_COUNT="0"/>
	<Link SOURCE="113-IMP-2012-03-03-0001.pdf" FIRST_ID="Ar00100" LAST_ID="Pc03613" NEXT_ID="Ad01103" PREV_ID="Pc01101" TOC_ID="W:/Repository/IMP/2012/03/03/TOC.xml"/>
	<DataFiles>
		<Files TYPE="DOC_PDF" PRESENT="1"/>
		<Files TYPE="PAGE_PDF" PRESENT="0"/>
		<Files TYPE="DOC_IMG" PRESENT="0"/>
		<Files TYPE="PAGE_IMG" PRESENT="0"/>
		<Files TYPE="PAGE_VIEW_IMG" PRESENT="1"/>
		<Files TYPE="PAGE_PREVIEW_IMG" PRESENT="1"/>
		<Files TYPE="PRIMITIVE_IMG" PRESENT="1"/>
		<Files TYPE="SNIPPET_IMG" PRESENT="1"/>
		<Files TYPE="SEGMENTATION" PRESENT="0"/>
	</DataFiles>
	<Content>
		<Primitive BOX="1625 101 1670 124" ID="Ad0110200" E="N" SEQ_NO="1" TOC_ENTRY_ID="82" DEPTH_LEVEL="1">
			<L BOX="1625 101 1670 124"/>
			<W BOX="1625 101 1670 124" STYLE_REF="1">OFFRES</W>
		</Primitive>
		<Primitive BOX="1421 113 1441 125" ID="Ad0110201" E="N" SEQ_NO="2" TOC_ENTRY_ID="82" DEPTH_LEVEL="1">
			<L BOX="1421 113 1441 125"/>
			<W BOX="1421 113 1441 125" STYLE_REF="1">400</W>
		</Primitive>
		<Primitive BOX="1476 127 1551 162" ID="Ad0110202" E="N" SEQ_NO="3" TOC_ENTRY_ID="82" DEPTH_LEVEL="1">
			<L BOX="1476 126 1551 162"/>
			<W BOX="1476 126 1551 162" STYLE_REF="1">NOUVELLES</W>
		</Primitive>
		<Primitive BOX="1560 156 1587 172" ID="Ad0110203" E="N" SEQ_NO="4" TOC_ENTRY_ID="82" DEPTH_LEVEL="1">
			<L BOX="1560 156 1587 172"/>
			<W BOX="1560 156 1587 172" STYLE_REF="1">JOUR</W>
		</Primitive>
		<Primitive BOX="1451 174 1503 200" ID="Ad0110204" E="N" SEQ_NO="5" TOC_ENTRY_ID="82" DEPTH_LEVEL="1">
			<L BOX="1451 174 1503 200"/>
			<W BOX="1451 174 1503 200" STYLE_REF="1">CHAQUE</W>
		</Primitive>
		<Primitive BOX="1425 300 1680 318" ID="Ad0110205" E="N" SEQ_NO="6" TOC_ENTRY_ID="82" DEPTH_LEVEL="1">
			<L BOX="1425 300 1680 318"/>
			<W BOX="1425 300 1487 318" STYLE_REF="1">TROUVEZ</W>
			<W BOX="1491 300 1507 318" STYLE_REF="1">LE</W>
			<W BOX="1511 300 1538 318" STYLE_REF="1">JOB</W>
			<W BOX="1542 300 1565 318" STYLE_REF="1">QUI</W>
			<W BOX="1569 300 1605 318" STYLE_REF="1">VOUS</W>
			<W BOX="1609 300 1677 318" STYLE_REF="1" NS="y">CONVIENT</W>
			<W BOX="1676 300 1680 318" STYLE_REF="1">.</W>
		</Primitive>
		<Primitive BOX="1379 62 1692 403" ID="Ad0110206" E="N" SEQ_NO="7" TOC_ENTRY_ID="82" DEPTH_LEVEL="1"/>
	</Content>
	<AdFrame>
		<Img BOX="1379 62 1692 403" ID="Ad0110207" HREF="/11/Img/Ad0110207.png" TOC_ENTRY_ID="82" SEQ_NO="0"/>
	</AdFrame>
</XMD-entity>