<?xml version="1.0" encoding="windows-1252" standalone="no"?>
<XMD-PAGE REPOSITORY_FORMAT="1.0" PRXML_VER="2.2">
	<Meta ISSUE_DATE="03/03/2012" RELEASE_NO="113-IMP-2012-03-03-0001" PAGE_NO="10" NAME="" PAGE_LABEL="10" PAGE_TYPE="Single" PUBLISHER="Olive" PUBLICATION="IMP" SOURCE_TYPE="TIFF" SOURCE_RESOLUTION="72" IMAGES_RESOLUTION="144" PAGE_THUMBNAIL_RESOLUTION="72" PAGE_PREVIEW_RESOLUTION="15" DEFAULT_IMG_EXT="png" IMG_EXT="png" PREVIEW_IMG_EXT="png" XMD_VER="2.6.241.4" PROFILE_ID="W:\Batch\Profile\IMP-2012-03-03.ini" SECTION="Front Page" PAGE_WIDTH="879" PAGE_HEIGHT="1304" PAGES_NUMBER="36" BASE_HREF="IMP/2012/03/03" PDF_DESTINATION_MAPPED="OLV0_Page_0010" TOTAL_CHARS_COUNT="2348" SUSPICIOUS_CHARS_COUNT="0">
		<Resolutions>
			<Resolution DEFAULT="true">72</Resolution>
			<Resolution>120</Resolution>
			<Resolution>144</Resolution>
		</Resolutions>
		<Links>
			<Lnk TYPE="PG" LNK_ID="LNK_10_0" LNK_ROLE="SPG">
				<LnkLabel>21</LnkLabel>
				<Target>IMP/2012/03/03/21/Pg021.xml</Target>
			</Lnk>
			<Lnk TYPE="URL" LNK_ID="LNK_10_1">
				<Target>www.o-s-d.ch</Target>
			</Lnk>
			<Lnk TYPE="URL" LNK_ID="LNK_10_2">
				<Target>www.saltimbanques.ch</Target>
			</Lnk>
			<Lnk TYPE="URL" LNK_ID="LNK_10_3">
				<Target>www.landrover.ch</Target>
			</Lnk>
			<Sources>
				<Box LNK_ID="LNK_10_0">492 361 522 371</Box>
				<Box LNK_ID="LNK_10_1">590 879 641 888</Box>
				<Box LNK_ID="LNK_10_2">709 948 793 957</Box>
				<Box LNK_ID="LNK_10_3">47 1235 141 1245</Box>
			</Sources>
		</Links>
	</Meta>
	<Link SOURCE="113-IMP-2012-03-03-0001.pdf" NEXT_SECTION="" PREV_SECTION=""/>
	<DataFiles>
		<Files TYPE="DOC_PDF" PRESENT="1"/>
		<Files TYPE="PAGE_PDF" PRESENT="0"/>
		<Files TYPE="DOC_IMG" PRESENT="0"/>
		<Files TYPE="PAGE_IMG" PRESENT="0"/>
		<Files TYPE="PAGE_VIEW_IMG" PRESENT="1"/>
		<Files TYPE="PAGE_PREVIEW_IMG" PRESENT="1"/>
		<Files TYPE="PRIMITIVE_IMG" PRESENT="1"/>
		<Files TYPE="SNIPPET_IMG" PRESENT="1"/>
		<Files TYPE="SEGMENTATION" PRESENT="0"/>
	</DataFiles>
	<Entity ENTITY_TYPE="Article" FIRST_TOC_ENTRY_ID="73" INDEX_IN_DOC="73" DEPTH_LEVEL="1" ID="Ar01000" SIZE="Large" BOX="25 121 844 510" NEXT_SECTION="" PREV_SECTION="" IMAGES_RESOLUTION="144" TOTAL_CHARS_COUNT="189" SUSPICIOUS_CHARS_COUNT="0" WORDCNT="41">
		<Name>Internement � vie pour un violeur</Name>
		<Primitive ID="Ar0100000" BOX="28 173 844 231" ELEMENT_TYPE="HedLine_hl1" SEQ_NO="0" TOC_ENTRY_ID="73" DEPTH_LEVEL="1"/>
		<Primitive ID="Ar0100001" BOX="28 121 844 173" ELEMENT_TYPE="Content" SEQ_NO="1" TOC_ENTRY_ID="73" DEPTH_LEVEL="1"/>
		<Primitive ID="Ar0100002" BOX="25 246 159 510" ELEMENT_TYPE="Content" SEQ_NO="2" TOC_ENTRY_ID="73" DEPTH_LEVEL="1"/>
		<Primitive ID="Ar0100003" BOX="164 244 298 510" ELEMENT_TYPE="Content" SEQ_NO="3" TOC_ENTRY_ID="73" DEPTH_LEVEL="1"/>
		<Primitive ID="Ar0100004" BOX="303 244 437 510" ELEMENT_TYPE="Content" SEQ_NO="4" TOC_ENTRY_ID="73" DEPTH_LEVEL="1"/>
		<Primitive ID="Ar0100005" BOX="442 244 576 510" ELEMENT_TYPE="Content" SEQ_NO="5" TOC_ENTRY_ID="73" DEPTH_LEVEL="1"/>
		<Primitive ID="Ar0100006" BOX="582 497 792 509" ELEMENT_TYPE="Content" SEQ_NO="6" TOC_ENTRY_ID="73" DEPTH_LEVEL="1"/>
	</Entity>
	<Entity ENTITY_TYPE="Picture" FIRST_TOC_ENTRY_ID="74" INDEX_IN_DOC="74" DEPTH_LEVEL="2" ID="Pc01001" SIZE="Small" BOX="582 248 854 495" NEXT_SECTION="" PREV_SECTION="" EMBEDDED_INTO="Ar01000" EMBEDDED_AFTER="Ar0100000" IMAGES_RESOLUTION="144" TOTAL_CHARS_COUNT="0" SUSPICIOUS_CHARS_COUNT="0" WORDCNT="0">
		<Name>Untitled Picture</Name>
		<Primitive ID="Pc0100100" BOX="582 248 854 495" ELEMENT_TYPE="Picture" SEQ_NO="0" TOC_ENTRY_ID="74" DEPTH_LEVEL="2" IMG_EXT="jpg"/>
	</Entity>
	<Entity ENTITY_TYPE="Ad" FIRST_TOC_ENTRY_ID="75" INDEX_IN_DOC="75" DEPTH_LEVEL="1" ID="Ad01002" SIZE="XLarge" BOX="26 522 573 1279" NEXT_SECTION="" PREV_SECTION="" IMAGES_RESOLUTION="144" TOTAL_CHARS_COUNT="528" SUSPICIOUS_CHARS_COUNT="0" WORDCNT="237">
		<Name>Untitled Ad</Name>
		<Primitive ID="Ad0100200" BOX="28 527 48 533" ELEMENT_TYPE="Content" SEQ_NO="1" TOC_ENTRY_ID="75" DEPTH_LEVEL="1"/>
		<Primitive ID="Ad0100201" BOX="65 1038 402 1169" ELEMENT_TYPE="Content" SEQ_NO="2" TOC_ENTRY_ID="75" DEPTH_LEVEL="1"/>
		<Primitive ID="Ad0100202" BOX="47 1235 141 1247" ELEMENT_TYPE="Content" SEQ_NO="3" TOC_ENTRY_ID="75" DEPTH_LEVEL="1"/>
		<Primitive ID="Ad0100203" BOX="26 522 573 1279" ELEMENT_TYPE="Content" SEQ_NO="4" TOC_ENTRY_ID="75" DEPTH_LEVEL="1" E="N"/>
		<Primitive ID="Ad0100204" BOX="26 522 573 1279" ELEMENT_TYPE="AdFrame" SEQ_NO="0" TOC_ENTRY_ID="75" DEPTH_LEVEL="1" I_RES="54"/>
	</Entity>
	<Entity ENTITY_TYPE="Article" FIRST_TOC_ENTRY_ID="77" INDEX_IN_DOC="77" DEPTH_LEVEL="1" ID="Ar01003" SIZE="Small" BOX="578 971 856 1093" NEXT_SECTION="" PREV_SECTION="" IMAGES_RESOLUTION="144" TOTAL_CHARS_COUNT="0" SUSPICIOUS_CHARS_COUNT="0" WORDCNT="0">
		<Name>Untitled Article</Name>
		<Primitive ID="Ar0100300" BOX="578 1000 856 1016" ELEMENT_TYPE="HedLine_hl1" SEQ_NO="2" TOC_ENTRY_ID="77" DEPTH_LEVEL="1"/>
		<Primitive ID="Ar0100301" BOX="578 971 856 1000" ELEMENT_TYPE="Content" SEQ_NO="0" TOC_ENTRY_ID="77" DEPTH_LEVEL="1"/>
		<Primitive ID="Ar0100302" BOX="578 1016 856 1093" ELEMENT_TYPE="Content" SEQ_NO="1" TOC_ENTRY_ID="77" DEPTH_LEVEL="1"/>
	</Entity>
	<Entity ENTITY_TYPE="Article" FIRST_TOC_ENTRY_ID="76" INDEX_IN_DOC="76" DEPTH_LEVEL="1" ID="Ar01004" SIZE="Medium" BOX="578 523 856 971" NEXT_SECTION="" PREV_SECTION="" IMAGES_RESOLUTION="144" TOTAL_CHARS_COUNT="1631" SUSPICIOUS_CHARS_COUNT="0" WORDCNT="386">
		<Name>M�MENTO</Name>
		<Primitive ID="Ar0100400" BOX="578 523 856 553" ELEMENT_TYPE="HedLine_hl1" SEQ_NO="2" TOC_ENTRY_ID="76" DEPTH_LEVEL="1"/>
		<Primitive ID="Ar0100401" BOX="578 553 856 751" ELEMENT_TYPE="Content" SEQ_NO="0" TOC_ENTRY_ID="76" DEPTH_LEVEL="1"/>
		<Primitive ID="Ar0100402" BOX="578 751 856 971" ELEMENT_TYPE="Content" SEQ_NO="1" TOC_ENTRY_ID="76" DEPTH_LEVEL="1"/>
	</Entity>
	<Entity ENTITY_TYPE="Article" FIRST_TOC_ENTRY_ID="78" INDEX_IN_DOC="78" DEPTH_LEVEL="1" ID="Ar01005" SIZE="Small" BOX="578 1093 856 1199" NEXT_SECTION="" PREV_SECTION="" IMAGES_RESOLUTION="144" TOTAL_CHARS_COUNT="0" SUSPICIOUS_CHARS_COUNT="0" WORDCNT="0">
		<Name>Untitled Article</Name>
		<Primitive ID="Ar0100500" BOX="578 1093 856 1112" ELEMENT_TYPE="HedLine_hl1" SEQ_NO="1" TOC_ENTRY_ID="78" DEPTH_LEVEL="1"/>
		<Primitive ID="Ar0100501" BOX="578 1112 856 1199" ELEMENT_TYPE="Content" SEQ_NO="0" TOC_ENTRY_ID="78" DEPTH_LEVEL="1"/>
	</Entity>
	<Entity ENTITY_TYPE="Article" FIRST_TOC_ENTRY_ID="79" INDEX_IN_DOC="79" DEPTH_LEVEL="1" ID="Ar01006" SIZE="Small" BOX="578 1199 856 1265" NEXT_SECTION="" PREV_SECTION="" IMAGES_RESOLUTION="144" TOTAL_CHARS_COUNT="0" SUSPICIOUS_CHARS_COUNT="0" WORDCNT="0">
		<Name>Untitled Article</Name>
		<Primitive ID="Ar0100600" BOX="578 1199 856 1221" ELEMENT_TYPE="HedLine_hl1" SEQ_NO="1" TOC_ENTRY_ID="79" DEPTH_LEVEL="1"/>
		<Primitive ID="Ar0100601" BOX="578 1221 856 1265" ELEMENT_TYPE="Content" SEQ_NO="0" TOC_ENTRY_ID="79" DEPTH_LEVEL="1"/>
	</Entity>
</XMD-PAGE>