<?xml version="1.0" encoding="windows-1252" standalone="no"?>
<XMD-entity REPOSITORY_FORMAT="1.0" PRXML_VER="2.2" ENTITY_TYPE="Article" DOC_UID="GDL_23/06/1807" DOC_VER="1" FIRST_TOC_ENTRY_ID="2" DEPTH_LEVEL="1" INDEX_IN_DOC="2" PAGE_NO="1" ID="Ar00103" BOX="15 125 821 290" LANGUAGE="French" SNP="Ar00103S.png" SNP_WIDTH="807" SNP_HEIGHT="121">
	<Meta NAME="Untitled Article" DESCRIPTION="" SUBTYPE="" BASE_HREF="GDL/1807/06/23" SOURCE_TYPE="TIFF" PUBLICATION="GDL" SECTION="Front page" ISSUE_DATE="23/06/1807" WORDCNT="27" RELEASE_NO="103-GDL-1807-06-23-0001" PAGE_ID="" PAGE_TYPE="Single" PAGE_WIDTH="594" PAGE_HEIGHT="1014" DEFAULT_IMG_EXT="png" PDF_DESTINATION_MAPPED="OLV0_Entity_0001_0004" IMAGES_RESOLUTION="180" XMD_VER="2.6.241.4" PAGE_LABEL="1" TOTAL_CHARS_COUNT="83" SUSPICIOUS_CHARS_COUNT="0"/>
	<Link SOURCE="103-GDL-1807-06-23-0001.pdf" FIRST_ID="Ar00100" LAST_ID="Ar00103" NEXT_ID="" PREV_ID="Ar00102" TOC_ID="W:/Repository/GDL/1807/06/23/TOC.xml"/>
	<DataFiles>
		<Files TYPE="DOC_PDF" PRESENT="1"/>
		<Files TYPE="PAGE_PDF" PRESENT="1"/>
		<Files TYPE="DOC_IMG" PRESENT="0"/>
		<Files TYPE="PAGE_IMG" PRESENT="1"/>
		<Files TYPE="PAGE_VIEW_IMG" PRESENT="1"/>
		<Files TYPE="PAGE_PREVIEW_IMG" PRESENT="1"/>
		<Files TYPE="PRIMITIVE_IMG" PRESENT="1"/>
		<Files TYPE="SNIPPET_IMG" PRESENT="1"/>
		<Files TYPE="SEGMENTATION" PRESENT="1"/>
	</DataFiles>
	<Content>
		<Primitive BOX="15 125 821 290" ID="Ar0010300" SEQ_NO="0" TOC_ENTRY_ID="2" DEPTH_LEVEL="1">
			<L BOX="63 138 402 159"/>
			<W BOX="63 138 79 159" STYLE_REF="3">A</W>
			<W BOX="98 138 278 159" STYLE_REF="3" NS="y">LAUSANNE</W>
			<W BOX="287 138 292 159" STYLE_REF="3">,</W>
			<W BOX="327 138 333 159" STYLE_REF="3">/</W>
			<W BOX="356 138 402 159" STYLE_REF="3">XTo</W>
			<L BOX="45 151 378 178"/>
			<W BOX="45 156 137 178" STYLE_REF="3">Imprimeur</W>
			<W BOX="148 156 165 178" STYLE_REF="3">&amp;</W>
			<W BOX="174 156 241 178" STYLE_REF="3" NS="y">�diteur</W>
			<W BOX="241 156 247 178" STYLE_REF="3">.</W>
			<W BOX="257 156 271 178" STYLE_REF="3">Il</W>
			<W BOX="281 156 315 178" STYLE_REF="3">faut</W>
			<W BOX="329 156 345 178" STYLE_REF="3">V</W>
			<W BOX="365 151 369 166" STYLE_REF="6">l</W>
			<W BOX="369 156 378 178" STYLE_REF="2">^</W>
			<L BOX="73 192 741 241"/>
			<W BOX="73 192 304 241" STYLE_REF="7">GAZETTE</W>
			<W BOX="347 192 416 241" STYLE_REF="7" NS="y">D�</W>
			<W BOX="415 192 439 241" STYLE_REF="7" NS="y">^</W>
			<Q BOX="439 192 507 241" STYLE_REF="7" QID="1">LA</Q>
			<Q BOX="506 192 523 241" STYLE_REF="7" LH="y" QID="1">-</Q>
			<q BOX="523 192 729 241" STYLE_REF="7" NS="y" QID="1">USANNE</q>
			<QW QID="1">LA-USANNE</QW>
			<W BOX="728 192 741 241" STYLE_REF="7">.</W>
			<L BOX="218 248 612 283"/>
			<W BOX="218 248 311 283" STYLE_REF="8">Mardi</W>
			<W BOX="362 248 399 283" STYLE_REF="9">23</W>
			<W BOX="415 248 479 283" STYLE_REF="8">Juin</W>
			<W BOX="509 248 580 283" STYLE_REF="9" NS="y">1807</W>
			<W BOX="579 248 588 283" STYLE_REF="9">.</W>
			<W BOX="597 248 612 283" STYLE_REF="9">"</W>
			<L BOX="316 140 504 297"/>
			<W BOX="316 282 320 297" STYLE_REF="10">J</W>
			<W BOX="428 140 488 185" STYLE_REF="12" NS="y">Sfr</W>
			<W BOX="488 140 504 185" STYLE_REF="12">)</W>
		</Primitive>
	</Content>
</XMD-entity>