<?xml version="1.0" encoding="windows-1252" standalone="no"?>
<XMD-PAGE REPOSITORY_FORMAT="1.0" PRXML_VER="2.2">
	<Meta SINGLE_PAGE_PDF_NAME="/Res/PDF/Pg0001_s_0001.pdf" ISSUE_DATE="23/06/1807" RELEASE_NO="103-GDL-1807-06-23-0001" PAGE_NO="1" NAME="" PAGE_LABEL="1" PAGE_TYPE="Single" PUBLISHER="Olive" PUBLICATION="GDL" SOURCE_TYPE="TIFF" SOURCE_RESOLUTION="72" IMAGES_RESOLUTION="180" PAGE_THUMBNAIL_RESOLUTION="130" PAGE_PREVIEW_RESOLUTION="14" DEFAULT_IMG_EXT="png" IMG_EXT="png" PREVIEW_IMG_EXT="png" XMD_VER="2.6.241.4" PROFILE_ID="W:\Batch\Profile\GDL-1807-06-23.ini" SECTION="Front page" PAGE_WIDTH="594" PAGE_HEIGHT="1014" PAGES_NUMBER="12" BASE_HREF="GDL/1807/06/23" PDF_DESTINATION_MAPPED="OLV0_Page_0001" TOTAL_CHARS_COUNT="2653" SUSPICIOUS_CHARS_COUNT="0">
		<Resolutions>
			<Resolution DEFAULT="true">130</Resolution>
			<Resolution>160</Resolution>
			<Resolution>180</Resolution>
		</Resolutions>
	</Meta>
	<Link SOURCE="103-GDL-1807-06-23-0001.pdf" NEXT_SECTION="2" PREV_SECTION=""/>
	<DataFiles>
		<Files TYPE="DOC_PDF" PRESENT="1"/>
		<Files TYPE="PAGE_PDF" PRESENT="1"/>
		<Files TYPE="DOC_IMG" PRESENT="0"/>
		<Files TYPE="PAGE_IMG" PRESENT="1" BYTEORDER="little_endian" COMPRESSIONSCHEME="LZW" IMAGE_WIDTH="1369" IMAGE_HEIGHT="2338" COLORSPACE="BlackIsZero" BITSPERSAMPLE="8" SAMPLESPERPIXEL="1" XRESOLUTION_DPI="300" YRESOLUTION_DPI="300" MIMETYPE="image/tiff" IMG_EXT="tif" MEDIA_BOX="0 0 1368 2337" CROP_BOX="0 0 1368 2337"/>
		<Files TYPE="PAGE_VIEW_IMG" PRESENT="1"/>
		<Files TYPE="PAGE_PREVIEW_IMG" PRESENT="1"/>
		<Files TYPE="PRIMITIVE_IMG" PRESENT="1"/>
		<Files TYPE="SNIPPET_IMG" PRESENT="1"/>
		<Files TYPE="SEGMENTATION" PRESENT="1"/>
	</DataFiles>
	<Entity ENTITY_TYPE="Article" FIRST_TOC_ENTRY_ID="3" INDEX_IN_DOC="3" DEPTH_LEVEL="1" ID="Ar00100" SIZE="Medium" BOX="22 217 560 365" NEXT_SECTION="2" PREV_SECTION="" IMAGES_RESOLUTION="180" TOTAL_CHARS_COUNT="404" SUSPICIOUS_CHARS_COUNT="0" WORDCNT="106">
		<Name>PO L 0 G N"'</Name>
		<Primitive ID="Ar0010000" BOX="202 217 388 231" ELEMENT_TYPE="HedLine_hl1" SEQ_NO="0" TOC_ENTRY_ID="3" DEPTH_LEVEL="1"/>
		<Primitive ID="Ar0010001" BOX="22 235 560 365" ELEMENT_TYPE="Content" SEQ_NO="1" TOC_ENTRY_ID="3" DEPTH_LEVEL="1"/>
	</Entity>
	<Entity ENTITY_TYPE="Article" FIRST_TOC_ENTRY_ID="1" INDEX_IN_DOC="1" DEPTH_LEVEL="1" ID="Ar00101" SIZE="Medium" BOX="11 7 593 88" NEXT_SECTION="2" PREV_SECTION="" IMAGES_RESOLUTION="180" TOTAL_CHARS_COUNT="201" SUSPICIOUS_CHARS_COUNT="0" WORDCNT="79">
		<Name>Untitled Article</Name>
		<Primitive ID="Ar0010100" BOX="11 7 593 88" ELEMENT_TYPE="Content" SEQ_NO="0" TOC_ENTRY_ID="1" DEPTH_LEVEL="1"/>
	</Entity>
	<Entity ENTITY_TYPE="Article" FIRST_TOC_ENTRY_ID="4" INDEX_IN_DOC="4" DEPTH_LEVEL="1" ID="Ar00102" SIZE="XLarge" BOX="14 365 560 966" NEXT_SECTION="2" PREV_SECTION="" CONTINUATION_TO="Ar00200" IMAGES_RESOLUTION="180" TOTAL_CHARS_COUNT="1965" SUSPICIOUS_CHARS_COUNT="0" WORDCNT="474">
		<Name>ANGLETERRE. Dt, Londres, Je �'j/iin. ' ,</Name>
		<Primitive ID="Ar0010200" BOX="22 365 560 381" ELEMENT_TYPE="HedLine_hl1" SEQ_NO="4" TOC_ENTRY_ID="4" DEPTH_LEVEL="1"/>
		<Primitive ID="Ar0010201" BOX="22 381 560 435" ELEMENT_TYPE="Content" SEQ_NO="0" TOC_ENTRY_ID="4" DEPTH_LEVEL="1"/>
		<Primitive ID="Ar0010202" BOX="22 435 554 610" ELEMENT_TYPE="Content" SEQ_NO="1" TOC_ENTRY_ID="4" DEPTH_LEVEL="1"/>
		<Primitive ID="Ar0010203" BOX="14 612 551 912" ELEMENT_TYPE="Content" SEQ_NO="2" TOC_ENTRY_ID="4" DEPTH_LEVEL="1"/>
		<Primitive ID="Ar0010204" BOX="14 912 547 966" ELEMENT_TYPE="Content" SEQ_NO="3" TOC_ENTRY_ID="4" DEPTH_LEVEL="1"/>
	</Entity>
	<Entity ENTITY_TYPE="Article" FIRST_TOC_ENTRY_ID="2" INDEX_IN_DOC="2" DEPTH_LEVEL="1" ID="Ar00103" SIZE="Medium" BOX="11 90 593 209" NEXT_SECTION="2" PREV_SECTION="" IMAGES_RESOLUTION="180" TOTAL_CHARS_COUNT="83" SUSPICIOUS_CHARS_COUNT="0" WORDCNT="27">
		<Name>Untitled Article</Name>
		<Primitive ID="Ar0010300" BOX="11 90 593 209" ELEMENT_TYPE="Content" SEQ_NO="0" TOC_ENTRY_ID="2" DEPTH_LEVEL="1"/>
	</Entity>
</XMD-PAGE>
