<?xml version="1.0" encoding="windows-1252" standalone="no"?>
<XMD-entity REPOSITORY_FORMAT="1.0" PRXML_VER="2.2" ENTITY_TYPE="Article" FIRST_TOC_ENTRY_ID="9" DEPTH_LEVEL="1" INDEX_IN_DOC="15" PAGE_NO="7" ID="Ar00700" BOX="25 15 765 90" LANGUAGE="French" CONTINUATION_FROM="Ar00601">
	<Meta NAME="Untitled Article" DESCRIPTION="" SUBTYPE="" BASE_HREF="GDL/1807/06/23" SOURCE_TYPE="TIFF" PUBLICATION="GDL" SECTION="None" ISSUE_DATE="23/06/1807" WORDCNT="23" RELEASE_NO="103-GDL-1807-06-23-0001" PAGE_ID="" PAGE_TYPE="Single" PAGE_WIDTH="574" PAGE_HEIGHT="993" DEFAULT_IMG_EXT="png" PDF_DESTINATION_MAPPED="OLV0_Entity_0007_0001" IMAGES_RESOLUTION="180" XMD_VER="2.6.241.4" PAGE_LABEL="7" TOTAL_CHARS_COUNT="78" SUSPICIOUS_CHARS_COUNT="0"/>
	<Link SOURCE="103-GDL-1807-06-23-0001.pdf" FIRST_ID="Ar00200" LAST_ID="Ar01201" NEXT_ID="Ar00701" PREV_ID="" TOC_ID="W:/Repository/GDL/1807/06/23/TOC.xml"/>
	<DataFiles>
		<Files TYPE="DOC_PDF" PRESENT="1"/>
		<Files TYPE="PAGE_PDF" PRESENT="1"/>
		<Files TYPE="DOC_IMG" PRESENT="0"/>
		<Files TYPE="PAGE_IMG" PRESENT="1"/>
		<Files TYPE="PAGE_VIEW_IMG" PRESENT="1"/>
		<Files TYPE="PAGE_PREVIEW_IMG" PRESENT="1"/>
		<Files TYPE="PRIMITIVE_IMG" PRESENT="1"/>
		<Files TYPE="SNIPPET_IMG" PRESENT="1"/>
		<Files TYPE="SEGMENTATION" PRESENT="1"/>
	</DataFiles>
	<Content>
		<Primitive BOX="25 15 765 90" ID="Ar0070000" SEQ_NO="0" TOC_ENTRY_ID="9" DEPTH_LEVEL="1">
			<L BOX="302 16 447 43"/>
			<W BOX="302 16 309 43" STYLE_REF="23">'</W>
			<W BOX="323 16 333 43" STYLE_REF="23" NS="y">(</W>
			<Q BOX="333 16 343 43" STYLE_REF="23" LH="y" QID="1">-</Q>
			<q BOX="343 16 390 43" STYLE_REF="23" NS="y" QID="1">389</q>
			<QW QID="1">-389</QW>
			<W BOX="390 16 400 43" STYLE_REF="23" NS="y">!</W>
			<Q BOX="400 16 408 43" STYLE_REF="23" QID="2">.</Q>
			<q BOX="408 16 417 43" STYLE_REF="23" QID="2">:</q>
			<QW QID="2">.:</QW>
			<W BOX="438 16 447 43" STYLE_REF="23">)</W>
			<L BOX="27 45 766 69"/>
			<Q BOX="27 45 52 69" STYLE_REF="14" QID="3">Te</Q>
			<Q BOX="52 45 60 69" STYLE_REF="14" LH="y" QID="3">-</Q>
			<q BOX="60 45 119 69" STYLE_REF="14" QID="3">Dcum</q>
			<QW QID="3">Te-Dcum</QW>
			<W BOX="129 45 135 69" STYLE_REF="14">,</W>
			<W BOX="148 45 171 69" STYLE_REF="11">en</W>
			<W BOX="179 45 249 69" STYLE_REF="11">actions</W>
			<W BOX="258 45 281 69" STYLE_REF="11">de</W>
			<W BOX="289 45 354 69" STYLE_REF="11" NS="y">gr�ces</W>
			<W BOX="355 45 361 69" STYLE_REF="11">,</W>
			<W BOX="374 45 419 69" STYLE_REF="11">pour</W>
			<W BOX="432 45 449 69" STYLE_REF="11">la</W>
			<W BOX="459 45 506 69" STYLE_REF="11">prise</W>
			<W BOX="513 45 536 69" STYLE_REF="11">de</W>
			<Q BOX="549 45 556 69" STYLE_REF="24" QID="4">l</Q>
			<Q BOX="555 45 562 69" STYLE_REF="24" QID="4">'</Q>
			<q BOX="561 45 672 69" STYLE_REF="24" QID="4">importante</q>
			<QW QID="4">l'importante</QW>
			<W BOX="683 45 735 69" STYLE_REF="24">place</W>
			<W BOX="742 45 766 69" STYLE_REF="24">de</W>
			<L BOX="25 71 526 95"/>
			<W BOX="25 71 114 95" STYLE_REF="11" NS="y">Dantzick</W>
			<W BOX="114 71 121 95" STYLE_REF="11">.</W>
			<W BOX="514 71 526 95" STYLE_REF="11">*</W>
		</Primitive>
	</Content>
</XMD-entity>