<?xml version="1.0" encoding="windows-1252" standalone="no"?>
<XMD-PAGE REPOSITORY_FORMAT="1.0" PRXML_VER="2.2">
	<Meta SINGLE_PAGE_PDF_NAME="/Res/PDF/Pg0007_s_0007.pdf" ISSUE_DATE="23/06/1807" RELEASE_NO="103-GDL-1807-06-23-0001" PAGE_NO="7" NAME="" PAGE_LABEL="7" PAGE_TYPE="Single" PUBLISHER="Olive" PUBLICATION="GDL" SOURCE_TYPE="TIFF" SOURCE_RESOLUTION="72" IMAGES_RESOLUTION="180" PAGE_THUMBNAIL_RESOLUTION="130" PAGE_PREVIEW_RESOLUTION="14" DEFAULT_IMG_EXT="png" IMG_EXT="png" PREVIEW_IMG_EXT="png" XMD_VER="2.6.241.4" PROFILE_ID="W:\Batch\Profile\GDL-1807-06-23.ini" SECTION="None" PAGE_WIDTH="574" PAGE_HEIGHT="993" PAGES_NUMBER="12" BASE_HREF="GDL/1807/06/23" PDF_DESTINATION_MAPPED="OLV0_Page_0007" TOTAL_CHARS_COUNT="2904" SUSPICIOUS_CHARS_COUNT="0">
		<Resolutions>
			<Resolution DEFAULT="true">130</Resolution>
			<Resolution>160</Resolution>
			<Resolution>180</Resolution>
		</Resolutions>
		<Links>
			<Lnk TYPE="URL" LNK_ID="LNK_7_0">
				<Target>file:///Baviere</Target>
			</Lnk>
			<Sources>
				<Box LNK_ID="LNK_7_0">288 806 353 826</Box>
			</Sources>
		</Links>
	</Meta>
	<Link SOURCE="103-GDL-1807-06-23-0001.pdf" NEXT_SECTION="" PREV_SECTION="1"/>
	<DataFiles>
		<Files TYPE="DOC_PDF" PRESENT="1"/>
		<Files TYPE="PAGE_PDF" PRESENT="1"/>
		<Files TYPE="DOC_IMG" PRESENT="0"/>
		<Files TYPE="PAGE_IMG" PRESENT="1" BYTEORDER="little_endian" COMPRESSIONSCHEME="LZW" IMAGE_WIDTH="1324" IMAGE_HEIGHT="2291" COLORSPACE="BlackIsZero" BITSPERSAMPLE="8" SAMPLESPERPIXEL="1" XRESOLUTION_DPI="300" YRESOLUTION_DPI="300" MIMETYPE="image/tiff" IMG_EXT="tif" MEDIA_BOX="0 0 1323 2290" CROP_BOX="0 0 1323 2290"/>
		<Files TYPE="PAGE_VIEW_IMG" PRESENT="1"/>
		<Files TYPE="PAGE_PREVIEW_IMG" PRESENT="1"/>
		<Files TYPE="PRIMITIVE_IMG" PRESENT="1"/>
		<Files TYPE="SNIPPET_IMG" PRESENT="1"/>
		<Files TYPE="SEGMENTATION" PRESENT="1"/>
	</DataFiles>
	<Entity ENTITY_TYPE="Article" FIRST_TOC_ENTRY_ID="9" INDEX_IN_DOC="15" DEPTH_LEVEL="1" ID="Ar00700" SIZE="Small" BOX="18 11 553 65" NEXT_SECTION="" PREV_SECTION="1" CONTINUATION_FROM="Ar00601" FIRST_CHUNK="Ar00601" IMAGES_RESOLUTION="180" TOTAL_CHARS_COUNT="78" SUSPICIOUS_CHARS_COUNT="0" WORDCNT="23">
		<Name>Untitled Article</Name>
		<Primitive ID="Ar0070000" BOX="18 11 553 65" ELEMENT_TYPE="Content" SEQ_NO="0" TOC_ENTRY_ID="9" DEPTH_LEVEL="1"/>
	</Entity>
	<Entity ENTITY_TYPE="Article" FIRST_TOC_ENTRY_ID="10" INDEX_IN_DOC="16" DEPTH_LEVEL="1" ID="Ar00701" SIZE="XLarge" BOX="18 65 560 967" NEXT_SECTION="" PREV_SECTION="1" CONTINUATION_TO="Ar00800" IMAGES_RESOLUTION="180" TOTAL_CHARS_COUNT="2826" SUSPICIOUS_CHARS_COUNT="0" WORDCNT="678">
		<Name>R�PUBLIQUE HELV�TIQUE..</Name>
		<Primitive ID="Ar0070100" BOX="18 65 553 86" ELEMENT_TYPE="HedLine_hl1" SEQ_NO="4" TOC_ENTRY_ID="10" DEPTH_LEVEL="1"/>
		<Primitive ID="Ar0070101" BOX="18 86 553 280" ELEMENT_TYPE="Content" SEQ_NO="0" TOC_ENTRY_ID="10" DEPTH_LEVEL="1"/>
		<Primitive ID="Ar0070102" BOX="20 278 554 559" ELEMENT_TYPE="Content" SEQ_NO="1" TOC_ENTRY_ID="10" DEPTH_LEVEL="1"/>
		<Primitive ID="Ar0070103" BOX="22 559 560 861" ELEMENT_TYPE="Content" SEQ_NO="2" TOC_ENTRY_ID="10" DEPTH_LEVEL="1"/>
		<Primitive ID="Ar0070104" BOX="23 861 556 967" ELEMENT_TYPE="Content" SEQ_NO="3" TOC_ENTRY_ID="10" DEPTH_LEVEL="1"/>
	</Entity>
</XMD-PAGE>
