<?xml version="1.0" encoding="windows-1252" standalone="no"?>
<XMD-entity REPOSITORY_FORMAT="1.0" PRXML_VER="2.2" ENTITY_TYPE="Article" PAGE_NO="4" ID="Ar00409" BOX="623 1746 791 1991" LANGUAGE="French" SNP="Ar00409S.png" SNP_WIDTH="169" SNP_HEIGHT="75">
	<Meta NAME="Untitled Article" DESCRIPTION="" SUBTYPE="" BASE_HREF="JDG/1901/01/01" SOURCE_TYPE="TIFF" PUBLICATION="JDG" SECTION="None" ISSUE_DATE="01/01/1901" WORDCNT="15" RELEASE_NO="103_JDG_1901_01_01_0001" PAGE_ID="" PAGE_TYPE="Single" PAGE_WIDTH="740" PAGE_HEIGHT="1012" DEFAULT_IMG_EXT="png" PDF_DESTINATION_MAPPED="OLV0_Entity_0004_0010" IMAGES_RESOLUTION="120" XMD_VER="2.6.239.15" PAGE_LABEL="4" TOTAL_CHARS_COUNT="62" SUSPICIOUS_CHARS_COUNT="0"/>
	<Link SOURCE="103_JDG_1901_01_01_0001.PDF" FIRST_ID="Ar00200" LAST_ID="Ar00412" NEXT_ID="Ar00410" PREV_ID="Ar00408" TOC_ID="W:/Repository/JDG/1901/01/01/TOC.xml"/>
	<DataFiles>
		<Files TYPE="DOC_PDF" PRESENT="1"/>
		<Files TYPE="PAGE_PDF" PRESENT="1"/>
		<Files TYPE="DOC_IMG" PRESENT="0"/>
		<Files TYPE="PAGE_IMG" PRESENT="1"/>
		<Files TYPE="PAGE_VIEW_IMG" PRESENT="1"/>
		<Files TYPE="PAGE_PREVIEW_IMG" PRESENT="1"/>
		<Files TYPE="PRIMITIVE_IMG" PRESENT="1"/>
		<Files TYPE="SNIPPET_IMG" PRESENT="1"/>
	</DataFiles>
	<Content>
		<Primitive BOX="623 1746 791 1991" ID="Ar0040900">
			<L BOX="628 1759 783 1801"/>
			<W BOX="628 1759 783 1801" STYLE_REF="40">GOUTTE</W>
			<L BOX="688 1817 786 1846" P="S"/>
			<W BOX="688 1817 786 1846" STYLE_REF="54">LIQUEUR</W>
			<L BOX="711 1845 761 1872" P="S"/>
			<W BOX="711 1850 733 1872" STYLE_REF="68">du</W>
			<W BOX="738 1850 755 1872" STYLE_REF="68" NS="y">D</W>
			<S S_TYPE="SUP">
				<W BOX="755 1845 761 1860" STYLE_REF="69">r</W>
			</S>
			<L BOX="642 1881 777 1908" P="S"/>
			<W BOX="642 1881 755 1908" STYLE_REF="70">LAVILL</W>
			<W BOX="758 1881 777 1908" STYLE_REF="70">E</W>
			<L BOX="640 1906 779 1930" P="S"/>
			<W BOX="640 1906 643 1918" STYLE_REF="37">i</W>
			<W BOX="645 1921 669 1930" STYLE_REF="32">DAMS</W>
			<W BOX="672 1921 703 1930" STYLE_REF="32">TOUTIS</W>
			<W BOX="706 1921 718 1930" STYLE_REF="32">LIS</W>
			<W BOX="723 1921 777 1930" STYLE_REF="32" NS="y">PHAMUCIXS</W>
			<W BOX="777 1921 779 1930" STYLE_REF="32">.</W>
			<L BOX="630 1945 797 1990" P="S"/>
			<W BOX="630 1945 797 1990" STYLE_REF="36">RHUMATISMES</W>
			<L BOX="629 1907 641 1918" P="S"/>
			<W BOX="629 1907 641 1918" STYLE_REF="31">lia</W>
		</Primitive>
	</Content>
</XMD-entity>