<?xml version="1.0" encoding="windows-1252" standalone="no"?>
<XMD-PAGE REPOSITORY_FORMAT="1.0" PRXML_VER="2.2">
	<Meta SINGLE_PAGE_PDF_NAME="/Res/PDF/Pg0004_s_0004.pdf" ISSUE_DATE="01/01/1901" RELEASE_NO="103_JDG_1901_01_01_0001" PAGE_NO="4" NAME="" PAGE_LABEL="4" PAGE_TYPE="Single" PUBLISHER="Olive" PUBLICATION="JDG" SOURCE_TYPE="TIFF" SOURCE_RESOLUTION="72" IMAGES_RESOLUTION="120" PAGE_THUMBNAIL_RESOLUTION="45" PAGE_PREVIEW_RESOLUTION="15" DEFAULT_IMG_EXT="png" IMG_EXT="png" PREVIEW_IMG_EXT="png" XMD_VER="2.6.239.15" PROFILE_ID="W:\Batch\Profile\XMD_JDG_1869_1912.ini" SECTION="None" PAGE_WIDTH="740" PAGE_HEIGHT="1012" PAGES_NUMBER="4" BASE_HREF="JDG/1901/01/01" PDF_DESTINATION_MAPPED="OLV0_Page_0004" TOTAL_CHARS_COUNT="27440" SUSPICIOUS_CHARS_COUNT="0">
		<Resolutions>
			<Resolution DEFAULT="true">45</Resolution>
			<Resolution>60</Resolution>
			<Resolution>120</Resolution>
		</Resolutions>
	</Meta>
	<Link SOURCE="103_JDG_1901_01_01_0001.PDF" NEXT_SECTION="" PREV_SECTION="1"/>
	<DataFiles>
		<Files TYPE="DOC_PDF" PRESENT="1"/>
		<Files TYPE="PAGE_PDF" PRESENT="1"/>
		<Files TYPE="DOC_IMG" PRESENT="0"/>
		<Files TYPE="PAGE_IMG" PRESENT="1" BYTEORDER="little_endian" COMPRESSIONSCHEME="LZW" IMAGE_WIDTH="4928" IMAGE_HEIGHT="6737" COLORSPACE="BlackIsZero" BITSPERSAMPLE="8" SAMPLESPERPIXEL="1" XRESOLUTION_DPI="300" YRESOLUTION_DPI="300" MIMETYPE="image/tiff" IMG_EXT="tif" MEDIA_BOX="0 0 4927 6736" CROP_BOX="0 0 4927 6736"/>
		<Files TYPE="PAGE_VIEW_IMG" PRESENT="1"/>
		<Files TYPE="PAGE_PREVIEW_IMG" PRESENT="1"/>
		<Files TYPE="PRIMITIVE_IMG" PRESENT="1"/>
		<Files TYPE="SNIPPET_IMG" PRESENT="1"/>
	</DataFiles>
	<Entity ENTITY_TYPE="Article" ENTITY_FORMAT="Data" ID="Ar00400" SIZE="Small" BOX="5 5 158 149" NEXT_SECTION="" PREV_SECTION="1" IMAGES_RESOLUTION="144" TOTAL_CHARS_COUNT="283" SUSPICIOUS_CHARS_COUNT="0">
		<Name>Untitled Article</Name>
		<Primitive ID="Ar0040000" BOX="5 5 158 149" ELEMENT_TYPE="Content"/>
	</Entity>
	<Entity ENTITY_TYPE="Article" ID="Ar00401" SIZE="Large" BOX="5 767 732 1008" NEXT_SECTION="" PREV_SECTION="1" IMAGES_RESOLUTION="120" TOTAL_CHARS_COUNT="12436" SUSPICIOUS_CHARS_COUNT="0">
		<Name>Untitled Article</Name>
		<Primitive ID="Ar0040100" BOX="5 767 732 1008" ELEMENT_TYPE="Content"/>
	</Entity>
	<Entity ENTITY_TYPE="Article" ID="Ar00402" SIZE="Large" BOX="297 5 582 423" NEXT_SECTION="" PREV_SECTION="1" IMAGES_RESOLUTION="120" TOTAL_CHARS_COUNT="1632" SUSPICIOUS_CHARS_COUNT="0">
		<Name>Untitled Article</Name>
		<Primitive ID="Ar0040200" BOX="297 5 582 423" ELEMENT_TYPE="Content"/>
	</Entity>
	<Entity ENTITY_TYPE="Article" ID="Ar00403" SIZE="Small" BOX="582 5 732 157" NEXT_SECTION="" PREV_SECTION="1" IMAGES_RESOLUTION="120" TOTAL_CHARS_COUNT="730" SUSPICIOUS_CHARS_COUNT="0">
		<Name>Untitled Article</Name>
		<Primitive ID="Ar0040300" BOX="582 5 732 157" ELEMENT_TYPE="Content"/>
	</Entity>
	<Entity ENTITY_TYPE="Article" ID="Ar00404" SIZE="Medium" BOX="582 157 732 747" NEXT_SECTION="" PREV_SECTION="1" IMAGES_RESOLUTION="120" TOTAL_CHARS_COUNT="4656" SUSPICIOUS_CHARS_COUNT="0">
		<Name>Untitled Article</Name>
		<Primitive ID="Ar0040400" BOX="582 157 732 747" ELEMENT_TYPE="Content"/>
	</Entity>
	<Entity ENTITY_TYPE="Article" ID="Ar00405" SIZE="Small" BOX="297 423 443 747" NEXT_SECTION="" PREV_SECTION="1" IMAGES_RESOLUTION="120" TOTAL_CHARS_COUNT="1003" SUSPICIOUS_CHARS_COUNT="0">
		<Name>Untitled Article</Name>
		<Primitive ID="Ar0040500" BOX="297 423 443 747" ELEMENT_TYPE="Content"/>
	</Entity>
	<Entity ENTITY_TYPE="Article" ID="Ar00406" SIZE="Small" BOX="443 423 582 747" NEXT_SECTION="" PREV_SECTION="1" IMAGES_RESOLUTION="120" TOTAL_CHARS_COUNT="889" SUSPICIOUS_CHARS_COUNT="0">
		<Name>Untitled Article</Name>
		<Primitive ID="Ar0040600" BOX="443 423 582 747" ELEMENT_TYPE="Content"/>
	</Entity>
	<Entity ENTITY_TYPE="Article" ID="Ar00407" SIZE="Medium" BOX="158 5 297 655" NEXT_SECTION="" PREV_SECTION="1" IMAGES_RESOLUTION="120" TOTAL_CHARS_COUNT="3038" SUSPICIOUS_CHARS_COUNT="0">
		<Name>Untitled Article</Name>
		<Primitive ID="Ar0040700" BOX="158 5 297 655" ELEMENT_TYPE="Content"/>
	</Entity>
	<Entity ENTITY_TYPE="Article" ID="Ar00408" SIZE="Small" BOX="5 655 234 767" NEXT_SECTION="" PREV_SECTION="1" IMAGES_RESOLUTION="120" TOTAL_CHARS_COUNT="285" SUSPICIOUS_CHARS_COUNT="0">
		<Name>Untitled Article</Name>
		<Primitive ID="Ar0040800" BOX="5 655 234 767" ELEMENT_TYPE="Content"/>
	</Entity>
	<Entity ENTITY_TYPE="Article" ID="Ar00409" SIZE="Small" BOX="234 655 297 747" NEXT_SECTION="" PREV_SECTION="1" IMAGES_RESOLUTION="120" TOTAL_CHARS_COUNT="62" SUSPICIOUS_CHARS_COUNT="0">
		<Name>Untitled Article</Name>
		<Primitive ID="Ar0040900" BOX="234 655 297 747" ELEMENT_TYPE="Content"/>
	</Entity>
	<Entity ENTITY_TYPE="Article" ID="Ar00410" SIZE="Small" BOX="234 747 732 767" NEXT_SECTION="" PREV_SECTION="1" IMAGES_RESOLUTION="120" TOTAL_CHARS_COUNT="117" SUSPICIOUS_CHARS_COUNT="0">
		<Name>Untitled Article</Name>
		<Primitive ID="Ar0041000" BOX="234 747 732 767" ELEMENT_TYPE="Content"/>
	</Entity>
	<Entity ENTITY_TYPE="Article" ID="Ar00411" SIZE="Small" BOX="5 149 86 655" NEXT_SECTION="" PREV_SECTION="1" IMAGES_RESOLUTION="120" TOTAL_CHARS_COUNT="1202" SUSPICIOUS_CHARS_COUNT="0">
		<Name>Untitled Article</Name>
		<Primitive ID="Ar0041100" BOX="5 149 86 655" ELEMENT_TYPE="Content"/>
	</Entity>
	<Entity ENTITY_TYPE="Article" ID="Ar00412" SIZE="Small" BOX="86 149 158 655" NEXT_SECTION="" PREV_SECTION="1" IMAGES_RESOLUTION="120" TOTAL_CHARS_COUNT="1107" SUSPICIOUS_CHARS_COUNT="0">
		<Name>Untitled Article</Name>
		<Primitive ID="Ar0041200" BOX="86 149 158 655" ELEMENT_TYPE="Content"/>
	</Entity>
</XMD-PAGE>
