<?xml version="1.0" encoding="windows-1252" standalone="no"?>
<XMD-entity REPOSITORY_FORMAT="1.0" PRXML_VER="2.2" ENTITY_TYPE="Article" DOC_UID="GDL_03/01/1900" DOC_VER="1" FIRST_TOC_ENTRY_ID="2" DEPTH_LEVEL="1" INDEX_IN_DOC="2" PAGE_NO="1" ID="Ar00106" BOX="462 124 2082 540" LANGUAGE="French" SNP="Ar00106S.png" SNP_WIDTH="1621" SNP_HEIGHT="49">
	<Meta NAME="Untitled Article" DESCRIPTION="" SUBTYPE="" BASE_HREF="GDL/1900/01/03" SOURCE_TYPE="TIFF" PUBLICATION="GDL" SECTION="Front page" ISSUE_DATE="03/01/1900" WORDCNT="2" RELEASE_NO="103-GDL-1900-01-03-0001" PAGE_ID="" PAGE_TYPE="Single" PAGE_WIDTH="995" PAGE_HEIGHT="1353" DEFAULT_IMG_EXT="png" PDF_DESTINATION_MAPPED="OLV0_Entity_0001_0007" IMAGES_RESOLUTION="144" XMD_VER="2.6.241.4" PAGE_LABEL="1" TOTAL_CHARS_COUNT="12" SUSPICIOUS_CHARS_COUNT="0"/>
	<Link SOURCE="103-GDL-1900-01-03-0001.pdf" FIRST_ID="Ar00100" LAST_ID="Ar00107" NEXT_ID="Ar00107" PREV_ID="Ar00105" TOC_ID="W:/Repository/GDL/1900/01/03/TOC.xml"/>
	<DataFiles>
		<Files TYPE="DOC_PDF" PRESENT="1"/>
		<Files TYPE="PAGE_PDF" PRESENT="1"/>
		<Files TYPE="DOC_IMG" PRESENT="0"/>
		<Files TYPE="PAGE_IMG" PRESENT="1"/>
		<Files TYPE="PAGE_VIEW_IMG" PRESENT="1"/>
		<Files TYPE="PAGE_PREVIEW_IMG" PRESENT="1"/>
		<Files TYPE="PRIMITIVE_IMG" PRESENT="1"/>
		<Files TYPE="SNIPPET_IMG" PRESENT="1"/>
		<Files TYPE="SEGMENTATION" PRESENT="1"/>
	</DataFiles>
	<Content>
		<Primitive BOX="462 124 2082 378" ID="Ar0010600" SEQ_NO="0" TOC_ENTRY_ID="2" DEPTH_LEVEL="1"/>
		<Primitive BOX="532 378 2002 540" ID="Ar0010601" SEQ_NO="1" TOC_ENTRY_ID="2" DEPTH_LEVEL="1">
			<L BOX="1426 378 1714 445"/>
			<W BOX="1426 378 1714 445" STYLE_REF="9">SUISSE</W>
			<L BOX="1159 473 1271 500" P="S"/>
			<W BOX="1159 473 1271 500" STYLE_REF="5">FOND�E</W>
		</Primitive>
	</Content>
</XMD-entity>