<?xml version="1.0" encoding="windows-1252" standalone="no"?>
<XMD-entity REPOSITORY_FORMAT="1.0" PRXML_VER="2.2" ENTITY_TYPE="Article" DOC_UID="GDL_03/01/1900" DOC_VER="1" FIRST_TOC_ENTRY_ID="3" DEPTH_LEVEL="1" INDEX_IN_DOC="3" PAGE_NO="1" ID="Ar00104" BOX="82 378 532 540" LANGUAGE="French" SNP="Ar00104S.png" SNP_WIDTH="451" SNP_HEIGHT="73">
	<Meta NAME="Untitled Article" DESCRIPTION="" SUBTYPE="" BASE_HREF="GDL/1900/01/03" SOURCE_TYPE="TIFF" PUBLICATION="GDL" SECTION="Front page" ISSUE_DATE="03/01/1900" WORDCNT="33" RELEASE_NO="103-GDL-1900-01-03-0001" PAGE_ID="" PAGE_TYPE="Single" PAGE_WIDTH="995" PAGE_HEIGHT="1353" DEFAULT_IMG_EXT="png" PDF_DESTINATION_MAPPED="OLV0_Entity_0001_0005" IMAGES_RESOLUTION="144" XMD_VER="2.6.241.4" PAGE_LABEL="1" TOTAL_CHARS_COUNT="103" SUSPICIOUS_CHARS_COUNT="0"/>
	<Link SOURCE="103-GDL-1900-01-03-0001.pdf" FIRST_ID="Ar00100" LAST_ID="Ar00107" NEXT_ID="Ar00105" PREV_ID="Ar00103" TOC_ID="W:/Repository/GDL/1900/01/03/TOC.xml"/>
	<DataFiles>
		<Files TYPE="DOC_PDF" PRESENT="1"/>
		<Files TYPE="PAGE_PDF" PRESENT="1"/>
		<Files TYPE="DOC_IMG" PRESENT="0"/>
		<Files TYPE="PAGE_IMG" PRESENT="1"/>
		<Files TYPE="PAGE_VIEW_IMG" PRESENT="1"/>
		<Files TYPE="PAGE_PREVIEW_IMG" PRESENT="1"/>
		<Files TYPE="PRIMITIVE_IMG" PRESENT="1"/>
		<Files TYPE="SNIPPET_IMG" PRESENT="1"/>
		<Files TYPE="SEGMENTATION" PRESENT="1"/>
	</DataFiles>
	<Content>
		<Primitive BOX="82 378 532 540" ID="Ar0010400" SEQ_NO="0" TOC_ENTRY_ID="3" DEPTH_LEVEL="1">
			<L BOX="179 399 409 418"/>
			<W BOX="179 399 228 418" STYLE_REF="4">PRIX</W>
			<Q BOX="243 399 258 418" STYLE_REF="4" QID="1">D</Q>
			<Q BOX="258 399 263 418" STYLE_REF="4" QID="1">'</Q>
			<q BOX="263 399 409 418" STYLE_REF="4" QID="1">ABONNEMENT</q>
			<QW QID="1">D'ABONNEMENT</QW>
			<L BOX="296 424 486 443"/>
			<W BOX="296 424 310 443" STYLE_REF="4">Un</W>
			<W BOX="316 424 326 443" STYLE_REF="4">u</W>
			<W BOX="372 424 382 443" STYLE_REF="4">6</W>
			<W BOX="385 424 414 443" STYLE_REF="4">moii</W>
			<W BOX="448 424 453 443" STYLE_REF="4">i</W>
			<W BOX="458 424 481 443" STYLE_REF="4" NS="y">mu</W>
			<W BOX="479 424 486 443" STYLE_REF="4">)</W>
			<L BOX="103 447 486 466"/>
			<W BOX="103 447 155 466" STYLE_REF="4">Suisse</W>
			<Q BOX="164 447 173 466" STYLE_REF="4" QID="2">.</Q>
			<Q BOX="173 447 182 466" STYLE_REF="4" QID="2">.</Q>
			<Q BOX="182 447 192 466" STYLE_REF="4" QID="2">.</Q>
			<Q BOX="192 447 201 466" STYLE_REF="4" QID="2">.</Q>
			<Q BOX="201 447 210 466" STYLE_REF="4" QID="2">.</Q>
			<Q BOX="210 447 219 466" STYLE_REF="4" QID="2">.</Q>
			<Q BOX="219 447 228 466" STYLE_REF="4" QID="2">.</Q>
			<Q BOX="228 447 237 466" STYLE_REF="4" QID="2">.</Q>
			<Q BOX="237 447 247 466" STYLE_REF="4" QID="2">.</Q>
			<Q BOX="247 447 252 466" STYLE_REF="4" QID="2">.</Q>
			<q BOX="256 447 261 466" STYLE_REF="4" QID="2">.</q>
			<QW QID="2">...........</QW>
			<W BOX="286 447 305 466" STYLE_REF="4" NS="y">Fr</W>
			<W BOX="307 447 312 466" STYLE_REF="4">.</W>
			<W BOX="323 447 343 466" STYLE_REF="4">20</W>
			<W BOX="370 447 390 466" STYLE_REF="4">10</W>
			<W BOX="399 447 419 466" STYLE_REF="4">50</W>
			<W BOX="446 447 456 466" STYLE_REF="4">5</W>
			<W BOX="466 447 486 466" STYLE_REF="4">50</W>
			<L BOX="104 469 486 488"/>
			<W BOX="104 469 152 488" STYLE_REF="4">Union</W>
			<W BOX="160 469 220 488" STYLE_REF="4">postale</W>
			<W BOX="298 469 307 488" STYLE_REF="4">�</W>
			<W BOX="323 469 343 488" STYLE_REF="4">36</W>
			<W BOX="371 469 391 488" STYLE_REF="4">18</W>
			<W BOX="399 469 419 488" STYLE_REF="4">50</W>
			<W BOX="446 469 456 488" STYLE_REF="4">9</W>
			<W BOX="466 469 486 488" STYLE_REF="4">50</W>
			<L BOX="149 492 443 513" P="S"/>
			<W BOX="149 492 188 513" STYLE_REF="8">Prix</W>
			<W BOX="199 492 222 513" STYLE_REF="8">an</W>
			<W BOX="232 492 302 513" STYLE_REF="8" NS="y">num�ro</W>
			<W BOX="302 492 309 513" STYLE_REF="8">:</W>
			<W BOX="319 492 341 513" STYLE_REF="6">10</W>
			<W BOX="352 492 437 513" STYLE_REF="6" NS="y">centimes</W>
			<W BOX="437 492 443 513" STYLE_REF="6">.</W>
		</Primitive>
	</Content>
</XMD-entity>