<?xml version="1.0" encoding="windows-1252" standalone="no"?>
<XMD-PAGE REPOSITORY_FORMAT="1.0" PRXML_VER="2.2">
	<Meta SINGLE_PAGE_PDF_NAME="/Res/PDF/Pg0001_s_0001.pdf" ISSUE_DATE="03/01/1900" RELEASE_NO="103-GDL-1900-01-03-0001" PAGE_NO="1" NAME="" PAGE_LABEL="1" PAGE_TYPE="Single" PUBLISHER="Olive" PUBLICATION="GDL" SOURCE_TYPE="TIFF" SOURCE_RESOLUTION="72" IMAGES_RESOLUTION="144" PAGE_THUMBNAIL_RESOLUTION="57" PAGE_PREVIEW_RESOLUTION="14" DEFAULT_IMG_EXT="png" IMG_EXT="png" PREVIEW_IMG_EXT="png" XMD_VER="2.6.241.4" PROFILE_ID="W:\Batch\Profile\GDL-1900-01-03.ini" SECTION="Front page" PAGE_WIDTH="995" PAGE_HEIGHT="1353" PAGES_NUMBER="4" BASE_HREF="GDL/1900/01/03" PDF_DESTINATION_MAPPED="OLV0_Page_0001" TOTAL_CHARS_COUNT="25546" SUSPICIOUS_CHARS_COUNT="0">
		<Resolutions>
			<Resolution DEFAULT="true">57</Resolution>
			<Resolution>72</Resolution>
			<Resolution>144</Resolution>
		</Resolutions>
		<Links>
			<Lnk TYPE="URL" LNK_ID="LNK_1_0">
				<Target>http://guccursa.es</Target>
			</Lnk>
			<Sources>
				<Box LNK_ID="LNK_1_0">867 139 903 147</Box>
			</Sources>
		</Links>
	</Meta>
	<Link SOURCE="103-GDL-1900-01-03-0001.pdf" NEXT_SECTION="2" PREV_SECTION=""/>
	<DataFiles>
		<Files TYPE="DOC_PDF" PRESENT="1"/>
		<Files TYPE="PAGE_PDF" PRESENT="1"/>
		<Files TYPE="DOC_IMG" PRESENT="0"/>
		<Files TYPE="PAGE_IMG" PRESENT="1" BYTEORDER="little_endian" COMPRESSIONSCHEME="LZW" IMAGE_WIDTH="5232" IMAGE_HEIGHT="7121" COLORSPACE="BlackIsZero" BITSPERSAMPLE="8" SAMPLESPERPIXEL="1" XRESOLUTION_DPI="300" YRESOLUTION_DPI="300" MIMETYPE="image/tiff" IMG_EXT="tif" MEDIA_BOX="0 0 5231 7120" CROP_BOX="0 0 5231 7120"/>
		<Files TYPE="PAGE_VIEW_IMG" PRESENT="1"/>
		<Files TYPE="PAGE_PREVIEW_IMG" PRESENT="1"/>
		<Files TYPE="PRIMITIVE_IMG" PRESENT="1"/>
		<Files TYPE="SNIPPET_IMG" PRESENT="1"/>
		<Files TYPE="SEGMENTATION" PRESENT="1"/>
	</DataFiles>
	<Entity ENTITY_TYPE="Article" FIRST_TOC_ENTRY_ID="4" INDEX_IN_DOC="4" DEPTH_LEVEL="1" ID="Ar00100" SIZE="XLarge" BOX="37 219 972 986" NEXT_SECTION="2" PREV_SECTION="" IMAGES_RESOLUTION="144" TOTAL_CHARS_COUNT="15070" SUSPICIOUS_CHARS_COUNT="0" WORDCNT="3265">
		<Name>Unsanne* 3 jauvier 1900. BULLETIN POLITIQUE</Name>
		<Primitive ID="Ar0010000" BOX="50 219 173 279" ELEMENT_TYPE="HedLine_hl1" SEQ_NO="23" TOC_ENTRY_ID="4" DEPTH_LEVEL="1"/>
		<Primitive ID="Ar0010001" BOX="39 302 184 565" ELEMENT_TYPE="Content" SEQ_NO="0" TOC_ENTRY_ID="4" DEPTH_LEVEL="1"/>
		<Primitive ID="Ar0010002" BOX="38 564 184 727" ELEMENT_TYPE="Content" SEQ_NO="1" TOC_ENTRY_ID="4" DEPTH_LEVEL="1"/>
		<Primitive ID="Ar0010003" BOX="37 728 183 912" ELEMENT_TYPE="Content" SEQ_NO="2" TOC_ENTRY_ID="4" DEPTH_LEVEL="1"/>
		<Primitive ID="Ar0010004" BOX="37 914 181 983" ELEMENT_TYPE="Content" SEQ_NO="3" TOC_ENTRY_ID="4" DEPTH_LEVEL="1"/>
		<Primitive ID="Ar0010005" BOX="195 229 342 336" ELEMENT_TYPE="Content" SEQ_NO="4" TOC_ENTRY_ID="4" DEPTH_LEVEL="1"/>
		<Primitive ID="Ar0010006" BOX="194 347 341 554" ELEMENT_TYPE="Content" SEQ_NO="5" TOC_ENTRY_ID="4" DEPTH_LEVEL="1"/>
		<Primitive ID="Ar0010007" BOX="192 554 340 823" ELEMENT_TYPE="Content" SEQ_NO="6" TOC_ENTRY_ID="4" DEPTH_LEVEL="1"/>
		<Primitive ID="Ar0010008" BOX="191 824 339 984" ELEMENT_TYPE="Content" SEQ_NO="7" TOC_ENTRY_ID="4" DEPTH_LEVEL="1"/>
		<Primitive ID="Ar0010009" BOX="351 229 499 507" ELEMENT_TYPE="Content" SEQ_NO="8" TOC_ENTRY_ID="4" DEPTH_LEVEL="1"/>
		<Primitive ID="Ar0010010" BOX="349 507 497 667" ELEMENT_TYPE="Content" SEQ_NO="9" TOC_ENTRY_ID="4" DEPTH_LEVEL="1"/>
		<Primitive ID="Ar0010011" BOX="349 667 497 826" ELEMENT_TYPE="Content" SEQ_NO="10" TOC_ENTRY_ID="4" DEPTH_LEVEL="1"/>
		<Primitive ID="Ar0010012" BOX="348 827 496 986" ELEMENT_TYPE="Content" SEQ_NO="11" TOC_ENTRY_ID="4" DEPTH_LEVEL="1"/>
		<Primitive ID="Ar0010013" BOX="507 228 656 464" ELEMENT_TYPE="Content" SEQ_NO="12" TOC_ENTRY_ID="4" DEPTH_LEVEL="1"/>
		<Primitive ID="Ar0010014" BOX="507 465 656 618" ELEMENT_TYPE="Content" SEQ_NO="13" TOC_ENTRY_ID="4" DEPTH_LEVEL="1"/>
		<Primitive ID="Ar0010015" BOX="507 618 656 709" ELEMENT_TYPE="Content" SEQ_NO="14" TOC_ENTRY_ID="4" DEPTH_LEVEL="1"/>
		<Primitive ID="Ar0010016" BOX="505 709 656 901" ELEMENT_TYPE="Content" SEQ_NO="15" TOC_ENTRY_ID="4" DEPTH_LEVEL="1"/>
		<Primitive ID="Ar0010017" BOX="504 902 654 969" ELEMENT_TYPE="Content" SEQ_NO="16" TOC_ENTRY_ID="4" DEPTH_LEVEL="1"/>
		<Primitive ID="Ar0010018" BOX="665 224 813 509" ELEMENT_TYPE="Content" SEQ_NO="17" TOC_ENTRY_ID="4" DEPTH_LEVEL="1"/>
		<Primitive ID="Ar0010019" BOX="665 509 812 651" ELEMENT_TYPE="Content" SEQ_NO="18" TOC_ENTRY_ID="4" DEPTH_LEVEL="1"/>
		<Primitive ID="Ar0010020" BOX="663 653 811 913" ELEMENT_TYPE="Content" SEQ_NO="19" TOC_ENTRY_ID="4" DEPTH_LEVEL="1"/>
		<Primitive ID="Ar0010021" BOX="663 915 811 983" ELEMENT_TYPE="Content" SEQ_NO="20" TOC_ENTRY_ID="4" DEPTH_LEVEL="1"/>
		<Primitive ID="Ar0010022" BOX="821 228 972 284" ELEMENT_TYPE="Content" SEQ_NO="21" TOC_ENTRY_ID="4" DEPTH_LEVEL="1"/>
		<Primitive ID="Ar0010023" BOX="821 284 972 453" ELEMENT_TYPE="Content" SEQ_NO="22" TOC_ENTRY_ID="4" DEPTH_LEVEL="1"/>
	</Entity>
	<Entity ENTITY_TYPE="Article" FIRST_TOC_ENTRY_ID="5" INDEX_IN_DOC="5" DEPTH_LEVEL="1" ID="Ar00101" SIZE="Large" BOX="36 991 967 1311" NEXT_SECTION="2" PREV_SECTION="" CONTINUATION_TO="Ar00201" IMAGES_RESOLUTION="144" TOTAL_CHARS_COUNT="7633" SUSPICIOUS_CHARS_COUNT="0" WORDCNT="1786">
		<Name>LES JUSTES PAR 14 CHAMPOL</Name>
		<Primitive ID="Ar0010100" BOX="36 1020 185 1074" ELEMENT_TYPE="HedLine_hl1" SEQ_NO="14" TOC_ENTRY_ID="5" DEPTH_LEVEL="1"/>
		<Primitive ID="Ar0010101" BOX="36 991 185 1020" ELEMENT_TYPE="Content" SEQ_NO="0" TOC_ENTRY_ID="5" DEPTH_LEVEL="1"/>
		<Primitive ID="Ar0010102" BOX="36 1074 185 1311" ELEMENT_TYPE="Content" SEQ_NO="1" TOC_ENTRY_ID="5" DEPTH_LEVEL="1"/>
		<Primitive ID="Ar0010103" BOX="191 999 338 1081" ELEMENT_TYPE="Content" SEQ_NO="2" TOC_ENTRY_ID="5" DEPTH_LEVEL="1"/>
		<Primitive ID="Ar0010104" BOX="189 1084 337 1310" ELEMENT_TYPE="Content" SEQ_NO="3" TOC_ENTRY_ID="5" DEPTH_LEVEL="1"/>
		<Primitive ID="Ar0010105" BOX="347 1000 495 1188" ELEMENT_TYPE="Content" SEQ_NO="4" TOC_ENTRY_ID="5" DEPTH_LEVEL="1"/>
		<Primitive ID="Ar0010106" BOX="347 1189 494 1256" ELEMENT_TYPE="Content" SEQ_NO="5" TOC_ENTRY_ID="5" DEPTH_LEVEL="1"/>
		<Primitive ID="Ar0010107" BOX="346 1257 493 1311" ELEMENT_TYPE="Content" SEQ_NO="6" TOC_ENTRY_ID="5" DEPTH_LEVEL="1"/>
		<Primitive ID="Ar0010108" BOX="504 999 652 1172" ELEMENT_TYPE="Content" SEQ_NO="7" TOC_ENTRY_ID="5" DEPTH_LEVEL="1"/>
		<Primitive ID="Ar0010109" BOX="504 1189 651 1310" ELEMENT_TYPE="Content" SEQ_NO="8" TOC_ENTRY_ID="5" DEPTH_LEVEL="1"/>
		<Primitive ID="Ar0010110" BOX="662 998 809 1142" ELEMENT_TYPE="Content" SEQ_NO="9" TOC_ENTRY_ID="5" DEPTH_LEVEL="1"/>
		<Primitive ID="Ar0010111" BOX="660 1144 808 1309" ELEMENT_TYPE="Content" SEQ_NO="10" TOC_ENTRY_ID="5" DEPTH_LEVEL="1"/>
		<Primitive ID="Ar0010112" BOX="819 998 967 1134" ELEMENT_TYPE="Content" SEQ_NO="11" TOC_ENTRY_ID="5" DEPTH_LEVEL="1"/>
		<Primitive ID="Ar0010113" BOX="818 1134 966 1264" ELEMENT_TYPE="Content" SEQ_NO="12" TOC_ENTRY_ID="5" DEPTH_LEVEL="1"/>
		<Primitive ID="Ar0010114" BOX="817 1263 964 1309" ELEMENT_TYPE="Content" SEQ_NO="13" TOC_ENTRY_ID="5" DEPTH_LEVEL="1"/>
	</Entity>
	<Entity ENTITY_TYPE="Article" FIRST_TOC_ENTRY_ID="8" INDEX_IN_DOC="9" DEPTH_LEVEL="1" ID="Ar00102" SIZE="Small" BOX="820 455 971 984" NEXT_SECTION="2" PREV_SECTION="" CONTINUATION_TO="Ar00200" IMAGES_RESOLUTION="144" TOTAL_CHARS_COUNT="2242" SUSPICIOUS_CHARS_COUNT="0" WORDCNT="483">
		<Name>Courrier d'Afrique</Name>
		<Primitive ID="Ar0010200" BOX="855 455 932 473" ELEMENT_TYPE="HedLine_hl1" SEQ_NO="3" TOC_ENTRY_ID="8" DEPTH_LEVEL="1"/>
		<Primitive ID="Ar0010201" BOX="822 483 970 515" ELEMENT_TYPE="Content" SEQ_NO="0" TOC_ENTRY_ID="8" DEPTH_LEVEL="1"/>
		<Primitive ID="Ar0010202" BOX="822 519 971 771" ELEMENT_TYPE="Content" SEQ_NO="1" TOC_ENTRY_ID="8" DEPTH_LEVEL="1"/>
		<Primitive ID="Ar0010203" BOX="820 773 969 984" ELEMENT_TYPE="Content" SEQ_NO="2" TOC_ENTRY_ID="8" DEPTH_LEVEL="1"/>
	</Entity>
	<Entity ENTITY_TYPE="Article" FIRST_TOC_ENTRY_ID="1" INDEX_IN_DOC="1" DEPTH_LEVEL="1" ID="Ar00103" SIZE="Small" BOX="32 49 183 150" NEXT_SECTION="2" PREV_SECTION="" IMAGES_RESOLUTION="144" TOTAL_CHARS_COUNT="138" SUSPICIOUS_CHARS_COUNT="0" WORDCNT="35">
		<Name>Untitled Article</Name>
		<Primitive ID="Ar0010300" BOX="32 49 183 150" ELEMENT_TYPE="Content" SEQ_NO="0" TOC_ENTRY_ID="1" DEPTH_LEVEL="1"/>
	</Entity>
	<Entity ENTITY_TYPE="Article" FIRST_TOC_ENTRY_ID="3" INDEX_IN_DOC="3" DEPTH_LEVEL="1" ID="Ar00104" SIZE="Small" BOX="32 150 211 214" NEXT_SECTION="2" PREV_SECTION="" IMAGES_RESOLUTION="144" TOTAL_CHARS_COUNT="103" SUSPICIOUS_CHARS_COUNT="0" WORDCNT="33">
		<Name>Untitled Article</Name>
		<Primitive ID="Ar0010400" BOX="32 150 211 214" ELEMENT_TYPE="Content" SEQ_NO="0" TOC_ENTRY_ID="3" DEPTH_LEVEL="1"/>
	</Entity>
	<Entity ENTITY_TYPE="Article" FIRST_TOC_ENTRY_ID="7" INDEX_IN_DOC="8" DEPTH_LEVEL="1" ID="Ar00105" SIZE="Small" BOX="792 150 978 214" NEXT_SECTION="2" PREV_SECTION="" IMAGES_RESOLUTION="144" TOTAL_CHARS_COUNT="146" SUSPICIOUS_CHARS_COUNT="0" WORDCNT="39">
		<Name>Untitled Article</Name>
		<Primitive ID="Ar0010500" BOX="792 150 978 214" ELEMENT_TYPE="Content" SEQ_NO="0" TOC_ENTRY_ID="7" DEPTH_LEVEL="1"/>
	</Entity>
	<Entity ENTITY_TYPE="Article" FIRST_TOC_ENTRY_ID="2" INDEX_IN_DOC="2" DEPTH_LEVEL="1" ID="Ar00106" SIZE="Medium" BOX="183 49 824 214" NEXT_SECTION="2" PREV_SECTION="" IMAGES_RESOLUTION="144" TOTAL_CHARS_COUNT="12" SUSPICIOUS_CHARS_COUNT="0" WORDCNT="2">
		<Name>Untitled Article</Name>
		<Primitive ID="Ar0010600" BOX="183 49 824 150" ELEMENT_TYPE="Content" SEQ_NO="0" TOC_ENTRY_ID="2" DEPTH_LEVEL="1"/>
		<Primitive ID="Ar0010601" BOX="211 150 792 214" ELEMENT_TYPE="Content" SEQ_NO="1" TOC_ENTRY_ID="2" DEPTH_LEVEL="1"/>
	</Entity>
	<Entity ENTITY_TYPE="Article" FIRST_TOC_ENTRY_ID="6" INDEX_IN_DOC="7" DEPTH_LEVEL="1" ID="Ar00107" SIZE="Small" BOX="824 49 978 150" NEXT_SECTION="2" PREV_SECTION="" IMAGES_RESOLUTION="144" TOTAL_CHARS_COUNT="202" SUSPICIOUS_CHARS_COUNT="0" WORDCNT="44">
		<Name>Untitled Article</Name>
		<Primitive ID="Ar0010700" BOX="824 49 978 150" ELEMENT_TYPE="Content" SEQ_NO="0" TOC_ENTRY_ID="6" DEPTH_LEVEL="1"/>
	</Entity>
</XMD-PAGE>
