<?xml version="1.0" encoding="windows-1252" standalone="no"?>
<XMD-PAGE REPOSITORY_FORMAT="1.0" PRXML_VER="2.2">
	<Meta ISSUE_DATE="03/03/2012" RELEASE_NO="113-IMP-2012-03-03-0001" PAGE_NO="30" NAME="" PAGE_LABEL="30" PAGE_TYPE="Single" PUBLISHER="Olive" PUBLICATION="IMP" SOURCE_TYPE="TIFF" SOURCE_RESOLUTION="72" IMAGES_RESOLUTION="144" PAGE_THUMBNAIL_RESOLUTION="72" PAGE_PREVIEW_RESOLUTION="15" DEFAULT_IMG_EXT="png" IMG_EXT="png" PREVIEW_IMG_EXT="png" XMD_VER="2.6.241.4" PROFILE_ID="W:\Batch\Profile\IMP-2012-03-03.ini" SECTION="Front Page" PAGE_WIDTH="879" PAGE_HEIGHT="1304" PAGES_NUMBER="36" BASE_HREF="IMP/2012/03/03" PDF_DESTINATION_MAPPED="OLV0_Page_0030" TOTAL_CHARS_COUNT="6761" SUSPICIOUS_CHARS_COUNT="0">
		<Resolutions>
			<Resolution DEFAULT="true">72</Resolution>
			<Resolution>120</Resolution>
			<Resolution>144</Resolution>
		</Resolutions>
		<Links>
			<Lnk TYPE="URL" LNK_ID="LNK_30_0">
				<Target>www.juratourisme.ch</Target>
			</Lnk>
			<Lnk TYPE="URL" LNK_ID="LNK_30_1">
				<Target>www.lelocle.ch</Target>
			</Lnk>
			<Lnk TYPE="URL" LNK_ID="LNK_30_2">
				<Target>www.skidefond.ch</Target>
			</Lnk>
			<Sources>
				<Box LNK_ID="LNK_30_0">745 933 802 941</Box>
				<Box LNK_ID="LNK_30_1">793 1019 834 1027</Box>
				<Box LNK_ID="LNK_30_2">61 1132 124 1140</Box>
			</Sources>
		</Links>
	</Meta>
	<Link SOURCE="113-IMP-2012-03-03-0001.pdf" NEXT_SECTION="" PREV_SECTION=""/>
	<DataFiles>
		<Files TYPE="DOC_PDF" PRESENT="1"/>
		<Files TYPE="PAGE_PDF" PRESENT="0"/>
		<Files TYPE="DOC_IMG" PRESENT="0"/>
		<Files TYPE="PAGE_IMG" PRESENT="0"/>
		<Files TYPE="PAGE_VIEW_IMG" PRESENT="1"/>
		<Files TYPE="PAGE_PREVIEW_IMG" PRESENT="1"/>
		<Files TYPE="PRIMITIVE_IMG" PRESENT="1"/>
		<Files TYPE="SNIPPET_IMG" PRESENT="1"/>
		<Files TYPE="SEGMENTATION" PRESENT="0"/>
	</DataFiles>
	<Entity ENTITY_TYPE="Article" FIRST_TOC_ENTRY_ID="238" INDEX_IN_DOC="238" DEPTH_LEVEL="1" ID="Ar03000" SIZE="Large" BOX="16 135 577 771" NEXT_SECTION="" PREV_SECTION="" IMAGES_RESOLUTION="144" TOTAL_CHARS_COUNT="242" SUSPICIOUS_CHARS_COUNT="0" WORDCNT="50">
		<Name>Bousculer Vol�ro aussi � Zurich</Name>
		<Primitive ID="Ar0300000" BOX="28 164 567 204" ELEMENT_TYPE="HedLine_hl1" SEQ_NO="0" TOC_ENTRY_ID="238" DEPTH_LEVEL="1"/>
		<Primitive ID="Ar0300001" BOX="16 135 577 161" ELEMENT_TYPE="Content" SEQ_NO="1" TOC_ENTRY_ID="238" DEPTH_LEVEL="1"/>
		<Primitive ID="Ar0300002" BOX="26 213 157 507" ELEMENT_TYPE="Content" SEQ_NO="2" TOC_ENTRY_ID="238" DEPTH_LEVEL="1"/>
		<Primitive ID="Ar0300003" BOX="26 508 157 770" ELEMENT_TYPE="Content" SEQ_NO="3" TOC_ENTRY_ID="238" DEPTH_LEVEL="1"/>
		<Primitive ID="Ar0300004" BOX="164 585 545 612" ELEMENT_TYPE="Content" SEQ_NO="4" TOC_ENTRY_ID="238" DEPTH_LEVEL="1"/>
		<Primitive ID="Ar0300005" BOX="164 618 297 771" ELEMENT_TYPE="Content" SEQ_NO="5" TOC_ENTRY_ID="238" DEPTH_LEVEL="1"/>
		<Primitive ID="Ar0300006" BOX="303 618 437 771" ELEMENT_TYPE="Content" SEQ_NO="6" TOC_ENTRY_ID="238" DEPTH_LEVEL="1"/>
		<Primitive ID="Ar0300007" BOX="443 618 576 771" ELEMENT_TYPE="Content" SEQ_NO="7" TOC_ENTRY_ID="238" DEPTH_LEVEL="1"/>
	</Entity>
	<Entity ENTITY_TYPE="Picture" FIRST_TOC_ENTRY_ID="239" INDEX_IN_DOC="239" DEPTH_LEVEL="2" ID="Pc03001" SIZE="Medium" BOX="167 214 573 584" NEXT_SECTION="" PREV_SECTION="" EMBEDDED_INTO="Ar03000" EMBEDDED_AFTER="Ar0300000" IMAGES_RESOLUTION="144" TOTAL_CHARS_COUNT="0" SUSPICIOUS_CHARS_COUNT="0" WORDCNT="0">
		<Name>Untitled Picture</Name>
		<Primitive ID="Pc0300100" BOX="167 214 573 584" ELEMENT_TYPE="Picture" SEQ_NO="0" TOC_ENTRY_ID="239" DEPTH_LEVEL="2" IMG_EXT="jpg"/>
	</Entity>
	<Entity ENTITY_TYPE="Article" FIRST_TOC_ENTRY_ID="242" INDEX_IN_DOC="242" DEPTH_LEVEL="1" ID="Ar03002" SIZE="Small" BOX="581 140 854 443" NEXT_SECTION="" PREV_SECTION="" IMAGES_RESOLUTION="144" TOTAL_CHARS_COUNT="1099" SUSPICIOUS_CHARS_COUNT="0" WORDCNT="223">
		<Name>Lugano-Val-de-Travers</Name>
		<Primitive ID="Ar0300200" BOX="581 194 854 210" ELEMENT_TYPE="HedLine_hl1" SEQ_NO="3" TOC_ENTRY_ID="242" DEPTH_LEVEL="1"/>
		<Primitive ID="Ar0300201" BOX="581 140 694 173" ELEMENT_TYPE="Content" SEQ_NO="0" TOC_ENTRY_ID="242" DEPTH_LEVEL="1"/>
		<Primitive ID="Ar0300202" BOX="581 178 854 194" ELEMENT_TYPE="Content" SEQ_NO="1" TOC_ENTRY_ID="242" DEPTH_LEVEL="1"/>
		<Primitive ID="Ar0300203" BOX="581 210 854 443" ELEMENT_TYPE="Content" SEQ_NO="2" TOC_ENTRY_ID="242" DEPTH_LEVEL="1"/>
	</Entity>
	<Entity ENTITY_TYPE="Article" FIRST_TOC_ENTRY_ID="243" INDEX_IN_DOC="243" DEPTH_LEVEL="1" ID="Ar03003" SIZE="Small" BOX="578 447 861 598" NEXT_SECTION="" PREV_SECTION="" IMAGES_RESOLUTION="144" TOTAL_CHARS_COUNT="0" SUSPICIOUS_CHARS_COUNT="0" WORDCNT="0">
		<Name>Untitled Article</Name>
		<Primitive ID="Ar0300300" BOX="578 470 861 488" ELEMENT_TYPE="HedLine_hl1" SEQ_NO="2" TOC_ENTRY_ID="243" DEPTH_LEVEL="1"/>
		<Primitive ID="Ar0300301" BOX="578 447 861 470" ELEMENT_TYPE="Content" SEQ_NO="0" TOC_ENTRY_ID="243" DEPTH_LEVEL="1"/>
		<Primitive ID="Ar0300302" BOX="578 488 861 598" ELEMENT_TYPE="Content" SEQ_NO="1" TOC_ENTRY_ID="243" DEPTH_LEVEL="1"/>
	</Entity>
	<Entity ENTITY_TYPE="Article" FIRST_TOC_ENTRY_ID="244" INDEX_IN_DOC="244" DEPTH_LEVEL="1" ID="Ar03004" SIZE="Small" BOX="582 606 851 772" NEXT_SECTION="" PREV_SECTION="" IMAGES_RESOLUTION="144" TOTAL_CHARS_COUNT="0" SUSPICIOUS_CHARS_COUNT="0" WORDCNT="0">
		<Name>Untitled Article</Name>
		<Primitive ID="Ar0300400" BOX="582 619 851 636" ELEMENT_TYPE="HedLine_hl1" SEQ_NO="2" TOC_ENTRY_ID="244" DEPTH_LEVEL="1"/>
		<Primitive ID="Ar0300401" BOX="582 606 851 619" ELEMENT_TYPE="Content" SEQ_NO="0" TOC_ENTRY_ID="244" DEPTH_LEVEL="1"/>
		<Primitive ID="Ar0300402" BOX="582 636 851 772" ELEMENT_TYPE="Content" SEQ_NO="1" TOC_ENTRY_ID="244" DEPTH_LEVEL="1"/>
	</Entity>
	<Entity ENTITY_TYPE="Article" FIRST_TOC_ENTRY_ID="245" INDEX_IN_DOC="245" DEPTH_LEVEL="1" ID="Ar03005" SIZE="Large" BOX="161 787 851 1189" NEXT_SECTION="" PREV_SECTION="" IMAGES_RESOLUTION="144" TOTAL_CHARS_COUNT="4429" SUSPICIOUS_CHARS_COUNT="0" WORDCNT="1297">
		<Name>Untitled Article</Name>
		<Primitive ID="Ar0300500" BOX="161 787 716 806" ELEMENT_TYPE="Content" SEQ_NO="0" TOC_ENTRY_ID="245" DEPTH_LEVEL="1"/>
		<Primitive ID="Ar0300501" BOX="161 806 438 1189" ELEMENT_TYPE="Content" SEQ_NO="1" TOC_ENTRY_ID="245" DEPTH_LEVEL="1"/>
		<Primitive ID="Ar0300502" BOX="438 806 716 904" ELEMENT_TYPE="Content" SEQ_NO="2" TOC_ENTRY_ID="245" DEPTH_LEVEL="1"/>
		<Primitive ID="Ar0300503" BOX="438 904 716 1189" ELEMENT_TYPE="Content" SEQ_NO="3" TOC_ENTRY_ID="245" DEPTH_LEVEL="1"/>
		<Primitive ID="Ar0300504" BOX="716 787 851 944" ELEMENT_TYPE="Content" SEQ_NO="4" TOC_ENTRY_ID="245" DEPTH_LEVEL="1"/>
		<Primitive ID="Ar0300505" BOX="716 944 851 1079" ELEMENT_TYPE="Content" SEQ_NO="5" TOC_ENTRY_ID="245" DEPTH_LEVEL="1"/>
		<Primitive ID="Ar0300506" BOX="716 1079 851 1189" ELEMENT_TYPE="Content" SEQ_NO="6" TOC_ENTRY_ID="245" DEPTH_LEVEL="1"/>
	</Entity>
	<Entity ENTITY_TYPE="Ad" FIRST_TOC_ENTRY_ID="240" INDEX_IN_DOC="240" DEPTH_LEVEL="1" ID="Ad03006" SIZE="Small" BOX="27 787 161 1009" NEXT_SECTION="" PREV_SECTION="" IMAGES_RESOLUTION="144" TOTAL_CHARS_COUNT="127" SUSPICIOUS_CHARS_COUNT="0" WORDCNT="55">
		<Name>Untitled Ad</Name>
		<Primitive ID="Ad0300600" BOX="43 855 142 890" ELEMENT_TYPE="Content" SEQ_NO="1" TOC_ENTRY_ID="240" DEPTH_LEVEL="1" E="N"/>
		<Primitive ID="Ad0300601" BOX="78 908 147 958" ELEMENT_TYPE="Content" SEQ_NO="2" TOC_ENTRY_ID="240" DEPTH_LEVEL="1" E="N"/>
		<Primitive ID="Ad0300602" BOX="27 787 161 1009" ELEMENT_TYPE="Content" SEQ_NO="3" TOC_ENTRY_ID="240" DEPTH_LEVEL="1" E="N"/>
		<Primitive ID="Ad0300603" BOX="27 787 161 1009" ELEMENT_TYPE="AdFrame" SEQ_NO="0" TOC_ENTRY_ID="240" DEPTH_LEVEL="1"/>
	</Entity>
	<Entity ENTITY_TYPE="Ad" FIRST_TOC_ENTRY_ID="241" INDEX_IN_DOC="241" DEPTH_LEVEL="1" ID="Ad03007" SIZE="Small" BOX="27 1009 161 1189" NEXT_SECTION="" PREV_SECTION="" IMAGES_RESOLUTION="144" TOTAL_CHARS_COUNT="321" SUSPICIOUS_CHARS_COUNT="0" WORDCNT="153">
		<Name>Untitled Ad</Name>
		<Primitive ID="Ad0300700" BOX="35 1015 149 1140" ELEMENT_TYPE="Content" SEQ_NO="1" TOC_ENTRY_ID="241" DEPTH_LEVEL="1" E="N"/>
		<Primitive ID="Ad0300701" BOX="30 1160 155 1185" ELEMENT_TYPE="Content" SEQ_NO="2" TOC_ENTRY_ID="241" DEPTH_LEVEL="1" E="N"/>
		<Primitive ID="Ad0300702" BOX="27 1009 161 1189" ELEMENT_TYPE="Content" SEQ_NO="3" TOC_ENTRY_ID="241" DEPTH_LEVEL="1" E="N"/>
		<Primitive ID="Ad0300703" BOX="27 1009 161 1189" ELEMENT_TYPE="AdFrame" SEQ_NO="0" TOC_ENTRY_ID="241" DEPTH_LEVEL="1"/>
	</Entity>
	<Entity ENTITY_TYPE="Ad" FIRST_TOC_ENTRY_ID="246" INDEX_IN_DOC="246" DEPTH_LEVEL="1" ID="Ad03008" SIZE="Medium" BOX="27 1189 851 1277" NEXT_SECTION="" PREV_SECTION="" IMAGES_RESOLUTION="144" TOTAL_CHARS_COUNT="543" SUSPICIOUS_CHARS_COUNT="0" WORDCNT="312">
		<Name>Untitled Ad</Name>
		<Primitive ID="Ad0300800" BOX="136 1209 453 1272" ELEMENT_TYPE="Content" SEQ_NO="1" TOC_ENTRY_ID="246" DEPTH_LEVEL="1"/>
		<Primitive ID="Ad0300801" BOX="463 1202 559 1248" ELEMENT_TYPE="Content" SEQ_NO="2" TOC_ENTRY_ID="246" DEPTH_LEVEL="1"/>
		<Primitive ID="Ad0300802" BOX="582 1249 639 1272" ELEMENT_TYPE="Content" SEQ_NO="3" TOC_ENTRY_ID="246" DEPTH_LEVEL="1"/>
		<Primitive ID="Ad0300803" BOX="643 1249 697 1272" ELEMENT_TYPE="Content" SEQ_NO="4" TOC_ENTRY_ID="246" DEPTH_LEVEL="1"/>
		<Primitive ID="Ad0300804" BOX="701 1249 827 1272" ELEMENT_TYPE="Content" SEQ_NO="5" TOC_ENTRY_ID="246" DEPTH_LEVEL="1"/>
		<Primitive ID="Ad0300805" BOX="27 1189 851 1277" ELEMENT_TYPE="Content" SEQ_NO="6" TOC_ENTRY_ID="246" DEPTH_LEVEL="1" E="N"/>
		<Primitive ID="Ad0300806" BOX="27 1189 851 1277" ELEMENT_TYPE="AdFrame" SEQ_NO="0" TOC_ENTRY_ID="246" DEPTH_LEVEL="1" I_RES="67"/>
	</Entity>
</XMD-PAGE>