<?xml version="1.0" encoding="windows-1252" standalone="no"?>
<XMD-PAGE REPOSITORY_FORMAT="1.0" PRXML_VER="2.2">
	<Meta SINGLE_PAGE_PDF_NAME="/Res/PDF/Pg0012_s_0012.pdf" ISSUE_DATE="23/06/1807" RELEASE_NO="103-GDL-1807-06-23-0001" PAGE_NO="12" NAME="" PAGE_LABEL="12" PAGE_TYPE="Single" PUBLISHER="Olive" PUBLICATION="GDL" SOURCE_TYPE="TIFF" SOURCE_RESOLUTION="72" IMAGES_RESOLUTION="180" PAGE_THUMBNAIL_RESOLUTION="130" PAGE_PREVIEW_RESOLUTION="14" DEFAULT_IMG_EXT="png" IMG_EXT="png" PREVIEW_IMG_EXT="png" XMD_VER="2.6.241.4" PROFILE_ID="W:\Batch\Profile\GDL-1807-06-23.ini" SECTION="None" PAGE_WIDTH="980" PAGE_HEIGHT="1350" PAGES_NUMBER="12" BASE_HREF="GDL/1807/06/23" PDF_DESTINATION_MAPPED="OLV0_Page_0012" TOTAL_CHARS_COUNT="6748" SUSPICIOUS_CHARS_COUNT="0">
		<Resolutions>
			<Resolution DEFAULT="true">130</Resolution>
			<Resolution>160</Resolution>
			<Resolution>180</Resolution>
		</Resolutions>
		<Links>
			<Lnk TYPE="URL" LNK_ID="LNK_12_0">
				<Target>http://chev.de</Target>
			</Lnk>
			<Sources>
				<Box LNK_ID="LNK_12_0">252 275 317 293</Box>
			</Sources>
		</Links>
	</Meta>
	<Link SOURCE="103-GDL-1807-06-23-0001.pdf" NEXT_SECTION="" PREV_SECTION="1"/>
	<DataFiles>
		<Files TYPE="DOC_PDF" PRESENT="1"/>
		<Files TYPE="PAGE_PDF" PRESENT="1"/>
		<Files TYPE="DOC_IMG" PRESENT="0"/>
		<Files TYPE="PAGE_IMG" PRESENT="1" BYTEORDER="little_endian" COMPRESSIONSCHEME="LZW" IMAGE_WIDTH="2261" IMAGE_HEIGHT="3115" COLORSPACE="BlackIsZero" BITSPERSAMPLE="8" SAMPLESPERPIXEL="1" XRESOLUTION_DPI="300" YRESOLUTION_DPI="300" MIMETYPE="image/tiff" IMG_EXT="tif" MEDIA_BOX="0 0 2260 3114" CROP_BOX="0 0 2260 3114"/>
		<Files TYPE="PAGE_VIEW_IMG" PRESENT="1"/>
		<Files TYPE="PAGE_PREVIEW_IMG" PRESENT="1"/>
		<Files TYPE="PRIMITIVE_IMG" PRESENT="1"/>
		<Files TYPE="SNIPPET_IMG" PRESENT="1"/>
		<Files TYPE="SEGMENTATION" PRESENT="1"/>
	</DataFiles>
	<Entity ENTITY_TYPE="Article" FIRST_TOC_ENTRY_ID="12" INDEX_IN_DOC="24" DEPTH_LEVEL="1" ID="Ar01200" SIZE="XLarge" BOX="121 43 939 1247" NEXT_SECTION="" PREV_SECTION="1" CONTINUATION_FROM="Ar01100" FIRST_CHUNK="Ar00900" IMAGES_RESOLUTION="180" TOTAL_CHARS_COUNT="6708" SUSPICIOUS_CHARS_COUNT="0" WORDCNT="1562">
		<Name>Untitled Article</Name>
		<Primitive ID="Ar0120000" BOX="121 43 522 241" ELEMENT_TYPE="Content" SEQ_NO="0" TOC_ENTRY_ID="12" DEPTH_LEVEL="1"/>
		<Primitive ID="Ar0120001" BOX="123 239 524 503" ELEMENT_TYPE="Content" SEQ_NO="1" TOC_ENTRY_ID="12" DEPTH_LEVEL="1"/>
		<Primitive ID="Ar0120002" BOX="123 503 522 821" ELEMENT_TYPE="Content" SEQ_NO="2" TOC_ENTRY_ID="12" DEPTH_LEVEL="1"/>
		<Primitive ID="Ar0120003" BOX="125 823 522 1160" ELEMENT_TYPE="Content" SEQ_NO="3" TOC_ENTRY_ID="12" DEPTH_LEVEL="1"/>
		<Primitive ID="Ar0120004" BOX="126 1158 524 1247" ELEMENT_TYPE="Content" SEQ_NO="4" TOC_ENTRY_ID="12" DEPTH_LEVEL="1"/>
		<Primitive ID="Ar0120005" BOX="538 43 939 342" ELEMENT_TYPE="Content" SEQ_NO="5" TOC_ENTRY_ID="12" DEPTH_LEVEL="1"/>
		<Primitive ID="Ar0120006" BOX="536 341 935 568" ELEMENT_TYPE="Content" SEQ_NO="6" TOC_ENTRY_ID="12" DEPTH_LEVEL="1"/>
		<Primitive ID="Ar0120007" BOX="536 568 935 810" ELEMENT_TYPE="Content" SEQ_NO="7" TOC_ENTRY_ID="12" DEPTH_LEVEL="1"/>
		<Primitive ID="Ar0120008" BOX="536 821 935 1122" ELEMENT_TYPE="Content" SEQ_NO="8" TOC_ENTRY_ID="12" DEPTH_LEVEL="1"/>
		<Primitive ID="Ar0120009" BOX="538 1124 933 1247" ELEMENT_TYPE="Content" SEQ_NO="9" TOC_ENTRY_ID="12" DEPTH_LEVEL="1"/>
	</Entity>
	<Entity ENTITY_TYPE="Article" FIRST_TOC_ENTRY_ID="13" INDEX_IN_DOC="25" DEPTH_LEVEL="1" ID="Ar01201" SIZE="Small" BOX="305 1263 748 1285" NEXT_SECTION="" PREV_SECTION="1" IMAGES_RESOLUTION="180" TOTAL_CHARS_COUNT="40" SUSPICIOUS_CHARS_COUNT="0" WORDCNT="6">
		<Name>Untitled Article</Name>
		<Primitive ID="Ar0120100" BOX="305 1263 748 1285" ELEMENT_TYPE="Content" SEQ_NO="0" TOC_ENTRY_ID="13" DEPTH_LEVEL="1"/>
	</Entity>
</XMD-PAGE>
