<?xml version="1.0" encoding="windows-1252" standalone="no"?>
<XMD-entity REPOSITORY_FORMAT="1.0" PRXML_VER="2.2" ENTITY_TYPE="Article" DOC_UID="GDL_05/01/1900" DOC_VER="1" FIRST_TOC_ENTRY_ID="3" DEPTH_LEVEL="1" INDEX_IN_DOC="3" PAGE_NO="1" ID="Ar00104" BOX="65 375 544 531" LANGUAGE="French" SNP="Ar00104S.png" SNP_WIDTH="480" SNP_HEIGHT="73">
	<Meta NAME="Untitled Article" DESCRIPTION="" SUBTYPE="" BASE_HREF="GDL/1900/01/05" SOURCE_TYPE="TIFF" PUBLICATION="GDL" SECTION="Front page" ISSUE_DATE="05/01/1900" WORDCNT="32" RELEASE_NO="103-GDL-1900-01-05-0001" PAGE_ID="" PAGE_TYPE="Single" PAGE_WIDTH="990" PAGE_HEIGHT="1368" DEFAULT_IMG_EXT="png" PDF_DESTINATION_MAPPED="OLV0_Entity_0001_0005" IMAGES_RESOLUTION="144" XMD_VER="2.6.241.4" PAGE_LABEL="1" TOTAL_CHARS_COUNT="99" SUSPICIOUS_CHARS_COUNT="0"/>
	<Link SOURCE="103-GDL-1900-01-05-0001.pdf" FIRST_ID="Ar00100" LAST_ID="Ar00109" NEXT_ID="Ar00105" PREV_ID="Ar00103" TOC_ID="W:/Repository/GDL/1900/01/05/TOC.xml"/>
	<DataFiles>
		<Files TYPE="DOC_PDF" PRESENT="1"/>
		<Files TYPE="PAGE_PDF" PRESENT="1"/>
		<Files TYPE="DOC_IMG" PRESENT="0"/>
		<Files TYPE="PAGE_IMG" PRESENT="1"/>
		<Files TYPE="PAGE_VIEW_IMG" PRESENT="1"/>
		<Files TYPE="PAGE_PREVIEW_IMG" PRESENT="1"/>
		<Files TYPE="PRIMITIVE_IMG" PRESENT="1"/>
		<Files TYPE="SNIPPET_IMG" PRESENT="1"/>
		<Files TYPE="SEGMENTATION" PRESENT="1"/>
	</DataFiles>
	<Content>
		<Primitive BOX="65 375 544 531" ID="Ar0010400" SEQ_NO="0" TOC_ENTRY_ID="3" DEPTH_LEVEL="1">
			<L BOX="173 407 406 426"/>
			<W BOX="173 407 224 426" STYLE_REF="4">PRIX</W>
			<Q BOX="238 407 252 426" STYLE_REF="4" QID="1">D</Q>
			<Q BOX="252 407 258 426" STYLE_REF="4" QID="1">'</Q>
			<q BOX="258 407 406 426" STYLE_REF="4" QID="1">ABONNEMENT</q>
			<QW QID="1">D'ABONNEMENT</QW>
			<L BOX="292 432 482 451"/>
			<W BOX="292 432 309 451" STYLE_REF="4">Un</W>
			<W BOX="313 432 328 451" STYLE_REF="4">in</W>
			<W BOX="368 432 378 451" STYLE_REF="4">S</W>
			<W BOX="382 432 409 451" STYLE_REF="4">noii</W>
			<W BOX="444 432 450 451" STYLE_REF="4">i</W>
			<W BOX="456 432 482 451" STYLE_REF="4">util</W>
			<L BOX="99 456 483 475"/>
			<W BOX="99 456 165 475" STYLE_REF="4" NS="y">Suisse</W>
			<Q BOX="165 456 173 475" STYLE_REF="4" QID="2">.</Q>
			<Q BOX="173 456 180 475" STYLE_REF="4" QID="2">.</Q>
			<Q BOX="180 456 188 475" STYLE_REF="4" QID="2">.</Q>
			<Q BOX="188 456 192 475" STYLE_REF="4" QID="2">.</Q>
			<q BOX="195 456 200 475" STYLE_REF="4" QID="2">.</q>
			<QW QID="2">.....</QW>
			<W BOX="282 456 303 475" STYLE_REF="4" NS="y">Fr</W>
			<W BOX="303 456 308 475" STYLE_REF="4">.</W>
			<W BOX="318 456 338 475" STYLE_REF="4">20</W>
			<W BOX="366 456 386 475" STYLE_REF="4">10</W>
			<W BOX="396 456 416 475" STYLE_REF="4">50</W>
			<W BOX="443 456 453 475" STYLE_REF="4">5</W>
			<W BOX="463 456 483 475" STYLE_REF="4">50</W>
			<L BOX="99 479 483 498"/>
			<W BOX="99 479 148 498" STYLE_REF="4">Union</W>
			<W BOX="155 479 215 498" STYLE_REF="4">postale</W>
			<W BOX="293 479 303 498" STYLE_REF="4">�</W>
			<W BOX="319 479 339 498" STYLE_REF="4">36</W>
			<W BOX="367 479 387 498" STYLE_REF="4">18</W>
			<W BOX="396 479 416 498" STYLE_REF="4">50</W>
			<W BOX="443 479 453 498" STYLE_REF="4">9</W>
			<W BOX="463 479 483 498" STYLE_REF="4">50</W>
			<L BOX="144 501 440 520"/>
			<W BOX="144 501 179 520" STYLE_REF="5">Prix</W>
			<W BOX="195 501 216 520" STYLE_REF="5">du</W>
			<W BOX="228 501 291 520" STYLE_REF="5" NS="y">num�ro</W>
			<W BOX="291 501 298 520" STYLE_REF="5">:</W>
			<W BOX="315 501 336 520" STYLE_REF="4">10</W>
			<W BOX="349 501 433 520" STYLE_REF="4" NS="y">centimes</W>
			<W BOX="435 501 440 520" STYLE_REF="4">.</W>
		</Primitive>
	</Content>
</XMD-entity>