<?xml version="1.0" encoding="windows-1252" standalone="no"?>
<XMD-entity REPOSITORY_FORMAT="1.0" PRXML_VER="2.2" ENTITY_TYPE="Article" DOC_UID="GDL_05/01/1900" DOC_VER="1" FIRST_TOC_ENTRY_ID="2" DEPTH_LEVEL="1" INDEX_IN_DOC="2" PAGE_NO="1" ID="Ar00108" BOX="464 119 2100 531" LANGUAGE="French" SNP="Ar00108S.png" SNP_WIDTH="1637" SNP_HEIGHT="49">
	<Meta NAME="Untitled Article" DESCRIPTION="" SUBTYPE="" BASE_HREF="GDL/1900/01/05" SOURCE_TYPE="TIFF" PUBLICATION="GDL" SECTION="Front page" ISSUE_DATE="05/01/1900" WORDCNT="6" RELEASE_NO="103-GDL-1900-01-05-0001" PAGE_ID="" PAGE_TYPE="Single" PAGE_WIDTH="990" PAGE_HEIGHT="1368" DEFAULT_IMG_EXT="png" PDF_DESTINATION_MAPPED="OLV0_Entity_0001_0009" IMAGES_RESOLUTION="144" XMD_VER="2.6.241.4" PAGE_LABEL="1" TOTAL_CHARS_COUNT="27" SUSPICIOUS_CHARS_COUNT="0"/>
	<Link SOURCE="103-GDL-1900-01-05-0001.pdf" FIRST_ID="Ar00100" LAST_ID="Ar00109" NEXT_ID="Ar00109" PREV_ID="Ar00107" TOC_ID="W:/Repository/GDL/1900/01/05/TOC.xml"/>
	<DataFiles>
		<Files TYPE="DOC_PDF" PRESENT="1"/>
		<Files TYPE="PAGE_PDF" PRESENT="1"/>
		<Files TYPE="DOC_IMG" PRESENT="0"/>
		<Files TYPE="PAGE_IMG" PRESENT="1"/>
		<Files TYPE="PAGE_VIEW_IMG" PRESENT="1"/>
		<Files TYPE="PAGE_PREVIEW_IMG" PRESENT="1"/>
		<Files TYPE="PRIMITIVE_IMG" PRESENT="1"/>
		<Files TYPE="SNIPPET_IMG" PRESENT="1"/>
		<Files TYPE="SEGMENTATION" PRESENT="1"/>
	</DataFiles>
	<Content>
		<Primitive BOX="464 119 2100 375" ID="Ar0010800" SEQ_NO="0" TOC_ENTRY_ID="2" DEPTH_LEVEL="1"/>
		<Primitive BOX="544 375 2044 531" ID="Ar0010801" SEQ_NO="1" TOC_ENTRY_ID="2" DEPTH_LEVEL="1">
			<L BOX="826 388 1727 453"/>
			<W BOX="826 388 929 453" STYLE_REF="7">ET</W>
			<W BOX="980 388 1372 453" STYLE_REF="7">JOURNAL</W>
			<W BOX="1437 388 1727 453" STYLE_REF="7">SUISSE</W>
			<L BOX="1159 480 1388 506" P="S"/>
			<W BOX="1159 480 1272 506" STYLE_REF="3">FOND�E</W>
			<W BOX="1284 480 1323 506" STYLE_REF="3">EN</W>
			<W BOX="1335 480 1388 506" STYLE_REF="3">1798</W>
		</Primitive>
	</Content>
</XMD-entity>