<?xml version="1.0" encoding="windows-1252" standalone="no"?>
<XMD-PAGE REPOSITORY_FORMAT="1.0" PRXML_VER="2.2">
	<Meta SINGLE_PAGE_PDF_NAME="/Res/PDF/Pg0001_s_0001.pdf" ISSUE_DATE="05/01/1900" RELEASE_NO="103-GDL-1900-01-05-0001" PAGE_NO="1" NAME="" PAGE_LABEL="1" PAGE_TYPE="Single" PUBLISHER="Olive" PUBLICATION="GDL" SOURCE_TYPE="TIFF" SOURCE_RESOLUTION="72" IMAGES_RESOLUTION="144" PAGE_THUMBNAIL_RESOLUTION="57" PAGE_PREVIEW_RESOLUTION="14" DEFAULT_IMG_EXT="png" IMG_EXT="png" PREVIEW_IMG_EXT="png" XMD_VER="2.6.241.4" PROFILE_ID="W:\Batch\Profile\GDL-1900-01-05.ini" SECTION="Front page" PAGE_WIDTH="990" PAGE_HEIGHT="1368" PAGES_NUMBER="4" BASE_HREF="GDL/1900/01/05" PDF_DESTINATION_MAPPED="OLV0_Page_0001" TOTAL_CHARS_COUNT="25828" SUSPICIOUS_CHARS_COUNT="0">
		<Resolutions>
			<Resolution DEFAULT="true">57</Resolution>
			<Resolution>72</Resolution>
			<Resolution>144</Resolution>
		</Resolutions>
		<Links>
			<Lnk TYPE="URL" LNK_ID="LNK_1_0">
				<Target>http://sursasituation.il</Target>
			</Lnk>
			<Sources>
				<Box LNK_ID="LNK_1_0">194 1239 257 1248</Box>
			</Sources>
		</Links>
	</Meta>
	<Link SOURCE="103-GDL-1900-01-05-0001.pdf" NEXT_SECTION="2" PREV_SECTION=""/>
	<DataFiles>
		<Files TYPE="DOC_PDF" PRESENT="1"/>
		<Files TYPE="PAGE_PDF" PRESENT="1"/>
		<Files TYPE="DOC_IMG" PRESENT="0"/>
		<Files TYPE="PAGE_IMG" PRESENT="1" BYTEORDER="little_endian" COMPRESSIONSCHEME="LZW" IMAGE_WIDTH="5210" IMAGE_HEIGHT="7197" COLORSPACE="BlackIsZero" BITSPERSAMPLE="8" SAMPLESPERPIXEL="1" XRESOLUTION_DPI="300" YRESOLUTION_DPI="300" MIMETYPE="image/tiff" IMG_EXT="tif" MEDIA_BOX="0 0 5209 7196" CROP_BOX="0 0 5209 7196"/>
		<Files TYPE="PAGE_VIEW_IMG" PRESENT="1"/>
		<Files TYPE="PAGE_PREVIEW_IMG" PRESENT="1"/>
		<Files TYPE="PRIMITIVE_IMG" PRESENT="1"/>
		<Files TYPE="SNIPPET_IMG" PRESENT="1"/>
		<Files TYPE="SEGMENTATION" PRESENT="1"/>
	</DataFiles>
	<Entity ENTITY_TYPE="Article" FIRST_TOC_ENTRY_ID="5" INDEX_IN_DOC="5" DEPTH_LEVEL="1" ID="Ar00100" SIZE="Large" BOX="38 231 343 991" NEXT_SECTION="2" PREV_SECTION="" IMAGES_RESOLUTION="144" TOTAL_CHARS_COUNT="5685" SUSPICIOUS_CHARS_COUNT="0" WORDCNT="1238">
		<Name>BULLETnTp�LITIQUE</Name>
		<Primitive ID="Ar0010000" BOX="48 304 173 321" ELEMENT_TYPE="HedLine_hl1" SEQ_NO="0" TOC_ENTRY_ID="5" DEPTH_LEVEL="1"/>
		<Primitive ID="Ar0010001" BOX="61 283 158 296" ELEMENT_TYPE="Content" SEQ_NO="1" TOC_ENTRY_ID="5" DEPTH_LEVEL="1"/>
		<Primitive ID="Ar0010002" BOX="38 326 184 518" ELEMENT_TYPE="Content" SEQ_NO="2" TOC_ENTRY_ID="5" DEPTH_LEVEL="1"/>
		<Primitive ID="Ar0010003" BOX="39 516 184 703" ELEMENT_TYPE="Content" SEQ_NO="3" TOC_ENTRY_ID="5" DEPTH_LEVEL="1"/>
		<Primitive ID="Ar0010004" BOX="38 704 184 754" ELEMENT_TYPE="Content" SEQ_NO="4" TOC_ENTRY_ID="5" DEPTH_LEVEL="1"/>
		<Primitive ID="Ar0010005" BOX="38 757 184 991" ELEMENT_TYPE="Content" SEQ_NO="5" TOC_ENTRY_ID="5" DEPTH_LEVEL="1"/>
		<Primitive ID="Ar0010006" BOX="195 231 342 356" ELEMENT_TYPE="Content" SEQ_NO="6" TOC_ENTRY_ID="5" DEPTH_LEVEL="1"/>
		<Primitive ID="Ar0010007" BOX="195 359 342 424" ELEMENT_TYPE="Content" SEQ_NO="7" TOC_ENTRY_ID="5" DEPTH_LEVEL="1"/>
		<Primitive ID="Ar0010008" BOX="194 426 343 627" ELEMENT_TYPE="Content" SEQ_NO="8" TOC_ENTRY_ID="5" DEPTH_LEVEL="1"/>
		<Primitive ID="Ar0010009" BOX="195 630 343 763" ELEMENT_TYPE="Content" SEQ_NO="9" TOC_ENTRY_ID="5" DEPTH_LEVEL="1"/>
		<Primitive ID="Ar0010010" BOX="194 766 342 978" ELEMENT_TYPE="Content" SEQ_NO="10" TOC_ENTRY_ID="5" DEPTH_LEVEL="1"/>
	</Entity>
	<Entity ENTITY_TYPE="Article" FIRST_TOC_ENTRY_ID="6" INDEX_IN_DOC="6" DEPTH_LEVEL="1" ID="Ar00101" SIZE="Large" BOX="38 1002 974 1318" NEXT_SECTION="2" PREV_SECTION="" CONTINUATION_TO="Ar00201" IMAGES_RESOLUTION="144" TOTAL_CHARS_COUNT="7770" SUSPICIOUS_CHARS_COUNT="0" WORDCNT="1824">
		<Name>LES JUSTES</Name>
		<Primitive ID="Ar0010100" BOX="57 1035 165 1048" ELEMENT_TYPE="HedLine_hl1" SEQ_NO="0" TOC_ENTRY_ID="6" DEPTH_LEVEL="1"/>
		<Primitive ID="Ar0010101" BOX="41 1005 179 1021" ELEMENT_TYPE="Content" SEQ_NO="1" TOC_ENTRY_ID="6" DEPTH_LEVEL="1"/>
		<Primitive ID="Ar0010102" BOX="38 1052 184 1317" ELEMENT_TYPE="Content" SEQ_NO="2" TOC_ENTRY_ID="6" DEPTH_LEVEL="1"/>
		<Primitive ID="Ar0010103" BOX="193 1004 340 1134" ELEMENT_TYPE="Content" SEQ_NO="3" TOC_ENTRY_ID="6" DEPTH_LEVEL="1"/>
		<Primitive ID="Ar0010104" BOX="193 1135 340 1200" ELEMENT_TYPE="Content" SEQ_NO="4" TOC_ENTRY_ID="6" DEPTH_LEVEL="1"/>
		<Primitive ID="Ar0010105" BOX="193 1202 341 1316" ELEMENT_TYPE="Content" SEQ_NO="5" TOC_ENTRY_ID="6" DEPTH_LEVEL="1"/>
		<Primitive ID="Ar0010106" BOX="351 1004 499 1202" ELEMENT_TYPE="Content" SEQ_NO="6" TOC_ENTRY_ID="6" DEPTH_LEVEL="1"/>
		<Primitive ID="Ar0010107" BOX="351 1202 498 1316" ELEMENT_TYPE="Content" SEQ_NO="7" TOC_ENTRY_ID="6" DEPTH_LEVEL="1"/>
		<Primitive ID="Ar0010108" BOX="509 1004 656 1149" ELEMENT_TYPE="Content" SEQ_NO="8" TOC_ENTRY_ID="6" DEPTH_LEVEL="1"/>
		<Primitive ID="Ar0010109" BOX="508 1149 656 1317" ELEMENT_TYPE="Content" SEQ_NO="9" TOC_ENTRY_ID="6" DEPTH_LEVEL="1"/>
		<Primitive ID="Ar0010110" BOX="666 1004 815 1231" ELEMENT_TYPE="Content" SEQ_NO="10" TOC_ENTRY_ID="6" DEPTH_LEVEL="1"/>
		<Primitive ID="Ar0010111" BOX="665 1233 813 1315" ELEMENT_TYPE="Content" SEQ_NO="11" TOC_ENTRY_ID="6" DEPTH_LEVEL="1"/>
		<Primitive ID="Ar0010112" BOX="823 1002 974 1149" ELEMENT_TYPE="Content" SEQ_NO="12" TOC_ENTRY_ID="6" DEPTH_LEVEL="1"/>
		<Primitive ID="Ar0010113" BOX="823 1150 971 1318" ELEMENT_TYPE="Content" SEQ_NO="13" TOC_ENTRY_ID="6" DEPTH_LEVEL="1"/>
	</Entity>
	<Entity ENTITY_TYPE="Article" FIRST_TOC_ENTRY_ID="7" INDEX_IN_DOC="8" DEPTH_LEVEL="1" ID="Ar00102" SIZE="XLarge" BOX="352 231 975 988" NEXT_SECTION="2" PREV_SECTION="" IMAGES_RESOLUTION="144" TOTAL_CHARS_COUNT="11464" SUSPICIOUS_CHARS_COUNT="0" WORDCNT="2574">
		<Name>Notes sur l'Am�rique</Name>
		<Primitive ID="Ar0010200" BOX="359 233 488 252" ELEMENT_TYPE="HedLine_hl1" SEQ_NO="18" TOC_ENTRY_ID="7" DEPTH_LEVEL="1"/>
		<Primitive ID="Ar0010201" BOX="352 260 500 315" ELEMENT_TYPE="Content" SEQ_NO="0" TOC_ENTRY_ID="7" DEPTH_LEVEL="1"/>
		<Primitive ID="Ar0010202" BOX="352 317 500 518" ELEMENT_TYPE="Content" SEQ_NO="1" TOC_ENTRY_ID="7" DEPTH_LEVEL="1"/>
		<Primitive ID="Ar0010203" BOX="352 520 500 790" ELEMENT_TYPE="Content" SEQ_NO="2" TOC_ENTRY_ID="7" DEPTH_LEVEL="1"/>
		<Primitive ID="Ar0010204" BOX="352 792 500 987" ELEMENT_TYPE="Content" SEQ_NO="3" TOC_ENTRY_ID="7" DEPTH_LEVEL="1"/>
		<Primitive ID="Ar0010205" BOX="509 232 658 427" ELEMENT_TYPE="Content" SEQ_NO="4" TOC_ENTRY_ID="7" DEPTH_LEVEL="1"/>
		<Primitive ID="Ar0010206" BOX="509 435 659 573" ELEMENT_TYPE="Content" SEQ_NO="5" TOC_ENTRY_ID="7" DEPTH_LEVEL="1"/>
		<Primitive ID="Ar0010207" BOX="510 570 659 714" ELEMENT_TYPE="Content" SEQ_NO="6" TOC_ENTRY_ID="7" DEPTH_LEVEL="1"/>
		<Primitive ID="Ar0010208" BOX="509 715 658 850" ELEMENT_TYPE="Content" SEQ_NO="7" TOC_ENTRY_ID="7" DEPTH_LEVEL="1"/>
		<Primitive ID="Ar0010209" BOX="508 851 658 988" ELEMENT_TYPE="Content" SEQ_NO="8" TOC_ENTRY_ID="7" DEPTH_LEVEL="1"/>
		<Primitive ID="Ar0010210" BOX="667 231 815 323" ELEMENT_TYPE="Content" SEQ_NO="9" TOC_ENTRY_ID="7" DEPTH_LEVEL="1"/>
		<Primitive ID="Ar0010211" BOX="667 324 815 399" ELEMENT_TYPE="Content" SEQ_NO="10" TOC_ENTRY_ID="7" DEPTH_LEVEL="1"/>
		<Primitive ID="Ar0010212" BOX="667 400 817 672" ELEMENT_TYPE="Content" SEQ_NO="11" TOC_ENTRY_ID="7" DEPTH_LEVEL="1"/>
		<Primitive ID="Ar0010213" BOX="667 672 817 875" ELEMENT_TYPE="Content" SEQ_NO="12" TOC_ENTRY_ID="7" DEPTH_LEVEL="1"/>
		<Primitive ID="Ar0010214" BOX="666 876 816 987" ELEMENT_TYPE="Content" SEQ_NO="13" TOC_ENTRY_ID="7" DEPTH_LEVEL="1"/>
		<Primitive ID="Ar0010215" BOX="825 231 973 410" ELEMENT_TYPE="Content" SEQ_NO="14" TOC_ENTRY_ID="7" DEPTH_LEVEL="1"/>
		<Primitive ID="Ar0010216" BOX="825 410 974 587" ELEMENT_TYPE="Content" SEQ_NO="15" TOC_ENTRY_ID="7" DEPTH_LEVEL="1"/>
		<Primitive ID="Ar0010217" BOX="825 588 975 793" ELEMENT_TYPE="Content" SEQ_NO="16" TOC_ENTRY_ID="7" DEPTH_LEVEL="1"/>
		<Primitive ID="Ar0010218" BOX="825 804 975 866" ELEMENT_TYPE="Content" SEQ_NO="17" TOC_ENTRY_ID="7" DEPTH_LEVEL="1"/>
	</Entity>
	<Entity ENTITY_TYPE="Article" FIRST_TOC_ENTRY_ID="10" INDEX_IN_DOC="11" DEPTH_LEVEL="1" ID="Ar00103" SIZE="Small" BOX="823 881 975 988" NEXT_SECTION="2" PREV_SECTION="" CONTINUATION_TO="Ar00200" IMAGES_RESOLUTION="144" TOTAL_CHARS_COUNT="203" SUSPICIOUS_CHARS_COUNT="0" WORDCNT="47">
		<Name>A la Haute Cour</Name>
		<Primitive ID="Ar0010300" BOX="861 881 934 893" ELEMENT_TYPE="HedLine_hl1" SEQ_NO="0" TOC_ENTRY_ID="10" DEPTH_LEVEL="1"/>
		<Primitive ID="Ar0010301" BOX="823 903 975 988" ELEMENT_TYPE="Content" SEQ_NO="1" TOC_ENTRY_ID="10" DEPTH_LEVEL="1"/>
	</Entity>
	<Entity ENTITY_TYPE="Article" FIRST_TOC_ENTRY_ID="3" INDEX_IN_DOC="3" DEPTH_LEVEL="1" ID="Ar00104" SIZE="Small" BOX="26 148 215 210" NEXT_SECTION="2" PREV_SECTION="" IMAGES_RESOLUTION="144" TOTAL_CHARS_COUNT="99" SUSPICIOUS_CHARS_COUNT="0" WORDCNT="32">
		<Name>Untitled Article</Name>
		<Primitive ID="Ar0010400" BOX="26 148 215 210" ELEMENT_TYPE="Content" SEQ_NO="0" TOC_ENTRY_ID="3" DEPTH_LEVEL="1"/>
	</Entity>
	<Entity ENTITY_TYPE="Article" FIRST_TOC_ENTRY_ID="9" INDEX_IN_DOC="10" DEPTH_LEVEL="1" ID="Ar00105" SIZE="Small" BOX="809 148 984 210" NEXT_SECTION="2" PREV_SECTION="" IMAGES_RESOLUTION="144" TOTAL_CHARS_COUNT="148" SUSPICIOUS_CHARS_COUNT="0" WORDCNT="39">
		<Name>Untitled Article</Name>
		<Primitive ID="Ar0010500" BOX="809 148 984 210" ELEMENT_TYPE="Content" SEQ_NO="0" TOC_ENTRY_ID="9" DEPTH_LEVEL="1"/>
	</Entity>
	<Entity ENTITY_TYPE="Article" FIRST_TOC_ENTRY_ID="1" INDEX_IN_DOC="1" DEPTH_LEVEL="1" ID="Ar00106" SIZE="Small" BOX="26 47 184 148" NEXT_SECTION="2" PREV_SECTION="" IMAGES_RESOLUTION="144" TOTAL_CHARS_COUNT="138" SUSPICIOUS_CHARS_COUNT="0" WORDCNT="33">
		<Name>Untitled Article</Name>
		<Primitive ID="Ar0010600" BOX="26 47 184 148" ELEMENT_TYPE="Content" SEQ_NO="0" TOC_ENTRY_ID="1" DEPTH_LEVEL="1"/>
	</Entity>
	<Entity ENTITY_TYPE="Article" FIRST_TOC_ENTRY_ID="8" INDEX_IN_DOC="9" DEPTH_LEVEL="1" ID="Ar00107" SIZE="Small" BOX="831 47 984 148" NEXT_SECTION="2" PREV_SECTION="" IMAGES_RESOLUTION="144" TOTAL_CHARS_COUNT="205" SUSPICIOUS_CHARS_COUNT="0" WORDCNT="48">
		<Name>Untitled Article</Name>
		<Primitive ID="Ar0010700" BOX="831 47 984 148" ELEMENT_TYPE="Content" SEQ_NO="0" TOC_ENTRY_ID="8" DEPTH_LEVEL="1"/>
	</Entity>
	<Entity ENTITY_TYPE="Article" FIRST_TOC_ENTRY_ID="2" INDEX_IN_DOC="2" DEPTH_LEVEL="1" ID="Ar00108" SIZE="Medium" BOX="184 47 831 210" NEXT_SECTION="2" PREV_SECTION="" IMAGES_RESOLUTION="144" TOTAL_CHARS_COUNT="27" SUSPICIOUS_CHARS_COUNT="0" WORDCNT="6">
		<Name>Untitled Article</Name>
		<Primitive ID="Ar0010800" BOX="184 47 831 148" ELEMENT_TYPE="Content" SEQ_NO="0" TOC_ENTRY_ID="2" DEPTH_LEVEL="1"/>
		<Primitive ID="Ar0010801" BOX="215 148 809 210" ELEMENT_TYPE="Content" SEQ_NO="1" TOC_ENTRY_ID="2" DEPTH_LEVEL="1"/>
	</Entity>
	<Entity ENTITY_TYPE="Article" FIRST_TOC_ENTRY_ID="4" INDEX_IN_DOC="4" DEPTH_LEVEL="1" ID="Ar00109" SIZE="Small" BOX="39 232 184 266" NEXT_SECTION="2" PREV_SECTION="" IMAGES_RESOLUTION="144" TOTAL_CHARS_COUNT="89" SUSPICIOUS_CHARS_COUNT="0" WORDCNT="17">
		<Name>Untitled Article</Name>
		<Primitive ID="Ar0010900" BOX="39 232 184 266" ELEMENT_TYPE="Content" SEQ_NO="0" TOC_ENTRY_ID="4" DEPTH_LEVEL="1"/>
	</Entity>
</XMD-PAGE>
