<?xml version="1.0" encoding="windows-1252" standalone="no"?>
<XMD-entity REPOSITORY_FORMAT="1.0" PRXML_VER="2.2" ENTITY_TYPE="Picture" FIRST_TOC_ENTRY_ID="30" DEPTH_LEVEL="2" INDEX_IN_DOC="30" PAGE_NO="4" ID="Pc00404" BOX="334 494 1146 1372" LANGUAGE="French" SNP="Pc00404S.jpg" SNP_WIDTH="111" SNP_HEIGHT="120">
	<Meta NAME="Untitled Picture" DESCRIPTION="" SUBTYPE="" BASE_HREF="IMP/2012/03/03" SOURCE_TYPE="TIFF" PUBLICATION="IMP" SECTION="Front Page" ISSUE_DATE="03/03/2012" WORDCNT="0" RELEASE_NO="113-IMP-2012-03-03-0001" PAGE_ID="" PAGE_TYPE="Single" PAGE_WIDTH="879" PAGE_HEIGHT="1304" DEFAULT_IMG_EXT="png" PDF_DESTINATION_MAPPED="OLV0_Entity_0004_0005" IMAGES_RESOLUTION="144" EMBEDDED_INTO="Ar00400" EMBEDDED_AFTER="Ar0040000" XMD_VER="2.6.241.4" PAGE_LABEL="4" TOTAL_CHARS_COUNT="0" SUSPICIOUS_CHARS_COUNT="0"/>
	<Link SOURCE="113-IMP-2012-03-03-0001.pdf" FIRST_ID="Ar00100" LAST_ID="Pc03613" NEXT_ID="Pc00405" PREV_ID="Ar00403" TOC_ID="W:/Repository/IMP/2012/03/03/TOC.xml"/>
	<DataFiles>
		<Files TYPE="DOC_PDF" PRESENT="1"/>
		<Files TYPE="PAGE_PDF" PRESENT="0"/>
		<Files TYPE="DOC_IMG" PRESENT="0"/>
		<Files TYPE="PAGE_IMG" PRESENT="0"/>
		<Files TYPE="PAGE_VIEW_IMG" PRESENT="1"/>
		<Files TYPE="PAGE_PREVIEW_IMG" PRESENT="1"/>
		<Files TYPE="PRIMITIVE_IMG" PRESENT="1"/>
		<Files TYPE="SNIPPET_IMG" PRESENT="1"/>
		<Files TYPE="SEGMENTATION" PRESENT="0"/>
	</DataFiles>
	<Picture>
		<Img BOX="334 494 1146 1372" ID="Pc0040400" IMG_EXT="jpg" HREF="/4/Img/Pc0040400.jpg" TOC_ENTRY_ID="30" SEQ_NO="0"/>
	</Picture>
</XMD-entity>