<?xml version="1.0" encoding="windows-1252" standalone="no"?>
<XMD-entity REPOSITORY_FORMAT="1.0" PRXML_VER="2.2" ENTITY_TYPE="Article" DOC_UID="IMP_03/03/2012" DOC_VER="1" FIRST_TOC_ENTRY_ID="253" DEPTH_LEVEL="1" INDEX_IN_DOC="253" PAGE_NO="31" ID="Ar03101" BOX="1446 282 1701 1999" LANGUAGE="French" SNP="Ar0310100.png" SNP_WIDTH="253" SNP_HEIGHT="69">
	<Meta NAME="Paris - Nice promis � un rouleur" DESCRIPTION="" SUBTYPE="" BASE_HREF="IMP/2012/03/03" SOURCE_TYPE="TIFF" PUBLICATION="IMP" SECTION="Front Page" ISSUE_DATE="03/03/2012" WORDCNT="8" RELEASE_NO="113-IMP-2012-03-03-0001" PAGE_ID="" PAGE_TYPE="Single" PAGE_WIDTH="879" PAGE_HEIGHT="1304" DEFAULT_IMG_EXT="png" PDF_DESTINATION_MAPPED="OLV0_Entity_0031_0002" IMAGES_RESOLUTION="144" XMD_VER="2.6.241.4" PAGE_LABEL="31" TOTAL_CHARS_COUNT="34" SUSPICIOUS_CHARS_COUNT="0"/>
	<Link SOURCE="113-IMP-2012-03-03-0001.pdf" FIRST_ID="Ar00100" LAST_ID="Pc03613" NEXT_ID="Ar03102" PREV_ID="Ar03100" TOC_ID="W:/Repository/IMP/2012/03/03/TOC.xml"/>
	<DataFiles>
		<Files TYPE="DOC_PDF" PRESENT="1"/>
		<Files TYPE="PAGE_PDF" PRESENT="0"/>
		<Files TYPE="DOC_IMG" PRESENT="0"/>
		<Files TYPE="PAGE_IMG" PRESENT="0"/>
		<Files TYPE="PAGE_VIEW_IMG" PRESENT="1"/>
		<Files TYPE="PAGE_PREVIEW_IMG" PRESENT="1"/>
		<Files TYPE="PRIMITIVE_IMG" PRESENT="1"/>
		<Files TYPE="SNIPPET_IMG" PRESENT="1"/>
		<Files TYPE="SEGMENTATION" PRESENT="0"/>
	</DataFiles>
	<HedLine_hl1>
		<Primitive BOX="1446 316 1698 384" ID="Ar0310100" SEQ_NO="0" TOC_ENTRY_ID="253" DEPTH_LEVEL="1">
			<L BOX="1446 316 1698 348"/>
			<W BOX="1446 316 1514 348" STYLE_REF="131">Paris</W>
			<W BOX="1521 316 1532 348" STYLE_REF="131" LH="y">-</W>
			<W BOX="1539 316 1596 348" STYLE_REF="131">Nice</W>
			<W BOX="1603 316 1698 348" STYLE_REF="131">promis</W>
			<L BOX="1446 352 1611 384"/>
			<W BOX="1446 352 1463 384" STYLE_REF="131">�</W>
			<W BOX="1470 352 1505 384" STYLE_REF="131">un</W>
			<W BOX="1512 352 1611 384" STYLE_REF="131">rouleur</W>
		</Primitive>
	</HedLine_hl1>
	<Content>
		<Primitive BOX="1446 282 1569 311" ID="Ar0310101" SEQ_NO="1" TOC_ENTRY_ID="253" DEPTH_LEVEL="1">
			<L BOX="1446 282 1569 311"/>
			<W BOX="1446 282 1569 311" STYLE_REF="17">CYCLISME</W>
		</Primitive>
		<Primitive BOX="1446 404 1701 879" ID="Ar0310102" SEQ_NO="2" TOC_ENTRY_ID="253" DEPTH_LEVEL="1"/>
		<Primitive BOX="1446 880 1701 1378" ID="Ar0310103" SEQ_NO="3" TOC_ENTRY_ID="253" DEPTH_LEVEL="1"/>
		<Primitive BOX="1446 1400 1701 1999" ID="Ar0310104" SEQ_NO="4" TOC_ENTRY_ID="253" DEPTH_LEVEL="1"/>
	</Content>
</XMD-entity>