<?xml version="1.0" encoding="windows-1252" standalone="no"?>
<XMD-PAGE REPOSITORY_FORMAT="1.0" PRXML_VER="2.2">
	<Meta SINGLE_PAGE_PDF_NAME="/Res/PDF/Pg0010_s_0010.pdf" ISSUE_DATE="23/06/1807" RELEASE_NO="103-GDL-1807-06-23-0001" PAGE_NO="10" NAME="" PAGE_LABEL="10" PAGE_TYPE="Single" PUBLISHER="Olive" PUBLICATION="GDL" SOURCE_TYPE="TIFF" SOURCE_RESOLUTION="72" IMAGES_RESOLUTION="180" PAGE_THUMBNAIL_RESOLUTION="130" PAGE_PREVIEW_RESOLUTION="14" DEFAULT_IMG_EXT="png" IMG_EXT="png" PREVIEW_IMG_EXT="png" XMD_VER="2.6.241.4" PROFILE_ID="W:\Batch\Profile\GDL-1807-06-23.ini" SECTION="None" PAGE_WIDTH="984" PAGE_HEIGHT="1362" PAGES_NUMBER="12" BASE_HREF="GDL/1807/06/23" PDF_DESTINATION_MAPPED="OLV0_Page_0010" TOTAL_CHARS_COUNT="5940" SUSPICIOUS_CHARS_COUNT="0">
		<Resolutions>
			<Resolution DEFAULT="true">130</Resolution>
			<Resolution>160</Resolution>
			<Resolution>180</Resolution>
		</Resolutions>
	</Meta>
	<Link SOURCE="103-GDL-1807-06-23-0001.pdf" NEXT_SECTION="" PREV_SECTION="1"/>
	<DataFiles>
		<Files TYPE="DOC_PDF" PRESENT="1"/>
		<Files TYPE="PAGE_PDF" PRESENT="1"/>
		<Files TYPE="DOC_IMG" PRESENT="0"/>
		<Files TYPE="PAGE_IMG" PRESENT="1" BYTEORDER="little_endian" COMPRESSIONSCHEME="LZW" IMAGE_WIDTH="2270" IMAGE_HEIGHT="3143" COLORSPACE="BlackIsZero" BITSPERSAMPLE="8" SAMPLESPERPIXEL="1" XRESOLUTION_DPI="300" YRESOLUTION_DPI="300" MIMETYPE="image/tiff" IMG_EXT="tif" MEDIA_BOX="0 0 2269 3142" CROP_BOX="0 0 2269 3142"/>
		<Files TYPE="PAGE_VIEW_IMG" PRESENT="1"/>
		<Files TYPE="PAGE_PREVIEW_IMG" PRESENT="1"/>
		<Files TYPE="PRIMITIVE_IMG" PRESENT="1"/>
		<Files TYPE="SNIPPET_IMG" PRESENT="1"/>
		<Files TYPE="SEGMENTATION" PRESENT="1"/>
	</DataFiles>
	<Entity ENTITY_TYPE="Article" FIRST_TOC_ENTRY_ID="12" INDEX_IN_DOC="21" DEPTH_LEVEL="1" ID="Ar01000" SIZE="XLarge" BOX="95 12 522 1232" NEXT_SECTION="" PREV_SECTION="1" CONTINUATION_TO="Ar01001" CONTINUATION_FROM="Ar00901" FIRST_CHUNK="Ar00900" IMAGES_RESOLUTION="180" TOTAL_CHARS_COUNT="3063" SUSPICIOUS_CHARS_COUNT="0" WORDCNT="696">
		<Name>Untitled Article</Name>
		<Primitive ID="Ar0100000" BOX="95 12 513 295" ELEMENT_TYPE="Content" SEQ_NO="0" TOC_ENTRY_ID="12" DEPTH_LEVEL="1"/>
		<Primitive ID="Ar0100001" BOX="116 293 515 560" ELEMENT_TYPE="Content" SEQ_NO="1" TOC_ENTRY_ID="12" DEPTH_LEVEL="1"/>
		<Primitive ID="Ar0100002" BOX="119 558 518 894" ELEMENT_TYPE="Content" SEQ_NO="2" TOC_ENTRY_ID="12" DEPTH_LEVEL="1"/>
		<Primitive ID="Ar0100003" BOX="119 891 522 1232" ELEMENT_TYPE="Content" SEQ_NO="3" TOC_ENTRY_ID="12" DEPTH_LEVEL="1"/>
	</Entity>
	<Entity ENTITY_TYPE="Article" FIRST_TOC_ENTRY_ID="12" INDEX_IN_DOC="22" DEPTH_LEVEL="1" ID="Ar01001" SIZE="XLarge" BOX="527 28 935 1227" NEXT_SECTION="" PREV_SECTION="1" CONTINUATION_TO="Ar01100" CONTINUATION_FROM="Ar01000" FIRST_CHUNK="Ar00900" IMAGES_RESOLUTION="180" TOTAL_CHARS_COUNT="2877" SUSPICIOUS_CHARS_COUNT="0" WORDCNT="653">
		<Name>Untitled Article</Name>
		<Primitive ID="Ar0100100" BOX="527 28 926 230" ELEMENT_TYPE="Content" SEQ_NO="0" TOC_ENTRY_ID="12" DEPTH_LEVEL="1"/>
		<Primitive ID="Ar0100101" BOX="527 228 926 421" ELEMENT_TYPE="Content" SEQ_NO="1" TOC_ENTRY_ID="12" DEPTH_LEVEL="1"/>
		<Primitive ID="Ar0100102" BOX="529 427 928 627" ELEMENT_TYPE="Content" SEQ_NO="2" TOC_ENTRY_ID="12" DEPTH_LEVEL="1"/>
		<Primitive ID="Ar0100103" BOX="531 627 932 837" ELEMENT_TYPE="Content" SEQ_NO="3" TOC_ENTRY_ID="12" DEPTH_LEVEL="1"/>
		<Primitive ID="Ar0100104" BOX="534 837 933 1102" ELEMENT_TYPE="Content" SEQ_NO="4" TOC_ENTRY_ID="12" DEPTH_LEVEL="1"/>
		<Primitive ID="Ar0100105" BOX="536 1100 935 1227" ELEMENT_TYPE="Content" SEQ_NO="5" TOC_ENTRY_ID="12" DEPTH_LEVEL="1"/>
	</Entity>
</XMD-PAGE>
