<?xml version="1.0" encoding="windows-1252" standalone="no"?>
<XMD-entity REPOSITORY_FORMAT="1.0" PRXML_VER="2.2" ENTITY_TYPE="Ad" DOC_UID="IMP_03/03/2012" DOC_VER="1" FIRST_TOC_ENTRY_ID="181" DEPTH_LEVEL="1" INDEX_IN_DOC="181" PAGE_NO="22" ID="Ad02208" BOX="1163 2346 1440 2539" LANGUAGE="French" SNP="Ad02208S.png" SNP_WIDTH="172" SNP_HEIGHT="120">
	<Meta NAME="Untitled Ad" DESCRIPTION="" SUBTYPE="" BASE_HREF="IMP/2012/03/03" SOURCE_TYPE="TIFF" PUBLICATION="IMP" SECTION="Front Page" ISSUE_DATE="03/03/2012" WORDCNT="49" RELEASE_NO="113-IMP-2012-03-03-0001" PAGE_ID="" PAGE_TYPE="Single" PAGE_WIDTH="879" PAGE_HEIGHT="1304" DEFAULT_IMG_EXT="png" PDF_DESTINATION_MAPPED="OLV0_Entity_0022_0009" IMAGES_RESOLUTION="144" XMD_VER="2.6.241.4" PAGE_LABEL="22" TOTAL_CHARS_COUNT="106" SUSPICIOUS_CHARS_COUNT="0">
		<Links>
			<Lnk TYPE="EML" LNK_ID="LNK_22_2">
				<Target>info@margotmazout.ch</Target>
			</Lnk>
			<Lnk TYPE="URL" LNK_ID="LNK_22_3">
				<Target>www.margotmazout.ch</Target>
			</Lnk>
			<Sources>
				<Box LNK_ID="LNK_22_3" PRIM_ID="Ad0220802">1254 2500 1363 2517</Box>
				<Box LNK_ID="LNK_22_2" PRIM_ID="Ad0220802">1254 2481 1364 2499</Box>
			</Sources>
		</Links>
	</Meta>
	<Link SOURCE="113-IMP-2012-03-03-0001.pdf" FIRST_ID="Ar00100" LAST_ID="Pc03613" NEXT_ID="Ad02209" PREV_ID="Ar02207" TOC_ID="W:/Repository/IMP/2012/03/03/TOC.xml"/>
	<DataFiles>
		<Files TYPE="DOC_PDF" PRESENT="1"/>
		<Files TYPE="PAGE_PDF" PRESENT="0"/>
		<Files TYPE="DOC_IMG" PRESENT="0"/>
		<Files TYPE="PAGE_IMG" PRESENT="0"/>
		<Files TYPE="PAGE_VIEW_IMG" PRESENT="1"/>
		<Files TYPE="PAGE_PREVIEW_IMG" PRESENT="1"/>
		<Files TYPE="PRIMITIVE_IMG" PRESENT="1"/>
		<Files TYPE="SNIPPET_IMG" PRESENT="1"/>
		<Files TYPE="SEGMENTATION" PRESENT="0"/>
	</DataFiles>
	<Content>
		<Primitive BOX="1197 2364 1416 2517" ID="Ad0220800" E="N" SEQ_NO="1" TOC_ENTRY_ID="181" DEPTH_LEVEL="1">
			<L BOX="1237 2375 1416 2423"/>
			<W BOX="1237 2375 1322 2423" STYLE_REF="1">Margot</W>
			<W BOX="1328 2375 1416 2423" STYLE_REF="1">Mazout</W>
			<L BOX="1259 2422 1386 2446" P="S"/>
			<W BOX="1259 2422 1292 2446" STYLE_REF="2">Huile</W>
			<W BOX="1301 2422 1317 2446" STYLE_REF="2">de</W>
			<W BOX="1323 2422 1386 2446" STYLE_REF="2">chauffage</W>
			<L BOX="1197 2454 1392 2475" P="S"/>
			<W BOX="1197 2454 1248 2475" STYLE_REF="3">Num�ro</W>
			<W BOX="1252 2454 1295 2475" STYLE_REF="3" NS="y">unique</W>
			<W BOX="1295 2454 1299 2475" STYLE_REF="3">:</W>
			<W BOX="1304 2454 1335 2475" STYLE_REF="3">0844</W>
			<W BOX="1340 2454 1364 2475" STYLE_REF="3">844</W>
			<W BOX="1368 2454 1392 2475" STYLE_REF="3">644</W>
			<L BOX="1215 2481 1364 2499" P="S"/>
			<Q BOX="1215 2481 1221 2499" STYLE_REF="4" QID="1">E</Q>
			<Q BOX="1221 2481 1224 2499" STYLE_REF="4" LH="y" QID="1">-</Q>
			<q BOX="1224 2481 1244 2499" STYLE_REF="4" NS="y" QID="1">Mail</q>
			<QW QID="1">E-Mail</QW>
			<W BOX="1244 2481 1247 2499" STYLE_REF="4">:</W>
			<W BOX="1254 2481 1272 2499" STYLE_REF="4" NS="y">info</W>
			<W BOX="1272 2481 1282 2499" STYLE_REF="4" NS="y">@</W>
			<W BOX="1282 2481 1350 2499" STYLE_REF="4" NS="y">margotmazout</W>
			<W BOX="1350 2481 1353 2499" STYLE_REF="4" NS="y">.</W>
			<W BOX="1353 2481 1364 2499" STYLE_REF="4">ch</W>
			<L BOX="1209 2500 1363 2517"/>
			<W BOX="1209 2500 1245 2517" STYLE_REF="4" NS="y">Internet</W>
			<W BOX="1245 2500 1248 2517" STYLE_REF="4">:</W>
			<W BOX="1254 2500 1279 2517" STYLE_REF="4" NS="y">www</W>
			<W BOX="1278 2500 1281 2517" STYLE_REF="4" NS="y">.</W>
			<W BOX="1281 2500 1349 2517" STYLE_REF="4" NS="y">margotmazout</W>
			<W BOX="1349 2500 1352 2517" STYLE_REF="4" NS="y">.</W>
			<W BOX="1352 2500 1363 2517" STYLE_REF="4">ch</W>
		</Primitive>
		<Primitive BOX="1163 2346 1440 2539" ID="Ad0220801" E="N" SEQ_NO="2" TOC_ENTRY_ID="181" DEPTH_LEVEL="1"/>
	</Content>
	<AdFrame>
		<Img BOX="1163 2346 1440 2539" ID="Ad0220802" HREF="/22/Img/Ad0220802.png" TOC_ENTRY_ID="181" SEQ_NO="0"/>
	</AdFrame>
</XMD-entity>