<?xml version="1.0" encoding="windows-1252" standalone="no"?>
<XMD-entity REPOSITORY_FORMAT="1.0" PRXML_VER="2.2" ENTITY_TYPE="Article" DOC_UID="IMP_03/03/2012" DOC_VER="1" FIRST_TOC_ENTRY_ID="179" DEPTH_LEVEL="1" INDEX_IN_DOC="179" PAGE_NO="22" ID="Ar02207" BOX="1163 210 1706 2539" LANGUAGE="French" SNP="Ar0220700.png" SNP_WIDTH="276" SNP_HEIGHT="57">
	<Meta NAME="Untitled Article" DESCRIPTION="" SUBTYPE="" BASE_HREF="IMP/2012/03/03" SOURCE_TYPE="TIFF" PUBLICATION="IMP" SECTION="Front Page" ISSUE_DATE="03/03/2012" WORDCNT="2" RELEASE_NO="113-IMP-2012-03-03-0001" PAGE_ID="" PAGE_TYPE="Single" PAGE_WIDTH="879" PAGE_HEIGHT="1304" DEFAULT_IMG_EXT="png" PDF_DESTINATION_MAPPED="OLV0_Entity_0022_0008" IMAGES_RESOLUTION="144" XMD_VER="2.6.241.4" PAGE_LABEL="22" TOTAL_CHARS_COUNT="2" SUSPICIOUS_CHARS_COUNT="0"/>
	<Link SOURCE="113-IMP-2012-03-03-0001.pdf" FIRST_ID="Ar00100" LAST_ID="Pc03613" NEXT_ID="Ad02208" PREV_ID="Ar02206" TOC_ID="W:/Repository/IMP/2012/03/03/TOC.xml"/>
	<DataFiles>
		<Files TYPE="DOC_PDF" PRESENT="1"/>
		<Files TYPE="PAGE_PDF" PRESENT="0"/>
		<Files TYPE="DOC_IMG" PRESENT="0"/>
		<Files TYPE="PAGE_IMG" PRESENT="0"/>
		<Files TYPE="PAGE_VIEW_IMG" PRESENT="1"/>
		<Files TYPE="PAGE_PREVIEW_IMG" PRESENT="1"/>
		<Files TYPE="PRIMITIVE_IMG" PRESENT="1"/>
		<Files TYPE="SNIPPET_IMG" PRESENT="1"/>
		<Files TYPE="SEGMENTATION" PRESENT="0"/>
	</DataFiles>
	<HedLine_hl1>
		<Primitive BOX="1163 338 1438 394" ID="Ar0220700" SEQ_NO="12" TOC_ENTRY_ID="179" DEPTH_LEVEL="1"/>
	</HedLine_hl1>
	<Content>
		<Primitive BOX="1163 210 1438 338" ID="Ar0220701" SEQ_NO="0" TOC_ENTRY_ID="179" DEPTH_LEVEL="1"/>
		<Primitive BOX="1163 394 1438 524" ID="Ar0220702" SEQ_NO="1" TOC_ENTRY_ID="179" DEPTH_LEVEL="1"/>
		<Primitive BOX="1438 210 1706 524" ID="Ar0220703" SEQ_NO="2" TOC_ENTRY_ID="179" DEPTH_LEVEL="1"/>
		<Primitive BOX="1163 524 1706 778" ID="Ar0220704" SEQ_NO="3" TOC_ENTRY_ID="179" DEPTH_LEVEL="1"/>
		<Primitive BOX="1163 778 1706 946" ID="Ar0220705" SEQ_NO="4" TOC_ENTRY_ID="179" DEPTH_LEVEL="1"/>
		<Primitive BOX="1163 946 1706 978" ID="Ar0220706" SEQ_NO="5" TOC_ENTRY_ID="179" DEPTH_LEVEL="1"/>
		<Primitive BOX="1163 978 1431 1316" ID="Ar0220707" SEQ_NO="6" TOC_ENTRY_ID="179" DEPTH_LEVEL="1"/>
		<Primitive BOX="1431 978 1706 1316" ID="Ar0220708" SEQ_NO="7" TOC_ENTRY_ID="179" DEPTH_LEVEL="1"/>
		<Primitive BOX="1163 1316 1706 1516" ID="Ar0220709" SEQ_NO="8" TOC_ENTRY_ID="179" DEPTH_LEVEL="1"/>
		<Primitive BOX="1163 1720 1706 1754" ID="Ar0220710" SEQ_NO="9" TOC_ENTRY_ID="179" DEPTH_LEVEL="1"/>
		<Primitive BOX="1163 1754 1440 2346" ID="Ar0220711" SEQ_NO="10" TOC_ENTRY_ID="179" DEPTH_LEVEL="1">
			<L BOX="1260 2334 1268 2345"/>
			<W BOX="1260 2334 1265 2345" STYLE_REF="330" NS="y">^</W>
			<W BOX="1265 2334 1268 2345" STYLE_REF="330">l</W>
		</Primitive>
		<Primitive BOX="1440 1754 1706 2539" ID="Ar0220712" SEQ_NO="11" TOC_ENTRY_ID="179" DEPTH_LEVEL="1"/>
	</Content>
</XMD-entity>