<?xml version="1.0" encoding="windows-1252" standalone="no"?>
<XMD-entity REPOSITORY_FORMAT="1.0" PRXML_VER="2.2" ENTITY_TYPE="Article" DOC_UID="IMP_03/03/2012" DOC_VER="1" FIRST_TOC_ENTRY_ID="174" DEPTH_LEVEL="1" INDEX_IN_DOC="174" PAGE_NO="22" ID="Ar02201" BOX="59 1646 322 1855" LANGUAGE="French" SNP="Ar02201S.png" SNP_WIDTH="264" SNP_HEIGHT="41">
	<Meta NAME="Untitled Article" DESCRIPTION="" SUBTYPE="" BASE_HREF="IMP/2012/03/03" SOURCE_TYPE="TIFF" PUBLICATION="IMP" SECTION="Front Page" ISSUE_DATE="03/03/2012" WORDCNT="93" RELEASE_NO="113-IMP-2012-03-03-0001" PAGE_ID="" PAGE_TYPE="Single" PAGE_WIDTH="879" PAGE_HEIGHT="1304" DEFAULT_IMG_EXT="png" PDF_DESTINATION_MAPPED="OLV0_Entity_0022_0002" IMAGES_RESOLUTION="144" XMD_VER="2.6.241.4" PAGE_LABEL="22" TOTAL_CHARS_COUNT="255" SUSPICIOUS_CHARS_COUNT="0">
		<Links>
			<Lnk TYPE="URL" LNK_ID="LNK_22_1">
				<Target>www.bonhote.ch</Target>
			</Lnk>
			<Sources>
				<Box LNK_ID="LNK_22_1" PRIM_ID="Ar0220100">200 1829 301 1842</Box>
			</Sources>
		</Links>
	</Meta>
	<Link SOURCE="113-IMP-2012-03-03-0001.pdf" FIRST_ID="Ar00100" LAST_ID="Pc03613" NEXT_ID="Pc02202" PREV_ID="Ar02200" TOC_ID="W:/Repository/IMP/2012/03/03/TOC.xml"/>
	<DataFiles>
		<Files TYPE="DOC_PDF" PRESENT="1"/>
		<Files TYPE="PAGE_PDF" PRESENT="0"/>
		<Files TYPE="DOC_IMG" PRESENT="0"/>
		<Files TYPE="PAGE_IMG" PRESENT="0"/>
		<Files TYPE="PAGE_VIEW_IMG" PRESENT="1"/>
		<Files TYPE="PAGE_PREVIEW_IMG" PRESENT="1"/>
		<Files TYPE="PRIMITIVE_IMG" PRESENT="1"/>
		<Files TYPE="SNIPPET_IMG" PRESENT="1"/>
		<Files TYPE="SEGMENTATION" PRESENT="0"/>
	</DataFiles>
	<Content>
		<Primitive BOX="59 1646 322 1855" ID="Ar0220100" SEQ_NO="0" TOC_ENTRY_ID="174" DEPTH_LEVEL="1">
			<L BOX="63 1713 301 1723"/>
			<W BOX="63 1713 84 1723" STYLE_REF="334">CHF</W>
			<W BOX="216 1713 252 1723" STYLE_REF="334">Dernier</W>
			<W BOX="264 1713 273 1723" STYLE_REF="334" NS="y">%</W>
			<W BOX="273 1713 279 1723" STYLE_REF="334" NS="y">1</W>
			<W BOX="279 1713 282 1723" STYLE_REF="334" NS="y">.</W>
			<W BOX="282 1713 287 1723" STYLE_REF="334" NS="y">1</W>
			<W BOX="287 1713 290 1723" STYLE_REF="334" NS="y">.</W>
			<W BOX="290 1713 301 1723" STYLE_REF="334">12</W>
			<L BOX="63 1728 299 1740" P="S"/>
			<W BOX="63 1728 71 1740" STYLE_REF="331" NS="y">B</W>
			<W BOX="71 1728 74 1740" STYLE_REF="331" NS="y">.</W>
			<W BOX="74 1728 97 1740" STYLE_REF="331">Alter</W>
			<Q BOX="100 1728 125 1740" STYLE_REF="331" QID="1">Multi</Q>
			<Q BOX="125 1728 129 1740" STYLE_REF="331" LH="y" QID="1">-</Q>
			<q BOX="129 1728 146 1740" STYLE_REF="331" QID="1">Arb</q>
			<QW QID="1">Multi-Arb</QW>
			<W BOX="149 1728 171 1740" STYLE_REF="331">USD</W>
			<W BOX="174 1728 183 1740" STYLE_REF="331">cl</W>
			<W BOX="186 1728 207 1740" STYLE_REF="331">CHF</W>
			<W BOX="212 1729 241 1739" STYLE_REF="332" NS="y">10410</W>
			<W BOX="241 1729 244 1739" STYLE_REF="332" NS="y">.</W>
			<W BOX="244 1729 256 1739" STYLE_REF="332">00</W>
			<W BOX="286 1729 291 1739" STYLE_REF="333" NS="y">1</W>
			<W BOX="291 1729 293 1739" STYLE_REF="333" NS="y">.</W>
			<W BOX="293 1729 299 1739" STYLE_REF="333">2</W>
			<L BOX="63 1742 299 1754"/>
			<W BOX="63 1742 71 1754" STYLE_REF="331" NS="y">B</W>
			<W BOX="71 1742 74 1754" STYLE_REF="331" NS="y">.</W>
			<W BOX="74 1742 97 1754" STYLE_REF="331">Alter</W>
			<Q BOX="100 1742 125 1754" STYLE_REF="331" QID="2">Multi</Q>
			<Q BOX="125 1742 129 1754" STYLE_REF="331" LH="y" QID="2">-</Q>
			<q BOX="129 1742 149 1754" STYLE_REF="331" QID="2">Perf</q>
			<QW QID="2">Multi-Perf</QW>
			<W BOX="152 1742 174 1754" STYLE_REF="331">USD</W>
			<W BOX="177 1742 186 1754" STYLE_REF="331">cl</W>
			<W BOX="189 1742 210 1754" STYLE_REF="331">CHF</W>
			<W BOX="212 1743 241 1753" STYLE_REF="332" NS="y">13153</W>
			<W BOX="241 1743 244 1753" STYLE_REF="332" NS="y">.</W>
			<W BOX="244 1743 256 1753" STYLE_REF="332">00</W>
			<W BOX="286 1743 291 1753" STYLE_REF="333" NS="y">1</W>
			<W BOX="291 1743 293 1753" STYLE_REF="333" NS="y">.</W>
			<W BOX="293 1743 299 1753" STYLE_REF="333">6</W>
			<L BOX="63 1756 299 1768"/>
			<W BOX="63 1756 71 1768" STYLE_REF="331" NS="y">B</W>
			<W BOX="71 1756 74 1768" STYLE_REF="331" NS="y">.</W>
			<W BOX="74 1756 89 1768" STYLE_REF="331" NS="y">Sel</W>
			<Q BOX="89 1756 92 1768" STYLE_REF="331" QID="3">.</Q>
			<q BOX="92 1756 96 1768" STYLE_REF="331" QID="3">-</q>
			<QW QID="3">.-</QW>
			<W BOX="99 1756 125 1768" STYLE_REF="331">BRIC</W>
			<Q BOX="128 1756 152 1768" STYLE_REF="331" QID="4">Multi</Q>
			<Q BOX="152 1756 156 1768" STYLE_REF="331" LH="y" QID="4">-</Q>
			<q BOX="156 1756 187 1768" STYLE_REF="331" QID="4">Fonds</q>
			<QW QID="4">Multi-Fonds</QW>
			<W BOX="218 1757 236 1767" STYLE_REF="332" NS="y">125</W>
			<W BOX="236 1757 238 1767" STYLE_REF="332" NS="y">.</W>
			<W BOX="238 1757 250 1767" STYLE_REF="332">26</W>
			<W BOX="281 1757 291 1767" STYLE_REF="333" NS="y">12</W>
			<W BOX="291 1757 293 1767" STYLE_REF="333" NS="y">.</W>
			<W BOX="293 1757 299 1767" STYLE_REF="333">1</W>
			<L BOX="63 1770 299 1782"/>
			<W BOX="63 1770 71 1782" STYLE_REF="331" NS="y">B</W>
			<W BOX="71 1770 74 1782" STYLE_REF="331" NS="y">.</W>
			<W BOX="74 1770 89 1782" STYLE_REF="331" NS="y">Sel</W>
			<Q BOX="89 1770 92 1782" STYLE_REF="331" QID="5">.</Q>
			<q BOX="92 1770 96 1782" STYLE_REF="331" QID="5">-</q>
			<QW QID="5">.-</QW>
			<W BOX="99 1770 125 1782" STYLE_REF="331">Oblig</W>
			<W BOX="128 1770 143 1782" STYLE_REF="331">HR</W>
			<Q BOX="146 1770 171 1782" STYLE_REF="331" QID="6">Multi</Q>
			<Q BOX="171 1770 175 1782" STYLE_REF="331" LH="y" QID="6">-</Q>
			<q BOX="175 1770 206 1782" STYLE_REF="331" QID="6">Fonds</q>
			<QW QID="6">Multi-Fonds</QW>
			<W BOX="218 1771 236 1781" STYLE_REF="332" NS="y">109</W>
			<W BOX="236 1771 238 1781" STYLE_REF="332" NS="y">.</W>
			<W BOX="238 1771 250 1781" STYLE_REF="332">10</W>
			<W BOX="286 1771 291 1781" STYLE_REF="333" NS="y">3</W>
			<W BOX="291 1771 293 1781" STYLE_REF="333" NS="y">.</W>
			<W BOX="293 1771 299 1781" STYLE_REF="333">1</W>
			<L BOX="63 1784 299 1797"/>
			<W BOX="63 1784 71 1797" STYLE_REF="331" NS="y">B</W>
			<W BOX="71 1784 74 1797" STYLE_REF="331" NS="y">.</W>
			<W BOX="74 1784 124 1797" STYLE_REF="331">Strategies</W>
			<W BOX="127 1784 131 1797" STYLE_REF="331">-</W>
			<W BOX="134 1784 169 1797" STYLE_REF="331">Monde</W>
			<W BOX="218 1785 236 1795" STYLE_REF="332" NS="y">131</W>
			<W BOX="236 1785 238 1795" STYLE_REF="332" NS="y">.</W>
			<W BOX="238 1785 250 1795" STYLE_REF="332">20</W>
			<W BOX="286 1785 291 1795" STYLE_REF="333" NS="y">1</W>
			<W BOX="291 1785 293 1795" STYLE_REF="333" NS="y">.</W>
			<W BOX="293 1785 299 1795" STYLE_REF="333">8</W>
			<L BOX="63 1798 299 1811"/>
			<W BOX="63 1798 71 1811" STYLE_REF="331" NS="y">B</W>
			<W BOX="71 1798 74 1811" STYLE_REF="331" NS="y">.</W>
			<W BOX="74 1798 124 1811" STYLE_REF="331">Strategies</W>
			<W BOX="127 1798 131 1811" STYLE_REF="331">-</W>
			<W BOX="134 1798 191 1811" STYLE_REF="331">Obligations</W>
			<W BOX="218 1800 236 1809" STYLE_REF="332" NS="y">103</W>
			<W BOX="236 1800 238 1809" STYLE_REF="332" NS="y">.</W>
			<W BOX="238 1800 250 1809" STYLE_REF="332">38</W>
			<W BOX="286 1800 291 1809" STYLE_REF="333" NS="y">2</W>
			<W BOX="291 1800 293 1809" STYLE_REF="333" NS="y">.</W>
			<W BOX="293 1800 299 1809" STYLE_REF="333">8</W>
			<L BOX="63 1812 299 1825"/>
			<Q BOX="63 1812 105 1825" STYLE_REF="331" QID="7">Bonh�te</Q>
			<Q BOX="105 1812 110 1825" STYLE_REF="331" LH="y" QID="7">-</Q>
			<q BOX="110 1812 162 1825" STYLE_REF="331" QID="7">Immobilier</q>
			<QW QID="7">Bonh�te-Immobilier</QW>
			<W BOX="218 1814 236 1824" STYLE_REF="332" NS="y">121</W>
			<W BOX="236 1814 238 1824" STYLE_REF="332" NS="y">.</W>
			<W BOX="238 1814 250 1824" STYLE_REF="332">90</W>
			<W BOX="286 1814 291 1823" STYLE_REF="333" NS="y">2</W>
			<W BOX="291 1814 293 1823" STYLE_REF="333" NS="y">.</W>
			<W BOX="293 1814 299 1823" STYLE_REF="333">9</W>
			<L BOX="200 1829 301 1842" P="SA"/>
			<W BOX="200 1829 230 1842" STYLE_REF="335" NS="y">www</W>
			<W BOX="230 1829 233 1842" STYLE_REF="335" NS="y">.</W>
			<W BOX="233 1829 283 1842" STYLE_REF="335" NS="y">bonhote</W>
			<W BOX="283 1829 287 1842" STYLE_REF="335" NS="y">.</W>
			<W BOX="287 1829 301 1842" STYLE_REF="335">ch</W>
		</Primitive>
	</Content>
</XMD-entity>