<?xml version="1.0" encoding="windows-1252" standalone="no"?>
<XMD-entity REPOSITORY_FORMAT="1.0" PRXML_VER="2.2" ENTITY_TYPE="Article" DOC_UID="IMP_03/03/2012" DOC_VER="1" FIRST_TOC_ENTRY_ID="176" DEPTH_LEVEL="1" INDEX_IN_DOC="176" PAGE_NO="22" ID="Ar02205" BOX="328 1929 857 2547" LANGUAGE="French" SNP="Ar02205S.png" SNP_WIDTH="350" SNP_HEIGHT="53">
	<Meta NAME="Untitled Article" DESCRIPTION="" SUBTYPE="" BASE_HREF="IMP/2012/03/03" SOURCE_TYPE="TIFF" PUBLICATION="IMP" SECTION="Front Page" ISSUE_DATE="03/03/2012" WORDCNT="0" RELEASE_NO="113-IMP-2012-03-03-0001" PAGE_ID="" PAGE_TYPE="Single" PAGE_WIDTH="879" PAGE_HEIGHT="1304" DEFAULT_IMG_EXT="png" PDF_DESTINATION_MAPPED="OLV0_Entity_0022_0006" IMAGES_RESOLUTION="144" XMD_VER="2.6.241.4" PAGE_LABEL="22" TOTAL_CHARS_COUNT="8" SUSPICIOUS_CHARS_COUNT="0"/>
	<Link SOURCE="113-IMP-2012-03-03-0001.pdf" FIRST_ID="Ar00100" LAST_ID="Pc03613" NEXT_ID="Ar02206" PREV_ID="Ar02204" TOC_ID="W:/Repository/IMP/2012/03/03/TOC.xml"/>
	<DataFiles>
		<Files TYPE="DOC_PDF" PRESENT="1"/>
		<Files TYPE="PAGE_PDF" PRESENT="0"/>
		<Files TYPE="DOC_IMG" PRESENT="0"/>
		<Files TYPE="PAGE_IMG" PRESENT="0"/>
		<Files TYPE="PAGE_VIEW_IMG" PRESENT="1"/>
		<Files TYPE="PAGE_PREVIEW_IMG" PRESENT="1"/>
		<Files TYPE="PRIMITIVE_IMG" PRESENT="1"/>
		<Files TYPE="SNIPPET_IMG" PRESENT="1"/>
		<Files TYPE="SEGMENTATION" PRESENT="0"/>
	</DataFiles>
	<HedLine_hl1>
		<Primitive BOX="342 1974 803 2043" ID="Ar0220500" SEQ_NO="4" TOC_ENTRY_ID="176" DEPTH_LEVEL="1"/>
	</HedLine_hl1>
	<Content>
		<Primitive BOX="342 1929 803 1974" ID="Ar0220501" SEQ_NO="0" TOC_ENTRY_ID="176" DEPTH_LEVEL="1"/>
		<Primitive BOX="328 2217 354 2288" ID="Ar0220502" SEQ_NO="1" TOC_ENTRY_ID="176" DEPTH_LEVEL="1">
			<L BOX="336 2225 354 2280"/>
			<W BOX="336 2225 354 2280" STYLE_REF="2">KEYSTONE</W>
		</Primitive>
		<Primitive BOX="534 2045 857 2289" ID="Ar0220503" SEQ_NO="2" TOC_ENTRY_ID="176" DEPTH_LEVEL="1"/>
		<Primitive BOX="340 2291 854 2547" ID="Ar0220504" SEQ_NO="3" TOC_ENTRY_ID="176" DEPTH_LEVEL="1"/>
	</Content>
	<Picture-Content ID_REF="Pc02203"/>
</XMD-entity>