<?xml version="1.0" encoding="windows-1252" standalone="no"?>
<XMD-entity REPOSITORY_FORMAT="1.0" PRXML_VER="2.2" ENTITY_TYPE="Article" DOC_UID="GDL_03/01/1900" DOC_VER="1" FIRST_TOC_ENTRY_ID="10" DEPTH_LEVEL="1" INDEX_IN_DOC="12" PAGE_NO="2" ID="Ar00205" BOX="1275 172 1613 353" LANGUAGE="French" SNP="Ar00205S.png" SNP_WIDTH="339" SNP_HEIGHT="161">
	<Meta NAME="Untitled Article" DESCRIPTION="" SUBTYPE="" BASE_HREF="GDL/1900/01/03" SOURCE_TYPE="TIFF" PUBLICATION="GDL" SECTION="None" ISSUE_DATE="03/01/1900" WORDCNT="4" RELEASE_NO="103-GDL-1900-01-03-0001" PAGE_ID="" PAGE_TYPE="Single" PAGE_WIDTH="993" PAGE_HEIGHT="1354" DEFAULT_IMG_EXT="png" PDF_DESTINATION_MAPPED="OLV0_Entity_0002_0006" IMAGES_RESOLUTION="144" XMD_VER="2.6.241.4" PAGE_LABEL="2" TOTAL_CHARS_COUNT="33" SUSPICIOUS_CHARS_COUNT="0"/>
	<Link SOURCE="103-GDL-1900-01-03-0001.pdf" FIRST_ID="Ar00200" LAST_ID="Ad00443" NEXT_ID="" PREV_ID="Pc00204" TOC_ID="W:/Repository/GDL/1900/01/03/TOC.xml"/>
	<DataFiles>
		<Files TYPE="DOC_PDF" PRESENT="1"/>
		<Files TYPE="PAGE_PDF" PRESENT="1"/>
		<Files TYPE="DOC_IMG" PRESENT="0"/>
		<Files TYPE="PAGE_IMG" PRESENT="1"/>
		<Files TYPE="PAGE_VIEW_IMG" PRESENT="1"/>
		<Files TYPE="PAGE_PREVIEW_IMG" PRESENT="1"/>
		<Files TYPE="PRIMITIVE_IMG" PRESENT="1"/>
		<Files TYPE="SNIPPET_IMG" PRESENT="1"/>
		<Files TYPE="SEGMENTATION" PRESENT="1"/>
	</DataFiles>
	<Content>
		<Primitive BOX="1275 172 1613 353" ID="Ar0020500" SEQ_NO="0" TOC_ENTRY_ID="10" DEPTH_LEVEL="1">
			<L BOX="1303 183 1517 227"/>
			<W BOX="1303 183 1517 227" STYLE_REF="27">sSiidafrik�</W>
			<L BOX="1335 230 1548 260" P="S"/>
			<W BOX="1335 230 1367 260" STYLE_REF="28">im</W>
			<W BOX="1383 230 1548 260" STYLE_REF="28">Vergrleichzif</W>
			<L BOX="1314 268 1500 321" P="S"/>
			<W BOX="1314 268 1486 321" STYLE_REF="29" NS="y">Europa</W>
			<W BOX="1486 268 1500 321" STYLE_REF="29">.</W>
		</Primitive>
	</Content>
	<Picture-Content ID_REF="Pc00204"/>
</XMD-entity>