<?xml version="1.0" encoding="windows-1252" standalone="no"?>
<XMD-entity REPOSITORY_FORMAT="1.0" PRXML_VER="2.2" ENTITY_TYPE="Picture" FIRST_TOC_ENTRY_ID="11" DEPTH_LEVEL="2" INDEX_IN_DOC="13" PAGE_NO="2" ID="Pc00204" BOX="1281 145 2382 1105" LANGUAGE="French" SNP="Pc00204S.jpg" SNP_WIDTH="138" SNP_HEIGHT="120">
	<Meta NAME="Untitled Picture" DESCRIPTION="" SUBTYPE="" BASE_HREF="GDL/1900/01/03" SOURCE_TYPE="TIFF" PUBLICATION="GDL" SECTION="None" ISSUE_DATE="03/01/1900" WORDCNT="0" RELEASE_NO="103-GDL-1900-01-03-0001" PAGE_ID="" PAGE_TYPE="Single" PAGE_WIDTH="993" PAGE_HEIGHT="1354" DEFAULT_IMG_EXT="png" PDF_DESTINATION_MAPPED="OLV0_Entity_0002_0005" IMAGES_RESOLUTION="144" EMBEDDED_INTO="Ar00205" EMBEDDED_AFTER="Ar0020500" XMD_VER="2.6.241.4" PAGE_LABEL="2" TOTAL_CHARS_COUNT="0" SUSPICIOUS_CHARS_COUNT="0"/>
	<Link SOURCE="103-GDL-1900-01-03-0001.pdf" FIRST_ID="Ar00200" LAST_ID="Ad00443" NEXT_ID="Ar00205" PREV_ID="Ar00203" TOC_ID="W:/Repository/GDL/1900/01/03/TOC.xml"/>
	<DataFiles>
		<Files TYPE="DOC_PDF" PRESENT="1"/>
		<Files TYPE="PAGE_PDF" PRESENT="1"/>
		<Files TYPE="DOC_IMG" PRESENT="0"/>
		<Files TYPE="PAGE_IMG" PRESENT="1"/>
		<Files TYPE="PAGE_VIEW_IMG" PRESENT="1"/>
		<Files TYPE="PAGE_PREVIEW_IMG" PRESENT="1"/>
		<Files TYPE="PRIMITIVE_IMG" PRESENT="1"/>
		<Files TYPE="SNIPPET_IMG" PRESENT="1"/>
		<Files TYPE="SEGMENTATION" PRESENT="1"/>
	</DataFiles>
	<Picture>
		<Img BOX="1281 145 2382 1105" ID="Pc0020400" IMG_EXT="jpg" HREF="/2/Img/Pc0020400.jpg" TOC_ENTRY_ID="11" SEQ_NO="0"/>
	</Picture>
</XMD-entity>