<?xml version="1.0" encoding="windows-1252" standalone="no"?>
<XMD-PAGE REPOSITORY_FORMAT="1.0" PRXML_VER="2.2">
	<Meta SINGLE_PAGE_PDF_NAME="/Res/PDF/Pg0002_s_0002.pdf" ISSUE_DATE="03/01/1900" RELEASE_NO="103-GDL-1900-01-03-0001" PAGE_NO="2" NAME="" PAGE_LABEL="2" PAGE_TYPE="Single" PUBLISHER="Olive" PUBLICATION="GDL" SOURCE_TYPE="TIFF" SOURCE_RESOLUTION="72" IMAGES_RESOLUTION="144" PAGE_THUMBNAIL_RESOLUTION="57" PAGE_PREVIEW_RESOLUTION="14" DEFAULT_IMG_EXT="png" IMG_EXT="png" PREVIEW_IMG_EXT="png" XMD_VER="2.6.241.4" PROFILE_ID="W:\Batch\Profile\GDL-1900-01-03.ini" SECTION="None" PAGE_WIDTH="993" PAGE_HEIGHT="1354" PAGES_NUMBER="4" BASE_HREF="GDL/1900/01/03" PDF_DESTINATION_MAPPED="OLV0_Page_0002" TOTAL_CHARS_COUNT="27156" SUSPICIOUS_CHARS_COUNT="0">
		<Resolutions>
			<Resolution DEFAULT="true">57</Resolution>
			<Resolution>72</Resolution>
			<Resolution>144</Resolution>
		</Resolutions>
		<Links>
			<Lnk TYPE="URL" LNK_ID="LNK_2_0">
				<Target>http://jeunes.se</Target>
			</Lnk>
			<Sources>
				<Box LNK_ID="LNK_2_0">520 1106 549 1115</Box>
			</Sources>
		</Links>
	</Meta>
	<Link SOURCE="103-GDL-1900-01-03-0001.pdf" NEXT_SECTION="" PREV_SECTION="1"/>
	<DataFiles>
		<Files TYPE="DOC_PDF" PRESENT="1"/>
		<Files TYPE="PAGE_PDF" PRESENT="1"/>
		<Files TYPE="DOC_IMG" PRESENT="0"/>
		<Files TYPE="PAGE_IMG" PRESENT="1" BYTEORDER="little_endian" COMPRESSIONSCHEME="LZW" IMAGE_WIDTH="5223" IMAGE_HEIGHT="7123" COLORSPACE="BlackIsZero" BITSPERSAMPLE="8" SAMPLESPERPIXEL="1" XRESOLUTION_DPI="300" YRESOLUTION_DPI="300" MIMETYPE="image/tiff" IMG_EXT="tif" MEDIA_BOX="0 0 5222 7122" CROP_BOX="0 0 5222 7122"/>
		<Files TYPE="PAGE_VIEW_IMG" PRESENT="1"/>
		<Files TYPE="PAGE_PREVIEW_IMG" PRESENT="1"/>
		<Files TYPE="PRIMITIVE_IMG" PRESENT="1"/>
		<Files TYPE="SNIPPET_IMG" PRESENT="1"/>
		<Files TYPE="SEGMENTATION" PRESENT="1"/>
	</DataFiles>
	<Entity ENTITY_TYPE="Article" FIRST_TOC_ENTRY_ID="8" INDEX_IN_DOC="10" DEPTH_LEVEL="1" ID="Ar00200" SIZE="Large" BOX="15 58 480 989" NEXT_SECTION="" PREV_SECTION="1" CONTINUATION_FROM="Ar00102" FIRST_CHUNK="Ar00102" IMAGES_RESOLUTION="144" TOTAL_CHARS_COUNT="9953" SUSPICIOUS_CHARS_COUNT="0" WORDCNT="2170">
		<Name>Untitled Article</Name>
		<Primitive ID="Ar0020000" BOX="16 63 165 322" ELEMENT_TYPE="Content" SEQ_NO="0" TOC_ENTRY_ID="8" DEPTH_LEVEL="1"/>
		<Primitive ID="Ar0020001" BOX="17 324 165 456" ELEMENT_TYPE="Content" SEQ_NO="1" TOC_ENTRY_ID="8" DEPTH_LEVEL="1"/>
		<Primitive ID="Ar0020002" BOX="17 458 165 736" ELEMENT_TYPE="Content" SEQ_NO="2" TOC_ENTRY_ID="8" DEPTH_LEVEL="1"/>
		<Primitive ID="Ar0020003" BOX="15 738 165 878" ELEMENT_TYPE="Content" SEQ_NO="3" TOC_ENTRY_ID="8" DEPTH_LEVEL="1"/>
		<Primitive ID="Ar0020004" BOX="17 881 165 989" ELEMENT_TYPE="Content" SEQ_NO="4" TOC_ENTRY_ID="8" DEPTH_LEVEL="1"/>
		<Primitive ID="Ar0020005" BOX="173 60 321 204" ELEMENT_TYPE="Content" SEQ_NO="5" TOC_ENTRY_ID="8" DEPTH_LEVEL="1"/>
		<Primitive ID="Ar0020006" BOX="174 202 322 353" ELEMENT_TYPE="Content" SEQ_NO="6" TOC_ENTRY_ID="8" DEPTH_LEVEL="1"/>
		<Primitive ID="Ar0020007" BOX="174 355 323 497" ELEMENT_TYPE="Content" SEQ_NO="7" TOC_ENTRY_ID="8" DEPTH_LEVEL="1"/>
		<Primitive ID="Ar0020008" BOX="174 498 323 741" ELEMENT_TYPE="Content" SEQ_NO="8" TOC_ENTRY_ID="8" DEPTH_LEVEL="1"/>
		<Primitive ID="Ar0020009" BOX="174 744 323 879" ELEMENT_TYPE="Content" SEQ_NO="9" TOC_ENTRY_ID="8" DEPTH_LEVEL="1"/>
		<Primitive ID="Ar0020010" BOX="175 882 323 988" ELEMENT_TYPE="Content" SEQ_NO="10" TOC_ENTRY_ID="8" DEPTH_LEVEL="1"/>
		<Primitive ID="Ar0020011" BOX="330 58 480 251" ELEMENT_TYPE="Content" SEQ_NO="11" TOC_ENTRY_ID="8" DEPTH_LEVEL="1"/>
		<Primitive ID="Ar0020012" BOX="333 251 480 461" ELEMENT_TYPE="Content" SEQ_NO="12" TOC_ENTRY_ID="8" DEPTH_LEVEL="1"/>
	</Entity>
	<Entity ENTITY_TYPE="Article" FIRST_TOC_ENTRY_ID="5" INDEX_IN_DOC="6" DEPTH_LEVEL="1" ID="Ar00201" SIZE="Large" BOX="18 1001 957 1311" NEXT_SECTION="" PREV_SECTION="1" CONTINUATION_FROM="Ar00101" FIRST_CHUNK="Ar00101" IMAGES_RESOLUTION="144" TOTAL_CHARS_COUNT="8525" SUSPICIOUS_CHARS_COUNT="0" WORDCNT="1995">
		<Name>Untitled Article</Name>
		<Primitive ID="Ar0020100" BOX="18 1002 165 1204" ELEMENT_TYPE="Content" SEQ_NO="0" TOC_ENTRY_ID="5" DEPTH_LEVEL="1"/>
		<Primitive ID="Ar0020101" BOX="20 1205 167 1309" ELEMENT_TYPE="Content" SEQ_NO="1" TOC_ENTRY_ID="5" DEPTH_LEVEL="1"/>
		<Primitive ID="Ar0020102" BOX="176 1001 323 1107" ELEMENT_TYPE="Content" SEQ_NO="2" TOC_ENTRY_ID="5" DEPTH_LEVEL="1"/>
		<Primitive ID="Ar0020103" BOX="176 1107 323 1311" ELEMENT_TYPE="Content" SEQ_NO="3" TOC_ENTRY_ID="5" DEPTH_LEVEL="1"/>
		<Primitive ID="Ar0020104" BOX="333 1001 481 1106" ELEMENT_TYPE="Content" SEQ_NO="4" TOC_ENTRY_ID="5" DEPTH_LEVEL="1"/>
		<Primitive ID="Ar0020105" BOX="333 1107 481 1204" ELEMENT_TYPE="Content" SEQ_NO="5" TOC_ENTRY_ID="5" DEPTH_LEVEL="1"/>
		<Primitive ID="Ar0020106" BOX="333 1205 480 1311" ELEMENT_TYPE="Content" SEQ_NO="6" TOC_ENTRY_ID="5" DEPTH_LEVEL="1"/>
		<Primitive ID="Ar0020107" BOX="491 1001 639 1077" ELEMENT_TYPE="Content" SEQ_NO="7" TOC_ENTRY_ID="5" DEPTH_LEVEL="1"/>
		<Primitive ID="Ar0020108" BOX="491 1079 637 1151" ELEMENT_TYPE="Content" SEQ_NO="8" TOC_ENTRY_ID="5" DEPTH_LEVEL="1"/>
		<Primitive ID="Ar0020109" BOX="490 1152 637 1311" ELEMENT_TYPE="Content" SEQ_NO="9" TOC_ENTRY_ID="5" DEPTH_LEVEL="1"/>
		<Primitive ID="Ar0020110" BOX="648 1001 795 1105" ELEMENT_TYPE="Content" SEQ_NO="10" TOC_ENTRY_ID="5" DEPTH_LEVEL="1"/>
		<Primitive ID="Ar0020111" BOX="647 1106 794 1311" ELEMENT_TYPE="Content" SEQ_NO="11" TOC_ENTRY_ID="5" DEPTH_LEVEL="1"/>
		<Primitive ID="Ar0020112" BOX="804 1002 957 1146" ELEMENT_TYPE="Content" SEQ_NO="12" TOC_ENTRY_ID="5" DEPTH_LEVEL="1"/>
		<Primitive ID="Ar0020113" BOX="803 1145 957 1302" ELEMENT_TYPE="Content" SEQ_NO="13" TOC_ENTRY_ID="5" DEPTH_LEVEL="1"/>
	</Entity>
	<Entity ENTITY_TYPE="Article" FIRST_TOC_ENTRY_ID="9" INDEX_IN_DOC="11" DEPTH_LEVEL="1" ID="Ar00202" SIZE="Medium" BOX="333 471 796 987" NEXT_SECTION="" PREV_SECTION="1" IMAGES_RESOLUTION="144" TOTAL_CHARS_COUNT="5486" SUSPICIOUS_CHARS_COUNT="0" WORDCNT="1218">
		<Name>La guerre.</Name>
		<Primitive ID="Ar0020200" BOX="333 479 481 494" ELEMENT_TYPE="HedLine_hl1" SEQ_NO="9" TOC_ENTRY_ID="9" DEPTH_LEVEL="1"/>
		<Primitive ID="Ar0020201" BOX="333 494 481 679" ELEMENT_TYPE="Content" SEQ_NO="0" TOC_ENTRY_ID="9" DEPTH_LEVEL="1"/>
		<Primitive ID="Ar0020202" BOX="333 679 481 866" ELEMENT_TYPE="Content" SEQ_NO="1" TOC_ENTRY_ID="9" DEPTH_LEVEL="1"/>
		<Primitive ID="Ar0020203" BOX="333 868 481 959" ELEMENT_TYPE="Content" SEQ_NO="2" TOC_ENTRY_ID="9" DEPTH_LEVEL="1"/>
		<Primitive ID="Ar0020204" BOX="333 963 480 987" ELEMENT_TYPE="Content" SEQ_NO="3" TOC_ENTRY_ID="9" DEPTH_LEVEL="1"/>
		<Primitive ID="Ar0020205" BOX="490 472 637 685" ELEMENT_TYPE="Content" SEQ_NO="4" TOC_ENTRY_ID="9" DEPTH_LEVEL="1"/>
		<Primitive ID="Ar0020206" BOX="491 688 639 882" ELEMENT_TYPE="Content" SEQ_NO="5" TOC_ENTRY_ID="9" DEPTH_LEVEL="1"/>
		<Primitive ID="Ar0020207" BOX="492 887 639 986" ELEMENT_TYPE="Content" SEQ_NO="6" TOC_ENTRY_ID="9" DEPTH_LEVEL="1"/>
		<Primitive ID="Ar0020208" BOX="647 471 795 616" ELEMENT_TYPE="Content" SEQ_NO="7" TOC_ENTRY_ID="9" DEPTH_LEVEL="1"/>
		<Primitive ID="Ar0020209" BOX="648 616 796 752" ELEMENT_TYPE="Content" SEQ_NO="8" TOC_ENTRY_ID="9" DEPTH_LEVEL="1"/>
	</Entity>
	<Entity ENTITY_TYPE="Article" FIRST_TOC_ENTRY_ID="12" INDEX_IN_DOC="14" DEPTH_LEVEL="1" ID="Ar00203" SIZE="Medium" BOX="649 470 958 988" NEXT_SECTION="" PREV_SECTION="1" CONTINUATION_TO="Ar00300" IMAGES_RESOLUTION="144" TOTAL_CHARS_COUNT="3159" SUSPICIOUS_CHARS_COUNT="0" WORDCNT="682">
		<Name>La l'cte du si�cle � Berlin,</Name>
		<Primitive ID="Ar0020300" BOX="649 763 796 773" ELEMENT_TYPE="HedLine_hl1" SEQ_NO="7" TOC_ENTRY_ID="12" DEPTH_LEVEL="1"/>
		<Primitive ID="Ar0020301" BOX="649 773 796 857" ELEMENT_TYPE="Content" SEQ_NO="0" TOC_ENTRY_ID="12" DEPTH_LEVEL="1"/>
		<Primitive ID="Ar0020302" BOX="649 859 796 985" ELEMENT_TYPE="Content" SEQ_NO="1" TOC_ENTRY_ID="12" DEPTH_LEVEL="1"/>
		<Primitive ID="Ar0020303" BOX="804 470 958 521" ELEMENT_TYPE="Content" SEQ_NO="2" TOC_ENTRY_ID="12" DEPTH_LEVEL="1"/>
		<Primitive ID="Ar0020304" BOX="804 524 958 593" ELEMENT_TYPE="Content" SEQ_NO="3" TOC_ENTRY_ID="12" DEPTH_LEVEL="1"/>
		<Primitive ID="Ar0020305" BOX="804 594 958 689" ELEMENT_TYPE="Content" SEQ_NO="4" TOC_ENTRY_ID="12" DEPTH_LEVEL="1"/>
		<Primitive ID="Ar0020306" BOX="805 690 958 849" ELEMENT_TYPE="Content" SEQ_NO="5" TOC_ENTRY_ID="12" DEPTH_LEVEL="1"/>
		<Primitive ID="Ar0020307" BOX="805 850 958 988" ELEMENT_TYPE="Content" SEQ_NO="6" TOC_ENTRY_ID="12" DEPTH_LEVEL="1"/>
	</Entity>
	<Entity ENTITY_TYPE="Picture" FIRST_TOC_ENTRY_ID="11" INDEX_IN_DOC="13" DEPTH_LEVEL="2" ID="Pc00204" SIZE="Medium" BOX="507 57 943 437" NEXT_SECTION="" PREV_SECTION="1" EMBEDDED_INTO="Ar00205" EMBEDDED_AFTER="Ar0020500" IMAGES_RESOLUTION="144" TOTAL_CHARS_COUNT="0" SUSPICIOUS_CHARS_COUNT="0" WORDCNT="0">
		<Name>Untitled Picture</Name>
		<Primitive ID="Pc0020400" BOX="507 57 943 437" ELEMENT_TYPE="Picture" SEQ_NO="0" TOC_ENTRY_ID="11" DEPTH_LEVEL="2" IMG_EXT="jpg"/>
	</Entity>
	<Entity ENTITY_TYPE="Article" FIRST_TOC_ENTRY_ID="10" INDEX_IN_DOC="12" DEPTH_LEVEL="1" ID="Ar00205" SIZE="Small" BOX="505 68 639 140" NEXT_SECTION="" PREV_SECTION="1" IMAGES_RESOLUTION="144" TOTAL_CHARS_COUNT="33" SUSPICIOUS_CHARS_COUNT="0" WORDCNT="4">
		<Name>Untitled Article</Name>
		<Primitive ID="Ar0020500" BOX="505 68 639 140" ELEMENT_TYPE="Content" SEQ_NO="0" TOC_ENTRY_ID="10" DEPTH_LEVEL="1"/>
	</Entity>
</XMD-PAGE>
