<?xml version="1.0" encoding="windows-1252" standalone="no"?>
<XMD-entity REPOSITORY_FORMAT="1.0" PRXML_VER="2.3" ENTITY_TYPE="Ad" DOC_UID="IMP_04/05/1931" DOC_VER="1" FIRST_TOC_ENTRY_ID="35" DEPTH_LEVEL="1" INDEX_IN_DOC="35" PAGE_NO="4" ID="Ad00404" BOX="898 598 1176 1140" LANGUAGE="French" SNP="Ad00404S.png" SNP_WIDTH="62" SNP_HEIGHT="120" LOGICAL_NAME="true">
	<Meta NAME="" DESCRIPTION="" SUBTYPE="" BASE_HREF="IMP/1931/05/04" SOURCE_TYPE="TIFF" PUBLICATION="IMP" SECTION="None" ISSUE_DATE="04/05/1931" WORDCNT="28" RELEASE_NO="113-IMP-1931-05-04-0001" PAGE_ID="" PAGE_TYPE="Single" PAGE_WIDTH="937" PAGE_HEIGHT="1367" DEFAULT_IMG_EXT="png" PDF_DESTINATION_MAPPED="OLV0_Entity_0004_0005" IMAGES_RESOLUTION="160" XMD_VER="2.6.242.42" PAGE_LABEL="4" TOTAL_CHARS_COUNT="0" SUSPICIOUS_CHARS_COUNT="0"/>
	<Link SOURCE="113-IMP-1931-05-04-0001.pdf" FIRST_ID="Ar00200" LAST_ID="Ar00807" NEXT_ID="Ad00405" PREV_ID="Ad00403" TOC_ID="W:/Repository/IMP/1931/05/04/TOC.xml"/>
	<DataFiles>
		<Files TYPE="DOC_PDF" PRESENT="1"/>
		<Files TYPE="PAGE_PDF" PRESENT="0"/>
		<Files TYPE="DOC_IMG" PRESENT="0"/>
		<Files TYPE="PAGE_IMG" PRESENT="0"/>
		<Files TYPE="PAGE_VIEW_IMG" PRESENT="1"/>
		<Files TYPE="PAGE_PREVIEW_IMG" PRESENT="1"/>
		<Files TYPE="PRIMITIVE_IMG" PRESENT="1"/>
		<Files TYPE="SNIPPET_IMG" PRESENT="1"/>
		<Files TYPE="SEGMENTATION" PRESENT="0"/>
		<Files TYPE="PAGINATION_TEMPLATE_BACKGROUND" PRESENT="0"/>
		<Files TYPE="EXTERNAL_FONTS" PRESENT="0"/>
		<Files TYPE="PROFILE" PRESENT="0"/>
	</DataFiles>
	<Content>
		<Primitive BOX="898 598 1176 1140" ID="Ad0040400" E="N" SEQ_NO="1" TOC_ENTRY_ID="35" DEPTH_LEVEL="1" POPULAR_STYLE_REF="74">
			<L BOX="908 605 1173 672" P="SA"/>
			<Q BOX="908 608 938 672" STYLE_REF="90" QID="1">"</Q>
			<Q BOX="928 608 966 672" STYLE_REF="90" QID="1">T</Q>
			<Q BOX="986 605 1084 670" STYLE_REF="29" QID="1">CHEVAL</Q>
			<Q BOX="1081 605 1089 670" STYLE_REF="29" QID="1">-</Q>
			<q BOX="1089 605 1173 670" STYLE_REF="29" QID="1">BLANC</q>
			<QW QID="1">"TCHEVALBLANC</QW>
			<L BOX="917 658 1162 684" P="S"/>
			<W BOX="917 658 936 684" STYLE_REF="74" NS="y">16</W>
			<W BOX="934 658 939 684" STYLE_REF="74">.</W>
			<W BOX="947 658 978 684" STYLE_REF="74">Bue</W>
			<W BOX="986 658 1003 684" STYLE_REF="74">de</W>
			<Q BOX="1009 658 1015 684" STYLE_REF="74" QID="2">l</Q>
			<Q BOX="1015 658 1019 684" STYLE_REF="74" QID="2">'</Q>
			<Q BOX="1019 658 1063 684" STYLE_REF="74" QID="2">H�tel</Q>
			<Q BOX="1063 658 1070 684" STYLE_REF="74" LH="y" QID="2">-</Q>
			<Q BOX="1070 658 1089 684" STYLE_REF="74" QID="2">de</Q>
			<Q BOX="1089 658 1095 684" STYLE_REF="74" LH="y" QID="2">-</Q>
			<q BOX="1095 658 1135 684" STYLE_REF="74" QID="2">Ville</q>
			<QW QID="2">l'H�tel-de-Ville</QW>
			<W BOX="1145 658 1162 684" STYLE_REF="74">16</W>
			<L BOX="1130 674 1171 700"/>
			<W BOX="1130 674 1171 700" STYLE_REF="74">11331</W>
			<L BOX="941 692 1138 723" P="S"/>
			<W BOX="941 693 966 723" STYLE_REF="39">Ton</W>
			<W BOX="974 693 989 723" STYLE_REF="39">lei</W>
			<W BOX="997 693 1033 723" STYLE_REF="39">LUXDIS</W>
			<W BOX="1042 693 1060 723" STYLE_REF="70">tit</W>
			<W BOX="1067 693 1075 723" STYLE_REF="39">7</W>
			<W BOX="1080 692 1087 721" STYLE_REF="39" NS="y">h</W>
			<W BOX="1087 692 1090 721" STYLE_REF="39">.</W>
			<W BOX="1098 692 1110 721" STYLE_REF="39">du</W>
			<W BOX="1118 692 1138 721" STYLE_REF="39">soir</W>
			<L BOX="906 708 1174 842" P="SA"/>
			<Q BOX="906 709 1033 842" STYLE_REF="91" QID="3">TRI</Q>
			<q BOX="1032 708 1174 841" STYLE_REF="91" QID="3">PES</q>
			<QW QID="3">TRIPES</QW>
			<L BOX="934 803 1157 846" P="S"/>
			<W BOX="934 804 985 846" STYLE_REF="25">Nature</W>
			<W BOX="994 804 1009 846" STYLE_REF="25">et</W>
			<W BOX="1018 804 1044 846" STYLE_REF="25">aux</W>
			<W BOX="1054 803 1153 845" STYLE_REF="25" NS="y">Champignons</W>
			<W BOX="1153 803 1157 845" STYLE_REF="25">.</W>
			<L BOX="907 837 1167 863" P="S"/>
			<W BOX="907 837 1028 863" STYLE_REF="74" NS="y" M="1 * 14 * ">_SflreconimHnde</W>
			<W BOX="1030 837 1034 863" STYLE_REF="74">.</W>
			<W BOX="1048 837 1104 863" STYLE_REF="74" M="4 * 6 * ">_Alhnrt</W>
			<Q BOX="1118 837 1123 863" STYLE_REF="74" QID="4">l</Q>
			<Q BOX="1124 837 1127 863" STYLE_REF="74" QID="4">'</Q>
			<q BOX="1127 837 1167 863" STYLE_REF="74" QID="4">Vutz</q>
			<QW QID="4">l'Vutz</QW>
			<L BOX="937 882 1150 979" P="SA"/>
			<W BOX="937 882 1150 979" STYLE_REF="92">Droguerie</W>
			<L BOX="915 965 1166 1097" P="SA"/>
			<W BOX="915 965 1166 1097" STYLE_REF="91">VIESEL</W>
		</Primitive>
	</Content>
	<AdFrame>
		<Img BOX="898 598 1176 1140" ID="Ad0040401" HREF="/4/Img/Ad0040401.png" I_RES="144" TOC_ENTRY_ID="35" SEQ_NO="0"/>
	</AdFrame>
</XMD-entity>