<?xml version="1.0" encoding="windows-1252" standalone="no"?>
<XMD-PAGE REPOSITORY_FORMAT="1.0" PRXML_VER="2.3">
	<Meta ISSUE_DATE="04/05/1931" RELEASE_NO="113-IMP-1931-05-04-0001" PAGE_NO="4" NAME="" PAGE_LABEL="4" PAGE_TYPE="Single" PUBLISHER="Olive" PUBLICATION="IMP" SOURCE_TYPE="TIFF" SOURCE_RESOLUTION="72" IMAGES_RESOLUTION="160" PAGE_THUMBNAIL_RESOLUTION="72" PAGE_PREVIEW_RESOLUTION="15" DEFAULT_IMG_EXT="png" IMG_EXT="png" PREVIEW_IMG_EXT="png" XMD_VER="2.6.242.42" PROFILE_ID="IMP-1931-05-04.ini" SECTION="None" PAGE_WIDTH="937" PAGE_HEIGHT="1367" PAGES_NUMBER="8" BASE_HREF="IMP/1931/05/04" PDF_DESTINATION_MAPPED="OLV0_Page_0004" OCR_CONFIDENCE="0.977" TOTAL_CHARS_COUNT="5002" SUSPICIOUS_CHARS_COUNT="11">
		<Resolutions>
			<Resolution DEFAULT="true">72</Resolution>
			<Resolution>144</Resolution>
			<Resolution>160</Resolution>
		</Resolutions>
	</Meta>
	<Link SOURCE="113-IMP-1931-05-04-0001.pdf" NEXT_SECTION="" PREV_SECTION="1"/>
	<DataFiles>
		<Files TYPE="DOC_PDF" PRESENT="1"/>
		<Files TYPE="PAGE_PDF" PRESENT="0"/>
		<Files TYPE="DOC_IMG" PRESENT="0"/>
		<Files TYPE="PAGE_IMG" PRESENT="0"/>
		<Files TYPE="PAGE_VIEW_IMG" PRESENT="1"/>
		<Files TYPE="PAGE_PREVIEW_IMG" PRESENT="1"/>
		<Files TYPE="PRIMITIVE_IMG" PRESENT="1"/>
		<Files TYPE="SNIPPET_IMG" PRESENT="1"/>
		<Files TYPE="SEGMENTATION" PRESENT="0"/>
		<Files TYPE="PAGINATION_TEMPLATE_BACKGROUND" PRESENT="0"/>
		<Files TYPE="EXTERNAL_FONTS" PRESENT="0"/>
		<Files TYPE="PROFILE" PRESENT="0"/>
	</DataFiles>
	<Entity ENTITY_TYPE="Ad" FIRST_TOC_ENTRY_ID="28" INDEX_IN_DOC="28" DEPTH_LEVEL="1" ID="Ad00400" SIZE="Medium" BOX="30 75 906 269" NEXT_SECTION="" PREV_SECTION="1" IMAGES_RESOLUTION="160" LOGICAL_NAME="true" TOTAL_CHARS_COUNT="0" SUSPICIOUS_CHARS_COUNT="0" WORDCNT="21">
		<Primitive ID="Ad0040000" BOX="30 75 906 269" ELEMENT_TYPE="Content" SEQ_NO="1" TOC_ENTRY_ID="28" DEPTH_LEVEL="1" E="N" POPULAR_STYLE_REF="74"/>
		<Primitive ID="Ad0040001" BOX="30 75 906 269" ELEMENT_TYPE="AdFrame" SEQ_NO="0" TOC_ENTRY_ID="28" DEPTH_LEVEL="1" I_RES="144" POPULAR_STYLE_REF="-1"/>
	</Entity>
	<Entity ENTITY_TYPE="Ad" FIRST_TOC_ENTRY_ID="29" INDEX_IN_DOC="29" DEPTH_LEVEL="1" ID="Ad00401" SIZE="Small" BOX="30 269 279 370" NEXT_SECTION="" PREV_SECTION="1" IMAGES_RESOLUTION="160" LOGICAL_NAME="true" TOTAL_CHARS_COUNT="0" SUSPICIOUS_CHARS_COUNT="0" WORDCNT="62">
		<Primitive ID="Ad0040100" BOX="30 269 279 370" ELEMENT_TYPE="Content" SEQ_NO="1" TOC_ENTRY_ID="29" DEPTH_LEVEL="1" E="N" POPULAR_STYLE_REF="74"/>
		<Primitive ID="Ad0040101" BOX="30 269 279 370" ELEMENT_TYPE="AdFrame" SEQ_NO="0" TOC_ENTRY_ID="29" DEPTH_LEVEL="1" I_RES="144" POPULAR_STYLE_REF="-1"/>
	</Entity>
	<Entity ENTITY_TYPE="Ad" FIRST_TOC_ENTRY_ID="31" INDEX_IN_DOC="31" DEPTH_LEVEL="1" ID="Ad00402" SIZE="Large" BOX="30 513 906 898" NEXT_SECTION="" PREV_SECTION="1" IMAGES_RESOLUTION="160" LOGICAL_NAME="true" TOTAL_CHARS_COUNT="0" SUSPICIOUS_CHARS_COUNT="0" WORDCNT="153">
		<Primitive ID="Ad0040200" BOX="30 513 906 898" ELEMENT_TYPE="Content" SEQ_NO="1" TOC_ENTRY_ID="31" DEPTH_LEVEL="1" E="N" POPULAR_STYLE_REF="31"/>
		<Primitive ID="Ad0040201" BOX="30 513 906 898" ELEMENT_TYPE="AdFrame" SEQ_NO="0" TOC_ENTRY_ID="31" DEPTH_LEVEL="1" I_RES="144" POPULAR_STYLE_REF="-1"/>
	</Entity>
	<Entity ENTITY_TYPE="Ad" FIRST_TOC_ENTRY_ID="33" INDEX_IN_DOC="33" DEPTH_LEVEL="1" ID="Ad00403" SIZE="Small" BOX="279 269 404 338" NEXT_SECTION="" PREV_SECTION="1" IMAGES_RESOLUTION="160" LOGICAL_NAME="true" TOTAL_CHARS_COUNT="0" SUSPICIOUS_CHARS_COUNT="0" WORDCNT="25">
		<Primitive ID="Ad0040300" BOX="279 269 404 338" ELEMENT_TYPE="Content" SEQ_NO="1" TOC_ENTRY_ID="33" DEPTH_LEVEL="1" E="N" POPULAR_STYLE_REF="74"/>
		<Primitive ID="Ad0040301" BOX="279 269 404 338" ELEMENT_TYPE="AdFrame" SEQ_NO="0" TOC_ENTRY_ID="33" DEPTH_LEVEL="1" I_RES="144" POPULAR_STYLE_REF="-1"/>
	</Entity>
	<Entity ENTITY_TYPE="Ad" FIRST_TOC_ENTRY_ID="35" INDEX_IN_DOC="35" DEPTH_LEVEL="1" ID="Ad00404" SIZE="Small" BOX="404 269 529 513" NEXT_SECTION="" PREV_SECTION="1" IMAGES_RESOLUTION="160" LOGICAL_NAME="true" TOTAL_CHARS_COUNT="0" SUSPICIOUS_CHARS_COUNT="0" WORDCNT="28">
		<Primitive ID="Ad0040400" BOX="404 269 529 513" ELEMENT_TYPE="Content" SEQ_NO="1" TOC_ENTRY_ID="35" DEPTH_LEVEL="1" E="N" POPULAR_STYLE_REF="74"/>
		<Primitive ID="Ad0040401" BOX="404 269 529 513" ELEMENT_TYPE="AdFrame" SEQ_NO="0" TOC_ENTRY_ID="35" DEPTH_LEVEL="1" I_RES="144" POPULAR_STYLE_REF="-1"/>
	</Entity>
	<Entity ENTITY_TYPE="Ad" FIRST_TOC_ENTRY_ID="36" INDEX_IN_DOC="36" DEPTH_LEVEL="1" ID="Ad00405" SIZE="Small" BOX="529 269 656 454" NEXT_SECTION="" PREV_SECTION="1" IMAGES_RESOLUTION="160" LOGICAL_NAME="true" TOTAL_CHARS_COUNT="0" SUSPICIOUS_CHARS_COUNT="0" WORDCNT="72">
		<Primitive ID="Ad0040500" BOX="529 269 656 454" ELEMENT_TYPE="Content" SEQ_NO="1" TOC_ENTRY_ID="36" DEPTH_LEVEL="1" E="N" POPULAR_STYLE_REF="74"/>
		<Primitive ID="Ad0040501" BOX="529 269 656 454" ELEMENT_TYPE="AdFrame" SEQ_NO="0" TOC_ENTRY_ID="36" DEPTH_LEVEL="1" I_RES="144" POPULAR_STYLE_REF="-1"/>
	</Entity>
	<Entity ENTITY_TYPE="Ad" FIRST_TOC_ENTRY_ID="38" INDEX_IN_DOC="38" DEPTH_LEVEL="1" ID="Ad00406" SIZE="Small" BOX="656 269 906 513" NEXT_SECTION="" PREV_SECTION="1" IMAGES_RESOLUTION="160" LOGICAL_NAME="true" TOTAL_CHARS_COUNT="0" SUSPICIOUS_CHARS_COUNT="0" WORDCNT="106">
		<Primitive ID="Ad0040600" BOX="656 269 906 513" ELEMENT_TYPE="Content" SEQ_NO="1" TOC_ENTRY_ID="38" DEPTH_LEVEL="1" E="N" POPULAR_STYLE_REF="5"/>
		<Primitive ID="Ad0040601" BOX="656 269 906 513" ELEMENT_TYPE="AdFrame" SEQ_NO="0" TOC_ENTRY_ID="38" DEPTH_LEVEL="1" I_RES="144" POPULAR_STYLE_REF="-1"/>
	</Entity>
	<Entity ENTITY_TYPE="Ad" FIRST_TOC_ENTRY_ID="30" INDEX_IN_DOC="30" DEPTH_LEVEL="1" ID="Ad00407" SIZE="Small" BOX="30 370 279 513" NEXT_SECTION="" PREV_SECTION="1" IMAGES_RESOLUTION="160" LOGICAL_NAME="true" TOTAL_CHARS_COUNT="0" SUSPICIOUS_CHARS_COUNT="0" WORDCNT="118">
		<Primitive ID="Ad0040700" BOX="30 370 279 513" ELEMENT_TYPE="Content" SEQ_NO="1" TOC_ENTRY_ID="30" DEPTH_LEVEL="1" E="N" POPULAR_STYLE_REF="74"/>
		<Primitive ID="Ad0040701" BOX="30 370 279 513" ELEMENT_TYPE="AdFrame" SEQ_NO="0" TOC_ENTRY_ID="30" DEPTH_LEVEL="1" I_RES="144" POPULAR_STYLE_REF="-1"/>
	</Entity>
	<Entity ENTITY_TYPE="Ad" FIRST_TOC_ENTRY_ID="34" INDEX_IN_DOC="34" DEPTH_LEVEL="1" ID="Ad00408" SIZE="Small" BOX="279 338 404 513" NEXT_SECTION="" PREV_SECTION="1" IMAGES_RESOLUTION="160" LOGICAL_NAME="true" TOTAL_CHARS_COUNT="0" SUSPICIOUS_CHARS_COUNT="0" WORDCNT="50">
		<Primitive ID="Ad0040800" BOX="279 338 404 513" ELEMENT_TYPE="Content" SEQ_NO="1" TOC_ENTRY_ID="34" DEPTH_LEVEL="1" E="N" POPULAR_STYLE_REF="74"/>
		<Primitive ID="Ad0040801" BOX="279 338 404 513" ELEMENT_TYPE="AdFrame" SEQ_NO="0" TOC_ENTRY_ID="34" DEPTH_LEVEL="1" I_RES="144" POPULAR_STYLE_REF="-1"/>
	</Entity>
	<Entity ENTITY_TYPE="Article" FIRST_TOC_ENTRY_ID="37" INDEX_IN_DOC="37" DEPTH_LEVEL="1" ID="Ar00409" SIZE="Small" BOX="529 454 656 513" NEXT_SECTION="" PREV_SECTION="1" IMAGES_RESOLUTION="160" LOGICAL_NAME="true" TOTAL_CHARS_COUNT="133" SUSPICIOUS_CHARS_COUNT="1" WORDCNT="31">
		<Name>CalalopsillDst��r ou g r en 0 re8 s ^ co...</Name>
		<Primitive ID="Ar0040900" BOX="529 454 656 513" ELEMENT_TYPE="Content" SEQ_NO="0" TOC_ENTRY_ID="37" DEPTH_LEVEL="1" POPULAR_STYLE_REF="74"/>
	</Entity>
	<Entity ENTITY_TYPE="Article" FIRST_TOC_ENTRY_ID="32" INDEX_IN_DOC="32" DEPTH_LEVEL="1" ID="Ar00410" SIZE="Large" BOX="30 922 907 1347" NEXT_SECTION="" PREV_SECTION="1" IMAGES_RESOLUTION="160" TOTAL_CHARS_COUNT="4869" SUSPICIOUS_CHARS_COUNT="10" WORDCNT="1222">
		<Name>La Proie de l'Homme</Name>
		<Primitive ID="Ar0041000" BOX="30 956 248 989" ELEMENT_TYPE="HedLine_hl1" SEQ_NO="8" TOC_ENTRY_ID="32" DEPTH_LEVEL="1" POPULAR_STYLE_REF="27"/>
		<Primitive ID="Ar0041001" BOX="30 922 248 956" ELEMENT_TYPE="Content" SEQ_NO="0" TOC_ENTRY_ID="32" DEPTH_LEVEL="1" POPULAR_STYLE_REF="99"/>
		<Primitive ID="Ar0041002" BOX="30 989 248 1034" ELEMENT_TYPE="Content" SEQ_NO="1" TOC_ENTRY_ID="32" DEPTH_LEVEL="1" POPULAR_STYLE_REF="18"/>
		<Primitive ID="Ar0041003" BOX="30 1034 248 1347" ELEMENT_TYPE="Content" SEQ_NO="2" TOC_ENTRY_ID="32" DEPTH_LEVEL="1" POPULAR_STYLE_REF="5"/>
		<Primitive ID="Ar0041004" BOX="249 938 466 1232" ELEMENT_TYPE="Content" SEQ_NO="3" TOC_ENTRY_ID="32" DEPTH_LEVEL="1" POPULAR_STYLE_REF="5"/>
		<Primitive ID="Ar0041005" BOX="471 935 687 1179" ELEMENT_TYPE="Content" SEQ_NO="4" TOC_ENTRY_ID="32" DEPTH_LEVEL="1" POPULAR_STYLE_REF="5"/>
		<Primitive ID="Ar0041006" BOX="471 1181 687 1347" ELEMENT_TYPE="Content" SEQ_NO="5" TOC_ENTRY_ID="32" DEPTH_LEVEL="1" POPULAR_STYLE_REF="5"/>
		<Primitive ID="Ar0041007" BOX="690 923 907 1344" ELEMENT_TYPE="Content" SEQ_NO="6" TOC_ENTRY_ID="32" DEPTH_LEVEL="1" POPULAR_STYLE_REF="5"/>
		<Primitive ID="Ar0041008" BOX="251 1233 467 1347" ELEMENT_TYPE="Content" SEQ_NO="7" TOC_ENTRY_ID="32" DEPTH_LEVEL="1" POPULAR_STYLE_REF="5"/>
	</Entity>
</XMD-PAGE>