<?xml version="1.0" encoding="windows-1252" standalone="no"?>
<XMD-PAGE REPOSITORY_FORMAT="1.0" PRXML_VER="2.3">
	<Meta ISSUE_DATE="04/05/1931" RELEASE_NO="113-IMP-1931-05-04-0001" PAGE_NO="1" NAME="" PAGE_LABEL="1" PAGE_TYPE="Single" PUBLISHER="Olive" PUBLICATION="IMP" SOURCE_TYPE="TIFF" SOURCE_RESOLUTION="72" IMAGES_RESOLUTION="160" PAGE_THUMBNAIL_RESOLUTION="72" PAGE_PREVIEW_RESOLUTION="15" DEFAULT_IMG_EXT="png" IMG_EXT="png" PREVIEW_IMG_EXT="png" XMD_VER="2.6.242.42" PROFILE_ID="IMP-1931-05-04.ini" SECTION="Front page" PAGE_WIDTH="937" PAGE_HEIGHT="1367" PAGES_NUMBER="8" BASE_HREF="IMP/1931/05/04" PDF_DESTINATION_MAPPED="OLV0_Page_0001" OCR_CONFIDENCE="0.999" TOTAL_CHARS_COUNT="13781" SUSPICIOUS_CHARS_COUNT="17">
		<Resolutions>
			<Resolution DEFAULT="true">72</Resolution>
			<Resolution>144</Resolution>
			<Resolution>160</Resolution>
		</Resolutions>
	</Meta>
	<Link SOURCE="113-IMP-1931-05-04-0001.pdf" NEXT_SECTION="2" PREV_SECTION=""/>
	<DataFiles>
		<Files TYPE="DOC_PDF" PRESENT="1"/>
		<Files TYPE="PAGE_PDF" PRESENT="0"/>
		<Files TYPE="DOC_IMG" PRESENT="0"/>
		<Files TYPE="PAGE_IMG" PRESENT="0"/>
		<Files TYPE="PAGE_VIEW_IMG" PRESENT="1"/>
		<Files TYPE="PAGE_PREVIEW_IMG" PRESENT="1"/>
		<Files TYPE="PRIMITIVE_IMG" PRESENT="1"/>
		<Files TYPE="SNIPPET_IMG" PRESENT="1"/>
		<Files TYPE="SEGMENTATION" PRESENT="0"/>
		<Files TYPE="PAGINATION_TEMPLATE_BACKGROUND" PRESENT="0"/>
		<Files TYPE="EXTERNAL_FONTS" PRESENT="0"/>
		<Files TYPE="PROFILE" PRESENT="0"/>
	</DataFiles>
	<Entity ENTITY_TYPE="Article" FIRST_TOC_ENTRY_ID="2" INDEX_IN_DOC="2" DEPTH_LEVEL="1" ID="Ar00100" SIZE="XLarge" BOX="32 206 690 1336" NEXT_SECTION="2" PREV_SECTION="" IMAGES_RESOLUTION="160" TOTAL_CHARS_COUNT="10055" SUSPICIOUS_CHARS_COUNT="5" WORDCNT="2373">
		<Name>Lettre de Berlin</Name>
		<Primitive ID="Ar0010000" BOX="74 206 425 245" ELEMENT_TYPE="HedLine_hl1" SEQ_NO="0" TOC_ENTRY_ID="2" DEPTH_LEVEL="1" POPULAR_STYLE_REF="1"/>
		<Primitive ID="Ar0010001" BOX="32 252 468 355" ELEMENT_TYPE="Content" SEQ_NO="1" TOC_ENTRY_ID="2" DEPTH_LEVEL="1" POPULAR_STYLE_REF="2"/>
		<Primitive ID="Ar0010002" BOX="35 373 250 687" ELEMENT_TYPE="Content" SEQ_NO="2" TOC_ENTRY_ID="2" DEPTH_LEVEL="1" POPULAR_STYLE_REF="4"/>
		<Primitive ID="Ar0010003" BOX="34 690 248 926" ELEMENT_TYPE="Content" SEQ_NO="3" TOC_ENTRY_ID="2" DEPTH_LEVEL="1" POPULAR_STYLE_REF="4"/>
		<Primitive ID="Ar0010004" BOX="34 926 248 1128" ELEMENT_TYPE="Content" SEQ_NO="4" TOC_ENTRY_ID="2" DEPTH_LEVEL="1" POPULAR_STYLE_REF="4"/>
		<Primitive ID="Ar0010005" BOX="34 1130 250 1336" ELEMENT_TYPE="Content" SEQ_NO="5" TOC_ENTRY_ID="2" DEPTH_LEVEL="1" POPULAR_STYLE_REF="4"/>
		<Primitive ID="Ar0010006" BOX="256 373 470 600" ELEMENT_TYPE="Content" SEQ_NO="6" TOC_ENTRY_ID="2" DEPTH_LEVEL="1" POPULAR_STYLE_REF="4"/>
		<Primitive ID="Ar0010007" BOX="255 603 469 854" ELEMENT_TYPE="Content" SEQ_NO="7" TOC_ENTRY_ID="2" DEPTH_LEVEL="1" POPULAR_STYLE_REF="4"/>
		<Primitive ID="Ar0010008" BOX="255 854 469 1090" ELEMENT_TYPE="Content" SEQ_NO="8" TOC_ENTRY_ID="2" DEPTH_LEVEL="1" POPULAR_STYLE_REF="4"/>
		<Primitive ID="Ar0010009" BOX="256 1091 470 1336" ELEMENT_TYPE="Content" SEQ_NO="9" TOC_ENTRY_ID="2" DEPTH_LEVEL="1" POPULAR_STYLE_REF="4"/>
		<Primitive ID="Ar0010010" BOX="475 535 690 849" ELEMENT_TYPE="Content" SEQ_NO="10" TOC_ENTRY_ID="2" DEPTH_LEVEL="1" POPULAR_STYLE_REF="4"/>
		<Primitive ID="Ar0010011" BOX="476 850 690 1086" ELEMENT_TYPE="Content" SEQ_NO="11" TOC_ENTRY_ID="2" DEPTH_LEVEL="1" POPULAR_STYLE_REF="4"/>
	</Entity>
	<Entity ENTITY_TYPE="Article" FIRST_TOC_ENTRY_ID="5" INDEX_IN_DOC="5" DEPTH_LEVEL="1" ID="Ar00101" SIZE="Small" BOX="480 211 910 514" NEXT_SECTION="2" PREV_SECTION="" IMAGES_RESOLUTION="160" TOTAL_CHARS_COUNT="129" SUSPICIOUS_CHARS_COUNT="0" WORDCNT="27">
		<Name>L'instrument fatidique</Name>
		<Primitive ID="Ar0010100" BOX="647 211 910 237" ELEMENT_TYPE="HedLine_hl1" SEQ_NO="0" TOC_ENTRY_ID="5" DEPTH_LEVEL="1" POPULAR_STYLE_REF="6"/>
		<Primitive ID="Ar0010101" BOX="480 491 906 514" ELEMENT_TYPE="Content" SEQ_NO="1" TOC_ENTRY_ID="5" DEPTH_LEVEL="1" POPULAR_STYLE_REF="5"/>
	</Entity>
	<Entity ENTITY_TYPE="Article" FIRST_TOC_ENTRY_ID="3" INDEX_IN_DOC="3" DEPTH_LEVEL="1" ID="Ar00102" SIZE="Small" BOX="476 1094 690 1336" NEXT_SECTION="2" PREV_SECTION="" IMAGES_RESOLUTION="160" TOTAL_CHARS_COUNT="646" SUSPICIOUS_CHARS_COUNT="2" WORDCNT="160">
		<Name>feOMOS</Name>
		<Primitive ID="Ar0010200" BOX="530 1094 635 1120" ELEMENT_TYPE="HedLine_hl1" SEQ_NO="0" TOC_ENTRY_ID="3" DEPTH_LEVEL="1" POPULAR_STYLE_REF="7"/>
		<Primitive ID="Ar0010201" BOX="476 1125 690 1313" ELEMENT_TYPE="Content" SEQ_NO="1" TOC_ENTRY_ID="3" DEPTH_LEVEL="1" POPULAR_STYLE_REF="5"/>
		<Primitive ID="Ar0010202" BOX="477 1316 689 1336" ELEMENT_TYPE="Content" SEQ_NO="2" TOC_ENTRY_ID="3" DEPTH_LEVEL="1" POPULAR_STYLE_REF="5"/>
	</Entity>
	<Entity ENTITY_TYPE="Article" FIRST_TOC_ENTRY_ID="7" INDEX_IN_DOC="7" DEPTH_LEVEL="1" ID="Ar00103" SIZE="Medium" BOX="695 522 911 1318" NEXT_SECTION="2" PREV_SECTION="" IMAGES_RESOLUTION="160" LOGICAL_NAME="true" TOTAL_CHARS_COUNT="2470" SUSPICIOUS_CHARS_COUNT="5" WORDCNT="579">
		<Primitive ID="Ar0010300" BOX="766 522 911 629" ELEMENT_TYPE="HedLine_hl1" SEQ_NO="3" TOC_ENTRY_ID="7" DEPTH_LEVEL="1" POPULAR_STYLE_REF="-1"/>
		<Primitive ID="Ar0010301" BOX="697 629 911 915" ELEMENT_TYPE="Content" SEQ_NO="0" TOC_ENTRY_ID="7" DEPTH_LEVEL="1" POPULAR_STYLE_REF="5"/>
		<Primitive ID="Ar0010302" BOX="695 917 911 1218" ELEMENT_TYPE="Content" SEQ_NO="1" TOC_ENTRY_ID="7" DEPTH_LEVEL="1" POPULAR_STYLE_REF="5"/>
		<Primitive ID="Ar0010303" BOX="697 1219 909 1318" ELEMENT_TYPE="Content" SEQ_NO="2" TOC_ENTRY_ID="7" DEPTH_LEVEL="1" POPULAR_STYLE_REF="5"/>
	</Entity>
	<Entity ENTITY_TYPE="Article" FIRST_TOC_ENTRY_ID="1" INDEX_IN_DOC="1" DEPTH_LEVEL="1" ID="Ar00104" SIZE="Small" BOX="39 71 193 178" NEXT_SECTION="2" PREV_SECTION="" IMAGES_RESOLUTION="160" LOGICAL_NAME="true" TOTAL_CHARS_COUNT="236" SUSPICIOUS_CHARS_COUNT="0" WORDCNT="81">
		<Name>PRIX D'ABONNEMENT Franco pour la Suisse ...</Name>
		<Primitive ID="Ar0010400" BOX="39 71 193 178" ELEMENT_TYPE="Content" SEQ_NO="0" TOC_ENTRY_ID="1" DEPTH_LEVEL="1" POPULAR_STYLE_REF="10"/>
	</Entity>
	<Entity ENTITY_TYPE="Article" FIRST_TOC_ENTRY_ID="4" INDEX_IN_DOC="4" DEPTH_LEVEL="1" ID="Ar00105" SIZE="Small" BOX="751 62 902 183" NEXT_SECTION="2" PREV_SECTION="" IMAGES_RESOLUTION="160" LOGICAL_NAME="true" TOTAL_CHARS_COUNT="245" SUSPICIOUS_CHARS_COUNT="5" WORDCNT="73">
		<Name>PRIX DES ANNONCES L� Chaux-de-Fonds . .....</Name>
		<Primitive ID="Ar0010500" BOX="751 62 902 183" ELEMENT_TYPE="Content" SEQ_NO="0" TOC_ENTRY_ID="4" DEPTH_LEVEL="1" POPULAR_STYLE_REF="10"/>
	</Entity>
	<Entity ENTITY_TYPE="Picture" FIRST_TOC_ENTRY_ID="6" INDEX_IN_DOC="6" DEPTH_LEVEL="2" ID="Pc00106" SIZE="Medium" BOX="483 252 907 476" NEXT_SECTION="2" PREV_SECTION="" EMBEDDED_INTO="Ar00101" EMBEDDED_AFTER="Ar0010100" EMBEDDED_BELOW="1" IMAGES_RESOLUTION="160" LOGICAL_NAME="true" TOTAL_CHARS_COUNT="0" SUSPICIOUS_CHARS_COUNT="0" WORDCNT="0">
		<Primitive ID="Pc0010600" BOX="483 252 907 476" ELEMENT_TYPE="Picture" SEQ_NO="0" TOC_ENTRY_ID="6" DEPTH_LEVEL="2" IMG_EXT="jpg" POPULAR_STYLE_REF="-1"/>
	</Entity>
	<Entity ENTITY_TYPE="Picture" FIRST_TOC_ENTRY_ID="8" INDEX_IN_DOC="8" DEPTH_LEVEL="2" ID="Pc00107" SIZE="Small" BOX="692 530 766 632" NEXT_SECTION="2" PREV_SECTION="" EMBEDDED_INTO="Ar00103" EMBEDDED_AFTER="Ar0010301" EMBEDDED_ABOVE="1" IMAGES_RESOLUTION="160" LOGICAL_NAME="true" TOTAL_CHARS_COUNT="0" SUSPICIOUS_CHARS_COUNT="0" WORDCNT="0">
		<Primitive ID="Pc0010700" BOX="692 530 766 632" ELEMENT_TYPE="Picture" SEQ_NO="0" TOC_ENTRY_ID="8" DEPTH_LEVEL="2" IMG_EXT="jpg" POPULAR_STYLE_REF="-1"/>
	</Entity>
</XMD-PAGE>