<?xml version="1.0" encoding="windows-1252" standalone="no"?>
<XMD-entity REPOSITORY_FORMAT="1.0" PRXML_VER="2.2" ENTITY_TYPE="Article" DOC_UID="IMP_03/03/2012" DOC_VER="1" FIRST_TOC_ENTRY_ID="16" DEPTH_LEVEL="1" INDEX_IN_DOC="16" PAGE_NO="1" ID="Ar00114" BOX="49 2514 1657 2581" LANGUAGE="French" SNP="Ar00114S.png" SNP_WIDTH="1609" SNP_HEIGHT="49">
	<Meta NAME="Untitled Article" DESCRIPTION="" SUBTYPE="" BASE_HREF="IMP/2012/03/03" SOURCE_TYPE="TIFF" PUBLICATION="IMP" SECTION="Front Page" ISSUE_DATE="03/03/2012" WORDCNT="0" RELEASE_NO="113-IMP-2012-03-03-0001" PAGE_ID="" PAGE_TYPE="Single" PAGE_WIDTH="879" PAGE_HEIGHT="1304" DEFAULT_IMG_EXT="png" PDF_DESTINATION_MAPPED="OLV0_Entity_0001_0015" IMAGES_RESOLUTION="144" XMD_VER="2.6.241.4" PAGE_LABEL="1" TOTAL_CHARS_COUNT="0" SUSPICIOUS_CHARS_COUNT="0">
		<Links>
			<Lnk TYPE="EML" LNK_ID="LNK_1_2">
				<Target>clientele@limpartial.ch</Target>
			</Lnk>
			<Lnk TYPE="EML" LNK_ID="LNK_1_3">
				<Target>redaction@limpartial.ch</Target>
			</Lnk>
			<Lnk TYPE="EML" LNK_ID="LNK_1_4">
				<Target>lachaux-de-fonds@publicitas.ch</Target>
			</Lnk>
			<Sources>
				<Box LNK_ID="LNK_1_2" PRIM_ID="Ar0011400">646 2527 775 2544</Box>
				<Box LNK_ID="LNK_1_3" PRIM_ID="Ar0011400">1099 2527 1234 2544</Box>
				<Box LNK_ID="LNK_1_4" PRIM_ID="Ar0011400">1445 2527 1627 2544</Box>
			</Sources>
		</Links>
	</Meta>
	<Link SOURCE="113-IMP-2012-03-03-0001.pdf" FIRST_ID="Ar00100" LAST_ID="Pc03613" NEXT_ID="Ar00115" PREV_ID="Ad00113" TOC_ID="W:/Repository/IMP/2012/03/03/TOC.xml"/>
	<DataFiles>
		<Files TYPE="DOC_PDF" PRESENT="1"/>
		<Files TYPE="PAGE_PDF" PRESENT="0"/>
		<Files TYPE="DOC_IMG" PRESENT="0"/>
		<Files TYPE="PAGE_IMG" PRESENT="0"/>
		<Files TYPE="PAGE_VIEW_IMG" PRESENT="1"/>
		<Files TYPE="PAGE_PREVIEW_IMG" PRESENT="1"/>
		<Files TYPE="PRIMITIVE_IMG" PRESENT="1"/>
		<Files TYPE="SNIPPET_IMG" PRESENT="1"/>
		<Files TYPE="SEGMENTATION" PRESENT="0"/>
	</DataFiles>
	<Content>
		<Primitive BOX="49 2514 1657 2581" ID="Ar0011400" SEQ_NO="0" TOC_ENTRY_ID="16" DEPTH_LEVEL="1"/>
	</Content>
</XMD-entity>