<?xml version="1.0" encoding="windows-1252" standalone="no"?>
<XMD-entity REPOSITORY_FORMAT="1.0" PRXML_VER="2.2" ENTITY_TYPE="Article" DOC_UID="IMP_03/03/2012" DOC_VER="1" FIRST_TOC_ENTRY_ID="8" DEPTH_LEVEL="1" INDEX_IN_DOC="8" PAGE_NO="1" ID="Ar00102" BOX="1406 1083 1662 1320" LANGUAGE="French" SNP="Ar0010200.png" SNP_WIDTH="210" SNP_HEIGHT="112">
	<Meta NAME="Porte ouverte pour les jeunes sans-papiers" DESCRIPTION="" SUBTYPE="" BASE_HREF="IMP/2012/03/03" SOURCE_TYPE="TIFF" PUBLICATION="IMP" SECTION="Front Page" ISSUE_DATE="03/03/2012" WORDCNT="0" RELEASE_NO="113-IMP-2012-03-03-0001" PAGE_ID="" PAGE_TYPE="Single" PAGE_WIDTH="879" PAGE_HEIGHT="1304" DEFAULT_IMG_EXT="png" PDF_DESTINATION_MAPPED="OLV0_Entity_0001_0003" IMAGES_RESOLUTION="144" XMD_VER="2.6.241.4" PAGE_LABEL="1" TOTAL_CHARS_COUNT="8" SUSPICIOUS_CHARS_COUNT="0"/>
	<Link SOURCE="113-IMP-2012-03-03-0001.pdf" FIRST_ID="Ar00100" LAST_ID="Pc03613" NEXT_ID="Ar00103" PREV_ID="Ar00101" TOC_ID="W:/Repository/IMP/2012/03/03/TOC.xml"/>
	<DataFiles>
		<Files TYPE="DOC_PDF" PRESENT="1"/>
		<Files TYPE="PAGE_PDF" PRESENT="0"/>
		<Files TYPE="DOC_IMG" PRESENT="0"/>
		<Files TYPE="PAGE_IMG" PRESENT="0"/>
		<Files TYPE="PAGE_VIEW_IMG" PRESENT="1"/>
		<Files TYPE="PAGE_PREVIEW_IMG" PRESENT="1"/>
		<Files TYPE="PRIMITIVE_IMG" PRESENT="1"/>
		<Files TYPE="SNIPPET_IMG" PRESENT="1"/>
		<Files TYPE="SEGMENTATION" PRESENT="0"/>
	</DataFiles>
	<HedLine_hl1>
		<Primitive BOX="1406 1183 1615 1294" ID="Ar0010200" SEQ_NO="0" TOC_ENTRY_ID="8" DEPTH_LEVEL="1"/>
	</HedLine_hl1>
	<Content>
		<Primitive BOX="1643 1083 1662 1138" ID="Ar0010201" SEQ_NO="1" TOC_ENTRY_ID="8" DEPTH_LEVEL="1">
			<L BOX="1643 1083 1662 1138"/>
			<W BOX="1643 1083 1662 1138" STYLE_REF="2">KEYSTONE</W>
		</Primitive>
		<Primitive BOX="1406 1145 1610 1173" ID="Ar0010202" SEQ_NO="2" TOC_ENTRY_ID="8" DEPTH_LEVEL="1"/>
		<Primitive BOX="1561 1299 1636 1320" ID="Ar0010203" SEQ_NO="3" TOC_ENTRY_ID="8" DEPTH_LEVEL="1"/>
	</Content>
	<Picture-Content ID_REF="Pc00110"/>
</XMD-entity>