<?xml version="1.0" encoding="windows-1252" standalone="no"?>
<XMD-entity REPOSITORY_FORMAT="1.0" PRXML_VER="2.2" ENTITY_TYPE="Article" DOC_UID="IMP_03/03/2012" DOC_VER="1" FIRST_TOC_ENTRY_ID="1" DEPTH_LEVEL="1" INDEX_IN_DOC="1" PAGE_NO="1" ID="Ar00112" BOX="62 118 1123 175" LANGUAGE="French" SNP="Ar00112S.png" SNP_WIDTH="1062" SNP_HEIGHT="57">
	<Meta NAME="Untitled Article" DESCRIPTION="" SUBTYPE="" BASE_HREF="IMP/2012/03/03" SOURCE_TYPE="TIFF" PUBLICATION="IMP" SECTION="Front Page" ISSUE_DATE="03/03/2012" WORDCNT="9" RELEASE_NO="113-IMP-2012-03-03-0001" PAGE_ID="" PAGE_TYPE="Single" PAGE_WIDTH="879" PAGE_HEIGHT="1304" DEFAULT_IMG_EXT="png" PDF_DESTINATION_MAPPED="OLV0_Entity_0001_0013" IMAGES_RESOLUTION="144" XMD_VER="2.6.241.4" PAGE_LABEL="1" TOTAL_CHARS_COUNT="47" SUSPICIOUS_CHARS_COUNT="0"/>
	<Link SOURCE="113-IMP-2012-03-03-0001.pdf" FIRST_ID="Ar00100" LAST_ID="Pc03613" NEXT_ID="Ad00113" PREV_ID="Pc00111" TOC_ID="W:/Repository/IMP/2012/03/03/TOC.xml"/>
	<DataFiles>
		<Files TYPE="DOC_PDF" PRESENT="1"/>
		<Files TYPE="PAGE_PDF" PRESENT="0"/>
		<Files TYPE="DOC_IMG" PRESENT="0"/>
		<Files TYPE="PAGE_IMG" PRESENT="0"/>
		<Files TYPE="PAGE_VIEW_IMG" PRESENT="1"/>
		<Files TYPE="PAGE_PREVIEW_IMG" PRESENT="1"/>
		<Files TYPE="PRIMITIVE_IMG" PRESENT="1"/>
		<Files TYPE="SNIPPET_IMG" PRESENT="1"/>
		<Files TYPE="SEGMENTATION" PRESENT="0"/>
	</DataFiles>
	<Content>
		<Primitive BOX="62 118 1123 175" ID="Ar0011200" SEQ_NO="0" TOC_ENTRY_ID="1" DEPTH_LEVEL="1">
			<L BOX="68 124 1117 169"/>
			<W BOX="68 124 300 169" STYLE_REF="15">CROISI�RES</W>
			<W BOX="311 124 420 169" STYLE_REF="16">Costa</W>
			<W BOX="430 124 589 169" STYLE_REF="16">pourrait</W>
			<W BOX="600 124 687 169" STYLE_REF="16">bien</W>
			<W BOX="698 124 787 169" STYLE_REF="16">faire</W>
			<W BOX="797 124 898 169" STYLE_REF="16">peau</W>
			<W BOX="908 124 1031 169" STYLE_REF="16">neuve</W>
			<W BOX="1040 145 1089 166" STYLE_REF="13">PAGE</W>
			<W BOX="1094 145 1117 166" STYLE_REF="13">22</W>
		</Primitive>
	</Content>
</XMD-entity>