<?xml version="1.0" encoding="windows-1252" standalone="no"?>
<XMD-entity REPOSITORY_FORMAT="1.0" PRXML_VER="2.2" ENTITY_TYPE="Ad" DOC_UID="GDL_05/01/1900" DOC_VER="1" FIRST_TOC_ENTRY_ID="34" DEPTH_LEVEL="1" INDEX_IN_DOC="36" PAGE_NO="4" ID="Ad00424" BOX="500 1337 744 1751" LANGUAGE="French" SNP="Ad00424S.png" SNP_WIDTH="71" SNP_HEIGHT="120">
	<Meta NAME="Untitled Ad" DESCRIPTION="" SUBTYPE="" BASE_HREF="GDL/1900/01/05" SOURCE_TYPE="TIFF" PUBLICATION="GDL" SECTION="None" ISSUE_DATE="05/01/1900" WORDCNT="34" RELEASE_NO="103-GDL-1900-01-05-0001" PAGE_ID="" PAGE_TYPE="Single" PAGE_WIDTH="1002" PAGE_HEIGHT="1372" DEFAULT_IMG_EXT="png" PDF_DESTINATION_MAPPED="OLV0_Entity_0004_0025" IMAGES_RESOLUTION="144" XMD_VER="2.6.241.4" PAGE_LABEL="4" TOTAL_CHARS_COUNT="0" SUSPICIOUS_CHARS_COUNT="0"/>
	<Link SOURCE="103-GDL-1900-01-05-0001.pdf" FIRST_ID="Ar00200" LAST_ID="Ad00450" NEXT_ID="Ad00425" PREV_ID="Ad00423" TOC_ID="W:/Repository/GDL/1900/01/05/TOC.xml"/>
	<DataFiles>
		<Files TYPE="DOC_PDF" PRESENT="1"/>
		<Files TYPE="PAGE_PDF" PRESENT="1"/>
		<Files TYPE="DOC_IMG" PRESENT="0"/>
		<Files TYPE="PAGE_IMG" PRESENT="1"/>
		<Files TYPE="PAGE_VIEW_IMG" PRESENT="1"/>
		<Files TYPE="PAGE_PREVIEW_IMG" PRESENT="1"/>
		<Files TYPE="PRIMITIVE_IMG" PRESENT="1"/>
		<Files TYPE="SNIPPET_IMG" PRESENT="1"/>
		<Files TYPE="SEGMENTATION" PRESENT="1"/>
	</DataFiles>
	<Content>
		<Primitive BOX="500 1337 744 1751" ID="Ad0042400" E="N" SEQ_NO="1" TOC_ENTRY_ID="34" DEPTH_LEVEL="1">
			<L BOX="509 1363 740 1390"/>
			<W BOX="509 1363 610 1390" STYLE_REF="52">MACHINES</W>
			<W BOX="626 1363 740 1390" STYLE_REF="52">BEMINGTON</W>
			<L BOX="533 1392 718 1409" P="S"/>
			<W BOX="533 1392 591 1409" STYLE_REF="25">neuves</W>
			<W BOX="600 1392 618 1409" STYLE_REF="25">et</W>
			<Q BOX="627 1392 638 1409" STYLE_REF="25" QID="1">d</Q>
			<Q BOX="638 1392 643 1409" STYLE_REF="25" QID="1">'</Q>
			<q BOX="643 1392 718 1409" STYLE_REF="25" QID="1">occasion</q>
			<QW QID="1">d'occasion</QW>
			<L BOX="509 1412 739 1430"/>
			<W BOX="509 1412 529 1430" STYLE_REF="25">les</W>
			<W BOX="539 1412 571 1430" STYLE_REF="25">plus</W>
			<W BOX="584 1412 635 1430" STYLE_REF="25">solides</W>
			<W BOX="649 1412 666 1430" STYLE_REF="25">et</W>
			<W BOX="676 1412 701 1430" STYLE_REF="25">les</W>
			<W BOX="708 1412 739 1430" STYLE_REF="25">plus</W>
			<L BOX="582 1427 667 1444"/>
			<W BOX="582 1427 662 1444" STYLE_REF="25" NS="y">r�pandues</W>
			<W BOX="663 1427 667 1444" STYLE_REF="25">.</W>
			<L BOX="512 1608 735 1629" P="S"/>
			<W BOX="512 1608 588 1629" STYLE_REF="55">ELLAMS</W>
			<W BOX="613 1608 735 1629" STYLE_REF="55">DUPLICATOR</W>
			<L BOX="561 1633 668 1650" P="S"/>
			<W BOX="561 1633 668 1650" STYLE_REF="33">Mim�ographes</W>
			<L BOX="507 1651 735 1672" P="S"/>
			<W BOX="507 1655 597 1672" STYLE_REF="25">Fournitures</W>
			<W BOX="608 1655 619 1672" STYLE_REF="25" NS="y">p</W>
			<S S_TYPE="SUP">
				<W BOX="622 1651 626 1663" STYLE_REF="30">r</W>
			</S>
			<W BOX="631 1655 656 1672" STYLE_REF="25">ces</W>
			<W BOX="666 1655 735 1672" STYLE_REF="25">appareils</W>
			<L BOX="535 1681 712 1717" P="S"/>
			<W BOX="535 1681 601 1717" STYLE_REF="67">Jules</W>
			<W BOX="625 1681 712 1717" STYLE_REF="68">KREIS</W>
			<L BOX="517 1721 728 1738" P="S"/>
			<Q BOX="517 1721 536 1738" STYLE_REF="25" QID="2">St</Q>
			<Q BOX="536 1721 544 1738" STYLE_REF="25" LH="y" QID="2">-</Q>
			<q BOX="544 1721 587 1738" STYLE_REF="25" NS="y" QID="2">Roch</q>
			<QW QID="2">St-Roch</QW>
			<W BOX="588 1721 593 1738" STYLE_REF="25">,</W>
			<W BOX="602 1721 622 1738" STYLE_REF="25" NS="y">30</W>
			<W BOX="623 1721 628 1738" STYLE_REF="25">,</W>
			<W BOX="638 1721 722 1738" STYLE_REF="25" NS="y">Lausanne</W>
			<W BOX="724 1721 728 1738" STYLE_REF="25">.</W>
			<L BOX="506 1737 736 1758" P="S"/>
			<W BOX="506 1741 543 1758" STYLE_REF="33">Agent</W>
			<W BOX="568 1737 575 1748" STYLE_REF="66">T</W>
			<W BOX="582 1741 595 1758" STYLE_REF="33">le</W>
			<W BOX="600 1741 643 1758" STYLE_REF="33">canton</W>
			<W BOX="663 1741 683 1758" STYLE_REF="33">de</W>
			<W BOX="701 1741 736 1758" STYLE_REF="33">Vaud</W>
		</Primitive>
	</Content>
	<AdFrame>
		<Img BOX="500 1337 744 1751" ID="Ad0042401" HREF="/4/Img/Ad0042401.png" TOC_ENTRY_ID="34" SEQ_NO="0"/>
	</AdFrame>
</XMD-entity>