<?xml version="1.0" encoding="windows-1252" standalone="no"?>
<XMD-entity REPOSITORY_FORMAT="1.0" PRXML_VER="2.2" ENTITY_TYPE="Ad" DOC_UID="GDL_05/01/1900" DOC_VER="1" FIRST_TOC_ENTRY_ID="53" DEPTH_LEVEL="1" INDEX_IN_DOC="55" PAGE_NO="4" ID="Ad00414" BOX="1222 2771 1698 3011" LANGUAGE="French" SNP="Ad00414S.png" SNP_WIDTH="238" SNP_HEIGHT="120">
	<Meta NAME="Untitled Ad" DESCRIPTION="" SUBTYPE="" BASE_HREF="GDL/1900/01/05" SOURCE_TYPE="TIFF" PUBLICATION="GDL" SECTION="None" ISSUE_DATE="05/01/1900" WORDCNT="0" RELEASE_NO="103-GDL-1900-01-05-0001" PAGE_ID="" PAGE_TYPE="Single" PAGE_WIDTH="1002" PAGE_HEIGHT="1372" DEFAULT_IMG_EXT="png" PDF_DESTINATION_MAPPED="OLV0_Entity_0004_0015" IMAGES_RESOLUTION="144" XMD_VER="2.6.241.4" PAGE_LABEL="4" TOTAL_CHARS_COUNT="0" SUSPICIOUS_CHARS_COUNT="0"/>
	<Link SOURCE="103-GDL-1900-01-05-0001.pdf" FIRST_ID="Ar00200" LAST_ID="Ad00450" NEXT_ID="Ad00415" PREV_ID="Ad00413" TOC_ID="W:/Repository/GDL/1900/01/05/TOC.xml"/>
	<DataFiles>
		<Files TYPE="DOC_PDF" PRESENT="1"/>
		<Files TYPE="PAGE_PDF" PRESENT="1"/>
		<Files TYPE="DOC_IMG" PRESENT="0"/>
		<Files TYPE="PAGE_IMG" PRESENT="1"/>
		<Files TYPE="PAGE_VIEW_IMG" PRESENT="1"/>
		<Files TYPE="PAGE_PREVIEW_IMG" PRESENT="1"/>
		<Files TYPE="PRIMITIVE_IMG" PRESENT="1"/>
		<Files TYPE="SNIPPET_IMG" PRESENT="1"/>
		<Files TYPE="SEGMENTATION" PRESENT="1"/>
	</DataFiles>
	<Content>
		<Primitive BOX="1222 2771 1698 3011" ID="Ad0041400" E="N" SEQ_NO="1" TOC_ENTRY_ID="53" DEPTH_LEVEL="1"/>
	</Content>
	<AdFrame>
		<Img BOX="1222 2771 1698 3011" ID="Ad0041401" HREF="/4/Img/Ad0041401.png" TOC_ENTRY_ID="53" SEQ_NO="0"/>
	</AdFrame>
</XMD-entity>