<?xml version="1.0" encoding="windows-1252" standalone="no"?>
<XMD-entity REPOSITORY_FORMAT="1.0" PRXML_VER="2.2" ENTITY_TYPE="Ad" DOC_UID="GDL_05/01/1900" DOC_VER="1" FIRST_TOC_ENTRY_ID="35" DEPTH_LEVEL="1" INDEX_IN_DOC="37" PAGE_NO="4" ID="Ad00423" BOX="500 1751 744 2035" LANGUAGE="French" SNP="Ad00423S.png" SNP_WIDTH="103" SNP_HEIGHT="120">
	<Meta NAME="Untitled Ad" DESCRIPTION="" SUBTYPE="" BASE_HREF="GDL/1900/01/05" SOURCE_TYPE="TIFF" PUBLICATION="GDL" SECTION="None" ISSUE_DATE="05/01/1900" WORDCNT="15" RELEASE_NO="103-GDL-1900-01-05-0001" PAGE_ID="" PAGE_TYPE="Single" PAGE_WIDTH="1002" PAGE_HEIGHT="1372" DEFAULT_IMG_EXT="png" PDF_DESTINATION_MAPPED="OLV0_Entity_0004_0024" IMAGES_RESOLUTION="144" XMD_VER="2.6.241.4" PAGE_LABEL="4" TOTAL_CHARS_COUNT="0" SUSPICIOUS_CHARS_COUNT="0"/>
	<Link SOURCE="103-GDL-1900-01-05-0001.pdf" FIRST_ID="Ar00200" LAST_ID="Ad00450" NEXT_ID="Ad00424" PREV_ID="Ad00422" TOC_ID="W:/Repository/GDL/1900/01/05/TOC.xml"/>
	<DataFiles>
		<Files TYPE="DOC_PDF" PRESENT="1"/>
		<Files TYPE="PAGE_PDF" PRESENT="1"/>
		<Files TYPE="DOC_IMG" PRESENT="0"/>
		<Files TYPE="PAGE_IMG" PRESENT="1"/>
		<Files TYPE="PAGE_VIEW_IMG" PRESENT="1"/>
		<Files TYPE="PAGE_PREVIEW_IMG" PRESENT="1"/>
		<Files TYPE="PRIMITIVE_IMG" PRESENT="1"/>
		<Files TYPE="SNIPPET_IMG" PRESENT="1"/>
		<Files TYPE="SEGMENTATION" PRESENT="1"/>
	</DataFiles>
	<Content>
		<Primitive BOX="500 1751 744 2035" ID="Ad0042300" E="N" SEQ_NO="1" TOC_ENTRY_ID="35" DEPTH_LEVEL="1">
			<L BOX="559 1741 740 1758"/>
			<W BOX="559 1741 568 1758" STYLE_REF="33">p</W>
			<W BOX="736 1741 740 1758" STYLE_REF="33">.</W>
			<L BOX="520 1963 698 1981" P="S"/>
			<W BOX="520 1963 600 1981" STYLE_REF="25">supprime</W>
			<W BOX="613 1963 669 1981" STYLE_REF="25">baume</W>
			<W BOX="680 1963 698 1981" STYLE_REF="25">et</W>
			<L BOX="520 1978 691 1995"/>
			<W BOX="520 1978 575 1995" STYLE_REF="25">quides</W>
			<W BOX="584 1978 684 1995" STYLE_REF="25" NS="y">astringents</W>
			<W BOX="686 1978 691 1995" STYLE_REF="25">.</W>
			<L BOX="536 2005 713 2022" P="S"/>
			<W BOX="536 2005 575 2022" STYLE_REF="33">D�p�t</W>
			<W BOX="587 2005 617 2022" STYLE_REF="33">dans</W>
			<W BOX="636 2005 675 2022" STYLE_REF="33">toutes</W>
			<W BOX="689 2005 713 2022" STYLE_REF="33">les</W>
			<L BOX="520 2020 729 2037"/>
			<W BOX="520 2020 551 2037" STYLE_REF="25">8669</W>
			<W BOX="569 2020 644 2037" STYLE_REF="33" NS="y">pharmacies</W>
			<W BOX="644 2020 648 2037" STYLE_REF="33">.</W>
			<W BOX="691 2020 729 2037" STYLE_REF="25">10733</W>
		</Primitive>
	</Content>
	<AdFrame>
		<Img BOX="500 1751 744 2035" ID="Ad0042301" HREF="/4/Img/Ad0042301.png" TOC_ENTRY_ID="35" SEQ_NO="0"/>
	</AdFrame>
</XMD-entity>