<?xml version="1.0" encoding="windows-1252" standalone="no"?>
<XMD-entity REPOSITORY_FORMAT="1.0" PRXML_VER="2.2" ENTITY_TYPE="Ad" DOC_UID="GDL_05/01/1900" DOC_VER="1" FIRST_TOC_ENTRY_ID="55" DEPTH_LEVEL="1" INDEX_IN_DOC="57" PAGE_NO="4" ID="Ad00403" BOX="1706 242 2183 579" LANGUAGE="French" SNP="Ad00403S.png" SNP_WIDTH="170" SNP_HEIGHT="120">
	<Meta NAME="Untitled Ad" DESCRIPTION="" SUBTYPE="" BASE_HREF="GDL/1900/01/05" SOURCE_TYPE="TIFF" PUBLICATION="GDL" SECTION="None" ISSUE_DATE="05/01/1900" WORDCNT="13" RELEASE_NO="103-GDL-1900-01-05-0001" PAGE_ID="" PAGE_TYPE="Single" PAGE_WIDTH="1002" PAGE_HEIGHT="1372" DEFAULT_IMG_EXT="png" PDF_DESTINATION_MAPPED="OLV0_Entity_0004_0004" IMAGES_RESOLUTION="144" XMD_VER="2.6.241.4" PAGE_LABEL="4" TOTAL_CHARS_COUNT="0" SUSPICIOUS_CHARS_COUNT="0"/>
	<Link SOURCE="103-GDL-1900-01-05-0001.pdf" FIRST_ID="Ar00200" LAST_ID="Ad00450" NEXT_ID="Ad00404" PREV_ID="Ad00402" TOC_ID="W:/Repository/GDL/1900/01/05/TOC.xml"/>
	<DataFiles>
		<Files TYPE="DOC_PDF" PRESENT="1"/>
		<Files TYPE="PAGE_PDF" PRESENT="1"/>
		<Files TYPE="DOC_IMG" PRESENT="0"/>
		<Files TYPE="PAGE_IMG" PRESENT="1"/>
		<Files TYPE="PAGE_VIEW_IMG" PRESENT="1"/>
		<Files TYPE="PAGE_PREVIEW_IMG" PRESENT="1"/>
		<Files TYPE="PRIMITIVE_IMG" PRESENT="1"/>
		<Files TYPE="SNIPPET_IMG" PRESENT="1"/>
		<Files TYPE="SEGMENTATION" PRESENT="1"/>
	</DataFiles>
	<Content>
		<Primitive BOX="1706 242 2183 579" ID="Ad0040300" E="N" SEQ_NO="1" TOC_ENTRY_ID="55" DEPTH_LEVEL="1">
			<L BOX="1837 268 2061 294"/>
			<W BOX="1837 268 2061 294" STYLE_REF="3">CONSTIPATION</W>
			<L BOX="1799 520 2100 541" P="S"/>
			<W BOX="1799 520 1817 541" STYLE_REF="54">En</W>
			<W BOX="1826 520 1870 541" STYLE_REF="54">vente</W>
			<W BOX="1879 520 1915 541" STYLE_REF="54">chez</W>
			<W BOX="1922 520 1956 541" STYLE_REF="54">tous</W>
			<W BOX="1965 520 1990 541" STYLE_REF="54">les</W>
			<W BOX="1995 520 2096 541" STYLE_REF="54" NS="y">pharmaciens</W>
			<W BOX="2095 520 2100 541" STYLE_REF="54">,</W>
			<L BOX="1771 541 2126 562"/>
			<W BOX="1771 541 1854 562" STYLE_REF="54">droguistes</W>
			<W BOX="1863 541 1880 562" STYLE_REF="54">et</W>
			<W BOX="1887 541 1974 562" STYLE_REF="54">marchands</W>
			<Q BOX="1982 541 1993 562" STYLE_REF="54" QID="1">d</Q>
			<Q BOX="1993 541 1998 562" STYLE_REF="54" QID="1">'</Q>
			<q BOX="1998 541 2036 562" STYLE_REF="54" QID="1">eaux</q>
			<QW QID="1">d'eaux</QW>
			<W BOX="2043 541 2121 562" STYLE_REF="54" NS="y">min�rales</W>
			<W BOX="2121 541 2126 562" STYLE_REF="54">.</W>
		</Primitive>
	</Content>
	<AdFrame>
		<Img BOX="1706 242 2183 579" ID="Ad0040301" HREF="/4/Img/Ad0040301.png" TOC_ENTRY_ID="55" SEQ_NO="0"/>
	</AdFrame>
</XMD-entity>