<?xml version="1.0" encoding="windows-1252" standalone="no"?>
<XMD-PAGE REPOSITORY_FORMAT="1.0" PRXML_VER="2.2"><Application_Data/><Meta SINGLE_PAGE_PDF_NAME="/Res/PDF/Pg0004_s_0004.pdf" ISSUE_DATE="05/01/1900" RELEASE_NO="103-GDL-1900-01-05-0001" PAGE_NO="4" NAME="" PAGE_LABEL="4" PAGE_TYPE="Single" PUBLISHER="Olive" PUBLICATION="GDL" SOURCE_TYPE="TIFF" SOURCE_RESOLUTION="72" IMAGES_RESOLUTION="144" PAGE_THUMBNAIL_RESOLUTION="57" PAGE_PREVIEW_RESOLUTION="14" DEFAULT_IMG_EXT="png" IMG_EXT="png" PREVIEW_IMG_EXT="png" XMD_VER="2.6.241.4" PROFILE_ID="W:\Batch\Profile\GDL-1900-01-05.ini" SECTION="None" PAGE_WIDTH="1002" PAGE_HEIGHT="1372" PAGES_NUMBER="4" BASE_HREF="GDL/1900/01/05" PDF_DESTINATION_MAPPED="OLV0_Page_0004" TOTAL_CHARS_COUNT="0" SUSPICIOUS_CHARS_COUNT="0">
		<Resolutions>
			<Resolution DEFAULT="true">57</Resolution>
			<Resolution>72</Resolution>
			<Resolution>144</Resolution>
		</Resolutions>
		<Links>
			<Lnk TYPE="URL" LNK_ID="LNK_4_0">
				<Target>file:///Lenslinger</Target>
			</Lnk>
			<Lnk TYPE="URL" LNK_ID="LNK_4_1">
				<Target>file:///richIII</Target>
			</Lnk>
			<Lnk TYPE="URL" LNK_ID="LNK_4_2">
				<Target>file:///Formule</Target>
			</Lnk>
			<Sources>
				<Box LNK_ID="LNK_4_0">770 646 802 653</Box>
				<Box LNK_ID="LNK_4_1">770 652 791 659</Box>
				<Box LNK_ID="LNK_4_2">491 858 514 864</Box>
			</Sources>
		</Links>
	</Meta>
	<Link SOURCE="103-GDL-1900-01-05-0001.pdf" NEXT_SECTION="" PREV_SECTION="1"/>
	<DataFiles>
		<Files TYPE="DOC_PDF" PRESENT="1"/>
		<Files TYPE="PAGE_PDF" PRESENT="1"/>
		<Files TYPE="DOC_IMG" PRESENT="0"/>
		<Files TYPE="PAGE_IMG" PRESENT="1" BYTEORDER="little_endian" COMPRESSIONSCHEME="LZW" IMAGE_WIDTH="5270" IMAGE_HEIGHT="7218" COLORSPACE="BlackIsZero" BITSPERSAMPLE="8" SAMPLESPERPIXEL="1" XRESOLUTION_DPI="300" YRESOLUTION_DPI="300" MIMETYPE="image/tiff" IMG_EXT="tif" MEDIA_BOX="0 0 5269 7217" CROP_BOX="0 0 5269 7217"/>
		<Files TYPE="PAGE_VIEW_IMG" PRESENT="1"/>
		<Files TYPE="PAGE_PREVIEW_IMG" PRESENT="1"/>
		<Files TYPE="PRIMITIVE_IMG" PRESENT="1"/>
		<Files TYPE="SNIPPET_IMG" PRESENT="1"/>
		<Files TYPE="SEGMENTATION" PRESENT="1"/>
	</DataFiles>
	<Entity ENTITY_TYPE="Ad" FIRST_TOC_ENTRY_ID="22" INDEX_IN_DOC="24" DEPTH_LEVEL="1" ID="Ad00400" SIZE="Small" BOX="5 37 198 135" NEXT_SECTION="" PREV_SECTION="1" IMAGES_RESOLUTION="144" TOTAL_CHARS_COUNT="0" SUSPICIOUS_CHARS_COUNT="0" WORDCNT="27">
		<Name>Untitled Ad</Name>
		<Primitive ID="Ad0040000" BOX="5 37 198 135" ELEMENT_TYPE="Content" SEQ_NO="1" TOC_ENTRY_ID="22" DEPTH_LEVEL="1" E="N"/>
		<Primitive ID="Ad0040001" BOX="5 37 198 135" ELEMENT_TYPE="AdFrame" SEQ_NO="0" TOC_ENTRY_ID="22" DEPTH_LEVEL="1"/>
	</Entity>
	<Entity ENTITY_TYPE="Ad" FIRST_TOC_ENTRY_ID="30" INDEX_IN_DOC="32" DEPTH_LEVEL="1" ID="Ad00401" SIZE="Small" BOX="198 37 959 96" NEXT_SECTION="" PREV_SECTION="1" IMAGES_RESOLUTION="144" TOTAL_CHARS_COUNT="0" SUSPICIOUS_CHARS_COUNT="0" WORDCNT="178">
		<Name>Untitled Ad</Name>
		<Primitive ID="Ad0040100" BOX="198 37 959 96" ELEMENT_TYPE="Content" SEQ_NO="1" TOC_ENTRY_ID="30" DEPTH_LEVEL="1" E="N"/>
		<Primitive ID="Ad0040101" BOX="198 37 959 96" ELEMENT_TYPE="AdFrame" SEQ_NO="0" TOC_ENTRY_ID="30" DEPTH_LEVEL="1"/>
	</Entity>
	<Entity ENTITY_TYPE="Ad" FIRST_TOC_ENTRY_ID="31" INDEX_IN_DOC="33" DEPTH_LEVEL="1" ID="Ad00402" SIZE="Small" BOX="198 94 295 194" NEXT_SECTION="" PREV_SECTION="1" IMAGES_RESOLUTION="144" TOTAL_CHARS_COUNT="0" SUSPICIOUS_CHARS_COUNT="0" WORDCNT="34">
		<Name>Untitled Ad</Name>
		<Primitive ID="Ad0040200" BOX="198 94 295 194" ELEMENT_TYPE="Content" SEQ_NO="1" TOC_ENTRY_ID="31" DEPTH_LEVEL="1" E="N"/>
		<Primitive ID="Ad0040201" BOX="198 94 295 194" ELEMENT_TYPE="AdFrame" SEQ_NO="0" TOC_ENTRY_ID="31" DEPTH_LEVEL="1"/>
	</Entity>
	<Entity ENTITY_TYPE="Ad" FIRST_TOC_ENTRY_ID="55" INDEX_IN_DOC="57" DEPTH_LEVEL="1" ID="Ad00403" SIZE="Small" BOX="675 96 864 229" NEXT_SECTION="" PREV_SECTION="1" IMAGES_RESOLUTION="144" TOTAL_CHARS_COUNT="0" SUSPICIOUS_CHARS_COUNT="0" WORDCNT="13">
		<Name>Untitled Ad</Name>
		<Primitive ID="Ad0040300" BOX="675 96 864 229" ELEMENT_TYPE="Content" SEQ_NO="1" TOC_ENTRY_ID="55" DEPTH_LEVEL="1" E="N"/>
		<Primitive ID="Ad0040301" BOX="675 96 864 229" ELEMENT_TYPE="AdFrame" SEQ_NO="0" TOC_ENTRY_ID="55" DEPTH_LEVEL="1"/>
	</Entity>
	<Entity ENTITY_TYPE="Ad" FIRST_TOC_ENTRY_ID="40" INDEX_IN_DOC="42" DEPTH_LEVEL="1" ID="Ad00404" SIZE="Medium" BOX="295 96 675 375" NEXT_SECTION="" PREV_SECTION="1" IMAGES_RESOLUTION="144" TOTAL_CHARS_COUNT="0" SUSPICIOUS_CHARS_COUNT="0" WORDCNT="114">
		<Name>Untitled Ad</Name>
		<Primitive ID="Ad0040400" BOX="295 96 675 375" ELEMENT_TYPE="Content" SEQ_NO="1" TOC_ENTRY_ID="40" DEPTH_LEVEL="1" E="N"/>
		<Primitive ID="Ad0040401" BOX="295 96 675 375" ELEMENT_TYPE="AdFrame" SEQ_NO="0" TOC_ENTRY_ID="40" DEPTH_LEVEL="1"/>
	</Entity>
	<Entity ENTITY_TYPE="Ad" FIRST_TOC_ENTRY_ID="41" INDEX_IN_DOC="43" DEPTH_LEVEL="1" ID="Ad00405" SIZE="Small" BOX="295 375 580 604" NEXT_SECTION="" PREV_SECTION="1" IMAGES_RESOLUTION="144" TOTAL_CHARS_COUNT="0" SUSPICIOUS_CHARS_COUNT="0" WORDCNT="0">
		<Name>Untitled Ad</Name>
		<Primitive ID="Ad0040500" BOX="295 375 580 604" ELEMENT_TYPE="Content" SEQ_NO="1" TOC_ENTRY_ID="41" DEPTH_LEVEL="1" E="N"/>
		<Primitive ID="Ad0040501" BOX="295 375 580 604" ELEMENT_TYPE="AdFrame" SEQ_NO="0" TOC_ENTRY_ID="41" DEPTH_LEVEL="1"/>
	</Entity>
	<Entity ENTITY_TYPE="Ad" FIRST_TOC_ENTRY_ID="43" INDEX_IN_DOC="45" DEPTH_LEVEL="1" ID="Ad00406" SIZE="Small" BOX="295 727 484 845" NEXT_SECTION="" PREV_SECTION="1" IMAGES_RESOLUTION="144" TOTAL_CHARS_COUNT="0" SUSPICIOUS_CHARS_COUNT="0" WORDCNT="40">
		<Name>Untitled Ad</Name>
		<Primitive ID="Ad0040600" BOX="295 727 484 845" ELEMENT_TYPE="Content" SEQ_NO="1" TOC_ENTRY_ID="43" DEPTH_LEVEL="1" E="N"/>
		<Primitive ID="Ad0040601" BOX="295 727 484 845" ELEMENT_TYPE="AdFrame" SEQ_NO="0" TOC_ENTRY_ID="43" DEPTH_LEVEL="1"/>
	</Entity>
	<Entity ENTITY_TYPE="Ad" FIRST_TOC_ENTRY_ID="48" INDEX_IN_DOC="50" DEPTH_LEVEL="1" ID="Ad00407" SIZE="Small" BOX="580 375 675 544" NEXT_SECTION="" PREV_SECTION="1" IMAGES_RESOLUTION="144" TOTAL_CHARS_COUNT="0" SUSPICIOUS_CHARS_COUNT="0" WORDCNT="39">
		<Name>Untitled Ad</Name>
		<Primitive ID="Ad0040700" BOX="580 375 675 544" ELEMENT_TYPE="Content" SEQ_NO="1" TOC_ENTRY_ID="48" DEPTH_LEVEL="1" E="N"/>
		<Primitive ID="Ad0040701" BOX="580 375 675 544" ELEMENT_TYPE="AdFrame" SEQ_NO="0" TOC_ENTRY_ID="48" DEPTH_LEVEL="1"/>
	</Entity>
	<Entity ENTITY_TYPE="Ad" FIRST_TOC_ENTRY_ID="42" INDEX_IN_DOC="44" DEPTH_LEVEL="1" ID="Ad00408" SIZE="Small" BOX="295 604 580 727" NEXT_SECTION="" PREV_SECTION="1" IMAGES_RESOLUTION="144" TOTAL_CHARS_COUNT="0" SUSPICIOUS_CHARS_COUNT="0" WORDCNT="56">
		<Name>Untitled Ad</Name>
		<Primitive ID="Ad0040800" BOX="295 604 580 727" ELEMENT_TYPE="Content" SEQ_NO="1" TOC_ENTRY_ID="42" DEPTH_LEVEL="1" E="N"/>
		<Primitive ID="Ad0040801" BOX="295 604 580 727" ELEMENT_TYPE="AdFrame" SEQ_NO="0" TOC_ENTRY_ID="42" DEPTH_LEVEL="1"/>
	</Entity>
	<Entity ENTITY_TYPE="Ad" FIRST_TOC_ENTRY_ID="49" INDEX_IN_DOC="51" DEPTH_LEVEL="1" ID="Ad00409" SIZE="Small" BOX="580 544 675 727" NEXT_SECTION="" PREV_SECTION="1" IMAGES_RESOLUTION="144" TOTAL_CHARS_COUNT="0" SUSPICIOUS_CHARS_COUNT="0" WORDCNT="72">
		<Name>Untitled Ad</Name>
		<Primitive ID="Ad0040900" BOX="580 544 675 727" ELEMENT_TYPE="Content" SEQ_NO="1" TOC_ENTRY_ID="49" DEPTH_LEVEL="1" E="N"/>
		<Primitive ID="Ad0040901" BOX="580 544 675 727" ELEMENT_TYPE="AdFrame" SEQ_NO="0" TOC_ENTRY_ID="49" DEPTH_LEVEL="1"/>
	</Entity>
	<Entity ENTITY_TYPE="Ad" FIRST_TOC_ENTRY_ID="50" INDEX_IN_DOC="52" DEPTH_LEVEL="1" ID="Ad00410" SIZE="Small" BOX="484 727 675 895" NEXT_SECTION="" PREV_SECTION="1" IMAGES_RESOLUTION="144" TOTAL_CHARS_COUNT="0" SUSPICIOUS_CHARS_COUNT="0" WORDCNT="161">
		<Name>Untitled Ad</Name>
		<Primitive ID="Ad0041000" BOX="484 727 675 895" ELEMENT_TYPE="Content" SEQ_NO="1" TOC_ENTRY_ID="50" DEPTH_LEVEL="1" E="N"/>
		<Primitive ID="Ad0041001" BOX="484 727 675 895" ELEMENT_TYPE="AdFrame" SEQ_NO="0" TOC_ENTRY_ID="50" DEPTH_LEVEL="1"/>
	</Entity>
	<Entity ENTITY_TYPE="Ad" FIRST_TOC_ENTRY_ID="47" INDEX_IN_DOC="49" DEPTH_LEVEL="1" ID="Ad00411" SIZE="Small" BOX="484 1192 578 1347" NEXT_SECTION="" PREV_SECTION="1" IMAGES_RESOLUTION="144" TOTAL_CHARS_COUNT="0" SUSPICIOUS_CHARS_COUNT="0" WORDCNT="70">
		<Name>Untitled Ad</Name>
		<Primitive ID="Ad0041100" BOX="484 1192 578 1347" ELEMENT_TYPE="Content" SEQ_NO="1" TOC_ENTRY_ID="47" DEPTH_LEVEL="1" E="N"/>
		<Primitive ID="Ad0041101" BOX="484 1192 578 1347" ELEMENT_TYPE="AdFrame" SEQ_NO="0" TOC_ENTRY_ID="47" DEPTH_LEVEL="1"/>
	</Entity>
	<Entity ENTITY_TYPE="Ad" FIRST_TOC_ENTRY_ID="52" INDEX_IN_DOC="54" DEPTH_LEVEL="1" ID="Ad00412" SIZE="Small" BOX="484 1022 672 1097" NEXT_SECTION="" PREV_SECTION="1" IMAGES_RESOLUTION="144" TOTAL_CHARS_COUNT="0" SUSPICIOUS_CHARS_COUNT="0" WORDCNT="25">
		<Name>Untitled Ad</Name>
		<Primitive ID="Ad0041200" BOX="484 1022 672 1097" ELEMENT_TYPE="Content" SEQ_NO="1" TOC_ENTRY_ID="52" DEPTH_LEVEL="1" E="N"/>
		<Primitive ID="Ad0041201" BOX="484 1022 672 1097" ELEMENT_TYPE="AdFrame" SEQ_NO="0" TOC_ENTRY_ID="52" DEPTH_LEVEL="1"/>
	</Entity>
	<Entity ENTITY_TYPE="Ad" FIRST_TOC_ENTRY_ID="51" INDEX_IN_DOC="53" DEPTH_LEVEL="1" ID="Ad00413" SIZE="Small" BOX="484 895 672 1022" NEXT_SECTION="" PREV_SECTION="1" IMAGES_RESOLUTION="144" TOTAL_CHARS_COUNT="0" SUSPICIOUS_CHARS_COUNT="0" WORDCNT="0">
		<Name>Untitled Ad</Name>
		<Primitive ID="Ad0041300" BOX="484 895 672 1022" ELEMENT_TYPE="Content" SEQ_NO="1" TOC_ENTRY_ID="51" DEPTH_LEVEL="1" E="N"/>
		<Primitive ID="Ad0041301" BOX="484 895 672 1022" ELEMENT_TYPE="AdFrame" SEQ_NO="0" TOC_ENTRY_ID="51" DEPTH_LEVEL="1"/>
	</Entity>
	<Entity ENTITY_TYPE="Ad" FIRST_TOC_ENTRY_ID="53" INDEX_IN_DOC="55" DEPTH_LEVEL="1" ID="Ad00414" SIZE="Small" BOX="484 1097 672 1192" NEXT_SECTION="" PREV_SECTION="1" IMAGES_RESOLUTION="144" TOTAL_CHARS_COUNT="0" SUSPICIOUS_CHARS_COUNT="0" WORDCNT="0">
		<Name>Untitled Ad</Name>
		<Primitive ID="Ad0041400" BOX="484 1097 672 1192" ELEMENT_TYPE="Content" SEQ_NO="1" TOC_ENTRY_ID="53" DEPTH_LEVEL="1" E="N"/>
		<Primitive ID="Ad0041401" BOX="484 1097 672 1192" ELEMENT_TYPE="AdFrame" SEQ_NO="0" TOC_ENTRY_ID="53" DEPTH_LEVEL="1"/>
	</Entity>
	<Entity ENTITY_TYPE="Ad" FIRST_TOC_ENTRY_ID="54" INDEX_IN_DOC="56" DEPTH_LEVEL="1" ID="Ad00415" SIZE="Small" BOX="578 1192 672 1347" NEXT_SECTION="" PREV_SECTION="1" IMAGES_RESOLUTION="144" TOTAL_CHARS_COUNT="0" SUSPICIOUS_CHARS_COUNT="0" WORDCNT="60">
		<Name>Untitled Ad</Name>
		<Primitive ID="Ad0041500" BOX="578 1192 672 1347" ELEMENT_TYPE="Content" SEQ_NO="1" TOC_ENTRY_ID="54" DEPTH_LEVEL="1" E="N"/>
		<Primitive ID="Ad0041501" BOX="578 1192 672 1347" ELEMENT_TYPE="AdFrame" SEQ_NO="0" TOC_ENTRY_ID="54" DEPTH_LEVEL="1"/>
	</Entity>
	<Entity ENTITY_TYPE="Ad" FIRST_TOC_ENTRY_ID="46" INDEX_IN_DOC="48" DEPTH_LEVEL="1" ID="Ad00416" SIZE="Small" BOX="295 1185 484 1347" NEXT_SECTION="" PREV_SECTION="1" IMAGES_RESOLUTION="144" TOTAL_CHARS_COUNT="0" SUSPICIOUS_CHARS_COUNT="0" WORDCNT="72">
		<Name>Untitled Ad</Name>
		<Primitive ID="Ad0041600" BOX="295 1185 484 1347" ELEMENT_TYPE="Content" SEQ_NO="1" TOC_ENTRY_ID="46" DEPTH_LEVEL="1" E="N"/>
		<Primitive ID="Ad0041601" BOX="295 1185 484 1347" ELEMENT_TYPE="AdFrame" SEQ_NO="0" TOC_ENTRY_ID="46" DEPTH_LEVEL="1"/>
	</Entity>
	<Entity ENTITY_TYPE="Ad" FIRST_TOC_ENTRY_ID="45" INDEX_IN_DOC="47" DEPTH_LEVEL="1" ID="Ad00417" SIZE="Small" BOX="295 986 484 1185" NEXT_SECTION="" PREV_SECTION="1" IMAGES_RESOLUTION="144" TOTAL_CHARS_COUNT="0" SUSPICIOUS_CHARS_COUNT="0" WORDCNT="131">
		<Name>Untitled Ad</Name>
		<Primitive ID="Ad0041700" BOX="295 986 484 1185" ELEMENT_TYPE="Content" SEQ_NO="1" TOC_ENTRY_ID="45" DEPTH_LEVEL="1" E="N"/>
		<Primitive ID="Ad0041701" BOX="295 986 484 1185" ELEMENT_TYPE="AdFrame" SEQ_NO="0" TOC_ENTRY_ID="45" DEPTH_LEVEL="1"/>
	</Entity>
	<Entity ENTITY_TYPE="Ad" FIRST_TOC_ENTRY_ID="44" INDEX_IN_DOC="46" DEPTH_LEVEL="1" ID="Ad00418" SIZE="Small" BOX="295 845 484 986" NEXT_SECTION="" PREV_SECTION="1" IMAGES_RESOLUTION="144" TOTAL_CHARS_COUNT="0" SUSPICIOUS_CHARS_COUNT="0" WORDCNT="39">
		<Name>Untitled Ad</Name>
		<Primitive ID="Ad0041800" BOX="295 845 484 986" ELEMENT_TYPE="Content" SEQ_NO="1" TOC_ENTRY_ID="44" DEPTH_LEVEL="1" E="N"/>
		<Primitive ID="Ad0041801" BOX="295 845 484 986" ELEMENT_TYPE="AdFrame" SEQ_NO="0" TOC_ENTRY_ID="44" DEPTH_LEVEL="1"/>
	</Entity>
	<Entity ENTITY_TYPE="Ad" FIRST_TOC_ENTRY_ID="39" INDEX_IN_DOC="41" DEPTH_LEVEL="1" ID="Ad00419" SIZE="Small" BOX="198 1288 295 1347" NEXT_SECTION="" PREV_SECTION="1" IMAGES_RESOLUTION="144" TOTAL_CHARS_COUNT="0" SUSPICIOUS_CHARS_COUNT="0" WORDCNT="19">
		<Name>Untitled Ad</Name>
		<Primitive ID="Ad0041900" BOX="198 1288 295 1347" ELEMENT_TYPE="Content" SEQ_NO="1" TOC_ENTRY_ID="39" DEPTH_LEVEL="1" E="N"/>
		<Primitive ID="Ad0041901" BOX="198 1288 295 1347" ELEMENT_TYPE="AdFrame" SEQ_NO="0" TOC_ENTRY_ID="39" DEPTH_LEVEL="1"/>
	</Entity>
	<Entity ENTITY_TYPE="Ad" FIRST_TOC_ENTRY_ID="38" INDEX_IN_DOC="40" DEPTH_LEVEL="1" ID="Ad00420" SIZE="Small" BOX="198 1128 295 1288" NEXT_SECTION="" PREV_SECTION="1" IMAGES_RESOLUTION="144" TOTAL_CHARS_COUNT="0" SUSPICIOUS_CHARS_COUNT="0" WORDCNT="59">
		<Name>Untitled Ad</Name>
		<Primitive ID="Ad0042000" BOX="198 1128 295 1288" ELEMENT_TYPE="Content" SEQ_NO="1" TOC_ENTRY_ID="38" DEPTH_LEVEL="1" E="N"/>
		<Primitive ID="Ad0042001" BOX="198 1128 295 1288" ELEMENT_TYPE="AdFrame" SEQ_NO="0" TOC_ENTRY_ID="38" DEPTH_LEVEL="1"/>
	</Entity>
	<Entity ENTITY_TYPE="Ad" FIRST_TOC_ENTRY_ID="37" INDEX_IN_DOC="39" DEPTH_LEVEL="1" ID="Ad00421" SIZE="Small" BOX="198 964 295 1128" NEXT_SECTION="" PREV_SECTION="1" IMAGES_RESOLUTION="144" TOTAL_CHARS_COUNT="0" SUSPICIOUS_CHARS_COUNT="0" WORDCNT="104">
		<Name>Untitled Ad</Name>
		<Primitive ID="Ad0042100" BOX="198 964 295 1128" ELEMENT_TYPE="Content" SEQ_NO="1" TOC_ENTRY_ID="37" DEPTH_LEVEL="1" E="N"/>
		<Primitive ID="Ad0042101" BOX="198 964 295 1128" ELEMENT_TYPE="AdFrame" SEQ_NO="0" TOC_ENTRY_ID="37" DEPTH_LEVEL="1"/>
	</Entity>
	<Entity ENTITY_TYPE="Ad" FIRST_TOC_ENTRY_ID="36" INDEX_IN_DOC="38" DEPTH_LEVEL="1" ID="Ad00422" SIZE="Small" BOX="198 805 295 964" NEXT_SECTION="" PREV_SECTION="1" IMAGES_RESOLUTION="144" TOTAL_CHARS_COUNT="0" SUSPICIOUS_CHARS_COUNT="0" WORDCNT="83">
		<Name>Untitled Ad</Name>
		<Primitive ID="Ad0042200" BOX="198 805 295 964" ELEMENT_TYPE="Content" SEQ_NO="1" TOC_ENTRY_ID="36" DEPTH_LEVEL="1" E="N"/>
		<Primitive ID="Ad0042201" BOX="198 805 295 964" ELEMENT_TYPE="AdFrame" SEQ_NO="0" TOC_ENTRY_ID="36" DEPTH_LEVEL="1"/>
	</Entity>
	<Entity ENTITY_TYPE="Ad" FIRST_TOC_ENTRY_ID="35" INDEX_IN_DOC="37" DEPTH_LEVEL="1" ID="Ad00423" SIZE="Small" BOX="198 693 295 805" NEXT_SECTION="" PREV_SECTION="1" IMAGES_RESOLUTION="144" TOTAL_CHARS_COUNT="0" SUSPICIOUS_CHARS_COUNT="0" WORDCNT="15">
		<Name>Untitled Ad</Name>
		<Primitive ID="Ad0042300" BOX="198 693 295 805" ELEMENT_TYPE="Content" SEQ_NO="1" TOC_ENTRY_ID="35" DEPTH_LEVEL="1" E="N"/>
		<Primitive ID="Ad0042301" BOX="198 693 295 805" ELEMENT_TYPE="AdFrame" SEQ_NO="0" TOC_ENTRY_ID="35" DEPTH_LEVEL="1"/>
	</Entity>
	<Entity ENTITY_TYPE="Ad" FIRST_TOC_ENTRY_ID="34" INDEX_IN_DOC="36" DEPTH_LEVEL="1" ID="Ad00424" SIZE="Small" BOX="198 529 295 693" NEXT_SECTION="" PREV_SECTION="1" IMAGES_RESOLUTION="144" TOTAL_CHARS_COUNT="0" SUSPICIOUS_CHARS_COUNT="0" WORDCNT="34">
		<Name>Untitled Ad</Name>
		<Primitive ID="Ad0042400" BOX="198 529 295 693" ELEMENT_TYPE="Content" SEQ_NO="1" TOC_ENTRY_ID="34" DEPTH_LEVEL="1" E="N"/>
		<Primitive ID="Ad0042401" BOX="198 529 295 693" ELEMENT_TYPE="AdFrame" SEQ_NO="0" TOC_ENTRY_ID="34" DEPTH_LEVEL="1"/>
	</Entity>
	<Entity ENTITY_TYPE="Ad" FIRST_TOC_ENTRY_ID="33" INDEX_IN_DOC="35" DEPTH_LEVEL="1" ID="Ad00425" SIZE="Small" BOX="198 339 295 529" NEXT_SECTION="" PREV_SECTION="1" IMAGES_RESOLUTION="144" TOTAL_CHARS_COUNT="0" SUSPICIOUS_CHARS_COUNT="0" WORDCNT="45">
		<Name>Untitled Ad</Name>
		<Primitive ID="Ad0042500" BOX="198 339 295 529" ELEMENT_TYPE="Content" SEQ_NO="1" TOC_ENTRY_ID="33" DEPTH_LEVEL="1" E="N"/>
		<Primitive ID="Ad0042501" BOX="198 339 295 529" ELEMENT_TYPE="AdFrame" SEQ_NO="0" TOC_ENTRY_ID="33" DEPTH_LEVEL="1"/>
	</Entity>
	<Entity ENTITY_TYPE="Ad" FIRST_TOC_ENTRY_ID="32" INDEX_IN_DOC="34" DEPTH_LEVEL="1" ID="Ad00426" SIZE="Small" BOX="198 194 295 339" NEXT_SECTION="" PREV_SECTION="1" IMAGES_RESOLUTION="144" TOTAL_CHARS_COUNT="0" SUSPICIOUS_CHARS_COUNT="0" WORDCNT="49">
		<Name>Untitled Ad</Name>
		<Primitive ID="Ad0042600" BOX="198 194 295 339" ELEMENT_TYPE="Content" SEQ_NO="1" TOC_ENTRY_ID="32" DEPTH_LEVEL="1" E="N"/>
		<Primitive ID="Ad0042601" BOX="198 194 295 339" ELEMENT_TYPE="AdFrame" SEQ_NO="0" TOC_ENTRY_ID="32" DEPTH_LEVEL="1"/>
	</Entity>
	<Entity ENTITY_TYPE="Ad" FIRST_TOC_ENTRY_ID="24" INDEX_IN_DOC="26" DEPTH_LEVEL="1" ID="Ad00427" SIZE="Small" BOX="5 257 198 327" NEXT_SECTION="" PREV_SECTION="1" IMAGES_RESOLUTION="144" TOTAL_CHARS_COUNT="0" SUSPICIOUS_CHARS_COUNT="0" WORDCNT="66">
		<Name>Untitled Ad</Name>
		<Primitive ID="Ad0042700" BOX="5 257 198 327" ELEMENT_TYPE="Content" SEQ_NO="1" TOC_ENTRY_ID="24" DEPTH_LEVEL="1" E="N"/>
		<Primitive ID="Ad0042701" BOX="5 257 198 327" ELEMENT_TYPE="AdFrame" SEQ_NO="0" TOC_ENTRY_ID="24" DEPTH_LEVEL="1"/>
	</Entity>
	<Entity ENTITY_TYPE="Ad" FIRST_TOC_ENTRY_ID="26" INDEX_IN_DOC="28" DEPTH_LEVEL="1" ID="Ad00428" SIZE="Small" BOX="5 467 198 577" NEXT_SECTION="" PREV_SECTION="1" IMAGES_RESOLUTION="144" TOTAL_CHARS_COUNT="0" SUSPICIOUS_CHARS_COUNT="0" WORDCNT="46">
		<Name>Untitled Ad</Name>
		<Primitive ID="Ad0042800" BOX="5 467 198 577" ELEMENT_TYPE="Content" SEQ_NO="1" TOC_ENTRY_ID="26" DEPTH_LEVEL="1" E="N"/>
		<Primitive ID="Ad0042801" BOX="5 467 198 577" ELEMENT_TYPE="AdFrame" SEQ_NO="0" TOC_ENTRY_ID="26" DEPTH_LEVEL="1"/>
	</Entity>
	<Entity ENTITY_TYPE="Ad" FIRST_TOC_ENTRY_ID="27" INDEX_IN_DOC="29" DEPTH_LEVEL="1" ID="Ad00429" SIZE="Small" BOX="5 577 198 889" NEXT_SECTION="" PREV_SECTION="1" IMAGES_RESOLUTION="144" TOTAL_CHARS_COUNT="0" SUSPICIOUS_CHARS_COUNT="0" WORDCNT="298">
		<Name>Untitled Ad</Name>
		<Primitive ID="Ad0042900" BOX="5 577 198 889" ELEMENT_TYPE="Content" SEQ_NO="1" TOC_ENTRY_ID="27" DEPTH_LEVEL="1" E="N"/>
		<Primitive ID="Ad0042901" BOX="5 577 198 889" ELEMENT_TYPE="AdFrame" SEQ_NO="0" TOC_ENTRY_ID="27" DEPTH_LEVEL="1"/>
	</Entity>
	<Entity ENTITY_TYPE="Ad" FIRST_TOC_ENTRY_ID="28" INDEX_IN_DOC="30" DEPTH_LEVEL="1" ID="Ad00430" SIZE="Small" BOX="5 889 198 1166" NEXT_SECTION="" PREV_SECTION="1" IMAGES_RESOLUTION="144" TOTAL_CHARS_COUNT="0" SUSPICIOUS_CHARS_COUNT="0" WORDCNT="201">
		<Name>Untitled Ad</Name>
		<Primitive ID="Ad0043000" BOX="5 889 198 1166" ELEMENT_TYPE="Content" SEQ_NO="1" TOC_ENTRY_ID="28" DEPTH_LEVEL="1" E="N"/>
		<Primitive ID="Ad0043001" BOX="5 889 198 1166" ELEMENT_TYPE="AdFrame" SEQ_NO="0" TOC_ENTRY_ID="28" DEPTH_LEVEL="1"/>
	</Entity>
	<Entity ENTITY_TYPE="Ad" FIRST_TOC_ENTRY_ID="29" INDEX_IN_DOC="31" DEPTH_LEVEL="1" ID="Ad00431" SIZE="Small" BOX="5 1166 198 1347" NEXT_SECTION="" PREV_SECTION="1" IMAGES_RESOLUTION="144" TOTAL_CHARS_COUNT="0" SUSPICIOUS_CHARS_COUNT="0" WORDCNT="150">
		<Name>Untitled Ad</Name>
		<Primitive ID="Ad0043100" BOX="5 1166 198 1347" ELEMENT_TYPE="Content" SEQ_NO="1" TOC_ENTRY_ID="29" DEPTH_LEVEL="1" E="N"/>
		<Primitive ID="Ad0043101" BOX="5 1166 198 1347" ELEMENT_TYPE="AdFrame" SEQ_NO="0" TOC_ENTRY_ID="29" DEPTH_LEVEL="1"/>
	</Entity>
	<Entity ENTITY_TYPE="Ad" FIRST_TOC_ENTRY_ID="68" INDEX_IN_DOC="70" DEPTH_LEVEL="1" ID="Ad00432" SIZE="Small" BOX="864 96 959 159" NEXT_SECTION="" PREV_SECTION="1" IMAGES_RESOLUTION="144" TOTAL_CHARS_COUNT="0" SUSPICIOUS_CHARS_COUNT="0" WORDCNT="40">
		<Name>Untitled Ad</Name>
		<Primitive ID="Ad0043200" BOX="864 96 959 159" ELEMENT_TYPE="Content" SEQ_NO="1" TOC_ENTRY_ID="68" DEPTH_LEVEL="1" E="N"/>
		<Primitive ID="Ad0043201" BOX="864 96 959 159" ELEMENT_TYPE="AdFrame" SEQ_NO="0" TOC_ENTRY_ID="68" DEPTH_LEVEL="1"/>
	</Entity>
	<Entity ENTITY_TYPE="Ad" FIRST_TOC_ENTRY_ID="56" INDEX_IN_DOC="58" DEPTH_LEVEL="1" ID="Ad00433" SIZE="Small" BOX="675 229 770 421" NEXT_SECTION="" PREV_SECTION="1" IMAGES_RESOLUTION="144" TOTAL_CHARS_COUNT="0" SUSPICIOUS_CHARS_COUNT="0" WORDCNT="101">
		<Name>Untitled Ad</Name>
		<Primitive ID="Ad0043300" BOX="675 229 770 421" ELEMENT_TYPE="Content" SEQ_NO="1" TOC_ENTRY_ID="56" DEPTH_LEVEL="1" E="N"/>
		<Primitive ID="Ad0043301" BOX="675 229 770 421" ELEMENT_TYPE="AdFrame" SEQ_NO="0" TOC_ENTRY_ID="56" DEPTH_LEVEL="1"/>
	</Entity>
	<Entity ENTITY_TYPE="Ad" FIRST_TOC_ENTRY_ID="63" INDEX_IN_DOC="65" DEPTH_LEVEL="1" ID="Ad00434" SIZE="Small" BOX="770 229 864 392" NEXT_SECTION="" PREV_SECTION="1" IMAGES_RESOLUTION="144" TOTAL_CHARS_COUNT="0" SUSPICIOUS_CHARS_COUNT="0" WORDCNT="87">
		<Name>Untitled Ad</Name>
		<Primitive ID="Ad0043400" BOX="770 229 864 392" ELEMENT_TYPE="Content" SEQ_NO="1" TOC_ENTRY_ID="63" DEPTH_LEVEL="1" E="N"/>
		<Primitive ID="Ad0043401" BOX="770 229 864 392" ELEMENT_TYPE="AdFrame" SEQ_NO="0" TOC_ENTRY_ID="63" DEPTH_LEVEL="1"/>
	</Entity>
	<Entity ENTITY_TYPE="Ad" FIRST_TOC_ENTRY_ID="62" INDEX_IN_DOC="64" DEPTH_LEVEL="1" ID="Ad00435" SIZE="Small" BOX="672 1189 768 1347" NEXT_SECTION="" PREV_SECTION="1" IMAGES_RESOLUTION="144" TOTAL_CHARS_COUNT="0" SUSPICIOUS_CHARS_COUNT="0" WORDCNT="96">
		<Name>Untitled Ad</Name>
		<Primitive ID="Ad0043500" BOX="672 1189 768 1347" ELEMENT_TYPE="Content" SEQ_NO="1" TOC_ENTRY_ID="62" DEPTH_LEVEL="1" E="N"/>
		<Primitive ID="Ad0043501" BOX="672 1189 768 1347" ELEMENT_TYPE="AdFrame" SEQ_NO="0" TOC_ENTRY_ID="62" DEPTH_LEVEL="1"/>
	</Entity>
	<Entity ENTITY_TYPE="Ad" FIRST_TOC_ENTRY_ID="61" INDEX_IN_DOC="63" DEPTH_LEVEL="1" ID="Ad00436" SIZE="Small" BOX="672 1069 768 1189" NEXT_SECTION="" PREV_SECTION="1" IMAGES_RESOLUTION="144" TOTAL_CHARS_COUNT="0" SUSPICIOUS_CHARS_COUNT="0" WORDCNT="70">
		<Name>Untitled Ad</Name>
		<Primitive ID="Ad0043600" BOX="672 1069 768 1189" ELEMENT_TYPE="Content" SEQ_NO="1" TOC_ENTRY_ID="61" DEPTH_LEVEL="1" E="N"/>
		<Primitive ID="Ad0043601" BOX="672 1069 768 1189" ELEMENT_TYPE="AdFrame" SEQ_NO="0" TOC_ENTRY_ID="61" DEPTH_LEVEL="1"/>
	</Entity>
	<Entity ENTITY_TYPE="Ad" FIRST_TOC_ENTRY_ID="60" INDEX_IN_DOC="62" DEPTH_LEVEL="1" ID="Ad00437" SIZE="Small" BOX="672 891 767 1069" NEXT_SECTION="" PREV_SECTION="1" IMAGES_RESOLUTION="144" TOTAL_CHARS_COUNT="0" SUSPICIOUS_CHARS_COUNT="0" WORDCNT="98">
		<Name>Untitled Ad</Name>
		<Primitive ID="Ad0043700" BOX="672 891 767 1069" ELEMENT_TYPE="Content" SEQ_NO="1" TOC_ENTRY_ID="60" DEPTH_LEVEL="1" E="N"/>
		<Primitive ID="Ad0043701" BOX="672 891 767 1069" ELEMENT_TYPE="AdFrame" SEQ_NO="0" TOC_ENTRY_ID="60" DEPTH_LEVEL="1"/>
	</Entity>
	<Entity ENTITY_TYPE="Ad" FIRST_TOC_ENTRY_ID="59" INDEX_IN_DOC="61" DEPTH_LEVEL="1" ID="Ad00438" SIZE="Small" BOX="675 756 767 891" NEXT_SECTION="" PREV_SECTION="1" IMAGES_RESOLUTION="144" TOTAL_CHARS_COUNT="0" SUSPICIOUS_CHARS_COUNT="0" WORDCNT="69">
		<Name>Untitled Ad</Name>
		<Primitive ID="Ad0043800" BOX="675 756 767 891" ELEMENT_TYPE="Content" SEQ_NO="1" TOC_ENTRY_ID="59" DEPTH_LEVEL="1" E="N"/>
		<Primitive ID="Ad0043801" BOX="675 756 767 891" ELEMENT_TYPE="AdFrame" SEQ_NO="0" TOC_ENTRY_ID="59" DEPTH_LEVEL="1"/>
	</Entity>
	<Entity ENTITY_TYPE="Ad" FIRST_TOC_ENTRY_ID="58" INDEX_IN_DOC="60" DEPTH_LEVEL="1" ID="Ad00439" SIZE="Small" BOX="675 581 770 756" NEXT_SECTION="" PREV_SECTION="1" IMAGES_RESOLUTION="144" TOTAL_CHARS_COUNT="0" SUSPICIOUS_CHARS_COUNT="0" WORDCNT="49">
		<Name>Untitled Ad</Name>
		<Primitive ID="Ad0043900" BOX="675 581 770 756" ELEMENT_TYPE="Content" SEQ_NO="1" TOC_ENTRY_ID="58" DEPTH_LEVEL="1" E="N"/>
		<Primitive ID="Ad0043901" BOX="675 581 770 756" ELEMENT_TYPE="AdFrame" SEQ_NO="0" TOC_ENTRY_ID="58" DEPTH_LEVEL="1"/>
	</Entity>
	<Entity ENTITY_TYPE="Ad" FIRST_TOC_ENTRY_ID="57" INDEX_IN_DOC="59" DEPTH_LEVEL="1" ID="Ad00440" SIZE="Small" BOX="675 421 770 581" NEXT_SECTION="" PREV_SECTION="1" IMAGES_RESOLUTION="144" TOTAL_CHARS_COUNT="0" SUSPICIOUS_CHARS_COUNT="0" WORDCNT="88">
		<Name>Untitled Ad</Name>
		<Primitive ID="Ad0044000" BOX="675 421 770 581" ELEMENT_TYPE="Content" SEQ_NO="1" TOC_ENTRY_ID="57" DEPTH_LEVEL="1" E="N"/>
		<Primitive ID="Ad0044001" BOX="675 421 770 581" ELEMENT_TYPE="AdFrame" SEQ_NO="0" TOC_ENTRY_ID="57" DEPTH_LEVEL="1"/>
	</Entity>
	<Entity ENTITY_TYPE="Ad" FIRST_TOC_ENTRY_ID="64" INDEX_IN_DOC="66" DEPTH_LEVEL="1" ID="Ad00441" SIZE="Small" BOX="770 392 868 589" NEXT_SECTION="" PREV_SECTION="1" IMAGES_RESOLUTION="144" TOTAL_CHARS_COUNT="0" SUSPICIOUS_CHARS_COUNT="0" WORDCNT="145">
		<Name>Untitled Ad</Name>
		<Primitive ID="Ad0044100" BOX="770 392 868 589" ELEMENT_TYPE="Content" SEQ_NO="1" TOC_ENTRY_ID="64" DEPTH_LEVEL="1" E="N"/>
		<Primitive ID="Ad0044101" BOX="770 392 868 589" ELEMENT_TYPE="AdFrame" SEQ_NO="0" TOC_ENTRY_ID="64" DEPTH_LEVEL="1"/>
	</Entity>
	<Entity ENTITY_TYPE="Ad" FIRST_TOC_ENTRY_ID="65" INDEX_IN_DOC="67" DEPTH_LEVEL="1" ID="Ad00442" SIZE="Small" BOX="770 589 868 729" NEXT_SECTION="" PREV_SECTION="1" IMAGES_RESOLUTION="144" TOTAL_CHARS_COUNT="0" SUSPICIOUS_CHARS_COUNT="0" WORDCNT="76">
		<Name>Untitled Ad</Name>
		<Primitive ID="Ad0044200" BOX="770 589 868 729" ELEMENT_TYPE="Content" SEQ_NO="1" TOC_ENTRY_ID="65" DEPTH_LEVEL="1" E="N"/>
		<Primitive ID="Ad0044201" BOX="770 589 868 729" ELEMENT_TYPE="AdFrame" SEQ_NO="0" TOC_ENTRY_ID="65" DEPTH_LEVEL="1"/>
	</Entity>
	<Entity ENTITY_TYPE="Ad" FIRST_TOC_ENTRY_ID="66" INDEX_IN_DOC="68" DEPTH_LEVEL="1" ID="Ad00443" SIZE="Small" BOX="770 729 868 869" NEXT_SECTION="" PREV_SECTION="1" IMAGES_RESOLUTION="144" TOTAL_CHARS_COUNT="0" SUSPICIOUS_CHARS_COUNT="0" WORDCNT="88">
		<Name>Untitled Ad</Name>
		<Primitive ID="Ad0044300" BOX="770 729 868 869" ELEMENT_TYPE="Content" SEQ_NO="1" TOC_ENTRY_ID="66" DEPTH_LEVEL="1" E="N"/>
		<Primitive ID="Ad0044301" BOX="770 729 868 869" ELEMENT_TYPE="AdFrame" SEQ_NO="0" TOC_ENTRY_ID="66" DEPTH_LEVEL="1"/>
	</Entity>
	<Entity ENTITY_TYPE="Ad" FIRST_TOC_ENTRY_ID="67" INDEX_IN_DOC="69" DEPTH_LEVEL="1" ID="Ad00444" SIZE="Small" BOX="767 869 868 1027" NEXT_SECTION="" PREV_SECTION="1" IMAGES_RESOLUTION="144" TOTAL_CHARS_COUNT="0" SUSPICIOUS_CHARS_COUNT="0" WORDCNT="118">
		<Name>Untitled Ad</Name>
		<Primitive ID="Ad0044400" BOX="767 869 868 1027" ELEMENT_TYPE="Content" SEQ_NO="1" TOC_ENTRY_ID="67" DEPTH_LEVEL="1" E="N"/>
		<Primitive ID="Ad0044401" BOX="767 869 868 1027" ELEMENT_TYPE="AdFrame" SEQ_NO="0" TOC_ENTRY_ID="67" DEPTH_LEVEL="1"/>
	</Entity>
	<Entity ENTITY_TYPE="Ad" FIRST_TOC_ENTRY_ID="72" INDEX_IN_DOC="74" DEPTH_LEVEL="1" ID="Ad00445" SIZE="Small" BOX="768 1027 959 1347" NEXT_SECTION="" PREV_SECTION="1" IMAGES_RESOLUTION="144" TOTAL_CHARS_COUNT="0" SUSPICIOUS_CHARS_COUNT="0" WORDCNT="297">
		<Name>Untitled Ad</Name>
		<Primitive ID="Ad0044500" BOX="768 1027 959 1347" ELEMENT_TYPE="Content" SEQ_NO="1" TOC_ENTRY_ID="72" DEPTH_LEVEL="1" E="N"/>
		<Primitive ID="Ad0044501" BOX="768 1027 959 1347" ELEMENT_TYPE="AdFrame" SEQ_NO="0" TOC_ENTRY_ID="72" DEPTH_LEVEL="1"/>
	</Entity>
	<Entity ENTITY_TYPE="Ad" FIRST_TOC_ENTRY_ID="71" INDEX_IN_DOC="73" DEPTH_LEVEL="1" ID="Ad00446" SIZE="Small" BOX="868 771 959 1027" NEXT_SECTION="" PREV_SECTION="1" IMAGES_RESOLUTION="144" TOTAL_CHARS_COUNT="0" SUSPICIOUS_CHARS_COUNT="0" WORDCNT="162">
		<Name>Untitled Ad</Name>
		<Primitive ID="Ad0044600" BOX="868 771 959 1027" ELEMENT_TYPE="Content" SEQ_NO="1" TOC_ENTRY_ID="71" DEPTH_LEVEL="1" E="N"/>
		<Primitive ID="Ad0044601" BOX="868 771 959 1027" ELEMENT_TYPE="AdFrame" SEQ_NO="0" TOC_ENTRY_ID="71" DEPTH_LEVEL="1"/>
	</Entity>
	<Entity ENTITY_TYPE="Ad" FIRST_TOC_ENTRY_ID="70" INDEX_IN_DOC="72" DEPTH_LEVEL="1" ID="Ad00447" SIZE="Small" BOX="868 321 959 771" NEXT_SECTION="" PREV_SECTION="1" IMAGES_RESOLUTION="144" TOTAL_CHARS_COUNT="0" SUSPICIOUS_CHARS_COUNT="0" WORDCNT="314">
		<Name>Untitled Ad</Name>
		<Primitive ID="Ad0044700" BOX="868 321 959 771" ELEMENT_TYPE="Content" SEQ_NO="1" TOC_ENTRY_ID="70" DEPTH_LEVEL="1" E="N"/>
		<Primitive ID="Ad0044701" BOX="868 321 959 771" ELEMENT_TYPE="AdFrame" SEQ_NO="0" TOC_ENTRY_ID="70" DEPTH_LEVEL="1"/>
	</Entity>
	<Entity ENTITY_TYPE="Ad" FIRST_TOC_ENTRY_ID="69" INDEX_IN_DOC="71" DEPTH_LEVEL="1" ID="Ad00448" SIZE="Small" BOX="864 159 959 321" NEXT_SECTION="" PREV_SECTION="1" IMAGES_RESOLUTION="144" TOTAL_CHARS_COUNT="0" SUSPICIOUS_CHARS_COUNT="0" WORDCNT="78">
		<Name>Untitled Ad</Name>
		<Primitive ID="Ad0044800" BOX="864 159 959 321" ELEMENT_TYPE="Content" SEQ_NO="1" TOC_ENTRY_ID="69" DEPTH_LEVEL="1" E="N"/>
		<Primitive ID="Ad0044801" BOX="864 159 959 321" ELEMENT_TYPE="AdFrame" SEQ_NO="0" TOC_ENTRY_ID="69" DEPTH_LEVEL="1"/>
	</Entity>
	<Entity ENTITY_TYPE="Ad" FIRST_TOC_ENTRY_ID="25" INDEX_IN_DOC="27" DEPTH_LEVEL="1" ID="Ad00449" SIZE="Small" BOX="5 327 198 467" NEXT_SECTION="" PREV_SECTION="1" IMAGES_RESOLUTION="144" TOTAL_CHARS_COUNT="0" SUSPICIOUS_CHARS_COUNT="0" WORDCNT="131">
		<Name>Untitled Ad</Name>
		<Primitive ID="Ad0044900" BOX="5 327 198 467" ELEMENT_TYPE="Content" SEQ_NO="1" TOC_ENTRY_ID="25" DEPTH_LEVEL="1" E="N"/>
		<Primitive ID="Ad0044901" BOX="5 327 198 467" ELEMENT_TYPE="AdFrame" SEQ_NO="0" TOC_ENTRY_ID="25" DEPTH_LEVEL="1"/>
	</Entity>
	<Entity ENTITY_TYPE="Ad" FIRST_TOC_ENTRY_ID="23" INDEX_IN_DOC="25" DEPTH_LEVEL="1" ID="Ad00450" SIZE="Small" BOX="5 135 198 257" NEXT_SECTION="" PREV_SECTION="1" IMAGES_RESOLUTION="144" TOTAL_CHARS_COUNT="0" SUSPICIOUS_CHARS_COUNT="0" WORDCNT="48">
		<Name>Untitled Ad</Name>
		<Primitive ID="Ad0045000" BOX="5 135 198 257" ELEMENT_TYPE="Content" SEQ_NO="1" TOC_ENTRY_ID="23" DEPTH_LEVEL="1" E="N"/>
		<Primitive ID="Ad0045001" BOX="5 135 198 257" ELEMENT_TYPE="AdFrame" SEQ_NO="0" TOC_ENTRY_ID="23" DEPTH_LEVEL="1"/>
	</Entity>
</XMD-PAGE>
