,Collection name,Journal Name,Start Year (in Scriptorium),End Year (in Scriptorium),Number of issues,"@TeamHistory, please express your interest 👇",Data Category for Data Sharing Agreement,Data Acquisition Batch,Data Transfer Batch (what has been transfered with hard disk),Extension of mit file,Impresso 1,Formula (if title in B was already in previous sheet),Question/Notes
1,24 Heures / FAL,24 Heures,1972,2012,12342,high,Category 3 - no agreement,Batch 2 – partly public,To add later,,2,No,
222,Revues UNIL,Allez savoir!,1994,2023,85,medium,Category 1.5 - Orphan,Batch 3 – restricted,Bath 4 (08/25),,,No,
20,Journaux satiriques vaudois,Almanach Balthasar,1922,1926,4,medium,Category 1.5 - Orphan,Batch 3 – restricted,Batch 3 (12/24),,3,Almanach Balthasar,
21,Journaux satiriques vaudois,Almanach de Chalamala,1911,1919,5,medium,Category 1.5 - Orphan,Batch 3 – restricted,Batch 3 (12/24),,4,No,Dans la liste précédente: Almanach de Chalamanda? Il y avait une erreur à l'époque
5,Almanachs vaudois,Almanach de Lausanne,1674,1911,121,medium,Category 1.5 - Orphan,Batch 1.5,Not to include,,,No,
8,Annuaire vaudois,Almanach pour le commerce,1832,1832,1,medium,Category 1– public domain,Batch 1 – public domain,Batch 1 (21/12/23),XML (needs API),,No,
2,24 Heures / FAL,Annonces et avis divers,1762,1764,12,no interest,no interest,no interest,Not to include,,2?,No,
9,Annuaire vaudois,Annuaire et indicateur vaudois,1951,1979,13,high,Category 1.5 - Orphan,Batch 3 – restricted,Not to include,,,No,
10,Annuaire vaudois,Annuaire vaudois,1990,1998,7,high,Category 1.5 - Orphan,Batch 3 – restricted,Not to include,,,No,
22,Journaux satiriques vaudois,Arrêtez-les tous !,1972,1972,1,medium,Category 1.5 - Orphan,Batch 3 – restricted,Batch 3 (12/24),,,No,
91,"Presse de la Broye, du Jorat et du Gros-de-Vaud",Aux quatre coins du Mont,1974,2022,282,medium,Category 2 - existing agreement,Batch 3 – restricted,Bath 4 (08/25),,,No,
226,Presse religieuse,Bonne nouvelle,2000,2016,158,medium,Category 2 - existing agreement,Batch 3 – restricted,Bath 4 (08/25),,,No,
14,Bulletins du Grand Conseil,Bulletins du Grand Conseil,1829,2020,619,high,Category 1 – public domain,Batch 1 – public domain,Batch 2 (26/02/24),,,No,"Théophile: J'ai changé le statut en ""public domain"" parce qu'il s'agit de documents officiels qui ne sont pas protégés par la loi. Ceci dit, ce n'est pas une collection de presse dans un sens strict."
23,Journaux satiriques vaudois,Castigat ridendo mores,1879,1880,6,medium,Category 1– public domain,Batch 1 – public domain,Batch 1 (21/12/23),XML (needs API),5,Castigat ridendo mores,
24,Journaux satiriques vaudois,Chut,1977,1977,10,medium,Category 1.5 - Orphan,Batch 3 – restricted,Batch 3 (12/24),,,No,
92,"Presse de la Broye, du Jorat et du Gros-de-Vaud",Clin d'Oeil,1984,2019,347,medium,Category 2 - existing agreement,Batch 3 – restricted,Bath 4 (08/25),,,No,
114,Presse de la Côte vaudoise,Confiance,1949,1951,4,medium,Category 1.5 - Orphan,Batch 3 – restricted,Batch 3 (12/24),,,No,
115,Presse de la Côte vaudoise,Courrier de la Côte,1864,1968,15824,high,Category 2 - existing agreement,Batch 2 – partly public,Bath 4 (08/25),,,No,
187,Presse du Nord vaudois,Courrier de la Montagne,1912,1917,472,medium,Category 1.5 - Orphan,Batch 1.5,Batch 3 (12/24),,,No,
150,Presse de l'Est vaudois,Courrier de Leysin,1924,1972,4821,medium,Category 1.5 - Orphan,Batch 3 – restricted,Batch 3 (12/24),,,No,
151,Presse de l'Est vaudois,Courrier de Vevey,1907,1939,4699,medium,Category 1.5 - Orphan,Batch 3 – restricted,Batch 3 (12/24),,6,Courrier de Vevey,
152,Presse de l'Est vaudois,Courrier du Léman,1882,1886,445,medium,Category 1– public domain,Batch 1 – public domain,Batch 1 (21/12/23),JSON (not API),46,No,
227,Presse religieuse,Croire / Ensemble,1981,2000,200,medium,Category 2 - existing agreement,Batch 3 – restricted,Bath 4 (08/25),,,No,
25,Journaux satiriques vaudois,Croquis vaudois,1884,1887,55,medium,Category 1– public domain,Batch 1 – public domain,Batch 1 (21/12/23),XML (needs API),7,Croquis vaudois,
203,Presse socialiste,Domaine public,1963,2021,2345,high,Category 2 - existing agreement,Batch 3 – restricted,Bath 4 (08/25),,,No,
153,Presse de l'Est vaudois,Echo de la Montagne,1896,1992,11505,high,Category 2 - existing agreement,Batch 2 – partly public,Bath 4 (08/25),,,No,
116,Presse de la Côte vaudoise,Echo du Petit-Lac/Rive droite Rive gauche,1946,1990,2171,medium,Category 2 - existing agreement,Batch 3 – restricted,Bath 4 (08/25),,,No,
76,Magazines illustrés vaudois,En famille - Je vois tout,1926,1953,1449,medium,Category 3 - no agreement,Batch 3 – restricted,To add later,,,No,
6,Almanachs vaudois,Etrennes helvetiennes,1783,1820,38,no interest,no interest,no interest,Not to include,,,No,
188,Presse du Nord vaudois,FAY / Journal d'Yverdon / Nord VD / Presse nord VD,1776,2005,33607,high,Category 2 - existing agreement,Batch 2 – partly public,To add later,,,No,
154,Presse de l'Est vaudois,Feuille d'avis d'Aigle,1882,1972,12427,high,Category 1.5 - Orphan,Batch 2 – partly public,Batch 3 (12/24),,,No,
93,"Presse de la Broye, du Jorat et du Gros-de-Vaud",Feuille d'avis d'Avenches,1882,2010,12854,medium,Category 1.5 - Orphan,Batch 2 – partly public,Batch 3 (12/24),,,No,
190,Presse du Nord vaudois,Feuille d'avis d'Orbe,1906,2003,8916,high,Category 1.5 - Orphan,Batch 3 – restricted,Batch 3 (12/24),,,No,
117,Presse de la Côte vaudoise,Feuille d'avis de Bière 1,1891,1910,38,medium,Category 2 - existing agreement,Batch 2 - existing agreement,Bath 4 (08/25),,,No,
118,Presse de la Côte vaudoise,Feuille d'avis de Bière 2,1908,1987,4041,medium,Category 2 - existing agreement,Batch 3 – restricted,Bath 4 (08/25),,,No,
191,Presse du Nord vaudois,Feuille d'avis de Grandson,1911,1918,271,medium,Category 1.5 - Orphan,Batch 3 – restricted,Batch 3 (12/24),,,No,
122,Presse de la Côte vaudoise,Feuille d'avis de la Côte,1898,1943,1309,medium,Category 1.5 - Orphan,Batch 3 – restricted,Batch 3 (12/24),,,No,
147,Presse de la Vallée de Joux,Feuille d'avis de la Vallée de Joux,1838,2017,7328,high,Category 3 - no agreement,Batch 2 – partly public,To add later,,8,Feuille d'avis de la Vallée de Joux,
3,24 Heures / FAL,Feuille d'Avis de Lausanne,1779,1972,35772,high,Category 3 - no agreement,Batch 2 – partly public,To add later,,2?,No,
155,Presse de l'Est vaudois,Feuille d'avis de Montreux,1867,1935,14673,medium,Category 1.5 - Orphan,Batch 2 – partly public,Batch 3 (12/24),,,No,
119,Presse de la Côte vaudoise,Feuille d'avis de Morges 1,1854,1854,3,medium,Category 1– public domain,Batch 1 – public domain,Batch 2 (26/02/24),,,No,
120,Presse de la Côte vaudoise,Feuille d'avis de Morges 2 / L'Ami de Morges,1861,1972,7832,medium,Category 1.5 - Orphan,Batch 2 – partly public,Batch 3 (12/24),,,No,
94,"Presse de la Broye, du Jorat et du Gros-de-Vaud",Feuille d'avis de Moudon,1859,1859,2,medium,Category 1– public domain,Batch 1 – public domain,Batch 1 (21/12/23),JSON (not API),,No,
121,Presse de la Côte vaudoise,Feuille d'avis de Nyon,1849,1867,86,medium,Category 1– public domain,Batch 1 – public domain,Batch 1 (21/12/23),JSON (not API),,No,
95,"Presse de la Broye, du Jorat et du Gros-de-Vaud",Feuille d'avis de Payerne,1843,1845,2,medium,Category 1– public domain,Batch 1 – public domain,Batch 1 (21/12/23),No OCR XML files,,No,
96,"Presse de la Broye, du Jorat et du Gros-de-Vaud","Feuille d'avis de Payerne, Moudon et Avenches",1852,1852,1,medium,Category 1– public domain,Batch 1 – public domain,Batch 1 (21/12/23),No OCR XML files,,No,
189,Presse du Nord vaudois,Feuille d'avis de Sainte-Croix,1852,1988,11841,high,Category 1.5 - Orphan,Batch 2 – partly public,Batch 3 (12/24),,9,Feuille d'avis de Sainte-Croix,
192,Presse du Nord vaudois,Feuille d'avis de Vallorbe,1904,2019,9636,high,Category 2 - existing agreement,Batch 3 – restricted,Bath 4 (08/25),,,No,
156,Presse de l'Est vaudois,Feuille d'avis de Vevey 1,1784,1826,34,high,Category 1– public domain,Batch 1 – public domain,Batch 2 (26/02/24),,10,No,
157,Presse de l'Est vaudois,Feuille d'avis de Vevey 2,1846,1992,35001,high,Category 3 - no agreement,Batch 2 – partly public,To add later,,,No,
97,"Presse de la Broye, du Jorat et du Gros-de-Vaud",Feuille d'avis des cercles de Lucens et Granges,1907,1999,4635,medium,Category 1.5 - Orphan,Batch 3 – restricted,Batch 3 (12/24),,,No,
4,24 Heures / FAL,Feuille périodique,1766,1772,12,no interest,no interest,no interest,Not to include,,2?,No,
193,Presse du Nord vaudois,Gazette des Villages,1867,1868,43,medium,Category 1– public domain,Batch 1 – public domain,Batch 1 (21/12/23),JSON (not API),,No,
123,Presse de la Côte vaudoise,Gland - Bulletin d'information municipal,1990,1996,10,medium,Category 1.5 - Orphan,Batch 3 – restricted,Batch 3 (12/24),,,No,
124,Presse de la Côte vaudoise,Gland Eco/Gland Cité,1986,2017,156,medium,Category 1.5 - Orphan,Batch 3 – restricted,Batch 3 (12/24),,,No,
26,Journaux satiriques vaudois,Gribouille et Redzipet,1904,1911,320,medium,Category 1.5 - Orphan,Batch 1.5,Batch 3 (12/24),,12,Gribouille et Redzipet,
148,Presse de la Vallée de Joux,"HJ, le magazine franco-suisse",1994,2002,16,medium,Category 3 - no agreement,Batch 3 – restricted,To add later,,,No,
11,Annuaire vaudois,Indicateur de Lausanne,1880,1886,3,medium,Category 1– public domain,Batch 1 – public domain,Batch 1 (21/12/23),XML (needs API),,No,
12,Annuaire vaudois,Indicateur vaudois,1895,1923,14,medium,Category 1.5 - Orphan,Batch 2 – partly public,Not to include,,,No,
125,Presse de la Côte vaudoise,Journal - Feuille d'avis de Coppet,1912,1923,1546,medium,Category 1.5 - Orphan,Batch 3 – restricted,Batch 3 (12/24),,,No,
126,Presse de la Côte vaudoise,Journal d'Aubonne,1897,1966,6908,high,Category 2 - existing agreement,Batch 2 – partly public,Bath 4 (08/25),,,No,
194,Presse du Nord vaudois,Journal d'Yverdon 2,1842,1843,63,medium,Category 1– public domain,Batch 1 – public domain,Batch 1 (21/12/23),JSON (not API),,No,
158,Presse de l'Est vaudois,Journal de Bex,1899,1993,11375,medium,Category 2 - existing agreement,Batch 3 – restricted,Bath 4 (08/25),,,No,
127,Presse de la Côte vaudoise,Journal de Bussigny,1962,1999,1827,medium,Category 2 - existing agreement,Batch 3 – restricted,Bath 4 (08/25),,,No,
159,Presse de l'Est vaudois,Journal de Chateau -d'Oex,1881,1989,9326,high,Category 1.5 - Orphan,Batch 2 – partly public,Batch 3 (12/24),,,No,
128,Presse de la Côte vaudoise,Journal de Cossonay,1899,2017,4954,medium,Category 2 - existing agreement,Batch 3 – restricted,Bath 4 (08/25),,,No,
132,Presse de la Côte vaudoise,Journal de l'Isle,1946,1947,48,medium,Category 1.5 - Orphan,Batch 3 – restricted,Batch 3 (12/24),,,No,
133,Presse de la Côte vaudoise,Journal de la Sarraz,1942,1947,408,medium,Category 1.5 - Orphan,Batch 3 – restricted,Batch 3 (12/24),,,No,
160,Presse de l'Est vaudois,Journal de Leysin,1902,1939,1909,medium,Category 1.5 - Orphan,Batch 3 – restricted,Batch 3 (12/24),,,No,
161,Presse de l'Est vaudois,Journal de Montreux,1936,1972,10929,high,Category 1.5 - Orphan,Batch 3 – restricted,Batch 3 (12/24),,,No,
129,Presse de la Côte vaudoise,Journal de Morges,1899,2017,12039,high,Category 2 - existing agreement,Batch 3 – restricted,Bath 4 (08/25),,,No,
98,"Presse de la Broye, du Jorat et du Gros-de-Vaud",Journal de Moudon,1962,2021,3279,medium,Category 2 - existing agreement,Batch 3 – restricted,Bath 4 (08/25),,,No,
130,Presse de la Côte vaudoise,Journal de Nyon,1892,1987,14305,high,Category 2 - existing agreement,Batch 2 – partly public,Bath 4 (08/25),,,No,
99,"Presse de la Broye, du Jorat et du Gros-de-Vaud",Journal de Payerne,1891,2002,11283,high,Category 1.5 - Orphan,Batch 2 – partly public,Bath 4 (08/25),,,No,
100,"Presse de la Broye, du Jorat et du Gros-de-Vaud",Journal de Prilly,1998,2000,24,medium,Category 2 - existing agreement,Batch 3 – restricted,Bath 4 (08/25),,,No,
162,Presse de l'Est vaudois,Journal de Pully,1930,1995,3225,high,Category 1.5 - Orphan,Batch 3 – restricted,Batch 3 (12/24),,,No,
131,Presse de la Côte vaudoise,Journal de Rolle,1900,1987,9490,high,Category 2 - existing agreement,Batch 3 – restricted,Bath 4 (08/25),,,No,
195,Presse du Nord vaudois,Journal de Sainte-Croix et environs,1988,2015,2503,high,Category 3 - no agreement,Batch 3 – restricted,To add later,,13,No,
196,Presse du Nord vaudois,Journal de Vallorbe,1899,1900,100,medium,Category 1.5 - Orphan,Batch 1.5,Bath 4 (08/25),,,No,
163,Presse de l'Est vaudois,Journal de Vevey,1865,1882,2663,high,Category 1– public domain,Batch 1 – public domain,Batch 1 (21/12/23),JSON (not API),14,Journal de Vevey,
164,Presse de l'Est vaudois,Journal de Vevey et des étrangers,1891,1894,900,medium,Category 1– public domain,Batch 1 – public domain,Batch 1 (21/12/23),JSON (not API),52,No,
101,"Presse de la Broye, du Jorat et du Gros-de-Vaud",Journal des Brandons de Moudon,1976,2022,30,medium,,Batch 3 – restricted,Batch 3 (12/24),,,No,
102,"Presse de la Broye, du Jorat et du Gros-de-Vaud",Journal des Brandons de Payerne,1895,2020,112,medium,Category 1.5 - Orphan,Batch 2 – partly public,Bath 4 (08/25),,,No,
165,Presse de l'Est vaudois,Journal du Chablais,1993,2004,1131,medium,Category 2 - existing agreement,Batch 3 – restricted,Bath 4 (08/25),,,No,
103,"Presse de la Broye, du Jorat et du Gros-de-Vaud",Journal du district d'Avenches,1890,1899,1019,medium,Category 1.5 - Orphan,Batch 1.5,Batch 3 (12/24),,,No,
166,Presse de l'Est vaudois,Journal du Pays d'Enhaut,1989,2018,1544,medium,Category 2 - existing agreement,Batch 3 – restricted,Bath 4 (08/25),,,No,
167,Presse de l'Est vaudois,Journal et liste des étrangers de Montreux,1892,1939,2052,medium,Category 1.5 - Orphan,Batch 2 – partly public,Batch 3 (12/24),,,No,
17,Gazettes suisses du 18e s.,Journal helvétique,1738,1782,533,high,Category 1– public domain,Batch 1 – public domain,Batch 1 (21/12/23),XML (needs API),,No,
168,Presse de l'Est vaudois,Journal officiel de Vevey,1932,1935,203,medium,Category 1.5 - Orphan,Batch 3 – restricted,Batch 3 (12/24),,15,No,
87,Nouvelliste vaudois,L'ami de la vérité: journal du Canton de Vaud,1822,1823,81,high,Category 1– public domain,Batch 1 – public domain,Batch 1 (21/12/23),XML (needs API),16,L'ami de la vérité: journal du Canton de Vaud,
59,Journaux satiriques vaudois,L'Arbalète,1916,1917,34,high,Category 1.5 - Orphan,Batch 1.5,Batch 3 (12/24),,21,L'Arbalète,
68,Lausanne-plaisirs / L'Artistique,L'artistique,1924,1928,136,no interest,no interest,no interest,Not to include,,17,L'artistique,
169,Presse de l'Est vaudois,L'Avenir de Vevey,1898,1900,57,medium,Category 1.5 - Orphan,Batch 1.5,Bath 4 (08/25),,22,L'Avenir de Vevey,
228,Presse religieuse,L'Echo,1910,2004,4021,high,Category 2 - existing agreement,Batch 3 – restricted,Bath 4 (08/25),,,No,
104,"Presse de la Broye, du Jorat et du Gros-de-Vaud",L'Echo de la Broye,1871,1961,9035,medium,Category 1.5 - Orphan,Batch 2 – partly public,Bath 4 (08/25),,,No,
134,Presse de la Côte vaudoise,L'Echo de Morges,1883,1892,138,medium,Category 1– public domain,Batch 1 – public domain,Batch 2 (26/02/24),,,No,
105,"Presse de la Broye, du Jorat et du Gros-de-Vaud",L'Echo du Gros-de-Vaud,1938,2019,3594,medium,Category 2 - existing agreement,Batch 3 – restricted,Bath 4 (08/25),,,No,
170,Presse de l'Est vaudois,L'Echo du Rhône,1878,1905,544,medium,Category 1.5 - Orphan,Batch 1.5,Batch 3 (12/24),,,No,
135,Presse de la Côte vaudoise,L'Echo rollois,1990,2015,1186,medium,Category 2 - existing agreement,Batch 3 – restricted,Bath 4 (08/25),,,No,
171,Presse de l'Est vaudois,L'Est vaudois / La presse Riviera-Chablais,1972,2005,9991,high,Category 3 - no agreement,Batch 3 – restricted,To add later,,,No,
69,Le Matin - Tribune de Lausanne,L'Estafette: Journal suisse,1862,1895,10066,medium,Category 1– public domain,Batch 1 – public domain,Batch 2 (26/02/24),,18,No,oui
60,Journaux satiriques vaudois,L’Éternité,1994,1994,20,medium,Category 1.5 - Orphan,Batch 3 – restricted,Batch 3 (12/24),,,No,
204,Presse socialiste,L'Etincelle,1964,1969,32,high,Category 1.5 - Orphan,Batch 3 – restricted,Batch 3 (12/24),,,No,
106,"Presse de la Broye, du Jorat et du Gros-de-Vaud",L'Eveil,1888,1961,7263,medium,Category 1.5 - Orphan,Batch 2 – partly public,Bath 4 (08/25),,,No,
80,Magazines illustrés vaudois,L'Hebdo,1981,2017,1820,high,Category 3 - no agreement,Batch 3 – restricted,To add later,,19,L'Hebdo,
81,Magazines illustrés vaudois,L'Illustré,1921,2006,4424,high,Category 3 - no agreement,Batch 3 – restricted,To add later,,20,L'Illustré,
172,Presse de l'Est vaudois,L'Observateur du Léman,1865,1865,5,medium,Category 1– public domain,Batch 1 – public domain,Batch 1 (21/12/23),JSON (not API),23,L'Observateur du Léman,
197,Presse du Nord vaudois,L'Omnibus,2005,2021,791,medium,Category 2 - existing agreement,Batch 3 – restricted,Bath 4 (08/25),,,No,
27,Journaux satiriques vaudois,La Bombe,1889,1889,2,medium,Category 1– public domain,Batch 1 – public domain,Batch 1 (21/12/23),XML (needs API),24,La Bombe,
107,"Presse de la Broye, du Jorat et du Gros-de-Vaud",La Broye / Broye Hebdo,1998,2019,1261,medium,Category 2 - existing agreement,Batch 3 – restricted,Bath 4 (08/25),,,No,
28,Journaux satiriques vaudois,La Cancoire,1898,1898,34,medium,Category 1– public domain,Batch 1 – public domain,Batch 1 (21/12/23),XML (needs API),25,La Cancoire,
136,Presse de la Côte vaudoise,La Côte,1987,2017,7653,high,Category 2 - existing agreement,Batch 3 – restricted,Bath 4 (08/25),,,No,
29,Journaux satiriques vaudois,La Crécelle,1920,1921,5,medium,Category 1.5 - Orphan,Batch 3 – restricted,Batch 3 (12/24),,26,La Crécelle,
38,Journaux satiriques vaudois,La détonation,1985,1986,2,medium,Category 1.5 - Orphan,Batch 3 – restricted,Batch 3 (12/24),,,No,
207,Presse socialiste,La Droit du Peuple,1917,1940,6436,high,Category 3 - no agreement,Batch 3 – restricted,To add later,,47,No,
30,Journaux satiriques vaudois,La Fronde,1872,1872,28,medium,Category 1– public domain,Batch 1 – public domain,Batch 1 (21/12/23),XML (needs API),27,La Fronde,
31,Journaux satiriques vaudois,La Fronde de Lausanne,1908,1908,1,medium,Category 1.5 - Orphan,Batch 1.5,Batch 3 (12/24),,28,La Fronde de Lausanne,
32,Journaux satiriques vaudois,La Griffe,1864,1866,91,medium,Category 1– public domain,Batch 1 – public domain,Batch 1 (21/12/23),XML (needs API),29,La Griffe,
33,Journaux satiriques vaudois,La Guêpe [1],1851,1854,75,medium,Category 1– public domain,Batch 1 – public domain,Batch 1 (21/12/23),XML (needs API),30,La Guêpe [1],
34,Journaux satiriques vaudois,La Guêpe [2],1887,1897,3,medium,Category 1– public domain,Batch 1 – public domain,Batch 1 (21/12/23),XML (needs API),31,La Guêpe [2],
35,Journaux satiriques vaudois,La Lanterne de Pétollion,1887,1887,1,medium,Category 1 – public domain,Batch 1 – public domain,Not to include,,32,La Lanterne de Pétollion,
36,Journaux satiriques vaudois,La Marge,1973,1973,2,medium,Category 1.5 - Orphan,Batch 3 – restricted,Batch 3 (12/24),,,No,
137,Presse de la Côte vaudoise,La Mouette,1948,1948,10,medium,Category 1.5 - Orphan,Batch 3 – restricted,Batch 3 (12/24),,,No,
65,La Nation,La Nation,1931,2020,2164,high,Category 2 - existing agreement,Batch 3 – restricted,Bath 4 (08/25),,,No,
211,Revue de Lausanne,La Petite revue,1938,1946,873,high,,Batch 3 – restricted,Batch 3 (12/24),,72?,No,
37,Journaux satiriques vaudois,La Pomme,1969,1973,27,medium,Category 1.5 - Orphan,Batch 3 – restricted,Batch 3 (12/24),,,No,
198,Presse du Nord vaudois,La Région Nord vaudois,2006,2016,1905,medium,Category 3 - no agreement,Batch 3 – restricted,To add later,,34,La Région Nord vaudois,
212,Revue de Lausanne,La Revue,1868,1946,22815,high,,Batch 2 – partly public,To add later,,72?,No,
213,Revue de Lausanne,La Revue agricole,1891,1898,213,high,Category 1– public domain,Batch 1 – public domain,Batch 1 (21/12/23),XML (needs API),72?,No,
214,Revue de Lausanne,La Revue de Lausanne,1946,1946,200,high,,Batch 3 – restricted,Batch 3 (12/24),,72,No,
215,Revue de Lausanne,La Revue dimanche,1941,1946,1935,high,,Batch 3 – restricted,Batch 3 (12/24),,72?,No,
77,Magazines illustrés vaudois,La Tribune - Supplément illustré,1913,1918,277,high,Category 3 - no agreement,Batch 3 – restricted,To add later,,75,No,oui
173,Presse de l'Est vaudois,La Tribune de Montreux,1938,1939,2,medium,Category 1.5 - Orphan,Batch 3 – restricted,Batch 3 (12/24),,,No,
174,Presse de l'Est vaudois,La Tribune de Vevey,1906,1907,205,medium,Category 1.5 - Orphan,Batch 1.5,Batch 3 (12/24),,37,La Tribune de Vevey,
205,Presse socialiste,La Vague,1940,1944,90,high,Category 1.5 - Orphan,Batch 3 – restricted,Batch 3 (12/24),,38,La Vague,
175,Presse de l'Est vaudois,La Veveysanne - La Patrie,1840,1844,216,medium,Category 1– public domain,Batch 1 – public domain,Batch 2 (26/02/24),,33 et 39?,No,
206,Presse socialiste,La voix du peuple vaudois,1955,1955,2,high,Category 1.5 - Orphan,Batch 3 – restricted,Batch 3 (12/24),,,No,
66,Lausanne-plaisirs / L'Artistique,Lausanne artistique,1913,1924,409,no interest,no interest,no interest,Not to include,,40,Lausanne artistique,
67,Lausanne-plaisirs / L'Artistique,Lausanne plaisirs,1912,1913,86,no interest,no interest,no interest,Not to include,,41,Lausanne plaisirs,
216,Revue de Lausanne,Lausanne-Soir,1975,1976,44,high,Category 1.5 - Orphan,Batch 3 – restricted,Batch 3 (12/24),,72?,No,
39,Journaux satiriques vaudois,Le Bistouri,1934,1934,5,medium,Category 1.5 - Orphan,Batch 3 – restricted,Batch 3 (12/24),,42,Le Bistouri,
40,Journaux satiriques vaudois,Le Bon jour de Jack Rollan,1952,1959,134,high,Category 1.5 - Orphan,Batch 3 – restricted,Batch 3 (12/24),,,No,
41,Journaux satiriques vaudois,Le Bonjour de Jack Rollan (2),1974,1974,9,high,Category 1.5 - Orphan,Batch 3 – restricted,Batch 3 (12/24),,,No,
42,Journaux satiriques vaudois,Le Canard libre,1936,1938,82,medium,Category 1.5 - Orphan,Batch 3 – restricted,Batch 3 (12/24),,43,Le Canard libre,
43,Journaux satiriques vaudois,Le Canard rit,1930,1942,5,medium,Category 1.5 - Orphan,Batch 3 – restricted,Batch 3 (12/24),,,No,
44,Journaux satiriques vaudois,Le Charivari [1],1839,1841,81,medium,Category 1– public domain,Batch 1 – public domain,Batch 1 (21/12/23),XML (needs API),44,No,
45,Journaux satiriques vaudois,Le Charivari [2],1875,1877,66,medium,Category 1– public domain,Batch 1 – public domain,Batch 1 (21/12/23),XML (needs API),45,No,
46,Journaux satiriques vaudois,Le Clairon du Nord,1974,1974,4,medium,Category 1.5 - Orphan,Batch 3 – restricted,Batch 3 (12/24),,,No,
176,Presse de l'Est vaudois,Le Cotterg,2003,2022,182,medium,Category 2 - existing agreement,Batch 3 – restricted,Bath 4 (08/25),,,No,
109,"Presse de la Broye, du Jorat et du Gros-de-Vaud",Le Courrier de la Broye et du Jorat,1950,2019,3423,medium,Category 2 - existing agreement,Batch 3 – restricted,Bath 4 (08/25),,,No,
108,"Presse de la Broye, du Jorat et du Gros-de-Vaud",Le Courrier de Prilly,1947,1948,70,medium,Category 1.5 - Orphan,Batch 3 – restricted,Batch 3 (12/24),,,No,
110,"Presse de la Broye, du Jorat et du Gros-de-Vaud",Le Démocrate de Payerne,1846,1999,13846,high,Category 1.5 - Orphan,Batch 2 – partly public,Batch 3 (12/24),,,No,
47,Journaux satiriques vaudois,Le Frondeur,1917,1917,5,medium,Category 1.5 - Orphan,Batch 1.5,Batch 3 (12/24),,48,Le Frondeur,
48,Journaux satiriques vaudois,Le Grelot,1843,1846,38,medium,Category 1– public domain,Batch 1 – public domain,Batch 1 (21/12/23),XML (needs API),49,Le Grelot,
209,Presse socialiste,Le Grutléen,1909,1917,397,high,Category 3 - no agreement,Batch 3 - no agreement,To add later,,50,No,
208,Presse socialiste,"Le Grutli, journal ouvrier",1888,1943,2744,high,Category 3 - no agreement,Batch 2 – partly public,To add later,,51,No,
111,"Presse de la Broye, du Jorat et du Gros-de-Vaud",Le Jorat,1925,1940,776,medium,Category 1.5 - Orphan,Batch 3 – restricted,Batch 3 (12/24),,,No,
49,Journaux satiriques vaudois,Le Journal de Jack Rollan,1960,1961,9,high,Category 1.5 - Orphan,Batch 3 – restricted,Bath 4 (08/25),,,No,
138,Presse de la Côte vaudoise,Le Jura vaudois,1883,2004,6920,high,Category 2 - existing agreement,Batch 2 – partly public,Bath 4 (08/25),,,No,
50,Journaux satiriques vaudois,Le Kangourou,1959,1959,14,medium,Category 1.5 - Orphan,Batch 3 – restricted,Batch 3 (12/24),,,No,
229,Presse religieuse,Le Lien,1894,1974,1340,medium,Category 2 - existing agreement,Batch 2 – partly public,To add later,,,No,
78,Magazines illustrés vaudois,Le Magazine,1914,1937,457,high,Category 1.5 - Orphan,Batch 3 – restricted,Batch 3 (12/24),,53,Le Magazine,
70,Le Matin - Tribune de Lausanne,Le Matin - Lausanne,1984,2012,10475,high,Category 3 - no agreement,Batch 3 – restricted,To add later,,54,No,oui
149,Presse de la Vallée de Joux,Le Messager,1879,1881,91,medium,Category 1– public domain,Batch 1 – public domain,Batch 1 (21/12/23),JSON (not API),,No,
177,Presse de l'Est vaudois,Le Messager des Alpes,1864,1992,16336,high,Category 2 - existing agreement,Batch 2 – partly public,To add later,,,No,
51,Journaux satiriques vaudois,Le Moniteur,1879,1880,15,medium,Category 1– public domain,Batch 1 – public domain,Batch 1 (21/12/23),XML (needs API),55,Le Moniteur,
52,Journaux satiriques vaudois,Le Moustique (Lausanne),1912,1914,34,medium,Category 1.5 - Orphan,Batch 1.5,Batch 3 (12/24),,56?,No,"oui, certainement 56"
53,Journaux satiriques vaudois,Le Moustique (Vevey),1887,1887,1,medium,Category 1– public domain,Batch 1 – public domain,Batch 1 (21/12/23),No OCR XML files,56?,No,"oui, certainement 56"
86,Nouvelliste vaudois,Le Nouvelliste vaudois,1824,1855,3699,high,Category 1 – public domain,Batch 1 – public domain,Batch 2 (26/02/24),,57,Le Nouvelliste vaudois,
54,Journaux satiriques vaudois,Le Ouistiti,1882,1882,2,medium,Category 1– public domain,Batch 1 – public domain,Batch 1 (21/12/23),XML (needs API),58,Le Ouistiti,
55,Journaux satiriques vaudois,Le Passe-Temps,1901,1901,4,medium,Category 1.5 - Orphan,Batch 1.5,Batch 3 (12/24),,59,Le Passe-Temps,
75,Le pays vaudois,Le pays vaudois,1922,2021,4898,high,Category 2 - existing agreement,Batch 3 – restricted,To add later,,,No,
56,Journaux satiriques vaudois,Le Père Jérôme,1831,1832,15,medium,Category 1– public domain,Batch 1 – public domain,Batch 1 (21/12/23),XML (needs API),60,Le Père Jérôme,
139,Presse de la Côte vaudoise,Le Petit Paysan - Région Evasion,1982,1991,91,medium,Category 1.5 - Orphan,Batch 3 – restricted,Batch 3 (12/24),,,No,
210,Presse socialiste,Le Peuple,1939,1965,7898,high,Category 3 - no agreement,Batch 3 – restricted,To add later,,,No,
199,Presse du Nord vaudois,Le Peuple / Le Nord vaudois 2,1885,1933,4815,high,Category 3 - no agreement,Batch 2 – partly public,To add later,,61,No,
200,Presse du Nord vaudois,Le Peuple souverain,1845,1846,12,medium,Category 1– public domain,Batch 1 – public domain,Batch 1 (21/12/23),XML (needs API),,No,
140,Presse de la Côte vaudoise,Le Phare de Nyon,1841,1841,1,medium,Category 1– public domain,Batch 1 – public domain,Batch 1 (21/12/23),No OCR XML files,,No,
141,Presse de la Côte vaudoise,Le Phare du Léman,1841,1842,26,medium,Category 1– public domain,Batch 1 – public domain,Batch 1 (21/12/23),JSON (not API),,No,
58,Journaux satiriques vaudois,Le poisson déchaîné,1936,1936,1,medium,Category 1.5 - Orphan,Batch 3 – restricted,Batch 3 (12/24),,,No,
178,Presse de l'Est vaudois,Le Progrès de Château d'Oex,1877,1940,5527,medium,Category 1.5 - Orphan,Batch 2 – partly public,Batch 3 (12/24),,,No,
142,Presse de la Côte vaudoise,Le Progrès de Morges,1907,1907,22,medium,Category 1.5 - Orphan,Batch 1.5,Batch 3 (12/24),,,No,
179,Presse de l'Est vaudois,Le Régional,1995,2020,997,medium,Category 2 - existing agreement,Batch 3 – restricted,To add later,,,No,
57,Journaux satiriques vaudois,Le Semeur,1991,1993,47,medium,Category 2 - existing agreement,Batch 3 – restricted,Batch 3 (12/24),,,No,
230,Presse religieuse,Le semeur vaudois,1880,1966,4438,high,Category 2 - existing agreement,Batch 2 – partly public,To add later,,,No,
79,Magazines illustrés vaudois,Le Touriste / La Suisse Illustrée,1866,1882,708,high,Category 1– public domain,Batch 1 – public domain,Batch 1 (21/12/23),JSON (not API),36 et 62,No,oui
180,Presse de l'Est vaudois,Le Veveysan 1,1888,1889,50,medium,Category 1– public domain,Batch 1 – public domain,Batch 1 (21/12/23),JSON (not API),63,No,
181,Presse de l'Est vaudois,Le Veveysan 2,1935,1945,56,medium,Category 1.5 - Orphan,Batch 3 – restricted,Batch 3 (12/24),,64,No,
182,Presse de l'Est vaudois,Les Alpes vaudoises,1914,1920,24,medium,Category 1.5 - Orphan,Batch 3 – restricted,Batch 3 (12/24),,,No,
183,Presse de l'Est vaudois,Liste des étrangers de Bex,1900,1912,131,medium,Category 1.5 - Orphan,Batch 1.5,Batch 3 (12/24),,,No,
61,Journaux satiriques vaudois,Mépris,1973,1974,3,medium,Category 1.5 - Orphan,Batch 3 – restricted,Batch 3 (12/24),,,No,
18,Gazettes suisses du 18e s.,Mercure suisse,1732,1747,181,high,Category 1– public domain,Batch 1 – public domain,Batch 1 (21/12/23),XML (needs API),,No,
7,Almanachs vaudois,Messager boîteux,1748,1800,53,medium,Category 1– public domain,Batch 1 – public domain,Batch 1 (21/12/23),XML (needs API),,No,
184,Presse de l'Est vaudois,Messager de Montreux,1904,1936,9521,high,Category 1.5 - Orphan,Batch 3 – restricted,Bath 4 (08/25),,,No,
143,Presse de la Côte vaudoise,Morges actualité - Morges Hebdo,1973,1987,998,high,Category 1.5 - Orphan,Batch 3 – restricted,Batch 3 (12/24),,,No,
217,Revue de Lausanne,Nouvelle revue,2005,2012,72,high,,Batch 3 – restricted,Batch 3 (12/24),,72?,No,
218,Revue de Lausanne,Nouvelle revue de Lausanne,1946,1990,13180,high,,Batch 3 – restricted,To add later,,72,No,
219,Revue de Lausanne,Nouvelle revue de Lausanne et du Pays de Vaud,1990,1991,486,high,,Batch 3 – restricted,Batch 3 (12/24),,72?,No,
220,Revue de Lausanne,Nouvelle revue et journal politique,1994,2005,190,high,,Batch 3 – restricted,To add later,,72?,No,
221,Revue de Lausanne,Nouvelle revue hebdo,1991,1994,150,high,,Batch 3 – restricted,Batch 3 (12/24),,,No,
19,Gazettes suisses du 18e s.,Nouvelliste suisse,1748,1769,257,high,Category 1– public domain,Batch 1 – public domain,Batch 1 (21/12/23),XML (needs API),,No,
89,Nouvelliste vaudois,Nouvelliste vaudois et journal national suisse,1856,1891,11099,high,Category 1– public domain,Batch 1 – public domain,Batch 2 (26/02/24),,66,No,oui
88,Nouvelliste vaudois,Nouvelliste vaudois: journal libéral démocratique,1891,1914,6983,high,Category 1.5 - Orphan,Batch 1.5,To add later,,65,Nouvelliste vaudois: journal libéral démocratique,
112,"Presse de la Broye, du Jorat et du Gros-de-Vaud",Ouest Informations,1964,1980,296,medium,Category 1.5 - Orphan,Batch 3 – restricted,Batch 3 (12/24),,,No,
82,Magazines illustrés vaudois,Pages Illustrées,1913,1916,110,medium,Category 1.5 - Orphan,Batch 1.5,Batch 3 (12/24),,67,Pages Illustrées,
83,Magazines illustrés vaudois,Pour la famille,1925,1931,296,medium,Category 1.5 - Orphan,Batch 3 – restricted,Batch 3 (12/24),,68,No,
84,Magazines illustrés vaudois,Pour tous,1945,1966,1123,medium,Category 3 - no agreement,Batch 3 – restricted,To add later,,69,Pour tous,
201,Presse du Nord vaudois,Presse Hebdo/24 Hebdo Nord VD,2005,2008,163,medium,Category 3 - no agreement,Batch 3 – restricted,To add later,,1,No,
185,Presse de l'Est vaudois,Presse hebdo/24 Hebdo Riviera Chablais,2005,2008,159,high,Category 3 - no agreement,Batch 3 – restricted,To add later,,,No,
71,Le Matin - Tribune de Lausanne,Presse Lausannoise,1922,1922,28,medium,Category 1.5 - Orphan,Batch 3 – restricted,Batch 3 (12/24),,70,No,oui
144,Presse de la Côte vaudoise,Prilly Nouveau,1953,1958,103,medium,Category 1.5 - Orphan,Batch 3 – restricted,Batch 3 (12/24),,,No,
62,Journaux satiriques vaudois,Propos vaudois,1916,1916,42,medium,Category 1.5 - Orphan,Batch 1.5,Batch 3 (12/24),,71,Propos vaudois,
85,Magazines illustrés vaudois,Radio TV / TV8,1923,2010,4643,high,Category 3 - no agreement,Batch 3 – restricted,To add later,,,No,
231,Presse religieuse,Ralliements et Messagers,1909,2000,6840,high,Category 2 - existing agreement,Batch 3 – restricted,To add later,,,No,
13,Archives BCU Lausanne,Rapport annuel,1881,2022,142,no interest,no interest,no interest,Not to include,,,No,
145,Presse de la Côte vaudoise,Reflets de la Côte,1980,1982,26,medium,Category 1.5 - Orphan,Batch 3 – restricted,Batch 3 (12/24),,,No,
232,Presse religieuse,Réformés,2016,2023,63,medium,Category 2 - existing agreement,Batch 3 – restricted,To add later,,,No,
15,Bulletins du Grand Conseil,Répertoires de Bulletins du Grand Conseil,1907,1921,4,high,Category 1 – public domain,Batch 3 – restricted,Batch 2 (26/02/24),,,No,
146,Presse de la Côte vaudoise,Revue morgienne,1902,1905,33,medium,Category 1.5 - Orphan,Batch 1.5,Batch 3 (12/24),,,No,
63,Journaux satiriques vaudois,Revue photo-rigolotipique,1902,1902,1,medium,Category 1.5 - Orphan,Batch 1.5,Batch 3 (12/24),,73,Revue photo-rigolotipique,
90,Presse agricole,Terre et nature/Sillon romand,1898,2020,5649,high,Category 2 - existing agreement,Batch 3 – restricted,To add later,,,No,
113,"Presse de la Broye, du Jorat et du Gros-de-Vaud",Terre vuilleraine,1953,2010,2579,high,Category 1.5 - Orphan,Batch 3 – restricted,Bath 4 (08/25),,,No,
233,Presse religieuse,Trait d'union / Bulletin Eglise libre,1964,1965,22,medium,Category 2 - existing agreement,Batch 3 – restricted,To add later,,,No,
16,Bulletins du Grand Conseil,Travaux des Constituantes,1861,2002,10,medium,Category 1 – public domain,Batch 2 – partly public,Batch 2 (26/02/24),,,No,
225,Travelling,Travelling,1963,1980,52,medium,Category 2 - existing agreement,Batch 3 – restricted,To add later,,,No,
72,Le Matin - Tribune de Lausanne,Tribune de Lausanne,1893,1968,20407,high,Category 3 - no agreement,Batch 2 – partly public,To add later,,54?,No,oui
73,Le Matin - Tribune de Lausanne,Tribune de Lausanne - Le Matin,1968,1984,5837,high,Category 3 - no agreement,Batch 3 – restricted,To add later,,54?,No,oui
74,Le Matin - Tribune de Lausanne,Tribune de Lausanne et Estafette,1896,1913,5541,medium,Category 3 - no agreement,Batch 3 - no agreement,To add later,,54?,No,oui
223,Revues UNIL,UNI Lausanne,1971,1993,80,medium,Category 1.5 - Orphan,Batch 3 – restricted,To add later,,,No,
224,Revues UNIL,Uniscope,1988,2020,652,medium,Category 1.5 - Orphan,Batch 3 – restricted,To add later,,,No,
186,Presse de l'Est vaudois,Vevey hebdo / Riviera magazine,1992,2011,674,high,Category 3 - no agreement,Batch 3 – restricted,To add later,,74 (et 76?),No,
64,Journaux satiriques vaudois,Vigousse,2009,2017,330,high,Category 1.5 - Orphan,Batch 3 – restricted,To add later,,,No,
202,Presse du Nord vaudois,Yverdon Revue / Flash Revue,1935,1994,759,medium,Category 1.5 - Orphan,Batch 3 – restricted,Batch 3 (12/24),,11,No,