<?xml version="1.0" encoding="windows-1252" standalone="no"?>
<XMD-PAGE REPOSITORY_FORMAT="1.0" PRXML_VER="2.2">
	<Meta SINGLE_PAGE_PDF_NAME="/Res/PDF/Pg0003_s_0003.pdf" ISSUE_DATE="23/06/1807" RELEASE_NO="103-GDL-1807-06-23-0001" PAGE_NO="3" NAME="" PAGE_LABEL="3" PAGE_TYPE="Single" PUBLISHER="Olive" PUBLICATION="GDL" SOURCE_TYPE="TIFF" SOURCE_RESOLUTION="72" IMAGES_RESOLUTION="180" PAGE_THUMBNAIL_RESOLUTION="130" PAGE_PREVIEW_RESOLUTION="14" DEFAULT_IMG_EXT="png" IMG_EXT="png" PREVIEW_IMG_EXT="png" XMD_VER="2.6.241.4" PROFILE_ID="W:\Batch\Profile\GDL-1807-06-23.ini" SECTION="None" PAGE_WIDTH="593" PAGE_HEIGHT="1014" PAGES_NUMBER="12" BASE_HREF="GDL/1807/06/23" PDF_DESTINATION_MAPPED="OLV0_Page_0003" TOTAL_CHARS_COUNT="3213" SUSPICIOUS_CHARS_COUNT="0">
		<Resolutions>
			<Resolution DEFAULT="true">130</Resolution>
			<Resolution>160</Resolution>
			<Resolution>180</Resolution>
		</Resolutions>
		<Links>
			<Lnk TYPE="URL" LNK_ID="LNK_3_0">
				<Target>http://qui.se</Target>
			</Lnk>
			<Sources>
				<Box LNK_ID="LNK_3_0">56 131 103 149</Box>
			</Sources>
		</Links>
	</Meta>
	<Link SOURCE="103-GDL-1807-06-23-0001.pdf" NEXT_SECTION="" PREV_SECTION="1"/>
	<DataFiles>
		<Files TYPE="DOC_PDF" PRESENT="1"/>
		<Files TYPE="PAGE_PDF" PRESENT="1"/>
		<Files TYPE="DOC_IMG" PRESENT="0"/>
		<Files TYPE="PAGE_IMG" PRESENT="1" BYTEORDER="little_endian" COMPRESSIONSCHEME="LZW" IMAGE_WIDTH="1368" IMAGE_HEIGHT="2338" COLORSPACE="BlackIsZero" BITSPERSAMPLE="8" SAMPLESPERPIXEL="1" XRESOLUTION_DPI="300" YRESOLUTION_DPI="300" MIMETYPE="image/tiff" IMG_EXT="tif" MEDIA_BOX="0 0 1367 2337" CROP_BOX="0 0 1367 2337"/>
		<Files TYPE="PAGE_VIEW_IMG" PRESENT="1"/>
		<Files TYPE="PAGE_PREVIEW_IMG" PRESENT="1"/>
		<Files TYPE="PRIMITIVE_IMG" PRESENT="1"/>
		<Files TYPE="SNIPPET_IMG" PRESENT="1"/>
		<Files TYPE="SEGMENTATION" PRESENT="1"/>
	</DataFiles>
	<Entity ENTITY_TYPE="Article" FIRST_TOC_ENTRY_ID="5" INDEX_IN_DOC="7" DEPTH_LEVEL="1" ID="Ar00300" SIZE="XLarge" BOX="18 0 556 950" NEXT_SECTION="" PREV_SECTION="1" CONTINUATION_TO="Ar00400" CONTINUATION_FROM="Ar00201" FIRST_CHUNK="Ar00201" IMAGES_RESOLUTION="180" TOTAL_CHARS_COUNT="3213" SUSPICIOUS_CHARS_COUNT="0" WORDCNT="755">
		<Name>Untitled Article</Name>
		<Primitive ID="Ar0030000" BOX="18 0 553 244" ELEMENT_TYPE="Content" SEQ_NO="0" TOC_ENTRY_ID="5" DEPTH_LEVEL="1"/>
		<Primitive ID="Ar0030001" BOX="22 246 556 529" ELEMENT_TYPE="Content" SEQ_NO="1" TOC_ENTRY_ID="5" DEPTH_LEVEL="1"/>
		<Primitive ID="Ar0030002" BOX="22 529 554 750" ELEMENT_TYPE="Content" SEQ_NO="2" TOC_ENTRY_ID="5" DEPTH_LEVEL="1"/>
		<Primitive ID="Ar0030003" BOX="20 750 556 950" ELEMENT_TYPE="Content" SEQ_NO="3" TOC_ENTRY_ID="5" DEPTH_LEVEL="1"/>
	</Entity>
</XMD-PAGE>
