<?xml version="1.0" encoding="windows-1252" standalone="no"?>
<XMD-entity REPOSITORY_FORMAT="1.0" PRXML_VER="2.2" ENTITY_TYPE="Article" DOC_UID="GDL_04/01/1900" DOC_VER="1" FIRST_TOC_ENTRY_ID="14" DEPTH_LEVEL="1" INDEX_IN_DOC="15" PAGE_NO="3" ID="Ar00300" BOX="10 3405 66 3417" LANGUAGE="French" SNP="Ar00300S.png" SNP_WIDTH="57" SNP_HEIGHT="13">
	<Meta NAME="Untitled Article" DESCRIPTION="" SUBTYPE="" BASE_HREF="GDL/1900/01/04" SOURCE_TYPE="TIFF" PUBLICATION="GDL" SECTION="None" ISSUE_DATE="04/01/1900" WORDCNT="0" RELEASE_NO="103-GDL-1900-01-04-0001" PAGE_ID="" PAGE_TYPE="Single" PAGE_WIDTH="989" PAGE_HEIGHT="1353" DEFAULT_IMG_EXT="png" PDF_DESTINATION_MAPPED="OLV0_Entity_0003_0001" IMAGES_RESOLUTION="144" XMD_VER="2.6.241.4" PAGE_LABEL="3" TOTAL_CHARS_COUNT="0" SUSPICIOUS_CHARS_COUNT="0"/>
	<Link SOURCE="103-GDL-1900-01-04-0001.pdf" FIRST_ID="Ar00200" LAST_ID="Ad00437" NEXT_ID="Ar00301" PREV_ID="" TOC_ID="W:/Repository/GDL/1900/01/04/TOC.xml"/>
	<DataFiles>
		<Files TYPE="DOC_PDF" PRESENT="1"/>
		<Files TYPE="PAGE_PDF" PRESENT="1"/>
		<Files TYPE="DOC_IMG" PRESENT="0"/>
		<Files TYPE="PAGE_IMG" PRESENT="1"/>
		<Files TYPE="PAGE_VIEW_IMG" PRESENT="1"/>
		<Files TYPE="PAGE_PREVIEW_IMG" PRESENT="1"/>
		<Files TYPE="PRIMITIVE_IMG" PRESENT="1"/>
		<Files TYPE="SNIPPET_IMG" PRESENT="1"/>
		<Files TYPE="SEGMENTATION" PRESENT="1"/>
	</DataFiles>
	<Content>
		<Primitive BOX="10 3405 66 3417" ID="Ar0030000" SEQ_NO="0" TOC_ENTRY_ID="14" DEPTH_LEVEL="1"/>
	</Content>
</XMD-entity>