<?xml version="1.0" encoding="windows-1252" standalone="no"?>
<XMD-entity REPOSITORY_FORMAT="1.0" PRXML_VER="2.3" ENTITY_TYPE="Ad" DOC_UID="IMP_04/05/1931" DOC_VER="1" FIRST_TOC_ENTRY_ID="13" DEPTH_LEVEL="1" INDEX_IN_DOC="13" PAGE_NO="2" ID="Ad00203" BOX="646 2840 923 2971" LANGUAGE="French" SNP="Ad0020301.png" SNP_WIDTH="278" SNP_HEIGHT="132" LOGICAL_NAME="true">
	<Meta NAME="" DESCRIPTION="" SUBTYPE="" BASE_HREF="IMP/1931/05/04" SOURCE_TYPE="TIFF" PUBLICATION="IMP" SECTION="None" ISSUE_DATE="04/05/1931" WORDCNT="4" RELEASE_NO="113-IMP-1931-05-04-0001" PAGE_ID="" PAGE_TYPE="Single" PAGE_WIDTH="937" PAGE_HEIGHT="1367" DEFAULT_IMG_EXT="png" PDF_DESTINATION_MAPPED="OLV0_Entity_0002_0004" IMAGES_RESOLUTION="160" XMD_VER="2.6.242.42" PAGE_LABEL="2" TOTAL_CHARS_COUNT="0" SUSPICIOUS_CHARS_COUNT="0"/>
	<Link SOURCE="113-IMP-1931-05-04-0001.pdf" FIRST_ID="Ar00200" LAST_ID="Ar00807" NEXT_ID="Ad00204" PREV_ID="Ar00202" TOC_ID="W:/Repository/IMP/1931/05/04/TOC.xml"/>
	<DataFiles>
		<Files TYPE="DOC_PDF" PRESENT="1"/>
		<Files TYPE="PAGE_PDF" PRESENT="0"/>
		<Files TYPE="DOC_IMG" PRESENT="0"/>
		<Files TYPE="PAGE_IMG" PRESENT="0"/>
		<Files TYPE="PAGE_VIEW_IMG" PRESENT="1"/>
		<Files TYPE="PAGE_PREVIEW_IMG" PRESENT="1"/>
		<Files TYPE="PRIMITIVE_IMG" PRESENT="1"/>
		<Files TYPE="SNIPPET_IMG" PRESENT="1"/>
		<Files TYPE="SEGMENTATION" PRESENT="0"/>
		<Files TYPE="PAGINATION_TEMPLATE_BACKGROUND" PRESENT="0"/>
		<Files TYPE="EXTERNAL_FONTS" PRESENT="0"/>
		<Files TYPE="PROFILE" PRESENT="0"/>
	</DataFiles>
	<Content>
		<Primitive BOX="646 2840 922 2971" ID="Ad0020300" E="N" SEQ_NO="1" TOC_ENTRY_ID="13" DEPTH_LEVEL="1" POPULAR_STYLE_REF="5">
			<L BOX="652 2848 930 2930" P="SA"/>
			<Q BOX="652 2853 690 2930" STYLE_REF="41" QID="1">|</Q>
			<Q BOX="683 2850 760 2927" STYLE_REF="41" QID="1">Sachets</Q>
			<Q BOX="771 2850 815 2927" STYLE_REF="41" QID="1">ani</Q>
			<Q BOX="814 2853 893 2930" STYLE_REF="41" QID="1">me</Q>
			<q BOX="901 2848 930 2925" STYLE_REF="41" QID="1">I</q>
			<QW QID="1">|SachetsanimeI</QW>
			<L BOX="654 2909 914 2941" P="S"/>
			<W BOX="654 2909 678 2941" STYLE_REF="5">1</W>
			<Q BOX="680 2909 714 2941" STYLE_REF="5" QID="2">Pha</Q>
			<q BOX="716 2909 782 2941" STYLE_REF="5" QID="2">rmacie</q>
			<QW QID="2">Pharmacie</QW>
			<W BOX="794 2909 893 2941" STYLE_REF="5">BOUlMjUlIV</W>
			<W BOX="903 2909 914 2941" STYLE_REF="5">I</W>
		</Primitive>
	</Content>
	<AdFrame>
		<Img BOX="646 2840 922 2971" ID="Ad0020301" HREF="/2/Img/Ad0020301.png" I_RES="144" TOC_ENTRY_ID="13" SEQ_NO="0"/>
	</AdFrame>
</XMD-entity>