<?xml version="1.0" encoding="windows-1252" standalone="no"?>
<XMD-PAGE REPOSITORY_FORMAT="1.0" PRXML_VER="2.3">
	<Meta ISSUE_DATE="04/05/1931" RELEASE_NO="113-IMP-1931-05-04-0001" PAGE_NO="2" NAME="" PAGE_LABEL="2" PAGE_TYPE="Single" PUBLISHER="Olive" PUBLICATION="IMP" SOURCE_TYPE="TIFF" SOURCE_RESOLUTION="72" IMAGES_RESOLUTION="160" PAGE_THUMBNAIL_RESOLUTION="72" PAGE_PREVIEW_RESOLUTION="15" DEFAULT_IMG_EXT="png" IMG_EXT="png" PREVIEW_IMG_EXT="png" XMD_VER="2.6.242.42" PROFILE_ID="IMP-1931-05-04.ini" SECTION="None" PAGE_WIDTH="937" PAGE_HEIGHT="1367" PAGES_NUMBER="8" BASE_HREF="IMP/1931/05/04" PDF_DESTINATION_MAPPED="OLV0_Page_0002" OCR_CONFIDENCE="0.986" TOTAL_CHARS_COUNT="8735" SUSPICIOUS_CHARS_COUNT="98">
		<Resolutions>
			<Resolution DEFAULT="true">72</Resolution>
			<Resolution>144</Resolution>
			<Resolution>160</Resolution>
		</Resolutions>
	</Meta>
	<Link SOURCE="113-IMP-1931-05-04-0001.pdf" NEXT_SECTION="" PREV_SECTION="1"/>
	<DataFiles>
		<Files TYPE="DOC_PDF" PRESENT="1"/>
		<Files TYPE="PAGE_PDF" PRESENT="0"/>
		<Files TYPE="DOC_IMG" PRESENT="0"/>
		<Files TYPE="PAGE_IMG" PRESENT="0"/>
		<Files TYPE="PAGE_VIEW_IMG" PRESENT="1"/>
		<Files TYPE="PAGE_PREVIEW_IMG" PRESENT="1"/>
		<Files TYPE="PRIMITIVE_IMG" PRESENT="1"/>
		<Files TYPE="SNIPPET_IMG" PRESENT="1"/>
		<Files TYPE="SEGMENTATION" PRESENT="0"/>
		<Files TYPE="PAGINATION_TEMPLATE_BACKGROUND" PRESENT="0"/>
		<Files TYPE="EXTERNAL_FONTS" PRESENT="0"/>
		<Files TYPE="PROFILE" PRESENT="0"/>
	</DataFiles>
	<Entity ENTITY_TYPE="Article" FIRST_TOC_ENTRY_ID="11" INDEX_IN_DOC="11" DEPTH_LEVEL="1" ID="Ar00200" SIZE="Medium" BOX="167 62 288 1333" NEXT_SECTION="" PREV_SECTION="1" IMAGES_RESOLUTION="160" LOGICAL_NAME="true" TOTAL_CHARS_COUNT="3222" SUSPICIOUS_CHARS_COUNT="60" WORDCNT="961">
		<Name>I lnnpn pour le 31 octobre 1931, tt IUUC...</Name>
		<Primitive ID="Ar0020000" BOX="167 62 288 287" ELEMENT_TYPE="Content" SEQ_NO="0" TOC_ENTRY_ID="11" DEPTH_LEVEL="1" POPULAR_STYLE_REF="17"/>
		<Primitive ID="Ar0020001" BOX="167 287 288 657" ELEMENT_TYPE="Content" SEQ_NO="1" TOC_ENTRY_ID="11" DEPTH_LEVEL="1" POPULAR_STYLE_REF="17"/>
		<Primitive ID="Ar0020002" BOX="167 657 288 860" ELEMENT_TYPE="Content" SEQ_NO="2" TOC_ENTRY_ID="11" DEPTH_LEVEL="1" POPULAR_STYLE_REF="17"/>
		<Primitive ID="Ar0020003" BOX="167 860 288 1157" ELEMENT_TYPE="Content" SEQ_NO="3" TOC_ENTRY_ID="11" DEPTH_LEVEL="1" POPULAR_STYLE_REF="17"/>
		<Primitive ID="Ar0020004" BOX="167 1157 288 1333" ELEMENT_TYPE="Content" SEQ_NO="4" TOC_ENTRY_ID="11" DEPTH_LEVEL="1" POPULAR_STYLE_REF="17"/>
	</Entity>
	<Entity ENTITY_TYPE="Article" FIRST_TOC_ENTRY_ID="9" INDEX_IN_DOC="9" DEPTH_LEVEL="1" ID="Ar00201" SIZE="Medium" BOX="41 62 162 1334" NEXT_SECTION="" PREV_SECTION="1" IMAGES_RESOLUTION="160" LOGICAL_NAME="true" TOTAL_CHARS_COUNT="3278" SUSPICIOUS_CHARS_COUNT="26" WORDCNT="903">
		<Name>Chambre et pension. S bre et bonne pensi...</Name>
		<Primitive ID="Ar0020100" BOX="41 62 162 310" ELEMENT_TYPE="Content" SEQ_NO="0" TOC_ENTRY_ID="9" DEPTH_LEVEL="1" POPULAR_STYLE_REF="17"/>
		<Primitive ID="Ar0020101" BOX="41 310 162 448" ELEMENT_TYPE="Content" SEQ_NO="1" TOC_ENTRY_ID="9" DEPTH_LEVEL="1" POPULAR_STYLE_REF="37"/>
		<Primitive ID="Ar0020102" BOX="41 495 162 669" ELEMENT_TYPE="Content" SEQ_NO="2" TOC_ENTRY_ID="9" DEPTH_LEVEL="1" POPULAR_STYLE_REF="17"/>
		<Primitive ID="Ar0020103" BOX="41 669 162 903" ELEMENT_TYPE="Content" SEQ_NO="3" TOC_ENTRY_ID="9" DEPTH_LEVEL="1" POPULAR_STYLE_REF="17"/>
		<Primitive ID="Ar0020104" BOX="41 903 162 1225" ELEMENT_TYPE="Content" SEQ_NO="4" TOC_ENTRY_ID="9" DEPTH_LEVEL="1" POPULAR_STYLE_REF="17"/>
		<Primitive ID="Ar0020105" BOX="41 1225 162 1334" ELEMENT_TYPE="Content" SEQ_NO="5" TOC_ENTRY_ID="9" DEPTH_LEVEL="1" POPULAR_STYLE_REF="17"/>
	</Entity>
	<Entity ENTITY_TYPE="Article" FIRST_TOC_ENTRY_ID="12" INDEX_IN_DOC="12" DEPTH_LEVEL="1" ID="Ar00202" SIZE="Medium" BOX="291 62 415 1278" NEXT_SECTION="" PREV_SECTION="1" IMAGES_RESOLUTION="160" LOGICAL_NAME="true" TOTAL_CHARS_COUNT="2235" SUSPICIOUS_CHARS_COUNT="12" WORDCNT="578">
		<Name>A louer � Salnt-Blalse appariement i�"mo...</Name>
		<Primitive ID="Ar0020200" BOX="291 62 415 354" ELEMENT_TYPE="Content" SEQ_NO="0" TOC_ENTRY_ID="12" DEPTH_LEVEL="1" POPULAR_STYLE_REF="17"/>
		<Primitive ID="Ar0020201" BOX="291 354 415 523" ELEMENT_TYPE="Content" SEQ_NO="1" TOC_ENTRY_ID="12" DEPTH_LEVEL="1" POPULAR_STYLE_REF="17"/>
		<Primitive ID="Ar0020202" BOX="291 523 415 730" ELEMENT_TYPE="Content" SEQ_NO="2" TOC_ENTRY_ID="12" DEPTH_LEVEL="1" POPULAR_STYLE_REF="17"/>
		<Primitive ID="Ar0020203" BOX="291 730 415 952" ELEMENT_TYPE="Content" SEQ_NO="3" TOC_ENTRY_ID="12" DEPTH_LEVEL="1" POPULAR_STYLE_REF="17"/>
		<Primitive ID="Ar0020204" BOX="291 952 415 1278" ELEMENT_TYPE="Content" SEQ_NO="4" TOC_ENTRY_ID="12" DEPTH_LEVEL="1" POPULAR_STYLE_REF="17"/>
	</Entity>
	<Entity ENTITY_TYPE="Ad" FIRST_TOC_ENTRY_ID="13" INDEX_IN_DOC="13" DEPTH_LEVEL="1" ID="Ad00203" SIZE="Small" BOX="291 1278 415 1337" NEXT_SECTION="" PREV_SECTION="1" IMAGES_RESOLUTION="160" LOGICAL_NAME="true" TOTAL_CHARS_COUNT="0" SUSPICIOUS_CHARS_COUNT="0" WORDCNT="4">
		<Primitive ID="Ad0020300" BOX="291 1278 415 1337" ELEMENT_TYPE="Content" SEQ_NO="1" TOC_ENTRY_ID="13" DEPTH_LEVEL="1" E="N" POPULAR_STYLE_REF="5"/>
		<Primitive ID="Ad0020301" BOX="291 1278 415 1337" ELEMENT_TYPE="AdFrame" SEQ_NO="0" TOC_ENTRY_ID="13" DEPTH_LEVEL="1" I_RES="144" POPULAR_STYLE_REF="-1"/>
	</Entity>
	<Entity ENTITY_TYPE="Ad" FIRST_TOC_ENTRY_ID="10" INDEX_IN_DOC="10" DEPTH_LEVEL="1" ID="Ad00204" SIZE="Small" BOX="41 448 162 495" NEXT_SECTION="" PREV_SECTION="1" IMAGES_RESOLUTION="160" LOGICAL_NAME="true" TOTAL_CHARS_COUNT="0" SUSPICIOUS_CHARS_COUNT="0" WORDCNT="25">
		<Primitive ID="Ad0020400" BOX="41 448 162 495" ELEMENT_TYPE="Content" SEQ_NO="1" TOC_ENTRY_ID="10" DEPTH_LEVEL="1" E="N" POPULAR_STYLE_REF="17"/>
		<Primitive ID="Ad0020401" BOX="41 448 162 495" ELEMENT_TYPE="AdFrame" SEQ_NO="0" TOC_ENTRY_ID="10" DEPTH_LEVEL="1" I_RES="144" POPULAR_STYLE_REF="-1"/>
	</Entity>
	<Entity ENTITY_TYPE="Ad" FIRST_TOC_ENTRY_ID="14" INDEX_IN_DOC="14" DEPTH_LEVEL="1" ID="Ad00205" SIZE="Large" BOX="415 68 913 693" NEXT_SECTION="" PREV_SECTION="1" IMAGES_RESOLUTION="160" LOGICAL_NAME="true" TOTAL_CHARS_COUNT="0" SUSPICIOUS_CHARS_COUNT="0" WORDCNT="203">
		<Primitive ID="Ad0020500" BOX="415 68 913 693" ELEMENT_TYPE="Content" SEQ_NO="1" TOC_ENTRY_ID="14" DEPTH_LEVEL="1" E="N" POPULAR_STYLE_REF="8"/>
		<Primitive ID="Ad0020501" BOX="415 68 913 693" ELEMENT_TYPE="AdFrame" SEQ_NO="0" TOC_ENTRY_ID="14" DEPTH_LEVEL="1" I_RES="144" POPULAR_STYLE_REF="-1"/>
	</Entity>
	<Entity ENTITY_TYPE="Ad" FIRST_TOC_ENTRY_ID="15" INDEX_IN_DOC="15" DEPTH_LEVEL="1" ID="Ad00206" SIZE="Small" BOX="415 693 667 806" NEXT_SECTION="" PREV_SECTION="1" IMAGES_RESOLUTION="160" LOGICAL_NAME="true" TOTAL_CHARS_COUNT="0" SUSPICIOUS_CHARS_COUNT="0" WORDCNT="74">
		<Primitive ID="Ad0020600" BOX="415 693 667 806" ELEMENT_TYPE="Content" SEQ_NO="1" TOC_ENTRY_ID="15" DEPTH_LEVEL="1" E="N" POPULAR_STYLE_REF="9"/>
		<Primitive ID="Ad0020601" BOX="415 693 667 806" ELEMENT_TYPE="AdFrame" SEQ_NO="0" TOC_ENTRY_ID="15" DEPTH_LEVEL="1" I_RES="144" POPULAR_STYLE_REF="-1"/>
	</Entity>
	<Entity ENTITY_TYPE="Ad" FIRST_TOC_ENTRY_ID="19" INDEX_IN_DOC="19" DEPTH_LEVEL="1" ID="Ad00207" SIZE="Small" BOX="667 693 913 813" NEXT_SECTION="" PREV_SECTION="1" IMAGES_RESOLUTION="160" LOGICAL_NAME="true" TOTAL_CHARS_COUNT="0" SUSPICIOUS_CHARS_COUNT="0" WORDCNT="45">
		<Primitive ID="Ad0020700" BOX="667 693 913 813" ELEMENT_TYPE="Content" SEQ_NO="1" TOC_ENTRY_ID="19" DEPTH_LEVEL="1" E="N" POPULAR_STYLE_REF="17"/>
		<Primitive ID="Ad0020701" BOX="667 693 913 813" ELEMENT_TYPE="AdFrame" SEQ_NO="0" TOC_ENTRY_ID="19" DEPTH_LEVEL="1" I_RES="144" POPULAR_STYLE_REF="-1"/>
	</Entity>
	<Entity ENTITY_TYPE="Ad" FIRST_TOC_ENTRY_ID="16" INDEX_IN_DOC="16" DEPTH_LEVEL="1" ID="Ad00208" SIZE="Small" BOX="415 806 667 900" NEXT_SECTION="" PREV_SECTION="1" IMAGES_RESOLUTION="160" LOGICAL_NAME="true" TOTAL_CHARS_COUNT="0" SUSPICIOUS_CHARS_COUNT="0" WORDCNT="57">
		<Primitive ID="Ad0020800" BOX="415 806 667 900" ELEMENT_TYPE="Content" SEQ_NO="1" TOC_ENTRY_ID="16" DEPTH_LEVEL="1" E="N" POPULAR_STYLE_REF="5"/>
		<Primitive ID="Ad0020801" BOX="415 806 667 900" ELEMENT_TYPE="AdFrame" SEQ_NO="0" TOC_ENTRY_ID="16" DEPTH_LEVEL="1" I_RES="144" POPULAR_STYLE_REF="-1"/>
	</Entity>
	<Entity ENTITY_TYPE="Ad" FIRST_TOC_ENTRY_ID="20" INDEX_IN_DOC="20" DEPTH_LEVEL="1" ID="Ad00209" SIZE="Small" BOX="667 813 913 1109" NEXT_SECTION="" PREV_SECTION="1" IMAGES_RESOLUTION="160" LOGICAL_NAME="true" TOTAL_CHARS_COUNT="0" SUSPICIOUS_CHARS_COUNT="0" WORDCNT="44">
		<Primitive ID="Ad0020900" BOX="667 813 913 1109" ELEMENT_TYPE="Content" SEQ_NO="1" TOC_ENTRY_ID="20" DEPTH_LEVEL="1" E="N" POPULAR_STYLE_REF="9"/>
		<Primitive ID="Ad0020901" BOX="667 813 913 1109" ELEMENT_TYPE="AdFrame" SEQ_NO="0" TOC_ENTRY_ID="20" DEPTH_LEVEL="1" I_RES="144" POPULAR_STYLE_REF="-1"/>
	</Entity>
	<Entity ENTITY_TYPE="Ad" FIRST_TOC_ENTRY_ID="17" INDEX_IN_DOC="17" DEPTH_LEVEL="1" ID="Ad00210" SIZE="Small" BOX="415 900 667 1036" NEXT_SECTION="" PREV_SECTION="1" IMAGES_RESOLUTION="160" LOGICAL_NAME="true" TOTAL_CHARS_COUNT="0" SUSPICIOUS_CHARS_COUNT="0" WORDCNT="37">
		<Primitive ID="Ad0021000" BOX="415 900 667 1036" ELEMENT_TYPE="Content" SEQ_NO="1" TOC_ENTRY_ID="17" DEPTH_LEVEL="1" E="N" POPULAR_STYLE_REF="8"/>
		<Primitive ID="Ad0021001" BOX="415 900 667 1036" ELEMENT_TYPE="AdFrame" SEQ_NO="0" TOC_ENTRY_ID="17" DEPTH_LEVEL="1" I_RES="144" POPULAR_STYLE_REF="-1"/>
	</Entity>
	<Entity ENTITY_TYPE="Ad" FIRST_TOC_ENTRY_ID="18" INDEX_IN_DOC="18" DEPTH_LEVEL="1" ID="Ad00211" SIZE="Small" BOX="415 1036 667 1337" NEXT_SECTION="" PREV_SECTION="1" IMAGES_RESOLUTION="160" LOGICAL_NAME="true" TOTAL_CHARS_COUNT="0" SUSPICIOUS_CHARS_COUNT="0" WORDCNT="89">
		<Primitive ID="Ad0021100" BOX="415 1036 667 1337" ELEMENT_TYPE="Content" SEQ_NO="1" TOC_ENTRY_ID="18" DEPTH_LEVEL="1" E="N" POPULAR_STYLE_REF="5"/>
		<Primitive ID="Ad0021101" BOX="415 1036 667 1337" ELEMENT_TYPE="AdFrame" SEQ_NO="0" TOC_ENTRY_ID="18" DEPTH_LEVEL="1" I_RES="144" POPULAR_STYLE_REF="-1"/>
	</Entity>
	<Entity ENTITY_TYPE="Ad" FIRST_TOC_ENTRY_ID="21" INDEX_IN_DOC="21" DEPTH_LEVEL="1" ID="Ad00212" SIZE="Small" BOX="667 1109 913 1337" NEXT_SECTION="" PREV_SECTION="1" IMAGES_RESOLUTION="160" LOGICAL_NAME="true" TOTAL_CHARS_COUNT="0" SUSPICIOUS_CHARS_COUNT="0" WORDCNT="129">
		<Primitive ID="Ad0021200" BOX="667 1109 913 1337" ELEMENT_TYPE="Content" SEQ_NO="1" TOC_ENTRY_ID="21" DEPTH_LEVEL="1" E="N" POPULAR_STYLE_REF="14"/>
		<Primitive ID="Ad0021201" BOX="667 1109 913 1337" ELEMENT_TYPE="AdFrame" SEQ_NO="0" TOC_ENTRY_ID="21" DEPTH_LEVEL="1" I_RES="144" POPULAR_STYLE_REF="-1"/>
	</Entity>
</XMD-PAGE>