<?xml version="1.0" encoding="UTF-8"?>
<alto xmlns="http://www.loc.gov/standards/alto/ns-v3#" xmlns:xsi="http://www.w3.org/2001/XMLSchema-instance" SCHEMAVERSION="alto_bnf-v2_0" xsi:schemaLocation="http://www.loc.gov/standards/alto/ns-v3# http://bibnum.bnf.fr/schema/alto_bnf-v2_0.xsd" xmlns:xlink="http://www.w3.org/TR/xlink">
  <Description>
    <MeasurementUnit>pixel</MeasurementUnit>
    <sourceImageInformation>
      <fileName>00000031.jp2</fileName>
      <fileIdentifier>ark:/12148/bpt6k47010350/f31</fileIdentifier>
      <documentIdentifier documentIdentifierLocation="NUM">4701035</documentIdentifier>
    </sourceImageInformation>
    <OCRProcessing ID="OCR_1">
      <ocrProcessingStep>
        <processingDateTime>2019-01-31</processingDateTime>
        <processingStepDescription>[001_OCR_BRUT]OCR BRUT 96.80 %</processingStepDescription>
        <processingStepDescription>[002_CHARS]{1424}</processingStepDescription>
        <processingStepDescription>[003_CHARS_USED]{183}</processingStepDescription>
        <processingStepDescription>[004_CHARS_SUSPECTS_USED]{0}</processingStepDescription>
        <processingStepDescription>[005_CHARS_UNUSED]{1241}</processingStepDescription>
        <processingStepDescription>[006_CHARS_SUSPECTS_UNUSED]{0}</processingStepDescription>
        <processingStepDescription>[007_STRINGS]{292}</processingStepDescription>
        <processingStepDescription>[008_STRINGS_USED]{37}</processingStepDescription>
        <processingStepDescription>[009_STRINGS_SUSPECTS_UNUSED]{0}</processingStepDescription>
        <processingStepDescription>[010_CHARS_LETTERS]{1349}</processingStepDescription>
        <processingStepDescription>[011_CHARS_PUNCTUATION]{75}</processingStepDescription>
        <processingStepDescription>[012_CHARS_DIGITS]{0}</processingStepDescription>
        <processingStepDescription>[013_CHARS_SUSPECT]{0}</processingStepDescription>
        <processingStepDescription>[022_CHARS_UNUSED_BY_BLOCK]{0}</processingStepDescription>
        <processingStepDescription>[023_BLOCKS_SUSPECTS]{0}</processingStepDescription>
        <processingStepDescription>[111_LIGS_DETECTED_CURV]{0}</processingStepDescription>
      </ocrProcessingStep>
    </OCRProcessing>
  </Description>
  <Styles>
    <TextStyle FONTSIZE="8" ID="TXT_5" FONTFAMILY="Times"/>
    <TextStyle FONTSIZE="6" ID="TXT_9" FONTFAMILY="Times"/>
  </Styles>
  <Tags>
    <StructureTag DESCRIPTION="ESSAYEZ...ET VOUS VERREZ" TYPE="Structural" ID="TAG_ST001" LABEL="title"/>
    <StructureTag DESCRIPTION="LE MONDE DES SENSATIONS PHYSIQUES EST MAL CONNU, ON SE FAIT DES IDEES FAUSSES QUE DETRUIT L'EXPERIENCE, VOUS RESTEZ SCEPTIQUE ? PAS POUR LONGTEMPS, CAR CES QUELQUES ESSAIS VOUS CONVAINCRONT QU'IL NE FAUT PAS JURER SANS SAVOIR." TYPE="Structural" ID="TAG_ST002" LABEL="subtitle"/>
  </Tags>
  <Layout>
    <Page ID="PAG_31" HEIGHT="4983" WIDTH="7522" PHYSICAL_IMG_NR="31" QUALITY="OK" ACCURACY="98.97">
      <PrintSpace HPOS="437" VPOS="363" HEIGHT="4308" WIDTH="6763" ID="PAG_31_PrintSpace">
        <ComposedBlock ID="PAG_31_CB000001" HPOS="437" VPOS="363" HEIGHT="4308" WIDTH="6763">
        <TextBlock HPOS="2099" VPOS="2293" HEIGHT="651" WIDTH="3459" ID="PAG_31_TB000001" TAGREFS="TAG_ST001" LANG="fr" STYLEREFS="TXT_5">
          <TextLine HPOS="2099" VPOS="2293" HEIGHT="651" WIDTH="3459" ID="PAG_31_TL000001" STYLEREFS="TXT_5">
            <String HPOS="2099" VPOS="2293" HEIGHT="651" WIDTH="1798" ID="PAG_31_ST000001" WC="1" CONTENT="ESSAYEZ...ET" STYLEREFS="TXT_5"/>
            <SP ID="PAG_31_SP000001" HPOS="3897" VPOS="2293" WIDTH="1"/>
            <String HPOS="3897" VPOS="2293" HEIGHT="651" WIDTH="691" ID="PAG_31_ST000002" WC="1" CONTENT="VOUS" STYLEREFS="TXT_5"/>
            <SP ID="PAG_31_SP000002" HPOS="4588" VPOS="2293" WIDTH="1"/>
            <String HPOS="4588" VPOS="2293" HEIGHT="651" WIDTH="970" ID="PAG_31_ST000003" WC="1" CONTENT="VERREZ" STYLEREFS="TXT_5"/>
          </TextLine>
        </TextBlock>
        <TextBlock HPOS="2716" VPOS="2720" HEIGHT="47" WIDTH="1017" ID="PAG_31_TB000002" TAGREFS="TAG_ST002" LANG="fr" STYLEREFS="TXT_9">
          <TextLine HPOS="2716" VPOS="2720" HEIGHT="47" WIDTH="1017" ID="PAG_31_TL000002" STYLEREFS="TXT_9">
            <String HPOS="2716" VPOS="2720" HEIGHT="32" WIDTH="43" ID="PAG_31_ST000004" WC="1" CONTENT="LE" STYLEREFS="TXT_9"/>
            <SP ID="PAG_31_SP000003" HPOS="2759" VPOS="2722" WIDTH="33"/>
            <String HPOS="2792" VPOS="2722" HEIGHT="32" WIDTH="154" ID="PAG_31_ST000005" WC="1" CONTENT="MONDE" STYLEREFS="TXT_9"/>
            <SP ID="PAG_31_SP000004" HPOS="2946" VPOS="2724" WIDTH="34"/>
            <String HPOS="2980" VPOS="2724" HEIGHT="31" WIDTH="75" ID="PAG_31_ST000006" WC="1" CONTENT="DES" STYLEREFS="TXT_9"/>
            <SP ID="PAG_31_SP000005" HPOS="3055" VPOS="2725" WIDTH="33"/>
            <String HPOS="3088" VPOS="2725" HEIGHT="34" WIDTH="269" ID="PAG_31_ST000007" WC="1" CONTENT="SENSATIONS" STYLEREFS="TXT_9"/>
            <SP ID="PAG_31_SP000006" HPOS="3357" VPOS="2728" WIDTH="34"/>
            <String HPOS="3391" VPOS="2728" HEIGHT="39" WIDTH="238" ID="PAG_31_ST000008" WC="1" CONTENT="PHYSIQUES" STYLEREFS="TXT_9"/>
            <SP ID="PAG_31_SP000007" HPOS="3629" VPOS="2731" WIDTH="34"/>
            <String HPOS="3663" VPOS="2731" HEIGHT="31" WIDTH="70" ID="PAG_31_ST000009" WC="1" CONTENT="EST" STYLEREFS="TXT_9"/>
          </TextLine>
        </TextBlock>
        <TextBlock HPOS="2716" VPOS="2796" HEIGHT="40" WIDTH="1016" ID="PAG_31_TB000003" TAGREFS="TAG_ST002" LANG="fr" STYLEREFS="TXT_9">
          <TextLine HPOS="2716" VPOS="2796" HEIGHT="40" WIDTH="1016" ID="PAG_31_TL000003" STYLEREFS="TXT_9">
            <String HPOS="2716" VPOS="2796" HEIGHT="30" WIDTH="89" ID="PAG_31_ST000010" WC="1" CONTENT="MAL" STYLEREFS="TXT_9"/>
            <SP ID="PAG_31_SP000008" HPOS="2805" VPOS="2796" WIDTH="25"/>
            <String HPOS="2830" VPOS="2796" HEIGHT="33" WIDTH="172" ID="PAG_31_ST000011" WC="1" CONTENT="CONNU," STYLEREFS="TXT_9"/>
            <SP ID="PAG_31_SP000009" HPOS="3002" VPOS="2798" WIDTH="26"/>
            <String HPOS="3028" VPOS="2798" HEIGHT="31" WIDTH="62" ID="PAG_31_ST000012" WC="1" CONTENT="ON" STYLEREFS="TXT_9"/>
            <SP ID="PAG_31_SP000010" HPOS="3090" VPOS="2799" WIDTH="28"/>
            <String HPOS="3118" VPOS="2799" HEIGHT="31" WIDTH="45" ID="PAG_31_ST000013" WC="1" CONTENT="SE" STYLEREFS="TXT_9"/>
            <SP ID="PAG_31_SP000011" HPOS="3163" VPOS="2801" WIDTH="27"/>
            <String HPOS="3190" VPOS="2801" HEIGHT="31" WIDTH="92" ID="PAG_31_ST000014" WC="1" CONTENT="FAIT" STYLEREFS="TXT_9"/>
            <SP ID="PAG_31_SP000012" HPOS="3282" VPOS="2802" WIDTH="26"/>
            <String HPOS="3308" VPOS="2802" HEIGHT="31" WIDTH="74" ID="PAG_31_ST000015" WC="1" CONTENT="DES" STYLEREFS="TXT_9"/>
            <SP ID="PAG_31_SP000013" HPOS="3382" VPOS="2803" WIDTH="27"/>
            <String HPOS="3409" VPOS="2803" HEIGHT="32" WIDTH="114" ID="PAG_31_ST000016" WC="1" CONTENT="IDEES" STYLEREFS="TXT_9"/>
            <SP ID="PAG_31_SP000014" HPOS="3523" VPOS="2804" WIDTH="27"/>
            <String HPOS="3550" VPOS="2804" HEIGHT="32" WIDTH="182" ID="PAG_31_ST000017" WC="1" CONTENT="FAUSSES" STYLEREFS="TXT_9"/>
          </TextLine>
        </TextBlock>
        <TextBlock HPOS="2714" VPOS="2869" HEIGHT="42" WIDTH="1018" ID="PAG_31_TB000004" TAGREFS="TAG_ST002" LANG="fr" STYLEREFS="TXT_9">
          <TextLine HPOS="2714" VPOS="2869" HEIGHT="42" WIDTH="1018" ID="PAG_31_TL000004" STYLEREFS="TXT_9">
            <String HPOS="2714" VPOS="2869" HEIGHT="37" WIDTH="85" ID="PAG_31_ST000018" WC="1" CONTENT="QUE" STYLEREFS="TXT_9"/>
            <SP ID="PAG_31_SP000015" HPOS="2799" VPOS="2871" WIDTH="50"/>
            <String HPOS="2849" VPOS="2871" HEIGHT="32" WIDTH="172" ID="PAG_31_ST000019" WC="1" CONTENT="DETRUIT" STYLEREFS="TXT_9"/>
            <SP ID="PAG_31_SP000016" HPOS="3021" VPOS="2874" WIDTH="49"/>
            <String HPOS="3070" VPOS="2874" HEIGHT="33" WIDTH="301" ID="PAG_31_ST000020" WC="1" CONTENT="L'EXPERIENCE," STYLEREFS="TXT_9"/>
            <SP ID="PAG_31_SP000017" HPOS="3371" VPOS="2878" WIDTH="52"/>
            <String HPOS="3423" VPOS="2878" HEIGHT="31" WIDTH="113" ID="PAG_31_ST000021" WC="1" CONTENT="VOUS" STYLEREFS="TXT_9"/>
            <SP ID="PAG_31_SP000018" HPOS="3536" VPOS="2879" WIDTH="48"/>
            <String HPOS="3584" VPOS="2879" HEIGHT="32" WIDTH="148" ID="PAG_31_ST000022" WC="1" CONTENT="RESTEZ" STYLEREFS="TXT_9"/>
          </TextLine>
        </TextBlock>
        <TextBlock HPOS="3959" VPOS="2750" HEIGHT="42" WIDTH="1012" ID="PAG_31_TB000005" TAGREFS="TAG_ST002" LANG="fr" STYLEREFS="TXT_9">
          <TextLine HPOS="3959" VPOS="2750" HEIGHT="42" WIDTH="1012" ID="PAG_31_TL000005" STYLEREFS="TXT_9">
            <String HPOS="3959" VPOS="2750" HEIGHT="39" WIDTH="234" ID="PAG_31_ST000023" WC="1" CONTENT="SCEPTIQUE" STYLEREFS="TXT_9"/>
            <SP ID="PAG_31_SP000019" HPOS="4193" VPOS="2752" WIDTH="46"/>
            <String HPOS="4239" VPOS="2752" HEIGHT="31" WIDTH="17" ID="PAG_31_ST000024" WC="1" CONTENT="?" STYLEREFS="TXT_9"/>
            <SP ID="PAG_31_SP000020" HPOS="4256" VPOS="2752" WIDTH="42"/>
            <String HPOS="4298" VPOS="2752" HEIGHT="31" WIDTH="77" ID="PAG_31_ST000025" WC="1" CONTENT="PAS" STYLEREFS="TXT_9"/>
            <SP ID="PAG_31_SP000021" HPOS="4375" VPOS="2753" WIDTH="43"/>
            <String HPOS="4418" VPOS="2753" HEIGHT="31" WIDTH="112" ID="PAG_31_ST000026" WC="1" CONTENT="POUR" STYLEREFS="TXT_9"/>
            <SP ID="PAG_31_SP000022" HPOS="4530" VPOS="2755" WIDTH="42"/>
            <String HPOS="4572" VPOS="2755" HEIGHT="37" WIDTH="270" ID="PAG_31_ST000027" WC="0.96" CONTENT="LONGTEMPS," STYLEREFS="TXT_9"/>
            <SP ID="PAG_31_SP000023" HPOS="4842" VPOS="2758" WIDTH="41"/>
            <String HPOS="4883" VPOS="2758" HEIGHT="31" WIDTH="88" ID="PAG_31_ST000028" WC="1" CONTENT="CAR" STYLEREFS="TXT_9"/>
          </TextLine>
        </TextBlock>
        <TextBlock HPOS="3955" VPOS="2823" HEIGHT="40" WIDTH="1016" ID="PAG_31_TB000006" TAGREFS="TAG_ST002" LANG="fr" STYLEREFS="TXT_9">
          <TextLine HPOS="3955" VPOS="2823" HEIGHT="40" WIDTH="1016" ID="PAG_31_TL000006" STYLEREFS="TXT_9">
            <String HPOS="3955" VPOS="2823" HEIGHT="32" WIDTH="80" ID="PAG_31_ST000029" WC="1" CONTENT="CES" STYLEREFS="TXT_9"/>
            <SP ID="PAG_31_SP000024" HPOS="4035" VPOS="2825" WIDTH="24"/>
            <String HPOS="4059" VPOS="2825" HEIGHT="38" WIDTH="224" ID="PAG_31_ST000030" WC="0.99" CONTENT="QUELQUES" STYLEREFS="TXT_9"/>
            <SP ID="PAG_31_SP000025" HPOS="4283" VPOS="2826" WIDTH="27"/>
            <String HPOS="4310" VPOS="2826" HEIGHT="33" WIDTH="142" ID="PAG_31_ST000031" WC="1" CONTENT="ESSAIS" STYLEREFS="TXT_9"/>
            <SP ID="PAG_31_SP000026" HPOS="4452" VPOS="2828" WIDTH="26"/>
            <String HPOS="4478" VPOS="2828" HEIGHT="32" WIDTH="112" ID="PAG_31_ST000032" WC="1" CONTENT="VOUS" STYLEREFS="TXT_9"/>
            <SP ID="PAG_31_SP000027" HPOS="4590" VPOS="2829" WIDTH="25"/>
            <String HPOS="4615" VPOS="2829" HEIGHT="34" WIDTH="356" ID="PAG_31_ST000033" WC="1" CONTENT="CONVAINCRONT" STYLEREFS="TXT_9"/>
          </TextLine>
        </TextBlock>
        <TextBlock HPOS="3967" VPOS="2898" HEIGHT="39" WIDTH="1001" ID="PAG_31_TB000007" TAGREFS="TAG_ST002" LANG="fr" STYLEREFS="TXT_9">
          <TextLine HPOS="3967" VPOS="2898" HEIGHT="39" WIDTH="1001" ID="PAG_31_TL000007" STYLEREFS="TXT_9">
            <String HPOS="3967" VPOS="2898" HEIGHT="38" WIDTH="100" ID="PAG_31_ST000034" WC="1" CONTENT="QU'IL" STYLEREFS="TXT_9"/>
            <SP ID="PAG_31_SP000028" HPOS="4067" VPOS="2900" WIDTH="44"/>
            <String HPOS="4111" VPOS="2900" HEIGHT="30" WIDTH="51" ID="PAG_31_ST000035" WC="1" CONTENT="NE" STYLEREFS="TXT_9"/>
            <SP ID="PAG_31_SP000029" HPOS="4162" VPOS="2900" WIDTH="44"/>
            <String HPOS="4206" VPOS="2900" HEIGHT="31" WIDTH="106" ID="PAG_31_ST000036" WC="1" CONTENT="FAUT" STYLEREFS="TXT_9"/>
            <SP ID="PAG_31_SP000030" HPOS="4312" VPOS="2901" WIDTH="42"/>
            <String HPOS="4354" VPOS="2901" HEIGHT="32" WIDTH="78" ID="PAG_31_ST000037" WC="1" CONTENT="PAS" STYLEREFS="TXT_9"/>
            <SP ID="PAG_31_SP000031" HPOS="4432" VPOS="2902" WIDTH="44"/>
            <String HPOS="4476" VPOS="2902" HEIGHT="32" WIDTH="127" ID="PAG_31_ST000038" WC="1" CONTENT="JURER" STYLEREFS="TXT_9"/>
            <SP ID="PAG_31_SP000032" HPOS="4603" VPOS="2904" WIDTH="45"/>
            <String HPOS="4648" VPOS="2904" HEIGHT="33" WIDTH="111" ID="PAG_31_ST000039" WC="1" CONTENT="SANS" STYLEREFS="TXT_9"/>
            <SP ID="PAG_31_SP000033" HPOS="4759" VPOS="2904" WIDTH="42"/>
            <String HPOS="4801" VPOS="2904" HEIGHT="33" WIDTH="167" ID="PAG_31_ST000040" WC="1" CONTENT="SAVOIR." STYLEREFS="TXT_9"/>
          </TextLine>
        </TextBlock>
        <TextBlock HPOS="829" VPOS="603" HEIGHT="143" WIDTH="1160" ID="PAG_31_TB000008" LANG="fr" STYLEREFS="TXT_9">
          <TextLine HPOS="831" VPOS="603" HEIGHT="51" WIDTH="1156" ID="PAG_31_TL000008" STYLEREFS="TXT_9">
            <String HPOS="831" VPOS="603" HEIGHT="32" WIDTH="81" ID="PAG_31_ST000041" WC="1" CONTENT="Tirer" STYLEREFS="TXT_9"/>
            <SP ID="PAG_31_SP000034" HPOS="912" VPOS="605" WIDTH="29"/>
            <String HPOS="941" VPOS="605" HEIGHT="30" WIDTH="30" ID="PAG_31_ST000042" WC="1" CONTENT="la" STYLEREFS="TXT_9"/>
            <SP ID="PAG_31_SP000035" HPOS="971" VPOS="606" WIDTH="30"/>
            <String HPOS="1001" VPOS="606" HEIGHT="38" WIDTH="111" ID="PAG_31_ST000043" WC="1" CONTENT="langue" STYLEREFS="TXT_9"/>
            <SP ID="PAG_31_SP000036" HPOS="1112" VPOS="609" WIDTH="30"/>
            <String HPOS="1142" VPOS="609" HEIGHT="36" WIDTH="105" ID="PAG_31_ST000044" WC="1" CONTENT="quand" STYLEREFS="TXT_9"/>
            <SP ID="PAG_31_SP000037" HPOS="1247" VPOS="622" WIDTH="28"/>
            <String HPOS="1275" VPOS="622" HEIGHT="18" WIDTH="37" ID="PAG_31_ST000045" WC="1" CONTENT="on" STYLEREFS="TXT_9"/>
            <SP ID="PAG_31_SP000038" HPOS="1312" VPOS="611" WIDTH="31"/>
            <String HPOS="1343" VPOS="611" HEIGHT="31" WIDTH="77" ID="PAG_31_ST000046" WC="1" CONTENT="n'est" STYLEREFS="TXT_9"/>
            <SP ID="PAG_31_SP000039" HPOS="1420" VPOS="613" WIDTH="28"/>
            <String HPOS="1448" VPOS="613" HEIGHT="35" WIDTH="69" ID="PAG_31_ST000047" WC="1" CONTENT="plus" STYLEREFS="TXT_9"/>
            <SP ID="PAG_31_SP000040" HPOS="1517" VPOS="626" WIDTH="29"/>
            <String HPOS="1546" VPOS="626" HEIGHT="18" WIDTH="35" ID="PAG_31_ST000048" WC="1" CONTENT="un" STYLEREFS="TXT_9"/>
            <SP ID="PAG_31_SP000041" HPOS="1581" VPOS="615" WIDTH="31"/>
            <String HPOS="1612" VPOS="615" HEIGHT="31" WIDTH="118" ID="PAG_31_ST000049" WC="0.99" CONTENT="écolier" STYLEREFS="TXT_9"/>
            <SP ID="PAG_31_SP000042" HPOS="1730" VPOS="616" WIDTH="31"/>
            <String HPOS="1761" VPOS="616" HEIGHT="30" WIDTH="15" ID="PAG_31_ST000050" WC="1" CONTENT="?" STYLEREFS="TXT_9"/>
            <SP ID="PAG_31_SP000043" HPOS="1776" VPOS="617" WIDTH="32"/>
            <String HPOS="1808" VPOS="617" HEIGHT="33" WIDTH="70" ID="PAG_31_ST000051" WC="1" CONTENT="Oui," STYLEREFS="TXT_9"/>
            <SP ID="PAG_31_SP000044" HPOS="1878" VPOS="630" WIDTH="30"/>
            <String HPOS="1908" VPOS="630" HEIGHT="24" WIDTH="79" ID="PAG_31_ST000052" WC="1" CONTENT="pour" STYLEREFS="TXT_9"/>
          </TextLine>
          <TextLine HPOS="834" VPOS="653" HEIGHT="44" WIDTH="1155" ID="PAG_31_TL000009" STYLEREFS="TXT_9">
            <String HPOS="834" VPOS="653" HEIGHT="29" WIDTH="156" ID="PAG_31_ST000053" WC="0.98" CONTENT="consister" STYLEREFS="TXT_9"/>
            <SP ID="PAG_31_SP000045" HPOS="990" VPOS="664" WIDTH="22"/>
            <String HPOS="1012" VPOS="664" HEIGHT="25" WIDTH="60" ID="PAG_31_ST000054" WC="1" CONTENT="que" STYLEREFS="TXT_9"/>
            <SP ID="PAG_31_SP000046" HPOS="1072" VPOS="653" WIDTH="26"/>
            <String HPOS="1098" VPOS="653" HEIGHT="30" WIDTH="29" ID="PAG_31_ST000055" WC="0.79" CONTENT="ia" STYLEREFS="TXT_9"/>
            <SP ID="PAG_31_SP000047" HPOS="1127" VPOS="655" WIDTH="21"/>
            <String HPOS="1148" VPOS="655" HEIGHT="37" WIDTH="110" ID="PAG_31_ST000056" WC="0.99" CONTENT="piqûre" STYLEREFS="TXT_9"/>
            <SP ID="PAG_31_SP000048" HPOS="1258" VPOS="655" WIDTH="24"/>
            <String HPOS="1282" VPOS="655" HEIGHT="32" WIDTH="79" ID="PAG_31_ST000057" WC="1" CONTENT="faite" STYLEREFS="TXT_9"/>
            <SP ID="PAG_31_SP000049" HPOS="1361" VPOS="668" WIDTH="22"/>
            <String HPOS="1383" VPOS="668" HEIGHT="28" WIDTH="57" ID="PAG_31_ST000058" WC="1" CONTENT="par" STYLEREFS="TXT_9"/>
            <SP ID="PAG_31_SP000050" HPOS="1440" VPOS="670" WIDTH="24"/>
            <String HPOS="1464" VPOS="670" HEIGHT="19" WIDTH="56" ID="PAG_31_ST000059" WC="1" CONTENT="une" STYLEREFS="TXT_9"/>
            <SP ID="PAG_31_SP000051" HPOS="1520" VPOS="661" WIDTH="22"/>
            <String HPOS="1542" VPOS="661" HEIGHT="36" WIDTH="130" ID="PAG_31_ST000060" WC="1" CONTENT="aiguille" STYLEREFS="TXT_9"/>
            <SP ID="PAG_31_SP000052" HPOS="1672" VPOS="662" WIDTH="23"/>
            <String HPOS="1695" VPOS="662" HEIGHT="30" WIDTH="18" ID="PAG_31_ST000061" WC="0.96" CONTENT="à" STYLEREFS="TXT_9"/>
            <SP ID="PAG_31_SP000053" HPOS="1713" VPOS="663" WIDTH="24"/>
            <String HPOS="1737" VPOS="663" HEIGHT="31" WIDTH="128" ID="PAG_31_ST000062" WC="0.99" CONTENT="tricoter" STYLEREFS="TXT_9"/>
            <SP ID="PAG_31_SP000054" HPOS="1865" VPOS="664" WIDTH="23"/>
            <String HPOS="1888" VPOS="664" HEIGHT="32" WIDTH="101" ID="PAG_31_ST000063" WC="1" CONTENT="donne" STYLEREFS="TXT_9"/>
          </TextLine>
          <TextLine HPOS="829" VPOS="700" HEIGHT="46" WIDTH="1154" ID="PAG_31_TL000010" STYLEREFS="TXT_9">
            <String HPOS="829" VPOS="707" HEIGHT="19" WIDTH="56" ID="PAG_31_ST000064" WC="1" CONTENT="une" STYLEREFS="TXT_9"/>
            <SP ID="PAG_31_SP000055" HPOS="885" VPOS="707" WIDTH="33"/>
            <String HPOS="918" VPOS="707" HEIGHT="21" WIDTH="108" ID="PAG_31_ST000065" WC="1" CONTENT="saveur" STYLEREFS="TXT_9"/>
            <SP ID="PAG_31_SP000056" HPOS="1026" VPOS="700" WIDTH="31"/>
            <String HPOS="1057" VPOS="700" HEIGHT="31" WIDTH="137" ID="PAG_31_ST000066" WC="1" CONTENT="sucrée..." STYLEREFS="TXT_9"/>
            <SP ID="PAG_31_SP000057" HPOS="1194" VPOS="712" WIDTH="34"/>
            <String HPOS="1228" VPOS="712" HEIGHT="19" WIDTH="51" ID="PAG_31_ST000067" WC="1" CONTENT="car" STYLEREFS="TXT_9"/>
            <SP ID="PAG_31_SP000058" HPOS="1279" VPOS="702" WIDTH="34"/>
            <String HPOS="1313" VPOS="702" HEIGHT="31" WIDTH="62" ID="PAG_31_ST000068" WC="0.99" CONTENT="elle" STYLEREFS="TXT_9"/>
            <SP ID="PAG_31_SP000059" HPOS="1375" VPOS="704" WIDTH="33"/>
            <String HPOS="1408" VPOS="704" HEIGHT="32" WIDTH="115" ID="PAG_31_ST000069" WC="0.99" CONTENT="éveille" STYLEREFS="TXT_9"/>
            <SP ID="PAG_31_SP000060" HPOS="1523" VPOS="706" WIDTH="34"/>
            <String HPOS="1557" VPOS="706" HEIGHT="31" WIDTH="43" ID="PAG_31_ST000070" WC="1" CONTENT="les" STYLEREFS="TXT_9"/>
            <SP ID="PAG_31_SP000061" HPOS="1600" VPOS="707" WIDTH="32"/>
            <String HPOS="1632" VPOS="707" HEIGHT="38" WIDTH="138" ID="PAG_31_ST000071" WC="1" CONTENT="papilles" STYLEREFS="TXT_9"/>
            <SP ID="PAG_31_SP000062" HPOS="1770" VPOS="712" WIDTH="34"/>
            <String HPOS="1804" VPOS="712" HEIGHT="34" WIDTH="179" ID="PAG_31_ST000072" WC="1" CONTENT="gustatives." STYLEREFS="TXT_9"/>
          </TextLine>
        </TextBlock>
        <Illustration ID="PAG_31_IL000001" HPOS="626" VPOS="763" HEIGHT="1617" WIDTH="1524"/>
        <Illustration ID="PAG_31_IL000002" HPOS="437" VPOS="2423" HEIGHT="1617" WIDTH="1560"/>
        <TextBlock HPOS="449" VPOS="4040" HEIGHT="133" WIDTH="1148" ID="PAG_31_TB000009" LANG="fr" STYLEREFS="TXT_9">
          <TextLine HPOS="453" VPOS="4040" HEIGHT="46" WIDTH="1144" ID="PAG_31_TL000011" STYLEREFS="TXT_9">
            <String HPOS="453" VPOS="4040" HEIGHT="31" WIDTH="191" ID="PAG_31_ST000073" WC="1" CONTENT="Saviez-vous" STYLEREFS="TXT_9"/>
            <SP ID="PAG_31_SP000063" HPOS="644" VPOS="4043" WIDTH="21"/>
            <String HPOS="665" VPOS="4043" HEIGHT="34" WIDTH="76" ID="PAG_31_ST000074" WC="0.99" CONTENT="qu'il" STYLEREFS="TXT_9"/>
            <SP ID="PAG_31_SP000064" HPOS="741" VPOS="4047" WIDTH="22"/>
            <String HPOS="763" VPOS="4047" HEIGHT="26" WIDTH="45" ID="PAG_31_ST000075" WC="1" CONTENT="est" STYLEREFS="TXT_9"/>
            <SP ID="PAG_31_SP000065" HPOS="808" VPOS="4045" WIDTH="23"/>
            <String HPOS="831" VPOS="4045" HEIGHT="37" WIDTH="186" ID="PAG_31_ST000076" WC="1" CONTENT="impossible," STYLEREFS="TXT_9"/>
            <SP ID="PAG_31_SP000066" HPOS="1017" VPOS="4048" WIDTH="23"/>
            <String HPOS="1040" VPOS="4048" HEIGHT="35" WIDTH="86" ID="PAG_31_ST000077" WC="0.99" CONTENT="privé" STYLEREFS="TXT_9"/>
            <SP ID="PAG_31_SP000067" HPOS="1126" VPOS="4048" WIDTH="21"/>
            <String HPOS="1147" VPOS="4048" HEIGHT="31" WIDTH="40" ID="PAG_31_ST000078" WC="1" CONTENT="de" STYLEREFS="TXT_9"/>
            <SP ID="PAG_31_SP000068" HPOS="1187" VPOS="4049" WIDTH="23"/>
            <String HPOS="1210" VPOS="4049" HEIGHT="30" WIDTH="30" ID="PAG_31_ST000079" WC="0.94" CONTENT="la" STYLEREFS="TXT_9"/>
            <SP ID="PAG_31_SP000069" HPOS="1240" VPOS="4062" WIDTH="22"/>
            <String HPOS="1262" VPOS="4062" HEIGHT="18" WIDTH="55" ID="PAG_31_ST000080" WC="1" CONTENT="vue" STYLEREFS="TXT_9"/>
            <SP ID="PAG_31_SP000070" HPOS="1317" VPOS="4056" WIDTH="21"/>
            <String HPOS="1338" VPOS="4056" HEIGHT="25" WIDTH="30" ID="PAG_31_ST000081" WC="1" CONTENT="et" STYLEREFS="TXT_9"/>
            <SP ID="PAG_31_SP000071" HPOS="1368" VPOS="4052" WIDTH="22"/>
            <String HPOS="1390" VPOS="4052" HEIGHT="30" WIDTH="40" ID="PAG_31_ST000082" WC="1" CONTENT="de" STYLEREFS="TXT_9"/>
            <SP ID="PAG_31_SP000072" HPOS="1430" VPOS="4053" WIDTH="23"/>
            <String HPOS="1453" VPOS="4053" HEIGHT="33" WIDTH="144" ID="PAG_31_ST000083" WC="1" CONTENT="l'odorat," STYLEREFS="TXT_9"/>
          </TextLine>
          <TextLine HPOS="453" VPOS="4085" HEIGHT="45" WIDTH="1143" ID="PAG_31_TL000012" STYLEREFS="TXT_9">
            <String HPOS="453" VPOS="4085" HEIGHT="30" WIDTH="39" ID="PAG_31_ST000084" WC="1" CONTENT="de" STYLEREFS="TXT_9"/>
            <SP ID="PAG_31_SP000073" HPOS="492" VPOS="4085" WIDTH="23"/>
            <String HPOS="515" VPOS="4085" HEIGHT="37" WIDTH="169" ID="PAG_31_ST000085" WC="1" CONTENT="distinguer" STYLEREFS="TXT_9"/>
            <SP ID="PAG_31_SP000074" HPOS="684" VPOS="4089" WIDTH="22"/>
            <String HPOS="706" VPOS="4089" HEIGHT="29" WIDTH="25" ID="PAG_31_ST000086" WC="0.98" CONTENT="si" STYLEREFS="TXT_9"/>
            <SP ID="PAG_31_SP000075" HPOS="731" VPOS="4099" WIDTH="22"/>
            <String HPOS="753" VPOS="4099" HEIGHT="20" WIDTH="55" ID="PAG_31_ST000087" WC="1" CONTENT="une" STYLEREFS="TXT_9"/>
            <SP ID="PAG_31_SP000076" HPOS="808" VPOS="4091" WIDTH="23"/>
            <String HPOS="831" VPOS="4091" HEIGHT="35" WIDTH="162" ID="PAG_31_ST000088" WC="0.99" CONTENT="cigarette," STYLEREFS="TXT_9"/>
            <SP ID="PAG_31_SP000077" HPOS="993" VPOS="4093" WIDTH="23"/>
            <String HPOS="1016" VPOS="4093" HEIGHT="36" WIDTH="111" ID="PAG_31_ST000089" WC="1" CONTENT="portée" STYLEREFS="TXT_9"/>
            <SP ID="PAG_31_SP000078" HPOS="1127" VPOS="4094" WIDTH="22"/>
            <String HPOS="1149" VPOS="4094" HEIGHT="28" WIDTH="19" ID="PAG_31_ST000090" WC="1" CONTENT="à" STYLEREFS="TXT_9"/>
            <SP ID="PAG_31_SP000079" HPOS="1168" VPOS="4094" WIDTH="24"/>
            <String HPOS="1192" VPOS="4094" HEIGHT="30" WIDTH="30" ID="PAG_31_ST000091" WC="1" CONTENT="la" STYLEREFS="TXT_9"/>
            <SP ID="PAG_31_SP000080" HPOS="1222" VPOS="4095" WIDTH="22"/>
            <String HPOS="1244" VPOS="4095" HEIGHT="35" WIDTH="128" ID="PAG_31_ST000092" WC="1" CONTENT="bouche," STYLEREFS="TXT_9"/>
            <SP ID="PAG_31_SP000081" HPOS="1372" VPOS="4101" WIDTH="23"/>
            <String HPOS="1395" VPOS="4101" HEIGHT="26" WIDTH="47" ID="PAG_31_ST000093" WC="1" CONTENT="est" STYLEREFS="TXT_9"/>
            <SP ID="PAG_31_SP000082" HPOS="1442" VPOS="4098" WIDTH="21"/>
            <String HPOS="1463" VPOS="4098" HEIGHT="31" WIDTH="133" ID="PAG_31_ST000094" WC="1" CONTENT="allumée" STYLEREFS="TXT_9"/>
          </TextLine>
          <TextLine HPOS="449" VPOS="4131" HEIGHT="42" WIDTH="1143" ID="PAG_31_TL000013" STYLEREFS="TXT_9">
            <String HPOS="449" VPOS="4140" HEIGHT="19" WIDTH="39" ID="PAG_31_ST000095" WC="1" CONTENT="ou" STYLEREFS="TXT_9"/>
            <SP ID="PAG_31_SP000083" HPOS="488" VPOS="4131" WIDTH="25"/>
            <String HPOS="513" VPOS="4131" HEIGHT="31" WIDTH="117" ID="PAG_31_ST000096" WC="0.99" CONTENT="éteinte" STYLEREFS="TXT_9"/>
            <SP ID="PAG_31_SP000084" HPOS="630" VPOS="4131" WIDTH="15"/>
            <String HPOS="645" VPOS="4131" HEIGHT="30" WIDTH="15" ID="PAG_31_ST000097" WC="1" CONTENT="?" STYLEREFS="TXT_9"/>
            <SP ID="PAG_31_SP000085" HPOS="660" VPOS="4132" WIDTH="26"/>
            <String HPOS="686" VPOS="4132" HEIGHT="33" WIDTH="151" ID="PAG_31_ST000098" WC="0.99" CONTENT="Serait-ce" STYLEREFS="TXT_9"/>
            <SP ID="PAG_31_SP000086" HPOS="837" VPOS="4147" WIDTH="28"/>
            <String HPOS="865" VPOS="4147" HEIGHT="19" WIDTH="33" ID="PAG_31_ST000099" WC="1" CONTENT="un" STYLEREFS="TXT_9"/>
            <SP ID="PAG_31_SP000087" HPOS="898" VPOS="4137" WIDTH="28"/>
            <String HPOS="926" VPOS="4137" HEIGHT="30" WIDTH="123" ID="PAG_31_ST000100" WC="1" CONTENT="remède" STYLEREFS="TXT_9"/>
            <SP ID="PAG_31_SP000088" HPOS="1049" VPOS="4142" WIDTH="27"/>
            <String HPOS="1076" VPOS="4142" HEIGHT="27" WIDTH="104" ID="PAG_31_ST000101" WC="1" CONTENT="contre" STYLEREFS="TXT_9"/>
            <SP ID="PAG_31_SP000089" HPOS="1180" VPOS="4140" WIDTH="28"/>
            <String HPOS="1208" VPOS="4140" HEIGHT="29" WIDTH="29" ID="PAG_31_ST000102" WC="1" CONTENT="la" STYLEREFS="TXT_9"/>
            <SP ID="PAG_31_SP000090" HPOS="1237" VPOS="4142" WIDTH="26"/>
            <String HPOS="1263" VPOS="4142" HEIGHT="29" WIDTH="98" ID="PAG_31_ST000103" WC="0.99" CONTENT="manie" STYLEREFS="TXT_9"/>
            <SP ID="PAG_31_SP000091" HPOS="1361" VPOS="4143" WIDTH="27"/>
            <String HPOS="1388" VPOS="4143" HEIGHT="29" WIDTH="39" ID="PAG_31_ST000104" WC="1" CONTENT="de" STYLEREFS="TXT_9"/>
            <SP ID="PAG_31_SP000092" HPOS="1427" VPOS="4142" WIDTH="28"/>
            <String HPOS="1455" VPOS="4142" HEIGHT="31" WIDTH="95" ID="PAG_31_ST000105" WC="1" CONTENT="fumer" STYLEREFS="TXT_9"/>
            <SP ID="PAG_31_SP000093" HPOS="1550" VPOS="4144" WIDTH="28"/>
            <String HPOS="1578" VPOS="4144" HEIGHT="29" WIDTH="14" ID="PAG_31_ST000106" WC="1" CONTENT="?" STYLEREFS="TXT_9"/>
          </TextLine>
        </TextBlock>
        <Illustration ID="PAG_31_IL000003" HPOS="2203" VPOS="363" HEIGHT="1628" WIDTH="1560"/>
        <TextBlock HPOS="2412" VPOS="2025" HEIGHT="135" WIDTH="1190" ID="PAG_31_TB000010" LANG="fr" STYLEREFS="TXT_9">
          <TextLine HPOS="2414" VPOS="2025" HEIGHT="45" WIDTH="1188" ID="PAG_31_TL000014" STYLEREFS="TXT_9">
            <String HPOS="2414" VPOS="2025" HEIGHT="32" WIDTH="133" ID="PAG_31_ST000107" WC="1" CONTENT="Touchez" STYLEREFS="TXT_9"/>
            <SP ID="PAG_31_SP000094" HPOS="2547" VPOS="2038" WIDTH="26"/>
            <String HPOS="2573" VPOS="2038" HEIGHT="20" WIDTH="55" ID="PAG_31_ST000108" WC="1" CONTENT="une" STYLEREFS="TXT_9"/>
            <SP ID="PAG_31_SP000095" HPOS="2628" VPOS="2027" WIDTH="24"/>
            <String HPOS="2652" VPOS="2027" HEIGHT="32" WIDTH="94" ID="PAG_31_ST000109" WC="1" CONTENT="boule" STYLEREFS="TXT_9"/>
            <SP ID="PAG_31_SP000096" HPOS="2746" VPOS="2040" WIDTH="25"/>
            <String HPOS="2771" VPOS="2040" HEIGHT="19" WIDTH="77" ID="PAG_31_ST000110" WC="1" CONTENT="avec" STYLEREFS="TXT_9"/>
            <SP ID="PAG_31_SP000097" HPOS="2848" VPOS="2030" WIDTH="26"/>
            <String HPOS="2874" VPOS="2030" HEIGHT="30" WIDTH="113" ID="PAG_31_ST000111" WC="0.99" CONTENT="l'index" STYLEREFS="TXT_9"/>
            <SP ID="PAG_31_SP000098" HPOS="2987" VPOS="2030" WIDTH="24"/>
            <String HPOS="3011" VPOS="2030" HEIGHT="31" WIDTH="40" ID="PAG_31_ST000112" WC="1" CONTENT="de" STYLEREFS="TXT_9"/>
            <SP ID="PAG_31_SP000099" HPOS="3051" VPOS="2032" WIDTH="26"/>
            <String HPOS="3077" VPOS="2032" HEIGHT="37" WIDTH="119" ID="PAG_31_ST000113" WC="0.98" CONTENT="chaque" STYLEREFS="TXT_9"/>
            <SP ID="PAG_31_SP000100" HPOS="3196" VPOS="2036" WIDTH="24"/>
            <String HPOS="3220" VPOS="2036" HEIGHT="34" WIDTH="90" ID="PAG_31_ST000114" WC="1" CONTENT="main," STYLEREFS="TXT_9"/>
            <SP ID="PAG_31_SP000101" HPOS="3310" VPOS="2038" WIDTH="25"/>
            <String HPOS="3335" VPOS="2038" HEIGHT="29" WIDTH="74" ID="PAG_31_ST000115" WC="1" CONTENT="mais" STYLEREFS="TXT_9"/>
            <SP ID="PAG_31_SP000102" HPOS="3409" VPOS="2049" WIDTH="25"/>
            <String HPOS="3434" VPOS="2049" HEIGHT="18" WIDTH="35" ID="PAG_31_ST000116" WC="1" CONTENT="en" STYLEREFS="TXT_9"/>
            <SP ID="PAG_31_SP000103" HPOS="3469" VPOS="2040" WIDTH="27"/>
            <String HPOS="3496" VPOS="2040" HEIGHT="29" WIDTH="76" ID="PAG_31_ST000117" WC="0.80" CONTENT="croi." SUBS_TYPE="HypPart1" SUBS_CONTENT="croi.sant" STYLEREFS="TXT_9"/>
            <HYP HPOS="3572" VPOS="2069" WIDTH="30" CONTENT="-"/>
          </TextLine>
          <TextLine HPOS="2412" VPOS="2073" HEIGHT="42" WIDTH="1160" ID="PAG_31_TL000015" STYLEREFS="TXT_9">
            <String HPOS="2412" VPOS="2075" HEIGHT="26" WIDTH="68" ID="PAG_31_ST000118" WC="1" CONTENT="sant" SUBS_TYPE="HypPart2" SUBS_CONTENT="croi.sant" STYLEREFS="TXT_9"/>
            <SP ID="PAG_31_SP000104" HPOS="2480" VPOS="2083" WIDTH="30"/>
            <String HPOS="2510" VPOS="2083" HEIGHT="20" WIDTH="51" ID="PAG_31_ST000119" WC="1" CONTENT="ces" STYLEREFS="TXT_9"/>
            <SP ID="PAG_31_SP000105" HPOS="2561" VPOS="2073" WIDTH="32"/>
            <String HPOS="2593" VPOS="2073" HEIGHT="30" WIDTH="78" ID="PAG_31_ST000120" WC="1" CONTENT="deux" STYLEREFS="TXT_9"/>
            <SP ID="PAG_31_SP000106" HPOS="2671" VPOS="2074" WIDTH="32"/>
            <String HPOS="2703" VPOS="2074" HEIGHT="36" WIDTH="114" ID="PAG_31_ST000121" WC="1" CONTENT="doigts." STYLEREFS="TXT_9"/>
            <SP ID="PAG_31_SP000107" HPOS="2817" VPOS="2075" WIDTH="36"/>
            <String HPOS="2853" VPOS="2075" HEIGHT="30" WIDTH="75" ID="PAG_31_ST000122" WC="1" CONTENT="Vous" STYLEREFS="TXT_9"/>
            <SP ID="PAG_31_SP000108" HPOS="2928" VPOS="2086" WIDTH="31"/>
            <String HPOS="2959" VPOS="2086" HEIGHT="20" WIDTH="89" ID="PAG_31_ST000123" WC="1" CONTENT="aurez" STYLEREFS="TXT_9"/>
            <SP ID="PAG_31_SP000109" HPOS="3048" VPOS="2081" WIDTH="32"/>
            <String HPOS="3080" VPOS="2081" HEIGHT="28" WIDTH="171" ID="PAG_31_ST000124" WC="1" CONTENT="nettement" STYLEREFS="TXT_9"/>
            <SP ID="PAG_31_SP000110" HPOS="3251" VPOS="2080" WIDTH="33"/>
            <String HPOS="3284" VPOS="2080" HEIGHT="30" WIDTH="30" ID="PAG_31_ST000125" WC="0.78" CONTENT="la" STYLEREFS="TXT_9"/>
            <SP ID="PAG_31_SP000111" HPOS="3314" VPOS="2084" WIDTH="30"/>
            <String HPOS="3344" VPOS="2084" HEIGHT="29" WIDTH="154" ID="PAG_31_ST000126" WC="1" CONTENT="sensation" STYLEREFS="TXT_9"/>
            <SP ID="PAG_31_SP000112" HPOS="3498" VPOS="2085" WIDTH="34"/>
            <String HPOS="3532" VPOS="2085" HEIGHT="30" WIDTH="40" ID="PAG_31_ST000127" WC="1" CONTENT="de" STYLEREFS="TXT_9"/>
          </TextLine>
          <TextLine HPOS="2414" VPOS="2116" HEIGHT="44" WIDTH="1157" ID="PAG_31_TL000016" STYLEREFS="TXT_9">
            <String HPOS="2414" VPOS="2116" HEIGHT="31" WIDTH="126" ID="PAG_31_ST000128" WC="1" CONTENT="toucher" STYLEREFS="TXT_9"/>
            <SP ID="PAG_31_SP000113" HPOS="2540" VPOS="2117" WIDTH="53"/>
            <String HPOS="2593" VPOS="2117" HEIGHT="31" WIDTH="78" ID="PAG_31_ST000129" WC="1" CONTENT="deux" STYLEREFS="TXT_9"/>
            <SP ID="PAG_31_SP000114" HPOS="2671" VPOS="2118" WIDTH="54"/>
            <String HPOS="2725" VPOS="2118" HEIGHT="32" WIDTH="117" ID="PAG_31_ST000130" WC="1" CONTENT="boules." STYLEREFS="TXT_9"/>
            <SP ID="PAG_31_SP000115" HPOS="2842" VPOS="2119" WIDTH="59"/>
            <String HPOS="2901" VPOS="2119" HEIGHT="31" WIDTH="89" ID="PAG_31_ST000131" WC="1" CONTENT="C'est" STYLEREFS="TXT_9"/>
            <SP ID="PAG_31_SP000116" HPOS="2990" VPOS="2121" WIDTH="55"/>
            <String HPOS="3045" VPOS="2121" HEIGHT="36" WIDTH="127" ID="PAG_31_ST000132" WC="1" CONTENT="bizarre," STYLEREFS="TXT_9"/>
            <SP ID="PAG_31_SP000117" HPOS="3172" VPOS="2126" WIDTH="55"/>
            <String HPOS="3227" VPOS="2126" HEIGHT="29" WIDTH="75" ID="PAG_31_ST000133" WC="1" CONTENT="mais" STYLEREFS="TXT_9"/>
            <SP ID="PAG_31_SP000118" HPOS="3302" VPOS="2128" WIDTH="55"/>
            <String HPOS="3357" VPOS="2128" HEIGHT="29" WIDTH="75" ID="PAG_31_ST000134" WC="1" CONTENT="c'est" STYLEREFS="TXT_9"/>
            <SP ID="PAG_31_SP000119" HPOS="3432" VPOS="2130" WIDTH="52"/>
            <String HPOS="3484" VPOS="2130" HEIGHT="30" WIDTH="87" ID="PAG_31_ST000135" WC="0.96" CONTENT="ainsi." STYLEREFS="TXT_9"/>
          </TextLine>
        </TextBlock>
        <Illustration ID="PAG_31_IL000004" HPOS="3942" VPOS="379" HEIGHT="1664" WIDTH="1548"/>
        <TextBlock HPOS="4155" VPOS="2060" HEIGHT="134" WIDTH="1149" ID="PAG_31_TB000011" LANG="fr" STYLEREFS="TXT_9">
          <TextLine HPOS="4155" VPOS="2060" HEIGHT="43" WIDTH="1149" ID="PAG_31_TL000017" STYLEREFS="TXT_9">
            <String HPOS="4155" VPOS="2060" HEIGHT="32" WIDTH="149" ID="PAG_31_ST000136" WC="1" CONTENT="Enfoncer" STYLEREFS="TXT_9"/>
            <SP ID="PAG_31_SP000120" HPOS="4304" VPOS="2074" WIDTH="26"/>
            <String HPOS="4330" VPOS="2074" HEIGHT="18" WIDTH="35" ID="PAG_31_ST000137" WC="1" CONTENT="un" STYLEREFS="TXT_9"/>
            <SP ID="PAG_31_SP000121" HPOS="4365" VPOS="2062" WIDTH="28"/>
            <String HPOS="4393" VPOS="2062" HEIGHT="31" WIDTH="139" ID="PAG_31_ST000138" WC="1" CONTENT="bouchon" STYLEREFS="TXT_9"/>
            <SP ID="PAG_31_SP000122" HPOS="4532" VPOS="2075" WIDTH="28"/>
            <String HPOS="4560" VPOS="2075" HEIGHT="19" WIDTH="35" ID="PAG_31_ST000139" WC="1" CONTENT="en" STYLEREFS="TXT_9"/>
            <SP ID="PAG_31_SP000123" HPOS="4595" VPOS="2064" WIDTH="27"/>
            <String HPOS="4622" VPOS="2064" HEIGHT="31" WIDTH="146" ID="PAG_31_ST000140" WC="1" CONTENT="soufflant" STYLEREFS="TXT_9"/>
            <SP ID="PAG_31_SP000124" HPOS="4768" VPOS="2065" WIDTH="26"/>
            <String HPOS="4794" VPOS="2065" HEIGHT="31" WIDTH="75" ID="PAG_31_ST000141" WC="1" CONTENT="dans" STYLEREFS="TXT_9"/>
            <SP ID="PAG_31_SP000125" HPOS="4869" VPOS="2078" WIDTH="27"/>
            <String HPOS="4896" VPOS="2078" HEIGHT="18" WIDTH="55" ID="PAG_31_ST000142" WC="1" CONTENT="une" STYLEREFS="TXT_9"/>
            <SP ID="PAG_31_SP000126" HPOS="4951" VPOS="2065" WIDTH="26"/>
            <String HPOS="4977" VPOS="2065" HEIGHT="38" WIDTH="99" ID="PAG_31_ST000143" WC="1" CONTENT="paille" STYLEREFS="TXT_9"/>
            <SP ID="PAG_31_SP000127" HPOS="5076" VPOS="2065" WIDTH="28"/>
            <String HPOS="5104" VPOS="2065" HEIGHT="31" WIDTH="15" ID="PAG_31_ST000144" WC="1" CONTENT="?" STYLEREFS="TXT_9"/>
            <SP ID="PAG_31_SP000128" HPOS="5119" VPOS="2066" WIDTH="27"/>
            <String HPOS="5146" VPOS="2066" HEIGHT="34" WIDTH="112" ID="PAG_31_ST000145" WC="0.95" CONTENT="Facile," STYLEREFS="TXT_9"/>
            <SP ID="PAG_31_SP000129" HPOS="5258" VPOS="2067" WIDTH="27"/>
            <String HPOS="5285" VPOS="2067" HEIGHT="29" WIDTH="19" ID="PAG_31_ST000146" WC="1" CONTENT="à" STYLEREFS="TXT_9"/>
          </TextLine>
          <TextLine HPOS="4156" VPOS="2107" HEIGHT="40" WIDTH="1148" ID="PAG_31_TL000018" STYLEREFS="TXT_9">
            <String HPOS="4156" VPOS="2107" HEIGHT="30" WIDTH="158" ID="PAG_31_ST000147" WC="1" CONTENT="condition" STYLEREFS="TXT_9"/>
            <SP ID="PAG_31_SP000130" HPOS="4314" VPOS="2119" WIDTH="26"/>
            <String HPOS="4340" VPOS="2119" HEIGHT="25" WIDTH="60" ID="PAG_31_ST000148" WC="1" CONTENT="que" STYLEREFS="TXT_9"/>
            <SP ID="PAG_31_SP000131" HPOS="4400" VPOS="2108" WIDTH="27"/>
            <String HPOS="4427" VPOS="2108" HEIGHT="31" WIDTH="28" ID="PAG_31_ST000149" WC="0.99" CONTENT="le" STYLEREFS="TXT_9"/>
            <SP ID="PAG_31_SP000132" HPOS="4455" VPOS="2108" WIDTH="24"/>
            <String HPOS="4479" VPOS="2108" HEIGHT="31" WIDTH="139" ID="PAG_31_ST000150" WC="1" CONTENT="bouchon" STYLEREFS="TXT_9"/>
            <SP ID="PAG_31_SP000133" HPOS="4618" VPOS="2111" WIDTH="27"/>
            <String HPOS="4645" VPOS="2111" HEIGHT="29" WIDTH="58" ID="PAG_31_ST000151" WC="0.8" CONTENT="soif" STYLEREFS="TXT_9"/>
            <SP ID="PAG_31_SP000134" HPOS="4703" VPOS="2110" WIDTH="26"/>
            <String HPOS="4729" VPOS="2110" HEIGHT="30" WIDTH="39" ID="PAG_31_ST000152" WC="1" CONTENT="du" STYLEREFS="TXT_9"/>
            <SP ID="PAG_31_SP000135" HPOS="4768" VPOS="2111" WIDTH="25"/>
            <String HPOS="4793" VPOS="2111" HEIGHT="30" WIDTH="96" ID="PAG_31_ST000153" WC="1" CONTENT="même" STYLEREFS="TXT_9"/>
            <SP ID="PAG_31_SP000136" HPOS="4889" VPOS="2111" WIDTH="25"/>
            <String HPOS="4914" VPOS="2111" HEIGHT="30" WIDTH="153" ID="PAG_31_ST000154" WC="1" CONTENT="diamètre" STYLEREFS="TXT_9"/>
            <SP ID="PAG_31_SP000137" HPOS="5067" VPOS="2123" WIDTH="24"/>
            <String HPOS="5091" VPOS="2123" HEIGHT="24" WIDTH="59" ID="PAG_31_ST000155" WC="1" CONTENT="que" STYLEREFS="TXT_9"/>
            <SP ID="PAG_31_SP000138" HPOS="5150" VPOS="2111" WIDTH="26"/>
            <String HPOS="5176" VPOS="2111" HEIGHT="31" WIDTH="128" ID="PAG_31_ST000156" WC="1" CONTENT="l'orifice" STYLEREFS="TXT_9"/>
          </TextLine>
          <TextLine HPOS="4155" VPOS="2151" HEIGHT="43" WIDTH="1149" ID="PAG_31_TL000019" STYLEREFS="TXT_9">
            <String HPOS="4155" VPOS="2151" HEIGHT="32" WIDTH="42" ID="PAG_31_ST000157" WC="1" CONTENT="de" STYLEREFS="TXT_9"/>
            <SP ID="PAG_31_SP000139" HPOS="4197" VPOS="2152" WIDTH="21"/>
            <String HPOS="4218" VPOS="2152" HEIGHT="30" WIDTH="31" ID="PAG_31_ST000158" WC="0.93" CONTENT="la" STYLEREFS="TXT_9"/>
            <SP ID="PAG_31_SP000140" HPOS="4249" VPOS="2152" WIDTH="21"/>
            <String HPOS="4270" VPOS="2152" HEIGHT="32" WIDTH="162" ID="PAG_31_ST000159" WC="0.99" CONTENT="bouteille." STYLEREFS="TXT_9"/>
            <SP ID="PAG_31_SP000141" HPOS="4432" VPOS="2154" WIDTH="24"/>
            <String HPOS="4456" VPOS="2154" HEIGHT="30" WIDTH="38" ID="PAG_31_ST000160" WC="0.73" CONTENT="Lc" STYLEREFS="TXT_9"/>
            <SP ID="PAG_31_SP000142" HPOS="4494" VPOS="2154" WIDTH="20"/>
            <String HPOS="4514" VPOS="2154" HEIGHT="38" WIDTH="103" ID="PAG_31_ST000161" WC="0.99" CONTENT="paille" STYLEREFS="TXT_9"/>
            <SP ID="PAG_31_SP000143" HPOS="4617" VPOS="2159" WIDTH="20"/>
            <String HPOS="4637" VPOS="2159" HEIGHT="27" WIDTH="168" ID="PAG_31_ST000162" WC="0.97" CONTENT="concentre" STYLEREFS="TXT_9"/>
            <SP ID="PAG_31_SP000144" HPOS="4805" VPOS="2156" WIDTH="20"/>
            <String HPOS="4825" VPOS="2156" HEIGHT="29" WIDTH="31" ID="PAG_31_ST000163" WC="1" CONTENT="la" STYLEREFS="TXT_9"/>
            <SP ID="PAG_31_SP000145" HPOS="4856" VPOS="2157" WIDTH="18"/>
            <String HPOS="4874" VPOS="2157" HEIGHT="37" WIDTH="139" ID="PAG_31_ST000164" WC="0.99" CONTENT="pression" STYLEREFS="TXT_9"/>
            <SP ID="PAG_31_SP000146" HPOS="5013" VPOS="2168" WIDTH="21"/>
            <String HPOS="5034" VPOS="2168" HEIGHT="19" WIDTH="46" ID="PAG_31_ST000165" WC="1" CONTENT="sur" STYLEREFS="TXT_9"/>
            <SP ID="PAG_31_SP000147" HPOS="5080" VPOS="2157" WIDTH="24"/>
            <String HPOS="5104" VPOS="2157" HEIGHT="30" WIDTH="28" ID="PAG_31_ST000166" WC="0.94" CONTENT="le" STYLEREFS="TXT_9"/>
            <SP ID="PAG_31_SP000148" HPOS="5132" VPOS="2156" WIDTH="21"/>
            <String HPOS="5153" VPOS="2156" HEIGHT="31" WIDTH="151" ID="PAG_31_ST000167" WC="1" CONTENT="bouchon." STYLEREFS="TXT_9"/>
          </TextLine>
        </TextBlock>
        <Illustration ID="PAG_31_IL000005" HPOS="2024" VPOS="3002" HEIGHT="1617" WIDTH="1650"/>
        <TextBlock HPOS="836" VPOS="4367" HEIGHT="144" WIDTH="1151" ID="PAG_31_TB000012" LANG="fr" STYLEREFS="TXT_9">
          <TextLine HPOS="841" VPOS="4367" HEIGHT="46" WIDTH="1146" ID="PAG_31_TL000020" STYLEREFS="TXT_9">
            <String HPOS="841" VPOS="4367" HEIGHT="32" WIDTH="89" ID="PAG_31_ST000168" WC="1" CONTENT="Posez" STYLEREFS="TXT_9"/>
            <SP ID="PAG_31_SP000149" HPOS="930" VPOS="4374" WIDTH="30"/>
            <String HPOS="960" VPOS="4374" HEIGHT="27" WIDTH="84" ID="PAG_31_ST000169" WC="1" CONTENT="votre" STYLEREFS="TXT_9"/>
            <SP ID="PAG_31_SP000150" HPOS="1044" VPOS="4374" WIDTH="31"/>
            <String HPOS="1075" VPOS="4374" HEIGHT="28" WIDTH="77" ID="PAG_31_ST000170" WC="0.99" CONTENT="main" STYLEREFS="TXT_9"/>
            <SP ID="PAG_31_SP000151" HPOS="1152" VPOS="4386" WIDTH="31"/>
            <String HPOS="1183" VPOS="4386" HEIGHT="18" WIDTH="48" ID="PAG_31_ST000171" WC="1" CONTENT="sur" STYLEREFS="TXT_9"/>
            <SP ID="PAG_31_SP000152" HPOS="1231" VPOS="4379" WIDTH="30"/>
            <String HPOS="1261" VPOS="4379" HEIGHT="28" WIDTH="84" ID="PAG_31_ST000172" WC="1" CONTENT="votre" STYLEREFS="TXT_9"/>
            <SP ID="PAG_31_SP000153" HPOS="1345" VPOS="4379" WIDTH="31"/>
            <String HPOS="1376" VPOS="4379" HEIGHT="29" WIDTH="73" ID="PAG_31_ST000173" WC="1" CONTENT="tête." STYLEREFS="TXT_9"/>
            <SP ID="PAG_31_SP000154" HPOS="1449" VPOS="4378" WIDTH="32"/>
            <String HPOS="1481" VPOS="4378" HEIGHT="32" WIDTH="68" ID="PAG_31_ST000174" WC="0.83" CONTENT="Bier," STYLEREFS="TXT_9"/>
            <SP ID="PAG_31_SP000155" HPOS="1549" VPOS="4383" WIDTH="32"/>
            <String HPOS="1581" VPOS="4383" HEIGHT="28" WIDTH="91" ID="PAG_31_ST000175" WC="1" CONTENT="malin" STYLEREFS="TXT_9"/>
            <SP ID="PAG_31_SP000156" HPOS="1672" VPOS="4384" WIDTH="31"/>
            <String HPOS="1703" VPOS="4384" HEIGHT="26" WIDTH="82" ID="PAG_31_ST000176" WC="1" CONTENT="celui" STYLEREFS="TXT_9"/>
            <SP ID="PAG_31_SP000157" HPOS="1785" VPOS="4386" WIDTH="27"/>
            <String HPOS="1812" VPOS="4386" HEIGHT="27" WIDTH="61" ID="PAG_31_ST000177" WC="1" CONTENT="qui," STYLEREFS="TXT_9"/>
            <SP ID="PAG_31_SP000158" HPOS="1873" VPOS="4386" WIDTH="31"/>
            <String HPOS="1904" VPOS="4386" HEIGHT="24" WIDTH="83" ID="PAG_31_ST000178" WC="0.95" CONTENT="fût-il" STYLEREFS="TXT_9"/>
          </TextLine>
          <TextLine HPOS="841" VPOS="4412" HEIGHT="47" WIDTH="1145" ID="PAG_31_TL000021" STYLEREFS="TXT_9">
            <String HPOS="841" VPOS="4412" HEIGHT="36" WIDTH="132" ID="PAG_31_ST000179" WC="1" CONTENT="hercule," STYLEREFS="TXT_9"/>
            <SP ID="PAG_31_SP000159" HPOS="973" VPOS="4416" WIDTH="53"/>
            <String HPOS="1026" VPOS="4416" HEIGHT="32" WIDTH="165" ID="PAG_31_ST000180" WC="1" CONTENT="l'enlèvera" STYLEREFS="TXT_9"/>
            <SP ID="PAG_31_SP000160" HPOS="1191" VPOS="4421" WIDTH="49"/>
            <String HPOS="1240" VPOS="4421" HEIGHT="29" WIDTH="40" ID="PAG_31_ST000181" WC="1" CONTENT="de" STYLEREFS="TXT_9"/>
            <SP ID="PAG_31_SP000161" HPOS="1280" VPOS="4423" WIDTH="52"/>
            <String HPOS="1332" VPOS="4423" HEIGHT="28" WIDTH="28" ID="PAG_31_ST000182" WC="0.99" CONTENT="là" STYLEREFS="TXT_9"/>
            <SP ID="PAG_31_SP000162" HPOS="1360" VPOS="4423" WIDTH="29"/>
            <String HPOS="1389" VPOS="4423" HEIGHT="28" WIDTH="10" ID="PAG_31_ST000183" WC="0.93" CONTENT="!" STYLEREFS="TXT_9"/>
            <SP ID="PAG_31_SP000163" HPOS="1399" VPOS="4423" WIDTH="51"/>
            <String HPOS="1450" VPOS="4423" HEIGHT="29" WIDTH="22" ID="PAG_31_ST000184" WC="0.79" CONTENT="li" STYLEREFS="TXT_9"/>
            <SP ID="PAG_31_SP000164" HPOS="1472" VPOS="4436" WIDTH="53"/>
            <String HPOS="1525" VPOS="4436" HEIGHT="20" WIDTH="69" ID="PAG_31_ST000185" WC="1" CONTENT="vous" STYLEREFS="TXT_9"/>
            <SP ID="PAG_31_SP000165" HPOS="1594" VPOS="4427" WIDTH="49"/>
            <String HPOS="1643" VPOS="4427" HEIGHT="25" WIDTH="161" ID="PAG_31_ST000186" WC="0.99" CONTENT="soulèvera" STYLEREFS="TXT_9"/>
            <SP ID="PAG_31_SP000166" HPOS="1804" VPOS="4431" WIDTH="48"/>
            <String HPOS="1852" VPOS="4431" HEIGHT="28" WIDTH="134" ID="PAG_31_ST000187" WC="0.99" CONTENT="plutôt..." STYLEREFS="TXT_9"/>
          </TextLine>
          <TextLine HPOS="836" VPOS="4457" HEIGHT="54" WIDTH="1146" ID="PAG_31_TL000022" STYLEREFS="TXT_9">
            <String HPOS="836" VPOS="4457" HEIGHT="34" WIDTH="245" ID="PAG_31_ST000188" WC="1" CONTENT="Démonstration" STYLEREFS="TXT_9"/>
            <SP ID="PAG_31_SP000167" HPOS="1081" VPOS="4464" WIDTH="54"/>
            <String HPOS="1135" VPOS="4464" HEIGHT="38" WIDTH="271" ID="PAG_31_ST000189" WC="1" CONTENT="impressionnante" STYLEREFS="TXT_9"/>
            <SP ID="PAG_31_SP000168" HPOS="1406" VPOS="4479" WIDTH="50"/>
            <String HPOS="1456" VPOS="4479" HEIGHT="27" WIDTH="76" ID="PAG_31_ST000190" WC="1" CONTENT="pour" STYLEREFS="TXT_9"/>
            <SP ID="PAG_31_SP000169" HPOS="1532" VPOS="4481" WIDTH="50"/>
            <String HPOS="1582" VPOS="4481" HEIGHT="20" WIDTH="73" ID="PAG_31_ST000191" WC="1" CONTENT="ceux" STYLEREFS="TXT_9"/>
            <SP ID="PAG_31_SP000170" HPOS="1655" VPOS="4474" WIDTH="52"/>
            <String HPOS="1707" VPOS="4474" HEIGHT="35" WIDTH="53" ID="PAG_31_ST000192" WC="1" CONTENT="qui" STYLEREFS="TXT_9"/>
            <SP ID="PAG_31_SP000171" HPOS="1760" VPOS="4474" WIDTH="50"/>
            <String HPOS="1810" VPOS="4474" HEIGHT="37" WIDTH="172" ID="PAG_31_ST000193" WC="1" CONTENT="l'ignorent." STYLEREFS="TXT_9"/>
          </TextLine>
        </TextBlock>
        <Illustration ID="PAG_31_IL000006" HPOS="3987" VPOS="3047" HEIGHT="1624" WIDTH="1628"/>
        <TextBlock HPOS="5642" VPOS="4351" HEIGHT="33" WIDTH="1133" ID="PAG_31_TB000013" LANG="fr" STYLEREFS="TXT_9">
          <TextLine HPOS="5642" VPOS="4351" HEIGHT="33" WIDTH="1133" ID="PAG_31_TL000023" STYLEREFS="TXT_9">
            <String HPOS="5642" VPOS="4352" HEIGHT="32" WIDTH="381" ID="PAG_31_ST000194" WC="1" CONTENT="CHRISTOPHE" STYLEREFS="TXT_9"/>
            <SP ID="PAG_31_SP000172" HPOS="6023" VPOS="4352" WIDTH="43"/>
            <String HPOS="6066" VPOS="4352" HEIGHT="31" WIDTH="245" ID="PAG_31_ST000195" WC="1" CONTENT="COLOMB" STYLEREFS="TXT_9"/>
            <SP ID="PAG_31_SP000173" HPOS="6311" VPOS="4351" WIDTH="43"/>
            <String HPOS="6354" VPOS="4351" HEIGHT="30" WIDTH="152" ID="PAG_31_ST000196" WC="1" CONTENT="S'EST" STYLEREFS="TXT_9"/>
            <SP ID="PAG_31_SP000174" HPOS="6506" VPOS="4352" WIDTH="42"/>
            <String HPOS="6548" VPOS="4352" HEIGHT="31" WIDTH="227" ID="PAG_31_ST000197" WC="0.93" CONTENT="TROMPE" STYLEREFS="TXT_9"/>
          </TextLine>
        </TextBlock>
        <TextBlock HPOS="5640" VPOS="4432" HEIGHT="131" WIDTH="1136" ID="PAG_31_TB000014" LANG="fr" STYLEREFS="TXT_9">
          <TextLine HPOS="5646" VPOS="4432" HEIGHT="41" WIDTH="1130" ID="PAG_31_TL000024" STYLEREFS="TXT_9">
            <String HPOS="5646" VPOS="4435" HEIGHT="30" WIDTH="24" ID="PAG_31_ST000198" WC="0.99" CONTENT="Il" STYLEREFS="TXT_9"/>
            <SP ID="PAG_31_SP000175" HPOS="5670" VPOS="4436" WIDTH="34"/>
            <String HPOS="5704" VPOS="4436" HEIGHT="29" WIDTH="110" ID="PAG_31_ST000199" WC="1" CONTENT="n'était" STYLEREFS="TXT_9"/>
            <SP ID="PAG_31_SP000176" HPOS="5814" VPOS="4446" WIDTH="34"/>
            <String HPOS="5848" VPOS="4446" HEIGHT="27" WIDTH="55" ID="PAG_31_ST000200" WC="1" CONTENT="pas" STYLEREFS="TXT_9"/>
            <SP ID="PAG_31_SP000177" HPOS="5903" VPOS="4435" WIDTH="38"/>
            <String HPOS="5941" VPOS="4435" HEIGHT="30" WIDTH="169" ID="PAG_31_ST000201" WC="0.99" CONTENT="nécessaire" STYLEREFS="TXT_9"/>
            <SP ID="PAG_31_SP000178" HPOS="6110" VPOS="4435" WIDTH="37"/>
            <String HPOS="6147" VPOS="4435" HEIGHT="30" WIDTH="38" ID="PAG_31_ST000202" WC="1" CONTENT="de" STYLEREFS="TXT_9"/>
            <SP ID="PAG_31_SP000179" HPOS="6185" VPOS="4445" WIDTH="38"/>
            <String HPOS="6223" VPOS="4445" HEIGHT="19" WIDTH="98" ID="PAG_31_ST000203" WC="1" CONTENT="casser" STYLEREFS="TXT_9"/>
            <SP ID="PAG_31_SP000180" HPOS="6321" VPOS="4434" WIDTH="37"/>
            <String HPOS="6358" VPOS="4434" HEIGHT="30" WIDTH="31" ID="PAG_31_ST000204" WC="1" CONTENT="la" STYLEREFS="TXT_9"/>
            <SP ID="PAG_31_SP000181" HPOS="6389" VPOS="4435" WIDTH="33"/>
            <String HPOS="6422" VPOS="4435" HEIGHT="36" WIDTH="107" ID="PAG_31_ST000205" WC="1" CONTENT="pointe" STYLEREFS="TXT_9"/>
            <SP ID="PAG_31_SP000182" HPOS="6529" VPOS="4433" WIDTH="36"/>
            <String HPOS="6565" VPOS="4433" HEIGHT="31" WIDTH="38" ID="PAG_31_ST000206" WC="1" CONTENT="de" STYLEREFS="TXT_9"/>
            <SP ID="PAG_31_SP000183" HPOS="6603" VPOS="4432" WIDTH="38"/>
            <String HPOS="6641" VPOS="4432" HEIGHT="31" WIDTH="89" ID="PAG_31_ST000207" WC="0.33" CONTENT="l'oeuf" STYLEREFS="TXT_9"/>
            <SP ID="PAG_31_SP000184" HPOS="6730" VPOS="4432" WIDTH="35"/>
            <String HPOS="6765" VPOS="4432" HEIGHT="30" WIDTH="11" ID="PAG_31_ST000208" WC="0.00" CONTENT="!" STYLEREFS="TXT_9"/>
          </TextLine>
          <TextLine HPOS="5641" VPOS="4478" HEIGHT="39" WIDTH="1131" ID="PAG_31_TL000025" STYLEREFS="TXT_9">
            <String HPOS="5641" VPOS="4480" HEIGHT="37" WIDTH="111" ID="PAG_31_ST000209" WC="0.99" CONTENT="Agitez" STYLEREFS="TXT_9"/>
            <SP ID="PAG_31_SP000185" HPOS="5752" VPOS="4492" WIDTH="22"/>
            <String HPOS="5774" VPOS="4492" HEIGHT="18" WIDTH="34" ID="PAG_31_ST000210" WC="1" CONTENT="un" STYLEREFS="TXT_9"/>
            <SP ID="PAG_31_SP000186" HPOS="5808" VPOS="4479" WIDTH="24"/>
            <String HPOS="5832" VPOS="4479" HEIGHT="31" WIDTH="67" ID="PAG_31_ST000211" WC="1" CONTENT="œuf" STYLEREFS="TXT_9"/>
            <SP ID="PAG_31_SP000187" HPOS="5899" VPOS="4491" WIDTH="22"/>
            <String HPOS="5921" VPOS="4491" HEIGHT="18" WIDTH="50" ID="PAG_31_ST000212" WC="1" CONTENT="cru" STYLEREFS="TXT_9"/>
            <SP ID="PAG_31_SP000188" HPOS="5971" VPOS="4480" WIDTH="22"/>
            <String HPOS="5993" VPOS="4480" HEIGHT="35" WIDTH="117" ID="PAG_31_ST000213" WC="1" CONTENT="jusqu'à" STYLEREFS="TXT_9"/>
            <SP ID="PAG_31_SP000189" HPOS="6110" VPOS="4490" WIDTH="22"/>
            <String HPOS="6132" VPOS="4490" HEIGHT="19" WIDTH="35" ID="PAG_31_ST000214" WC="1" CONTENT="ce" STYLEREFS="TXT_9"/>
            <SP ID="PAG_31_SP000190" HPOS="6167" VPOS="4490" WIDTH="23"/>
            <String HPOS="6190" VPOS="4490" HEIGHT="25" WIDTH="58" ID="PAG_31_ST000215" WC="1" CONTENT="que" STYLEREFS="TXT_9"/>
            <SP ID="PAG_31_SP000191" HPOS="6248" VPOS="4479" WIDTH="24"/>
            <String HPOS="6272" VPOS="4479" HEIGHT="30" WIDTH="27" ID="PAG_31_ST000216" WC="0.94" CONTENT="le" STYLEREFS="TXT_9"/>
            <SP ID="PAG_31_SP000192" HPOS="6299" VPOS="4480" WIDTH="23"/>
            <String HPOS="6322" VPOS="4480" HEIGHT="35" WIDTH="89" ID="PAG_31_ST000217" WC="1" CONTENT="jaune" STYLEREFS="TXT_9"/>
            <SP ID="PAG_31_SP000193" HPOS="6411" VPOS="4480" WIDTH="23"/>
            <String HPOS="6434" VPOS="4480" HEIGHT="28" WIDTH="88" ID="PAG_31_ST000218" WC="1" CONTENT="crève" STYLEREFS="TXT_9"/>
            <SP ID="PAG_31_SP000194" HPOS="6522" VPOS="4490" WIDTH="23"/>
            <String HPOS="6545" VPOS="4490" HEIGHT="18" WIDTH="18" ID="PAG_31_ST000219" WC="1" CONTENT="à" STYLEREFS="TXT_9"/>
            <SP ID="PAG_31_SP000195" HPOS="6563" VPOS="4478" WIDTH="24"/>
            <String HPOS="6587" VPOS="4478" HEIGHT="30" WIDTH="162" ID="PAG_31_ST000220" WC="1" CONTENT="l'intérieur" STYLEREFS="TXT_9"/>
            <SP ID="PAG_31_SP000196" HPOS="6749" VPOS="4489" WIDTH="15"/>
            <String HPOS="6764" VPOS="4489" HEIGHT="22" WIDTH="8" ID="PAG_31_ST000221" WC="0.88" CONTENT=";" STYLEREFS="TXT_9"/>
          </TextLine>
          <TextLine HPOS="5640" VPOS="4523" HEIGHT="40" WIDTH="1130" ID="PAG_31_TL000026" STYLEREFS="TXT_9">
            <String HPOS="5640" VPOS="4526" HEIGHT="36" WIDTH="77" ID="PAG_31_ST000222" WC="1" CONTENT="posé" STYLEREFS="TXT_9"/>
            <SP ID="PAG_31_SP000197" HPOS="5717" VPOS="4525" WIDTH="31"/>
            <String HPOS="5748" VPOS="4525" HEIGHT="31" WIDTH="81" ID="PAG_31_ST000223" WC="0.99" CONTENT="alors" STYLEREFS="TXT_9"/>
            <SP ID="PAG_31_SP000198" HPOS="5829" VPOS="4536" WIDTH="30"/>
            <String HPOS="5859" VPOS="4536" HEIGHT="19" WIDTH="47" ID="PAG_31_ST000224" WC="1" CONTENT="sur" STYLEREFS="TXT_9"/>
            <SP ID="PAG_31_SP000199" HPOS="5906" VPOS="4525" WIDTH="31"/>
            <String HPOS="5937" VPOS="4525" HEIGHT="29" WIDTH="30" ID="PAG_31_ST000225" WC="1" CONTENT="la" STYLEREFS="TXT_9"/>
            <SP ID="PAG_31_SP000200" HPOS="5967" VPOS="4525" WIDTH="27"/>
            <String HPOS="5994" VPOS="4525" HEIGHT="38" WIDTH="117" ID="PAG_31_ST000226" WC="0.99" CONTENT="pointe," STYLEREFS="TXT_9"/>
            <SP ID="PAG_31_SP000201" HPOS="6111" VPOS="4523" WIDTH="32"/>
            <String HPOS="6143" VPOS="4523" HEIGHT="30" WIDTH="22" ID="PAG_31_ST000227" WC="1" CONTENT="il" STYLEREFS="TXT_9"/>
            <SP ID="PAG_31_SP000202" HPOS="6165" VPOS="4523" WIDTH="30"/>
            <String HPOS="6195" VPOS="4523" HEIGHT="31" WIDTH="143" ID="PAG_31_ST000228" WC="0.99" CONTENT="oscillera" STYLEREFS="TXT_9"/>
            <SP ID="PAG_31_SP000203" HPOS="6338" VPOS="4524" WIDTH="30"/>
            <String HPOS="6368" VPOS="4524" HEIGHT="30" WIDTH="73" ID="PAG_31_ST000229" WC="0.99" CONTENT="mais" STYLEREFS="TXT_9"/>
            <SP ID="PAG_31_SP000204" HPOS="6441" VPOS="4535" WIDTH="30"/>
            <String HPOS="6471" VPOS="4535" HEIGHT="18" WIDTH="36" ID="PAG_31_ST000230" WC="1" CONTENT="ne" STYLEREFS="TXT_9"/>
            <SP ID="PAG_31_SP000205" HPOS="6507" VPOS="4523" WIDTH="32"/>
            <String HPOS="6539" VPOS="4523" HEIGHT="30" WIDTH="138" ID="PAG_31_ST000231" WC="1" CONTENT="tombera" STYLEREFS="TXT_9"/>
            <SP ID="PAG_31_SP000206" HPOS="6677" VPOS="4534" WIDTH="29"/>
            <String HPOS="6706" VPOS="4534" HEIGHT="26" WIDTH="64" ID="PAG_31_ST000232" WC="1" CONTENT="pas." STYLEREFS="TXT_9"/>
          </TextLine>
        </TextBlock>
        <TextBlock HPOS="5717" VPOS="686" HEIGHT="147" WIDTH="1145" ID="PAG_31_TB000015" LANG="fr" STYLEREFS="TXT_9">
          <TextLine HPOS="5719" VPOS="686" HEIGHT="52" WIDTH="1137" ID="PAG_31_TL000027" STYLEREFS="TXT_9">
            <String HPOS="5719" VPOS="686" HEIGHT="33" WIDTH="95" ID="PAG_31_ST000233" WC="0.97" CONTENT="Cette" STYLEREFS="TXT_9"/>
            <SP ID="PAG_31_SP000207" HPOS="5814" VPOS="690" WIDTH="28"/>
            <String HPOS="5842" VPOS="690" HEIGHT="36" WIDTH="88" ID="PAG_31_ST000234" WC="0.98" CONTENT="jeune" STYLEREFS="TXT_9"/>
            <SP ID="PAG_31_SP000208" HPOS="5930" VPOS="691" WIDTH="28"/>
            <String HPOS="5958" VPOS="691" HEIGHT="32" WIDTH="110" ID="PAG_31_ST000235" WC="1" CONTENT="femme" STYLEREFS="TXT_9"/>
            <SP ID="PAG_31_SP000209" HPOS="6068" VPOS="696" WIDTH="28"/>
            <String HPOS="6096" VPOS="696" HEIGHT="31" WIDTH="140" ID="PAG_31_ST000236" WC="0.98" CONTENT="va-t-elle" STYLEREFS="TXT_9"/>
            <SP ID="PAG_31_SP000210" HPOS="6236" VPOS="709" WIDTH="26"/>
            <String HPOS="6262" VPOS="709" HEIGHT="19" WIDTH="31" ID="PAG_31_ST000237" WC="1" CONTENT="se" STYLEREFS="TXT_9"/>
            <SP ID="PAG_31_SP000211" HPOS="6293" VPOS="698" WIDTH="25"/>
            <String HPOS="6318" VPOS="698" HEIGHT="38" WIDTH="141" ID="PAG_31_ST000238" WC="1" CONTENT="perforer" STYLEREFS="TXT_9"/>
            <SP ID="PAG_31_SP000212" HPOS="6459" VPOS="701" WIDTH="27"/>
            <String HPOS="6486" VPOS="701" HEIGHT="30" WIDTH="29" ID="PAG_31_ST000239" WC="1" CONTENT="la" STYLEREFS="TXT_9"/>
            <SP ID="PAG_31_SP000213" HPOS="6515" VPOS="704" WIDTH="26"/>
            <String HPOS="6541" VPOS="704" HEIGHT="28" WIDTH="76" ID="PAG_31_ST000240" WC="1" CONTENT="main" STYLEREFS="TXT_9"/>
            <SP ID="PAG_31_SP000214" HPOS="6617" VPOS="703" WIDTH="30"/>
            <String HPOS="6647" VPOS="703" HEIGHT="30" WIDTH="14" ID="PAG_31_ST000241" WC="1" CONTENT="?" STYLEREFS="TXT_9"/>
            <SP ID="PAG_31_SP000215" HPOS="6661" VPOS="705" WIDTH="29"/>
            <String HPOS="6690" VPOS="705" HEIGHT="33" WIDTH="77" ID="PAG_31_ST000242" WC="1" CONTENT="Non," STYLEREFS="TXT_9"/>
            <SP ID="PAG_31_SP000216" HPOS="6767" VPOS="708" WIDTH="28"/>
            <String HPOS="6795" VPOS="708" HEIGHT="29" WIDTH="61" ID="PAG_31_ST000243" WC="0.98" CONTENT="elle" STYLEREFS="TXT_9"/>
          </TextLine>
          <TextLine HPOS="5723" VPOS="737" HEIGHT="46" WIDTH="1139" ID="PAG_31_TL000028" STYLEREFS="TXT_9">
            <String HPOS="5723" VPOS="737" HEIGHT="27" WIDTH="140" ID="PAG_31_ST000244" WC="1" CONTENT="constate" STYLEREFS="TXT_9"/>
            <SP ID="PAG_31_SP000217" HPOS="5863" VPOS="747" WIDTH="25"/>
            <String HPOS="5888" VPOS="747" HEIGHT="25" WIDTH="59" ID="PAG_31_ST000245" WC="1" CONTENT="que" STYLEREFS="TXT_9"/>
            <SP ID="PAG_31_SP000218" HPOS="5947" VPOS="737" WIDTH="26"/>
            <String HPOS="5973" VPOS="737" HEIGHT="31" WIDTH="42" ID="PAG_31_ST000246" WC="1" CONTENT="les" STYLEREFS="TXT_9"/>
            <SP ID="PAG_31_SP000219" HPOS="6015" VPOS="739" WIDTH="26"/>
            <String HPOS="6041" VPOS="739" HEIGHT="29" WIDTH="76" ID="PAG_31_ST000247" WC="1" CONTENT="deux" STYLEREFS="TXT_9"/>
            <SP ID="PAG_31_SP000220" HPOS="6117" VPOS="742" WIDTH="24"/>
            <String HPOS="6141" VPOS="742" HEIGHT="36" WIDTH="122" ID="PAG_31_ST000248" WC="0.99" CONTENT="pointes" STYLEREFS="TXT_9"/>
            <SP ID="PAG_31_SP000221" HPOS="6263" VPOS="744" WIDTH="25"/>
            <String HPOS="6288" VPOS="744" HEIGHT="31" WIDTH="139" ID="PAG_31_ST000249" WC="0.99" CONTENT="écartées" STYLEREFS="TXT_9"/>
            <SP ID="PAG_31_SP000222" HPOS="6427" VPOS="746" WIDTH="25"/>
            <String HPOS="6452" VPOS="746" HEIGHT="30" WIDTH="89" ID="PAG_31_ST000250" WC="1" CONTENT="d'une" STYLEREFS="TXT_9"/>
            <SP ID="PAG_31_SP000223" HPOS="6541" VPOS="758" WIDTH="23"/>
            <String HPOS="6564" VPOS="758" HEIGHT="25" WIDTH="88" ID="PAG_31_ST000251" WC="1" CONTENT="paire" STYLEREFS="TXT_9"/>
            <SP ID="PAG_31_SP000224" HPOS="6652" VPOS="760" WIDTH="25"/>
            <String HPOS="6677" VPOS="760" HEIGHT="19" WIDTH="40" ID="PAG_31_ST000252" WC="0.87" CONTENT="ae" STYLEREFS="TXT_9"/>
            <SP ID="PAG_31_SP000225" HPOS="6717" VPOS="752" WIDTH="26"/>
            <String HPOS="6743" VPOS="752" HEIGHT="27" WIDTH="119" ID="PAG_31_ST000253" WC="0.99" CONTENT="ciseaux" STYLEREFS="TXT_9"/>
          </TextLine>
          <TextLine HPOS="5717" VPOS="781" HEIGHT="52" WIDTH="1135" ID="PAG_31_TL000029" STYLEREFS="TXT_9">
            <String HPOS="5717" VPOS="781" HEIGHT="36" WIDTH="157" ID="PAG_31_ST000254" WC="1" CONTENT="appuyées" STYLEREFS="TXT_9"/>
            <SP ID="PAG_31_SP000226" HPOS="5874" VPOS="793" WIDTH="25"/>
            <String HPOS="5899" VPOS="793" HEIGHT="18" WIDTH="47" ID="PAG_31_ST000255" WC="1" CONTENT="sur" STYLEREFS="TXT_9"/>
            <SP ID="PAG_31_SP000227" HPOS="5946" VPOS="782" WIDTH="25"/>
            <String HPOS="5971" VPOS="782" HEIGHT="30" WIDTH="29" ID="PAG_31_ST000256" WC="0.93" CONTENT="la" STYLEREFS="TXT_9"/>
            <SP ID="PAG_31_SP000228" HPOS="6000" VPOS="786" WIDTH="26"/>
            <String HPOS="6026" VPOS="786" HEIGHT="28" WIDTH="77" ID="PAG_31_ST000257" WC="0.99" CONTENT="main" STYLEREFS="TXT_9"/>
            <SP ID="PAG_31_SP000229" HPOS="6103" VPOS="785" WIDTH="25"/>
            <String HPOS="6128" VPOS="785" HEIGHT="31" WIDTH="134" ID="PAG_31_ST000258" WC="1" CONTENT="donnent" STYLEREFS="TXT_9"/>
            <SP ID="PAG_31_SP000230" HPOS="6262" VPOS="788" WIDTH="25"/>
            <String HPOS="6287" VPOS="788" HEIGHT="29" WIDTH="31" ID="PAG_31_ST000259" WC="1" CONTENT="la" STYLEREFS="TXT_9"/>
            <SP ID="PAG_31_SP000231" HPOS="6318" VPOS="792" WIDTH="21"/>
            <String HPOS="6339" VPOS="792" HEIGHT="29" WIDTH="151" ID="PAG_31_ST000260" WC="1" CONTENT="sensation" STYLEREFS="TXT_9"/>
            <SP ID="PAG_31_SP000232" HPOS="6490" VPOS="792" WIDTH="26"/>
            <String HPOS="6516" VPOS="792" HEIGHT="31" WIDTH="89" ID="PAG_31_ST000261" WC="1" CONTENT="d'une" STYLEREFS="TXT_9"/>
            <SP ID="PAG_31_SP000233" HPOS="6605" VPOS="795" WIDTH="23"/>
            <String HPOS="6628" VPOS="795" HEIGHT="30" WIDTH="84" ID="PAG_31_ST000262" WC="1" CONTENT="seule" STYLEREFS="TXT_9"/>
            <SP ID="PAG_31_SP000234" HPOS="6712" VPOS="797" WIDTH="22"/>
            <String HPOS="6734" VPOS="797" HEIGHT="36" WIDTH="118" ID="PAG_31_ST000263" WC="1" CONTENT="piqûre." STYLEREFS="TXT_9"/>
          </TextLine>
        </TextBlock>
        <Illustration ID="PAG_31_IL000007" HPOS="5569" VPOS="863" HEIGHT="1633" WIDTH="1442"/>
        <Illustration ID="PAG_31_IL000008" HPOS="5684" VPOS="2496" HEIGHT="1607" WIDTH="1516"/>
        <TextBlock HPOS="6018" VPOS="4116" HEIGHT="127" WIDTH="1129" ID="PAG_31_TB000016" LANG="fr" STYLEREFS="TXT_9">
          <TextLine HPOS="6021" VPOS="4116" HEIGHT="39" WIDTH="1126" ID="PAG_31_TL000030" STYLEREFS="TXT_9">
            <String HPOS="6021" VPOS="4119" HEIGHT="29" WIDTH="49" ID="PAG_31_ST000264" WC="1" CONTENT="Les" STYLEREFS="TXT_9"/>
            <SP ID="PAG_31_SP000235" HPOS="6070" VPOS="4129" WIDTH="26"/>
            <String HPOS="6096" VPOS="4129" HEIGHT="25" WIDTH="74" ID="PAG_31_ST000265" WC="1" CONTENT="yeux" STYLEREFS="TXT_9"/>
            <SP ID="PAG_31_SP000236" HPOS="6170" VPOS="4117" WIDTH="25"/>
            <String HPOS="6195" VPOS="4117" HEIGHT="34" WIDTH="125" ID="PAG_31_ST000266" WC="0.95" CONTENT="bondés," STYLEREFS="TXT_9"/>
            <SP ID="PAG_31_SP000237" HPOS="6320" VPOS="4118" WIDTH="27"/>
            <String HPOS="6347" VPOS="4118" HEIGHT="37" WIDTH="89" ID="PAG_31_ST000267" WC="1" CONTENT="après" STYLEREFS="TXT_9"/>
            <SP ID="PAG_31_SP000238" HPOS="6436" VPOS="4117" WIDTH="25"/>
            <String HPOS="6461" VPOS="4117" HEIGHT="30" WIDTH="85" ID="PAG_31_ST000268" WC="0.99" CONTENT="avoir" STYLEREFS="TXT_9"/>
            <SP ID="PAG_31_SP000239" HPOS="6546" VPOS="4117" WIDTH="25"/>
            <String HPOS="6571" VPOS="4117" HEIGHT="29" WIDTH="69" ID="PAG_31_ST000269" WC="1" CONTENT="bien" STYLEREFS="TXT_9"/>
            <SP ID="PAG_31_SP000240" HPOS="6640" VPOS="4126" WIDTH="27"/>
            <String HPOS="6667" VPOS="4126" HEIGHT="26" WIDTH="139" ID="PAG_31_ST000270" WC="0.99" CONTENT="regarae," STYLEREFS="TXT_9"/>
            <SP ID="PAG_31_SP000241" HPOS="6806" VPOS="4127" WIDTH="26"/>
            <String HPOS="6832" VPOS="4127" HEIGHT="24" WIDTH="120" ID="PAG_31_ST000271" WC="1" CONTENT="essayez" STYLEREFS="TXT_9"/>
            <SP ID="PAG_31_SP000242" HPOS="6952" VPOS="4116" WIDTH="25"/>
            <String HPOS="6977" VPOS="4116" HEIGHT="29" WIDTH="39" ID="PAG_31_ST000272" WC="1" CONTENT="de" STYLEREFS="TXT_9"/>
            <SP ID="PAG_31_SP000243" HPOS="7016" VPOS="4117" WIDTH="24"/>
            <String HPOS="7040" VPOS="4117" HEIGHT="35" WIDTH="107" ID="PAG_31_ST000273" WC="0.99" CONTENT="piquer" STYLEREFS="TXT_9"/>
          </TextLine>
          <TextLine HPOS="6020" VPOS="4159" HEIGHT="39" WIDTH="1122" ID="PAG_31_TL000031" STYLEREFS="TXT_9">
            <String HPOS="6020" VPOS="4174" HEIGHT="18" WIDTH="37" ID="PAG_31_ST000274" WC="1" CONTENT="au" STYLEREFS="TXT_9"/>
            <SP ID="PAG_31_SP000244" HPOS="6057" VPOS="4163" WIDTH="32"/>
            <String HPOS="6089" VPOS="4163" HEIGHT="29" WIDTH="57" ID="PAG_31_ST000275" WC="1" CONTENT="bon" STYLEREFS="TXT_9"/>
            <SP ID="PAG_31_SP000245" HPOS="6146" VPOS="4162" WIDTH="33"/>
            <String HPOS="6179" VPOS="4162" HEIGHT="30" WIDTH="120" ID="PAG_31_ST000276" WC="1" CONTENT="endroit" STYLEREFS="TXT_9"/>
            <SP ID="PAG_31_SP000246" HPOS="6299" VPOS="4165" WIDTH="32"/>
            <String HPOS="6331" VPOS="4165" HEIGHT="26" WIDTH="30" ID="PAG_31_ST000277" WC="0.66" CONTENT="/a" STYLEREFS="TXT_9"/>
            <SP ID="PAG_31_SP000247" HPOS="6361" VPOS="4173" WIDTH="31"/>
            <String HPOS="6392" VPOS="4173" HEIGHT="24" WIDTH="97" ID="PAG_31_ST000278" WC="1" CONTENT="queue" STYLEREFS="TXT_9"/>
            <SP ID="PAG_31_SP000248" HPOS="6489" VPOS="4161" WIDTH="31"/>
            <String HPOS="6520" VPOS="4161" HEIGHT="30" WIDTH="39" ID="PAG_31_ST000279" WC="1" CONTENT="de" STYLEREFS="TXT_9"/>
            <SP ID="PAG_31_SP000249" HPOS="6559" VPOS="4172" WIDTH="33"/>
            <String HPOS="6592" VPOS="4172" HEIGHT="19" WIDTH="34" ID="PAG_31_ST000280" WC="1" CONTENT="ce" STYLEREFS="TXT_9"/>
            <SP ID="PAG_31_SP000250" HPOS="6626" VPOS="4161" WIDTH="31"/>
            <String HPOS="6657" VPOS="4161" HEIGHT="29" WIDTH="70" ID="PAG_31_ST000281" WC="0.6" CONTENT="chai" STYLEREFS="TXT_9"/>
            <SP ID="PAG_31_SP000251" HPOS="6727" VPOS="4160" WIDTH="36"/>
            <String HPOS="6763" VPOS="4160" HEIGHT="37" WIDTH="50" ID="PAG_31_ST000282" WC="1" CONTENT="(en" STYLEREFS="TXT_9"/>
            <SP ID="PAG_31_SP000252" HPOS="6813" VPOS="4161" WIDTH="30"/>
            <String HPOS="6843" VPOS="4161" HEIGHT="37" WIDTH="110" ID="PAG_31_ST000283" WC="1" CONTENT="papier" STYLEREFS="TXT_9"/>
            <SP ID="PAG_31_SP000253" HPOS="6953" VPOS="4159" WIDTH="33"/>
            <String HPOS="6986" VPOS="4159" HEIGHT="39" WIDTH="156" ID="PAG_31_ST000284" WC="1" CONTENT="découpé)" STYLEREFS="TXT_9"/>
          </TextLine>
          <TextLine HPOS="6018" VPOS="4204" HEIGHT="39" WIDTH="1125" ID="PAG_31_TL000032" STYLEREFS="TXT_9">
            <String HPOS="6018" VPOS="4205" HEIGHT="31" WIDTH="56" ID="PAG_31_ST000285" WC="1" CONTENT="fixé" STYLEREFS="TXT_9"/>
            <SP ID="PAG_31_SP000254" HPOS="6074" VPOS="4218" WIDTH="28"/>
            <String HPOS="6102" VPOS="4218" HEIGHT="19" WIDTH="37" ID="PAG_31_ST000286" WC="1" CONTENT="au" STYLEREFS="TXT_9"/>
            <SP ID="PAG_31_SP000255" HPOS="6139" VPOS="4218" WIDTH="29"/>
            <String HPOS="6168" VPOS="4218" HEIGHT="18" WIDTH="69" ID="PAG_31_ST000287" WC="1" CONTENT="mur." STYLEREFS="TXT_9"/>
            <SP ID="PAG_31_SP000256" HPOS="6237" VPOS="4206" WIDTH="33"/>
            <String HPOS="6270" VPOS="4206" HEIGHT="30" WIDTH="72" ID="PAG_31_ST000288" WC="0.99" CONTENT="Vous" STYLEREFS="TXT_9"/>
            <SP ID="PAG_31_SP000257" HPOS="6342" VPOS="4217" WIDTH="28"/>
            <String HPOS="6370" VPOS="4217" HEIGHT="19" WIDTH="80" ID="PAG_31_ST000289" WC="1" CONTENT="serez" STYLEREFS="TXT_9"/>
            <SP ID="PAG_31_SP000258" HPOS="6450" VPOS="4207" WIDTH="27"/>
            <String HPOS="6477" VPOS="4207" HEIGHT="36" WIDTH="128" ID="PAG_31_ST000290" WC="1" CONTENT="surprise" STYLEREFS="TXT_9"/>
            <SP ID="PAG_31_SP000259" HPOS="6605" VPOS="4205" WIDTH="29"/>
            <String HPOS="6634" VPOS="4205" HEIGHT="30" WIDTH="38" ID="PAG_31_ST000291" WC="1" CONTENT="du" STYLEREFS="TXT_9"/>
            <SP ID="PAG_31_SP000260" HPOS="6672" VPOS="4205" WIDTH="28"/>
            <String HPOS="6700" VPOS="4205" HEIGHT="30" WIDTH="126" ID="PAG_31_ST000292" WC="0.99" CONTENT="résultat" STYLEREFS="TXT_9"/>
            <SP ID="PAG_31_SP000261" HPOS="6826" VPOS="4205" WIDTH="27"/>
            <String HPOS="6853" VPOS="4205" HEIGHT="28" WIDTH="10" ID="PAG_31_ST000293" WC="0.93" CONTENT="!" STYLEREFS="TXT_9"/>
            <SP ID="PAG_31_SP000262" HPOS="6863" VPOS="4204" WIDTH="28"/>
            <String HPOS="6891" VPOS="4204" HEIGHT="31" WIDTH="85" ID="PAG_31_ST000294" WC="1" CONTENT="C'est" STYLEREFS="TXT_9"/>
            <SP ID="PAG_31_SP000263" HPOS="6976" VPOS="4204" WIDTH="27"/>
            <String HPOS="7003" VPOS="4204" HEIGHT="30" WIDTH="140" ID="PAG_31_ST000295" WC="0.99" CONTENT="difficile." STYLEREFS="TXT_9"/>
          </TextLine>
        </TextBlock>
        </ComposedBlock>
      </PrintSpace>
    </Page>
  </Layout>
</alto>