<?xml version="1.0" encoding="UTF-8"?>
<alto xmlns="http://www.loc.gov/standards/alto/ns-v3#" xmlns:xsi="http://www.w3.org/2001/XMLSchema-instance" SCHEMAVERSION="alto_bnf-v2_0" xsi:schemaLocation="http://www.loc.gov/standards/alto/ns-v3# http://bibnum.bnf.fr/schema/alto_bnf-v2_0.xsd" xmlns:xlink="http://www.w3.org/TR/xlink">
  <Description>
    <MeasurementUnit>pixel</MeasurementUnit>
    <sourceImageInformation>
      <fileName>00000042.jp2</fileName>
      <fileIdentifier>ark:/12148/bpt6k47010350/f42</fileIdentifier>
      <documentIdentifier documentIdentifierLocation="NUM">4701035</documentIdentifier>
    </sourceImageInformation>
    <OCRProcessing ID="OCR_1">
      <ocrProcessingStep>
        <processingDateTime>2019-01-31</processingDateTime>
        <processingStepDescription>[001_OCR_BRUT]OCR BRUT 10.29 %</processingStepDescription>
        <processingStepDescription>[002_CHARS]{1220}</processingStepDescription>
        <processingStepDescription>[003_CHARS_USED]{0}</processingStepDescription>
        <processingStepDescription>[004_CHARS_SUSPECTS_USED]{0}</processingStepDescription>
        <processingStepDescription>[005_CHARS_UNUSED]{1220}</processingStepDescription>
        <processingStepDescription>[006_CHARS_SUSPECTS_UNUSED]{0}</processingStepDescription>
        <processingStepDescription>[007_STRINGS]{295}</processingStepDescription>
        <processingStepDescription>[008_STRINGS_USED]{0}</processingStepDescription>
        <processingStepDescription>[009_STRINGS_SUSPECTS_UNUSED]{0}</processingStepDescription>
        <processingStepDescription>[010_CHARS_LETTERS]{962}</processingStepDescription>
        <processingStepDescription>[011_CHARS_PUNCTUATION]{214}</processingStepDescription>
        <processingStepDescription>[012_CHARS_DIGITS]{24}</processingStepDescription>
        <processingStepDescription>[013_CHARS_SUSPECT]{0}</processingStepDescription>
        <processingStepDescription>[022_CHARS_UNUSED_BY_BLOCK]{0}</processingStepDescription>
        <processingStepDescription>[023_BLOCKS_SUSPECTS]{0}</processingStepDescription>
        <processingStepDescription>[111_LIGS_DETECTED_CURV]{0}</processingStepDescription>
      </ocrProcessingStep>
    </OCRProcessing>
  </Description>
  <Styles>
    <TextStyle FONTSIZE="5" ID="TXT_10" FONTFAMILY="Arial"/>
    <TextStyle FONTSIZE="4" ID="TXT_11" FONTFAMILY="Arial"/>
    <TextStyle FONTSIZE="11" ID="TXT_12" FONTFAMILY="Arial"/>
    <TextStyle FONTSIZE="6" ID="TXT_16" FONTFAMILY="Arial"/>
    <TextStyle FONTSIZE="10" ID="TXT_48" FONTFAMILY="Arial"/>
    <TextStyle FONTSIZE="21" ID="TXT_60" FONTFAMILY="Arial"/>
    <TextStyle FONTSIZE="73" ID="TXT_67" FONTFAMILY="Arial"/>
    <TextStyle FONTSIZE="45" ID="TXT_68" FONTFAMILY="Times"/>
  </Styles>
  <Tags>
    <LayoutTag TYPE="Content" ID="TAG_advertisement" LABEL="advertisement"/>
  </Tags>
  <Layout>
    <Page ID="PAG_42" HEIGHT="4983" WIDTH="3865" PHYSICAL_IMG_NR="42" QUALITY="OK" ACCURACY="100.00">
      <PrintSpace HPOS="458" VPOS="295" HEIGHT="4246" WIDTH="3054" ID="PAG_42_PrintSpace">
        <TextBlock HPOS="1443" VPOS="295" HEIGHT="19" WIDTH="1977" ID="PAG_42_TB000001" TAGREFS="TAG_advertisement" LANG="fr" STYLEREFS="TXT_16">
          <TextLine HPOS="1443" VPOS="295" HEIGHT="19" WIDTH="1977" ID="PAG_42_TL000001" STYLEREFS="TXT_16">
            <String HPOS="1443" VPOS="297" HEIGHT="16" WIDTH="59" ID="PAG_42_ST000001" WC="0.00" CONTENT="mmm" STYLEREFS="TXT_16"/>
            <SP ID="PAG_42_SP000001" HPOS="1502" VPOS="295" WIDTH="1327"/>
            <String HPOS="2829" VPOS="295" HEIGHT="19" WIDTH="95" ID="PAG_42_ST000002" WC="0.00" CONTENT="AfWint" STYLEREFS="TXT_16"/>
            <SP ID="PAG_42_SP000002" HPOS="2924" VPOS="301" WIDTH="485"/>
            <String HPOS="3409" VPOS="301" HEIGHT="10" WIDTH="11" ID="PAG_42_ST000003" WC="0.00" CONTENT=".j" STYLEREFS="TXT_16"/>
          </TextLine>
        </TextBlock>
        <TextBlock HPOS="568" VPOS="312" HEIGHT="328" WIDTH="1328" ID="PAG_42_TB000002" TAGREFS="TAG_advertisement" LANG="fr" STYLEREFS="TXT_67">
          <TextLine HPOS="568" VPOS="312" HEIGHT="328" WIDTH="1328" ID="PAG_42_TL000002" STYLEREFS="TXT_67">
            <String HPOS="568" VPOS="312" HEIGHT="328" WIDTH="295" ID="PAG_42_ST000004" WC="0.39" CONTENT="N" STYLEREFS="TXT_67"/>
            <SP ID="PAG_42_SP000003" HPOS="863" VPOS="312" WIDTH="1"/>
            <String HPOS="863" VPOS="312" HEIGHT="328" WIDTH="1033" ID="PAG_42_ST000005" WC="0.39" CONTENT="l'IÊA." STYLEREFS="TXT_67"/>
          </TextLine>
        </TextBlock>
        <TextBlock HPOS="798" VPOS="646" HEIGHT="136" WIDTH="2620" ID="PAG_42_TB000003" TAGREFS="TAG_advertisement" LANG="fr" STYLEREFS="TXT_12">
          <TextLine HPOS="798" VPOS="646" HEIGHT="136" WIDTH="2620" ID="PAG_42_TL000003" STYLEREFS="TXT_12">
            <String HPOS="798" VPOS="676" HEIGHT="54" WIDTH="48" ID="PAG_42_ST000006" WC="1" CONTENT="A" STYLEREFS="TXT_12"/>
            <SP ID="PAG_42_SP000004" HPOS="846" VPOS="676" WIDTH="86"/>
            <String HPOS="932" VPOS="676" HEIGHT="56" WIDTH="188" ID="PAG_42_ST000007" WC="1" CONTENT="BASE" STYLEREFS="TXT_12"/>
            <SP ID="PAG_42_SP000005" HPOS="1120" VPOS="670" WIDTH="88"/>
            <String HPOS="1208" VPOS="670" HEIGHT="66" WIDTH="470" ID="PAG_42_ST000008" WC="0.99" CONTENT="D'EUCÉRITE" STYLEREFS="TXT_12"/>
            <SP ID="PAG_42_SP000006" HPOS="1678" VPOS="646" WIDTH="676"/>
            <String HPOS="2354" VPOS="646" HEIGHT="136" WIDTH="290" ID="PAG_42_ST000009" WC="0.00" CONTENT="Ëj|F|||" STYLEREFS="TXT_60"/>
            <SP ID="PAG_42_SP000007" HPOS="2644" VPOS="664" WIDTH="748"/>
            <String HPOS="3392" VPOS="664" HEIGHT="100" WIDTH="26" ID="PAG_42_ST000010" WC="0.00" CONTENT="j" STYLEREFS="TXT_60"/>
          </TextLine>
        </TextBlock>
        <TextBlock HPOS="824" VPOS="758" HEIGHT="96" WIDTH="2592" ID="PAG_42_TB000004" TAGREFS="TAG_advertisement" LANG="fr" STYLEREFS="TXT_48">
          <TextLine HPOS="824" VPOS="758" HEIGHT="96" WIDTH="2592" ID="PAG_42_TL000004" STYLEREFS="TXT_48">
            <String HPOS="824" VPOS="758" HEIGHT="74" WIDTH="210" ID="PAG_42_ST000011" WC="1" CONTENT="(extrait" STYLEREFS="TXT_48"/>
            <SP ID="PAG_42_SP000008" HPOS="1034" VPOS="762" WIDTH="24"/>
            <String HPOS="1058" VPOS="762" HEIGHT="76" WIDTH="190" ID="PAG_42_ST000012" WC="1" CONTENT="purifié" STYLEREFS="TXT_48"/>
            <SP ID="PAG_42_SP000009" HPOS="1248" VPOS="764" WIDTH="26"/>
            <String HPOS="1274" VPOS="764" HEIGHT="62" WIDTH="72" ID="PAG_42_ST000013" WC="1" CONTENT="de" STYLEREFS="TXT_48"/>
            <SP ID="PAG_42_SP000010" HPOS="1346" VPOS="764" WIDTH="42"/>
            <String HPOS="1388" VPOS="764" HEIGHT="80" WIDTH="258" ID="PAG_42_ST000014" WC="1" CONTENT="lanoline)" STYLEREFS="TXT_48"/>
            <SP ID="PAG_42_SP000011" HPOS="1646" VPOS="770" WIDTH="1746"/>
            <String HPOS="3392" VPOS="770" HEIGHT="84" WIDTH="24" ID="PAG_42_ST000015" WC="0.00" CONTENT="^" STYLEREFS="TXT_48"/>
          </TextLine>
        </TextBlock>
        <TextBlock HPOS="505" VPOS="891" HEIGHT="32" WIDTH="2910" ID="PAG_42_TB000005" TAGREFS="TAG_advertisement" LANG="fr" STYLEREFS="TXT_11">
          <TextLine HPOS="505" VPOS="891" HEIGHT="32" WIDTH="2910" ID="PAG_42_TL000005" STYLEREFS="TXT_11">
            <String HPOS="505" VPOS="891" HEIGHT="32" WIDTH="7" ID="PAG_42_ST000016" WC="0.00" CONTENT="j." STYLEREFS="TXT_11"/>
            <SP ID="PAG_42_SP000012" HPOS="512" VPOS="899" WIDTH="2769"/>
            <String HPOS="3281" VPOS="899" HEIGHT="15" WIDTH="134" ID="PAG_42_ST000017" WC="0.00" CONTENT="'5" STYLEREFS="TXT_11"/>
          </TextLine>
        </TextBlock>
        <TextBlock HPOS="503" VPOS="919" HEIGHT="116" WIDTH="2975" ID="PAG_42_TB000006" TAGREFS="TAG_advertisement" LANG="fr" STYLEREFS="TXT_16">
          <TextLine HPOS="505" VPOS="919" HEIGHT="62" WIDTH="2973" ID="PAG_42_TL000006" STYLEREFS="TXT_16">
            <String HPOS="505" VPOS="919" HEIGHT="28" WIDTH="4" ID="PAG_42_ST000018" WC="0.00" CONTENT="i'" STYLEREFS="TXT_16"/>
            <SP ID="PAG_42_SP000013" HPOS="509" VPOS="949" WIDTH="1718"/>
            <String HPOS="2227" VPOS="949" HEIGHT="18" WIDTH="12" ID="PAG_42_ST000019" WC="0.5" CONTENT="f" STYLEREFS="TXT_16"/>
            <SP ID="PAG_42_SP000014" HPOS="2239" VPOS="932" WIDTH="28"/>
            <String HPOS="2267" VPOS="932" HEIGHT="4" WIDTH="3" ID="PAG_42_ST000020" WC="0.00" CONTENT="'" STYLEREFS="TXT_16"/>
            <SP ID="PAG_42_SP000015" HPOS="2270" VPOS="943" WIDTH="374"/>
            <String HPOS="2644" VPOS="943" HEIGHT="4" WIDTH="3" ID="PAG_42_ST000021" WC="0.00" CONTENT="•" STYLEREFS="TXT_16"/>
            <SP ID="PAG_42_SP000016" HPOS="2647" VPOS="945" WIDTH="35"/>
            <String HPOS="2682" VPOS="945" HEIGHT="2" WIDTH="2" ID="PAG_42_ST000022" WC="0.00" CONTENT="•" STYLEREFS="TXT_16"/>
            <SP ID="PAG_42_SP000017" HPOS="2684" VPOS="952" WIDTH="173"/>
            <String HPOS="2857" VPOS="952" HEIGHT="6" WIDTH="2" ID="PAG_42_ST000023" WC="0.00" CONTENT="'" STYLEREFS="TXT_16"/>
            <SP ID="PAG_42_SP000018" HPOS="2859" VPOS="942" WIDTH="368"/>
            <String HPOS="3227" VPOS="942" HEIGHT="4" WIDTH="3" ID="PAG_42_ST000024" WC="0.00" CONTENT="•" STYLEREFS="TXT_16"/>
            <SP ID="PAG_42_SP000019" HPOS="3230" VPOS="929" WIDTH="17"/>
            <String HPOS="3247" VPOS="929" HEIGHT="3" WIDTH="2" ID="PAG_42_ST000025" WC="0.00" CONTENT="'" STYLEREFS="TXT_16"/>
            <SP ID="PAG_42_SP000020" HPOS="3249" VPOS="973" WIDTH="129"/>
            <String HPOS="3378" VPOS="973" HEIGHT="3" WIDTH="3" ID="PAG_42_ST000026" WC="0.00" CONTENT="•" STYLEREFS="TXT_16"/>
            <SP ID="PAG_42_SP000021" HPOS="3381" VPOS="944" WIDTH="11"/>
            <String HPOS="3392" VPOS="944" HEIGHT="37" WIDTH="9" ID="PAG_42_ST000027" WC="0.00" CONTENT="1" STYLEREFS="TXT_16"/>
            <SP ID="PAG_42_SP000022" HPOS="3401" VPOS="964" WIDTH="59"/>
            <String HPOS="3460" VPOS="964" HEIGHT="11" WIDTH="18" ID="PAG_42_ST000028" WC="0.00" CONTENT="*" STYLEREFS="TXT_16"/>
          </TextLine>
          <TextLine HPOS="503" VPOS="983" HEIGHT="52" WIDTH="2892" ID="PAG_42_TL000007" STYLEREFS="TXT_16">
            <String HPOS="503" VPOS="985" HEIGHT="50" WIDTH="3" ID="PAG_42_ST000029" WC="0.00" CONTENT="|" STYLEREFS="TXT_16"/>
            <SP ID="PAG_42_SP000023" HPOS="506" VPOS="985" WIDTH="1"/>
            <String HPOS="506" VPOS="985" HEIGHT="50" WIDTH="4" ID="PAG_42_ST000030" WC="0.00" CONTENT="l" STYLEREFS="TXT_16"/>
            <SP ID="PAG_42_SP000024" HPOS="510" VPOS="1009" WIDTH="1308"/>
            <String HPOS="1818" VPOS="1009" HEIGHT="5" WIDTH="4" ID="PAG_42_ST000031" WC="0.00" CONTENT="'" STYLEREFS="TXT_16"/>
            <SP ID="PAG_42_SP000025" HPOS="1822" VPOS="997" WIDTH="129"/>
            <String HPOS="1951" VPOS="997" HEIGHT="2" WIDTH="2" ID="PAG_42_ST000032" WC="0.00" CONTENT="•" STYLEREFS="TXT_16"/>
            <SP ID="PAG_42_SP000026" HPOS="1953" VPOS="1005" WIDTH="254"/>
            <String HPOS="2207" VPOS="1005" HEIGHT="2" WIDTH="2" ID="PAG_42_ST000033" WC="0.00" CONTENT="." STYLEREFS="TXT_16"/>
            <SP ID="PAG_42_SP000027" HPOS="2209" VPOS="983" WIDTH="9"/>
            <String HPOS="2218" VPOS="983" HEIGHT="3" WIDTH="4" ID="PAG_42_ST000034" WC="0.00" CONTENT="'" STYLEREFS="TXT_16"/>
            <SP ID="PAG_42_SP000028" HPOS="2222" VPOS="995" WIDTH="561"/>
            <String HPOS="2783" VPOS="995" HEIGHT="3" WIDTH="2" ID="PAG_42_ST000035" WC="0.00" CONTENT="•" STYLEREFS="TXT_16"/>
            <SP ID="PAG_42_SP000029" HPOS="2785" VPOS="1013" WIDTH="134"/>
            <String HPOS="2919" VPOS="1013" HEIGHT="9" WIDTH="4" ID="PAG_42_ST000036" WC="0.00" CONTENT="4" STYLEREFS="TXT_10"/>
            <SP ID="PAG_42_SP000030" HPOS="2923" VPOS="988" WIDTH="434"/>
            <String HPOS="3357" VPOS="988" HEIGHT="6" WIDTH="11" ID="PAG_42_ST000037" WC="0.00" CONTENT="&quot;" STYLEREFS="TXT_10"/>
            <SP ID="PAG_42_SP000031" HPOS="3368" VPOS="988" WIDTH="24"/>
            <String HPOS="3392" VPOS="988" HEIGHT="41" WIDTH="3" ID="PAG_42_ST000038" WC="0.00" CONTENT=";;" STYLEREFS="TXT_10"/>
          </TextLine>
        </TextBlock>
        <TextBlock HPOS="500" VPOS="1058" HEIGHT="689" WIDTH="2881" ID="PAG_42_TB000007" TAGREFS="TAG_advertisement" LANG="fr" STYLEREFS="TXT_12">
          <TextLine HPOS="500" VPOS="1058" HEIGHT="644" WIDTH="2881" ID="PAG_42_TL000008" STYLEREFS="TXT_12">
            <String HPOS="500" VPOS="1066" HEIGHT="134" WIDTH="10" ID="PAG_42_ST000039" WC="0.00" CONTENT="j" STYLEREFS="TXT_12"/>
            <SP ID="PAG_42_SP000032" HPOS="510" VPOS="1058" WIDTH="75"/>
            <String HPOS="585" VPOS="1058" HEIGHT="644" WIDTH="39" ID="PAG_42_ST000040" WC="0.00" CONTENT="en" STYLEREFS="TXT_12"/>
            <SP ID="PAG_42_SP000033" HPOS="624" VPOS="1058" WIDTH="1566"/>
            <String HPOS="2190" VPOS="1058" HEIGHT="20" WIDTH="10" ID="PAG_42_ST000041" WC="0.00" CONTENT="'" STYLEREFS="TXT_12"/>
            <SP ID="PAG_42_SP000034" HPOS="2200" VPOS="1158" WIDTH="68"/>
            <String HPOS="2268" VPOS="1158" HEIGHT="6" WIDTH="4" ID="PAG_42_ST000042" WC="0.00" CONTENT="," STYLEREFS="TXT_12"/>
            <SP ID="PAG_42_SP000035" HPOS="2272" VPOS="1096" WIDTH="38"/>
            <String HPOS="2310" VPOS="1096" HEIGHT="82" WIDTH="366" ID="PAG_42_ST000043" WC="0.16" CONTENT="gnnan" STYLEREFS="TXT_12"/>
            <SP ID="PAG_42_SP000036" HPOS="2676" VPOS="1126" WIDTH="116"/>
            <String HPOS="2792" VPOS="1126" HEIGHT="2" WIDTH="2" ID="PAG_42_ST000044" WC="0.00" CONTENT="■" STYLEREFS="TXT_12"/>
            <SP ID="PAG_42_SP000037" HPOS="2794" VPOS="1058" WIDTH="186"/>
            <String HPOS="2980" VPOS="1058" HEIGHT="644" WIDTH="17" ID="PAG_42_ST000045" WC="0.00" CONTENT="L" STYLEREFS="TXT_12"/>
            <SP ID="PAG_42_SP000038" HPOS="2997" VPOS="1058" WIDTH="2"/>
            <String HPOS="2999" VPOS="1058" HEIGHT="644" WIDTH="50" ID="PAG_42_ST000046" WC="0.00" CONTENT="E5" STYLEREFS="TXT_12"/>
            <SP ID="PAG_42_SP000039" HPOS="3049" VPOS="1058" WIDTH="241"/>
            <String HPOS="3290" VPOS="1058" HEIGHT="644" WIDTH="91" ID="PAG_42_ST000047" WC="0.00" CONTENT="â&quot;" STYLEREFS="TXT_12"/>
          </TextLine>
          <TextLine HPOS="1628" VPOS="1392" HEIGHT="355" WIDTH="597" ID="PAG_42_TL000009" STYLEREFS="TXT_12">
            <String HPOS="1628" VPOS="1715" HEIGHT="32" WIDTH="115" ID="PAG_42_ST000048" WC="0.00" CONTENT="POUR" STYLEREFS="TXT_12"/>
            <SP ID="PAG_42_SP000040" HPOS="1743" VPOS="1716" WIDTH="13"/>
            <String HPOS="1756" VPOS="1716" HEIGHT="31" WIDTH="70" ID="PAG_42_ST000049" WC="0.00" CONTENT="LES" STYLEREFS="TXT_12"/>
            <SP ID="PAG_42_SP000041" HPOS="1826" VPOS="1587" WIDTH="7"/>
            <String HPOS="1833" VPOS="1587" HEIGHT="62" WIDTH="17" ID="PAG_42_ST000050" WC="0.00" CONTENT="1" STYLEREFS="TXT_12"/>
            <SP ID="PAG_42_SP000042" HPOS="1850" VPOS="1392" WIDTH="30"/>
            <String HPOS="1880" VPOS="1392" HEIGHT="38" WIDTH="80" ID="PAG_42_ST000051" WC="0.00" CONTENT="AIR." STYLEREFS="TXT_12"/>
            <SP ID="PAG_42_SP000043" HPOS="1960" VPOS="1393" WIDTH="7"/>
            <String HPOS="1967" VPOS="1393" HEIGHT="30" WIDTH="27" ID="PAG_42_ST000052" WC="0.00" CONTENT="A" STYLEREFS="TXT_12"/>
            <SP ID="PAG_42_SP000044" HPOS="1994" VPOS="1717" WIDTH="46"/>
            <String HPOS="2040" VPOS="1717" HEIGHT="29" WIDTH="46" ID="PAG_42_ST000053" WC="0.00" CONTENT="LA" STYLEREFS="TXT_12"/>
            <SP ID="PAG_42_SP000045" HPOS="2086" VPOS="1701" WIDTH="61"/>
            <String HPOS="2147" VPOS="1701" HEIGHT="45" WIDTH="78" ID="PAG_42_ST000054" WC="0.00" CONTENT="AU&quot;~" STYLEREFS="TXT_12"/>
          </TextLine>
        </TextBlock>
        <TextBlock HPOS="587" VPOS="1935" HEIGHT="38" WIDTH="371" ID="PAG_42_TB000008" TAGREFS="TAG_advertisement" LANG="fr" STYLEREFS="TXT_12">
          <TextLine HPOS="587" VPOS="1935" HEIGHT="38" WIDTH="371" ID="PAG_42_TL000010" STYLEREFS="TXT_12">
            <String HPOS="587" VPOS="1937" HEIGHT="27" WIDTH="25" ID="PAG_42_ST000055" WC="0.5" CONTENT="A" STYLEREFS="TXT_12"/>
            <SP ID="PAG_42_SP000046" HPOS="612" VPOS="1937" WIDTH="11"/>
            <String HPOS="623" VPOS="1937" HEIGHT="29" WIDTH="65" ID="PAG_42_ST000056" WC="0.83" CONTENT="titre" STYLEREFS="TXT_12"/>
            <SP ID="PAG_42_SP000047" HPOS="688" VPOS="1935" WIDTH="13"/>
            <String HPOS="701" VPOS="1935" HEIGHT="38" WIDTH="200" ID="PAG_42_ST000057" WC="1" CONTENT="publicitaire," STYLEREFS="TXT_12"/>
            <SP ID="PAG_42_SP000048" HPOS="901" VPOS="1937" WIDTH="14"/>
            <String HPOS="915" VPOS="1937" HEIGHT="30" WIDTH="43" ID="PAG_42_ST000058" WC="0.66" CONTENT="les" STYLEREFS="TXT_12"/>
          </TextLine>
        </TextBlock>
        <TextBlock HPOS="935" VPOS="1988" HEIGHT="231" WIDTH="250" ID="PAG_42_TB000009" TAGREFS="TAG_advertisement" LANG="fr" STYLEREFS="TXT_12">
          <TextLine HPOS="935" VPOS="1988" HEIGHT="231" WIDTH="250" ID="PAG_42_TL000011" STYLEREFS="TXT_12">
            <String HPOS="935" VPOS="1988" HEIGHT="27" WIDTH="31" ID="PAG_42_ST000059" WC="0.96" CONTENT="G" STYLEREFS="TXT_12"/>
            <SP ID="PAG_42_SP000049" HPOS="966" VPOS="2011" WIDTH="61"/>
            <String HPOS="1027" VPOS="2011" HEIGHT="12" WIDTH="6" ID="PAG_42_ST000060" WC="0.5" CONTENT="," STYLEREFS="TXT_12"/>
            <SP ID="PAG_42_SP000050" HPOS="1033" VPOS="2183" WIDTH="34"/>
            <String HPOS="1067" VPOS="2183" HEIGHT="36" WIDTH="118" ID="PAG_42_ST000061" WC="0.83" CONTENT="NIVÉA." STYLEREFS="TXT_12"/>
          </TextLine>
        </TextBlock>
        <TextBlock HPOS="1232" VPOS="2484" HEIGHT="11" WIDTH="225" ID="PAG_42_TB000010" TAGREFS="TAG_advertisement" LANG="fr" STYLEREFS="TXT_12">
          <TextLine HPOS="1232" VPOS="2484" HEIGHT="11" WIDTH="225" ID="PAG_42_TL000012" STYLEREFS="TXT_12">
            <String HPOS="1232" VPOS="2484" HEIGHT="11" WIDTH="225" ID="PAG_42_ST000062" WC="0.00" CONTENT="----" STYLEREFS="TXT_12"/>
          </TextLine>
        </TextBlock>
        <TextBlock HPOS="732" VPOS="2580" HEIGHT="324" WIDTH="2768" ID="PAG_42_TB000011" TAGREFS="TAG_advertisement" LANG="fr" STYLEREFS="TXT_68">
          <TextLine HPOS="732" VPOS="2580" HEIGHT="324" WIDTH="2768" ID="PAG_42_TL000013" STYLEREFS="TXT_68">
            <String HPOS="732" VPOS="2580" HEIGHT="324" WIDTH="760" ID="PAG_42_ST000063" WC="0.2" CONTENT="m^rM" STYLEREFS="TXT_68"/>
            <SP ID="PAG_42_SP000051" HPOS="1492" VPOS="2584" WIDTH="340"/>
            <String HPOS="1832" VPOS="2584" HEIGHT="320" WIDTH="1668" ID="PAG_42_ST000064" WC="0.04" CONTENT="lunuTfîîSwW^Qn" STYLEREFS="TXT_67"/>
          </TextLine>
        </TextBlock>
        <TextBlock HPOS="732" VPOS="2824" HEIGHT="296" WIDTH="920" ID="PAG_42_TB000012" TAGREFS="TAG_advertisement" LANG="fr" STYLEREFS="TXT_68">
          <TextLine HPOS="732" VPOS="2824" HEIGHT="296" WIDTH="920" ID="PAG_42_TL000014" STYLEREFS="TXT_68">
            <String HPOS="732" VPOS="2824" HEIGHT="296" WIDTH="752" ID="PAG_42_ST000065" WC="0.2" CONTENT="W^fW" STYLEREFS="TXT_68"/>
            <SP ID="PAG_42_SP000052" HPOS="1484" VPOS="2896" WIDTH="60"/>
            <String HPOS="1544" VPOS="2896" HEIGHT="176" WIDTH="108" ID="PAG_42_ST000066" WC="0.00" CONTENT="lN" STYLEREFS="TXT_48"/>
          </TextLine>
        </TextBlock>
        <TextBlock HPOS="615" VPOS="3160" HEIGHT="105" WIDTH="2722" ID="PAG_42_TB000013" TAGREFS="TAG_advertisement" LANG="fr" STYLEREFS="TXT_16">
          <TextLine HPOS="644" VPOS="3160" HEIGHT="44" WIDTH="2693" ID="PAG_42_TL000015" STYLEREFS="TXT_16">
            <String HPOS="644" VPOS="3162" HEIGHT="39" WIDTH="177" ID="PAG_42_ST000067" WC="0.16" CONTENT="/•'-." STYLEREFS="TXT_48"/>
            <SP ID="PAG_42_SP000053" HPOS="821" VPOS="3177" WIDTH="27"/>
            <String HPOS="848" VPOS="3177" HEIGHT="8" WIDTH="11" ID="PAG_42_ST000068" WC="0.00" CONTENT="-" STYLEREFS="TXT_48"/>
            <SP ID="PAG_42_SP000054" HPOS="859" VPOS="3183" WIDTH="15"/>
            <String HPOS="874" VPOS="3183" HEIGHT="11" WIDTH="17" ID="PAG_42_ST000069" WC="0.00" CONTENT="■." STYLEREFS="TXT_48"/>
            <SP ID="PAG_42_SP000055" HPOS="891" VPOS="3170" WIDTH="73"/>
            <String HPOS="964" VPOS="3170" HEIGHT="31" WIDTH="97" ID="PAG_42_ST000070" WC="0.00" CONTENT="1»*." STYLEREFS="TXT_16"/>
            <SP ID="PAG_42_SP000056" HPOS="1061" VPOS="3162" WIDTH="83"/>
            <String HPOS="1144" VPOS="3162" HEIGHT="9" WIDTH="10" ID="PAG_42_ST000071" WC="0.00" CONTENT="*" STYLEREFS="TXT_16"/>
            <SP ID="PAG_42_SP000057" HPOS="1154" VPOS="3188" WIDTH="324"/>
            <String HPOS="1478" VPOS="3188" HEIGHT="3" WIDTH="2" ID="PAG_42_ST000072" WC="0.00" CONTENT="." STYLEREFS="TXT_16"/>
            <SP ID="PAG_42_SP000058" HPOS="1480" VPOS="3160" WIDTH="316"/>
            <String HPOS="1796" VPOS="3160" HEIGHT="31" WIDTH="26" ID="PAG_42_ST000073" WC="1" CONTENT="N" STYLEREFS="TXT_16"/>
            <SP ID="PAG_42_SP000059" HPOS="1822" VPOS="3171" WIDTH="17"/>
            <String HPOS="1839" VPOS="3171" HEIGHT="22" WIDTH="206" ID="PAG_42_ST000074" WC="0.41" CONTENT="aVeZ-Vl)US" STYLEREFS="TXT_16"/>
            <SP ID="PAG_42_SP000060" HPOS="2045" VPOS="3161" WIDTH="24"/>
            <String HPOS="2069" VPOS="3161" HEIGHT="41" WIDTH="131" ID="PAG_42_ST000075" WC="1" CONTENT="jamais" STYLEREFS="TXT_16"/>
            <SP ID="PAG_42_SP000061" HPOS="2200" VPOS="3173" WIDTH="29"/>
            <String HPOS="2229" VPOS="3173" HEIGHT="30" WIDTH="110" ID="PAG_42_ST000076" WC="1" CONTENT="pense" STYLEREFS="TXT_16"/>
            <SP ID="PAG_42_SP000062" HPOS="2339" VPOS="3173" WIDTH="27"/>
            <String HPOS="2366" VPOS="3173" HEIGHT="29" WIDTH="69" ID="PAG_42_ST000077" WC="1" CONTENT="que" STYLEREFS="TXT_16"/>
            <SP ID="PAG_42_SP000063" HPOS="2435" VPOS="3167" WIDTH="26"/>
            <String HPOS="2461" VPOS="3167" HEIGHT="27" WIDTH="100" ID="PAG_42_ST000078" WC="1" CONTENT="votre" STYLEREFS="TXT_16"/>
            <SP ID="PAG_42_SP000064" HPOS="2561" VPOS="3165" WIDTH="27"/>
            <String HPOS="2588" VPOS="3165" HEIGHT="39" WIDTH="220" ID="PAG_42_ST000079" WC="0.75" CONTENT=",)rganisme," STYLEREFS="TXT_16"/>
            <SP ID="PAG_42_SP000065" HPOS="2808" VPOS="3165" WIDTH="22"/>
            <String HPOS="2830" VPOS="3165" HEIGHT="30" WIDTH="139" ID="PAG_42_ST000080" WC="0.88" CONTENT="soumis" STYLEREFS="TXT_16"/>
            <SP ID="PAG_42_SP000066" HPOS="2969" VPOS="3175" WIDTH="20"/>
            <String HPOS="2989" VPOS="3175" HEIGHT="20" WIDTH="44" ID="PAG_42_ST000081" WC="1" CONTENT="au" STYLEREFS="TXT_16"/>
            <SP ID="PAG_42_SP000067" HPOS="3033" VPOS="3165" WIDTH="31"/>
            <String HPOS="3064" VPOS="3165" HEIGHT="31" WIDTH="116" ID="PAG_42_ST000082" WC="0.99" CONTENT="même" STYLEREFS="TXT_16"/>
            <SP ID="PAG_42_SP000068" HPOS="3180" VPOS="3166" WIDTH="29"/>
            <String HPOS="3209" VPOS="3166" HEIGHT="30" WIDTH="128" ID="PAG_42_ST000083" WC="0.99" CONTENT="travail" STYLEREFS="TXT_16"/>
          </TextLine>
          <TextLine HPOS="615" VPOS="3202" HEIGHT="63" WIDTH="2722" ID="PAG_42_TL000016" STYLEREFS="TXT_16">
            <String HPOS="615" VPOS="3202" HEIGHT="57" WIDTH="116" ID="PAG_42_ST000084" WC="0.33" CONTENT="iv-^5" STYLEREFS="TXT_16"/>
            <SP ID="PAG_42_SP000069" HPOS="731" VPOS="3203" WIDTH="41"/>
            <String HPOS="772" VPOS="3203" HEIGHT="52" WIDTH="72" ID="PAG_42_ST000085" WC="0.14" CONTENT="'/'#-&gt;" STYLEREFS="TXT_16"/>
            <SP ID="PAG_42_SP000070" HPOS="844" VPOS="3203" WIDTH="20"/>
            <String HPOS="864" VPOS="3203" HEIGHT="20" WIDTH="10" ID="PAG_42_ST000086" WC="0.5" CONTENT="*" STYLEREFS="TXT_16"/>
            <SP ID="PAG_42_SP000071" HPOS="874" VPOS="3216" WIDTH="33"/>
            <String HPOS="907" VPOS="3216" HEIGHT="47" WIDTH="18" ID="PAG_42_ST000087" WC="0.25" CONTENT="i,|" STYLEREFS="TXT_16"/>
            <SP ID="PAG_42_SP000072" HPOS="925" VPOS="3202" WIDTH="18"/>
            <String HPOS="943" VPOS="3202" HEIGHT="63" WIDTH="422" ID="PAG_42_ST000088" WC="0.03" CONTENT="V'^^fch^ggipn^F," STYLEREFS="TXT_16"/>
            <SP ID="PAG_42_SP000073" HPOS="1365" VPOS="3245" WIDTH="26"/>
            <String HPOS="1391" VPOS="3245" HEIGHT="9" WIDTH="13" ID="PAG_42_ST000089" WC="0.5" CONTENT="«" STYLEREFS="TXT_16"/>
            <SP ID="PAG_42_SP000074" HPOS="1404" VPOS="3213" WIDTH="37"/>
            <String HPOS="1441" VPOS="3213" HEIGHT="38" WIDTH="24" ID="PAG_42_ST000090" WC="0.00" CONTENT=",'" STYLEREFS="TXT_16"/>
            <SP ID="PAG_42_SP000075" HPOS="1465" VPOS="3213" WIDTH="328"/>
            <String HPOS="1793" VPOS="3213" HEIGHT="34" WIDTH="192" ID="PAG_42_ST000091" WC="0.99" CONTENT="incessant," STYLEREFS="TXT_16"/>
            <SP ID="PAG_42_SP000076" HPOS="1985" VPOS="3214" WIDTH="22"/>
            <String HPOS="2007" VPOS="3214" HEIGHT="30" WIDTH="100" ID="PAG_42_ST000092" WC="1" CONTENT="avait" STYLEREFS="TXT_16"/>
            <SP ID="PAG_42_SP000077" HPOS="2107" VPOS="3213" WIDTH="24"/>
            <String HPOS="2131" VPOS="3213" HEIGHT="31" WIDTH="125" ID="PAG_42_ST000093" WC="1" CONTENT="besoin" STYLEREFS="TXT_16"/>
            <SP ID="PAG_42_SP000078" HPOS="2256" VPOS="3214" WIDTH="25"/>
            <String HPOS="2281" VPOS="3214" HEIGHT="30" WIDTH="46" ID="PAG_42_ST000094" WC="1" CONTENT="lui" STYLEREFS="TXT_16"/>
            <SP ID="PAG_42_SP000079" HPOS="2327" VPOS="3215" WIDTH="23"/>
            <String HPOS="2350" VPOS="3215" HEIGHT="30" WIDTH="97" ID="PAG_42_ST000095" WC="1" CONTENT="aussi" STYLEREFS="TXT_16"/>
            <SP ID="PAG_42_SP000080" HPOS="2447" VPOS="3214" WIDTH="24"/>
            <String HPOS="2471" VPOS="3214" HEIGHT="31" WIDTH="111" ID="PAG_42_ST000096" WC="1" CONTENT="d'être" STYLEREFS="TXT_16"/>
            <SP ID="PAG_42_SP000081" HPOS="2582" VPOS="3216" WIDTH="25"/>
            <String HPOS="2607" VPOS="3216" HEIGHT="30" WIDTH="163" ID="PAG_42_ST000097" WC="0.87" CONTENT="remonte" STYLEREFS="TXT_16"/>
            <SP ID="PAG_42_SP000082" HPOS="2770" VPOS="3216" WIDTH="22"/>
            <String HPOS="2792" VPOS="3216" HEIGHT="42" WIDTH="141" ID="PAG_42_ST000098" WC="1" CONTENT="chaque" STYLEREFS="TXT_16"/>
            <SP ID="PAG_42_SP000083" HPOS="2933" VPOS="3216" WIDTH="22"/>
            <String HPOS="2955" VPOS="3216" HEIGHT="41" WIDTH="90" ID="PAG_42_ST000099" WC="0.83" CONTENT="jour." STYLEREFS="TXT_16"/>
            <SP ID="PAG_42_SP000084" HPOS="3045" VPOS="3215" WIDTH="22"/>
            <String HPOS="3067" VPOS="3215" HEIGHT="33" WIDTH="97" ID="PAG_42_ST000100" WC="1" CONTENT="faute" STYLEREFS="TXT_16"/>
            <SP ID="PAG_42_SP000085" HPOS="3164" VPOS="3216" WIDTH="22"/>
            <String HPOS="3186" VPOS="3216" HEIGHT="31" WIDTH="45" ID="PAG_42_ST000101" WC="1" CONTENT="de" STYLEREFS="TXT_16"/>
            <SP ID="PAG_42_SP000086" HPOS="3231" VPOS="3217" WIDTH="22"/>
            <String HPOS="3253" VPOS="3217" HEIGHT="41" WIDTH="84" ID="PAG_42_ST000102" WC="1" CONTENT="quoi" STYLEREFS="TXT_16"/>
          </TextLine>
        </TextBlock>
        <TextBlock HPOS="598" VPOS="3254" HEIGHT="76" WIDTH="2739" ID="PAG_42_TB000014" TAGREFS="TAG_advertisement" LANG="fr" STYLEREFS="TXT_16">
          <TextLine HPOS="598" VPOS="3254" HEIGHT="76" WIDTH="2739" ID="PAG_42_TL000017" STYLEREFS="TXT_16">
            <String HPOS="598" VPOS="3260" HEIGHT="70" WIDTH="46" ID="PAG_42_ST000103" WC="0.00" CONTENT="Jt," STYLEREFS="TXT_16"/>
            <SP ID="PAG_42_SP000087" HPOS="644" VPOS="3275" WIDTH="218"/>
            <String HPOS="862" VPOS="3275" HEIGHT="21" WIDTH="13" ID="PAG_42_ST000104" WC="0.00" CONTENT="•'" STYLEREFS="TXT_16"/>
            <SP ID="PAG_42_SP000088" HPOS="875" VPOS="3283" WIDTH="33"/>
            <String HPOS="908" VPOS="3283" HEIGHT="30" WIDTH="9" ID="PAG_42_ST000105" WC="0.00" CONTENT="\" STYLEREFS="TXT_16"/>
            <SP ID="PAG_42_SP000089" HPOS="917" VPOS="3254" WIDTH="47"/>
            <String HPOS="964" VPOS="3254" HEIGHT="49" WIDTH="38" ID="PAG_42_ST000106" WC="0.00" CONTENT="V" STYLEREFS="TXT_16"/>
            <SP ID="PAG_42_SP000090" HPOS="1002" VPOS="3258" WIDTH="114"/>
            <String HPOS="1116" VPOS="3258" HEIGHT="23" WIDTH="94" ID="PAG_42_ST000107" WC="0.00" CONTENT="**&quot;*&quot;*■" STYLEREFS="TXT_16"/>
            <SP ID="PAG_42_SP000091" HPOS="1210" VPOS="3254" WIDTH="35"/>
            <String HPOS="1245" VPOS="3254" HEIGHT="76" WIDTH="76" ID="PAG_42_ST000108" WC="0.00" CONTENT="SjÊr" STYLEREFS="TXT_16"/>
            <SP ID="PAG_42_SP000092" HPOS="1321" VPOS="3272" WIDTH="18"/>
            <String HPOS="1339" VPOS="3272" HEIGHT="17" WIDTH="11" ID="PAG_42_ST000109" WC="0.00" CONTENT="t," STYLEREFS="TXT_16"/>
            <SP ID="PAG_42_SP000093" HPOS="1350" VPOS="3272" WIDTH="127"/>
            <String HPOS="1477" VPOS="3272" HEIGHT="16" WIDTH="8" ID="PAG_42_ST000110" WC="0.00" CONTENT="v" STYLEREFS="TXT_16"/>
            <SP ID="PAG_42_SP000094" HPOS="1485" VPOS="3254" WIDTH="30"/>
            <String HPOS="1515" VPOS="3254" HEIGHT="76" WIDTH="86" ID="PAG_42_ST000111" WC="0.00" CONTENT="4^" STYLEREFS="TXT_16"/>
            <SP ID="PAG_42_SP000095" HPOS="1601" VPOS="3274" WIDTH="190"/>
            <String HPOS="1791" VPOS="3274" HEIGHT="21" WIDTH="63" ID="PAG_42_ST000112" WC="0.43" CONTENT="S,'II" STYLEREFS="TXT_16"/>
            <SP ID="PAG_42_SP000096" HPOS="1854" VPOS="3269" WIDTH="26"/>
            <String HPOS="1880" VPOS="3269" HEIGHT="27" WIDTH="137" ID="PAG_42_ST000113" WC="0.54" CONTENT="ressort" STYLEREFS="TXT_16"/>
            <SP ID="PAG_42_SP000097" HPOS="2017" VPOS="3264" WIDTH="17"/>
            <String HPOS="2034" VPOS="3264" HEIGHT="32" WIDTH="163" ID="PAG_42_ST000114" WC="0.99" CONTENT="étendu" STYLEREFS="TXT_16"/>
            <SP ID="PAG_42_SP000098" HPOS="2197" VPOS="3266" WIDTH="25"/>
            <String HPOS="2222" VPOS="3266" HEIGHT="30" WIDTH="152" ID="PAG_42_ST000115" WC="1" CONTENT="n'aurait" STYLEREFS="TXT_16"/>
            <SP ID="PAG_42_SP000099" HPOS="2374" VPOS="3266" WIDTH="23"/>
            <String HPOS="2397" VPOS="3266" HEIGHT="41" WIDTH="82" ID="PAG_42_ST000116" WC="0.97" CONTENT="plus" STYLEREFS="TXT_16"/>
            <SP ID="PAG_42_SP000100" HPOS="2479" VPOS="3266" WIDTH="16"/>
            <String HPOS="2495" VPOS="3266" HEIGHT="42" WIDTH="131" ID="PAG_42_ST000117" WC="1" CONTENT="qu'une" STYLEREFS="TXT_16"/>
            <SP ID="PAG_42_SP000101" HPOS="2626" VPOS="3267" WIDTH="22"/>
            <String HPOS="2648" VPOS="3267" HEIGHT="41" WIDTH="146" ID="PAG_42_ST000118" WC="1" CONTENT="énergie" STYLEREFS="TXT_16"/>
            <SP ID="PAG_42_SP000102" HPOS="2794" VPOS="3267" WIDTH="21"/>
            <String HPOS="2815" VPOS="3267" HEIGHT="31" WIDTH="46" ID="PAG_42_ST000119" WC="1" CONTENT="de" STYLEREFS="TXT_16"/>
            <SP ID="PAG_42_SP000103" HPOS="2861" VPOS="3268" WIDTH="24"/>
            <String HPOS="2885" VPOS="3268" HEIGHT="41" WIDTH="80" ID="PAG_42_ST000120" WC="0.99" CONTENT="plus" STYLEREFS="TXT_16"/>
            <SP ID="PAG_42_SP000104" HPOS="2965" VPOS="3278" WIDTH="21"/>
            <String HPOS="2986" VPOS="3278" HEIGHT="21" WIDTH="42" ID="PAG_42_ST000121" WC="0.93" CONTENT="en" STYLEREFS="TXT_16"/>
            <SP ID="PAG_42_SP000105" HPOS="3028" VPOS="3267" WIDTH="25"/>
            <String HPOS="3053" VPOS="3267" HEIGHT="43" WIDTH="81" ID="PAG_42_ST000122" WC="0.99" CONTENT="plus" STYLEREFS="TXT_16"/>
            <SP ID="PAG_42_SP000106" HPOS="3134" VPOS="3267" WIDTH="24"/>
            <String HPOS="3158" VPOS="3267" HEIGHT="32" WIDTH="179" ID="PAG_42_ST000123" WC="0.90" CONTENT="ratentie?" STYLEREFS="TXT_16"/>
          </TextLine>
        </TextBlock>
        <TextBlock HPOS="547" VPOS="3312" HEIGHT="248" WIDTH="2789" ID="PAG_42_TB000015" TAGREFS="TAG_advertisement" LANG="fr" STYLEREFS="TXT_16">
          <TextLine HPOS="585" VPOS="3312" HEIGHT="73" WIDTH="2749" ID="PAG_42_TL000018" STYLEREFS="TXT_16">
            <String HPOS="585" VPOS="3312" HEIGHT="73" WIDTH="143" ID="PAG_42_ST000124" WC="0.00" CONTENT="/%«'\\" STYLEREFS="TXT_16"/>
            <SP ID="PAG_42_SP000107" HPOS="728" VPOS="3364" WIDTH="587"/>
            <String HPOS="1315" VPOS="3364" HEIGHT="21" WIDTH="21" ID="PAG_42_ST000125" WC="0.00" CONTENT="|" STYLEREFS="TXT_16"/>
            <SP ID="PAG_42_SP000108" HPOS="1336" VPOS="3359" WIDTH="21"/>
            <String HPOS="1357" VPOS="3359" HEIGHT="26" WIDTH="50" ID="PAG_42_ST000126" WC="0.00" CONTENT="4'j" STYLEREFS="TXT_16"/>
            <SP ID="PAG_42_SP000109" HPOS="1407" VPOS="3313" WIDTH="12"/>
            <String HPOS="1419" VPOS="3313" HEIGHT="50" WIDTH="120" ID="PAG_42_ST000127" WC="0.00" CONTENT="^'" STYLEREFS="TXT_16"/>
            <SP ID="PAG_42_SP000110" HPOS="1539" VPOS="3361" WIDTH="15"/>
            <String HPOS="1554" VPOS="3361" HEIGHT="24" WIDTH="57" ID="PAG_42_ST000128" WC="0.00" CONTENT="tM" STYLEREFS="TXT_16"/>
            <SP ID="PAG_42_SP000111" HPOS="1611" VPOS="3341" WIDTH="183"/>
            <String HPOS="1794" VPOS="3341" HEIGHT="32" WIDTH="199" ID="PAG_42_ST000129" WC="0.99" CONTENT="Remontez" STYLEREFS="TXT_16"/>
            <SP ID="PAG_42_SP000112" HPOS="1993" VPOS="3347" WIDTH="25"/>
            <String HPOS="2018" VPOS="3347" HEIGHT="26" WIDTH="101" ID="PAG_42_ST000130" WC="1" CONTENT="votre" STYLEREFS="TXT_16"/>
            <SP ID="PAG_42_SP000113" HPOS="2119" VPOS="3344" WIDTH="23"/>
            <String HPOS="2142" VPOS="3344" HEIGHT="39" WIDTH="209" ID="PAG_42_ST000131" WC="1" CONTENT="organisme" STYLEREFS="TXT_16"/>
            <SP ID="PAG_42_SP000114" HPOS="2351" VPOS="3344" WIDTH="22"/>
            <String HPOS="2373" VPOS="3344" HEIGHT="41" WIDTH="142" ID="PAG_42_ST000132" WC="1" CONTENT="chaque" STYLEREFS="TXT_16"/>
            <SP ID="PAG_42_SP000115" HPOS="2515" VPOS="3345" WIDTH="24"/>
            <String HPOS="2539" VPOS="3345" HEIGHT="31" WIDTH="121" ID="PAG_42_ST000133" WC="0.91" CONTENT="matin," STYLEREFS="TXT_16"/>
            <SP ID="PAG_42_SP000116" HPOS="2660" VPOS="3354" WIDTH="24"/>
            <String HPOS="2684" VPOS="3354" HEIGHT="21" WIDTH="69" ID="PAG_42_ST000134" WC="0.85" CONTENT="non" STYLEREFS="TXT_16"/>
            <SP ID="PAG_42_SP000117" HPOS="2753" VPOS="3355" WIDTH="26"/>
            <String HPOS="2779" VPOS="3355" HEIGHT="30" WIDTH="63" ID="PAG_42_ST000135" WC="1" CONTENT="pas" STYLEREFS="TXT_16"/>
            <SP ID="PAG_42_SP000118" HPOS="2842" VPOS="3355" WIDTH="21"/>
            <String HPOS="2863" VPOS="3355" HEIGHT="21" WIDTH="89" ID="PAG_42_ST000136" WC="1" CONTENT="avec" STYLEREFS="TXT_16"/>
            <SP ID="PAG_42_SP000119" HPOS="2952" VPOS="3345" WIDTH="22"/>
            <String HPOS="2974" VPOS="3345" HEIGHT="31" WIDTH="67" ID="PAG_42_ST000137" WC="1" CONTENT="des" STYLEREFS="TXT_16"/>
            <SP ID="PAG_42_SP000120" HPOS="3041" VPOS="3345" WIDTH="19"/>
            <String HPOS="3060" VPOS="3345" HEIGHT="40" WIDTH="160" ID="PAG_42_ST000138" WC="1" CONTENT="drogues" STYLEREFS="TXT_16"/>
            <SP ID="PAG_42_SP000121" HPOS="3220" VPOS="3346" WIDTH="16"/>
            <String HPOS="3236" VPOS="3346" HEIGHT="38" WIDTH="42" ID="PAG_42_ST000139" WC="0.85" CONTENT="(c" STYLEREFS="TXT_16"/>
            <SP ID="PAG_42_SP000122" HPOS="3278" VPOS="3346" WIDTH="1"/>
            <String HPOS="3278" VPOS="3346" HEIGHT="38" WIDTH="56" ID="PAG_42_ST000140" WC="0.85" CONTENT="est" STYLEREFS="TXT_16"/>
          </TextLine>
          <TextLine HPOS="568" VPOS="3383" HEIGHT="51" WIDTH="2767" ID="PAG_42_TL000019" STYLEREFS="TXT_16">
            <String HPOS="568" VPOS="3383" HEIGHT="51" WIDTH="128" ID="PAG_42_ST000141" WC="0.07" CONTENT="llwvk.'" STYLEREFS="TXT_48"/>
            <SP ID="PAG_42_SP000123" HPOS="696" VPOS="3383" WIDTH="13"/>
            <String HPOS="709" VPOS="3383" HEIGHT="51" WIDTH="82" ID="PAG_42_ST000142" WC="0.00" CONTENT="^^" STYLEREFS="TXT_48"/>
            <SP ID="PAG_42_SP000124" HPOS="791" VPOS="3406" WIDTH="188"/>
            <String HPOS="979" VPOS="3406" HEIGHT="28" WIDTH="31" ID="PAG_42_ST000143" WC="0.00" CONTENT="^" STYLEREFS="TXT_48"/>
            <SP ID="PAG_42_SP000125" HPOS="1010" VPOS="3405" WIDTH="18"/>
            <String HPOS="1028" VPOS="3405" HEIGHT="29" WIDTH="51" ID="PAG_42_ST000144" WC="0.25" CONTENT="*'V" STYLEREFS="TXT_48"/>
            <SP ID="PAG_42_SP000126" HPOS="1079" VPOS="3383" WIDTH="158"/>
            <String HPOS="1237" VPOS="3383" HEIGHT="51" WIDTH="27" ID="PAG_42_ST000145" WC="0.00" CONTENT="f" STYLEREFS="TXT_48"/>
            <SP ID="PAG_42_SP000127" HPOS="1264" VPOS="3410" WIDTH="28"/>
            <String HPOS="1292" VPOS="3410" HEIGHT="7" WIDTH="2" ID="PAG_42_ST000146" WC="0.00" CONTENT=":" STYLEREFS="TXT_48"/>
            <SP ID="PAG_42_SP000128" HPOS="1294" VPOS="3391" WIDTH="137"/>
            <String HPOS="1431" VPOS="3391" HEIGHT="35" WIDTH="81" ID="PAG_42_ST000147" WC="0.11" CONTENT="'v&quot;''" STYLEREFS="TXT_48"/>
            <SP ID="PAG_42_SP000129" HPOS="1512" VPOS="3383" WIDTH="18"/>
            <String HPOS="1530" VPOS="3383" HEIGHT="51" WIDTH="81" ID="PAG_42_ST000148" WC="0.33" CONTENT="Zf" STYLEREFS="TXT_48"/>
            <SP ID="PAG_42_SP000130" HPOS="1611" VPOS="3393" WIDTH="178"/>
            <String HPOS="1789" VPOS="3393" HEIGHT="32" WIDTH="100" ID="PAG_42_ST000149" WC="0.54" CONTENT="affa" STYLEREFS="TXT_16"/>
            <SP ID="PAG_42_SP000131" HPOS="1889" VPOS="3394" WIDTH="7"/>
            <String HPOS="1896" VPOS="3394" HEIGHT="31" WIDTH="49" ID="PAG_42_ST000150" WC="0.94" CONTENT="ire" STYLEREFS="TXT_16"/>
            <SP ID="PAG_42_SP000132" HPOS="1945" VPOS="3393" WIDTH="30"/>
            <String HPOS="1975" VPOS="3393" HEIGHT="31" WIDTH="48" ID="PAG_42_ST000151" WC="1" CONTENT="du" STYLEREFS="TXT_16"/>
            <SP ID="PAG_42_SP000133" HPOS="2023" VPOS="3394" WIDTH="35"/>
            <String HPOS="2058" VPOS="3394" HEIGHT="31" WIDTH="166" ID="PAG_42_ST000152" WC="0.97" CONTENT="médecin" STYLEREFS="TXT_16"/>
            <SP ID="PAG_42_SP000134" HPOS="2224" VPOS="3394" WIDTH="33"/>
            <String HPOS="2257" VPOS="3394" HEIGHT="31" WIDTH="45" ID="PAG_42_ST000153" WC="1" CONTENT="de" STYLEREFS="TXT_16"/>
            <SP ID="PAG_42_SP000135" HPOS="2302" VPOS="3406" WIDTH="32"/>
            <String HPOS="2334" VPOS="3406" HEIGHT="21" WIDTH="90" ID="PAG_42_ST000154" WC="0.91" CONTENT="vous" STYLEREFS="TXT_16"/>
            <SP ID="PAG_42_SP000136" HPOS="2424" VPOS="3396" WIDTH="30"/>
            <String HPOS="2454" VPOS="3396" HEIGHT="38" WIDTH="146" ID="PAG_42_ST000155" WC="1" CONTENT="soigner" STYLEREFS="TXT_16"/>
            <SP ID="PAG_42_SP000137" HPOS="2600" VPOS="3396" WIDTH="29"/>
            <String HPOS="2629" VPOS="3396" HEIGHT="30" WIDTH="27" ID="PAG_42_ST000156" WC="1" CONTENT="si" STYLEREFS="TXT_16"/>
            <SP ID="PAG_42_SP000138" HPOS="2656" VPOS="3405" WIDTH="33"/>
            <String HPOS="2689" VPOS="3405" HEIGHT="21" WIDTH="89" ID="PAG_42_ST000157" WC="1" CONTENT="vous" STYLEREFS="TXT_16"/>
            <SP ID="PAG_42_SP000139" HPOS="2778" VPOS="3395" WIDTH="37"/>
            <String HPOS="2815" VPOS="3395" HEIGHT="32" WIDTH="76" ID="PAG_42_ST000158" WC="1" CONTENT="êtes" STYLEREFS="TXT_16"/>
            <SP ID="PAG_42_SP000140" HPOS="2891" VPOS="3396" WIDTH="34"/>
            <String HPOS="2925" VPOS="3396" HEIGHT="38" WIDTH="169" ID="PAG_42_ST000159" WC="0.93" CONTENT="malade)," STYLEREFS="TXT_16"/>
            <SP ID="PAG_42_SP000141" HPOS="3094" VPOS="3398" WIDTH="33"/>
            <String HPOS="3127" VPOS="3398" HEIGHT="29" WIDTH="91" ID="PAG_42_ST000160" WC="1" CONTENT="mais" STYLEREFS="TXT_16"/>
            <SP ID="PAG_42_SP000142" HPOS="3218" VPOS="3407" WIDTH="27"/>
            <String HPOS="3245" VPOS="3407" HEIGHT="20" WIDTH="90" ID="PAG_42_ST000161" WC="1" CONTENT="avec" STYLEREFS="TXT_16"/>
          </TextLine>
          <TextLine HPOS="556" VPOS="3433" HEIGHT="48" WIDTH="2780" ID="PAG_42_TL000020" STYLEREFS="TXT_16">
            <String HPOS="556" VPOS="3479" HEIGHT="2" WIDTH="28" ID="PAG_42_ST000162" WC="0.00" CONTENT="■" STYLEREFS="TXT_16"/>
            <SP ID="PAG_42_SP000143" HPOS="584" VPOS="3456" WIDTH="539"/>
            <String HPOS="1123" VPOS="3456" HEIGHT="25" WIDTH="60" ID="PAG_42_ST000163" WC="0.00" CONTENT="l4" STYLEREFS="TXT_16"/>
            <SP ID="PAG_42_SP000144" HPOS="1183" VPOS="3440" WIDTH="146"/>
            <String HPOS="1329" VPOS="3440" HEIGHT="41" WIDTH="54" ID="PAG_42_ST000164" WC="0.00" CONTENT="J" STYLEREFS="TXT_16"/>
            <SP ID="PAG_42_SP000145" HPOS="1383" VPOS="3433" WIDTH="119"/>
            <String HPOS="1502" VPOS="3433" HEIGHT="48" WIDTH="96" ID="PAG_42_ST000165" WC="0.25" CONTENT="*mJ" STYLEREFS="TXT_16"/>
            <SP ID="PAG_42_SP000146" HPOS="1598" VPOS="3456" WIDTH="193"/>
            <String HPOS="1791" VPOS="3456" HEIGHT="20" WIDTH="41" ID="PAG_42_ST000166" WC="0.41" CONTENT="1111" STYLEREFS="TXT_16"/>
            <SP ID="PAG_42_SP000147" HPOS="1832" VPOS="3446" WIDTH="25"/>
            <String HPOS="1857" VPOS="3446" HEIGHT="30" WIDTH="161" ID="PAG_42_ST000167" WC="0.40" CONTENT="alil1le!1I1" STYLEREFS="TXT_16"/>
            <SP ID="PAG_42_SP000148" HPOS="2018" VPOS="3445" WIDTH="31"/>
            <String HPOS="2049" VPOS="3445" HEIGHT="31" WIDTH="47" ID="PAG_42_ST000168" WC="0.48" CONTENT="de!" STYLEREFS="TXT_16"/>
            <SP ID="PAG_42_SP000149" HPOS="2096" VPOS="3443" WIDTH="29"/>
            <String HPOS="2125" VPOS="3443" HEIGHT="37" WIDTH="104" ID="PAG_42_ST000169" WC="0.41" CONTENT="j()rù'" STYLEREFS="TXT_16"/>
            <SP ID="PAG_42_SP000150" HPOS="2229" VPOS="3451" WIDTH="30"/>
            <String HPOS="2259" VPOS="3451" HEIGHT="28" WIDTH="207" ID="PAG_42_ST000170" WC="0.85" CONTENT="contenant," STYLEREFS="TXT_16"/>
            <SP ID="PAG_42_SP000151" HPOS="2466" VPOS="3446" WIDTH="30"/>
            <String HPOS="2496" VPOS="3446" HEIGHT="34" WIDTH="305" ID="PAG_42_ST000171" WC="0.97" CONTENT="judicieusement" STYLEREFS="TXT_16"/>
            <SP ID="PAG_42_SP000152" HPOS="2801" VPOS="3448" WIDTH="29"/>
            <String HPOS="2830" VPOS="3448" HEIGHT="31" WIDTH="184" ID="PAG_42_ST000172" WC="0.89" CONTENT="associées" STYLEREFS="TXT_16"/>
            <SP ID="PAG_42_SP000153" HPOS="3014" VPOS="3452" WIDTH="29"/>
            <String HPOS="3043" VPOS="3452" HEIGHT="27" WIDTH="32" ID="PAG_42_ST000173" WC="1" CONTENT="et" STYLEREFS="TXT_16"/>
            <SP ID="PAG_42_SP000154" HPOS="3075" VPOS="3448" WIDTH="29"/>
            <String HPOS="3104" VPOS="3448" HEIGHT="32" WIDTH="148" ID="PAG_42_ST000174" WC="0.94" CONTENT="dosées," STYLEREFS="TXT_16"/>
            <SP ID="PAG_42_SP000155" HPOS="3252" VPOS="3448" WIDTH="34"/>
            <String HPOS="3286" VPOS="3448" HEIGHT="30" WIDTH="50" ID="PAG_42_ST000175" WC="0.62" CONTENT="tes" STYLEREFS="TXT_16"/>
          </TextLine>
          <TextLine HPOS="547" VPOS="3478" HEIGHT="82" WIDTH="2784" ID="PAG_42_TL000021" STYLEREFS="TXT_16">
            <String HPOS="547" VPOS="3500" HEIGHT="60" WIDTH="47" ID="PAG_42_ST000176" WC="0.00" CONTENT="£" STYLEREFS="TXT_16"/>
            <SP ID="PAG_42_SP000156" HPOS="594" VPOS="3536" WIDTH="15"/>
            <String HPOS="609" VPOS="3536" HEIGHT="24" WIDTH="30" ID="PAG_42_ST000177" WC="0.00" CONTENT="»" STYLEREFS="TXT_16"/>
            <SP ID="PAG_42_SP000157" HPOS="639" VPOS="3478" WIDTH="29"/>
            <String HPOS="668" VPOS="3478" HEIGHT="74" WIDTH="50" ID="PAG_42_ST000178" WC="0.00" CONTENT="^" STYLEREFS="TXT_16"/>
            <SP ID="PAG_42_SP000158" HPOS="718" VPOS="3478" WIDTH="177"/>
            <String HPOS="895" VPOS="3478" HEIGHT="76" WIDTH="152" ID="PAG_42_ST000179" WC="0.25" CONTENT="^WV" STYLEREFS="TXT_16"/>
            <SP ID="PAG_42_SP000159" HPOS="1047" VPOS="3480" WIDTH="15"/>
            <String HPOS="1062" VPOS="3480" HEIGHT="78" WIDTH="49" ID="PAG_42_ST000180" WC="0.00" CONTENT="\$" STYLEREFS="TXT_16"/>
            <SP ID="PAG_42_SP000160" HPOS="1111" VPOS="3478" WIDTH="18"/>
            <String HPOS="1129" VPOS="3478" HEIGHT="82" WIDTH="81" ID="PAG_42_ST000181" WC="0.00" CONTENT="l^L" STYLEREFS="TXT_16"/>
            <SP ID="PAG_42_SP000161" HPOS="1210" VPOS="3481" WIDTH="31"/>
            <String HPOS="1241" VPOS="3481" HEIGHT="68" WIDTH="23" ID="PAG_42_ST000182" WC="0.00" CONTENT="t" STYLEREFS="TXT_16"/>
            <SP ID="PAG_42_SP000162" HPOS="1264" VPOS="3529" WIDTH="58"/>
            <String HPOS="1322" VPOS="3529" HEIGHT="31" WIDTH="32" ID="PAG_42_ST000183" WC="0.5" CONTENT="P" STYLEREFS="TXT_16"/>
            <SP ID="PAG_42_SP000163" HPOS="1354" VPOS="3507" WIDTH="52"/>
            <String HPOS="1406" VPOS="3507" HEIGHT="35" WIDTH="41" ID="PAG_42_ST000184" WC="0.00" CONTENT="'&lt;v" STYLEREFS="TXT_16"/>
            <SP ID="PAG_42_SP000164" HPOS="1447" VPOS="3488" WIDTH="30"/>
            <String HPOS="1477" VPOS="3488" HEIGHT="63" WIDTH="94" ID="PAG_42_ST000185" WC="0.25" CONTENT="£HU" STYLEREFS="TXT_16"/>
            <SP ID="PAG_42_SP000165" HPOS="1571" VPOS="3497" WIDTH="215"/>
            <String HPOS="1786" VPOS="3497" HEIGHT="31" WIDTH="220" ID="PAG_42_ST000186" WC="1" CONTENT="substances" STYLEREFS="TXT_16"/>
            <SP ID="PAG_42_SP000166" HPOS="2006" VPOS="3497" WIDTH="22"/>
            <String HPOS="2028" VPOS="3497" HEIGHT="43" WIDTH="299" ID="PAG_42_ST000187" WC="0.99" CONTENT="indispensables" STYLEREFS="TXT_16"/>
            <SP ID="PAG_42_SP000167" HPOS="2327" VPOS="3509" WIDTH="16"/>
            <String HPOS="2343" VPOS="3509" HEIGHT="20" WIDTH="44" ID="PAG_42_ST000188" WC="1" CONTENT="au" STYLEREFS="TXT_16"/>
            <SP ID="PAG_42_SP000168" HPOS="2387" VPOS="3499" WIDTH="22"/>
            <String HPOS="2409" VPOS="3499" HEIGHT="30" WIDTH="68" ID="PAG_42_ST000189" WC="0.93" CONTENT="bon" STYLEREFS="TXT_16"/>
            <SP ID="PAG_42_SP000169" HPOS="2477" VPOS="3497" WIDTH="25"/>
            <String HPOS="2502" VPOS="3497" HEIGHT="34" WIDTH="313" ID="PAG_42_ST000190" WC="0.97" CONTENT="fonctionnement" STYLEREFS="TXT_16"/>
            <SP ID="PAG_42_SP000170" HPOS="2815" VPOS="3498" WIDTH="16"/>
            <String HPOS="2831" VPOS="3498" HEIGHT="32" WIDTH="45" ID="PAG_42_ST000191" WC="1" CONTENT="de" STYLEREFS="TXT_16"/>
            <SP ID="PAG_42_SP000171" HPOS="2876" VPOS="3499" WIDTH="19"/>
            <String HPOS="2895" VPOS="3499" HEIGHT="31" WIDTH="31" ID="PAG_42_ST000192" WC="1" CONTENT="la" STYLEREFS="TXT_16"/>
            <SP ID="PAG_42_SP000172" HPOS="2926" VPOS="3499" WIDTH="25"/>
            <String HPOS="2951" VPOS="3499" HEIGHT="31" WIDTH="165" ID="PAG_42_ST000193" WC="1" CONTENT="machine" STYLEREFS="TXT_16"/>
            <SP ID="PAG_42_SP000173" HPOS="3116" VPOS="3499" WIDTH="22"/>
            <String HPOS="3138" VPOS="3499" HEIGHT="31" WIDTH="171" ID="PAG_42_ST000194" WC="1" CONTENT="humaine" STYLEREFS="TXT_16"/>
            <SP ID="PAG_42_SP000174" HPOS="3309" VPOS="3510" WIDTH="18"/>
            <String HPOS="3327" VPOS="3510" HEIGHT="19" WIDTH="4" ID="PAG_42_ST000195" WC="0.00" CONTENT=":" STYLEREFS="TXT_16"/>
          </TextLine>
        </TextBlock>
        <TextBlock HPOS="672" VPOS="3535" HEIGHT="68" WIDTH="2689" ID="PAG_42_TB000016" TAGREFS="TAG_advertisement" LANG="fr" STYLEREFS="TXT_16">
          <TextLine HPOS="672" VPOS="3535" HEIGHT="68" WIDTH="2689" ID="PAG_42_TL000022" STYLEREFS="TXT_16">
            <String HPOS="672" VPOS="3548" HEIGHT="55" WIDTH="72" ID="PAG_42_ST000196" WC="0.00" CONTENT="&quot;V/-1" STYLEREFS="TXT_16"/>
            <SP ID="PAG_42_SP000175" HPOS="744" VPOS="3553" WIDTH="321"/>
            <String HPOS="1065" VPOS="3553" HEIGHT="40" WIDTH="47" ID="PAG_42_ST000197" WC="0.00" CONTENT="/\v" STYLEREFS="TXT_16"/>
            <SP ID="PAG_42_SP000176" HPOS="1112" VPOS="3535" WIDTH="19"/>
            <String HPOS="1131" VPOS="3535" HEIGHT="62" WIDTH="112" ID="PAG_42_ST000198" WC="0.00" CONTENT="IvW" STYLEREFS="TXT_16"/>
            <SP ID="PAG_42_SP000177" HPOS="1243" VPOS="3564" WIDTH="73"/>
            <String HPOS="1316" VPOS="3564" HEIGHT="24" WIDTH="24" ID="PAG_42_ST000199" WC="0.00" CONTENT="»" STYLEREFS="TXT_16"/>
            <SP ID="PAG_42_SP000178" HPOS="1340" VPOS="3548" WIDTH="448"/>
            <String HPOS="1788" VPOS="3548" HEIGHT="43" WIDTH="180" ID="PAG_42_ST000200" WC="1" CONTENT="hydrates" STYLEREFS="TXT_16"/>
            <SP ID="PAG_42_SP000179" HPOS="1968" VPOS="3548" WIDTH="25"/>
            <String HPOS="1993" VPOS="3548" HEIGHT="32" WIDTH="46" ID="PAG_42_ST000201" WC="1" CONTENT="de" STYLEREFS="TXT_16"/>
            <SP ID="PAG_42_SP000180" HPOS="2039" VPOS="3550" WIDTH="27"/>
            <String HPOS="2066" VPOS="3550" HEIGHT="33" WIDTH="173" ID="PAG_42_ST000202" WC="1" CONTENT="carbone," STYLEREFS="TXT_16"/>
            <SP ID="PAG_42_SP000181" HPOS="2239" VPOS="3550" WIDTH="22"/>
            <String HPOS="2261" VPOS="3550" HEIGHT="31" WIDTH="209" ID="PAG_42_ST000203" WC="0.99" CONTENT="albumines" STYLEREFS="TXT_16"/>
            <SP ID="PAG_42_SP000182" HPOS="2470" VPOS="3551" WIDTH="25"/>
            <String HPOS="2495" VPOS="3551" HEIGHT="30" WIDTH="179" ID="PAG_42_ST000204" WC="0.99" CONTENT="animales" STYLEREFS="TXT_16"/>
            <SP ID="PAG_42_SP000183" HPOS="2674" VPOS="3554" WIDTH="25"/>
            <String HPOS="2699" VPOS="3554" HEIGHT="27" WIDTH="32" ID="PAG_42_ST000205" WC="1" CONTENT="et" STYLEREFS="TXT_16"/>
            <SP ID="PAG_42_SP000184" HPOS="2731" VPOS="3550" WIDTH="31"/>
            <String HPOS="2762" VPOS="3550" HEIGHT="42" WIDTH="193" ID="PAG_42_ST000206" WC="1" CONTENT="végétales," STYLEREFS="TXT_16"/>
            <SP ID="PAG_42_SP000185" HPOS="2955" VPOS="3550" WIDTH="24"/>
            <String HPOS="2979" VPOS="3550" HEIGHT="42" WIDTH="226" ID="PAG_42_ST000207" WC="0.99" CONTENT="phosphates" STYLEREFS="TXT_16"/>
            <SP ID="PAG_42_SP000186" HPOS="3205" VPOS="3550" WIDTH="22"/>
            <String HPOS="3227" VPOS="3550" HEIGHT="42" WIDTH="104" ID="PAG_42_ST000208" WC="0.98" CONTENT="végé-" STYLEREFS="TXT_16"/>
            <HYP HPOS="3331" VPOS="3592" WIDTH="30" CONTENT="-"/>
          </TextLine>
        </TextBlock>
        <TextBlock HPOS="994" VPOS="3583" HEIGHT="130" WIDTH="2337" ID="PAG_42_TB000017" TAGREFS="TAG_advertisement" LANG="fr" STYLEREFS="TXT_16">
          <TextLine HPOS="1090" VPOS="3583" HEIGHT="64" WIDTH="2241" ID="PAG_42_TL000023" STYLEREFS="TXT_16">
            <String HPOS="1090" VPOS="3583" HEIGHT="64" WIDTH="58" ID="PAG_42_ST000209" WC="0.00" CONTENT="^J" STYLEREFS="TXT_48"/>
            <SP ID="PAG_42_SP000187" HPOS="1148" VPOS="3616" WIDTH="20"/>
            <String HPOS="1168" VPOS="3616" HEIGHT="31" WIDTH="22" ID="PAG_42_ST000210" WC="0.00" CONTENT="f" STYLEREFS="TXT_48"/>
            <SP ID="PAG_42_SP000188" HPOS="1190" VPOS="3630" WIDTH="80"/>
            <String HPOS="1270" VPOS="3630" HEIGHT="9" WIDTH="5" ID="PAG_42_ST000211" WC="0.00" CONTENT="'" STYLEREFS="TXT_48"/>
            <SP ID="PAG_42_SP000189" HPOS="1275" VPOS="3593" WIDTH="222"/>
            <String HPOS="1497" VPOS="3593" HEIGHT="6" WIDTH="5" ID="PAG_42_ST000212" WC="0.00" CONTENT="'" STYLEREFS="TXT_48"/>
            <SP ID="PAG_42_SP000190" HPOS="1502" VPOS="3604" WIDTH="286"/>
            <String HPOS="1788" VPOS="3604" HEIGHT="30" WIDTH="94" ID="PAG_42_ST000213" WC="1" CONTENT="taux," STYLEREFS="TXT_16"/>
            <SP ID="PAG_42_SP000191" HPOS="1882" VPOS="3600" WIDTH="29"/>
            <String HPOS="1911" VPOS="3600" HEIGHT="31" WIDTH="172" ID="PAG_42_ST000214" WC="0.98" CONTENT="matières" STYLEREFS="TXT_16"/>
            <SP ID="PAG_42_SP000192" HPOS="2083" VPOS="3601" WIDTH="28"/>
            <String HPOS="2111" VPOS="3601" HEIGHT="34" WIDTH="207" ID="PAG_42_ST000215" WC="1" CONTENT="minérales," STYLEREFS="TXT_16"/>
            <SP ID="PAG_42_SP000193" HPOS="2318" VPOS="3602" WIDTH="28"/>
            <String HPOS="2346" VPOS="3602" HEIGHT="33" WIDTH="204" ID="PAG_42_ST000216" WC="0.97" CONTENT="vitaminés," STYLEREFS="TXT_16"/>
            <SP ID="PAG_42_SP000194" HPOS="2550" VPOS="3606" WIDTH="26"/>
            <String HPOS="2576" VPOS="3606" HEIGHT="27" WIDTH="64" ID="PAG_42_ST000217" WC="1" CONTENT="etc." STYLEREFS="TXT_16"/>
            <SP ID="PAG_42_SP000195" HPOS="2640" VPOS="3601" WIDTH="29"/>
            <String HPOS="2669" VPOS="3601" HEIGHT="32" WIDTH="63" ID="PAG_42_ST000218" WC="1" CONTENT="Cet" STYLEREFS="TXT_16"/>
            <SP ID="PAG_42_SP000196" HPOS="2732" VPOS="3602" WIDTH="25"/>
            <String HPOS="2757" VPOS="3602" HEIGHT="31" WIDTH="161" ID="PAG_42_ST000219" WC="0.92" CONTENT="aliment" STYLEREFS="TXT_16"/>
            <SP ID="PAG_42_SP000197" HPOS="2918" VPOS="3602" WIDTH="22"/>
            <String HPOS="2940" VPOS="3602" HEIGHT="31" WIDTH="46" ID="PAG_42_ST000220" WC="0.74" CONTENT="de" STYLEREFS="TXT_16"/>
            <SP ID="PAG_42_SP000198" HPOS="2986" VPOS="3599" WIDTH="26"/>
            <String HPOS="3012" VPOS="3599" HEIGHT="38" WIDTH="114" ID="PAG_42_ST000221" WC="0.94" CONTENT="force," STYLEREFS="TXT_16"/>
            <SP ID="PAG_42_SP000199" HPOS="3126" VPOS="3601" WIDTH="28"/>
            <String HPOS="3154" VPOS="3601" HEIGHT="32" WIDTH="124" ID="PAG_42_ST000222" WC="1" CONTENT="Nestlé" STYLEREFS="TXT_16"/>
            <SP ID="PAG_42_SP000200" HPOS="3278" VPOS="3602" WIDTH="23"/>
            <String HPOS="3301" VPOS="3602" HEIGHT="30" WIDTH="30" ID="PAG_42_ST000223" WC="1" CONTENT="le" STYLEREFS="TXT_16"/>
          </TextLine>
          <TextLine HPOS="994" VPOS="3645" HEIGHT="68" WIDTH="2336" ID="PAG_42_TL000024" STYLEREFS="TXT_16">
            <String HPOS="994" VPOS="3645" HEIGHT="68" WIDTH="191" ID="PAG_42_ST000224" WC="0.00" CONTENT="iwfîv^fM" STYLEREFS="TXT_16"/>
            <SP ID="PAG_42_SP000201" HPOS="1185" VPOS="3664" WIDTH="153"/>
            <String HPOS="1338" VPOS="3664" HEIGHT="6" WIDTH="27" ID="PAG_42_ST000225" WC="0.00" CONTENT="'&quot;" STYLEREFS="TXT_16"/>
            <SP ID="PAG_42_SP000202" HPOS="1365" VPOS="3656" WIDTH="15"/>
            <String HPOS="1380" VPOS="3656" HEIGHT="6" WIDTH="15" ID="PAG_42_ST000226" WC="0.00" CONTENT="~" STYLEREFS="TXT_16"/>
            <SP ID="PAG_42_SP000203" HPOS="1395" VPOS="3651" WIDTH="5"/>
            <String HPOS="1400" VPOS="3651" HEIGHT="42" WIDTH="544" ID="PAG_42_ST000227" WC="0.1" CONTENT="'*prépare" STYLEREFS="TXT_16"/>
            <SP ID="PAG_42_SP000204" HPOS="1944" VPOS="3662" WIDTH="33"/>
            <String HPOS="1977" VPOS="3662" HEIGHT="31" WIDTH="94" ID="PAG_42_ST000228" WC="0.95" CONTENT="pour" STYLEREFS="TXT_16"/>
            <SP ID="PAG_42_SP000205" HPOS="2071" VPOS="3662" WIDTH="36"/>
            <String HPOS="2107" VPOS="3662" HEIGHT="22" WIDTH="102" ID="PAG_42_ST000229" WC="0.69" CONTENT="vous," STYLEREFS="TXT_16"/>
            <SP ID="PAG_42_SP000206" HPOS="2209" VPOS="3653" WIDTH="31"/>
            <String HPOS="2240" VPOS="3653" HEIGHT="41" WIDTH="127" ID="PAG_42_ST000230" WC="0.83" CONTENT="jeunes" STYLEREFS="TXT_16"/>
            <SP ID="PAG_42_SP000207" HPOS="2367" VPOS="3654" WIDTH="36"/>
            <String HPOS="2403" VPOS="3654" HEIGHT="30" WIDTH="153" ID="PAG_42_ST000231" WC="0.92" CONTENT="lemmes" STYLEREFS="TXT_16"/>
            <SP ID="PAG_42_SP000208" HPOS="2556" VPOS="3657" WIDTH="30"/>
            <String HPOS="2586" VPOS="3657" HEIGHT="27" WIDTH="33" ID="PAG_42_ST000232" WC="1" CONTENT="et" STYLEREFS="TXT_16"/>
            <SP ID="PAG_42_SP000209" HPOS="2619" VPOS="3654" WIDTH="32"/>
            <String HPOS="2651" VPOS="3654" HEIGHT="40" WIDTH="125" ID="PAG_42_ST000233" WC="0.97" CONTENT="jeunes" STYLEREFS="TXT_16"/>
            <SP ID="PAG_42_SP000210" HPOS="2776" VPOS="3654" WIDTH="29"/>
            <String HPOS="2805" VPOS="3654" HEIGHT="30" WIDTH="7" ID="PAG_42_ST000234" WC="0.55" CONTENT="1" STYLEREFS="TXT_16"/>
            <SP ID="PAG_42_SP000211" HPOS="2812" VPOS="3655" WIDTH="9"/>
            <String HPOS="2821" VPOS="3655" HEIGHT="28" WIDTH="5" ID="PAG_42_ST000235" WC="0.59" CONTENT="i" STYLEREFS="TXT_16"/>
            <SP ID="PAG_42_SP000212" HPOS="2826" VPOS="3653" WIDTH="10"/>
            <String HPOS="2836" VPOS="3653" HEIGHT="30" WIDTH="5" ID="PAG_42_ST000236" WC="0.65" CONTENT="1" STYLEREFS="TXT_16"/>
            <SP ID="PAG_42_SP000213" HPOS="2841" VPOS="3653" WIDTH="9"/>
            <String HPOS="2850" VPOS="3653" HEIGHT="33" WIDTH="61" ID="PAG_42_ST000237" WC="0.6" CONTENT="tes." STYLEREFS="TXT_16"/>
            <SP ID="PAG_42_SP000214" HPOS="2911" VPOS="3663" WIDTH="32"/>
            <String HPOS="2943" VPOS="3663" HEIGHT="33" WIDTH="93" ID="PAG_42_ST000238" WC="0.89" CONTENT="pour" STYLEREFS="TXT_16"/>
            <SP ID="PAG_42_SP000215" HPOS="3036" VPOS="3663" WIDTH="28"/>
            <String HPOS="3064" VPOS="3663" HEIGHT="21" WIDTH="65" ID="PAG_42_ST000239" WC="1" CONTENT="vos" STYLEREFS="TXT_16"/>
            <SP ID="PAG_42_SP000216" HPOS="3129" VPOS="3654" WIDTH="34"/>
            <String HPOS="3163" VPOS="3654" HEIGHT="41" WIDTH="167" ID="PAG_42_ST000240" WC="1" CONTENT="proches," STYLEREFS="TXT_16"/>
          </TextLine>
        </TextBlock>
        <TextBlock HPOS="919" VPOS="3703" HEIGHT="48" WIDTH="2441" ID="PAG_42_TB000018" TAGREFS="TAG_advertisement" LANG="fr" STYLEREFS="TXT_16">
          <TextLine HPOS="919" VPOS="3703" HEIGHT="48" WIDTH="2441" ID="PAG_42_TL000025" STYLEREFS="TXT_16">
            <String HPOS="919" VPOS="3731" HEIGHT="20" WIDTH="9" ID="PAG_42_ST000241" WC="0.00" CONTENT="1" STYLEREFS="TXT_16"/>
            <SP ID="PAG_42_SP000217" HPOS="928" VPOS="3703" WIDTH="858"/>
            <String HPOS="1786" VPOS="3703" HEIGHT="35" WIDTH="179" ID="PAG_42_ST000242" WC="0.86" CONTENT="hommes," STYLEREFS="TXT_16"/>
            <SP ID="PAG_42_SP000218" HPOS="1965" VPOS="3703" WIDTH="27"/>
            <String HPOS="1992" VPOS="3703" HEIGHT="35" WIDTH="155" ID="PAG_42_ST000243" WC="0.98" CONTENT="enfants," STYLEREFS="TXT_16"/>
            <SP ID="PAG_42_SP000219" HPOS="2147" VPOS="3704" WIDTH="27"/>
            <String HPOS="2174" VPOS="3704" HEIGHT="34" WIDTH="201" ID="PAG_42_ST000244" WC="1" CONTENT="vieillards," STYLEREFS="TXT_16"/>
            <SP ID="PAG_42_SP000220" HPOS="2375" VPOS="3715" WIDTH="25"/>
            <String HPOS="2400" VPOS="3715" HEIGHT="33" WIDTH="92" ID="PAG_42_ST000245" WC="0.78" CONTENT="pour" STYLEREFS="TXT_16"/>
            <SP ID="PAG_42_SP000221" HPOS="2492" VPOS="3705" WIDTH="26"/>
            <String HPOS="2518" VPOS="3705" HEIGHT="30" WIDTH="51" ID="PAG_42_ST000246" WC="1" CONTENT="les" STYLEREFS="TXT_16"/>
            <SP ID="PAG_42_SP000222" HPOS="2569" VPOS="3705" WIDTH="23"/>
            <String HPOS="2592" VPOS="3705" HEIGHT="32" WIDTH="290" ID="PAG_42_ST000247" WC="0.98" CONTENT="convalescents," STYLEREFS="TXT_16"/>
            <SP ID="PAG_42_SP000223" HPOS="2882" VPOS="3704" WIDTH="25"/>
            <String HPOS="2907" VPOS="3704" HEIGHT="32" WIDTH="51" ID="PAG_42_ST000248" WC="0.99" CONTENT="les" STYLEREFS="TXT_16"/>
            <SP ID="PAG_42_SP000224" HPOS="2958" VPOS="3704" WIDTH="25"/>
            <String HPOS="2983" VPOS="3704" HEIGHT="42" WIDTH="165" ID="PAG_42_ST000249" WC="0.95" CONTENT="fatigués," STYLEREFS="TXT_16"/>
            <SP ID="PAG_42_SP000225" HPOS="3148" VPOS="3704" WIDTH="28"/>
            <String HPOS="3176" VPOS="3704" HEIGHT="31" WIDTH="52" ID="PAG_42_ST000250" WC="1" CONTENT="les" STYLEREFS="TXT_16"/>
            <SP ID="PAG_42_SP000226" HPOS="3228" VPOS="3715" WIDTH="25"/>
            <String HPOS="3253" VPOS="3715" HEIGHT="21" WIDTH="77" ID="PAG_42_ST000251" WC="1" CONTENT="sur-" STYLEREFS="TXT_16"/>
            <HYP HPOS="3330" VPOS="3736" WIDTH="30" CONTENT="-"/>
          </TextLine>
        </TextBlock>
        <TextBlock HPOS="481" VPOS="3809" HEIGHT="64" WIDTH="2846" ID="PAG_42_TB000019" TAGREFS="TAG_advertisement" LANG="fr" STYLEREFS="TXT_16">
          <TextLine HPOS="481" VPOS="3809" HEIGHT="64" WIDTH="2846" ID="PAG_42_TL000026" STYLEREFS="TXT_16">
            <String HPOS="481" VPOS="3832" HEIGHT="41" WIDTH="126" ID="PAG_42_ST000252" WC="0.07" CONTENT="MT'ilFt" STYLEREFS="TXT_16"/>
            <SP ID="PAG_42_SP000227" HPOS="607" VPOS="3849" WIDTH="18"/>
            <String HPOS="625" VPOS="3849" HEIGHT="6" WIDTH="8" ID="PAG_42_ST000253" WC="0.00" CONTENT="'" STYLEREFS="TXT_16"/>
            <SP ID="PAG_42_SP000228" HPOS="633" VPOS="3809" WIDTH="23"/>
            <String HPOS="656" VPOS="3809" HEIGHT="64" WIDTH="123" ID="PAG_42_ST000254" WC="0.00" CONTENT="tB%&quot;&quot;" STYLEREFS="TXT_12"/>
            <SP ID="PAG_42_SP000229" HPOS="779" VPOS="3831" WIDTH="15"/>
            <String HPOS="794" VPOS="3831" HEIGHT="19" WIDTH="6" ID="PAG_42_ST000255" WC="0.00" CONTENT="&quot;" STYLEREFS="TXT_12"/>
            <SP ID="PAG_42_SP000230" HPOS="800" VPOS="3813" WIDTH="13"/>
            <String HPOS="813" VPOS="3813" HEIGHT="35" WIDTH="96" ID="PAG_42_ST000256" WC="0.16" CONTENT="&quot;&quot;***" STYLEREFS="TXT_12"/>
            <SP ID="PAG_42_SP000231" HPOS="909" VPOS="3841" WIDTH="28"/>
            <String HPOS="937" VPOS="3841" HEIGHT="9" WIDTH="13" ID="PAG_42_ST000257" WC="0.00" CONTENT="*" STYLEREFS="TXT_12"/>
            <SP ID="PAG_42_SP000232" HPOS="950" VPOS="3824" WIDTH="197"/>
            <String HPOS="1147" VPOS="3824" HEIGHT="49" WIDTH="50" ID="PAG_42_ST000258" WC="0.33" CONTENT="Iw" STYLEREFS="TXT_16"/>
            <SP ID="PAG_42_SP000233" HPOS="1197" VPOS="3809" WIDTH="31"/>
            <String HPOS="1228" VPOS="3809" HEIGHT="64" WIDTH="429" ID="PAG_42_ST000259" WC="0.00" CONTENT="R^ÎJ5H£êI!IS^^|" STYLEREFS="TXT_12"/>
            <SP ID="PAG_42_SP000234" HPOS="1657" VPOS="3823" WIDTH="126"/>
            <String HPOS="1783" VPOS="3823" HEIGHT="33" WIDTH="48" ID="PAG_42_ST000260" WC="1" CONTENT="Le" STYLEREFS="TXT_16"/>
            <SP ID="PAG_42_SP000235" HPOS="1831" VPOS="3823" WIDTH="23"/>
            <String HPOS="1854" VPOS="3823" HEIGHT="34" WIDTH="147" ID="PAG_42_ST000261" WC="0.26" CONTENT="NCSCéI,)" STYLEREFS="TXT_16"/>
            <SP ID="PAG_42_SP000236" HPOS="2001" VPOS="3828" WIDTH="22"/>
            <String HPOS="2023" VPOS="3828" HEIGHT="27" WIDTH="53" ID="PAG_42_ST000262" WC="1" CONTENT="est" STYLEREFS="TXT_16"/>
            <SP ID="PAG_42_SP000237" HPOS="2076" VPOS="3835" WIDTH="24"/>
            <String HPOS="2100" VPOS="3835" HEIGHT="20" WIDTH="42" ID="PAG_42_ST000263" WC="1" CONTENT="un" STYLEREFS="TXT_16"/>
            <SP ID="PAG_42_SP000238" HPOS="2142" VPOS="3825" WIDTH="27"/>
            <String HPOS="2169" VPOS="3825" HEIGHT="41" WIDTH="184" ID="PAG_42_ST000264" WC="1" CONTENT="breuvage" STYLEREFS="TXT_16"/>
            <SP ID="PAG_42_SP000239" HPOS="2353" VPOS="3826" WIDTH="22"/>
            <String HPOS="2375" VPOS="3826" HEIGHT="40" WIDTH="138" ID="PAG_42_ST000265" WC="0.90" CONTENT="exquis," STYLEREFS="TXT_16"/>
            <SP ID="PAG_42_SP000240" HPOS="2513" VPOS="3824" WIDTH="31"/>
            <String HPOS="2544" VPOS="3824" HEIGHT="32" WIDTH="154" ID="PAG_42_ST000266" WC="0.66" CONTENT="vetoute." STYLEREFS="TXT_16"/>
            <SP ID="PAG_42_SP000241" HPOS="2698" VPOS="3824" WIDTH="24"/>
            <String HPOS="2722" VPOS="3824" HEIGHT="37" WIDTH="184" ID="PAG_42_ST000267" WC="1" CONTENT="crémeux," STYLEREFS="TXT_16"/>
            <SP ID="PAG_42_SP000242" HPOS="2906" VPOS="3830" WIDTH="21"/>
            <String HPOS="2927" VPOS="3830" HEIGHT="25" WIDTH="160" ID="PAG_42_ST000268" WC="1" CONTENT="cacaote." STYLEREFS="TXT_16"/>
            <SP ID="PAG_42_SP000243" HPOS="3087" VPOS="3823" WIDTH="25"/>
            <String HPOS="3112" VPOS="3823" HEIGHT="31" WIDTH="25" ID="PAG_42_ST000269" WC="1" CONTENT="Il" STYLEREFS="TXT_16"/>
            <SP ID="PAG_42_SP000244" HPOS="3137" VPOS="3828" WIDTH="27"/>
            <String HPOS="3164" VPOS="3828" HEIGHT="26" WIDTH="53" ID="PAG_42_ST000270" WC="1" CONTENT="est" STYLEREFS="TXT_16"/>
            <SP ID="PAG_42_SP000245" HPOS="3217" VPOS="3825" WIDTH="21"/>
            <String HPOS="3238" VPOS="3825" HEIGHT="32" WIDTH="89" ID="PAG_42_ST000271" WC="1" CONTENT="sain," STYLEREFS="TXT_16"/>
          </TextLine>
        </TextBlock>
        <TextBlock HPOS="458" VPOS="3759" HEIGHT="782" WIDTH="3054" ID="PAG_42_TB000020" TAGREFS="TAG_advertisement" LANG="fr" STYLEREFS="TXT_16">
          <TextLine HPOS="458" VPOS="3759" HEIGHT="782" WIDTH="3054" ID="PAG_42_TL000027" STYLEREFS="TXT_16">
            <String HPOS="458" VPOS="4325" HEIGHT="36" WIDTH="67" ID="PAG_42_ST000272" WC="0.00" CONTENT="\Oii" STYLEREFS="TXT_16"/>
            <SP ID="PAG_42_SP000246" HPOS="525" VPOS="4355" WIDTH="54"/>
            <String HPOS="579" VPOS="4355" HEIGHT="23" WIDTH="24" ID="PAG_42_ST000273" WC="0.00" CONTENT="0" STYLEREFS="TXT_16"/>
            <SP ID="PAG_42_SP000247" HPOS="603" VPOS="4234" WIDTH="23"/>
            <String HPOS="626" VPOS="4234" HEIGHT="23" WIDTH="22" ID="PAG_42_ST000274" WC="0.00" CONTENT="e" STYLEREFS="TXT_16"/>
            <SP ID="PAG_42_SP000248" HPOS="648" VPOS="4248" WIDTH="57"/>
            <String HPOS="705" VPOS="4248" HEIGHT="38" WIDTH="73" ID="PAG_42_ST000275" WC="0.00" CONTENT="COO" STYLEREFS="TXT_16"/>
            <SP ID="PAG_42_SP000249" HPOS="778" VPOS="4242" WIDTH="99"/>
            <String HPOS="877" VPOS="4242" HEIGHT="46" WIDTH="102" ID="PAG_42_ST000276" WC="0.00" CONTENT="àe\)Y-" STYLEREFS="TXT_16"/>
            <SP ID="PAG_42_SP000250" HPOS="979" VPOS="3931" WIDTH="803"/>
            <String HPOS="1782" VPOS="3931" HEIGHT="29" WIDTH="94" ID="PAG_42_ST000277" WC="0.41" CONTENT="Vetlt," STYLEREFS="TXT_16"/>
            <SP ID="PAG_42_SP000251" HPOS="1876" VPOS="3766" WIDTH="54"/>
            <String HPOS="1930" VPOS="3766" HEIGHT="20" WIDTH="4" ID="PAG_42_ST000278" WC="0.00" CONTENT=":" STYLEREFS="TXT_16"/>
            <SP ID="PAG_42_SP000252" HPOS="1934" VPOS="3766" WIDTH="24"/>
            <String HPOS="1958" VPOS="3766" HEIGHT="19" WIDTH="17" ID="PAG_42_ST000279" WC="0.00" CONTENT="c" STYLEREFS="TXT_16"/>
            <SP ID="PAG_42_SP000253" HPOS="1975" VPOS="3759" WIDTH="16"/>
            <String HPOS="1991" VPOS="3759" HEIGHT="27" WIDTH="52" ID="PAG_42_ST000280" WC="0.00" CONTENT="est" STYLEREFS="TXT_16"/>
            <SP ID="PAG_42_SP000254" HPOS="2043" VPOS="3886" WIDTH="15"/>
            <String HPOS="2058" VPOS="3886" HEIGHT="20" WIDTH="44" ID="PAG_42_ST000281" WC="0.00" CONTENT="&quot;X" STYLEREFS="TXT_16"/>
            <SP ID="PAG_42_SP000255" HPOS="2102" VPOS="3880" WIDTH="22"/>
            <String HPOS="2124" VPOS="3880" HEIGHT="26" WIDTH="32" ID="PAG_42_ST000282" WC="0.44" CONTENT="et" STYLEREFS="TXT_16"/>
            <SP ID="PAG_42_SP000256" HPOS="2156" VPOS="3876" WIDTH="15"/>
            <String HPOS="2171" VPOS="3876" HEIGHT="72" WIDTH="97" ID="PAG_42_ST000283" WC="0.71" CONTENT="préparé" STYLEREFS="TXT_16"/>
            <SP ID="PAG_42_SP000257" HPOS="2268" VPOS="3876" WIDTH="1"/>
            <String HPOS="2268" VPOS="3876" HEIGHT="72" WIDTH="73" ID="PAG_42_ST000284" WC="0.71" CONTENT="lait." STYLEREFS="TXT_16"/>
            <SP ID="PAG_42_SP000258" HPOS="2341" VPOS="3887" WIDTH="26"/>
            <String HPOS="2367" VPOS="3887" HEIGHT="19" WIDTH="11" ID="PAG_42_ST000285" WC="0.00" CONTENT="t" STYLEREFS="TXT_16"/>
            <SP ID="PAG_42_SP000259" HPOS="2378" VPOS="3875" WIDTH="13"/>
            <String HPOS="2391" VPOS="3875" HEIGHT="295" WIDTH="63" ID="PAG_42_ST000286" WC="0.00" CONTENT="n^" STYLEREFS="TXT_16"/>
            <SP ID="PAG_42_SP000260" HPOS="2454" VPOS="3880" WIDTH="24"/>
            <String HPOS="2478" VPOS="3880" HEIGHT="27" WIDTH="156" ID="PAG_42_ST000287" WC="0.42" CONTENT="n,'nule*" STYLEREFS="TXT_16"/>
            <SP ID="PAG_42_SP000261" HPOS="2634" VPOS="3875" WIDTH="24"/>
            <String HPOS="2658" VPOS="3875" HEIGHT="666" WIDTH="59" ID="PAG_42_ST000288" WC="0.75" CONTENT="avec" STYLEREFS="TXT_16"/>
            <SP ID="PAG_42_SP000262" HPOS="2717" VPOS="3875" WIDTH="1"/>
            <String HPOS="2717" VPOS="3875" HEIGHT="666" WIDTH="35" ID="PAG_42_ST000289" WC="0.75" CONTENT="de" STYLEREFS="TXT_16"/>
            <SP ID="PAG_42_SP000263" HPOS="2752" VPOS="3875" WIDTH="1"/>
            <String HPOS="2752" VPOS="3875" HEIGHT="666" WIDTH="73" ID="PAG_42_ST000290" WC="0.75" CONTENT="sont" STYLEREFS="TXT_16"/>
            <SP ID="PAG_42_SP000264" HPOS="2825" VPOS="3875" WIDTH="17"/>
            <String HPOS="2842" VPOS="3875" HEIGHT="261" WIDTH="90" ID="PAG_42_ST000291" WC="0.00" CONTENT="''^U" STYLEREFS="TXT_16"/>
            <SP ID="PAG_42_SP000265" HPOS="2932" VPOS="3875" WIDTH="26"/>
            <String HPOS="2958" VPOS="3875" HEIGHT="352" WIDTH="144" ID="PAG_42_ST000292" WC="0.00" CONTENT="C'iaU^e" STYLEREFS="TXT_16"/>
            <SP ID="PAG_42_SP000266" HPOS="3102" VPOS="3885" WIDTH="25"/>
            <String HPOS="3127" VPOS="3885" HEIGHT="24" WIDTH="57" ID="PAG_42_ST000293" WC="0.30" CONTENT="ou." STYLEREFS="TXT_16"/>
            <SP ID="PAG_42_SP000267" HPOS="3184" VPOS="3875" WIDTH="22"/>
            <String HPOS="3206" VPOS="3875" HEIGHT="514" WIDTH="118" ID="PAG_42_ST000294" WC="0.00" CONTENT="s'^''0&quot;" STYLEREFS="TXT_16"/>
            <SP ID="PAG_42_SP000268" HPOS="3324" VPOS="3859" WIDTH="159"/>
            <String HPOS="3483" VPOS="3859" HEIGHT="466" WIDTH="29" ID="PAG_42_ST000295" WC="0.00" CONTENT="^" STYLEREFS="TXT_16"/>
          </TextLine>
        </TextBlock>
      </PrintSpace>
    </Page>
  </Layout>
</alto>