<?xml version="1.0" encoding="UTF-8"?>
<alto xmlns="http://www.loc.gov/standards/alto/ns-v3#" xmlns:xsi="http://www.w3.org/2001/XMLSchema-instance" SCHEMAVERSION="alto_bnf-v2_0" xsi:schemaLocation="http://www.loc.gov/standards/alto/ns-v3# http://bibnum.bnf.fr/schema/alto_bnf-v2_0.xsd" xmlns:xlink="http://www.w3.org/TR/xlink">
  <Description>
    <MeasurementUnit>pixel</MeasurementUnit>
    <sourceImageInformation>
      <fileName>00000034.jp2</fileName>
      <fileIdentifier>ark:/12148/bpt6k47010350/f34</fileIdentifier>
      <documentIdentifier documentIdentifierLocation="NUM">4701035</documentIdentifier>
    </sourceImageInformation>
    <OCRProcessing ID="OCR_1">
      <ocrProcessingStep>
        <processingDateTime>2019-01-31</processingDateTime>
        <processingStepDescription>[001_OCR_BRUT]OCR BRUT 39.38 %</processingStepDescription>
        <processingStepDescription>[002_CHARS]{1136}</processingStepDescription>
        <processingStepDescription>[003_CHARS_USED]{185}</processingStepDescription>
        <processingStepDescription>[004_CHARS_SUSPECTS_USED]{0}</processingStepDescription>
        <processingStepDescription>[005_CHARS_UNUSED]{951}</processingStepDescription>
        <processingStepDescription>[006_CHARS_SUSPECTS_UNUSED]{0}</processingStepDescription>
        <processingStepDescription>[007_STRINGS]{260}</processingStepDescription>
        <processingStepDescription>[008_STRINGS_USED]{38}</processingStepDescription>
        <processingStepDescription>[009_STRINGS_SUSPECTS_UNUSED]{0}</processingStepDescription>
        <processingStepDescription>[010_CHARS_LETTERS]{1035}</processingStepDescription>
        <processingStepDescription>[011_CHARS_PUNCTUATION]{82}</processingStepDescription>
        <processingStepDescription>[012_CHARS_DIGITS]{13}</processingStepDescription>
        <processingStepDescription>[013_CHARS_SUSPECT]{0}</processingStepDescription>
        <processingStepDescription>[022_CHARS_UNUSED_BY_BLOCK]{0}</processingStepDescription>
        <processingStepDescription>[023_BLOCKS_SUSPECTS]{0}</processingStepDescription>
        <processingStepDescription>[111_LIGS_DETECTED_CURV]{0}</processingStepDescription>
      </ocrProcessingStep>
    </OCRProcessing>
  </Description>
  <Styles>
    <TextStyle FONTSIZE="5" ID="TXT_10" FONTFAMILY="Arial"/>
    <TextStyle FONTSIZE="4" ID="TXT_11" FONTFAMILY="Arial"/>
    <TextStyle FONTSIZE="6" ID="TXT_16" FONTFAMILY="Arial"/>
    <TextStyle FONTSIZE="70" ID="TXT_54" FONTFAMILY="Arial"/>
    <TextStyle FONTSIZE="19" ID="TXT_55" FONTFAMILY="Arial"/>
    <TextStyle FONTSIZE="16" ID="TXT_56" FONTFAMILY="Arial"/>
  </Styles>
  <Tags>
    <StructureTag DESCRIPTION="RIEN N'EST PLUS UTILE QUE CES petits trucs" TYPE="Structural" ID="TAG_ST001" LABEL="title"/>
    <StructureTag DESCRIPTION="NE SOYEZ PAS CONTRARIEE PAR UN INCIDENT SANS IMPORTANCE. NE DRAMATISEZ RIEN, MAIS APPRENEZ QU'AVEC UN PEU D'ADRESSE TOUT EST REPARABLE, SACHANT CELA, VOUS GARDEREZ VOTRE BONNE HUMEUR." TYPE="Structural" ID="TAG_ST002" LABEL="subtitle"/>
    <RoleTag ID="TAG_illustrator" LABEL="illustrator"/>
  </Tags>
  <Layout>
    <Page ID="PAG_34" HEIGHT="4983" WIDTH="7522" PHYSICAL_IMG_NR="34" QUALITY="OK" ACCURACY="99.96">
      <PrintSpace HPOS="205" VPOS="208" HEIGHT="4521" WIDTH="7148" ID="PAG_34_PrintSpace">
        <TextBlock HPOS="1864" VPOS="208" HEIGHT="560" WIDTH="4992" ID="PAG_34_TB000001" TAGREFS="TAG_ST001" LANG="fr" STYLEREFS="TXT_54">
          <TextLine HPOS="1864" VPOS="208" HEIGHT="560" WIDTH="4992" ID="PAG_34_TL000001" STYLEREFS="TXT_54">
            <String HPOS="1864" VPOS="336" HEIGHT="208" WIDTH="368" ID="PAG_34_ST000001" WC="1" CONTENT="RIEN" STYLEREFS="TXT_10"/>
            <SP ID="PAG_34_SP000001" HPOS="2232" VPOS="336" WIDTH="112"/>
            <String HPOS="2344" VPOS="336" HEIGHT="352" WIDTH="480" ID="PAG_34_ST000002" WC="1" CONTENT="N'EST" STYLEREFS="TXT_54"/>
            <SP ID="PAG_34_SP000002" HPOS="2824" VPOS="336" WIDTH="1"/>
            <String HPOS="2824" VPOS="336" HEIGHT="352" WIDTH="400" ID="PAG_34_ST000003" WC="1" CONTENT="PLUS" STYLEREFS="TXT_54"/>
            <SP ID="PAG_34_SP000003" HPOS="3224" VPOS="336" WIDTH="1"/>
            <String HPOS="3224" VPOS="336" HEIGHT="352" WIDTH="560" ID="PAG_34_ST000004" WC="1" CONTENT="UTILE" STYLEREFS="TXT_54"/>
            <SP ID="PAG_34_SP000004" HPOS="3784" VPOS="440" WIDTH="80"/>
            <String HPOS="3864" VPOS="440" HEIGHT="328" WIDTH="312" ID="PAG_34_ST000005" WC="1" CONTENT="QUE" STYLEREFS="TXT_54"/>
            <SP ID="PAG_34_SP000005" HPOS="4176" VPOS="440" WIDTH="104"/>
            <String HPOS="4280" VPOS="440" HEIGHT="216" WIDTH="240" ID="PAG_34_ST000006" WC="1" CONTENT="CES" STYLEREFS="TXT_54"/>
            <SP ID="PAG_34_SP000006" HPOS="4520" VPOS="208" WIDTH="1272"/>
            <String HPOS="5792" VPOS="208" HEIGHT="520" WIDTH="572" ID="PAG_34_ST000007" WC="1" CONTENT="petits" STYLEREFS="TXT_54"/>
            <SP ID="PAG_34_SP000007" HPOS="6364" VPOS="208" WIDTH="1"/>
            <String HPOS="6364" VPOS="208" HEIGHT="520" WIDTH="492" ID="PAG_34_ST000008" WC="1" CONTENT="trucs" STYLEREFS="TXT_54"/>
          </TextLine>
        </TextBlock>
        <TextBlock HPOS="5222" VPOS="831" HEIGHT="41" WIDTH="1604" ID="PAG_34_TB000002" TAGREFS="TAG_ST002" LANG="fr" STYLEREFS="TXT_16">
          <TextLine HPOS="5222" VPOS="831" HEIGHT="41" WIDTH="1604" ID="PAG_34_TL000002" STYLEREFS="TXT_16">
            <String HPOS="5222" VPOS="832" HEIGHT="29" WIDTH="50" ID="PAG_34_ST000009" WC="1" CONTENT="NE" STYLEREFS="TXT_16"/>
            <SP ID="PAG_34_SP000008" HPOS="5272" VPOS="831" WIDTH="43"/>
            <String HPOS="5315" VPOS="831" HEIGHT="31" WIDTH="133" ID="PAG_34_ST000010" WC="1" CONTENT="SOYEZ" STYLEREFS="TXT_16"/>
            <SP ID="PAG_34_SP000009" HPOS="5448" VPOS="832" WIDTH="42"/>
            <String HPOS="5490" VPOS="832" HEIGHT="30" WIDTH="77" ID="PAG_34_ST000011" WC="1" CONTENT="PAS" STYLEREFS="TXT_16"/>
            <SP ID="PAG_34_SP000010" HPOS="5567" VPOS="832" WIDTH="44"/>
            <String HPOS="5611" VPOS="832" HEIGHT="32" WIDTH="269" ID="PAG_34_ST000012" WC="1" CONTENT="CONTRARIEE" STYLEREFS="TXT_16"/>
            <SP ID="PAG_34_SP000011" HPOS="5880" VPOS="834" WIDTH="46"/>
            <String HPOS="5926" VPOS="834" HEIGHT="31" WIDTH="77" ID="PAG_34_ST000013" WC="1" CONTENT="PAR" STYLEREFS="TXT_16"/>
            <SP ID="PAG_34_SP000012" HPOS="6003" VPOS="836" WIDTH="43"/>
            <String HPOS="6046" VPOS="836" HEIGHT="29" WIDTH="54" ID="PAG_34_ST000014" WC="1" CONTENT="UN" STYLEREFS="TXT_16"/>
            <SP ID="PAG_34_SP000013" HPOS="6100" VPOS="836" WIDTH="46"/>
            <String HPOS="6146" VPOS="836" HEIGHT="31" WIDTH="200" ID="PAG_34_ST000015" WC="1" CONTENT="INCIDENT" STYLEREFS="TXT_16"/>
            <SP ID="PAG_34_SP000014" HPOS="6346" VPOS="837" WIDTH="41"/>
            <String HPOS="6387" VPOS="837" HEIGHT="31" WIDTH="108" ID="PAG_34_ST000016" WC="1" CONTENT="SANS" STYLEREFS="TXT_16"/>
            <SP ID="PAG_34_SP000015" HPOS="6495" VPOS="839" WIDTH="42"/>
            <String HPOS="6537" VPOS="839" HEIGHT="33" WIDTH="289" ID="PAG_34_ST000017" WC="1" CONTENT="IMPORTANCE." STYLEREFS="TXT_16"/>
          </TextLine>
        </TextBlock>
        <TextBlock HPOS="5224" VPOS="899" HEIGHT="41" WIDTH="1606" ID="PAG_34_TB000003" TAGREFS="TAG_ST002" LANG="fr" STYLEREFS="TXT_16">
          <TextLine HPOS="5224" VPOS="899" HEIGHT="41" WIDTH="1606" ID="PAG_34_TL000003" STYLEREFS="TXT_16">
            <String HPOS="5224" VPOS="899" HEIGHT="30" WIDTH="50" ID="PAG_34_ST000018" WC="1" CONTENT="NE" STYLEREFS="TXT_16"/>
            <SP ID="PAG_34_SP000016" HPOS="5274" VPOS="899" WIDTH="27"/>
            <String HPOS="5301" VPOS="899" HEIGHT="31" WIDTH="267" ID="PAG_34_ST000019" WC="1" CONTENT="DRAMATISEZ" STYLEREFS="TXT_16"/>
            <SP ID="PAG_34_SP000017" HPOS="5568" VPOS="900" WIDTH="24"/>
            <String HPOS="5592" VPOS="900" HEIGHT="35" WIDTH="104" ID="PAG_34_ST000020" WC="1" CONTENT="RIEN," STYLEREFS="TXT_16"/>
            <SP ID="PAG_34_SP000018" HPOS="5696" VPOS="901" WIDTH="27"/>
            <String HPOS="5723" VPOS="901" HEIGHT="31" WIDTH="103" ID="PAG_34_ST000021" WC="1" CONTENT="MAIS" STYLEREFS="TXT_16"/>
            <SP ID="PAG_34_SP000019" HPOS="5826" VPOS="901" WIDTH="25"/>
            <String HPOS="5851" VPOS="901" HEIGHT="32" WIDTH="211" ID="PAG_34_ST000022" WC="1" CONTENT="APPRENEZ" STYLEREFS="TXT_16"/>
            <SP ID="PAG_34_SP000020" HPOS="6062" VPOS="902" WIDTH="24"/>
            <String HPOS="6086" VPOS="902" HEIGHT="38" WIDTH="186" ID="PAG_34_ST000023" WC="1" CONTENT="QU'AVEC" STYLEREFS="TXT_16"/>
            <SP ID="PAG_34_SP000021" HPOS="6272" VPOS="905" WIDTH="26"/>
            <String HPOS="6298" VPOS="905" HEIGHT="30" WIDTH="54" ID="PAG_34_ST000024" WC="1" CONTENT="UN" STYLEREFS="TXT_16"/>
            <SP ID="PAG_34_SP000022" HPOS="6352" VPOS="904" WIDTH="28"/>
            <String HPOS="6380" VPOS="904" HEIGHT="32" WIDTH="71" ID="PAG_34_ST000025" WC="1" CONTENT="PEU" STYLEREFS="TXT_16"/>
            <SP ID="PAG_34_SP000023" HPOS="6451" VPOS="906" WIDTH="27"/>
            <String HPOS="6478" VPOS="906" HEIGHT="33" WIDTH="219" ID="PAG_34_ST000026" WC="1" CONTENT="D'ADRESSE" STYLEREFS="TXT_16"/>
            <SP ID="PAG_34_SP000024" HPOS="6697" VPOS="908" WIDTH="23"/>
            <String HPOS="6720" VPOS="908" HEIGHT="32" WIDTH="110" ID="PAG_34_ST000027" WC="1" CONTENT="TOUT" STYLEREFS="TXT_16"/>
          </TextLine>
        </TextBlock>
        <TextBlock HPOS="5223" VPOS="966" HEIGHT="43" WIDTH="1605" ID="PAG_34_TB000004" TAGREFS="TAG_ST002" LANG="fr" STYLEREFS="TXT_16">
          <TextLine HPOS="5223" VPOS="966" HEIGHT="43" WIDTH="1605" ID="PAG_34_TL000004" STYLEREFS="TXT_16">
            <String HPOS="5223" VPOS="966" HEIGHT="30" WIDTH="69" ID="PAG_34_ST000028" WC="1" CONTENT="EST" STYLEREFS="TXT_16"/>
            <SP ID="PAG_34_SP000025" HPOS="5292" VPOS="967" WIDTH="22"/>
            <String HPOS="5314" VPOS="967" HEIGHT="31" WIDTH="246" ID="PAG_34_ST000029" WC="1" CONTENT="REPARABLE," STYLEREFS="TXT_16"/>
            <SP ID="PAG_34_SP000026" HPOS="5560" VPOS="967" WIDTH="23"/>
            <String HPOS="5583" VPOS="967" HEIGHT="32" WIDTH="208" ID="PAG_34_ST000030" WC="1" CONTENT="SACHANT" STYLEREFS="TXT_16"/>
            <SP ID="PAG_34_SP000027" HPOS="5791" VPOS="969" WIDTH="20"/>
            <String HPOS="5811" VPOS="969" HEIGHT="37" WIDTH="119" ID="PAG_34_ST000031" WC="1" CONTENT="CELA," STYLEREFS="TXT_16"/>
            <SP ID="PAG_34_SP000028" HPOS="5930" VPOS="970" WIDTH="21"/>
            <String HPOS="5951" VPOS="970" HEIGHT="33" WIDTH="112" ID="PAG_34_ST000032" WC="1" CONTENT="VOUS" STYLEREFS="TXT_16"/>
            <SP ID="PAG_34_SP000029" HPOS="6063" VPOS="971" WIDTH="22"/>
            <String HPOS="6085" VPOS="971" HEIGHT="34" WIDTH="217" ID="PAG_34_ST000033" WC="1" CONTENT="GARDEREZ" STYLEREFS="TXT_16"/>
            <SP ID="PAG_34_SP000030" HPOS="6302" VPOS="972" WIDTH="21"/>
            <String HPOS="6323" VPOS="972" HEIGHT="34" WIDTH="131" ID="PAG_34_ST000034" WC="1" CONTENT="VOTRE" STYLEREFS="TXT_16"/>
            <SP ID="PAG_34_SP000031" HPOS="6454" VPOS="974" WIDTH="23"/>
            <String HPOS="6477" VPOS="974" HEIGHT="34" WIDTH="141" ID="PAG_34_ST000035" WC="1" CONTENT="BONNE" STYLEREFS="TXT_16"/>
            <SP ID="PAG_34_SP000032" HPOS="6618" VPOS="976" WIDTH="24"/>
            <String HPOS="6642" VPOS="976" HEIGHT="33" WIDTH="186" ID="PAG_34_ST000036" WC="1" CONTENT="HUMEUR." STYLEREFS="TXT_16"/>
          </TextLine>
        </TextBlock>
        <ComposedBlock ID="PAG_34_CB000001" HPOS="205" VPOS="790" HEIGHT="3939" WIDTH="3677">
        <Illustration ID="PAG_34_IL000001" HPOS="205" VPOS="790" HEIGHT="3939" WIDTH="3677"/>
        <TextBlock HPOS="3087" VPOS="4600" HEIGHT="38" WIDTH="63" ID="PAG_34_TB000005" TAGREFS="TAG_illustrator" LANG="fr" STYLEREFS="TXT_55">
          <TextLine HPOS="3087" VPOS="4600" HEIGHT="38" WIDTH="63" ID="PAG_34_TL000005" STYLEREFS="TXT_55">
            <String HPOS="3087" VPOS="4600" HEIGHT="38" WIDTH="25" ID="PAG_34_ST000037" WC="1" CONTENT="R" STYLEREFS="TXT_55"/>
            <SP ID="PAG_34_SP000033" HPOS="3112" VPOS="4600" WIDTH="1"/>
            <String HPOS="3112" VPOS="4600" HEIGHT="38" WIDTH="38" ID="PAG_34_ST000038" WC="1" CONTENT="M." STYLEREFS="TXT_55"/>
          </TextLine>
        </TextBlock>
        </ComposedBlock>
        <Illustration ID="PAG_34_IL000002" HPOS="4030" VPOS="1223" HEIGHT="1181" WIDTH="1176"/>
        <TextBlock HPOS="4225" VPOS="2412" HEIGHT="74" WIDTH="844" ID="PAG_34_TB000006" LANG="fr" STYLEREFS="TXT_10">
          <TextLine HPOS="4229" VPOS="2412" HEIGHT="38" WIDTH="696" ID="PAG_34_TL000006" STYLEREFS="TXT_10">
            <String HPOS="4229" VPOS="2412" HEIGHT="36" WIDTH="37" ID="PAG_34_ST000039" WC="0.91" CONTENT="^" STYLEREFS="TXT_55"/>
            <SP ID="PAG_34_SP000034" HPOS="4266" VPOS="2414" WIDTH="30"/>
            <String HPOS="4296" VPOS="2414" HEIGHT="33" WIDTH="81" ID="PAG_34_ST000040" WC="0.99" CONTENT="Bébé" STYLEREFS="TXT_10"/>
            <SP ID="PAG_34_SP000035" HPOS="4377" VPOS="2425" WIDTH="27"/>
            <String HPOS="4404" VPOS="2425" HEIGHT="25" WIDTH="47" ID="PAG_34_ST000041" WC="1" CONTENT="est" STYLEREFS="TXT_10"/>
            <SP ID="PAG_34_SP000036" HPOS="4451" VPOS="2425" WIDTH="27"/>
            <String HPOS="4478" VPOS="2425" HEIGHT="25" WIDTH="70" ID="PAG_34_ST000042" WC="1" CONTENT="bien" STYLEREFS="TXT_10"/>
            <SP ID="PAG_34_SP000037" HPOS="4548" VPOS="2428" WIDTH="28"/>
            <String HPOS="4576" VPOS="2428" HEIGHT="22" WIDTH="109" ID="PAG_34_ST000043" WC="0.61" CONTENT="désola" STYLEREFS="TXT_10"/>
            <SP ID="PAG_34_SP000038" HPOS="4685" VPOS="2438" WIDTH="32"/>
            <String HPOS="4717" VPOS="2438" HEIGHT="12" WIDTH="4" ID="PAG_34_ST000044" WC="0.00" CONTENT="'" STYLEREFS="TXT_10"/>
            <SP ID="PAG_34_SP000039" HPOS="4721" VPOS="2443" WIDTH="141"/>
            <String HPOS="4862" VPOS="2443" HEIGHT="7" WIDTH="4" ID="PAG_34_ST000045" WC="0.00" CONTENT="t" STYLEREFS="TXT_10"/>
            <SP ID="PAG_34_SP000040" HPOS="4866" VPOS="2446" WIDTH="57"/>
            <String HPOS="4923" VPOS="2446" HEIGHT="4" WIDTH="2" ID="PAG_34_ST000046" WC="0.00" CONTENT="i" STYLEREFS="TXT_10"/>
          </TextLine>
          <TextLine HPOS="4225" VPOS="2449" HEIGHT="37" WIDTH="844" ID="PAG_34_TL000007" STYLEREFS="TXT_10">
            <String HPOS="4225" VPOS="2456" HEIGHT="30" WIDTH="75" ID="PAG_34_ST000047" WC="1" CONTENT="Pour" STYLEREFS="TXT_10"/>
            <SP ID="PAG_34_SP000041" HPOS="4300" VPOS="2464" WIDTH="29"/>
            <String HPOS="4329" VPOS="2464" HEIGHT="22" WIDTH="93" ID="PAG_34_ST000048" WC="0.00" CONTENT="rft-r\iI" STYLEREFS="TXT_10"/>
            <SP ID="PAG_34_SP000042" HPOS="4422" VPOS="2468" WIDTH="66"/>
            <String HPOS="4488" VPOS="2468" HEIGHT="18" WIDTH="3" ID="PAG_34_ST000049" WC="0.00" CONTENT="i" STYLEREFS="TXT_10"/>
            <SP ID="PAG_34_SP000043" HPOS="4491" VPOS="2449" WIDTH="85"/>
            <String HPOS="4576" VPOS="2449" HEIGHT="37" WIDTH="109" ID="PAG_34_ST000050" WC="0.00" CONTENT="7esole" STYLEREFS="TXT_10"/>
            <SP ID="PAG_34_SP000044" HPOS="4685" VPOS="2449" WIDTH="31"/>
            <String HPOS="4716" VPOS="2449" HEIGHT="17" WIDTH="5" ID="PAG_34_ST000051" WC="0.5" CONTENT="!" STYLEREFS="TXT_10"/>
            <SP ID="PAG_34_SP000045" HPOS="4721" VPOS="2449" WIDTH="27"/>
            <String HPOS="4748" VPOS="2449" HEIGHT="28" WIDTH="199" ID="PAG_34_ST000052" WC="0.74" CONTENT="Consolez-le" STYLEREFS="TXT_10"/>
            <SP ID="PAG_34_SP000046" HPOS="4947" VPOS="2452" WIDTH="27"/>
            <String HPOS="4974" VPOS="2452" HEIGHT="29" WIDTH="60" ID="PAG_34_ST000053" WC="0.00" CONTENT="vite" STYLEREFS="TXT_10"/>
            <SP ID="PAG_34_SP000047" HPOS="5034" VPOS="2455" WIDTH="31"/>
            <String HPOS="5065" VPOS="2455" HEIGHT="19" WIDTH="4" ID="PAG_34_ST000054" WC="0.00" CONTENT="'" STYLEREFS="TXT_10"/>
          </TextLine>
        </TextBlock>
        <TextBlock HPOS="4128" VPOS="2464" HEIGHT="262" WIDTH="937" ID="PAG_34_TB000007" LANG="fr" STYLEREFS="TXT_10">
          <TextLine HPOS="4220" VPOS="2464" HEIGHT="86" WIDTH="845" ID="PAG_34_TL000008" STYLEREFS="TXT_56">
            <String HPOS="4220" VPOS="2501" HEIGHT="31" WIDTH="40" ID="PAG_34_ST000055" WC="0.91" CONTENT="^" STYLEREFS="TXT_10"/>
            <SP ID="PAG_34_SP000048" HPOS="4260" VPOS="2464" WIDTH="29"/>
            <String HPOS="4289" VPOS="2464" HEIGHT="86" WIDTH="614" ID="PAG_34_ST000056" WC="0.00" CONTENT="tre:Pt6rch,rq;ebïï5téeicr:t7d" STYLEREFS="TXT_56"/>
            <SP ID="PAG_34_SP000049" HPOS="4903" VPOS="2491" WIDTH="31"/>
            <String HPOS="4934" VPOS="2491" HEIGHT="29" WIDTH="15" ID="PAG_34_ST000057" WC="0.33" CONTENT="il" STYLEREFS="TXT_56"/>
            <SP ID="PAG_34_SP000050" HPOS="4949" VPOS="2494" WIDTH="28"/>
            <String HPOS="4977" VPOS="2494" HEIGHT="56" WIDTH="88" ID="PAG_34_ST000058" WC="0.28" CONTENT="suff'td,," STYLEREFS="TXT_56"/>
          </TextLine>
          <TextLine HPOS="4219" VPOS="2548" HEIGHT="52" WIDTH="635" ID="PAG_34_TL000009" STYLEREFS="TXT_10">
            <String HPOS="4219" VPOS="2548" HEIGHT="52" WIDTH="24" ID="PAG_34_ST000059" WC="0.69" CONTENT="de" STYLEREFS="TXT_10"/>
            <SP ID="PAG_34_SP000051" HPOS="4243" VPOS="2548" WIDTH="1"/>
            <String HPOS="4243" VPOS="2548" HEIGHT="52" WIDTH="51" ID="PAG_34_ST000060" WC="0.69" CONTENT="ble)" STYLEREFS="TXT_10"/>
            <SP ID="PAG_34_SP000052" HPOS="4294" VPOS="2566" WIDTH="17"/>
            <String HPOS="4311" VPOS="2566" HEIGHT="34" WIDTH="90" ID="PAG_34_ST000061" WC="0.00" CONTENT="et'de" STYLEREFS="TXT_10"/>
            <SP ID="PAG_34_SP000053" HPOS="4401" VPOS="2565" WIDTH="208"/>
            <String HPOS="4609" VPOS="2565" HEIGHT="35" WIDTH="159" ID="PAG_34_ST000062" WC="0.00" CONTENT="/Prod^" STYLEREFS="TXT_10"/>
            <SP ID="PAG_34_SP000054" HPOS="4768" VPOS="2579" WIDTH="29"/>
            <String HPOS="4797" VPOS="2579" HEIGHT="21" WIDTH="57" ID="PAG_34_ST000063" WC="0.17" CONTENT="très" STYLEREFS="TXT_10"/>
          </TextLine>
          <TextLine HPOS="4311" VPOS="2598" HEIGHT="65" WIDTH="738" ID="PAG_34_TL000010" STYLEREFS="TXT_10">
            <String HPOS="4311" VPOS="2600" HEIGHT="25" WIDTH="31" ID="PAG_34_ST000064" WC="0.63" CONTENT="et" STYLEREFS="TXT_10"/>
            <SP ID="PAG_34_SP000055" HPOS="4342" VPOS="2598" WIDTH="20"/>
            <String HPOS="4362" VPOS="2598" HEIGHT="31" WIDTH="39" ID="PAG_34_ST000065" WC="0.91" CONTENT="^" STYLEREFS="TXT_10"/>
            <SP ID="PAG_34_SP000056" HPOS="4401" VPOS="2610" WIDTH="23"/>
            <String HPOS="4424" VPOS="2610" HEIGHT="28" WIDTH="164" ID="PAG_34_ST000066" WC="0.99" CONTENT="maintenir" STYLEREFS="TXT_10"/>
            <SP ID="PAG_34_SP000057" HPOS="4588" VPOS="2610" WIDTH="20"/>
            <String HPOS="4608" VPOS="2610" HEIGHT="32" WIDTH="41" ID="PAG_34_ST000067" WC="0.25" CONTENT="les" STYLEREFS="TXT_10"/>
            <SP ID="PAG_34_SP000058" HPOS="4649" VPOS="2626" WIDTH="22"/>
            <String HPOS="4671" VPOS="2626" HEIGHT="24" WIDTH="163" ID="PAG_34_ST000068" WC="0.88" CONTENT="morceaux" STYLEREFS="TXT_10"/>
            <SP ID="PAG_34_SP000059" HPOS="4834" VPOS="2629" WIDTH="23"/>
            <String HPOS="4857" VPOS="2629" HEIGHT="34" WIDTH="192" ID="PAG_34_ST000069" WC="0.99" CONTENT="rapprochés" STYLEREFS="TXT_10"/>
          </TextLine>
          <TextLine HPOS="4128" VPOS="2667" HEIGHT="59" WIDTH="49" ID="PAG_34_TL000011" STYLEREFS="TXT_55">
            <String HPOS="4128" VPOS="2667" HEIGHT="59" WIDTH="49" ID="PAG_34_ST000070" WC="1" CONTENT="r" STYLEREFS="TXT_55"/>
          </TextLine>
        </TextBlock>
        <Illustration ID="PAG_34_IL000003" HPOS="5206" VPOS="1223" HEIGHT="1213" WIDTH="1097"/>
        <TextBlock HPOS="5316" VPOS="2466" HEIGHT="136" WIDTH="837" ID="PAG_34_TB000008" LANG="fr" STYLEREFS="TXT_10">
          <TextLine HPOS="5321" VPOS="2466" HEIGHT="55" WIDTH="832" ID="PAG_34_TL000012" STYLEREFS="TXT_10">
            <String HPOS="5321" VPOS="2466" HEIGHT="38" WIDTH="35" ID="PAG_34_ST000071" WC="0.98" CONTENT="★" STYLEREFS="TXT_55"/>
            <SP ID="PAG_34_SP000060" HPOS="5356" VPOS="2471" WIDTH="30"/>
            <String HPOS="5386" VPOS="2471" HEIGHT="30" WIDTH="34" ID="PAG_34_ST000072" WC="0.99" CONTENT="La" STYLEREFS="TXT_10"/>
            <SP ID="PAG_34_SP000061" HPOS="5420" VPOS="2478" WIDTH="30"/>
            <String HPOS="5450" VPOS="2478" HEIGHT="32" WIDTH="161" ID="PAG_34_ST000073" WC="0.99" CONTENT="cuisinière" STYLEREFS="TXT_10"/>
            <SP ID="PAG_34_SP000062" HPOS="5611" VPOS="2495" WIDTH="30"/>
            <String HPOS="5641" VPOS="2495" HEIGHT="17" WIDTH="13" ID="PAG_34_ST000074" WC="0.62" CONTENT="a" STYLEREFS="TXT_10"/>
            <SP ID="PAG_34_SP000063" HPOS="5654" VPOS="2497" WIDTH="31"/>
            <String HPOS="5685" VPOS="2497" HEIGHT="19" WIDTH="35" ID="PAG_34_ST000075" WC="0.99" CONTENT="eu" STYLEREFS="TXT_10"/>
            <SP ID="PAG_34_SP000064" HPOS="5720" VPOS="2489" WIDTH="30"/>
            <String HPOS="5750" VPOS="2489" HEIGHT="30" WIDTH="23" ID="PAG_34_ST000076" WC="0.74" CONTENT="la" STYLEREFS="TXT_10"/>
            <SP ID="PAG_34_SP000065" HPOS="5773" VPOS="2496" WIDTH="32"/>
            <String HPOS="5805" VPOS="2496" HEIGHT="23" WIDTH="77" ID="PAG_34_ST000077" WC="1" CONTENT="main" STYLEREFS="TXT_10"/>
            <SP ID="PAG_34_SP000066" HPOS="5882" VPOS="2496" WIDTH="31"/>
            <String HPOS="5913" VPOS="2496" HEIGHT="23" WIDTH="106" ID="PAG_34_ST000078" WC="0.85" CONTENT="lourde" STYLEREFS="TXT_10"/>
            <SP ID="PAG_34_SP000067" HPOS="6019" VPOS="2515" WIDTH="31"/>
            <String HPOS="6050" VPOS="2515" HEIGHT="4" WIDTH="5" ID="PAG_34_ST000079" WC="0.00" CONTENT=":" STYLEREFS="TXT_10"/>
            <SP ID="PAG_34_SP000068" HPOS="6055" VPOS="2508" WIDTH="28"/>
            <String HPOS="6083" VPOS="2508" HEIGHT="13" WIDTH="70" ID="PAG_34_ST000080" WC="0.56" CONTENT="troc" STYLEREFS="TXT_10"/>
          </TextLine>
          <TextLine HPOS="5316" VPOS="2520" HEIGHT="46" WIDTH="834" ID="PAG_34_TL000013" STYLEREFS="TXT_10">
            <String HPOS="5316" VPOS="2537" HEIGHT="29" WIDTH="39" ID="PAG_34_ST000081" WC="0.33" CONTENT="u&quot;" STYLEREFS="TXT_10"/>
            <SP ID="PAG_34_SP000069" HPOS="5355" VPOS="2542" WIDTH="90"/>
            <String HPOS="5445" VPOS="2542" HEIGHT="5" WIDTH="4" ID="PAG_34_ST000082" WC="0.00" CONTENT="'" STYLEREFS="TXT_10"/>
            <SP ID="PAG_34_SP000070" HPOS="5449" VPOS="2520" WIDTH="24"/>
            <String HPOS="5473" VPOS="2520" HEIGHT="46" WIDTH="71" ID="PAG_34_ST000083" WC="0.00" CONTENT="^U6" STYLEREFS="TXT_10"/>
            <SP ID="PAG_34_SP000071" HPOS="5544" VPOS="2539" WIDTH="85"/>
            <String HPOS="5629" VPOS="2539" HEIGHT="18" WIDTH="15" ID="PAG_34_ST000084" WC="0.00" CONTENT="e" STYLEREFS="TXT_10"/>
            <SP ID="PAG_34_SP000072" HPOS="5644" VPOS="2529" WIDTH="27"/>
            <String HPOS="5671" VPOS="2529" HEIGHT="30" WIDTH="13" ID="PAG_34_ST000085" WC="1" CONTENT="?" STYLEREFS="TXT_10"/>
            <SP ID="PAG_34_SP000073" HPOS="5684" VPOS="2532" WIDTH="23"/>
            <String HPOS="5707" VPOS="2532" HEIGHT="34" WIDTH="205" ID="PAG_34_ST000086" WC="1" CONTENT="Simplement" STYLEREFS="TXT_10"/>
            <SP ID="PAG_34_SP000074" HPOS="5912" VPOS="2544" WIDTH="20"/>
            <String HPOS="5932" VPOS="2544" HEIGHT="22" WIDTH="122" ID="PAG_34_ST000087" WC="1" CONTENT="ajouter" STYLEREFS="TXT_10"/>
            <SP ID="PAG_34_SP000075" HPOS="6054" VPOS="2549" WIDTH="21"/>
            <String HPOS="6075" VPOS="2549" HEIGHT="17" WIDTH="75" ID="PAG_34_ST000088" WC="0.99" CONTENT="dans" STYLEREFS="TXT_10"/>
          </TextLine>
          <TextLine HPOS="5368" VPOS="2565" HEIGHT="37" WIDTH="547" ID="PAG_34_TL000014" STYLEREFS="TXT_10">
            <String HPOS="5368" VPOS="2565" HEIGHT="31" WIDTH="155" ID="PAG_34_ST000089" WC="1" CONTENT="casserole" STYLEREFS="TXT_10"/>
            <SP ID="PAG_34_SP000076" HPOS="5523" VPOS="2571" WIDTH="26"/>
            <String HPOS="5549" VPOS="2571" HEIGHT="31" WIDTH="153" ID="PAG_34_ST000090" WC="0.88" CONTENT="quelques" STYLEREFS="TXT_10"/>
            <SP ID="PAG_34_SP000077" HPOS="5702" VPOS="2581" WIDTH="26"/>
            <String HPOS="5728" VPOS="2581" HEIGHT="21" WIDTH="106" ID="PAG_34_ST000091" WC="0.00" CONTENT="frani-k" STYLEREFS="TXT_10"/>
            <SP ID="PAG_34_SP000078" HPOS="5834" VPOS="2586" WIDTH="64"/>
            <String HPOS="5898" VPOS="2586" HEIGHT="16" WIDTH="17" ID="PAG_34_ST000092" WC="0.00" CONTENT="J" STYLEREFS="TXT_11"/>
          </TextLine>
        </TextBlock>
        <TextBlock HPOS="5312" VPOS="2581" HEIGHT="109" WIDTH="837" ID="PAG_34_TB000009" LANG="fr" STYLEREFS="TXT_10">
          <TextLine HPOS="5316" VPOS="2581" HEIGHT="59" WIDTH="833" ID="PAG_34_TL000015" STYLEREFS="TXT_10">
            <String HPOS="5316" VPOS="2605" HEIGHT="29" WIDTH="80" ID="PAG_34_ST000093" WC="1" CONTENT="terre" STYLEREFS="TXT_10"/>
            <SP ID="PAG_34_SP000079" HPOS="5396" VPOS="2618" WIDTH="44"/>
            <String HPOS="5440" VPOS="2618" HEIGHT="22" WIDTH="71" ID="PAG_34_ST000094" WC="0.8" CONTENT="crue" STYLEREFS="TXT_10"/>
            <SP ID="PAG_34_SP000080" HPOS="5511" VPOS="2616" WIDTH="116"/>
            <String HPOS="5627" VPOS="2616" HEIGHT="22" WIDTH="23" ID="PAG_34_ST000095" WC="0.00" CONTENT="U" STYLEREFS="TXT_10"/>
            <SP ID="PAG_34_SP000081" HPOS="5650" VPOS="2581" WIDTH="78"/>
            <String HPOS="5728" VPOS="2581" HEIGHT="59" WIDTH="21" ID="PAG_34_ST000096" WC="0.00" CONTENT="L" STYLEREFS="TXT_56"/>
            <SP ID="PAG_34_SP000082" HPOS="5749" VPOS="2625" WIDTH="58"/>
            <String HPOS="5807" VPOS="2625" HEIGHT="15" WIDTH="16" ID="PAG_34_ST000097" WC="0.00" CONTENT="u" STYLEREFS="TXT_10"/>
            <SP ID="PAG_34_SP000083" HPOS="5823" VPOS="2598" WIDTH="98"/>
            <String HPOS="5921" VPOS="2598" HEIGHT="18" WIDTH="15" ID="PAG_34_ST000098" WC="0.5" CONTENT="*" STYLEREFS="TXT_10"/>
            <SP ID="PAG_34_SP000084" HPOS="5936" VPOS="2600" WIDTH="26"/>
            <String HPOS="5962" VPOS="2600" HEIGHT="26" WIDTH="124" ID="PAG_34_ST000099" WC="0.65" CONTENT="pomme" STYLEREFS="TXT_56"/>
            <SP ID="PAG_34_SP000085" HPOS="6086" VPOS="2596" WIDTH="25"/>
            <String HPOS="6111" VPOS="2596" HEIGHT="31" WIDTH="38" ID="PAG_34_ST000100" WC="1" CONTENT="de" STYLEREFS="TXT_56"/>
          </TextLine>
          <TextLine HPOS="5440" VPOS="2623" HEIGHT="38" WIDTH="688" ID="PAG_34_TL000016" STYLEREFS="TXT_10">
            <String HPOS="5440" VPOS="2623" HEIGHT="17" WIDTH="71" ID="PAG_34_ST000101" WC="0.00" CONTENT="I-rue" STYLEREFS="TXT_10"/>
            <SP ID="PAG_34_SP000086" HPOS="5511" VPOS="2638" WIDTH="36"/>
            <String HPOS="5547" VPOS="2638" HEIGHT="7" WIDTH="2" ID="PAG_34_ST000102" WC="0.00" CONTENT="," STYLEREFS="TXT_10"/>
            <SP ID="PAG_34_SP000087" HPOS="5549" VPOS="2623" WIDTH="45"/>
            <String HPOS="5594" VPOS="2623" HEIGHT="25" WIDTH="72" ID="PAG_34_ST000103" WC="0.83" CONTENT="elles" STYLEREFS="TXT_10"/>
            <SP ID="PAG_34_SP000088" HPOS="5666" VPOS="2623" WIDTH="42"/>
            <String HPOS="5708" VPOS="2623" HEIGHT="36" WIDTH="211" ID="PAG_34_ST000104" WC="0.91" CONTENT="absorberont" STYLEREFS="TXT_10"/>
            <SP ID="PAG_34_SP000089" HPOS="5919" VPOS="2633" WIDTH="44"/>
            <String HPOS="5963" VPOS="2633" HEIGHT="26" WIDTH="24" ID="PAG_34_ST000105" WC="0.95" CONTENT="le" STYLEREFS="TXT_10"/>
            <SP ID="PAG_34_SP000090" HPOS="5987" VPOS="2638" WIDTH="43"/>
            <String HPOS="6030" VPOS="2638" HEIGHT="23" WIDTH="40" ID="PAG_34_ST000106" WC="0.62" CONTENT="sel" STYLEREFS="TXT_10"/>
            <SP ID="PAG_34_SP000091" HPOS="6070" VPOS="2653" WIDTH="43"/>
            <String HPOS="6113" VPOS="2653" HEIGHT="8" WIDTH="15" ID="PAG_34_ST000107" WC="0.00" CONTENT="„" STYLEREFS="TXT_10"/>
          </TextLine>
          <TextLine HPOS="5312" VPOS="2660" HEIGHT="30" WIDTH="472" ID="PAG_34_TL000017" STYLEREFS="TXT_10">
            <String HPOS="5312" VPOS="2660" HEIGHT="22" WIDTH="155" ID="PAG_34_ST000108" WC="1" CONTENT="excédent" STYLEREFS="TXT_10"/>
            <SP ID="PAG_34_SP000092" HPOS="5467" VPOS="2661" WIDTH="31"/>
            <String HPOS="5498" VPOS="2661" HEIGHT="25" WIDTH="32" ID="PAG_34_ST000109" WC="1" CONTENT="et" STYLEREFS="TXT_10"/>
            <SP ID="PAG_34_SP000093" HPOS="5530" VPOS="2665" WIDTH="29"/>
            <String HPOS="5559" VPOS="2665" HEIGHT="25" WIDTH="87" ID="PAG_34_ST000110" WC="1" CONTENT="votre" STYLEREFS="TXT_10"/>
            <SP ID="PAG_34_SP000094" HPOS="5646" VPOS="2665" WIDTH="34"/>
            <String HPOS="5680" VPOS="2665" HEIGHT="25" WIDTH="65" ID="PAG_34_ST000111" WC="0.00" CONTENT="nU+" STYLEREFS="TXT_10"/>
            <SP ID="PAG_34_SP000095" HPOS="5745" VPOS="2681" WIDTH="30"/>
            <String HPOS="5775" VPOS="2681" HEIGHT="9" WIDTH="9" ID="PAG_34_ST000112" WC="0.00" CONTENT="," STYLEREFS="TXT_10"/>
          </TextLine>
        </TextBlock>
        <TextBlock HPOS="5678" VPOS="2672" HEIGHT="43" WIDTH="456" ID="PAG_34_TB000010" LANG="fr" STYLEREFS="TXT_10">
          <TextLine HPOS="5678" VPOS="2672" HEIGHT="43" WIDTH="456" ID="PAG_34_TL000018" STYLEREFS="TXT_10">
            <String HPOS="5678" VPOS="2672" HEIGHT="31" WIDTH="67" ID="PAG_34_ST000113" WC="0.99" CONTENT="piat" STYLEREFS="TXT_10"/>
            <SP ID="PAG_34_SP000096" HPOS="5745" VPOS="2681" WIDTH="30"/>
            <String HPOS="5775" VPOS="2681" HEIGHT="21" WIDTH="65" ID="PAG_34_ST000114" WC="1" CONTENT="sera" STYLEREFS="TXT_10"/>
            <SP ID="PAG_34_SP000097" HPOS="5840" VPOS="2687" WIDTH="33"/>
            <String HPOS="5873" VPOS="2687" HEIGHT="20" WIDTH="79" ID="PAG_34_ST000115" WC="0.84" CONTENT="alors" STYLEREFS="TXT_10"/>
            <SP ID="PAG_34_SP000098" HPOS="5952" VPOS="2683" WIDTH="32"/>
            <String HPOS="5984" VPOS="2683" HEIGHT="29" WIDTH="59" ID="PAG_34_ST000116" WC="1" CONTENT="très" STYLEREFS="TXT_10"/>
            <SP ID="PAG_34_SP000099" HPOS="6043" VPOS="2684" WIDTH="32"/>
            <String HPOS="6075" VPOS="2684" HEIGHT="31" WIDTH="59" ID="PAG_34_ST000117" WC="1" CONTENT="bon." STYLEREFS="TXT_10"/>
          </TextLine>
        </TextBlock>
        <Illustration ID="PAG_34_IL000004" HPOS="6303" VPOS="1223" HEIGHT="1265" WIDTH="1050"/>
        <TextBlock HPOS="6376" VPOS="2513" HEIGHT="213" WIDTH="832" ID="PAG_34_TB000011" LANG="fr" STYLEREFS="TXT_10">
          <TextLine HPOS="6384" VPOS="2513" HEIGHT="81" WIDTH="824" ID="PAG_34_TL000019" STYLEREFS="TXT_10">
            <String HPOS="6384" VPOS="2513" HEIGHT="81" WIDTH="97" ID="PAG_34_ST000118" WC="0.50" CONTENT="fraîcheur" STYLEREFS="TXT_10"/>
            <SP ID="PAG_34_SP000100" HPOS="6481" VPOS="2513" WIDTH="1"/>
            <String HPOS="6481" VPOS="2513" HEIGHT="81" WIDTH="19" ID="PAG_34_ST000119" WC="0.50" CONTENT="*" STYLEREFS="TXT_10"/>
            <SP ID="PAG_34_SP000101" HPOS="6500" VPOS="2513" WIDTH="1"/>
            <String HPOS="6500" VPOS="2513" HEIGHT="81" WIDTH="40" ID="PAG_34_ST000120" WC="0.50" CONTENT="11" STYLEREFS="TXT_10"/>
            <SP ID="PAG_34_SP000102" HPOS="6540" VPOS="2529" WIDTH="26"/>
            <String HPOS="6566" VPOS="2529" HEIGHT="65" WIDTH="93" ID="PAG_34_ST000121" WC="0.50" CONTENT="d'un" STYLEREFS="TXT_10"/>
            <SP ID="PAG_34_SP000103" HPOS="6659" VPOS="2529" WIDTH="1"/>
            <String HPOS="6659" VPOS="2529" HEIGHT="65" WIDTH="76" ID="PAG_34_ST000122" WC="0.50" CONTENT="de" STYLEREFS="TXT_10"/>
            <SP ID="PAG_34_SP000104" HPOS="6735" VPOS="2545" WIDTH="37"/>
            <String HPOS="6772" VPOS="2545" HEIGHT="49" WIDTH="98" ID="PAG_34_ST000123" WC="0.85" CONTENT="reconnaître" STYLEREFS="TXT_10"/>
            <SP ID="PAG_34_SP000105" HPOS="6870" VPOS="2545" WIDTH="1"/>
            <String HPOS="6870" VPOS="2545" HEIGHT="49" WIDTH="90" ID="PAG_34_ST000124" WC="0.85" CONTENT="Emplissez" STYLEREFS="TXT_10"/>
            <SP ID="PAG_34_SP000106" HPOS="6960" VPOS="2548" WIDTH="30"/>
            <String HPOS="6990" VPOS="2548" HEIGHT="29" WIDTH="24" ID="PAG_34_ST000125" WC="0.91" CONTENT="^" STYLEREFS="TXT_10"/>
            <SP ID="PAG_34_SP000107" HPOS="7014" VPOS="2557" WIDTH="157"/>
            <String HPOS="7171" VPOS="2557" HEIGHT="29" WIDTH="37" ID="PAG_34_ST000126" WC="0.98" CONTENT="de" STYLEREFS="TXT_10"/>
          </TextLine>
          <TextLine HPOS="6379" VPOS="2592" HEIGHT="74" WIDTH="829" ID="PAG_34_TL000020" STYLEREFS="TXT_10">
            <String HPOS="6379" VPOS="2606" HEIGHT="31" WIDTH="83" ID="PAG_34_ST000127" WC="0.28" CONTENT="salée." STYLEREFS="TXT_10"/>
            <SP ID="PAG_34_SP000108" HPOS="6462" VPOS="2612" WIDTH="54"/>
            <String HPOS="6516" VPOS="2612" HEIGHT="41" WIDTH="128" ID="PAG_34_ST000128" WC="1" CONTENT="Plongez" STYLEREFS="TXT_10"/>
            <SP ID="PAG_34_SP000109" HPOS="6644" VPOS="2620" WIDTH="43"/>
            <String HPOS="6687" VPOS="2620" HEIGHT="34" WIDTH="75" ID="PAG_34_ST000129" WC="1" CONTENT="dans" STYLEREFS="TXT_10"/>
            <SP ID="PAG_34_SP000110" HPOS="6762" VPOS="2592" WIDTH="43"/>
            <String HPOS="6805" VPOS="2592" HEIGHT="68" WIDTH="124" ID="PAG_34_ST000130" WC="0.00" CONTENT="£?*" STYLEREFS="TXT_10"/>
            <SP ID="PAG_34_SP000111" HPOS="6929" VPOS="2603" WIDTH="28"/>
            <String HPOS="6957" VPOS="2603" HEIGHT="16" WIDTH="34" ID="PAG_34_ST000131" WC="0.97" CONTENT="™" STYLEREFS="TXT_10"/>
            <SP ID="PAG_34_SP000112" HPOS="6991" VPOS="2606" WIDTH="28"/>
            <String HPOS="7019" VPOS="2606" HEIGHT="54" WIDTH="35" ID="PAG_34_ST000132" WC="0.11" CONTENT="vase" STYLEREFS="TXT_10"/>
            <SP ID="PAG_34_SP000113" HPOS="7054" VPOS="2606" WIDTH="1"/>
            <String HPOS="7054" VPOS="2606" HEIGHT="54" WIDTH="36" ID="PAG_34_ST000133" WC="0.11" CONTENT="les" STYLEREFS="TXT_10"/>
            <SP ID="PAG_34_SP000114" HPOS="7090" VPOS="2598" WIDTH="22"/>
            <String HPOS="7112" VPOS="2598" HEIGHT="68" WIDTH="24" ID="PAG_34_ST000134" WC="0.28" CONTENT="œu" STYLEREFS="TXT_10"/>
            <SP ID="PAG_34_SP000115" HPOS="7136" VPOS="2598" WIDTH="1"/>
            <String HPOS="7136" VPOS="2598" HEIGHT="68" WIDTH="72" ID="PAG_34_ST000135" WC="0.28" CONTENT="d'eaufs." STYLEREFS="TXT_10"/>
          </TextLine>
          <TextLine HPOS="6376" VPOS="2664" HEIGHT="62" WIDTH="826" ID="PAG_34_TL000021" STYLEREFS="TXT_10">
            <String HPOS="6376" VPOS="2664" HEIGHT="62" WIDTH="38" ID="PAG_34_ST000136" WC="0.37" CONTENT="vieux" STYLEREFS="TXT_10"/>
            <SP ID="PAG_34_SP000116" HPOS="6414" VPOS="2664" WIDTH="1"/>
            <String HPOS="6414" VPOS="2664" HEIGHT="62" WIDTH="46" ID="PAG_34_ST000137" WC="0.37" CONTENT="L'œuf" STYLEREFS="TXT_10"/>
            <SP ID="PAG_34_SP000117" HPOS="6460" VPOS="2669" WIDTH="67"/>
            <String HPOS="6527" VPOS="2669" HEIGHT="57" WIDTH="39" ID="PAG_34_ST000138" WC="0.00" CONTENT="t6S" STYLEREFS="TXT_10"/>
            <SP ID="PAG_34_SP000118" HPOS="6566" VPOS="2708" WIDTH="45"/>
            <String HPOS="6611" VPOS="2708" HEIGHT="7" WIDTH="10" ID="PAG_34_ST000139" WC="0.00" CONTENT="^" STYLEREFS="TXT_10"/>
            <SP ID="PAG_34_SP000119" HPOS="6621" VPOS="2711" WIDTH="28"/>
            <String HPOS="6649" VPOS="2711" HEIGHT="8" WIDTH="7" ID="PAG_34_ST000140" WC="0.00" CONTENT="," STYLEREFS="TXT_10"/>
            <SP ID="PAG_34_SP000120" HPOS="6656" VPOS="2672" WIDTH="44"/>
            <String HPOS="6700" VPOS="2672" HEIGHT="54" WIDTH="78" ID="PAG_34_ST000141" WC="0.62" CONTENT="r9|Ste" STYLEREFS="TXT_10"/>
            <SP ID="PAG_34_SP000121" HPOS="6778" VPOS="2684" WIDTH="31"/>
            <String HPOS="6809" VPOS="2684" HEIGHT="19" WIDTH="35" ID="PAG_34_ST000142" WC="0.99" CONTENT="au" STYLEREFS="TXT_10"/>
            <SP ID="PAG_34_SP000122" HPOS="6844" VPOS="2674" WIDTH="31"/>
            <String HPOS="6875" VPOS="2674" HEIGHT="35" WIDTH="86" ID="PAG_34_ST000143" WC="0.83" CONTENT="fond-" STYLEREFS="TXT_10"/>
            <SP ID="PAG_34_SP000123" HPOS="6961" VPOS="2681" WIDTH="30"/>
            <String HPOS="6991" VPOS="2681" HEIGHT="30" WIDTH="49" ID="PAG_34_ST000144" WC="0.59" CONTENT="S'il" STYLEREFS="TXT_10"/>
            <SP ID="PAG_34_SP000124" HPOS="7040" VPOS="2690" WIDTH="29"/>
            <String HPOS="7069" VPOS="2690" HEIGHT="25" WIDTH="44" ID="PAG_34_ST000145" WC="1" CONTENT="est" STYLEREFS="TXT_10"/>
            <SP ID="PAG_34_SP000125" HPOS="7113" VPOS="2692" WIDTH="32"/>
            <String HPOS="7145" VPOS="2692" HEIGHT="27" WIDTH="57" ID="PAG_34_ST000146" WC="0.99" CONTENT="très" STYLEREFS="TXT_10"/>
          </TextLine>
        </TextBlock>
        <Illustration ID="PAG_34_IL000005" HPOS="4030" VPOS="2726" HEIGHT="1102" WIDTH="1139"/>
        <TextBlock HPOS="4159" VPOS="3828" HEIGHT="276" WIDTH="1010" ID="PAG_34_TB000012" LANG="fr" STYLEREFS="TXT_10">
          <TextLine HPOS="5159" VPOS="3828" HEIGHT="25" WIDTH="10" ID="PAG_34_TL000022" STYLEREFS="TXT_10">
            <String HPOS="5159" VPOS="3828" HEIGHT="25" WIDTH="10" ID="PAG_34_ST000147" WC="0.63" CONTENT="1" STYLEREFS="TXT_10"/>
          </TextLine>
          <TextLine HPOS="4168" VPOS="3856" HEIGHT="58" WIDTH="833" ID="PAG_34_TL000023" STYLEREFS="TXT_10">
            <String HPOS="4168" VPOS="3856" HEIGHT="37" WIDTH="37" ID="PAG_34_ST000148" WC="0.98" CONTENT="★" STYLEREFS="TXT_10"/>
            <SP ID="PAG_34_SP000126" HPOS="4205" VPOS="3859" WIDTH="28"/>
            <String HPOS="4233" VPOS="3859" HEIGHT="30" WIDTH="27" ID="PAG_34_ST000149" WC="0.99" CONTENT="Si" STYLEREFS="TXT_10"/>
            <SP ID="PAG_34_SP000127" HPOS="4260" VPOS="3861" WIDTH="28"/>
            <String HPOS="4288" VPOS="3861" HEIGHT="30" WIDTH="26" ID="PAG_34_ST000150" WC="1" CONTENT="le" STYLEREFS="TXT_10"/>
            <SP ID="PAG_34_SP000128" HPOS="4314" VPOS="3864" WIDTH="26"/>
            <String HPOS="4340" VPOS="3864" HEIGHT="32" WIDTH="67" ID="PAG_34_ST000151" WC="1" CONTENT="clou" STYLEREFS="TXT_10"/>
            <SP ID="PAG_34_SP000129" HPOS="4407" VPOS="3881" WIDTH="29"/>
            <String HPOS="4436" VPOS="3881" HEIGHT="18" WIDTH="36" ID="PAG_34_ST000152" WC="0.99" CONTENT="ne" STYLEREFS="TXT_10"/>
            <SP ID="PAG_34_SP000130" HPOS="4472" VPOS="3875" WIDTH="26"/>
            <String HPOS="4498" VPOS="3875" HEIGHT="28" WIDTH="79" ID="PAG_34_ST000153" WC="0.99" CONTENT="tient" STYLEREFS="TXT_10"/>
            <SP ID="PAG_34_SP000131" HPOS="4577" VPOS="3876" WIDTH="26"/>
            <String HPOS="4603" VPOS="3876" HEIGHT="37" WIDTH="64" ID="PAG_34_ST000154" WC="0.99" CONTENT="plus" STYLEREFS="TXT_10"/>
            <SP ID="PAG_34_SP000132" HPOS="4667" VPOS="3880" WIDTH="25"/>
            <String HPOS="4692" VPOS="3880" HEIGHT="32" WIDTH="76" ID="PAG_34_ST000155" WC="1" CONTENT="dans" STYLEREFS="TXT_10"/>
            <SP ID="PAG_34_SP000133" HPOS="4768" VPOS="3884" WIDTH="29"/>
            <String HPOS="4797" VPOS="3884" HEIGHT="30" WIDTH="24" ID="PAG_34_ST000156" WC="1" CONTENT="le" STYLEREFS="TXT_10"/>
            <SP ID="PAG_34_SP000134" HPOS="4821" VPOS="3899" WIDTH="28"/>
            <String HPOS="4849" VPOS="3899" HEIGHT="14" WIDTH="62" ID="PAG_34_ST000157" WC="0.8" CONTENT="mur," STYLEREFS="TXT_10"/>
            <SP ID="PAG_34_SP000135" HPOS="4911" VPOS="3891" WIDTH="37"/>
            <String HPOS="4948" VPOS="3891" HEIGHT="22" WIDTH="15" ID="PAG_34_ST000158" WC="0.99" CONTENT="il" STYLEREFS="TXT_10"/>
            <SP ID="PAG_34_SP000136" HPOS="4963" VPOS="3904" WIDTH="26"/>
            <String HPOS="4989" VPOS="3904" HEIGHT="10" WIDTH="12" ID="PAG_34_ST000159" WC="0.93" CONTENT="y" STYLEREFS="TXT_10"/>
          </TextLine>
          <TextLine HPOS="4211" VPOS="3912" HEIGHT="50" WIDTH="789" ID="PAG_34_TL000024" STYLEREFS="TXT_10">
            <String HPOS="4211" VPOS="3915" HEIGHT="18" WIDTH="35" ID="PAG_34_ST000160" WC="1" CONTENT="un" STYLEREFS="TXT_10"/>
            <SP ID="PAG_34_SP000137" HPOS="4246" VPOS="3918" WIDTH="33"/>
            <String HPOS="4279" VPOS="3918" HEIGHT="28" WIDTH="109" ID="PAG_34_ST000161" WC="0.99" CONTENT="moyen" STYLEREFS="TXT_10"/>
            <SP ID="PAG_34_SP000138" HPOS="4388" VPOS="3912" WIDTH="33"/>
            <String HPOS="4421" VPOS="3912" HEIGHT="32" WIDTH="69" ID="PAG_34_ST000162" WC="1" CONTENT="bien" STYLEREFS="TXT_10"/>
            <SP ID="PAG_34_SP000139" HPOS="4490" VPOS="3920" WIDTH="31"/>
            <String HPOS="4521" VPOS="3920" HEIGHT="37" WIDTH="109" ID="PAG_34_ST000163" WC="0.99" CONTENT="simple" STYLEREFS="TXT_10"/>
            <SP ID="PAG_34_SP000140" HPOS="4630" VPOS="3924" WIDTH="31"/>
            <String HPOS="4661" VPOS="3924" HEIGHT="30" WIDTH="39" ID="PAG_34_ST000164" WC="1" CONTENT="de" STYLEREFS="TXT_10"/>
            <SP ID="PAG_34_SP000141" HPOS="4700" VPOS="3926" WIDTH="32"/>
            <String HPOS="4732" VPOS="3926" HEIGHT="31" WIDTH="24" ID="PAG_34_ST000165" WC="0.99" CONTENT="le" STYLEREFS="TXT_10"/>
            <SP ID="PAG_34_SP000142" HPOS="4756" VPOS="3927" WIDTH="32"/>
            <String HPOS="4788" VPOS="3927" HEIGHT="33" WIDTH="73" ID="PAG_34_ST000166" WC="0.99" CONTENT="fixer" STYLEREFS="TXT_10"/>
            <SP ID="PAG_34_SP000143" HPOS="4861" VPOS="3934" WIDTH="28"/>
            <String HPOS="4889" VPOS="3934" HEIGHT="28" WIDTH="111" ID="PAG_34_ST000167" WC="0.69" CONTENT="solide-" STYLEREFS="TXT_10"/>
          </TextLine>
          <TextLine HPOS="4161" VPOS="3961" HEIGHT="43" WIDTH="867" ID="PAG_34_TL000025" STYLEREFS="TXT_10">
            <String HPOS="4161" VPOS="3989" HEIGHT="15" WIDTH="3" ID="PAG_34_ST000168" WC="0.00" CONTENT="I" STYLEREFS="TXT_10"/>
            <SP ID="PAG_34_SP000144" HPOS="4164" VPOS="3962" WIDTH="110"/>
            <String HPOS="4274" VPOS="3962" HEIGHT="18" WIDTH="14" ID="PAG_34_ST000169" WC="0.93" CONTENT="à" STYLEREFS="TXT_10"/>
            <SP ID="PAG_34_SP000145" HPOS="4288" VPOS="3965" WIDTH="32"/>
            <String HPOS="4320" VPOS="3965" HEIGHT="23" WIDTH="140" ID="PAG_34_ST000170" WC="1" CONTENT="nouveau" STYLEREFS="TXT_10"/>
            <SP ID="PAG_34_SP000146" HPOS="4460" VPOS="3961" WIDTH="30"/>
            <String HPOS="4490" VPOS="3961" HEIGHT="32" WIDTH="76" ID="PAG_34_ST000171" WC="0.97" CONTENT="dans" STYLEREFS="TXT_10"/>
            <SP ID="PAG_34_SP000147" HPOS="4566" VPOS="3964" WIDTH="30"/>
            <String HPOS="4596" VPOS="3964" HEIGHT="31" WIDTH="25" ID="PAG_34_ST000172" WC="1" CONTENT="le" STYLEREFS="TXT_10"/>
            <SP ID="PAG_34_SP000148" HPOS="4621" VPOS="3970" WIDTH="29"/>
            <String HPOS="4650" VPOS="3970" HEIGHT="31" WIDTH="100" ID="PAG_34_ST000173" WC="1" CONTENT="même" STYLEREFS="TXT_10"/>
            <SP ID="PAG_34_SP000149" HPOS="4750" VPOS="3977" WIDTH="27"/>
            <String HPOS="4777" VPOS="3977" HEIGHT="24" WIDTH="66" ID="PAG_34_ST000174" WC="1" CONTENT="trou" STYLEREFS="TXT_10"/>
            <SP ID="PAG_34_SP000150" HPOS="4843" VPOS="3989" WIDTH="34"/>
            <String HPOS="4877" VPOS="3989" HEIGHT="4" WIDTH="4" ID="PAG_34_ST000175" WC="0.5" CONTENT=":" STYLEREFS="TXT_10"/>
            <SP ID="PAG_34_SP000151" HPOS="4881" VPOS="3990" WIDTH="29"/>
            <String HPOS="4910" VPOS="3990" HEIGHT="11" WIDTH="88" ID="PAG_34_ST000176" WC="1" CONTENT="enve-" SUBS_TYPE="HypPart1" SUBS_CONTENT="enve-trePmLSdn" STYLEREFS="TXT_10"/>
            <HYP HPOS="4998" VPOS="4001" WIDTH="30" CONTENT="-"/>
          </TextLine>
          <TextLine HPOS="4159" VPOS="4003" HEIGHT="46" WIDTH="837" ID="PAG_34_TL000026" STYLEREFS="TXT_10">
            <String HPOS="4159" VPOS="4003" HEIGHT="46" WIDTH="205" ID="PAG_34_ST000177" WC="0.00" CONTENT="trePmLSdn" SUBS_TYPE="HypPart2" SUBS_CONTENT="enve-trePmLSdn" STYLEREFS="TXT_10"/>
            <SP ID="PAG_34_SP000152" HPOS="4364" VPOS="4011" WIDTH="241"/>
            <String HPOS="4605" VPOS="4011" HEIGHT="30" WIDTH="70" ID="PAG_34_ST000178" WC="1" CONTENT="d'un" STYLEREFS="TXT_10"/>
            <SP ID="PAG_34_SP000153" HPOS="4675" VPOS="4027" WIDTH="41"/>
            <String HPOS="4716" VPOS="4027" HEIGHT="22" WIDTH="58" ID="PAG_34_ST000179" WC="0.97" CONTENT="peu" STYLEREFS="TXT_10"/>
            <SP ID="PAG_34_SP000154" HPOS="4774" VPOS="4020" WIDTH="41"/>
            <String HPOS="4815" VPOS="4020" HEIGHT="29" WIDTH="39" ID="PAG_34_ST000180" WC="1" CONTENT="de" STYLEREFS="TXT_10"/>
            <SP ID="PAG_34_SP000155" HPOS="4854" VPOS="4028" WIDTH="39"/>
            <String HPOS="4893" VPOS="4028" HEIGHT="21" WIDTH="103" ID="PAG_34_ST000181" WC="1" CONTENT="coton," STYLEREFS="TXT_10"/>
          </TextLine>
          <TextLine HPOS="4159" VPOS="4047" HEIGHT="57" WIDTH="828" ID="PAG_34_TL000027" STYLEREFS="TXT_10">
            <String HPOS="4159" VPOS="4047" HEIGHT="29" WIDTH="138" ID="PAG_34_ST000182" WC="1" CONTENT="trempez" STYLEREFS="TXT_10"/>
            <SP ID="PAG_34_SP000156" HPOS="4297" VPOS="4047" WIDTH="30"/>
            <String HPOS="4327" VPOS="4047" HEIGHT="28" WIDTH="77" ID="PAG_34_ST000183" WC="0.97" CONTENT="dans" STYLEREFS="TXT_10"/>
            <SP ID="PAG_34_SP000157" HPOS="4404" VPOS="4047" WIDTH="30"/>
            <String HPOS="4434" VPOS="4047" HEIGHT="31" WIDTH="38" ID="PAG_34_ST000184" WC="1" CONTENT="du" STYLEREFS="TXT_10"/>
            <SP ID="PAG_34_SP000158" HPOS="4472" VPOS="4052" WIDTH="33"/>
            <String HPOS="4505" VPOS="4052" HEIGHT="37" WIDTH="100" ID="PAG_34_ST000185" WC="0.94" CONTENT="plâtre" STYLEREFS="TXT_10"/>
            <SP ID="PAG_34_SP000159" HPOS="4605" VPOS="4056" WIDTH="30"/>
            <String HPOS="4635" VPOS="4056" HEIGHT="42" WIDTH="123" ID="PAG_34_ST000186" WC="0.96" CONTENT="délayé." STYLEREFS="TXT_10"/>
            <SP ID="PAG_34_SP000160" HPOS="4758" VPOS="4064" WIDTH="32"/>
            <String HPOS="4790" VPOS="4064" HEIGHT="40" WIDTH="197" ID="PAG_34_ST000187" WC="0.98" CONTENT="Replacez-le" STYLEREFS="TXT_10"/>
          </TextLine>
        </TextBlock>
        <Illustration ID="PAG_34_IL000006" HPOS="5169" VPOS="2726" HEIGHT="1176" WIDTH="1050"/>
        <TextBlock HPOS="5234" VPOS="3902" HEIGHT="244" WIDTH="839" ID="PAG_34_TB000013" LANG="fr" STYLEREFS="TXT_10">
          <TextLine HPOS="5243" VPOS="3902" HEIGHT="61" WIDTH="820" ID="PAG_34_TL000028" STYLEREFS="TXT_10">
            <String HPOS="5243" VPOS="3902" HEIGHT="36" WIDTH="36" ID="PAG_34_ST000188" WC="0.87" CONTENT="*" STYLEREFS="TXT_10"/>
            <SP ID="PAG_34_SP000161" HPOS="5279" VPOS="3905" WIDTH="33"/>
            <String HPOS="5312" VPOS="3905" HEIGHT="30" WIDTH="35" ID="PAG_34_ST000189" WC="1" CONTENT="Le" STYLEREFS="TXT_10"/>
            <SP ID="PAG_34_SP000162" HPOS="5347" VPOS="3907" WIDTH="26"/>
            <String HPOS="5373" VPOS="3907" HEIGHT="32" WIDTH="68" ID="PAG_34_ST000190" WC="1" CONTENT="bras" STYLEREFS="TXT_10"/>
            <SP ID="PAG_34_SP000163" HPOS="5441" VPOS="3912" WIDTH="25"/>
            <String HPOS="5466" VPOS="3912" HEIGHT="30" WIDTH="69" ID="PAG_34_ST000191" WC="1" CONTENT="d'un" STYLEREFS="TXT_10"/>
            <SP ID="PAG_34_SP000164" HPOS="5535" VPOS="3915" WIDTH="28"/>
            <String HPOS="5563" VPOS="3915" HEIGHT="35" WIDTH="127" ID="PAG_34_ST000192" WC="0.99" CONTENT="fauteuil" STYLEREFS="TXT_10"/>
            <SP ID="PAG_34_SP000165" HPOS="5690" VPOS="3929" WIDTH="26"/>
            <String HPOS="5716" VPOS="3929" HEIGHT="23" WIDTH="46" ID="PAG_34_ST000193" WC="1" CONTENT="est" STYLEREFS="TXT_10"/>
            <SP ID="PAG_34_SP000166" HPOS="5762" VPOS="3925" WIDTH="25"/>
            <String HPOS="5787" VPOS="3925" HEIGHT="27" WIDTH="179" ID="PAG_34_ST000194" WC="1" CONTENT="facilement" STYLEREFS="TXT_10"/>
            <SP ID="PAG_34_SP000167" HPOS="5966" VPOS="3941" WIDTH="27"/>
            <String HPOS="5993" VPOS="3941" HEIGHT="22" WIDTH="70" ID="PAG_34_ST000195" WC="0.98" CONTENT="rayé" STYLEREFS="TXT_10"/>
          </TextLine>
          <TextLine HPOS="5315" VPOS="3962" HEIGHT="47" WIDTH="758" ID="PAG_34_TL000029" STYLEREFS="TXT_10">
            <String HPOS="5315" VPOS="3962" HEIGHT="47" WIDTH="151" ID="PAG_34_ST000196" WC="0.00" CONTENT="f/rT^" STYLEREFS="TXT_10"/>
            <SP ID="PAG_34_SP000168" HPOS="5466" VPOS="3964" WIDTH="22"/>
            <String HPOS="5488" VPOS="3964" HEIGHT="45" WIDTH="82" ID="PAG_34_ST000197" WC="0.49" CONTENT="T651" STYLEREFS="TXT_10"/>
            <SP ID="PAG_34_SP000169" HPOS="5570" VPOS="3974" WIDTH="24"/>
            <String HPOS="5594" VPOS="3974" HEIGHT="25" WIDTH="54" ID="PAG_34_ST000198" WC="1" CONTENT="pas" STYLEREFS="TXT_10"/>
            <SP ID="PAG_34_SP000170" HPOS="5648" VPOS="3969" WIDTH="27"/>
            <String HPOS="5675" VPOS="3969" HEIGHT="36" WIDTH="69" ID="PAG_34_ST000199" WC="1" CONTENT="trop" STYLEREFS="TXT_10"/>
            <SP ID="PAG_34_SP000171" HPOS="5744" VPOS="3971" WIDTH="26"/>
            <String HPOS="5770" VPOS="3971" HEIGHT="38" WIDTH="166" ID="PAG_34_ST000200" WC="0.95" CONTENT="Profonde," STYLEREFS="TXT_10"/>
            <SP ID="PAG_34_SP000172" HPOS="5936" VPOS="3978" WIDTH="28"/>
            <String HPOS="5964" VPOS="3978" HEIGHT="30" WIDTH="24" ID="PAG_34_ST000201" WC="0.95" CONTENT="le" STYLEREFS="TXT_10"/>
            <SP ID="PAG_34_SP000173" HPOS="5988" VPOS="3963" WIDTH="27"/>
            <String HPOS="6015" VPOS="3963" HEIGHT="46" WIDTH="58" ID="PAG_34_ST000202" WC="0.92" CONTENT="mai" STYLEREFS="TXT_10"/>
          </TextLine>
          <TextLine HPOS="5238" VPOS="4008" HEIGHT="33" WIDTH="817" ID="PAG_34_TL000030" STYLEREFS="TXT_10">
            <String HPOS="5238" VPOS="4008" HEIGHT="12" WIDTH="47" ID="PAG_34_ST000203" WC="1" CONTENT="est" STYLEREFS="TXT_10"/>
            <SP ID="PAG_34_SP000174" HPOS="5285" VPOS="4008" WIDTH="30"/>
            <String HPOS="5315" VPOS="4008" HEIGHT="21" WIDTH="182" ID="PAG_34_ST000204" WC="0.99" CONTENT="facilement" STYLEREFS="TXT_10"/>
            <SP ID="PAG_34_SP000175" HPOS="5497" VPOS="4008" WIDTH="30"/>
            <String HPOS="5527" VPOS="4008" HEIGHT="33" WIDTH="165" ID="PAG_34_ST000205" WC="0.99" CONTENT="réparable" STYLEREFS="TXT_10"/>
            <SP ID="PAG_34_SP000176" HPOS="5692" VPOS="4024" WIDTH="35"/>
            <String HPOS="5727" VPOS="4024" HEIGHT="17" WIDTH="4" ID="PAG_34_ST000206" WC="1" CONTENT=":" STYLEREFS="TXT_10"/>
            <SP ID="PAG_34_SP000177" HPOS="5731" VPOS="4017" WIDTH="32"/>
            <String HPOS="5763" VPOS="4017" HEIGHT="24" WIDTH="90" ID="PAG_34_ST000207" WC="0.87" CONTENT="trempez" STYLEREFS="TXT_10"/>
            <SP ID="PAG_34_SP000178" HPOS="5853" VPOS="4017" WIDTH="1"/>
            <String HPOS="5853" VPOS="4017" HEIGHT="24" WIDTH="45" ID="PAG_34_ST000208" WC="0.87" CONTENT="ef" STYLEREFS="TXT_10"/>
            <SP ID="PAG_34_SP000179" HPOS="5898" VPOS="4033" WIDTH="31"/>
            <String HPOS="5929" VPOS="4033" HEIGHT="8" WIDTH="34" ID="PAG_34_ST000209" WC="1" CONTENT="un" STYLEREFS="TXT_10"/>
            <SP ID="PAG_34_SP000180" HPOS="5963" VPOS="4024" WIDTH="33"/>
            <String HPOS="5996" VPOS="4024" HEIGHT="17" WIDTH="59" ID="PAG_34_ST000210" WC="0.00" CONTENT="bou" STYLEREFS="TXT_10"/>
          </TextLine>
          <TextLine HPOS="5352" VPOS="4040" HEIGHT="48" WIDTH="716" ID="PAG_34_TL000031" STYLEREFS="TXT_10">
            <String HPOS="5352" VPOS="4040" HEIGHT="32" WIDTH="76" ID="PAG_34_ST000211" WC="1" CONTENT="dans" STYLEREFS="TXT_10"/>
            <SP ID="PAG_34_SP000181" HPOS="5428" VPOS="4044" WIDTH="36"/>
            <String HPOS="5464" VPOS="4044" HEIGHT="30" WIDTH="40" ID="PAG_34_ST000212" WC="1" CONTENT="de" STYLEREFS="TXT_10"/>
            <SP ID="PAG_34_SP000182" HPOS="5504" VPOS="4046" WIDTH="36"/>
            <String HPOS="5540" VPOS="4046" HEIGHT="36" WIDTH="100" ID="PAG_34_ST000213" WC="0.99" CONTENT="l'huile" STYLEREFS="TXT_10"/>
            <SP ID="PAG_34_SP000183" HPOS="5640" VPOS="4054" WIDTH="36"/>
            <String HPOS="5676" VPOS="4054" HEIGHT="30" WIDTH="40" ID="PAG_34_ST000214" WC="0.98" CONTENT="de" STYLEREFS="TXT_10"/>
            <SP ID="PAG_34_SP000184" HPOS="5716" VPOS="4040" WIDTH="178"/>
            <String HPOS="5894" VPOS="4040" HEIGHT="48" WIDTH="92" ID="PAG_34_ST000215" WC="0.51" CONTENT="froflez" STYLEREFS="TXT_10"/>
            <SP ID="PAG_34_SP000185" HPOS="5986" VPOS="4040" WIDTH="1"/>
            <String HPOS="5986" VPOS="4040" HEIGHT="48" WIDTH="82" ID="PAG_34_ST000216" WC="0.51" CONTENT="bou-ln" STYLEREFS="TXT_10"/>
          </TextLine>
          <TextLine HPOS="5234" VPOS="4086" HEIGHT="60" WIDTH="830" ID="PAG_34_TL000032" STYLEREFS="TXT_10">
            <String HPOS="5234" VPOS="4091" HEIGHT="27" WIDTH="106" ID="PAG_34_ST000217" WC="0.99" CONTENT="rayure" STYLEREFS="TXT_10"/>
            <SP ID="PAG_34_SP000186" HPOS="5340" VPOS="4086" WIDTH="36"/>
            <String HPOS="5376" VPOS="4086" HEIGHT="32" WIDTH="76" ID="PAG_34_ST000218" WC="0.95" CONTENT="dans" STYLEREFS="TXT_10"/>
            <SP ID="PAG_34_SP000187" HPOS="5452" VPOS="4090" WIDTH="38"/>
            <String HPOS="5490" VPOS="4090" HEIGHT="30" WIDTH="24" ID="PAG_34_ST000219" WC="0.95" CONTENT="le" STYLEREFS="TXT_10"/>
            <SP ID="PAG_34_SP000188" HPOS="5514" VPOS="4104" WIDTH="38"/>
            <String HPOS="5552" VPOS="4104" HEIGHT="20" WIDTH="68" ID="PAG_34_ST000220" WC="0.85" CONTENT="sens" STYLEREFS="TXT_10"/>
            <SP ID="PAG_34_SP000189" HPOS="5620" VPOS="4100" WIDTH="38"/>
            <String HPOS="5658" VPOS="4100" HEIGHT="30" WIDTH="38" ID="PAG_34_ST000221" WC="1" CONTENT="de" STYLEREFS="TXT_10"/>
            <SP ID="PAG_34_SP000190" HPOS="5696" VPOS="4100" WIDTH="38"/>
            <String HPOS="5734" VPOS="4100" HEIGHT="32" WIDTH="24" ID="PAG_34_ST000222" WC="1" CONTENT="la" STYLEREFS="TXT_10"/>
            <SP ID="PAG_34_SP000191" HPOS="5758" VPOS="4102" WIDTH="38"/>
            <String HPOS="5796" VPOS="4102" HEIGHT="34" WIDTH="80" ID="PAG_34_ST000223" WC="0.91" CONTENT="fibre" STYLEREFS="TXT_10"/>
            <SP ID="PAG_34_SP000192" HPOS="5876" VPOS="4110" WIDTH="40"/>
            <String HPOS="5916" VPOS="4110" HEIGHT="36" WIDTH="148" ID="PAG_34_ST000224" WC="0.00" CONTENT="Kqntvtc," STYLEREFS="TXT_10"/>
          </TextLine>
        </TextBlock>
        <Illustration ID="PAG_34_IL000007" HPOS="6219" VPOS="2726" HEIGHT="1197" WIDTH="1065"/>
        <TextBlock HPOS="7080" VPOS="3923" HEIGHT="17" WIDTH="155" ID="PAG_34_TB000014" LANG="fr" STYLEREFS="TXT_11">
          <TextLine HPOS="7080" VPOS="3923" HEIGHT="17" WIDTH="155" ID="PAG_34_TL000033" STYLEREFS="TXT_11">
            <String HPOS="7080" VPOS="3923" HEIGHT="11" WIDTH="12" ID="PAG_34_ST000225" WC="0.00" CONTENT="M" STYLEREFS="TXT_11"/>
            <SP ID="PAG_34_SP000193" HPOS="7092" VPOS="3923" WIDTH="10"/>
            <String HPOS="7102" VPOS="3923" HEIGHT="14" WIDTH="34" ID="PAG_34_ST000226" WC="0.00" CONTENT="IIIM" STYLEREFS="TXT_11"/>
            <SP ID="PAG_34_SP000194" HPOS="7136" VPOS="3923" WIDTH="12"/>
            <String HPOS="7148" VPOS="3923" HEIGHT="17" WIDTH="87" ID="PAG_34_ST000227" WC="0.00" CONTENT="■IMMWI" STYLEREFS="TXT_11"/>
          </TextLine>
        </TextBlock>
        <TextBlock HPOS="6307" VPOS="3950" HEIGHT="240" WIDTH="858" ID="PAG_34_TB000015" LANG="fr" STYLEREFS="TXT_10">
          <TextLine HPOS="6313" VPOS="3950" HEIGHT="61" WIDTH="825" ID="PAG_34_TL000034" STYLEREFS="TXT_10">
            <String HPOS="6313" VPOS="3950" HEIGHT="61" WIDTH="180" ID="PAG_34_ST000228" WC="0.12" CONTENT="Îwrn'nh" STYLEREFS="TXT_10"/>
            <SP ID="PAG_34_SP000195" HPOS="6493" VPOS="3968" WIDTH="16"/>
            <String HPOS="6509" VPOS="3968" HEIGHT="17" WIDTH="32" ID="PAG_34_ST000229" WC="0.00" CONTENT="^" STYLEREFS="TXT_10"/>
            <SP ID="PAG_34_SP000196" HPOS="6541" VPOS="3974" WIDTH="227"/>
            <String HPOS="6768" VPOS="3974" HEIGHT="26" WIDTH="105" ID="PAG_34_ST000230" WC="0.69" CONTENT="veston" STYLEREFS="TXT_10"/>
            <SP ID="PAG_34_SP000197" HPOS="6873" VPOS="3986" WIDTH="28"/>
            <String HPOS="6901" VPOS="3986" HEIGHT="15" WIDTH="13" ID="PAG_34_ST000231" WC="0.41" CONTENT="&quot;" STYLEREFS="TXT_10"/>
            <SP ID="PAG_34_SP000198" HPOS="6914" VPOS="3980" WIDTH="17"/>
            <String HPOS="6931" VPOS="3980" HEIGHT="25" WIDTH="45" ID="PAG_34_ST000232" WC="0.29" CONTENT="&gt;esf" STYLEREFS="TXT_10"/>
            <SP ID="PAG_34_SP000199" HPOS="6976" VPOS="3990" WIDTH="27"/>
            <String HPOS="7003" VPOS="3990" HEIGHT="21" WIDTH="53" ID="PAG_34_ST000233" WC="0.99" CONTENT="pas" STYLEREFS="TXT_10"/>
            <SP ID="PAG_34_SP000200" HPOS="7056" VPOS="3994" WIDTH="27"/>
            <String HPOS="7083" VPOS="3994" HEIGHT="17" WIDTH="55" ID="PAG_34_ST000234" WC="1" CONTENT="une" STYLEREFS="TXT_10"/>
          </TextLine>
          <TextLine HPOS="6313" VPOS="4010" HEIGHT="35" WIDTH="852" ID="PAG_34_TL000035" STYLEREFS="TXT_10">
            <String HPOS="6313" VPOS="4010" HEIGHT="26" WIDTH="202" ID="PAG_34_ST000235" WC="0.99" CONTENT="catastrophe" STYLEREFS="TXT_10"/>
            <SP ID="PAG_34_SP000201" HPOS="6515" VPOS="4010" WIDTH="56"/>
            <String HPOS="6571" VPOS="4010" HEIGHT="29" WIDTH="144" ID="PAG_34_ST000236" WC="0.91" CONTENT="Sacrifiez" STYLEREFS="TXT_10"/>
            <SP ID="PAG_34_SP000202" HPOS="6715" VPOS="4014" WIDTH="44"/>
            <String HPOS="6759" VPOS="4014" HEIGHT="31" WIDTH="171" ID="PAG_34_ST000237" WC="0.99" CONTENT="seulement" STYLEREFS="TXT_10"/>
            <SP ID="PAG_34_SP000203" HPOS="6930" VPOS="4023" WIDTH="44"/>
            <String HPOS="6974" VPOS="4023" HEIGHT="22" WIDTH="161" ID="PAG_34_ST000238" WC="1" CONTENT="quelques-" SUBS_TYPE="HypPart1" SUBS_CONTENT="quelques-uns" STYLEREFS="TXT_10"/>
            <HYP HPOS="7135" VPOS="4045" WIDTH="30" CONTENT="-"/>
          </TextLine>
          <TextLine HPOS="6311" VPOS="4044" HEIGHT="43" WIDTH="821" ID="PAG_34_TL000036" STYLEREFS="TXT_10">
            <String HPOS="6311" VPOS="4048" HEIGHT="19" WIDTH="50" ID="PAG_34_ST000239" WC="1" CONTENT="uns" SUBS_TYPE="HypPart2" SUBS_CONTENT="quelques-uns" STYLEREFS="TXT_10"/>
            <SP ID="PAG_34_SP000204" HPOS="6361" VPOS="4045" WIDTH="24"/>
            <String HPOS="6385" VPOS="4045" HEIGHT="25" WIDTH="39" ID="PAG_34_ST000240" WC="1" CONTENT="de" STYLEREFS="TXT_10"/>
            <SP ID="PAG_34_SP000205" HPOS="6424" VPOS="4055" WIDTH="21"/>
            <String HPOS="6445" VPOS="4055" HEIGHT="18" WIDTH="51" ID="PAG_34_ST000241" WC="1" CONTENT="vos" STYLEREFS="TXT_10"/>
            <SP ID="PAG_34_SP000206" HPOS="6496" VPOS="4045" WIDTH="24"/>
            <String HPOS="6520" VPOS="4045" HEIGHT="36" WIDTH="142" ID="PAG_34_ST000242" WC="1" CONTENT="cheveux." STYLEREFS="TXT_10"/>
            <SP ID="PAG_34_SP000207" HPOS="6662" VPOS="4053" WIDTH="23"/>
            <String HPOS="6685" VPOS="4053" HEIGHT="33" WIDTH="105" ID="PAG_34_ST000243" WC="0.7" CONTENT="Grâce" STYLEREFS="TXT_10"/>
            <SP ID="PAG_34_SP000208" HPOS="6790" VPOS="4061" WIDTH="23"/>
            <String HPOS="6813" VPOS="4061" HEIGHT="26" WIDTH="14" ID="PAG_34_ST000244" WC="0.5" CONTENT="à" STYLEREFS="TXT_10"/>
            <SP ID="PAG_34_SP000209" HPOS="6827" VPOS="4072" WIDTH="25"/>
            <String HPOS="6852" VPOS="4072" HEIGHT="15" WIDTH="49" ID="PAG_34_ST000245" WC="1" CONTENT="ces" STYLEREFS="TXT_10"/>
            <SP ID="PAG_34_SP000210" HPOS="6901" VPOS="4044" WIDTH="25"/>
            <String HPOS="6926" VPOS="4044" HEIGHT="43" WIDTH="206" ID="PAG_34_ST000246" WC="0.00" CONTENT="filature&quot;," STYLEREFS="TXT_10"/>
          </TextLine>
          <TextLine HPOS="6307" VPOS="4085" HEIGHT="57" WIDTH="826" ID="PAG_34_TL000037" STYLEREFS="TXT_10">
            <String HPOS="6307" VPOS="4093" HEIGHT="49" WIDTH="36" ID="PAG_34_ST000247" WC="0.89" CONTENT="vous" STYLEREFS="TXT_10"/>
            <SP ID="PAG_34_SP000211" HPOS="6343" VPOS="4093" WIDTH="1"/>
            <String HPOS="6343" VPOS="4093" HEIGHT="49" WIDTH="36" ID="PAG_34_ST000248" WC="0.89" CONTENT="qui" STYLEREFS="TXT_10"/>
            <SP ID="PAG_34_SP000212" HPOS="6379" VPOS="4085" WIDTH="49"/>
            <String HPOS="6428" VPOS="4085" HEIGHT="33" WIDTH="79" ID="PAG_34_ST000249" WC="0.92" CONTENT="ferez" STYLEREFS="TXT_10"/>
            <SP ID="PAG_34_SP000213" HPOS="6507" VPOS="4104" WIDTH="51"/>
            <String HPOS="6558" VPOS="4104" HEIGHT="18" WIDTH="35" ID="PAG_34_ST000250" WC="1" CONTENT="un" STYLEREFS="TXT_10"/>
            <SP ID="PAG_34_SP000214" HPOS="6593" VPOS="4104" WIDTH="52"/>
            <String HPOS="6645" VPOS="4104" HEIGHT="38" WIDTH="265" ID="PAG_34_ST000251" WC="1" CONTENT="raccommodage" STYLEREFS="TXT_10"/>
            <SP ID="PAG_34_SP000215" HPOS="6910" VPOS="4110" WIDTH="47"/>
            <String HPOS="6957" VPOS="4110" HEIGHT="32" WIDTH="97" ID="PAG_34_ST000252" WC="0.99" CONTENT="solide" STYLEREFS="TXT_10"/>
            <SP ID="PAG_34_SP000216" HPOS="7054" VPOS="4120" WIDTH="47"/>
            <String HPOS="7101" VPOS="4120" HEIGHT="22" WIDTH="32" ID="PAG_34_ST000253" WC="1" CONTENT="et" STYLEREFS="TXT_10"/>
          </TextLine>
          <TextLine HPOS="6308" VPOS="4141" HEIGHT="49" WIDTH="824" ID="PAG_34_TL000038" STYLEREFS="TXT_10">
            <String HPOS="6308" VPOS="4141" HEIGHT="22" WIDTH="49" ID="PAG_34_ST000254" WC="0.41" CONTENT="qui" STYLEREFS="TXT_10"/>
            <SP ID="PAG_34_SP000217" HPOS="6357" VPOS="4141" WIDTH="51"/>
            <String HPOS="6408" VPOS="4141" HEIGHT="21" WIDTH="65" ID="PAG_34_ST000255" WC="1" CONTENT="sera" STYLEREFS="TXT_10"/>
            <SP ID="PAG_34_SP000218" HPOS="6473" VPOS="4146" WIDTH="54"/>
            <String HPOS="6527" VPOS="4146" HEIGHT="29" WIDTH="133" ID="PAG_34_ST000256" WC="1" CONTENT="presque" STYLEREFS="TXT_10"/>
            <SP ID="PAG_34_SP000219" HPOS="6660" VPOS="4144" WIDTH="51"/>
            <String HPOS="6711" VPOS="4144" HEIGHT="34" WIDTH="136" ID="PAG_34_ST000257" WC="1" CONTENT="invisible" STYLEREFS="TXT_10"/>
            <SP ID="PAG_34_SP000220" HPOS="6847" VPOS="4153" WIDTH="49"/>
            <String HPOS="6896" VPOS="4153" HEIGHT="28" WIDTH="15" ID="PAG_34_ST000258" WC="1" CONTENT="à" STYLEREFS="TXT_10"/>
            <SP ID="PAG_34_SP000221" HPOS="6911" VPOS="4154" WIDTH="52"/>
            <String HPOS="6963" VPOS="4154" HEIGHT="31" WIDTH="73" ID="PAG_34_ST000259" WC="0.94" CONTENT="l'œil" STYLEREFS="TXT_10"/>
            <SP ID="PAG_34_SP000222" HPOS="7036" VPOS="4171" WIDTH="51"/>
            <String HPOS="7087" VPOS="4171" HEIGHT="19" WIDTH="45" ID="PAG_34_ST000260" WC="1" CONTENT="nu." STYLEREFS="TXT_10"/>
          </TextLine>
        </TextBlock>
      </PrintSpace>
    </Page>
  </Layout>
</alto>