<?xml version="1.0" encoding="UTF-8"?>
<alto xmlns="http://www.loc.gov/standards/alto/ns-v3#" xmlns:xsi="http://www.w3.org/2001/XMLSchema-instance" SCHEMAVERSION="alto_bnf-v2_0" xsi:schemaLocation="http://www.loc.gov/standards/alto/ns-v3# http://bibnum.bnf.fr/schema/alto_bnf-v2_0.xsd" xmlns:xlink="http://www.w3.org/TR/xlink">
  <Description>
    <MeasurementUnit>pixel</MeasurementUnit>
    <sourceImageInformation>
      <fileName>00000018.jp2</fileName>
      <fileIdentifier>ark:/12148/bpt6k47010350/f18</fileIdentifier>
      <documentIdentifier documentIdentifierLocation="NUM">4701035</documentIdentifier>
    </sourceImageInformation>
    <OCRProcessing ID="OCR_1">
      <ocrProcessingStep>
        <processingDateTime>2019-01-31</processingDateTime>
        <processingStepDescription>[001_OCR_BRUT]OCR BRUT 95.84 %</processingStepDescription>
        <processingStepDescription>[002_CHARS]{1816}</processingStepDescription>
        <processingStepDescription>[003_CHARS_USED]{74}</processingStepDescription>
        <processingStepDescription>[004_CHARS_SUSPECTS_USED]{0}</processingStepDescription>
        <processingStepDescription>[005_CHARS_UNUSED]{1742}</processingStepDescription>
        <processingStepDescription>[006_CHARS_SUSPECTS_UNUSED]{0}</processingStepDescription>
        <processingStepDescription>[007_STRINGS]{384}</processingStepDescription>
        <processingStepDescription>[008_STRINGS_USED]{15}</processingStepDescription>
        <processingStepDescription>[009_STRINGS_SUSPECTS_UNUSED]{0}</processingStepDescription>
        <processingStepDescription>[010_CHARS_LETTERS]{1676}</processingStepDescription>
        <processingStepDescription>[011_CHARS_PUNCTUATION]{127}</processingStepDescription>
        <processingStepDescription>[012_CHARS_DIGITS]{4}</processingStepDescription>
        <processingStepDescription>[013_CHARS_SUSPECT]{0}</processingStepDescription>
        <processingStepDescription>[022_CHARS_UNUSED_BY_BLOCK]{0}</processingStepDescription>
        <processingStepDescription>[023_BLOCKS_SUSPECTS]{0}</processingStepDescription>
        <processingStepDescription>[111_LIGS_DETECTED_CURV]{0}</processingStepDescription>
      </ocrProcessingStep>
    </OCRProcessing>
  </Description>
  <Styles>
    <TextStyle FONTSIZE="12" ID="TXT_4" FONTFAMILY="Times"/>
    <TextStyle FONTSIZE="8" ID="TXT_5" FONTFAMILY="Times"/>
    <TextStyle FONTSIZE="46" ID="TXT_28" FONTFAMILY="Times"/>
    <TextStyle FONTSIZE="78" ID="TXT_39" FONTFAMILY="Times"/>
    <TextStyle FONTSIZE="24" ID="TXT_44" FONTFAMILY="Times"/>
    <TextStyle FONTSIZE="32" ID="TXT_45" FONTFAMILY="Times"/>
  </Styles>
  <Tags>
    <StructureTag DESCRIPTION="SAVEZ-VOUS CE QU'EST LE YUMPH?" TYPE="Structural" ID="TAG_ST001" LABEL="title"/>
    <StructureTag DESCRIPTION="Avez-vous du YUMPH? UNE RÉVÉLATION PAR PIERRE BOST" TYPE="Structural" ID="TAG_ST002" LABEL="subtitle"/>
    <RoleTag ID="TAG_author" LABEL="author"/>
  </Tags>
  <Layout>
    <Page ID="PAG_18" HEIGHT="4983" WIDTH="3865" PHYSICAL_IMG_NR="18" QUALITY="OK" ACCURACY="99.24">
      <PrintSpace HPOS="191" VPOS="141" HEIGHT="4448" WIDTH="3535" ID="PAG_18_PrintSpace">
        <TextBlock HPOS="2592" VPOS="420" HEIGHT="104" WIDTH="824" ID="PAG_18_TB000001" TAGREFS="TAG_ST001" LANG="fr" STYLEREFS="TXT_44">
          <TextLine HPOS="2592" VPOS="420" HEIGHT="104" WIDTH="824" ID="PAG_18_TL000001" STYLEREFS="TXT_44">
            <String HPOS="2592" VPOS="420" HEIGHT="92" WIDTH="516" ID="PAG_18_ST000001" WC="1" CONTENT="SAVEZ-VOUS" STYLEREFS="TXT_44"/>
            <SP ID="PAG_18_SP000001" HPOS="3108" VPOS="424" WIDTH="64"/>
            <String HPOS="3172" VPOS="424" HEIGHT="88" WIDTH="88" ID="PAG_18_ST000002" WC="1" CONTENT="CE" STYLEREFS="TXT_44"/>
            <SP ID="PAG_18_SP000002" HPOS="3260" VPOS="424" WIDTH="64"/>
            <String HPOS="3324" VPOS="424" HEIGHT="100" WIDTH="92" ID="PAG_18_ST000003" WC="1" CONTENT="QU'EST" STYLEREFS="TXT_44"/>
          </TextLine>
        </TextBlock>
        <TextBlock HPOS="2756" VPOS="536" HEIGHT="132" WIDTH="684" ID="PAG_18_TB000002" TAGREFS="TAG_ST001" LANG="fr" STYLEREFS="TXT_45">
          <TextLine HPOS="2756" VPOS="536" HEIGHT="132" WIDTH="684" ID="PAG_18_TL000002" STYLEREFS="TXT_45">
            <String HPOS="2756" VPOS="536" HEIGHT="132" WIDTH="152" ID="PAG_18_ST000004" WC="1" CONTENT="LE" STYLEREFS="TXT_45"/>
            <SP ID="PAG_18_SP000003" HPOS="2908" VPOS="536" WIDTH="56"/>
            <String HPOS="2964" VPOS="536" HEIGHT="132" WIDTH="476" ID="PAG_18_ST000005" WC="1" CONTENT="YUMPH?" STYLEREFS="TXT_45"/>
          </TextLine>
        </TextBlock>
        <TextBlock HPOS="2548" VPOS="1032" HEIGHT="268" WIDTH="1088" ID="PAG_18_TB000003" TAGREFS="TAG_ST002" LANG="fr" STYLEREFS="TXT_28">
          <TextLine HPOS="2548" VPOS="1032" HEIGHT="268" WIDTH="1088" ID="PAG_18_TL000003" STYLEREFS="TXT_28">
            <String HPOS="2548" VPOS="1032" HEIGHT="268" WIDTH="1088" ID="PAG_18_ST000006" WC="1" CONTENT="Avez-vous" STYLEREFS="TXT_28"/>
          </TextLine>
        </TextBlock>
        <TextBlock HPOS="2936" VPOS="1352" HEIGHT="256" WIDTH="292" ID="PAG_18_TB000004" TAGREFS="TAG_ST002" LANG="fr" STYLEREFS="TXT_28">
          <TextLine HPOS="2936" VPOS="1352" HEIGHT="256" WIDTH="292" ID="PAG_18_TL000004" STYLEREFS="TXT_28">
            <String HPOS="2936" VPOS="1352" HEIGHT="256" WIDTH="292" ID="PAG_18_ST000007" WC="1" CONTENT="du" STYLEREFS="TXT_28"/>
          </TextLine>
        </TextBlock>
        <TextBlock HPOS="2548" VPOS="1632" HEIGHT="296" WIDTH="1068" ID="PAG_18_TB000005" TAGREFS="TAG_ST002" LANG="fr" STYLEREFS="TXT_39">
          <TextLine HPOS="2548" VPOS="1632" HEIGHT="296" WIDTH="1068" ID="PAG_18_TL000005" STYLEREFS="TXT_39">
            <String HPOS="2548" VPOS="1632" HEIGHT="296" WIDTH="1068" ID="PAG_18_ST000008" WC="1" CONTENT="YUMPH?" STYLEREFS="TXT_39"/>
          </TextLine>
        </TextBlock>
        <TextBlock HPOS="886" VPOS="3950" HEIGHT="50" WIDTH="604" ID="PAG_18_TB000006" TAGREFS="TAG_ST002" LANG="fr" STYLEREFS="TXT_5">
          <TextLine HPOS="886" VPOS="3950" HEIGHT="50" WIDTH="604" ID="PAG_18_TL000006" STYLEREFS="TXT_5">
            <String HPOS="886" VPOS="3955" HEIGHT="42" WIDTH="132" ID="PAG_18_ST000009" WC="1" CONTENT="UNE" STYLEREFS="TXT_5"/>
            <SP ID="PAG_18_SP000004" HPOS="1018" VPOS="3950" WIDTH="66"/>
            <String HPOS="1084" VPOS="3950" HEIGHT="50" WIDTH="406" ID="PAG_18_ST000010" WC="0.97" CONTENT="RÉVÉLATION" STYLEREFS="TXT_5"/>
          </TextLine>
        </TextBlock>
        <TextBlock HPOS="1149" VPOS="4044" HEIGHT="35" WIDTH="81" ID="PAG_18_TB000007" TAGREFS="TAG_ST002" LANG="fr" STYLEREFS="TXT_5">
          <TextLine HPOS="1149" VPOS="4044" HEIGHT="35" WIDTH="81" ID="PAG_18_TL000007" STYLEREFS="TXT_5">
            <String HPOS="1149" VPOS="4044" HEIGHT="35" WIDTH="81" ID="PAG_18_ST000011" WC="1" CONTENT="PAR" STYLEREFS="TXT_5"/>
          </TextLine>
        </TextBlock>
        <TextBlock HPOS="884" VPOS="4132" HEIGHT="50" WIDTH="609" ID="PAG_18_TB000008" TAGREFS="TAG_ST002 TAG_author" LANG="fr" STYLEREFS="TXT_4">
          <TextLine HPOS="884" VPOS="4132" HEIGHT="50" WIDTH="609" ID="PAG_18_TL000008" STYLEREFS="TXT_4">
            <String HPOS="884" VPOS="4132" HEIGHT="47" WIDTH="299" ID="PAG_18_ST000012" WC="1" CONTENT="PIERRE" STYLEREFS="TXT_4"/>
            <SP ID="PAG_18_SP000005" HPOS="1183" VPOS="4134" WIDTH="91"/>
            <String HPOS="1274" VPOS="4134" HEIGHT="48" WIDTH="219" ID="PAG_18_ST000013" WC="1" CONTENT="BOST" STYLEREFS="TXT_4"/>
          </TextLine>
        </TextBlock>
        <Illustration ID="PAG_18_IL000001" HPOS="191" VPOS="141" HEIGHT="3453" WIDTH="2114"/>
        <Illustration ID="PAG_18_IL000002" HPOS="1826" VPOS="3645" HEIGHT="863" WIDTH="489"/>
        <TextBlock HPOS="2352" VPOS="2376" HEIGHT="115" WIDTH="1253" ID="PAG_18_TB000009" LANG="fr" STYLEREFS="TXT_5">
          <TextLine HPOS="2352" VPOS="2376" HEIGHT="64" WIDTH="1252" ID="PAG_18_TL000009" STYLEREFS="TXT_5">
            <String HPOS="2352" VPOS="2376" HEIGHT="50" WIDTH="55" ID="PAG_18_ST000014" WC="1" CONTENT="A" STYLEREFS="TXT_4"/>
            <SP ID="PAG_18_SP000006" HPOS="2407" VPOS="2393" WIDTH="27"/>
            <String HPOS="2434" VPOS="2393" HEIGHT="44" WIDTH="110" ID="PAG_18_ST000015" WC="1" CONTENT="peine" STYLEREFS="TXT_5"/>
            <SP ID="PAG_18_SP000007" HPOS="2544" VPOS="2393" WIDTH="30"/>
            <String HPOS="2574" VPOS="2393" HEIGHT="46" WIDTH="167" ID="PAG_18_ST000016" WC="1" CONTENT="avais-je" STYLEREFS="TXT_5"/>
            <SP ID="PAG_18_SP000008" HPOS="2741" VPOS="2393" WIDTH="33"/>
            <String HPOS="2774" VPOS="2393" HEIGHT="37" WIDTH="153" ID="PAG_18_ST000017" WC="1" CONTENT="franchi" STYLEREFS="TXT_5"/>
            <SP ID="PAG_18_SP000009" HPOS="2927" VPOS="2394" WIDTH="31"/>
            <String HPOS="2958" VPOS="2394" HEIGHT="36" WIDTH="36" ID="PAG_18_ST000018" WC="0.93" CONTENT="la" STYLEREFS="TXT_5"/>
            <SP ID="PAG_18_SP000010" HPOS="2994" VPOS="2400" WIDTH="29"/>
            <String HPOS="3023" VPOS="2400" HEIGHT="39" WIDTH="108" ID="PAG_18_ST000019" WC="1" CONTENT="porte" STYLEREFS="TXT_5"/>
            <SP ID="PAG_18_SP000011" HPOS="3131" VPOS="2406" WIDTH="31"/>
            <String HPOS="3162" VPOS="2406" HEIGHT="34" WIDTH="70" ID="PAG_18_ST000020" WC="1" CONTENT="que" STYLEREFS="TXT_5"/>
            <SP ID="PAG_18_SP000012" HPOS="3232" VPOS="2395" WIDTH="31"/>
            <String HPOS="3263" VPOS="2395" HEIGHT="37" WIDTH="36" ID="PAG_18_ST000021" WC="1" CONTENT="la" STYLEREFS="TXT_5"/>
            <SP ID="PAG_18_SP000013" HPOS="3299" VPOS="2395" WIDTH="29"/>
            <String HPOS="3328" VPOS="2395" HEIGHT="38" WIDTH="200" ID="PAG_18_ST000022" WC="0.99" CONTENT="maîtresse" STYLEREFS="TXT_5"/>
            <SP ID="PAG_18_SP000014" HPOS="3528" VPOS="2397" WIDTH="29"/>
            <String HPOS="3557" VPOS="2397" HEIGHT="36" WIDTH="47" ID="PAG_18_ST000023" WC="1" CONTENT="de" STYLEREFS="TXT_5"/>
          </TextLine>
          <TextLine HPOS="2353" VPOS="2444" HEIGHT="47" WIDTH="1252" ID="PAG_18_TL000010" STYLEREFS="TXT_5">
            <String HPOS="2353" VPOS="2444" HEIGHT="43" WIDTH="159" ID="PAG_18_ST000024" WC="1" CONTENT="maison," STYLEREFS="TXT_5"/>
            <SP ID="PAG_18_SP000015" HPOS="2512" VPOS="2444" WIDTH="40"/>
            <String HPOS="2552" VPOS="2444" HEIGHT="37" WIDTH="104" ID="PAG_18_ST000025" WC="1" CONTENT="Mme" STYLEREFS="TXT_5"/>
            <SP ID="PAG_18_SP000016" HPOS="2656" VPOS="2445" WIDTH="37"/>
            <String HPOS="2693" VPOS="2445" HEIGHT="36" WIDTH="46" ID="PAG_18_ST000026" WC="1" CONTENT="de" STYLEREFS="TXT_5"/>
            <SP ID="PAG_18_SP000017" HPOS="2739" VPOS="2445" WIDTH="38"/>
            <String HPOS="2777" VPOS="2445" HEIGHT="44" WIDTH="84" ID="PAG_18_ST000027" WC="1" CONTENT="N...," STYLEREFS="TXT_5"/>
            <SP ID="PAG_18_SP000018" HPOS="2861" VPOS="2458" WIDTH="38"/>
            <String HPOS="2899" VPOS="2458" HEIGHT="24" WIDTH="40" ID="PAG_18_ST000028" WC="1" CONTENT="se" STYLEREFS="TXT_5"/>
            <SP ID="PAG_18_SP000019" HPOS="2939" VPOS="2446" WIDTH="38"/>
            <String HPOS="2977" VPOS="2446" HEIGHT="45" WIDTH="217" ID="PAG_18_ST000029" WC="1" CONTENT="précipitait" STYLEREFS="TXT_5"/>
            <SP ID="PAG_18_SP000020" HPOS="3194" VPOS="2445" WIDTH="38"/>
            <String HPOS="3232" VPOS="2445" HEIGHT="37" WIDTH="22" ID="PAG_18_ST000030" WC="1" CONTENT="à" STYLEREFS="TXT_5"/>
            <SP ID="PAG_18_SP000021" HPOS="3254" VPOS="2459" WIDTH="37"/>
            <String HPOS="3291" VPOS="2459" HEIGHT="24" WIDTH="63" ID="PAG_18_ST000031" WC="1" CONTENT="ma" STYLEREFS="TXT_5"/>
            <SP ID="PAG_18_SP000022" HPOS="3354" VPOS="2457" WIDTH="38"/>
            <String HPOS="3392" VPOS="2457" HEIGHT="27" WIDTH="213" ID="PAG_18_ST000032" WC="1" CONTENT="rencontre." STYLEREFS="TXT_5"/>
          </TextLine>
        </TextBlock>
        <TextBlock HPOS="2354" VPOS="2495" HEIGHT="254" WIDTH="1281" ID="PAG_18_TB000010" LANG="fr" STYLEREFS="TXT_5">
          <TextLine HPOS="2355" VPOS="2495" HEIGHT="48" WIDTH="1251" ID="PAG_18_TL000011" STYLEREFS="TXT_5">
            <String HPOS="2355" VPOS="2495" HEIGHT="36" WIDTH="82" ID="PAG_18_ST000033" WC="1" CONTENT="Elle" STYLEREFS="TXT_5"/>
            <SP ID="PAG_18_SP000023" HPOS="2437" VPOS="2496" WIDTH="27"/>
            <String HPOS="2464" VPOS="2496" HEIGHT="37" WIDTH="242" ID="PAG_18_ST000034" WC="1" CONTENT="m'accueillit" STYLEREFS="TXT_5"/>
            <SP ID="PAG_18_SP000024" HPOS="2706" VPOS="2508" WIDTH="26"/>
            <String HPOS="2732" VPOS="2508" HEIGHT="25" WIDTH="146" ID="PAG_18_ST000035" WC="1" CONTENT="comme" STYLEREFS="TXT_5"/>
            <SP ID="PAG_18_SP000025" HPOS="2878" VPOS="2497" WIDTH="26"/>
            <String HPOS="2904" VPOS="2497" HEIGHT="44" WIDTH="43" ID="PAG_18_ST000036" WC="1" CONTENT="si," STYLEREFS="TXT_5"/>
            <SP ID="PAG_18_SP000026" HPOS="2947" VPOS="2497" WIDTH="26"/>
            <String HPOS="2973" VPOS="2497" HEIGHT="44" WIDTH="202" ID="PAG_18_ST000037" WC="1" CONTENT="vraiment," STYLEREFS="TXT_5"/>
            <SP ID="PAG_18_SP000027" HPOS="3175" VPOS="2499" WIDTH="27"/>
            <String HPOS="3202" VPOS="2499" HEIGHT="44" WIDTH="133" ID="PAG_18_ST000038" WC="1" CONTENT="depuis" STYLEREFS="TXT_5"/>
            <SP ID="PAG_18_SP000028" HPOS="3335" VPOS="2499" WIDTH="27"/>
            <String HPOS="3362" VPOS="2499" HEIGHT="37" WIDTH="32" ID="PAG_18_ST000039" WC="1" CONTENT="le" STYLEREFS="TXT_5"/>
            <SP ID="PAG_18_SP000029" HPOS="3394" VPOS="2499" WIDTH="27"/>
            <String HPOS="3421" VPOS="2499" HEIGHT="37" WIDTH="114" ID="PAG_18_ST000040" WC="1" CONTENT="début" STYLEREFS="TXT_5"/>
            <SP ID="PAG_18_SP000030" HPOS="3535" VPOS="2501" WIDTH="26"/>
            <String HPOS="3561" VPOS="2501" HEIGHT="35" WIDTH="45" ID="PAG_18_ST000041" WC="1" CONTENT="de" STYLEREFS="TXT_5"/>
          </TextLine>
          <TextLine HPOS="2355" VPOS="2547" HEIGHT="47" WIDTH="1280" ID="PAG_18_TL000012" STYLEREFS="TXT_5">
            <String HPOS="2355" VPOS="2547" HEIGHT="35" WIDTH="35" ID="PAG_18_ST000042" WC="1" CONTENT="la" STYLEREFS="TXT_5"/>
            <SP ID="PAG_18_SP000031" HPOS="2390" VPOS="2547" WIDTH="23"/>
            <String HPOS="2413" VPOS="2547" HEIGHT="43" WIDTH="135" ID="PAG_18_ST000043" WC="1" CONTENT="soirée," STYLEREFS="TXT_5"/>
            <SP ID="PAG_18_SP000032" HPOS="2548" VPOS="2548" WIDTH="25"/>
            <String HPOS="2573" VPOS="2548" HEIGHT="36" WIDTH="69" ID="PAG_18_ST000044" WC="1" CONTENT="elle" STYLEREFS="TXT_5"/>
            <SP ID="PAG_18_SP000033" HPOS="2642" VPOS="2548" WIDTH="24"/>
            <String HPOS="2666" VPOS="2548" HEIGHT="37" WIDTH="227" ID="PAG_18_ST000045" WC="1" CONTENT="n'attendait" STYLEREFS="TXT_5"/>
            <SP ID="PAG_18_SP000034" HPOS="2893" VPOS="2561" WIDTH="22"/>
            <String HPOS="2915" VPOS="2561" HEIGHT="33" WIDTH="71" ID="PAG_18_ST000046" WC="1" CONTENT="que" STYLEREFS="TXT_5"/>
            <SP ID="PAG_18_SP000035" HPOS="2986" VPOS="2549" WIDTH="24"/>
            <String HPOS="3010" VPOS="2549" HEIGHT="37" WIDTH="111" ID="PAG_18_ST000047" WC="1" CONTENT="moi..." STYLEREFS="TXT_5"/>
            <SP ID="PAG_18_SP000036" HPOS="3121" VPOS="2550" WIDTH="26"/>
            <String HPOS="3147" VPOS="2550" HEIGHT="43" WIDTH="60" ID="PAG_18_ST000048" WC="1" CONTENT="Et," STYLEREFS="TXT_5"/>
            <SP ID="PAG_18_SP000037" HPOS="3207" VPOS="2562" WIDTH="24"/>
            <String HPOS="3231" VPOS="2562" HEIGHT="25" WIDTH="48" ID="PAG_18_ST000049" WC="1" CONTENT="au" STYLEREFS="TXT_5"/>
            <SP ID="PAG_18_SP000038" HPOS="3279" VPOS="2550" WIDTH="23"/>
            <String HPOS="3302" VPOS="2550" HEIGHT="37" WIDTH="90" ID="PAG_18_ST000050" WC="1" CONTENT="bout" STYLEREFS="TXT_5"/>
            <SP ID="PAG_18_SP000039" HPOS="3392" VPOS="2551" WIDTH="24"/>
            <String HPOS="3416" VPOS="2551" HEIGHT="36" WIDTH="88" ID="PAG_18_ST000051" WC="1" CONTENT="d'un" STYLEREFS="TXT_5"/>
            <SP ID="PAG_18_SP000040" HPOS="3504" VPOS="2563" WIDTH="23"/>
            <String HPOS="3527" VPOS="2563" HEIGHT="25" WIDTH="78" ID="PAG_18_ST000052" WC="1" CONTENT="mo-" SUBS_TYPE="HypPart1" SUBS_CONTENT="moment," STYLEREFS="TXT_5"/>
            <HYP HPOS="3605" VPOS="2588" WIDTH="30" CONTENT="-"/>
          </TextLine>
          <TextLine HPOS="2354" VPOS="2599" HEIGHT="45" WIDTH="1252" ID="PAG_18_TL000013" STYLEREFS="TXT_5">
            <String HPOS="2354" VPOS="2605" HEIGHT="35" WIDTH="114" ID="PAG_18_ST000053" WC="1" CONTENT="ment," SUBS_TYPE="HypPart2" SUBS_CONTENT="moment," STYLEREFS="TXT_5"/>
            <SP ID="PAG_18_SP000041" HPOS="2468" VPOS="2599" WIDTH="23"/>
            <String HPOS="2491" VPOS="2599" HEIGHT="36" WIDTH="69" ID="PAG_18_ST000054" WC="1" CONTENT="elle" STYLEREFS="TXT_5"/>
            <SP ID="PAG_18_SP000042" HPOS="2560" VPOS="2610" WIDTH="23"/>
            <String HPOS="2583" VPOS="2610" HEIGHT="25" WIDTH="58" ID="PAG_18_ST000055" WC="1" CONTENT="me" STYLEREFS="TXT_5"/>
            <SP ID="PAG_18_SP000043" HPOS="2641" VPOS="2599" WIDTH="23"/>
            <String HPOS="2664" VPOS="2599" HEIGHT="43" WIDTH="65" ID="PAG_18_ST000056" WC="1" CONTENT="dit," STYLEREFS="TXT_5"/>
            <SP ID="PAG_18_SP000044" HPOS="2729" VPOS="2606" WIDTH="24"/>
            <String HPOS="2753" VPOS="2606" HEIGHT="30" WIDTH="104" ID="PAG_18_ST000057" WC="1" CONTENT="toute" STYLEREFS="TXT_5"/>
            <SP ID="PAG_18_SP000045" HPOS="2857" VPOS="2600" WIDTH="23"/>
            <String HPOS="2880" VPOS="2600" HEIGHT="44" WIDTH="207" ID="PAG_18_ST000058" WC="1" CONTENT="souriante," STYLEREFS="TXT_5"/>
            <SP ID="PAG_18_SP000046" HPOS="3087" VPOS="2613" WIDTH="23"/>
            <String HPOS="3110" VPOS="2613" HEIGHT="25" WIDTH="93" ID="PAG_18_ST000059" WC="1" CONTENT="avec" STYLEREFS="TXT_5"/>
            <SP ID="PAG_18_SP000047" HPOS="3203" VPOS="2607" WIDTH="22"/>
            <String HPOS="3225" VPOS="2607" HEIGHT="31" WIDTH="97" ID="PAG_18_ST000060" WC="1" CONTENT="cette" STYLEREFS="TXT_5"/>
            <SP ID="PAG_18_SP000048" HPOS="3322" VPOS="2601" WIDTH="23"/>
            <String HPOS="3345" VPOS="2601" HEIGHT="38" WIDTH="261" ID="PAG_18_ST000061" WC="1" CONTENT="désinvolture" STYLEREFS="TXT_5"/>
          </TextLine>
          <TextLine HPOS="2354" VPOS="2648" HEIGHT="51" WIDTH="1252" ID="PAG_18_TL000014" STYLEREFS="TXT_5">
            <String HPOS="2354" VPOS="2648" HEIGHT="38" WIDTH="236" ID="PAG_18_ST000062" WC="1" CONTENT="affectueuse" STYLEREFS="TXT_5"/>
            <SP ID="PAG_18_SP000049" HPOS="2590" VPOS="2657" WIDTH="29"/>
            <String HPOS="2619" VPOS="2657" HEIGHT="30" WIDTH="37" ID="PAG_18_ST000063" WC="1" CONTENT="et" STYLEREFS="TXT_5"/>
            <SP ID="PAG_18_SP000050" HPOS="2656" VPOS="2657" WIDTH="28"/>
            <String HPOS="2684" VPOS="2657" HEIGHT="30" WIDTH="97" ID="PAG_18_ST000064" WC="1" CONTENT="cette" STYLEREFS="TXT_5"/>
            <SP ID="PAG_18_SP000051" HPOS="2781" VPOS="2651" WIDTH="30"/>
            <String HPOS="2811" VPOS="2651" HEIGHT="37" WIDTH="123" ID="PAG_18_ST000065" WC="1" CONTENT="bonne" STYLEREFS="TXT_5"/>
            <SP ID="PAG_18_SP000052" HPOS="2934" VPOS="2651" WIDTH="29"/>
            <String HPOS="2963" VPOS="2651" HEIGHT="47" WIDTH="115" ID="PAG_18_ST000066" WC="1" CONTENT="grâce" STYLEREFS="TXT_5"/>
            <SP ID="PAG_18_SP000053" HPOS="3078" VPOS="2652" WIDTH="30"/>
            <String HPOS="3108" VPOS="2652" HEIGHT="47" WIDTH="214" ID="PAG_18_ST000067" WC="1" CONTENT="distinguée" STYLEREFS="TXT_5"/>
            <SP ID="PAG_18_SP000054" HPOS="3322" VPOS="2653" WIDTH="29"/>
            <String HPOS="3351" VPOS="2653" HEIGHT="46" WIDTH="64" ID="PAG_18_ST000068" WC="1" CONTENT="qui" STYLEREFS="TXT_5"/>
            <SP ID="PAG_18_SP000055" HPOS="3415" VPOS="2664" WIDTH="28"/>
            <String HPOS="3443" VPOS="2664" HEIGHT="26" WIDTH="47" ID="PAG_18_ST000069" WC="1" CONTENT="ne" STYLEREFS="TXT_5"/>
            <SP ID="PAG_18_SP000056" HPOS="3490" VPOS="2663" WIDTH="31"/>
            <String HPOS="3521" VPOS="2663" HEIGHT="27" WIDTH="85" ID="PAG_18_ST000070" WC="1" CONTENT="sont" STYLEREFS="TXT_5"/>
          </TextLine>
          <TextLine HPOS="2354" VPOS="2700" HEIGHT="49" WIDTH="1251" ID="PAG_18_TL000015" STYLEREFS="TXT_5">
            <String HPOS="2354" VPOS="2700" HEIGHT="45" WIDTH="86" ID="PAG_18_ST000071" WC="1" CONTENT="qu'à" STYLEREFS="TXT_5"/>
            <SP ID="PAG_18_SP000057" HPOS="2440" VPOS="2701" WIDTH="25"/>
            <String HPOS="2465" VPOS="2701" HEIGHT="37" WIDTH="70" ID="PAG_18_ST000072" WC="1" CONTENT="elle" STYLEREFS="TXT_5"/>
            <SP ID="PAG_18_SP000058" HPOS="2535" VPOS="2703" WIDTH="26"/>
            <String HPOS="2561" VPOS="2703" HEIGHT="43" WIDTH="54" ID="PAG_18_ST000073" WC="1" CONTENT="(et" STYLEREFS="TXT_5"/>
            <SP ID="PAG_18_SP000059" HPOS="2615" VPOS="2702" WIDTH="25"/>
            <String HPOS="2640" VPOS="2702" HEIGHT="35" WIDTH="22" ID="PAG_18_ST000074" WC="1" CONTENT="à" STYLEREFS="TXT_5"/>
            <SP ID="PAG_18_SP000060" HPOS="2662" VPOS="2709" WIDTH="26"/>
            <String HPOS="2688" VPOS="2709" HEIGHT="30" WIDTH="124" ID="PAG_18_ST000075" WC="1" CONTENT="toutes" STYLEREFS="TXT_5"/>
            <SP ID="PAG_18_SP000061" HPOS="2812" VPOS="2703" WIDTH="27"/>
            <String HPOS="2839" VPOS="2703" HEIGHT="37" WIDTH="52" ID="PAG_18_ST000076" WC="1" CONTENT="les" STYLEREFS="TXT_5"/>
            <SP ID="PAG_18_SP000062" HPOS="2891" VPOS="2711" WIDTH="27"/>
            <String HPOS="2918" VPOS="2711" HEIGHT="29" WIDTH="130" ID="PAG_18_ST000077" WC="1" CONTENT="autres" STYLEREFS="TXT_5"/>
            <SP ID="PAG_18_SP000063" HPOS="3048" VPOS="2704" WIDTH="26"/>
            <String HPOS="3074" VPOS="2704" HEIGHT="36" WIDTH="219" ID="PAG_18_ST000078" WC="1" CONTENT="maîtresses" STYLEREFS="TXT_5"/>
            <SP ID="PAG_18_SP000064" HPOS="3293" VPOS="2706" WIDTH="27"/>
            <String HPOS="3320" VPOS="2706" HEIGHT="35" WIDTH="45" ID="PAG_18_ST000079" WC="1" CONTENT="de" STYLEREFS="TXT_5"/>
            <SP ID="PAG_18_SP000065" HPOS="3365" VPOS="2705" WIDTH="26"/>
            <String HPOS="3391" VPOS="2705" HEIGHT="44" WIDTH="166" ID="PAG_18_ST000080" WC="1" CONTENT="maison)" STYLEREFS="TXT_5"/>
            <SP ID="PAG_18_SP000066" HPOS="3557" VPOS="2717" WIDTH="40"/>
            <String HPOS="3597" VPOS="2717" HEIGHT="24" WIDTH="8" ID="PAG_18_ST000081" WC="1" CONTENT=":" STYLEREFS="TXT_5"/>
          </TextLine>
        </TextBlock>
        <TextBlock HPOS="2354" VPOS="2753" HEIGHT="96" WIDTH="1248" ID="PAG_18_TB000011" LANG="fr" STYLEREFS="TXT_5">
          <TextLine HPOS="2397" VPOS="2753" HEIGHT="49" WIDTH="1205" ID="PAG_18_TL000016" STYLEREFS="TXT_5">
            <String HPOS="2397" VPOS="2773" HEIGHT="5" WIDTH="48" ID="PAG_18_ST000082" WC="0.88" CONTENT="—" STYLEREFS="TXT_5"/>
            <SP ID="PAG_18_SP000067" HPOS="2445" VPOS="2753" WIDTH="27"/>
            <String HPOS="2472" VPOS="2753" HEIGHT="45" WIDTH="283" ID="PAG_18_ST000083" WC="1" CONTENT="Excusez-moi," STYLEREFS="TXT_5"/>
            <SP ID="PAG_18_SP000068" HPOS="2755" VPOS="2754" WIDTH="29"/>
            <String HPOS="2784" VPOS="2754" HEIGHT="45" WIDTH="39" ID="PAG_18_ST000084" WC="1" CONTENT="je" STYLEREFS="TXT_5"/>
            <SP ID="PAG_18_SP000069" HPOS="2823" VPOS="2766" WIDTH="29"/>
            <String HPOS="2852" VPOS="2766" HEIGHT="25" WIDTH="59" ID="PAG_18_ST000085" WC="1" CONTENT="me" STYLEREFS="TXT_5"/>
            <SP ID="PAG_18_SP000070" HPOS="2911" VPOS="2766" WIDTH="29"/>
            <String HPOS="2940" VPOS="2766" HEIGHT="25" WIDTH="129" ID="PAG_18_ST000086" WC="1" CONTENT="sauve." STYLEREFS="TXT_5"/>
            <SP ID="PAG_18_SP000071" HPOS="3069" VPOS="2755" WIDTH="31"/>
            <String HPOS="3100" VPOS="2755" HEIGHT="36" WIDTH="30" ID="PAG_18_ST000087" WC="1" CONTENT="Il" STYLEREFS="TXT_5"/>
            <SP ID="PAG_18_SP000072" HPOS="3130" VPOS="2755" WIDTH="32"/>
            <String HPOS="3162" VPOS="2755" HEIGHT="37" WIDTH="84" ID="PAG_18_ST000088" WC="1" CONTENT="faut" STYLEREFS="TXT_5"/>
            <SP ID="PAG_18_SP000073" HPOS="3246" VPOS="2768" WIDTH="28"/>
            <String HPOS="3274" VPOS="2768" HEIGHT="33" WIDTH="71" ID="PAG_18_ST000089" WC="1" CONTENT="que" STYLEREFS="TXT_5"/>
            <SP ID="PAG_18_SP000074" HPOS="3345" VPOS="2756" WIDTH="28"/>
            <String HPOS="3373" VPOS="2756" HEIGHT="46" WIDTH="119" ID="PAG_18_ST000090" WC="1" CONTENT="j'aille" STYLEREFS="TXT_5"/>
            <SP ID="PAG_18_SP000075" HPOS="3492" VPOS="2756" WIDTH="29"/>
            <String HPOS="3521" VPOS="2756" HEIGHT="37" WIDTH="81" ID="PAG_18_ST000091" WC="1" CONTENT="dire" STYLEREFS="TXT_5"/>
          </TextLine>
          <TextLine HPOS="2354" VPOS="2803" HEIGHT="46" WIDTH="479" ID="PAG_18_TL000017" STYLEREFS="TXT_5">
            <String HPOS="2354" VPOS="2803" HEIGHT="46" WIDTH="166" ID="PAG_18_ST000092" WC="1" CONTENT="bonjour" STYLEREFS="TXT_5"/>
            <SP ID="PAG_18_SP000076" HPOS="2520" VPOS="2804" WIDTH="27"/>
            <String HPOS="2547" VPOS="2804" HEIGHT="36" WIDTH="22" ID="PAG_18_ST000093" WC="1" CONTENT="à" STYLEREFS="TXT_5"/>
            <SP ID="PAG_18_SP000077" HPOS="2569" VPOS="2805" WIDTH="29"/>
            <String HPOS="2598" VPOS="2805" HEIGHT="37" WIDTH="235" ID="PAG_18_ST000094" WC="1" CONTENT="Monsieur..." STYLEREFS="TXT_5"/>
          </TextLine>
        </TextBlock>
        <TextBlock HPOS="2355" VPOS="2855" HEIGHT="149" WIDTH="1278" ID="PAG_18_TB000012" LANG="fr" STYLEREFS="TXT_5">
          <TextLine HPOS="2403" VPOS="2855" HEIGHT="47" WIDTH="1230" ID="PAG_18_TL000018" STYLEREFS="TXT_5">
            <String HPOS="2403" VPOS="2855" HEIGHT="36" WIDTH="48" ID="PAG_18_ST000095" WC="1" CONTENT="Et" STYLEREFS="TXT_5"/>
            <SP ID="PAG_18_SP000078" HPOS="2451" VPOS="2856" WIDTH="23"/>
            <String HPOS="2474" VPOS="2856" HEIGHT="36" WIDTH="69" ID="PAG_18_ST000096" WC="1" CONTENT="elle" STYLEREFS="TXT_5"/>
            <SP ID="PAG_18_SP000079" HPOS="2543" VPOS="2856" WIDTH="23"/>
            <String HPOS="2566" VPOS="2856" HEIGHT="37" WIDTH="169" ID="PAG_18_ST000097" WC="1" CONTENT="s'envola" STYLEREFS="TXT_5"/>
            <SP ID="PAG_18_SP000080" HPOS="2735" VPOS="2857" WIDTH="20"/>
            <String HPOS="2755" VPOS="2857" HEIGHT="45" WIDTH="152" ID="PAG_18_ST000098" WC="1" CONTENT="jusqu'à" STYLEREFS="TXT_5"/>
            <SP ID="PAG_18_SP000081" HPOS="2907" VPOS="2870" WIDTH="21"/>
            <String HPOS="2928" VPOS="2870" HEIGHT="25" WIDTH="50" ID="PAG_18_ST000099" WC="1" CONTENT="un" STYLEREFS="TXT_5"/>
            <SP ID="PAG_18_SP000082" HPOS="2978" VPOS="2860" WIDTH="23"/>
            <String HPOS="3001" VPOS="2860" HEIGHT="35" WIDTH="138" ID="PAG_18_ST000100" WC="1" CONTENT="nouvel" STYLEREFS="TXT_5"/>
            <SP ID="PAG_18_SP000083" HPOS="3139" VPOS="2860" WIDTH="23"/>
            <String HPOS="3162" VPOS="2860" HEIGHT="36" WIDTH="174" ID="PAG_18_ST000101" WC="1" CONTENT="arrivant" STYLEREFS="TXT_5"/>
            <SP ID="PAG_18_SP000084" HPOS="3336" VPOS="2867" WIDTH="22"/>
            <String HPOS="3358" VPOS="2867" HEIGHT="29" WIDTH="36" ID="PAG_18_ST000102" WC="1" CONTENT="et" STYLEREFS="TXT_5"/>
            <SP ID="PAG_18_SP000085" HPOS="3394" VPOS="2860" WIDTH="22"/>
            <String HPOS="3416" VPOS="2860" HEIGHT="36" WIDTH="187" ID="PAG_18_ST000103" WC="1" CONTENT="l'accueil-" SUBS_TYPE="HypPart1" SUBS_CONTENT="l'accueillit" STYLEREFS="TXT_5"/>
            <HYP HPOS="3603" VPOS="2896" WIDTH="30" CONTENT="-"/>
          </TextLine>
          <TextLine HPOS="2355" VPOS="2906" HEIGHT="49" WIDTH="1278" ID="PAG_18_TL000019" STYLEREFS="TXT_5">
            <String HPOS="2355" VPOS="2906" HEIGHT="36" WIDTH="41" ID="PAG_18_ST000104" WC="1" CONTENT="lit" SUBS_TYPE="HypPart2" SUBS_CONTENT="l'accueillit" STYLEREFS="TXT_5"/>
            <SP ID="PAG_18_SP000086" HPOS="2396" VPOS="2918" WIDTH="32"/>
            <String HPOS="2428" VPOS="2918" HEIGHT="25" WIDTH="94" ID="PAG_18_ST000105" WC="1" CONTENT="avec" STYLEREFS="TXT_5"/>
            <SP ID="PAG_18_SP000087" HPOS="2522" VPOS="2914" WIDTH="31"/>
            <String HPOS="2553" VPOS="2914" HEIGHT="30" WIDTH="81" ID="PAG_18_ST000106" WC="1" CONTENT="tant" STYLEREFS="TXT_5"/>
            <SP ID="PAG_18_SP000088" HPOS="2634" VPOS="2908" WIDTH="32"/>
            <String HPOS="2666" VPOS="2908" HEIGHT="36" WIDTH="45" ID="PAG_18_ST000107" WC="1" CONTENT="de" STYLEREFS="TXT_5"/>
            <SP ID="PAG_18_SP000089" HPOS="2711" VPOS="2909" WIDTH="32"/>
            <String HPOS="2743" VPOS="2909" HEIGHT="46" WIDTH="220" ID="PAG_18_ST000108" WC="1" CONTENT="gentillesse" STYLEREFS="TXT_5"/>
            <SP ID="PAG_18_SP000090" HPOS="2963" VPOS="2910" WIDTH="32"/>
            <String HPOS="2995" VPOS="2910" HEIGHT="45" WIDTH="134" ID="PAG_18_ST000109" WC="1" CONTENT="qu'elle" STYLEREFS="TXT_5"/>
            <SP ID="PAG_18_SP000091" HPOS="3129" VPOS="2911" WIDTH="33"/>
            <String HPOS="3162" VPOS="2911" HEIGHT="36" WIDTH="174" ID="PAG_18_ST000110" WC="1" CONTENT="semblait" STYLEREFS="TXT_5"/>
            <SP ID="PAG_18_SP000092" HPOS="3336" VPOS="2911" WIDTH="32"/>
            <String HPOS="3368" VPOS="2911" HEIGHT="37" WIDTH="149" ID="PAG_18_ST000111" WC="1" CONTENT="n'avoir" STYLEREFS="TXT_5"/>
            <SP ID="PAG_18_SP000093" HPOS="3517" VPOS="2918" WIDTH="31"/>
            <String HPOS="3548" VPOS="2918" HEIGHT="30" WIDTH="55" ID="PAG_18_ST000112" WC="1" CONTENT="at-" SUBS_TYPE="HypPart1" SUBS_CONTENT="attendu" STYLEREFS="TXT_5"/>
            <HYP HPOS="3603" VPOS="2948" WIDTH="30" CONTENT="-"/>
          </TextLine>
          <TextLine HPOS="2355" VPOS="2959" HEIGHT="45" WIDTH="922" ID="PAG_18_TL000020" STYLEREFS="TXT_5">
            <String HPOS="2355" VPOS="2959" HEIGHT="35" WIDTH="115" ID="PAG_18_ST000113" WC="1" CONTENT="tendu" SUBS_TYPE="HypPart2" SUBS_CONTENT="attendu" STYLEREFS="TXT_5"/>
            <SP ID="PAG_18_SP000094" HPOS="2470" VPOS="2970" WIDTH="23"/>
            <String HPOS="2493" VPOS="2970" HEIGHT="33" WIDTH="70" ID="PAG_18_ST000114" WC="1" CONTENT="que" STYLEREFS="TXT_5"/>
            <SP ID="PAG_18_SP000095" HPOS="2563" VPOS="2959" WIDTH="26"/>
            <String HPOS="2589" VPOS="2959" HEIGHT="36" WIDTH="51" ID="PAG_18_ST000115" WC="1" CONTENT="lui" STYLEREFS="TXT_5"/>
            <SP ID="PAG_18_SP000096" HPOS="2640" VPOS="2960" WIDTH="24"/>
            <String HPOS="2664" VPOS="2960" HEIGHT="44" WIDTH="132" ID="PAG_18_ST000116" WC="1" CONTENT="depuis" STYLEREFS="TXT_5"/>
            <SP ID="PAG_18_SP000097" HPOS="2796" VPOS="2961" WIDTH="24"/>
            <String HPOS="2820" VPOS="2961" HEIGHT="36" WIDTH="33" ID="PAG_18_ST000117" WC="1" CONTENT="le" STYLEREFS="TXT_5"/>
            <SP ID="PAG_18_SP000098" HPOS="2853" VPOS="2961" WIDTH="24"/>
            <String HPOS="2877" VPOS="2961" HEIGHT="37" WIDTH="114" ID="PAG_18_ST000118" WC="1" CONTENT="début" STYLEREFS="TXT_5"/>
            <SP ID="PAG_18_SP000099" HPOS="2991" VPOS="2963" WIDTH="23"/>
            <String HPOS="3014" VPOS="2963" HEIGHT="35" WIDTH="46" ID="PAG_18_ST000119" WC="1" CONTENT="de" STYLEREFS="TXT_5"/>
            <SP ID="PAG_18_SP000100" HPOS="3060" VPOS="2962" WIDTH="24"/>
            <String HPOS="3084" VPOS="2962" HEIGHT="36" WIDTH="36" ID="PAG_18_ST000120" WC="1" CONTENT="la" STYLEREFS="TXT_5"/>
            <SP ID="PAG_18_SP000101" HPOS="3120" VPOS="2962" WIDTH="24"/>
            <String HPOS="3144" VPOS="2962" HEIGHT="37" WIDTH="133" ID="PAG_18_ST000121" WC="1" CONTENT="soirée." STYLEREFS="TXT_5"/>
          </TextLine>
        </TextBlock>
        <TextBlock HPOS="2400" VPOS="3009" HEIGHT="46" WIDTH="538" ID="PAG_18_TB000013" LANG="fr" STYLEREFS="TXT_5">
          <TextLine HPOS="2400" VPOS="3009" HEIGHT="46" WIDTH="538" ID="PAG_18_TL000021" STYLEREFS="TXT_5">
            <String HPOS="2400" VPOS="3009" HEIGHT="46" WIDTH="45" ID="PAG_18_ST000122" WC="1" CONTENT="Je" STYLEREFS="TXT_5"/>
            <SP ID="PAG_18_SP000102" HPOS="2445" VPOS="3009" WIDTH="25"/>
            <String HPOS="2470" VPOS="3009" HEIGHT="36" WIDTH="43" ID="PAG_18_ST000123" WC="1" CONTENT="fis" STYLEREFS="TXT_5"/>
            <SP ID="PAG_18_SP000103" HPOS="2513" VPOS="3010" WIDTH="25"/>
            <String HPOS="2538" VPOS="3010" HEIGHT="36" WIDTH="32" ID="PAG_18_ST000124" WC="1" CONTENT="le" STYLEREFS="TXT_5"/>
            <SP ID="PAG_18_SP000104" HPOS="2570" VPOS="3018" WIDTH="26"/>
            <String HPOS="2596" VPOS="3018" HEIGHT="28" WIDTH="87" ID="PAG_18_ST000125" WC="1" CONTENT="tour" STYLEREFS="TXT_5"/>
            <SP ID="PAG_18_SP000105" HPOS="2683" VPOS="3011" WIDTH="25"/>
            <String HPOS="2708" VPOS="3011" HEIGHT="36" WIDTH="66" ID="PAG_18_ST000126" WC="1" CONTENT="des" STYLEREFS="TXT_5"/>
            <SP ID="PAG_18_SP000106" HPOS="2774" VPOS="3012" WIDTH="26"/>
            <String HPOS="2800" VPOS="3012" HEIGHT="37" WIDTH="138" ID="PAG_18_ST000127" WC="1" CONTENT="salons." STYLEREFS="TXT_5"/>
          </TextLine>
        </TextBlock>
        <TextBlock HPOS="2354" VPOS="3060" HEIGHT="512" WIDTH="1278" ID="PAG_18_TB000014" LANG="fr" STYLEREFS="TXT_5">
          <TextLine HPOS="2403" VPOS="3060" HEIGHT="51" WIDTH="1200" ID="PAG_18_TL000022" STYLEREFS="TXT_5">
            <String HPOS="2403" VPOS="3060" HEIGHT="37" WIDTH="106" ID="PAG_18_ST000128" WC="1" CONTENT="Dans" STYLEREFS="TXT_5"/>
            <SP ID="PAG_18_SP000107" HPOS="2509" VPOS="3074" WIDTH="30"/>
            <String HPOS="2539" VPOS="3074" HEIGHT="24" WIDTH="72" ID="PAG_18_ST000129" WC="1" CONTENT="une" STYLEREFS="TXT_5"/>
            <SP ID="PAG_18_SP000108" HPOS="2611" VPOS="3063" WIDTH="29"/>
            <String HPOS="2640" VPOS="3063" HEIGHT="36" WIDTH="66" ID="PAG_18_ST000130" WC="1" CONTENT="des" STYLEREFS="TXT_5"/>
            <SP ID="PAG_18_SP000109" HPOS="2706" VPOS="3062" WIDTH="29"/>
            <String HPOS="2735" VPOS="3062" HEIGHT="45" WIDTH="136" ID="PAG_18_ST000131" WC="1" CONTENT="pièces," STYLEREFS="TXT_5"/>
            <SP ID="PAG_18_SP000110" HPOS="2871" VPOS="3064" WIDTH="30"/>
            <String HPOS="2901" VPOS="3064" HEIGHT="35" WIDTH="25" ID="PAG_18_ST000132" WC="1" CONTENT="il" STYLEREFS="TXT_5"/>
            <SP ID="PAG_18_SP000111" HPOS="2926" VPOS="3077" WIDTH="29"/>
            <String HPOS="2955" VPOS="3077" HEIGHT="32" WIDTH="24" ID="PAG_18_ST000133" WC="1" CONTENT="y" STYLEREFS="TXT_5"/>
            <SP ID="PAG_18_SP000112" HPOS="2979" VPOS="3064" WIDTH="28"/>
            <String HPOS="3007" VPOS="3064" HEIGHT="36" WIDTH="104" ID="PAG_18_ST000134" WC="1" CONTENT="avait" STYLEREFS="TXT_5"/>
            <SP ID="PAG_18_SP000113" HPOS="3111" VPOS="3065" WIDTH="29"/>
            <String HPOS="3140" VPOS="3065" HEIGHT="36" WIDTH="66" ID="PAG_18_ST000135" WC="1" CONTENT="des" STYLEREFS="TXT_5"/>
            <SP ID="PAG_18_SP000114" HPOS="3206" VPOS="3065" WIDTH="29"/>
            <String HPOS="3235" VPOS="3065" HEIGHT="36" WIDTH="120" ID="PAG_18_ST000136" WC="1" CONTENT="tables" STYLEREFS="TXT_5"/>
            <SP ID="PAG_18_SP000115" HPOS="3355" VPOS="3066" WIDTH="29"/>
            <String HPOS="3384" VPOS="3066" HEIGHT="35" WIDTH="44" ID="PAG_18_ST000137" WC="1" CONTENT="de" STYLEREFS="TXT_5"/>
            <SP ID="PAG_18_SP000116" HPOS="3428" VPOS="3065" WIDTH="30"/>
            <String HPOS="3458" VPOS="3065" HEIGHT="46" WIDTH="145" ID="PAG_18_ST000138" WC="1" CONTENT="bridge," STYLEREFS="TXT_5"/>
          </TextLine>
          <TextLine HPOS="2354" VPOS="3112" HEIGHT="50" WIDTH="1249" ID="PAG_18_TL000023" STYLEREFS="TXT_5">
            <String HPOS="2354" VPOS="3112" HEIGHT="35" WIDTH="92" ID="PAG_18_ST000139" WC="1" CONTENT="dont" STYLEREFS="TXT_5"/>
            <SP ID="PAG_18_SP000117" HPOS="2446" VPOS="3113" WIDTH="26"/>
            <String HPOS="2472" VPOS="3113" HEIGHT="36" WIDTH="95" ID="PAG_18_ST000140" WC="1" CONTENT="trois" STYLEREFS="TXT_5"/>
            <SP ID="PAG_18_SP000118" HPOS="2567" VPOS="3113" WIDTH="28"/>
            <String HPOS="2595" VPOS="3113" HEIGHT="37" WIDTH="142" ID="PAG_18_ST000141" WC="1" CONTENT="étaient" STYLEREFS="TXT_5"/>
            <SP ID="PAG_18_SP000119" HPOS="2737" VPOS="3115" WIDTH="27"/>
            <String HPOS="2764" VPOS="3115" HEIGHT="45" WIDTH="185" ID="PAG_18_ST000142" WC="1" CONTENT="occupées" STYLEREFS="TXT_5"/>
            <SP ID="PAG_18_SP000120" HPOS="2949" VPOS="3116" WIDTH="27"/>
            <String HPOS="2976" VPOS="3116" HEIGHT="45" WIDTH="246" ID="PAG_18_ST000143" WC="1" CONTENT="uniquement" STYLEREFS="TXT_5"/>
            <SP ID="PAG_18_SP000121" HPOS="3222" VPOS="3129" WIDTH="28"/>
            <String HPOS="3250" VPOS="3129" HEIGHT="33" WIDTH="69" ID="PAG_18_ST000144" WC="1" CONTENT="par" STYLEREFS="TXT_5"/>
            <SP ID="PAG_18_SP000122" HPOS="3319" VPOS="3117" WIDTH="29"/>
            <String HPOS="3348" VPOS="3117" HEIGHT="36" WIDTH="65" ID="PAG_18_ST000145" WC="1" CONTENT="des" STYLEREFS="TXT_5"/>
            <SP ID="PAG_18_SP000123" HPOS="3413" VPOS="3117" WIDTH="31"/>
            <String HPOS="3444" VPOS="3117" HEIGHT="36" WIDTH="159" ID="PAG_18_ST000146" WC="1" CONTENT="femmes" STYLEREFS="TXT_5"/>
          </TextLine>
          <TextLine HPOS="2355" VPOS="3163" HEIGHT="48" WIDTH="1277" ID="PAG_18_TL000024" STYLEREFS="TXT_5">
            <String HPOS="2355" VPOS="3163" HEIGHT="44" WIDTH="61" ID="PAG_18_ST000147" WC="1" CONTENT="qui" STYLEREFS="TXT_5"/>
            <SP ID="PAG_18_SP000124" HPOS="2416" VPOS="3164" WIDTH="33"/>
            <String HPOS="2449" VPOS="3164" HEIGHT="46" WIDTH="245" ID="PAG_18_ST000148" WC="1" CONTENT="regardaient" STYLEREFS="TXT_5"/>
            <SP ID="PAG_18_SP000125" HPOS="2694" VPOS="3174" WIDTH="30"/>
            <String HPOS="2724" VPOS="3174" HEIGHT="37" WIDTH="225" ID="PAG_18_ST000149" WC="1" CONTENT="gravement" STYLEREFS="TXT_5"/>
            <SP ID="PAG_18_SP000126" HPOS="2949" VPOS="3167" WIDTH="31"/>
            <String HPOS="2980" VPOS="3167" HEIGHT="36" WIDTH="101" ID="PAG_18_ST000150" WC="1" CONTENT="leurs" STYLEREFS="TXT_5"/>
            <SP ID="PAG_18_SP000127" HPOS="3081" VPOS="3174" WIDTH="33"/>
            <String HPOS="3114" VPOS="3174" HEIGHT="30" WIDTH="124" ID="PAG_18_ST000151" WC="1" CONTENT="cartes" STYLEREFS="TXT_5"/>
            <SP ID="PAG_18_SP000128" HPOS="3238" VPOS="3180" WIDTH="31"/>
            <String HPOS="3269" VPOS="3180" HEIGHT="25" WIDTH="46" ID="PAG_18_ST000152" WC="1" CONTENT="en" STYLEREFS="TXT_5"/>
            <SP ID="PAG_18_SP000129" HPOS="3315" VPOS="3169" WIDTH="30"/>
            <String HPOS="3345" VPOS="3169" HEIGHT="36" WIDTH="119" ID="PAG_18_ST000153" WC="1" CONTENT="tirant" STYLEREFS="TXT_5"/>
            <SP ID="PAG_18_SP000130" HPOS="3464" VPOS="3180" WIDTH="31"/>
            <String HPOS="3495" VPOS="3180" HEIGHT="25" WIDTH="107" ID="PAG_18_ST000154" WC="1" CONTENT="cons-" SUBS_TYPE="HypPart1" SUBS_CONTENT="consciencieusement" STYLEREFS="TXT_5"/>
            <HYP HPOS="3602" VPOS="3205" WIDTH="30" CONTENT="-"/>
          </TextLine>
          <TextLine HPOS="2354" VPOS="3214" HEIGHT="50" WIDTH="1249" ID="PAG_18_TL000025" STYLEREFS="TXT_5">
            <String HPOS="2354" VPOS="3214" HEIGHT="38" WIDTH="318" ID="PAG_18_ST000155" WC="1" CONTENT="ciencieusement" SUBS_TYPE="HypPart2" SUBS_CONTENT="consciencieusement" STYLEREFS="TXT_5"/>
            <SP ID="PAG_18_SP000131" HPOS="2672" VPOS="3228" WIDTH="35"/>
            <String HPOS="2707" VPOS="3228" HEIGHT="25" WIDTH="65" ID="PAG_18_ST000156" WC="1" CONTENT="sur" STYLEREFS="TXT_5"/>
            <SP ID="PAG_18_SP000132" HPOS="2772" VPOS="3217" WIDTH="36"/>
            <String HPOS="2808" VPOS="3217" HEIGHT="36" WIDTH="80" ID="PAG_18_ST000157" WC="1" CONTENT="leur" STYLEREFS="TXT_5"/>
            <SP ID="PAG_18_SP000133" HPOS="2888" VPOS="3217" WIDTH="36"/>
            <String HPOS="2924" VPOS="3217" HEIGHT="46" WIDTH="197" ID="PAG_18_ST000158" WC="1" CONTENT="cigarette." STYLEREFS="TXT_5"/>
            <SP ID="PAG_18_SP000134" HPOS="3121" VPOS="3219" WIDTH="38"/>
            <String HPOS="3159" VPOS="3219" HEIGHT="36" WIDTH="51" ID="PAG_18_ST000159" WC="1" CONTENT="Ce" STYLEREFS="TXT_5"/>
            <SP ID="PAG_18_SP000135" HPOS="3210" VPOS="3220" WIDTH="36"/>
            <String HPOS="3246" VPOS="3220" HEIGHT="44" WIDTH="189" ID="PAG_18_ST000160" WC="1" CONTENT="spectacle" STYLEREFS="TXT_5"/>
            <SP ID="PAG_18_SP000136" HPOS="3435" VPOS="3232" WIDTH="35"/>
            <String HPOS="3470" VPOS="3232" HEIGHT="24" WIDTH="58" ID="PAG_18_ST000161" WC="1" CONTENT="me" STYLEREFS="TXT_5"/>
            <SP ID="PAG_18_SP000137" HPOS="3528" VPOS="3220" WIDTH="37"/>
            <String HPOS="3565" VPOS="3220" HEIGHT="36" WIDTH="38" ID="PAG_18_ST000162" WC="1" CONTENT="fit" STYLEREFS="TXT_5"/>
          </TextLine>
          <TextLine HPOS="2356" VPOS="3265" HEIGHT="52" WIDTH="1247" ID="PAG_18_TL000026" STYLEREFS="TXT_5">
            <String HPOS="2356" VPOS="3265" HEIGHT="36" WIDTH="104" ID="PAG_18_ST000163" WC="1" CONTENT="froid" STYLEREFS="TXT_5"/>
            <SP ID="PAG_18_SP000138" HPOS="2460" VPOS="3266" WIDTH="22"/>
            <String HPOS="2482" VPOS="3266" HEIGHT="36" WIDTH="93" ID="PAG_18_ST000164" WC="1" CONTENT="dans" STYLEREFS="TXT_5"/>
            <SP ID="PAG_18_SP000139" HPOS="2575" VPOS="3268" WIDTH="23"/>
            <String HPOS="2598" VPOS="3268" HEIGHT="35" WIDTH="33" ID="PAG_18_ST000165" WC="1" CONTENT="le" STYLEREFS="TXT_5"/>
            <SP ID="PAG_18_SP000140" HPOS="2631" VPOS="3269" WIDTH="23"/>
            <String HPOS="2654" VPOS="3269" HEIGHT="35" WIDTH="79" ID="PAG_18_ST000166" WC="1" CONTENT="dos." STYLEREFS="TXT_5"/>
            <SP ID="PAG_18_SP000141" HPOS="2733" VPOS="3268" WIDTH="26"/>
            <String HPOS="2759" VPOS="3268" HEIGHT="37" WIDTH="73" ID="PAG_18_ST000167" WC="1" CONTENT="Sur" STYLEREFS="TXT_5"/>
            <SP ID="PAG_18_SP000142" HPOS="2832" VPOS="3269" WIDTH="25"/>
            <String HPOS="2857" VPOS="3269" HEIGHT="36" WIDTH="31" ID="PAG_18_ST000168" WC="1" CONTENT="le" STYLEREFS="TXT_5"/>
            <SP ID="PAG_18_SP000143" HPOS="2888" VPOS="3270" WIDTH="23"/>
            <String HPOS="2911" VPOS="3270" HEIGHT="42" WIDTH="147" ID="PAG_18_ST000169" WC="1" CONTENT="balcon," STYLEREFS="TXT_5"/>
            <SP ID="PAG_18_SP000144" HPOS="3058" VPOS="3270" WIDTH="22"/>
            <String HPOS="3080" VPOS="3270" HEIGHT="45" WIDTH="39" ID="PAG_18_ST000170" WC="1" CONTENT="je" STYLEREFS="TXT_5"/>
            <SP ID="PAG_18_SP000145" HPOS="3119" VPOS="3271" WIDTH="24"/>
            <String HPOS="3143" VPOS="3271" HEIGHT="36" WIDTH="218" ID="PAG_18_ST000171" WC="1" CONTENT="rencontrai" STYLEREFS="TXT_5"/>
            <SP ID="PAG_18_SP000146" HPOS="3361" VPOS="3283" WIDTH="23"/>
            <String HPOS="3384" VPOS="3283" HEIGHT="24" WIDTH="51" ID="PAG_18_ST000172" WC="1" CONTENT="un" STYLEREFS="TXT_5"/>
            <SP ID="PAG_18_SP000147" HPOS="3435" VPOS="3283" WIDTH="22"/>
            <String HPOS="3457" VPOS="3283" HEIGHT="34" WIDTH="146" ID="PAG_18_ST000173" WC="1" CONTENT="groupe" STYLEREFS="TXT_5"/>
          </TextLine>
          <TextLine HPOS="2354" VPOS="3316" HEIGHT="51" WIDTH="1278" ID="PAG_18_TL000027" STYLEREFS="TXT_5">
            <String HPOS="2354" VPOS="3316" HEIGHT="37" WIDTH="45" ID="PAG_18_ST000174" WC="1" CONTENT="de" STYLEREFS="TXT_5"/>
            <SP ID="PAG_18_SP000148" HPOS="2399" VPOS="3317" WIDTH="21"/>
            <String HPOS="2420" VPOS="3317" HEIGHT="45" WIDTH="136" ID="PAG_18_ST000175" WC="1" CONTENT="jeunes" STYLEREFS="TXT_5"/>
            <SP ID="PAG_18_SP000149" HPOS="2556" VPOS="3317" WIDTH="22"/>
            <String HPOS="2578" VPOS="3317" HEIGHT="37" WIDTH="92" ID="PAG_18_ST000176" WC="1" CONTENT="filles" STYLEREFS="TXT_5"/>
            <SP ID="PAG_18_SP000150" HPOS="2670" VPOS="3319" WIDTH="23"/>
            <String HPOS="2693" VPOS="3319" HEIGHT="45" WIDTH="63" ID="PAG_18_ST000177" WC="1" CONTENT="qui" STYLEREFS="TXT_5"/>
            <SP ID="PAG_18_SP000151" HPOS="2756" VPOS="3320" WIDTH="24"/>
            <String HPOS="2780" VPOS="3320" HEIGHT="36" WIDTH="224" ID="PAG_18_ST000178" WC="1" CONTENT="semblaient" STYLEREFS="TXT_5"/>
            <SP ID="PAG_18_SP000152" HPOS="3004" VPOS="3321" WIDTH="22"/>
            <String HPOS="3026" VPOS="3321" HEIGHT="46" WIDTH="180" ID="PAG_18_ST000179" WC="1" CONTENT="plongées" STYLEREFS="TXT_5"/>
            <SP ID="PAG_18_SP000153" HPOS="3206" VPOS="3323" WIDTH="24"/>
            <String HPOS="3230" VPOS="3323" HEIGHT="35" WIDTH="94" ID="PAG_18_ST000180" WC="1" CONTENT="dans" STYLEREFS="TXT_5"/>
            <SP ID="PAG_18_SP000154" HPOS="3324" VPOS="3334" WIDTH="23"/>
            <String HPOS="3347" VPOS="3334" HEIGHT="25" WIDTH="72" ID="PAG_18_ST000181" WC="1" CONTENT="une" STYLEREFS="TXT_5"/>
            <SP ID="PAG_18_SP000155" HPOS="3419" VPOS="3334" WIDTH="25"/>
            <String HPOS="3444" VPOS="3334" HEIGHT="25" WIDTH="158" ID="PAG_18_ST000182" WC="1" CONTENT="conver-" SUBS_TYPE="HypPart1" SUBS_CONTENT="conversation" STYLEREFS="TXT_5"/>
            <HYP HPOS="3602" VPOS="3359" WIDTH="30" CONTENT="-"/>
          </TextLine>
          <TextLine HPOS="2354" VPOS="3368" HEIGHT="51" WIDTH="1248" ID="PAG_18_TL000028" STYLEREFS="TXT_5">
            <String HPOS="2354" VPOS="3368" HEIGHT="36" WIDTH="125" ID="PAG_18_ST000183" WC="1" CONTENT="sation" SUBS_TYPE="HypPart2" SUBS_CONTENT="conversation" STYLEREFS="TXT_5"/>
            <SP ID="PAG_18_SP000156" HPOS="2479" VPOS="3368" WIDTH="26"/>
            <String HPOS="2505" VPOS="3368" HEIGHT="37" WIDTH="77" ID="PAG_18_ST000184" WC="1" CONTENT="très" STYLEREFS="TXT_5"/>
            <SP ID="PAG_18_SP000157" HPOS="2582" VPOS="3370" WIDTH="26"/>
            <String HPOS="2608" VPOS="3370" HEIGHT="36" WIDTH="239" ID="PAG_18_ST000185" WC="1" CONTENT="absorbante." STYLEREFS="TXT_5"/>
            <SP ID="PAG_18_SP000158" HPOS="2847" VPOS="3371" WIDTH="27"/>
            <String HPOS="2874" VPOS="3371" HEIGHT="46" WIDTH="44" ID="PAG_18_ST000186" WC="1" CONTENT="Je" STYLEREFS="TXT_5"/>
            <SP ID="PAG_18_SP000159" HPOS="2918" VPOS="3372" WIDTH="27"/>
            <String HPOS="2945" VPOS="3372" HEIGHT="36" WIDTH="190" ID="PAG_18_ST000187" WC="1" CONTENT="m'enfuis." STYLEREFS="TXT_5"/>
            <SP ID="PAG_18_SP000160" HPOS="3135" VPOS="3373" WIDTH="29"/>
            <String HPOS="3164" VPOS="3373" HEIGHT="36" WIDTH="89" ID="PAG_18_ST000188" WC="1" CONTENT="Plus" STYLEREFS="TXT_5"/>
            <SP ID="PAG_18_SP000161" HPOS="3253" VPOS="3374" WIDTH="27"/>
            <String HPOS="3280" VPOS="3374" HEIGHT="43" WIDTH="88" ID="PAG_18_ST000189" WC="1" CONTENT="loin," STYLEREFS="TXT_5"/>
            <SP ID="PAG_18_SP000162" HPOS="3368" VPOS="3374" WIDTH="26"/>
            <String HPOS="3394" VPOS="3374" HEIGHT="45" WIDTH="40" ID="PAG_18_ST000190" WC="1" CONTENT="je" STYLEREFS="TXT_5"/>
            <SP ID="PAG_18_SP000163" HPOS="3434" VPOS="3374" WIDTH="26"/>
            <String HPOS="3460" VPOS="3374" HEIGHT="36" WIDTH="142" ID="PAG_18_ST000191" WC="1" CONTENT="tombai" STYLEREFS="TXT_5"/>
          </TextLine>
          <TextLine HPOS="2355" VPOS="3420" HEIGHT="50" WIDTH="1247" ID="PAG_18_TL000029" STYLEREFS="TXT_5">
            <String HPOS="2355" VPOS="3430" HEIGHT="24" WIDTH="64" ID="PAG_18_ST000192" WC="1" CONTENT="sur" STYLEREFS="TXT_5"/>
            <SP ID="PAG_18_SP000164" HPOS="2419" VPOS="3420" WIDTH="23"/>
            <String HPOS="2442" VPOS="3420" HEIGHT="35" WIDTH="65" ID="PAG_18_ST000193" WC="1" CONTENT="des" STYLEREFS="TXT_5"/>
            <SP ID="PAG_18_SP000165" HPOS="2507" VPOS="3420" WIDTH="24"/>
            <String HPOS="2531" VPOS="3420" HEIGHT="43" WIDTH="180" ID="PAG_18_ST000194" WC="1" CONTENT="hommes," STYLEREFS="TXT_5"/>
            <SP ID="PAG_18_SP000166" HPOS="2711" VPOS="3422" WIDTH="25"/>
            <String HPOS="2736" VPOS="3422" HEIGHT="45" WIDTH="163" ID="PAG_18_ST000195" WC="1" CONTENT="parqués" STYLEREFS="TXT_5"/>
            <SP ID="PAG_18_SP000167" HPOS="2899" VPOS="3423" WIDTH="24"/>
            <String HPOS="2923" VPOS="3423" HEIGHT="36" WIDTH="94" ID="PAG_18_ST000196" WC="1" CONTENT="dans" STYLEREFS="TXT_5"/>
            <SP ID="PAG_18_SP000168" HPOS="3017" VPOS="3424" WIDTH="25"/>
            <String HPOS="3042" VPOS="3424" HEIGHT="35" WIDTH="32" ID="PAG_18_ST000197" WC="1" CONTENT="le" STYLEREFS="TXT_5"/>
            <SP ID="PAG_18_SP000169" HPOS="3074" VPOS="3424" WIDTH="27"/>
            <String HPOS="3101" VPOS="3424" HEIGHT="43" WIDTH="162" ID="PAG_18_ST000198" WC="1" CONTENT="fumoir;" STYLEREFS="TXT_5"/>
            <SP ID="PAG_18_SP000170" HPOS="3263" VPOS="3425" WIDTH="26"/>
            <String HPOS="3289" VPOS="3425" HEIGHT="36" WIDTH="45" ID="PAG_18_ST000199" WC="1" CONTENT="ils" STYLEREFS="TXT_5"/>
            <SP ID="PAG_18_SP000171" HPOS="3334" VPOS="3425" WIDTH="25"/>
            <String HPOS="3359" VPOS="3425" HEIGHT="37" WIDTH="140" ID="PAG_18_ST000200" WC="1" CONTENT="étaient" STYLEREFS="TXT_5"/>
            <SP ID="PAG_18_SP000172" HPOS="3499" VPOS="3425" WIDTH="25"/>
            <String HPOS="3524" VPOS="3425" HEIGHT="45" WIDTH="78" ID="PAG_18_ST000201" WC="1" CONTENT="pris" STYLEREFS="TXT_5"/>
          </TextLine>
          <TextLine HPOS="2354" VPOS="3470" HEIGHT="52" WIDTH="1248" ID="PAG_18_TL000030" STYLEREFS="TXT_5">
            <String HPOS="2354" VPOS="3470" HEIGHT="36" WIDTH="94" ID="PAG_18_ST000202" WC="1" CONTENT="dans" STYLEREFS="TXT_5"/>
            <SP ID="PAG_18_SP000173" HPOS="2448" VPOS="3472" WIDTH="29"/>
            <String HPOS="2477" VPOS="3472" HEIGHT="35" WIDTH="65" ID="PAG_18_ST000203" WC="1" CONTENT="des" STYLEREFS="TXT_5"/>
            <SP ID="PAG_18_SP000174" HPOS="2542" VPOS="3471" WIDTH="30"/>
            <String HPOS="2572" VPOS="3471" HEIGHT="37" WIDTH="181" ID="PAG_18_ST000204" WC="1" CONTENT="fauteuils" STYLEREFS="TXT_5"/>
            <SP ID="PAG_18_SP000175" HPOS="2753" VPOS="3473" WIDTH="30"/>
            <String HPOS="2783" VPOS="3473" HEIGHT="35" WIDTH="44" ID="PAG_18_ST000205" WC="1" CONTENT="de" STYLEREFS="TXT_5"/>
            <SP ID="PAG_18_SP000176" HPOS="2827" VPOS="3473" WIDTH="29"/>
            <String HPOS="2856" VPOS="3473" HEIGHT="45" WIDTH="93" ID="PAG_18_ST000206" WC="1" CONTENT="cuir," STYLEREFS="TXT_5"/>
            <SP ID="PAG_18_SP000177" HPOS="2949" VPOS="3482" WIDTH="29"/>
            <String HPOS="2978" VPOS="3482" HEIGHT="28" WIDTH="36" ID="PAG_18_ST000207" WC="1" CONTENT="et" STYLEREFS="TXT_5"/>
            <SP ID="PAG_18_SP000178" HPOS="3014" VPOS="3475" WIDTH="26"/>
            <String HPOS="3040" VPOS="3475" HEIGHT="45" WIDTH="206" ID="PAG_18_ST000208" WC="1" CONTENT="j'entendis" STYLEREFS="TXT_5"/>
            <SP ID="PAG_18_SP000179" HPOS="3246" VPOS="3476" WIDTH="29"/>
            <String HPOS="3275" VPOS="3476" HEIGHT="45" WIDTH="109" ID="PAG_18_ST000209" WC="1" CONTENT="qu'ils" STYLEREFS="TXT_5"/>
            <SP ID="PAG_18_SP000180" HPOS="3384" VPOS="3477" WIDTH="30"/>
            <String HPOS="3414" VPOS="3477" HEIGHT="45" WIDTH="188" ID="PAG_18_ST000210" WC="1" CONTENT="parlaient" STYLEREFS="TXT_5"/>
          </TextLine>
          <TextLine HPOS="2354" VPOS="3521" HEIGHT="51" WIDTH="1246" ID="PAG_18_TL000031" STYLEREFS="TXT_5">
            <String HPOS="2354" VPOS="3521" HEIGHT="46" WIDTH="201" ID="PAG_18_ST000211" WC="1" CONTENT="politique;" STYLEREFS="TXT_5"/>
            <SP ID="PAG_18_SP000181" HPOS="2555" VPOS="3523" WIDTH="30"/>
            <String HPOS="2585" VPOS="3523" HEIGHT="36" WIDTH="95" ID="PAG_18_ST000212" WC="1" CONTENT="mais" STYLEREFS="TXT_5"/>
            <SP ID="PAG_18_SP000182" HPOS="2680" VPOS="3523" WIDTH="29"/>
            <String HPOS="2709" VPOS="3523" HEIGHT="36" WIDTH="44" ID="PAG_18_ST000213" WC="1" CONTENT="ils" STYLEREFS="TXT_5"/>
            <SP ID="PAG_18_SP000183" HPOS="2753" VPOS="3524" WIDTH="30"/>
            <String HPOS="2783" VPOS="3524" HEIGHT="37" WIDTH="143" ID="PAG_18_ST000214" WC="1" CONTENT="étaient" STYLEREFS="TXT_5"/>
            <SP ID="PAG_18_SP000184" HPOS="2926" VPOS="3532" WIDTH="28"/>
            <String HPOS="2954" VPOS="3532" HEIGHT="29" WIDTH="85" ID="PAG_18_ST000215" WC="1" CONTENT="tous" STYLEREFS="TXT_5"/>
            <SP ID="PAG_18_SP000185" HPOS="3039" VPOS="3527" WIDTH="29"/>
            <String HPOS="3068" VPOS="3527" HEIGHT="35" WIDTH="49" ID="PAG_18_ST000216" WC="1" CONTENT="du" STYLEREFS="TXT_5"/>
            <SP ID="PAG_18_SP000186" HPOS="3117" VPOS="3527" WIDTH="29"/>
            <String HPOS="3146" VPOS="3527" HEIGHT="36" WIDTH="120" ID="PAG_18_ST000217" WC="1" CONTENT="même" STYLEREFS="TXT_5"/>
            <SP ID="PAG_18_SP000187" HPOS="3266" VPOS="3528" WIDTH="29"/>
            <String HPOS="3295" VPOS="3528" HEIGHT="36" WIDTH="94" ID="PAG_18_ST000218" WC="1" CONTENT="avis." STYLEREFS="TXT_5"/>
            <SP ID="PAG_18_SP000188" HPOS="3389" VPOS="3528" WIDTH="30"/>
            <String HPOS="3419" VPOS="3528" HEIGHT="44" WIDTH="181" ID="PAG_18_ST000219" WC="1" CONTENT="Ailleurs," STYLEREFS="TXT_5"/>
          </TextLine>
        </TextBlock>
        <TextBlock HPOS="2353" VPOS="3572" HEIGHT="201" WIDTH="1373" ID="PAG_18_TB000015" LANG="fr" STYLEREFS="TXT_5">
          <TextLine HPOS="2353" VPOS="3572" HEIGHT="52" WIDTH="1247" ID="PAG_18_TL000032" STYLEREFS="TXT_5">
            <String HPOS="2353" VPOS="3572" HEIGHT="36" WIDTH="65" ID="PAG_18_ST000220" WC="1" CONTENT="des" STYLEREFS="TXT_5"/>
            <SP ID="PAG_18_SP000189" HPOS="2418" VPOS="3574" WIDTH="33"/>
            <String HPOS="2451" VPOS="3574" HEIGHT="44" WIDTH="152" ID="PAG_18_ST000221" WC="1" CONTENT="couples" STYLEREFS="TXT_5"/>
            <SP ID="PAG_18_SP000190" HPOS="2603" VPOS="3574" WIDTH="34"/>
            <String HPOS="2637" VPOS="3574" HEIGHT="37" WIDTH="210" ID="PAG_18_ST000222" WC="1" CONTENT="dansaient." STYLEREFS="TXT_5"/>
            <SP ID="PAG_18_SP000191" HPOS="2847" VPOS="3576" WIDTH="35"/>
            <String HPOS="2882" VPOS="3576" HEIGHT="36" WIDTH="52" ID="PAG_18_ST000223" WC="1" CONTENT="Ils" STYLEREFS="TXT_5"/>
            <SP ID="PAG_18_SP000192" HPOS="2934" VPOS="3577" WIDTH="33"/>
            <String HPOS="2967" VPOS="3577" HEIGHT="36" WIDTH="155" ID="PAG_18_ST000224" WC="1" CONTENT="avaient" STYLEREFS="TXT_5"/>
            <SP ID="PAG_18_SP000193" HPOS="3122" VPOS="3577" WIDTH="45"/>
            <String HPOS="3167" VPOS="3577" HEIGHT="37" WIDTH="85" ID="PAG_18_ST000225" WC="1" CONTENT="l'air" STYLEREFS="TXT_5"/>
            <SP ID="PAG_18_SP000194" HPOS="3252" VPOS="3580" WIDTH="45"/>
            <String HPOS="3297" VPOS="3580" HEIGHT="35" WIDTH="44" ID="PAG_18_ST000226" WC="1" CONTENT="de" STYLEREFS="TXT_5"/>
            <SP ID="PAG_18_SP000195" HPOS="3341" VPOS="3579" WIDTH="47"/>
            <String HPOS="3388" VPOS="3579" HEIGHT="45" WIDTH="212" ID="PAG_18_ST000227" WC="1" CONTENT="s'ennuyer." STYLEREFS="TXT_5"/>
          </TextLine>
          <TextLine HPOS="2355" VPOS="3623" HEIGHT="50" WIDTH="1275" ID="PAG_18_TL000033" STYLEREFS="TXT_5">
            <String HPOS="2355" VPOS="3623" HEIGHT="37" WIDTH="159" ID="PAG_18_ST000228" WC="1" CONTENT="Surtout" STYLEREFS="TXT_5"/>
            <SP ID="PAG_18_SP000196" HPOS="2514" VPOS="3624" WIDTH="27"/>
            <String HPOS="2541" VPOS="3624" HEIGHT="37" WIDTH="52" ID="PAG_18_ST000229" WC="1" CONTENT="les" STYLEREFS="TXT_5"/>
            <SP ID="PAG_18_SP000197" HPOS="2593" VPOS="3625" WIDTH="31"/>
            <String HPOS="2624" VPOS="3625" HEIGHT="37" WIDTH="157" ID="PAG_18_ST000230" WC="1" CONTENT="femmes" STYLEREFS="TXT_5"/>
            <SP ID="PAG_18_SP000198" HPOS="2781" VPOS="3626" WIDTH="27"/>
            <String HPOS="2808" VPOS="3626" HEIGHT="45" WIDTH="74" ID="PAG_18_ST000231" WC="1" CONTENT="qui," STYLEREFS="TXT_5"/>
            <SP ID="PAG_18_SP000199" HPOS="2882" VPOS="3627" WIDTH="27"/>
            <String HPOS="2909" VPOS="3627" HEIGHT="36" WIDTH="86" ID="PAG_18_ST000232" WC="1" CONTENT="l'œil" STYLEREFS="TXT_5"/>
            <SP ID="PAG_18_SP000200" HPOS="2995" VPOS="3640" WIDTH="28"/>
            <String HPOS="3023" VPOS="3640" HEIGHT="33" WIDTH="134" ID="PAG_18_ST000233" WC="1" CONTENT="vague," STYLEREFS="TXT_5"/>
            <SP ID="PAG_18_SP000201" HPOS="3157" VPOS="3629" WIDTH="27"/>
            <String HPOS="3184" VPOS="3629" HEIGHT="36" WIDTH="170" ID="PAG_18_ST000234" WC="1" CONTENT="tenaient" STYLEREFS="TXT_5"/>
            <SP ID="PAG_18_SP000202" HPOS="3354" VPOS="3630" WIDTH="26"/>
            <String HPOS="3380" VPOS="3630" HEIGHT="36" WIDTH="81" ID="PAG_18_ST000235" WC="1" CONTENT="leur" STYLEREFS="TXT_5"/>
            <SP ID="PAG_18_SP000203" HPOS="3461" VPOS="3642" WIDTH="27"/>
            <String HPOS="3488" VPOS="3642" HEIGHT="25" WIDTH="112" ID="PAG_18_ST000236" WC="1" CONTENT="cava-" SUBS_TYPE="HypPart1" SUBS_CONTENT="cavalier" STYLEREFS="TXT_5"/>
            <HYP HPOS="3600" VPOS="3667" WIDTH="30" CONTENT="-"/>
          </TextLine>
          <TextLine HPOS="2353" VPOS="3674" HEIGHT="48" WIDTH="1373" ID="PAG_18_TL000034" STYLEREFS="TXT_5">
            <String HPOS="2353" VPOS="3674" HEIGHT="36" WIDTH="70" ID="PAG_18_ST000237" WC="1" CONTENT="lier" SUBS_TYPE="HypPart2" SUBS_CONTENT="cavalier" STYLEREFS="TXT_5"/>
            <SP ID="PAG_18_SP000204" HPOS="2423" VPOS="3686" WIDTH="24"/>
            <String HPOS="2447" VPOS="3686" HEIGHT="35" WIDTH="160" ID="PAG_18_ST000238" WC="1" CONTENT="presque" STYLEREFS="TXT_5"/>
            <SP ID="PAG_18_SP000205" HPOS="2607" VPOS="3676" WIDTH="24"/>
            <String HPOS="2631" VPOS="3676" HEIGHT="36" WIDTH="22" ID="PAG_18_ST000239" WC="1" CONTENT="à" STYLEREFS="TXT_5"/>
            <SP ID="PAG_18_SP000206" HPOS="2653" VPOS="3677" WIDTH="24"/>
            <String HPOS="2677" VPOS="3677" HEIGHT="36" WIDTH="90" ID="PAG_18_ST000240" WC="1" CONTENT="bout" STYLEREFS="TXT_5"/>
            <SP ID="PAG_18_SP000207" HPOS="2767" VPOS="3678" WIDTH="25"/>
            <String HPOS="2792" VPOS="3678" HEIGHT="35" WIDTH="45" ID="PAG_18_ST000241" WC="1" CONTENT="de" STYLEREFS="TXT_5"/>
            <SP ID="PAG_18_SP000208" HPOS="2837" VPOS="3678" WIDTH="24"/>
            <String HPOS="2861" VPOS="3678" HEIGHT="44" WIDTH="100" ID="PAG_18_ST000242" WC="1" CONTENT="bras," STYLEREFS="TXT_5"/>
            <SP ID="PAG_18_SP000209" HPOS="2961" VPOS="3691" WIDTH="25"/>
            <String HPOS="2986" VPOS="3691" HEIGHT="24" WIDTH="145" ID="PAG_18_ST000243" WC="1" CONTENT="comme" STYLEREFS="TXT_5"/>
            <SP ID="PAG_18_SP000210" HPOS="3131" VPOS="3692" WIDTH="25"/>
            <String HPOS="3156" VPOS="3692" HEIGHT="23" WIDTH="48" ID="PAG_18_ST000244" WC="1" CONTENT="on" STYLEREFS="TXT_5"/>
            <SP ID="PAG_18_SP000211" HPOS="3204" VPOS="3680" WIDTH="25"/>
            <String HPOS="3229" VPOS="3680" HEIGHT="36" WIDTH="93" ID="PAG_18_ST000245" WC="1" CONTENT="tient" STYLEREFS="TXT_5"/>
            <SP ID="PAG_18_SP000212" HPOS="3322" VPOS="3680" WIDTH="25"/>
            <String HPOS="3347" VPOS="3680" HEIGHT="36" WIDTH="22" ID="PAG_18_ST000246" WC="1" CONTENT="à" STYLEREFS="TXT_5"/>
            <SP ID="PAG_18_SP000213" HPOS="3369" VPOS="3681" WIDTH="25"/>
            <String HPOS="3394" VPOS="3681" HEIGHT="37" WIDTH="132" ID="PAG_18_ST000247" WC="1" CONTENT="l'écart" STYLEREFS="TXT_5"/>
            <SP ID="PAG_18_SP000214" HPOS="3526" VPOS="3694" WIDTH="23"/>
            <String HPOS="3549" VPOS="3694" HEIGHT="24" WIDTH="50" ID="PAG_18_ST000248" WC="1" CONTENT="un" STYLEREFS="TXT_5"/>
            <SP ID="PAG_18_SP000215" HPOS="3599" VPOS="3677" WIDTH="113"/>
            <String HPOS="3712" VPOS="3677" HEIGHT="15" WIDTH="14" ID="PAG_18_ST000249" WC="0.67" CONTENT="*" STYLEREFS="TXT_5"/>
          </TextLine>
          <TextLine HPOS="2354" VPOS="3726" HEIGHT="47" WIDTH="511" ID="PAG_18_TL000035" STYLEREFS="TXT_5">
            <String HPOS="2354" VPOS="3726" HEIGHT="45" WIDTH="103" ID="PAG_18_ST000250" WC="1" CONTENT="objet" STYLEREFS="TXT_5"/>
            <SP ID="PAG_18_SP000216" HPOS="2457" VPOS="3738" WIDTH="31"/>
            <String HPOS="2488" VPOS="3738" HEIGHT="33" WIDTH="66" ID="PAG_18_ST000251" WC="1" CONTENT="pas" STYLEREFS="TXT_5"/>
            <SP ID="PAG_18_SP000217" HPOS="2554" VPOS="3727" WIDTH="29"/>
            <String HPOS="2583" VPOS="3727" HEIGHT="36" WIDTH="78" ID="PAG_18_ST000252" WC="1" CONTENT="très" STYLEREFS="TXT_5"/>
            <SP ID="PAG_18_SP000218" HPOS="2661" VPOS="3740" WIDTH="30"/>
            <String HPOS="2691" VPOS="3740" HEIGHT="33" WIDTH="174" ID="PAG_18_ST000253" WC="1" CONTENT="propre..." STYLEREFS="TXT_5"/>
          </TextLine>
        </TextBlock>
        <TextBlock HPOS="2401" VPOS="3778" HEIGHT="50" WIDTH="1196" ID="PAG_18_TB000016" LANG="fr" STYLEREFS="TXT_5">
          <TextLine HPOS="2401" VPOS="3778" HEIGHT="50" WIDTH="1196" ID="PAG_18_TL000036" STYLEREFS="TXT_5">
            <String HPOS="2401" VPOS="3798" HEIGHT="6" WIDTH="47" ID="PAG_18_ST000254" WC="0.88" CONTENT="—" STYLEREFS="TXT_5"/>
            <SP ID="PAG_18_SP000219" HPOS="2448" VPOS="3778" WIDTH="26"/>
            <String HPOS="2474" VPOS="3778" HEIGHT="35" WIDTH="59" ID="PAG_18_ST000255" WC="1" CONTENT="En" STYLEREFS="TXT_5"/>
            <SP ID="PAG_18_SP000220" HPOS="2533" VPOS="3789" WIDTH="31"/>
            <String HPOS="2564" VPOS="3789" HEIGHT="34" WIDTH="100" ID="PAG_18_ST000256" WC="1" CONTENT="1920," STYLEREFS="TXT_5"/>
            <SP ID="PAG_18_SP000221" HPOS="2664" VPOS="3791" WIDTH="29"/>
            <String HPOS="2693" VPOS="3791" HEIGHT="24" WIDTH="95" ID="PAG_18_ST000257" WC="1" CONTENT="nous" STYLEREFS="TXT_5"/>
            <SP ID="PAG_18_SP000222" HPOS="2788" VPOS="3780" WIDTH="28"/>
            <String HPOS="2816" VPOS="3780" HEIGHT="36" WIDTH="181" ID="PAG_18_ST000258" WC="1" CONTENT="dansions" STYLEREFS="TXT_5"/>
            <SP ID="PAG_18_SP000223" HPOS="2997" VPOS="3782" WIDTH="28"/>
            <String HPOS="3025" VPOS="3782" HEIGHT="44" WIDTH="83" ID="PAG_18_ST000259" WC="1" CONTENT="plus" STYLEREFS="TXT_5"/>
            <SP ID="PAG_18_SP000224" HPOS="3108" VPOS="3781" WIDTH="27"/>
            <String HPOS="3135" VPOS="3781" HEIGHT="46" WIDTH="211" ID="PAG_18_ST000260" WC="1" CONTENT="gentiment" STYLEREFS="TXT_5"/>
            <SP ID="PAG_18_SP000225" HPOS="3346" VPOS="3795" WIDTH="27"/>
            <String HPOS="3373" VPOS="3795" HEIGHT="33" WIDTH="70" ID="PAG_18_ST000261" WC="1" CONTENT="que" STYLEREFS="TXT_5"/>
            <SP ID="PAG_18_SP000226" HPOS="3443" VPOS="3784" WIDTH="29"/>
            <String HPOS="3472" VPOS="3784" HEIGHT="36" WIDTH="80" ID="PAG_18_ST000262" WC="1" CONTENT="cela" STYLEREFS="TXT_5"/>
            <SP ID="PAG_18_SP000227" HPOS="3552" VPOS="3782" WIDTH="39"/>
            <String HPOS="3591" VPOS="3782" HEIGHT="36" WIDTH="6" ID="PAG_18_ST000263" WC="0.00" CONTENT="!" STYLEREFS="TXT_5"/>
          </TextLine>
        </TextBlock>
        <TextBlock HPOS="2354" VPOS="3828" HEIGHT="39" WIDTH="596" ID="PAG_18_TB000017" LANG="fr" STYLEREFS="TXT_5">
          <TextLine HPOS="2354" VPOS="3828" HEIGHT="39" WIDTH="596" ID="PAG_18_TL000037" STYLEREFS="TXT_5">
            <String HPOS="2354" VPOS="3828" HEIGHT="35" WIDTH="53" ID="PAG_18_ST000264" WC="1" CONTENT="dit" STYLEREFS="TXT_5"/>
            <SP ID="PAG_18_SP000228" HPOS="2407" VPOS="3840" WIDTH="25"/>
            <String HPOS="2432" VPOS="3840" HEIGHT="25" WIDTH="72" ID="PAG_18_ST000265" WC="1" CONTENT="une" STYLEREFS="TXT_5"/>
            <SP ID="PAG_18_SP000229" HPOS="2504" VPOS="3829" WIDTH="24"/>
            <String HPOS="2528" VPOS="3829" HEIGHT="36" WIDTH="91" ID="PAG_18_ST000266" WC="1" CONTENT="voix" STYLEREFS="TXT_5"/>
            <SP ID="PAG_18_SP000230" HPOS="2619" VPOS="3830" WIDTH="25"/>
            <String HPOS="2644" VPOS="3830" HEIGHT="35" WIDTH="21" ID="PAG_18_ST000267" WC="1" CONTENT="à" STYLEREFS="TXT_5"/>
            <SP ID="PAG_18_SP000231" HPOS="2665" VPOS="3830" WIDTH="24"/>
            <String HPOS="2689" VPOS="3830" HEIGHT="36" WIDTH="84" ID="PAG_18_ST000268" WC="1" CONTENT="côté" STYLEREFS="TXT_5"/>
            <SP ID="PAG_18_SP000232" HPOS="2773" VPOS="3832" WIDTH="23"/>
            <String HPOS="2796" VPOS="3832" HEIGHT="35" WIDTH="46" ID="PAG_18_ST000269" WC="1" CONTENT="de" STYLEREFS="TXT_5"/>
            <SP ID="PAG_18_SP000233" HPOS="2842" VPOS="3832" WIDTH="22"/>
            <String HPOS="2864" VPOS="3832" HEIGHT="35" WIDTH="86" ID="PAG_18_ST000270" WC="1" CONTENT="moi." STYLEREFS="TXT_5"/>
          </TextLine>
        </TextBlock>
        <TextBlock HPOS="2353" VPOS="3880" HEIGHT="146" WIDTH="1275" ID="PAG_18_TB000018" LANG="fr" STYLEREFS="TXT_5">
          <TextLine HPOS="2400" VPOS="3880" HEIGHT="50" WIDTH="1228" ID="PAG_18_TL000038" STYLEREFS="TXT_5">
            <String HPOS="2400" VPOS="3880" HEIGHT="44" WIDTH="45" ID="PAG_18_ST000271" WC="1" CONTENT="Je" STYLEREFS="TXT_5"/>
            <SP ID="PAG_18_SP000234" HPOS="2445" VPOS="3892" WIDTH="25"/>
            <String HPOS="2470" VPOS="3892" HEIGHT="24" WIDTH="58" ID="PAG_18_ST000272" WC="1" CONTENT="me" STYLEREFS="TXT_5"/>
            <SP ID="PAG_18_SP000235" HPOS="2528" VPOS="3881" WIDTH="27"/>
            <String HPOS="2555" VPOS="3881" HEIGHT="36" WIDTH="206" ID="PAG_18_ST000273" WC="1" CONTENT="retournai." STYLEREFS="TXT_5"/>
            <SP ID="PAG_18_SP000236" HPOS="2761" VPOS="3882" WIDTH="27"/>
            <String HPOS="2788" VPOS="3882" HEIGHT="37" WIDTH="138" ID="PAG_18_ST000274" WC="1" CONTENT="C'était" STYLEREFS="TXT_5"/>
            <SP ID="PAG_18_SP000237" HPOS="2926" VPOS="3895" WIDTH="24"/>
            <String HPOS="2950" VPOS="3895" HEIGHT="24" WIDTH="88" ID="PAG_18_ST000275" WC="1" CONTENT="mon" STYLEREFS="TXT_5"/>
            <SP ID="PAG_18_SP000238" HPOS="3038" VPOS="3884" WIDTH="25"/>
            <String HPOS="3063" VPOS="3884" HEIGHT="36" WIDTH="75" ID="PAG_18_ST000276" WC="1" CONTENT="ami" STYLEREFS="TXT_5"/>
            <SP ID="PAG_18_SP000239" HPOS="3138" VPOS="3884" WIDTH="26"/>
            <String HPOS="3164" VPOS="3884" HEIGHT="36" WIDTH="162" ID="PAG_18_ST000277" WC="1" CONTENT="Hubert." STYLEREFS="TXT_5"/>
            <SP ID="PAG_18_SP000240" HPOS="3326" VPOS="3885" WIDTH="25"/>
            <String HPOS="3351" VPOS="3885" HEIGHT="45" WIDTH="44" ID="PAG_18_ST000278" WC="1" CONTENT="Je" STYLEREFS="TXT_5"/>
            <SP ID="PAG_18_SP000241" HPOS="3395" VPOS="3897" WIDTH="25"/>
            <String HPOS="3420" VPOS="3897" HEIGHT="25" WIDTH="48" ID="PAG_18_ST000279" WC="1" CONTENT="ne" STYLEREFS="TXT_5"/>
            <SP ID="PAG_18_SP000242" HPOS="3468" VPOS="3886" WIDTH="25"/>
            <String HPOS="3493" VPOS="3886" HEIGHT="36" WIDTH="105" ID="PAG_18_ST000280" WC="1" CONTENT="m'at-" SUBS_TYPE="HypPart1" SUBS_CONTENT="m'attendais" STYLEREFS="TXT_5"/>
            <HYP HPOS="3598" VPOS="3922" WIDTH="30" CONTENT="-"/>
          </TextLine>
          <TextLine HPOS="2353" VPOS="3930" HEIGHT="51" WIDTH="1246" ID="PAG_18_TL000039" STYLEREFS="TXT_5">
            <String HPOS="2353" VPOS="3930" HEIGHT="37" WIDTH="148" ID="PAG_18_ST000281" WC="1" CONTENT="tendais" SUBS_TYPE="HypPart2" SUBS_CONTENT="m'attendais" STYLEREFS="TXT_5"/>
            <SP ID="PAG_18_SP000243" HPOS="2501" VPOS="3943" WIDTH="26"/>
            <String HPOS="2527" VPOS="3943" HEIGHT="33" WIDTH="66" ID="PAG_18_ST000282" WC="1" CONTENT="pas" STYLEREFS="TXT_5"/>
            <SP ID="PAG_18_SP000244" HPOS="2593" VPOS="3932" WIDTH="26"/>
            <String HPOS="2619" VPOS="3932" HEIGHT="35" WIDTH="21" ID="PAG_18_ST000283" WC="1" CONTENT="à" STYLEREFS="TXT_5"/>
            <SP ID="PAG_18_SP000245" HPOS="2640" VPOS="3932" WIDTH="26"/>
            <String HPOS="2666" VPOS="3932" HEIGHT="36" WIDTH="33" ID="PAG_18_ST000284" WC="1" CONTENT="le" STYLEREFS="TXT_5"/>
            <SP ID="PAG_18_SP000246" HPOS="2699" VPOS="3940" WIDTH="27"/>
            <String HPOS="2726" VPOS="3940" HEIGHT="29" WIDTH="207" ID="PAG_18_ST000285" WC="1" CONTENT="recontrer." STYLEREFS="TXT_5"/>
            <SP ID="PAG_18_SP000247" HPOS="2933" VPOS="3934" WIDTH="28"/>
            <String HPOS="2961" VPOS="3934" HEIGHT="36" WIDTH="108" ID="PAG_18_ST000286" WC="1" CONTENT="Nous" STYLEREFS="TXT_5"/>
            <SP ID="PAG_18_SP000248" HPOS="3069" VPOS="3947" WIDTH="26"/>
            <String HPOS="3095" VPOS="3947" HEIGHT="24" WIDTH="45" ID="PAG_18_ST000287" WC="1" CONTENT="ne" STYLEREFS="TXT_5"/>
            <SP ID="PAG_18_SP000249" HPOS="3140" VPOS="3947" WIDTH="27"/>
            <String HPOS="3167" VPOS="3947" HEIGHT="25" WIDTH="95" ID="PAG_18_ST000288" WC="1" CONTENT="nous" STYLEREFS="TXT_5"/>
            <SP ID="PAG_18_SP000250" HPOS="3262" VPOS="3935" WIDTH="28"/>
            <String HPOS="3290" VPOS="3935" HEIGHT="37" WIDTH="121" ID="PAG_18_ST000289" WC="1" CONTENT="étions" STYLEREFS="TXT_5"/>
            <SP ID="PAG_18_SP000251" HPOS="3411" VPOS="3948" WIDTH="25"/>
            <String HPOS="3436" VPOS="3948" HEIGHT="33" WIDTH="68" ID="PAG_18_ST000290" WC="1" CONTENT="pas" STYLEREFS="TXT_5"/>
            <SP ID="PAG_18_SP000252" HPOS="3504" VPOS="3949" WIDTH="25"/>
            <String HPOS="3529" VPOS="3949" HEIGHT="24" WIDTH="70" ID="PAG_18_ST000291" WC="1" CONTENT="vus" STYLEREFS="TXT_5"/>
          </TextLine>
          <TextLine HPOS="2355" VPOS="3981" HEIGHT="45" WIDTH="166" ID="PAG_18_TL000040" STYLEREFS="TXT_5">
            <String HPOS="2355" VPOS="3981" HEIGHT="45" WIDTH="166" ID="PAG_18_ST000292" WC="1" CONTENT="depuis..." STYLEREFS="TXT_5"/>
          </TextLine>
        </TextBlock>
        <TextBlock HPOS="2400" VPOS="4033" HEIGHT="48" WIDTH="1126" ID="PAG_18_TB000019" LANG="fr" STYLEREFS="TXT_5">
          <TextLine HPOS="2400" VPOS="4033" HEIGHT="48" WIDTH="1126" ID="PAG_18_TL000041" STYLEREFS="TXT_5">
            <String HPOS="2400" VPOS="4054" HEIGHT="5" WIDTH="47" ID="PAG_18_ST000293" WC="0.88" CONTENT="—" STYLEREFS="TXT_5"/>
            <SP ID="PAG_18_SP000253" HPOS="2447" VPOS="4033" WIDTH="26"/>
            <String HPOS="2473" VPOS="4033" HEIGHT="36" WIDTH="61" ID="PAG_18_ST000294" WC="1" CONTENT="Oh" STYLEREFS="TXT_5"/>
            <SP ID="PAG_18_SP000254" HPOS="2534" VPOS="4033" WIDTH="37"/>
            <String HPOS="2571" VPOS="4033" HEIGHT="36" WIDTH="7" ID="PAG_18_ST000295" WC="1" CONTENT="!" STYLEREFS="TXT_5"/>
            <SP ID="PAG_18_SP000255" HPOS="2578" VPOS="4034" WIDTH="28"/>
            <String HPOS="2606" VPOS="4034" HEIGHT="36" WIDTH="54" ID="PAG_18_ST000296" WC="1" CONTENT="dit" STYLEREFS="TXT_5"/>
            <SP ID="PAG_18_SP000256" HPOS="2660" VPOS="4034" WIDTH="26"/>
            <String HPOS="2686" VPOS="4034" HEIGHT="44" WIDTH="161" ID="PAG_18_ST000297" WC="1" CONTENT="Hubert," STYLEREFS="TXT_5"/>
            <SP ID="PAG_18_SP000257" HPOS="2847" VPOS="4035" WIDTH="27"/>
            <String HPOS="2874" VPOS="4035" HEIGHT="45" WIDTH="131" ID="PAG_18_ST000298" WC="1" CONTENT="depuis" STYLEREFS="TXT_5"/>
            <SP ID="PAG_18_SP000258" HPOS="3005" VPOS="4043" WIDTH="26"/>
            <String HPOS="3031" VPOS="4043" HEIGHT="38" WIDTH="134" ID="PAG_18_ST000299" WC="1" CONTENT="quatre" STYLEREFS="TXT_5"/>
            <SP ID="PAG_18_SP000259" HPOS="3165" VPOS="4050" WIDTH="26"/>
            <String HPOS="3191" VPOS="4050" HEIGHT="23" WIDTH="68" ID="PAG_18_ST000300" WC="1" CONTENT="ans" STYLEREFS="TXT_5"/>
            <SP ID="PAG_18_SP000260" HPOS="3259" VPOS="4050" WIDTH="27"/>
            <String HPOS="3286" VPOS="4050" HEIGHT="23" WIDTH="47" ID="PAG_18_ST000301" WC="1" CONTENT="au" STYLEREFS="TXT_5"/>
            <SP ID="PAG_18_SP000261" HPOS="3333" VPOS="4038" WIDTH="25"/>
            <String HPOS="3358" VPOS="4038" HEIGHT="37" WIDTH="124" ID="PAG_18_ST000302" WC="1" CONTENT="moins" STYLEREFS="TXT_5"/>
            <SP ID="PAG_18_SP000262" HPOS="3482" VPOS="4038" WIDTH="37"/>
            <String HPOS="3519" VPOS="4038" HEIGHT="36" WIDTH="7" ID="PAG_18_ST000303" WC="0.00" CONTENT="!" STYLEREFS="TXT_5"/>
          </TextLine>
        </TextBlock>
        <TextBlock HPOS="2353" VPOS="4083" HEIGHT="252" WIDTH="1274" ID="PAG_18_TB000020" LANG="fr" STYLEREFS="TXT_5">
          <TextLine HPOS="2403" VPOS="4083" HEIGHT="50" WIDTH="1194" ID="PAG_18_TL000042" STYLEREFS="TXT_5">
            <String HPOS="2403" VPOS="4083" HEIGHT="37" WIDTH="137" ID="PAG_18_ST000304" WC="1" CONTENT="C'était" STYLEREFS="TXT_5"/>
            <SP ID="PAG_18_SP000263" HPOS="2540" VPOS="4085" WIDTH="32"/>
            <String HPOS="2572" VPOS="4085" HEIGHT="43" WIDTH="95" ID="PAG_18_ST000305" WC="1" CONTENT="vrai," STYLEREFS="TXT_5"/>
            <SP ID="PAG_18_SP000264" HPOS="2667" VPOS="4085" WIDTH="32"/>
            <String HPOS="2699" VPOS="4085" HEIGHT="44" WIDTH="106" ID="PAG_18_ST000306" WC="1" CONTENT="mais," STYLEREFS="TXT_5"/>
            <SP ID="PAG_18_SP000265" HPOS="2805" VPOS="4099" WIDTH="33"/>
            <String HPOS="2838" VPOS="4099" HEIGHT="23" WIDTH="46" ID="PAG_18_ST000307" WC="1" CONTENT="en" STYLEREFS="TXT_5"/>
            <SP ID="PAG_18_SP000266" HPOS="2884" VPOS="4086" WIDTH="32"/>
            <String HPOS="2916" VPOS="4086" HEIGHT="44" WIDTH="145" ID="PAG_18_ST000308" WC="1" CONTENT="réalité," STYLEREFS="TXT_5"/>
            <SP ID="PAG_18_SP000267" HPOS="3061" VPOS="4088" WIDTH="33"/>
            <String HPOS="3094" VPOS="4088" HEIGHT="35" WIDTH="24" ID="PAG_18_ST000309" WC="1" CONTENT="il" STYLEREFS="TXT_5"/>
            <SP ID="PAG_18_SP000268" HPOS="3118" VPOS="4101" WIDTH="32"/>
            <String HPOS="3150" VPOS="4101" HEIGHT="32" WIDTH="24" ID="PAG_18_ST000310" WC="1" CONTENT="y" STYLEREFS="TXT_5"/>
            <SP ID="PAG_18_SP000269" HPOS="3174" VPOS="4088" WIDTH="31"/>
            <String HPOS="3205" VPOS="4088" HEIGHT="36" WIDTH="104" ID="PAG_18_ST000311" WC="1" CONTENT="avait" STYLEREFS="TXT_5"/>
            <SP ID="PAG_18_SP000270" HPOS="3309" VPOS="4100" WIDTH="31"/>
            <String HPOS="3340" VPOS="4100" HEIGHT="33" WIDTH="160" ID="PAG_18_ST000312" WC="1" CONTENT="presque" STYLEREFS="TXT_5"/>
            <SP ID="PAG_18_SP000271" HPOS="3500" VPOS="4089" WIDTH="33"/>
            <String HPOS="3533" VPOS="4089" HEIGHT="37" WIDTH="64" ID="PAG_18_ST000313" WC="1" CONTENT="dix" STYLEREFS="TXT_5"/>
          </TextLine>
          <TextLine HPOS="2354" VPOS="4137" HEIGHT="48" WIDTH="1273" ID="PAG_18_TL000043" STYLEREFS="TXT_5">
            <String HPOS="2354" VPOS="4145" HEIGHT="24" WIDTH="67" ID="PAG_18_ST000314" WC="1" CONTENT="ans" STYLEREFS="TXT_5"/>
            <SP ID="PAG_18_SP000272" HPOS="2421" VPOS="4147" WIDTH="25"/>
            <String HPOS="2446" VPOS="4147" HEIGHT="32" WIDTH="70" ID="PAG_18_ST000315" WC="1" CONTENT="que" STYLEREFS="TXT_5"/>
            <SP ID="PAG_18_SP000273" HPOS="2516" VPOS="4147" WIDTH="24"/>
            <String HPOS="2540" VPOS="4147" HEIGHT="25" WIDTH="95" ID="PAG_18_ST000316" WC="1" CONTENT="nous" STYLEREFS="TXT_5"/>
            <SP ID="PAG_18_SP000274" HPOS="2635" VPOS="4137" WIDTH="25"/>
            <String HPOS="2660" VPOS="4137" HEIGHT="36" WIDTH="133" ID="PAG_18_ST000317" WC="1" CONTENT="avions" STYLEREFS="TXT_5"/>
            <SP ID="PAG_18_SP000275" HPOS="2793" VPOS="4137" WIDTH="24"/>
            <String HPOS="2817" VPOS="4137" HEIGHT="44" WIDTH="118" ID="PAG_18_ST000318" WC="1" CONTENT="perdu" STYLEREFS="TXT_5"/>
            <SP ID="PAG_18_SP000276" HPOS="2935" VPOS="4137" WIDTH="25"/>
            <String HPOS="2960" VPOS="4137" HEIGHT="38" WIDTH="206" ID="PAG_18_ST000319" WC="1" CONTENT="l'habitude" STYLEREFS="TXT_5"/>
            <SP ID="PAG_18_SP000277" HPOS="3166" VPOS="4140" WIDTH="24"/>
            <String HPOS="3190" VPOS="4140" HEIGHT="36" WIDTH="44" ID="PAG_18_ST000320" WC="1" CONTENT="de" STYLEREFS="TXT_5"/>
            <SP ID="PAG_18_SP000278" HPOS="3234" VPOS="4152" WIDTH="25"/>
            <String HPOS="3259" VPOS="4152" HEIGHT="24" WIDTH="95" ID="PAG_18_ST000321" WC="1" CONTENT="nous" STYLEREFS="TXT_5"/>
            <SP ID="PAG_18_SP000279" HPOS="3354" VPOS="4140" WIDTH="24"/>
            <String HPOS="3378" VPOS="4140" HEIGHT="36" WIDTH="85" ID="PAG_18_ST000322" WC="1" CONTENT="voir" STYLEREFS="TXT_5"/>
            <SP ID="PAG_18_SP000280" HPOS="3463" VPOS="4141" WIDTH="25"/>
            <String HPOS="3488" VPOS="4141" HEIGHT="44" WIDTH="109" ID="PAG_18_ST000323" WC="1" CONTENT="régu-" SUBS_TYPE="HypPart1" SUBS_CONTENT="régulièrement." STYLEREFS="TXT_5"/>
            <HYP HPOS="3597" VPOS="4185" WIDTH="30" CONTENT="-"/>
          </TextLine>
          <TextLine HPOS="2354" VPOS="4184" HEIGHT="49" WIDTH="1272" ID="PAG_18_TL000044" STYLEREFS="TXT_5">
            <String HPOS="2354" VPOS="4184" HEIGHT="38" WIDTH="207" ID="PAG_18_ST000324" WC="1" CONTENT="lièrement." SUBS_TYPE="HypPart2" SUBS_CONTENT="régulièrement." STYLEREFS="TXT_5"/>
            <SP ID="PAG_18_SP000281" HPOS="2561" VPOS="4187" WIDTH="30"/>
            <String HPOS="2591" VPOS="4187" HEIGHT="35" WIDTH="35" ID="PAG_18_ST000325" WC="1" CONTENT="A" STYLEREFS="TXT_5"/>
            <SP ID="PAG_18_SP000282" HPOS="2626" VPOS="4194" WIDTH="30"/>
            <String HPOS="2656" VPOS="4194" HEIGHT="30" WIDTH="96" ID="PAG_18_ST000326" WC="1" CONTENT="cette" STYLEREFS="TXT_5"/>
            <SP ID="PAG_18_SP000283" HPOS="2752" VPOS="4188" WIDTH="30"/>
            <String HPOS="2782" VPOS="4188" HEIGHT="45" WIDTH="210" ID="PAG_18_ST000327" WC="1" CONTENT="époque-là," STYLEREFS="TXT_5"/>
            <SP ID="PAG_18_SP000284" HPOS="2992" VPOS="4202" WIDTH="30"/>
            <String HPOS="3022" VPOS="4202" HEIGHT="23" WIDTH="95" ID="PAG_18_ST000328" WC="1" CONTENT="nous" STYLEREFS="TXT_5"/>
            <SP ID="PAG_18_SP000285" HPOS="3117" VPOS="4203" WIDTH="37"/>
            <String HPOS="3154" VPOS="4203" HEIGHT="22" WIDTH="18" ID="PAG_18_ST000329" WC="1" CONTENT="«" STYLEREFS="TXT_5"/>
            <SP ID="PAG_18_SP000286" HPOS="3172" VPOS="4190" WIDTH="31"/>
            <String HPOS="3203" VPOS="4190" HEIGHT="36" WIDTH="166" ID="PAG_18_ST000330" WC="1" CONTENT="sortions" STYLEREFS="TXT_5"/>
            <SP ID="PAG_18_SP000287" HPOS="3369" VPOS="4204" WIDTH="32"/>
            <String HPOS="3401" VPOS="4204" HEIGHT="22" WIDTH="19" ID="PAG_18_ST000331" WC="0.97" CONTENT="»" STYLEREFS="TXT_5"/>
            <SP ID="PAG_18_SP000288" HPOS="3420" VPOS="4203" WIDTH="33"/>
            <String HPOS="3453" VPOS="4203" HEIGHT="24" WIDTH="143" ID="PAG_18_ST000332" WC="1" CONTENT="ensem-" SUBS_TYPE="HypPart1" SUBS_CONTENT="ensemble" STYLEREFS="TXT_5"/>
            <HYP HPOS="3596" VPOS="4227" WIDTH="30" CONTENT="-"/>
          </TextLine>
          <TextLine HPOS="2353" VPOS="4235" HEIGHT="51" WIDTH="1273" ID="PAG_18_TL000045" STYLEREFS="TXT_5">
            <String HPOS="2353" VPOS="4235" HEIGHT="36" WIDTH="58" ID="PAG_18_ST000333" WC="1" CONTENT="ble" SUBS_TYPE="HypPart2" SUBS_CONTENT="ensemble" STYLEREFS="TXT_5"/>
            <SP ID="PAG_18_SP000289" HPOS="2411" VPOS="4236" WIDTH="26"/>
            <String HPOS="2437" VPOS="4236" HEIGHT="36" WIDTH="77" ID="PAG_18_ST000334" WC="1" CONTENT="très" STYLEREFS="TXT_5"/>
            <SP ID="PAG_18_SP000290" HPOS="2514" VPOS="4245" WIDTH="26"/>
            <String HPOS="2540" VPOS="4245" HEIGHT="29" WIDTH="170" ID="PAG_18_ST000335" WC="1" CONTENT="souvent." STYLEREFS="TXT_5"/>
            <SP ID="PAG_18_SP000291" HPOS="2710" VPOS="4239" WIDTH="28"/>
            <String HPOS="2738" VPOS="4239" HEIGHT="45" WIDTH="179" ID="PAG_18_ST000336" WC="1" CONTENT="Depuis..." STYLEREFS="TXT_5"/>
            <SP ID="PAG_18_SP000292" HPOS="2917" VPOS="4239" WIDTH="27"/>
            <String HPOS="2944" VPOS="4239" HEIGHT="35" WIDTH="31" ID="PAG_18_ST000337" WC="1" CONTENT="Il" STYLEREFS="TXT_5"/>
            <SP ID="PAG_18_SP000293" HPOS="2975" VPOS="4252" WIDTH="26"/>
            <String HPOS="3001" VPOS="4252" HEIGHT="24" WIDTH="95" ID="PAG_18_ST000338" WC="1" CONTENT="nous" STYLEREFS="TXT_5"/>
            <SP ID="PAG_18_SP000294" HPOS="3096" VPOS="4241" WIDTH="30"/>
            <String HPOS="3126" VPOS="4241" HEIGHT="36" WIDTH="111" ID="PAG_18_ST000339" WC="1" CONTENT="fallut" STYLEREFS="TXT_5"/>
            <SP ID="PAG_18_SP000295" HPOS="3237" VPOS="4242" WIDTH="25"/>
            <String HPOS="3262" VPOS="4242" HEIGHT="44" WIDTH="188" ID="PAG_18_ST000340" WC="1" CONTENT="plusieurs" STYLEREFS="TXT_5"/>
            <SP ID="PAG_18_SP000296" HPOS="3450" VPOS="4242" WIDTH="25"/>
            <String HPOS="3475" VPOS="4242" HEIGHT="36" WIDTH="121" ID="PAG_18_ST000341" WC="1" CONTENT="minu-" SUBS_TYPE="HypPart1" SUBS_CONTENT="minutes" STYLEREFS="TXT_5"/>
            <HYP HPOS="3596" VPOS="4278" WIDTH="30" CONTENT="-"/>
          </TextLine>
          <TextLine HPOS="2354" VPOS="4288" HEIGHT="47" WIDTH="815" ID="PAG_18_TL000046" STYLEREFS="TXT_5">
            <String HPOS="2354" VPOS="4292" HEIGHT="30" WIDTH="55" ID="PAG_18_ST000342" WC="1" CONTENT="tes" SUBS_TYPE="HypPart2" SUBS_CONTENT="minutes" STYLEREFS="TXT_5"/>
            <SP ID="PAG_18_SP000297" HPOS="2409" VPOS="4299" WIDTH="27"/>
            <String HPOS="2436" VPOS="4299" HEIGHT="32" WIDTH="95" ID="PAG_18_ST000343" WC="1" CONTENT="pour" STYLEREFS="TXT_5"/>
            <SP ID="PAG_18_SP000298" HPOS="2531" VPOS="4288" WIDTH="29"/>
            <String HPOS="2560" VPOS="4288" HEIGHT="36" WIDTH="98" ID="PAG_18_ST000344" WC="1" CONTENT="faire" STYLEREFS="TXT_5"/>
            <SP ID="PAG_18_SP000299" HPOS="2658" VPOS="4290" WIDTH="28"/>
            <String HPOS="2686" VPOS="4290" HEIGHT="35" WIDTH="32" ID="PAG_18_ST000345" WC="1" CONTENT="le" STYLEREFS="TXT_5"/>
            <SP ID="PAG_18_SP000300" HPOS="2718" VPOS="4290" WIDTH="26"/>
            <String HPOS="2744" VPOS="4290" HEIGHT="44" WIDTH="117" ID="PAG_18_ST000346" WC="1" CONTENT="point." STYLEREFS="TXT_5"/>
            <SP ID="PAG_18_SP000301" HPOS="2861" VPOS="4290" WIDTH="27"/>
            <String HPOS="2888" VPOS="4290" HEIGHT="44" WIDTH="125" ID="PAG_18_ST000347" WC="1" CONTENT="Après" STYLEREFS="TXT_5"/>
            <SP ID="PAG_18_SP000302" HPOS="3013" VPOS="4292" WIDTH="26"/>
            <String HPOS="3039" VPOS="4292" HEIGHT="43" WIDTH="86" ID="PAG_18_ST000348" WC="1" CONTENT="quoi" STYLEREFS="TXT_5"/>
            <SP ID="PAG_18_SP000303" HPOS="3125" VPOS="4305" WIDTH="37"/>
            <String HPOS="3162" VPOS="4305" HEIGHT="22" WIDTH="7" ID="PAG_18_ST000349" WC="1" CONTENT=":" STYLEREFS="TXT_5"/>
          </TextLine>
        </TextBlock>
        <TextBlock HPOS="2399" VPOS="4338" HEIGHT="51" WIDTH="1055" ID="PAG_18_TB000021" LANG="fr" STYLEREFS="TXT_5">
          <TextLine HPOS="2399" VPOS="4338" HEIGHT="51" WIDTH="1055" ID="PAG_18_TL000047" STYLEREFS="TXT_5">
            <String HPOS="2399" VPOS="4359" HEIGHT="5" WIDTH="48" ID="PAG_18_ST000350" WC="0.88" CONTENT="—" STYLEREFS="TXT_5"/>
            <SP ID="PAG_18_SP000304" HPOS="2447" VPOS="4338" WIDTH="25"/>
            <String HPOS="2472" VPOS="4338" HEIGHT="37" WIDTH="100" ID="PAG_18_ST000351" WC="1" CONTENT="C'est" STYLEREFS="TXT_5"/>
            <SP ID="PAG_18_SP000305" HPOS="2572" VPOS="4339" WIDTH="26"/>
            <String HPOS="2598" VPOS="4339" HEIGHT="46" WIDTH="203" ID="PAG_18_ST000352" WC="1" CONTENT="effrayant," STYLEREFS="TXT_5"/>
            <SP ID="PAG_18_SP000306" HPOS="2801" VPOS="4353" WIDTH="27"/>
            <String HPOS="2828" VPOS="4353" HEIGHT="24" WIDTH="58" ID="PAG_18_ST000353" WC="1" CONTENT="me" STYLEREFS="TXT_5"/>
            <SP ID="PAG_18_SP000307" HPOS="2886" VPOS="4341" WIDTH="26"/>
            <String HPOS="2912" VPOS="4341" HEIGHT="36" WIDTH="54" ID="PAG_18_ST000354" WC="1" CONTENT="dit" STYLEREFS="TXT_5"/>
            <SP ID="PAG_18_SP000308" HPOS="2966" VPOS="4341" WIDTH="27"/>
            <String HPOS="2993" VPOS="4341" HEIGHT="38" WIDTH="161" ID="PAG_18_ST000355" WC="1" CONTENT="Hubert." STYLEREFS="TXT_5"/>
            <SP ID="PAG_18_SP000309" HPOS="3154" VPOS="4343" WIDTH="29"/>
            <String HPOS="3183" VPOS="4343" HEIGHT="46" WIDTH="234" ID="PAG_18_ST000356" WC="0.92" CONTENT="Effrayant..." STYLEREFS="TXT_5"/>
            <SP ID="PAG_18_SP000310" HPOS="3417" VPOS="4343" WIDTH="1"/>
            <String HPOS="3417" VPOS="4343" HEIGHT="46" WIDTH="37" ID="PAG_18_ST000357" WC="0.92" CONTENT="'" STYLEREFS="TXT_5"/>
          </TextLine>
        </TextBlock>
        <TextBlock HPOS="2399" VPOS="4389" HEIGHT="49" WIDTH="637" ID="PAG_18_TB000022" LANG="fr" STYLEREFS="TXT_5">
          <TextLine HPOS="2399" VPOS="4389" HEIGHT="49" WIDTH="637" ID="PAG_18_TL000048" STYLEREFS="TXT_5">
            <String HPOS="2399" VPOS="4409" HEIGHT="6" WIDTH="48" ID="PAG_18_ST000358" WC="0.88" CONTENT="—" STYLEREFS="TXT_5"/>
            <SP ID="PAG_18_SP000311" HPOS="2447" VPOS="4389" WIDTH="24"/>
            <String HPOS="2471" VPOS="4389" HEIGHT="44" WIDTH="100" ID="PAG_18_ST000359" WC="1" CONTENT="Quoi" STYLEREFS="TXT_5"/>
            <SP ID="PAG_18_SP000312" HPOS="2571" VPOS="4391" WIDTH="25"/>
            <String HPOS="2596" VPOS="4391" HEIGHT="35" WIDTH="98" ID="PAG_18_ST000360" WC="1" CONTENT="donc" STYLEREFS="TXT_5"/>
            <SP ID="PAG_18_SP000313" HPOS="2694" VPOS="4391" WIDTH="32"/>
            <String HPOS="2726" VPOS="4391" HEIGHT="36" WIDTH="14" ID="PAG_18_ST000361" WC="1" CONTENT="?" STYLEREFS="TXT_5"/>
            <SP ID="PAG_18_SP000314" HPOS="2740" VPOS="4392" WIDTH="26"/>
            <String HPOS="2766" VPOS="4392" HEIGHT="46" WIDTH="270" ID="PAG_18_ST000362" WC="1" CONTENT="demandai-je." STYLEREFS="TXT_5"/>
          </TextLine>
        </TextBlock>
        <TextBlock HPOS="2400" VPOS="4440" HEIGHT="45" WIDTH="618" ID="PAG_18_TB000023" LANG="fr" STYLEREFS="TXT_5">
          <TextLine HPOS="2400" VPOS="4440" HEIGHT="45" WIDTH="618" ID="PAG_18_TL000049" STYLEREFS="TXT_5">
            <String HPOS="2400" VPOS="4461" HEIGHT="6" WIDTH="47" ID="PAG_18_ST000363" WC="0.88" CONTENT="—" STYLEREFS="TXT_5"/>
            <SP ID="PAG_18_SP000315" HPOS="2447" VPOS="4440" WIDTH="27"/>
            <String HPOS="2474" VPOS="4440" HEIGHT="36" WIDTH="72" ID="PAG_18_ST000364" WC="1" CONTENT="Les" STYLEREFS="TXT_5"/>
            <SP ID="PAG_18_SP000316" HPOS="2546" VPOS="4441" WIDTH="31"/>
            <String HPOS="2577" VPOS="4441" HEIGHT="44" WIDTH="169" ID="PAG_18_ST000365" WC="1" CONTENT="femmes," STYLEREFS="TXT_5"/>
            <SP ID="PAG_18_SP000317" HPOS="2746" VPOS="4443" WIDTH="29"/>
            <String HPOS="2775" VPOS="4443" HEIGHT="36" WIDTH="54" ID="PAG_18_ST000366" WC="1" CONTENT="dit" STYLEREFS="TXT_5"/>
            <SP ID="PAG_18_SP000318" HPOS="2829" VPOS="4443" WIDTH="27"/>
            <String HPOS="2856" VPOS="4443" HEIGHT="37" WIDTH="162" ID="PAG_18_ST000367" WC="1" CONTENT="Hubert." STYLEREFS="TXT_5"/>
          </TextLine>
        </TextBlock>
        <TextBlock HPOS="2399" VPOS="4490" HEIGHT="49" WIDTH="581" ID="PAG_18_TB000024" LANG="fr" STYLEREFS="TXT_5">
          <TextLine HPOS="2399" VPOS="4490" HEIGHT="49" WIDTH="581" ID="PAG_18_TL000050" STYLEREFS="TXT_5">
            <String HPOS="2399" VPOS="4512" HEIGHT="5" WIDTH="48" ID="PAG_18_ST000368" WC="0.88" CONTENT="—" STYLEREFS="TXT_5"/>
            <SP ID="PAG_18_SP000319" HPOS="2447" VPOS="4490" WIDTH="22"/>
            <String HPOS="2469" VPOS="4490" HEIGHT="47" WIDTH="219" ID="PAG_18_ST000369" WC="0.94" CONTENT="Effrayant," STYLEREFS="TXT_5"/>
            <SP ID="PAG_18_SP000320" HPOS="2688" VPOS="4493" WIDTH="15"/>
            <String HPOS="2703" VPOS="4493" HEIGHT="35" WIDTH="15" ID="PAG_18_ST000370" WC="1" CONTENT="?" STYLEREFS="TXT_5"/>
            <SP ID="PAG_18_SP000321" HPOS="2718" VPOS="4493" WIDTH="24"/>
            <String HPOS="2742" VPOS="4493" HEIGHT="46" WIDTH="192" ID="PAG_18_ST000371" WC="1" CONTENT="Pourquoi" STYLEREFS="TXT_5"/>
            <SP ID="PAG_18_SP000322" HPOS="2934" VPOS="4494" WIDTH="31"/>
            <String HPOS="2965" VPOS="4494" HEIGHT="36" WIDTH="15" ID="PAG_18_ST000372" WC="1" CONTENT="?" STYLEREFS="TXT_5"/>
          </TextLine>
        </TextBlock>
        <TextBlock HPOS="2401" VPOS="4541" HEIGHT="48" WIDTH="1192" ID="PAG_18_TB000025" LANG="fr" STYLEREFS="TXT_5">
          <TextLine HPOS="2401" VPOS="4541" HEIGHT="48" WIDTH="1192" ID="PAG_18_TL000051" STYLEREFS="TXT_5">
            <String HPOS="2401" VPOS="4541" HEIGHT="37" WIDTH="151" ID="PAG_18_ST000373" WC="1" CONTENT="Hubert" STYLEREFS="TXT_5"/>
            <SP ID="PAG_18_SP000323" HPOS="2552" VPOS="4555" WIDTH="33"/>
            <String HPOS="2585" VPOS="4555" HEIGHT="25" WIDTH="58" ID="PAG_18_ST000374" WC="1" CONTENT="me" STYLEREFS="TXT_5"/>
            <SP ID="PAG_18_SP000324" HPOS="2643" VPOS="4543" WIDTH="34"/>
            <String HPOS="2677" VPOS="4543" HEIGHT="45" WIDTH="74" ID="PAG_18_ST000375" WC="1" CONTENT="prit" STYLEREFS="TXT_5"/>
            <SP ID="PAG_18_SP000325" HPOS="2751" VPOS="4556" WIDTH="34"/>
            <String HPOS="2785" VPOS="4556" HEIGHT="33" WIDTH="68" ID="PAG_18_ST000376" WC="1" CONTENT="par" STYLEREFS="TXT_5"/>
            <SP ID="PAG_18_SP000326" HPOS="2853" VPOS="4545" WIDTH="35"/>
            <String HPOS="2888" VPOS="4545" HEIGHT="37" WIDTH="32" ID="PAG_18_ST000377" WC="1" CONTENT="le" STYLEREFS="TXT_5"/>
            <SP ID="PAG_18_SP000327" HPOS="2920" VPOS="4545" WIDTH="34"/>
            <String HPOS="2954" VPOS="4545" HEIGHT="37" WIDTH="88" ID="PAG_18_ST000378" WC="1" CONTENT="bras" STYLEREFS="TXT_5"/>
            <SP ID="PAG_18_SP000328" HPOS="3042" VPOS="4553" WIDTH="34"/>
            <String HPOS="3076" VPOS="4553" HEIGHT="30" WIDTH="35" ID="PAG_18_ST000379" WC="1" CONTENT="et" STYLEREFS="TXT_5"/>
            <SP ID="PAG_18_SP000329" HPOS="3111" VPOS="4548" WIDTH="45"/>
            <String HPOS="3156" VPOS="4548" HEIGHT="36" WIDTH="226" ID="PAG_18_ST000380" WC="1" CONTENT="m'entraîna" STYLEREFS="TXT_5"/>
            <SP ID="PAG_18_SP000330" HPOS="3382" VPOS="4561" WIDTH="46"/>
            <String HPOS="3428" VPOS="4561" HEIGHT="23" WIDTH="87" ID="PAG_18_ST000381" WC="1" CONTENT="vers" STYLEREFS="TXT_5"/>
            <SP ID="PAG_18_SP000331" HPOS="3515" VPOS="4549" WIDTH="46"/>
            <String HPOS="3561" VPOS="4549" HEIGHT="36" WIDTH="32" ID="PAG_18_ST000382" WC="1" CONTENT="le" STYLEREFS="TXT_5"/>
          </TextLine>
        </TextBlock>
      </PrintSpace>
    </Page>
  </Layout>
</alto>