<?xml version="1.0" encoding="UTF-8"?>
<alto xmlns="http://www.loc.gov/standards/alto/ns-v3#" xmlns:xsi="http://www.w3.org/2001/XMLSchema-instance" SCHEMAVERSION="alto_bnf-v2_0" xsi:schemaLocation="http://www.loc.gov/standards/alto/ns-v3# http://bibnum.bnf.fr/schema/alto_bnf-v2_0.xsd" xmlns:xlink="http://www.w3.org/TR/xlink">
  <Description>
    <MeasurementUnit>pixel</MeasurementUnit>
    <sourceImageInformation>
      <fileName>00000024.jp2</fileName>
      <fileIdentifier>ark:/12148/bpt6k47010350/f24</fileIdentifier>
      <documentIdentifier documentIdentifierLocation="NUM">4701035</documentIdentifier>
    </sourceImageInformation>
    <OCRProcessing ID="OCR_1">
      <ocrProcessingStep>
        <processingDateTime>2019-01-31</processingDateTime>
        <processingStepDescription>[001_OCR_BRUT]OCR BRUT 96.31 %</processingStepDescription>
        <processingStepDescription>[002_CHARS]{593}</processingStepDescription>
        <processingStepDescription>[003_CHARS_USED]{47}</processingStepDescription>
        <processingStepDescription>[004_CHARS_SUSPECTS_USED]{0}</processingStepDescription>
        <processingStepDescription>[005_CHARS_UNUSED]{546}</processingStepDescription>
        <processingStepDescription>[006_CHARS_SUSPECTS_UNUSED]{0}</processingStepDescription>
        <processingStepDescription>[007_STRINGS]{129}</processingStepDescription>
        <processingStepDescription>[008_STRINGS_USED]{10}</processingStepDescription>
        <processingStepDescription>[009_STRINGS_SUSPECTS_UNUSED]{0}</processingStepDescription>
        <processingStepDescription>[010_CHARS_LETTERS]{562}</processingStepDescription>
        <processingStepDescription>[011_CHARS_PUNCTUATION]{23}</processingStepDescription>
        <processingStepDescription>[012_CHARS_DIGITS]{4}</processingStepDescription>
        <processingStepDescription>[013_CHARS_SUSPECT]{0}</processingStepDescription>
        <processingStepDescription>[022_CHARS_UNUSED_BY_BLOCK]{0}</processingStepDescription>
        <processingStepDescription>[023_BLOCKS_SUSPECTS]{0}</processingStepDescription>
        <processingStepDescription>[111_LIGS_DETECTED_CURV]{0}</processingStepDescription>
      </ocrProcessingStep>
    </OCRProcessing>
  </Description>
  <Styles>
    <TextStyle FONTSIZE="8" ID="TXT_13" FONTFAMILY="Arial"/>
    <TextStyle FONTSIZE="17" ID="TXT_34" FONTFAMILY="Arial"/>
    <TextStyle FONTSIZE="10" ID="TXT_48" FONTFAMILY="Arial"/>
  </Styles>
  <Tags>
    <StructureTag DESCRIPTION="SELON CHAQUE HEURE DU JOUR" TYPE="Structural" ID="TAG_ST001" LABEL="title"/>
    <StructureTag DESCRIPTION="VOICI POUR VOUS JEUNES FILLES" TYPE="Structural" ID="TAG_ST002" LABEL="subtitle"/>
  </Tags>
  <Layout>
    <Page ID="PAG_24" HEIGHT="4983" WIDTH="7522" PHYSICAL_IMG_NR="24" QUALITY="OK" ACCURACY="99.96">
      <PrintSpace HPOS="269" VPOS="210" HEIGHT="4419" WIDTH="7078" ID="PAG_24_PrintSpace">
        <Illustration ID="PAG_24_IL000001" HPOS="269" VPOS="210" HEIGHT="3560" WIDTH="7078"/>
        <TextBlock HPOS="1698" VPOS="3796" HEIGHT="86" WIDTH="1566" ID="PAG_24_TB000001" TAGREFS="TAG_ST001" LANG="fr" STYLEREFS="TXT_34">
          <TextLine HPOS="1698" VPOS="3796" HEIGHT="86" WIDTH="1566" ID="PAG_24_TL000001" STYLEREFS="TXT_34">
            <String HPOS="1698" VPOS="3796" HEIGHT="70" WIDTH="290" ID="PAG_24_ST000001" WC="1" CONTENT="SELON" STYLEREFS="TXT_34"/>
            <SP ID="PAG_24_SP000001" HPOS="1988" VPOS="3796" WIDTH="48"/>
            <String HPOS="2036" VPOS="3796" HEIGHT="86" WIDTH="386" ID="PAG_24_ST000002" WC="1" CONTENT="CHAQUE" STYLEREFS="TXT_34"/>
            <SP ID="PAG_24_SP000002" HPOS="2422" VPOS="3796" WIDTH="56"/>
            <String HPOS="2478" VPOS="3796" HEIGHT="76" WIDTH="306" ID="PAG_24_ST000003" WC="1" CONTENT="HEURE" STYLEREFS="TXT_34"/>
            <SP ID="PAG_24_SP000003" HPOS="2784" VPOS="3800" WIDTH="58"/>
            <String HPOS="2842" VPOS="3800" HEIGHT="72" WIDTH="130" ID="PAG_24_ST000004" WC="1" CONTENT="DU" STYLEREFS="TXT_34"/>
            <SP ID="PAG_24_SP000004" HPOS="2972" VPOS="3798" WIDTH="38"/>
            <String HPOS="3010" VPOS="3798" HEIGHT="76" WIDTH="254" ID="PAG_24_ST000005" WC="1" CONTENT="JOUR" STYLEREFS="TXT_34"/>
          </TextLine>
        </TextBlock>
        <TextBlock HPOS="1648" VPOS="3884" HEIGHT="320" WIDTH="3826" ID="PAG_24_TB000002" TAGREFS="TAG_ST002" LANG="fr" STYLEREFS="TXT_34">
          <TextLine HPOS="1648" VPOS="3884" HEIGHT="320" WIDTH="3826" ID="PAG_24_TL000002" STYLEREFS="TXT_34">
            <String HPOS="1648" VPOS="3884" HEIGHT="320" WIDTH="765" ID="PAG_24_ST000006" WC="1" CONTENT="VOICI" STYLEREFS="TXT_34"/>
            <SP ID="PAG_24_SP000005" HPOS="2413" VPOS="3884" WIDTH="1"/>
            <String HPOS="2413" VPOS="3884" HEIGHT="320" WIDTH="637" ID="PAG_24_ST000007" WC="1" CONTENT="POUR" STYLEREFS="TXT_34"/>
            <SP ID="PAG_24_SP000006" HPOS="3050" VPOS="3884" WIDTH="1"/>
            <String HPOS="3050" VPOS="3884" HEIGHT="320" WIDTH="637" ID="PAG_24_ST000008" WC="1" CONTENT="VOUS" STYLEREFS="TXT_34"/>
            <SP ID="PAG_24_SP000007" HPOS="3687" VPOS="3884" WIDTH="1"/>
            <String HPOS="3687" VPOS="3884" HEIGHT="320" WIDTH="892" ID="PAG_24_ST000009" WC="1" CONTENT="JEUNES" STYLEREFS="TXT_34"/>
            <SP ID="PAG_24_SP000008" HPOS="4579" VPOS="3884" WIDTH="1"/>
            <String HPOS="4579" VPOS="3884" HEIGHT="320" WIDTH="895" ID="PAG_24_ST000010" WC="1" CONTENT="FILLES" STYLEREFS="TXT_34"/>
          </TextLine>
        </TextBlock>
        <TextBlock HPOS="650" VPOS="4240" HEIGHT="330" WIDTH="1494" ID="PAG_24_TB000003" LANG="fr" STYLEREFS="TXT_48">
          <TextLine HPOS="650" VPOS="4240" HEIGHT="74" WIDTH="1492" ID="PAG_24_TL000003" STYLEREFS="TXT_48">
            <String HPOS="650" VPOS="4242" HEIGHT="53" WIDTH="58" ID="PAG_24_ST000011" WC="0.67" CONTENT="*" STYLEREFS="TXT_34"/>
            <SP ID="PAG_24_SP000009" HPOS="708" VPOS="4240" WIDTH="11"/>
            <String HPOS="719" VPOS="4240" HEIGHT="66" WIDTH="272" ID="PAG_24_ST000012" WC="1" CONTENT="L'élégance" STYLEREFS="TXT_48"/>
            <SP ID="PAG_24_SP000010" HPOS="991" VPOS="4244" WIDTH="27"/>
            <String HPOS="1018" VPOS="4244" HEIGHT="49" WIDTH="82" ID="PAG_24_ST000013" WC="1" CONTENT="des" STYLEREFS="TXT_48"/>
            <SP ID="PAG_24_SP000011" HPOS="1100" VPOS="4244" WIDTH="33"/>
            <String HPOS="1133" VPOS="4244" HEIGHT="64" WIDTH="166" ID="PAG_24_ST000014" WC="1" CONTENT="jeunes" STYLEREFS="TXT_48"/>
            <SP ID="PAG_24_SP000012" HPOS="1299" VPOS="4244" WIDTH="38"/>
            <String HPOS="1337" VPOS="4244" HEIGHT="52" WIDTH="122" ID="PAG_24_ST000015" WC="1" CONTENT="filles" STYLEREFS="TXT_48"/>
            <SP ID="PAG_24_SP000013" HPOS="1459" VPOS="4247" WIDTH="34"/>
            <String HPOS="1493" VPOS="4247" HEIGHT="49" WIDTH="102" ID="PAG_24_ST000016" WC="1" CONTENT="doit" STYLEREFS="TXT_48"/>
            <SP ID="PAG_24_SP000014" HPOS="1595" VPOS="4258" WIDTH="39"/>
            <String HPOS="1634" VPOS="4258" HEIGHT="41" WIDTH="146" ID="PAG_24_ST000017" WC="1" CONTENT="rester" STYLEREFS="TXT_48"/>
            <SP ID="PAG_24_SP000015" HPOS="1780" VPOS="4248" WIDTH="33"/>
            <String HPOS="1813" VPOS="4248" HEIGHT="66" WIDTH="185" ID="PAG_24_ST000018" WC="0.98" CONTENT="simple," STYLEREFS="TXT_48"/>
            <SP ID="PAG_24_SP000016" HPOS="1998" VPOS="4251" WIDTH="41"/>
            <String HPOS="2039" VPOS="4251" HEIGHT="63" WIDTH="103" ID="PAG_24_ST000019" WC="1" CONTENT="gaie" STYLEREFS="TXT_48"/>
          </TextLine>
          <TextLine HPOS="715" VPOS="4324" HEIGHT="71" WIDTH="1429" ID="PAG_24_TL000004" STYLEREFS="TXT_48">
            <String HPOS="715" VPOS="4338" HEIGHT="38" WIDTH="49" ID="PAG_24_ST000020" WC="1" CONTENT="et" STYLEREFS="TXT_48"/>
            <SP ID="PAG_24_SP000017" HPOS="764" VPOS="4324" WIDTH="42"/>
            <String HPOS="806" VPOS="4324" HEIGHT="53" WIDTH="189" ID="PAG_24_ST000021" WC="1" CONTENT="fraîche." STYLEREFS="TXT_48"/>
            <SP ID="PAG_24_SP000018" HPOS="995" VPOS="4326" WIDTH="46"/>
            <String HPOS="1041" VPOS="4326" HEIGHT="57" WIDTH="99" ID="PAG_24_ST000022" WC="1" CONTENT="Elle" STYLEREFS="TXT_48"/>
            <SP ID="PAG_24_SP000019" HPOS="1140" VPOS="4346" WIDTH="45"/>
            <String HPOS="1185" VPOS="4346" HEIGHT="33" WIDTH="58" ID="PAG_24_ST000023" WC="1" CONTENT="ne" STYLEREFS="TXT_48"/>
            <SP ID="PAG_24_SP000020" HPOS="1243" VPOS="4330" WIDTH="46"/>
            <String HPOS="1289" VPOS="4330" HEIGHT="52" WIDTH="103" ID="PAG_24_ST000024" WC="1" CONTENT="doit" STYLEREFS="TXT_48"/>
            <SP ID="PAG_24_SP000021" HPOS="1392" VPOS="4330" WIDTH="43"/>
            <String HPOS="1435" VPOS="4330" HEIGHT="65" WIDTH="169" ID="PAG_24_ST000025" WC="1" CONTENT="jamais" STYLEREFS="TXT_48"/>
            <SP ID="PAG_24_SP000022" HPOS="1604" VPOS="4330" WIDTH="45"/>
            <String HPOS="1649" VPOS="4330" HEIGHT="54" WIDTH="224" ID="PAG_24_ST000026" WC="1" CONTENT="chercher" STYLEREFS="TXT_48"/>
            <SP ID="PAG_24_SP000023" HPOS="1873" VPOS="4335" WIDTH="44"/>
            <String HPOS="1917" VPOS="4335" HEIGHT="49" WIDTH="25" ID="PAG_24_ST000027" WC="1" CONTENT="à" STYLEREFS="TXT_48"/>
            <SP ID="PAG_24_SP000024" HPOS="1942" VPOS="4333" WIDTH="42"/>
            <String HPOS="1984" VPOS="4333" HEIGHT="55" WIDTH="160" ID="PAG_24_ST000028" WC="1" CONTENT="imiter" STYLEREFS="TXT_48"/>
          </TextLine>
          <TextLine HPOS="718" VPOS="4408" HEIGHT="73" WIDTH="1425" ID="PAG_24_TL000005" STYLEREFS="TXT_48">
            <String HPOS="718" VPOS="4408" HEIGHT="51" WIDTH="114" ID="PAG_24_ST000029" WC="1" CONTENT="celle" STYLEREFS="TXT_48"/>
            <SP ID="PAG_24_SP000025" HPOS="832" VPOS="4410" WIDTH="34"/>
            <String HPOS="866" VPOS="4410" HEIGHT="53" WIDTH="82" ID="PAG_24_ST000030" WC="1" CONTENT="des" STYLEREFS="TXT_48"/>
            <SP ID="PAG_24_SP000026" HPOS="948" VPOS="4411" WIDTH="30"/>
            <String HPOS="978" VPOS="4411" HEIGHT="65" WIDTH="165" ID="PAG_24_ST000031" WC="1" CONTENT="jeunes" STYLEREFS="TXT_48"/>
            <SP ID="PAG_24_SP000027" HPOS="1143" VPOS="4416" WIDTH="31"/>
            <String HPOS="1174" VPOS="4416" HEIGHT="49" WIDTH="219" ID="PAG_24_ST000032" WC="1" CONTENT="femmes." STYLEREFS="TXT_48"/>
            <SP ID="PAG_24_SP000028" HPOS="1393" VPOS="4415" WIDTH="37"/>
            <String HPOS="1430" VPOS="4415" HEIGHT="66" WIDTH="249" ID="PAG_24_ST000033" WC="1" CONTENT="Pourquoi" STYLEREFS="TXT_48"/>
            <SP ID="PAG_24_SP000029" HPOS="1679" VPOS="4416" WIDTH="33"/>
            <String HPOS="1712" VPOS="4416" HEIGHT="52" WIDTH="128" ID="PAG_24_ST000034" WC="1" CONTENT="donc" STYLEREFS="TXT_48"/>
            <SP ID="PAG_24_SP000030" HPOS="1840" VPOS="4416" WIDTH="29"/>
            <String HPOS="1869" VPOS="4416" HEIGHT="54" WIDTH="195" ID="PAG_24_ST000035" WC="0.98" CONTENT="vouloir" STYLEREFS="TXT_48"/>
            <SP ID="PAG_24_SP000031" HPOS="2064" VPOS="4436" WIDTH="30"/>
            <String HPOS="2094" VPOS="4436" HEIGHT="34" WIDTH="49" ID="PAG_24_ST000036" WC="1" CONTENT="se" STYLEREFS="TXT_48"/>
          </TextLine>
          <TextLine HPOS="719" VPOS="4493" HEIGHT="77" WIDTH="1424" ID="PAG_24_TL000006" STYLEREFS="TXT_48">
            <String HPOS="719" VPOS="4493" HEIGHT="51" WIDTH="168" ID="PAG_24_ST000037" WC="1" CONTENT="vieillir" STYLEREFS="TXT_48"/>
            <SP ID="PAG_24_SP000032" HPOS="887" VPOS="4508" WIDTH="43"/>
            <String HPOS="930" VPOS="4508" HEIGHT="38" WIDTH="47" ID="PAG_24_ST000038" WC="1" CONTENT="et" STYLEREFS="TXT_48"/>
            <SP ID="PAG_24_SP000033" HPOS="977" VPOS="4497" WIDTH="42"/>
            <String HPOS="1019" VPOS="4497" HEIGHT="53" WIDTH="135" ID="PAG_24_ST000039" WC="1" CONTENT="avoir" STYLEREFS="TXT_48"/>
            <SP ID="PAG_24_SP000034" HPOS="1154" VPOS="4496" WIDTH="50"/>
            <String HPOS="1204" VPOS="4496" HEIGHT="54" WIDTH="92" ID="PAG_24_ST000040" WC="0.96" CONTENT="l'air" STYLEREFS="TXT_48"/>
            <SP ID="PAG_24_SP000035" HPOS="1296" VPOS="4516" WIDTH="49"/>
            <String HPOS="1345" VPOS="4516" HEIGHT="28" WIDTH="24" ID="PAG_24_ST000041" WC="1" CONTENT="«" STYLEREFS="TXT_48"/>
            <SP ID="PAG_24_SP000036" HPOS="1369" VPOS="4500" WIDTH="49"/>
            <String HPOS="1418" VPOS="4500" HEIGHT="53" WIDTH="185" ID="PAG_24_ST000042" WC="1" CONTENT="sérieux" STYLEREFS="TXT_48"/>
            <SP ID="PAG_24_SP000037" HPOS="1603" VPOS="4517" WIDTH="47"/>
            <String HPOS="1650" VPOS="4517" HEIGHT="44" WIDTH="42" ID="PAG_24_ST000043" WC="1" CONTENT="»," STYLEREFS="TXT_48"/>
            <SP ID="PAG_24_SP000038" HPOS="1692" VPOS="4500" WIDTH="47"/>
            <String HPOS="1739" VPOS="4500" HEIGHT="55" WIDTH="125" ID="PAG_24_ST000044" WC="1" CONTENT="alors" STYLEREFS="TXT_48"/>
            <SP ID="PAG_24_SP000039" HPOS="1864" VPOS="4520" WIDTH="44"/>
            <String HPOS="1908" VPOS="4520" HEIGHT="50" WIDTH="92" ID="PAG_24_ST000045" WC="1" CONTENT="que" STYLEREFS="TXT_48"/>
            <SP ID="PAG_24_SP000040" HPOS="2000" VPOS="4501" WIDTH="49"/>
            <String HPOS="2049" VPOS="4501" HEIGHT="56" WIDTH="94" ID="PAG_24_ST000046" WC="0.98" CONTENT="l'on" STYLEREFS="TXT_48"/>
          </TextLine>
        </TextBlock>
        <TextBlock HPOS="2318" VPOS="4252" HEIGHT="377" WIDTH="1432" ID="PAG_24_TB000004" LANG="fr" STYLEREFS="TXT_48">
          <TextLine HPOS="2319" VPOS="4252" HEIGHT="70" WIDTH="1428" ID="PAG_24_TL000007" STYLEREFS="TXT_48">
            <String HPOS="2319" VPOS="4254" HEIGHT="65" WIDTH="204" ID="PAG_24_ST000047" WC="1" CONTENT="possède" STYLEREFS="TXT_48"/>
            <SP ID="PAG_24_SP000041" HPOS="2523" VPOS="4271" WIDTH="22"/>
            <String HPOS="2545" VPOS="4271" HEIGHT="32" WIDTH="51" ID="PAG_24_ST000048" WC="1" CONTENT="ce" STYLEREFS="TXT_48"/>
            <SP ID="PAG_24_SP000042" HPOS="2596" VPOS="4271" WIDTH="28"/>
            <String HPOS="2624" VPOS="4271" HEIGHT="49" WIDTH="91" ID="PAG_24_ST000049" WC="1" CONTENT="que" STYLEREFS="TXT_48"/>
            <SP ID="PAG_24_SP000043" HPOS="2715" VPOS="4254" WIDTH="30"/>
            <String HPOS="2745" VPOS="4254" HEIGHT="51" WIDTH="107" ID="PAG_24_ST000050" WC="1" CONTENT="bien" STYLEREFS="TXT_48"/>
            <SP ID="PAG_24_SP000044" HPOS="2852" VPOS="4255" WIDTH="30"/>
            <String HPOS="2882" VPOS="4255" HEIGHT="49" WIDTH="84" ID="PAG_24_ST000051" WC="1" CONTENT="des" STYLEREFS="TXT_48"/>
            <SP ID="PAG_24_SP000045" HPOS="2966" VPOS="4253" WIDTH="27"/>
            <String HPOS="2993" VPOS="4253" HEIGHT="53" WIDTH="208" ID="PAG_24_ST000052" WC="1" CONTENT="femmes" STYLEREFS="TXT_48"/>
            <SP ID="PAG_24_SP000046" HPOS="3201" VPOS="4252" WIDTH="22"/>
            <String HPOS="3223" VPOS="4252" HEIGHT="70" WIDTH="107" ID="PAG_24_ST000053" WC="1" CONTENT="plus" STYLEREFS="TXT_48"/>
            <SP ID="PAG_24_SP000047" HPOS="3330" VPOS="4257" WIDTH="27"/>
            <String HPOS="3357" VPOS="4257" HEIGHT="63" WIDTH="140" ID="PAG_24_ST000054" WC="1" CONTENT="âgées" STYLEREFS="TXT_48"/>
            <SP ID="PAG_24_SP000048" HPOS="3497" VPOS="4255" WIDTH="22"/>
            <String HPOS="3519" VPOS="4255" HEIGHT="50" WIDTH="201" ID="PAG_24_ST000055" WC="0.97" CONTENT="envient" STYLEREFS="TXT_48"/>
            <SP ID="PAG_24_SP000049" HPOS="3720" VPOS="4275" WIDTH="20"/>
            <String HPOS="3740" VPOS="4275" HEIGHT="30" WIDTH="7" ID="PAG_24_ST000056" WC="1" CONTENT=":" STYLEREFS="TXT_48"/>
          </TextLine>
          <TextLine HPOS="2318" VPOS="4336" HEIGHT="65" WIDTH="1431" ID="PAG_24_TL000008" STYLEREFS="TXT_48">
            <String HPOS="2318" VPOS="4336" HEIGHT="52" WIDTH="42" ID="PAG_24_ST000057" WC="1" CONTENT="la" STYLEREFS="TXT_48"/>
            <SP ID="PAG_24_SP000050" HPOS="2360" VPOS="4337" WIDTH="43"/>
            <String HPOS="2403" VPOS="4337" HEIGHT="64" WIDTH="222" ID="PAG_24_ST000058" WC="1" CONTENT="jeunesse" STYLEREFS="TXT_48"/>
            <SP ID="PAG_24_SP000051" HPOS="2625" VPOS="4351" WIDTH="50"/>
            <String HPOS="2675" VPOS="4351" HEIGHT="38" WIDTH="46" ID="PAG_24_ST000059" WC="1" CONTENT="et" STYLEREFS="TXT_48"/>
            <SP ID="PAG_24_SP000052" HPOS="2721" VPOS="4337" WIDTH="43"/>
            <String HPOS="2764" VPOS="4337" HEIGHT="52" WIDTH="42" ID="PAG_24_ST000060" WC="1" CONTENT="la" STYLEREFS="TXT_48"/>
            <SP ID="PAG_24_SP000053" HPOS="2806" VPOS="4337" WIDTH="44"/>
            <String HPOS="2850" VPOS="4337" HEIGHT="55" WIDTH="249" ID="PAG_24_ST000061" WC="0.98" CONTENT="fraîcheur," STYLEREFS="TXT_48"/>
            <SP ID="PAG_24_SP000054" HPOS="3099" VPOS="4339" WIDTH="48"/>
            <String HPOS="3147" VPOS="4339" HEIGHT="54" WIDTH="284" ID="PAG_24_ST000062" WC="0.92" CONTENT="Otez-vousr" STYLEREFS="TXT_48"/>
            <SP ID="PAG_24_SP000055" HPOS="3431" VPOS="4339" WIDTH="38"/>
            <String HPOS="3469" VPOS="4339" HEIGHT="53" WIDTH="57" ID="PAG_24_ST000063" WC="1" CONTENT="de" STYLEREFS="TXT_48"/>
            <SP ID="PAG_24_SP000056" HPOS="3526" VPOS="4337" WIDTH="45"/>
            <String HPOS="3571" VPOS="4337" HEIGHT="54" WIDTH="42" ID="PAG_24_ST000064" WC="1" CONTENT="la" STYLEREFS="TXT_48"/>
            <SP ID="PAG_24_SP000057" HPOS="3613" VPOS="4343" WIDTH="43"/>
            <String HPOS="3656" VPOS="4343" HEIGHT="48" WIDTH="93" ID="PAG_24_ST000065" WC="1" CONTENT="tête" STYLEREFS="TXT_48"/>
          </TextLine>
          <TextLine HPOS="2318" VPOS="4420" HEIGHT="72" WIDTH="1432" ID="PAG_24_TL000009" STYLEREFS="TXT_48">
            <String HPOS="2318" VPOS="4439" HEIGHT="50" WIDTH="91" ID="PAG_24_ST000066" WC="1" CONTENT="que" STYLEREFS="TXT_48"/>
            <SP ID="PAG_24_SP000058" HPOS="2409" VPOS="4438" WIDTH="53"/>
            <String HPOS="2462" VPOS="4438" HEIGHT="27" WIDTH="24" ID="PAG_24_ST000067" WC="1" CONTENT="«" STYLEREFS="TXT_48"/>
            <SP ID="PAG_24_SP000059" HPOS="2486" VPOS="4420" WIDTH="41"/>
            <String HPOS="2527" VPOS="4420" HEIGHT="53" WIDTH="41" ID="PAG_24_ST000068" WC="1" CONTENT="le" STYLEREFS="TXT_48"/>
            <SP ID="PAG_24_SP000060" HPOS="2568" VPOS="4422" WIDTH="45"/>
            <String HPOS="2613" VPOS="4422" HEIGHT="51" WIDTH="108" ID="PAG_24_ST000069" WC="1" CONTENT="noir" STYLEREFS="TXT_48"/>
            <SP ID="PAG_24_SP000061" HPOS="2721" VPOS="4436" WIDTH="44"/>
            <String HPOS="2765" VPOS="4436" HEIGHT="37" WIDTH="71" ID="PAG_24_ST000070" WC="1" CONTENT="est" STYLEREFS="TXT_48"/>
            <SP ID="PAG_24_SP000062" HPOS="2836" VPOS="4423" WIDTH="51"/>
            <String HPOS="2887" VPOS="4423" HEIGHT="65" WIDTH="244" ID="PAG_24_ST000071" WC="0.99" CONTENT="distingué" STYLEREFS="TXT_48"/>
            <SP ID="PAG_24_SP000063" HPOS="3131" VPOS="4441" WIDTH="43"/>
            <String HPOS="3174" VPOS="4441" HEIGHT="43" WIDTH="43" ID="PAG_24_ST000072" WC="0.97" CONTENT="»," STYLEREFS="TXT_48"/>
            <SP ID="PAG_24_SP000064" HPOS="3217" VPOS="4442" WIDTH="51"/>
            <String HPOS="3268" VPOS="4442" HEIGHT="50" WIDTH="91" ID="PAG_24_ST000073" WC="1" CONTENT="que" STYLEREFS="TXT_48"/>
            <SP ID="PAG_24_SP000065" HPOS="3359" VPOS="4422" WIDTH="50"/>
            <String HPOS="3409" VPOS="4422" HEIGHT="54" WIDTH="67" ID="PAG_24_ST000074" WC="1" CONTENT="les" STYLEREFS="TXT_48"/>
            <SP ID="PAG_24_SP000066" HPOS="3476" VPOS="4423" WIDTH="51"/>
            <String HPOS="3527" VPOS="4423" HEIGHT="52" WIDTH="223" ID="PAG_24_ST000075" WC="1" CONTENT="couleurs" STYLEREFS="TXT_48"/>
          </TextLine>
          <TextLine HPOS="2319" VPOS="4506" HEIGHT="71" WIDTH="1430" ID="PAG_24_TL000010" STYLEREFS="TXT_48">
            <String HPOS="2319" VPOS="4506" HEIGHT="51" WIDTH="222" ID="PAG_24_ST000076" WC="1" CONTENT="sombres" STYLEREFS="TXT_48"/>
            <SP ID="PAG_24_SP000067" HPOS="2541" VPOS="4506" WIDTH="21"/>
            <String HPOS="2562" VPOS="4506" HEIGHT="52" WIDTH="329" ID="PAG_24_ST000077" WC="1" CONTENT="amincissent." STYLEREFS="TXT_48"/>
            <SP ID="PAG_24_SP000068" HPOS="2891" VPOS="4509" WIDTH="19"/>
            <String HPOS="2910" VPOS="4509" HEIGHT="50" WIDTH="66" ID="PAG_24_ST000078" WC="1" CONTENT="Ce" STYLEREFS="TXT_48"/>
            <SP ID="PAG_24_SP000069" HPOS="2976" VPOS="4521" WIDTH="20"/>
            <String HPOS="2996" VPOS="4521" HEIGHT="37" WIDTH="114" ID="PAG_24_ST000079" WC="1" CONTENT="sont" STYLEREFS="TXT_48"/>
            <SP ID="PAG_24_SP000070" HPOS="3110" VPOS="4508" WIDTH="18"/>
            <String HPOS="3128" VPOS="4508" HEIGHT="54" WIDTH="43" ID="PAG_24_ST000080" WC="0.97" CONTENT="là" STYLEREFS="TXT_48"/>
            <SP ID="PAG_24_SP000071" HPOS="3171" VPOS="4508" WIDTH="25"/>
            <String HPOS="3196" VPOS="4508" HEIGHT="51" WIDTH="172" ID="PAG_24_ST000081" WC="1" CONTENT="vérités" STYLEREFS="TXT_48"/>
            <SP ID="PAG_24_SP000072" HPOS="3368" VPOS="4526" WIDTH="17"/>
            <String HPOS="3385" VPOS="4526" HEIGHT="51" WIDTH="123" ID="PAG_24_ST000082" WC="1" CONTENT="pour" STYLEREFS="TXT_48"/>
            <SP ID="PAG_24_SP000073" HPOS="3508" VPOS="4526" WIDTH="23"/>
            <String HPOS="3531" VPOS="4526" HEIGHT="33" WIDTH="62" ID="PAG_24_ST000083" WC="1" CONTENT="un" STYLEREFS="TXT_48"/>
            <SP ID="PAG_24_SP000074" HPOS="3593" VPOS="4520" WIDTH="24"/>
            <String HPOS="3617" VPOS="4520" HEIGHT="40" WIDTH="132" ID="PAG_24_ST000084" WC="1" CONTENT="autre" STYLEREFS="TXT_48"/>
          </TextLine>
          <TextLine HPOS="3649" VPOS="4591" HEIGHT="38" WIDTH="43" ID="PAG_24_TL000011" STYLEREFS="TXT_13">
            <String HPOS="3649" VPOS="4591" HEIGHT="38" WIDTH="43" ID="PAG_24_ST000085" WC="1" CONTENT="32" STYLEREFS="TXT_13"/>
          </TextLine>
        </TextBlock>
        <TextBlock HPOS="3971" VPOS="4232" HEIGHT="321" WIDTH="1460" ID="PAG_24_TB000005" LANG="fr" STYLEREFS="TXT_48">
          <TextLine HPOS="3973" VPOS="4232" HEIGHT="67" WIDTH="1426" ID="PAG_24_TL000012" STYLEREFS="TXT_48">
            <String HPOS="3973" VPOS="4235" HEIGHT="63" WIDTH="85" ID="PAG_24_ST000086" WC="1" CONTENT="âge" STYLEREFS="TXT_48"/>
            <SP ID="PAG_24_SP000075" HPOS="4058" VPOS="4250" WIDTH="23"/>
            <String HPOS="4081" VPOS="4250" HEIGHT="49" WIDTH="94" ID="PAG_24_ST000087" WC="1" CONTENT="que" STYLEREFS="TXT_48"/>
            <SP ID="PAG_24_SP000076" HPOS="4175" VPOS="4232" WIDTH="25"/>
            <String HPOS="4200" VPOS="4232" HEIGHT="52" WIDTH="41" ID="PAG_24_ST000088" WC="1" CONTENT="le" STYLEREFS="TXT_48"/>
            <SP ID="PAG_24_SP000077" HPOS="4241" VPOS="4247" WIDTH="28"/>
            <String HPOS="4269" VPOS="4247" HEIGHT="38" WIDTH="152" ID="PAG_24_ST000089" WC="0.88" CONTENT="vôtre." STYLEREFS="TXT_48"/>
            <SP ID="PAG_24_SP000078" HPOS="4421" VPOS="4236" WIDTH="32"/>
            <String HPOS="4453" VPOS="4236" HEIGHT="50" WIDTH="103" ID="PAG_24_ST000090" WC="1" CONTENT="Vos" STYLEREFS="TXT_48"/>
            <SP ID="PAG_24_SP000079" HPOS="4556" VPOS="4237" WIDTH="28"/>
            <String HPOS="4584" VPOS="4237" HEIGHT="50" WIDTH="237" ID="PAG_24_ST000091" WC="0.95" CONTENT="maximes" STYLEREFS="TXT_48"/>
            <SP ID="PAG_24_SP000080" HPOS="4821" VPOS="4250" WIDTH="32"/>
            <String HPOS="4853" VPOS="4250" HEIGHT="38" WIDTH="165" ID="PAG_24_ST000092" WC="1" CONTENT="seront" STYLEREFS="TXT_48"/>
            <SP ID="PAG_24_SP000081" HPOS="5018" VPOS="4257" WIDTH="29"/>
            <String HPOS="5047" VPOS="4257" HEIGHT="31" WIDTH="7" ID="PAG_24_ST000093" WC="1" CONTENT=":" STYLEREFS="TXT_48"/>
            <SP ID="PAG_24_SP000082" HPOS="5054" VPOS="4236" WIDTH="33"/>
            <String HPOS="5087" VPOS="4236" HEIGHT="51" WIDTH="67" ID="PAG_24_ST000094" WC="1" CONTENT="les" STYLEREFS="TXT_48"/>
            <SP ID="PAG_24_SP000083" HPOS="5154" VPOS="4237" WIDTH="23"/>
            <String HPOS="5177" VPOS="4237" HEIGHT="50" WIDTH="222" ID="PAG_24_ST000095" WC="1" CONTENT="couleurs" STYLEREFS="TXT_48"/>
          </TextLine>
          <TextLine HPOS="3973" VPOS="4315" HEIGHT="71" WIDTH="1458" ID="PAG_24_TL000013" STYLEREFS="TXT_48">
            <String HPOS="3973" VPOS="4315" HEIGHT="52" WIDTH="163" ID="PAG_24_ST000096" WC="1" CONTENT="claires" STYLEREFS="TXT_48"/>
            <SP ID="PAG_24_SP000084" HPOS="4136" VPOS="4331" WIDTH="33"/>
            <String HPOS="4169" VPOS="4331" HEIGHT="37" WIDTH="114" ID="PAG_24_ST000097" WC="1" CONTENT="sont" STYLEREFS="TXT_48"/>
            <SP ID="PAG_24_SP000085" HPOS="4283" VPOS="4319" WIDTH="34"/>
            <String HPOS="4317" VPOS="4319" HEIGHT="66" WIDTH="225" ID="PAG_24_ST000098" WC="0.96" CONTENT="joyeuses" STYLEREFS="TXT_48"/>
            <SP ID="PAG_24_SP000086" HPOS="4542" VPOS="4333" WIDTH="30"/>
            <String HPOS="4572" VPOS="4333" HEIGHT="37" WIDTH="46" ID="PAG_24_ST000099" WC="1" CONTENT="et" STYLEREFS="TXT_48"/>
            <SP ID="PAG_24_SP000087" HPOS="4618" VPOS="4320" WIDTH="36"/>
            <String HPOS="4654" VPOS="4320" HEIGHT="62" WIDTH="216" ID="PAG_24_ST000100" WC="1" CONTENT="fraîches," STYLEREFS="TXT_48"/>
            <SP ID="PAG_24_SP000088" HPOS="4870" VPOS="4339" WIDTH="38"/>
            <String HPOS="4908" VPOS="4339" HEIGHT="33" WIDTH="193" ID="PAG_24_ST000101" WC="0.97" CONTENT="comme" STYLEREFS="TXT_48"/>
            <SP ID="PAG_24_SP000089" HPOS="5101" VPOS="4335" WIDTH="40"/>
            <String HPOS="5141" VPOS="4335" HEIGHT="37" WIDTH="134" ID="PAG_24_ST000102" WC="1" CONTENT="votre" STYLEREFS="TXT_48"/>
            <SP ID="PAG_24_SP000090" HPOS="5275" VPOS="4322" WIDTH="34"/>
            <String HPOS="5309" VPOS="4322" HEIGHT="64" WIDTH="92" ID="PAG_24_ST000103" WC="1" CONTENT="jeu-" SUBS_TYPE="HypPart1" SUBS_CONTENT="jeunesse" STYLEREFS="TXT_48"/>
            <HYP HPOS="5401" VPOS="4386" WIDTH="30" CONTENT="-"/>
          </TextLine>
          <TextLine HPOS="3972" VPOS="4403" HEIGHT="69" WIDTH="1428" ID="PAG_24_TL000014" STYLEREFS="TXT_48">
            <String HPOS="3972" VPOS="4418" HEIGHT="33" WIDTH="140" ID="PAG_24_ST000104" WC="1" CONTENT="nesse" SUBS_TYPE="HypPart2" SUBS_CONTENT="jeunesse" STYLEREFS="TXT_48"/>
            <SP ID="PAG_24_SP000091" HPOS="4112" VPOS="4413" WIDTH="34"/>
            <String HPOS="4146" VPOS="4413" HEIGHT="39" WIDTH="45" ID="PAG_24_ST000105" WC="1" CONTENT="et" STYLEREFS="TXT_48"/>
            <SP ID="PAG_24_SP000092" HPOS="4191" VPOS="4409" WIDTH="32"/>
            <String HPOS="4223" VPOS="4409" HEIGHT="44" WIDTH="136" ID="PAG_24_ST000106" WC="0.88" CONTENT="votre" STYLEREFS="TXT_48"/>
            <SP ID="PAG_24_SP000093" HPOS="4359" VPOS="4403" WIDTH="28"/>
            <String HPOS="4387" VPOS="4403" HEIGHT="51" WIDTH="131" ID="PAG_24_ST000107" WC="1" CONTENT="teint." STYLEREFS="TXT_48"/>
            <SP ID="PAG_24_SP000094" HPOS="4518" VPOS="4405" WIDTH="39"/>
            <String HPOS="4557" VPOS="4405" HEIGHT="50" WIDTH="85" ID="PAG_24_ST000108" WC="1" CONTENT="Les" STYLEREFS="TXT_48"/>
            <SP ID="PAG_24_SP000095" HPOS="4642" VPOS="4404" WIDTH="32"/>
            <String HPOS="4674" VPOS="4404" HEIGHT="63" WIDTH="166" ID="PAG_24_ST000109" WC="1" CONTENT="façons" STYLEREFS="TXT_48"/>
            <SP ID="PAG_24_SP000096" HPOS="4840" VPOS="4405" WIDTH="31"/>
            <String HPOS="4871" VPOS="4405" HEIGHT="67" WIDTH="251" ID="PAG_24_ST000110" WC="1" CONTENT="juvéniles," STYLEREFS="TXT_48"/>
            <SP ID="PAG_24_SP000097" HPOS="5122" VPOS="4406" WIDTH="39"/>
            <String HPOS="5161" VPOS="4406" HEIGHT="50" WIDTH="164" ID="PAG_24_ST000111" WC="1" CONTENT="sobres" STYLEREFS="TXT_48"/>
            <SP ID="PAG_24_SP000098" HPOS="5325" VPOS="4419" WIDTH="31"/>
            <String HPOS="5356" VPOS="4419" HEIGHT="37" WIDTH="44" ID="PAG_24_ST000112" WC="1" CONTENT="et" STYLEREFS="TXT_48"/>
          </TextLine>
          <TextLine HPOS="3971" VPOS="4485" HEIGHT="68" WIDTH="1426" ID="PAG_24_TL000015" STYLEREFS="TXT_48">
            <String HPOS="3971" VPOS="4485" HEIGHT="52" WIDTH="225" ID="PAG_24_ST000113" WC="1" CONTENT="discrètes" STYLEREFS="TXT_48"/>
            <SP ID="PAG_24_SP000099" HPOS="4196" VPOS="4498" WIDTH="23"/>
            <String HPOS="4219" VPOS="4498" HEIGHT="40" WIDTH="205" ID="PAG_24_ST000114" WC="0.97" CONTENT="mettent" STYLEREFS="TXT_48"/>
            <SP ID="PAG_24_SP000100" HPOS="4424" VPOS="4506" WIDTH="23"/>
            <String HPOS="4447" VPOS="4506" HEIGHT="32" WIDTH="56" ID="PAG_24_ST000115" WC="1" CONTENT="en" STYLEREFS="TXT_48"/>
            <SP ID="PAG_24_SP000101" HPOS="4503" VPOS="4488" WIDTH="28"/>
            <String HPOS="4531" VPOS="4488" HEIGHT="52" WIDTH="163" ID="PAG_24_ST000116" WC="1" CONTENT="valeur" STYLEREFS="TXT_48"/>
            <SP ID="PAG_24_SP000102" HPOS="4694" VPOS="4490" WIDTH="21"/>
            <String HPOS="4715" VPOS="4490" HEIGHT="50" WIDTH="39" ID="PAG_24_ST000117" WC="1" CONTENT="le" STYLEREFS="TXT_48"/>
            <SP ID="PAG_24_SP000103" HPOS="4754" VPOS="4491" WIDTH="21"/>
            <String HPOS="4775" VPOS="4491" HEIGHT="50" WIDTH="196" ID="PAG_24_ST000118" WC="0.92" CONTENT="charme" STYLEREFS="TXT_48"/>
            <SP ID="PAG_24_SP000104" HPOS="4971" VPOS="4491" WIDTH="21"/>
            <String HPOS="4992" VPOS="4491" HEIGHT="51" WIDTH="56" ID="PAG_24_ST000119" WC="1" CONTENT="de" STYLEREFS="TXT_48"/>
            <SP ID="PAG_24_SP000105" HPOS="5048" VPOS="4489" WIDTH="24"/>
            <String HPOS="5072" VPOS="4489" HEIGHT="51" WIDTH="39" ID="PAG_24_ST000120" WC="1" CONTENT="la" STYLEREFS="TXT_48"/>
            <SP ID="PAG_24_SP000106" HPOS="5111" VPOS="4492" WIDTH="22"/>
            <String HPOS="5133" VPOS="4492" HEIGHT="61" WIDTH="138" ID="PAG_24_ST000121" WC="1" CONTENT="jeune" STYLEREFS="TXT_48"/>
            <SP ID="PAG_24_SP000107" HPOS="5271" VPOS="4488" WIDTH="18"/>
            <String HPOS="5289" VPOS="4488" HEIGHT="53" WIDTH="108" ID="PAG_24_ST000122" WC="1" CONTENT="fille." STYLEREFS="TXT_48"/>
          </TextLine>
        </TextBlock>
        <TextBlock HPOS="4002" VPOS="4562" HEIGHT="36" WIDTH="43" ID="PAG_24_TB000006" LANG="fr" STYLEREFS="TXT_13">
          <TextLine HPOS="4002" VPOS="4562" HEIGHT="36" WIDTH="43" ID="PAG_24_TL000016" STYLEREFS="TXT_13">
            <String HPOS="4002" VPOS="4562" HEIGHT="36" WIDTH="43" ID="PAG_24_ST000123" WC="1" CONTENT="33" STYLEREFS="TXT_13"/>
          </TextLine>
        </TextBlock>
        <TextBlock HPOS="5691" VPOS="4364" HEIGHT="43" WIDTH="851" ID="PAG_24_TB000007" LANG="fr" STYLEREFS="TXT_13">
          <TextLine HPOS="5691" VPOS="4364" HEIGHT="43" WIDTH="851" ID="PAG_24_TL000017" STYLEREFS="TXT_13">
            <String HPOS="5691" VPOS="4392" HEIGHT="13" WIDTH="40" ID="PAG_24_ST000124" WC="1" CONTENT="..." STYLEREFS="TXT_13"/>
            <SP ID="PAG_24_SP000108" HPOS="5731" VPOS="4368" WIDTH="15"/>
            <String HPOS="5746" VPOS="4368" HEIGHT="37" WIDTH="54" ID="PAG_24_ST000125" WC="1" CONTENT="CE" STYLEREFS="TXT_13"/>
            <SP ID="PAG_24_SP000109" HPOS="5800" VPOS="4368" WIDTH="25"/>
            <String HPOS="5825" VPOS="4368" HEIGHT="38" WIDTH="100" ID="PAG_24_ST000126" WC="1" CONTENT="QUE" STYLEREFS="TXT_13"/>
            <SP ID="PAG_24_SP000110" HPOS="5925" VPOS="4367" WIDTH="24"/>
            <String HPOS="5949" VPOS="4367" HEIGHT="39" WIDTH="141" ID="PAG_24_ST000127" WC="1" CONTENT="VOUS" STYLEREFS="TXT_13"/>
            <SP ID="PAG_24_SP000111" HPOS="6090" VPOS="4364" WIDTH="24"/>
            <String HPOS="6114" VPOS="4364" HEIGHT="42" WIDTH="215" ID="PAG_24_ST000128" WC="1" CONTENT="AIMEREZ" STYLEREFS="TXT_13"/>
            <SP ID="PAG_24_SP000112" HPOS="6329" VPOS="4366" WIDTH="26"/>
            <String HPOS="6355" VPOS="4366" HEIGHT="41" WIDTH="187" ID="PAG_24_ST000129" WC="0.96" CONTENT="PORTER" STYLEREFS="TXT_13"/>
          </TextLine>
        </TextBlock>
      </PrintSpace>
    </Page>
  </Layout>
</alto>