<?xml version="1.0" encoding="UTF-8"?>
<alto xmlns="http://www.loc.gov/standards/alto/ns-v3#" xmlns:xsi="http://www.w3.org/2001/XMLSchema-instance" SCHEMAVERSION="alto_bnf-v2_0" xsi:schemaLocation="http://www.loc.gov/standards/alto/ns-v3# http://bibnum.bnf.fr/schema/alto_bnf-v2_0.xsd" xmlns:xlink="http://www.w3.org/TR/xlink">
  <Description>
    <MeasurementUnit>pixel</MeasurementUnit>
    <sourceImageInformation>
      <fileName>00000022.jp2</fileName>
      <fileIdentifier>ark:/12148/bpt6k47010350/f22</fileIdentifier>
      <documentIdentifier documentIdentifierLocation="NUM">4701035</documentIdentifier>
    </sourceImageInformation>
    <OCRProcessing ID="OCR_1">
      <ocrProcessingStep>
        <processingDateTime>2019-01-31</processingDateTime>
        <processingStepDescription>[001_OCR_BRUT]OCR BRUT 91.81 %</processingStepDescription>
        <processingStepDescription>[002_CHARS]{889}</processingStepDescription>
        <processingStepDescription>[003_CHARS_USED]{0}</processingStepDescription>
        <processingStepDescription>[004_CHARS_SUSPECTS_USED]{0}</processingStepDescription>
        <processingStepDescription>[005_CHARS_UNUSED]{889}</processingStepDescription>
        <processingStepDescription>[006_CHARS_SUSPECTS_UNUSED]{0}</processingStepDescription>
        <processingStepDescription>[007_STRINGS]{209}</processingStepDescription>
        <processingStepDescription>[008_STRINGS_USED]{0}</processingStepDescription>
        <processingStepDescription>[009_STRINGS_SUSPECTS_UNUSED]{0}</processingStepDescription>
        <processingStepDescription>[010_CHARS_LETTERS]{836}</processingStepDescription>
        <processingStepDescription>[011_CHARS_PUNCTUATION]{53}</processingStepDescription>
        <processingStepDescription>[012_CHARS_DIGITS]{0}</processingStepDescription>
        <processingStepDescription>[013_CHARS_SUSPECT]{0}</processingStepDescription>
        <processingStepDescription>[022_CHARS_UNUSED_BY_BLOCK]{0}</processingStepDescription>
        <processingStepDescription>[023_BLOCKS_SUSPECTS]{0}</processingStepDescription>
        <processingStepDescription>[111_LIGS_DETECTED_CURV]{0}</processingStepDescription>
      </ocrProcessingStep>
    </OCRProcessing>
  </Description>
  <Styles>
    <TextStyle FONTSIZE="7" ID="TXT_3" FONTFAMILY="Times"/>
  </Styles>
  <Tags>
    <StructureTag DESCRIPTION="Est-ce une ROBE? Est-ce un MANTEAU?" TYPE="Structural" ID="TAG_ST001" LABEL="title"/>
  </Tags>
  <Layout>
    <Page ID="PAG_22" HEIGHT="4983" WIDTH="7522" PHYSICAL_IMG_NR="22" QUALITY="OK" ACCURACY="100.00">
      <PrintSpace HPOS="232" VPOS="189" HEIGHT="4382" WIDTH="6841" ID="PAG_22_PrintSpace">
        <ComposedBlock ID="PAG_22_CB000001" HPOS="232" VPOS="189" HEIGHT="4382" WIDTH="4916">
        <TextBlock HPOS="232" VPOS="189" HEIGHT="1276" WIDTH="2505" ID="PAG_22_TB000001" TAGREFS="TAG_ST001" LANG="fr" STYLEREFS="TXT_3">
          <TextLine HPOS="232" VPOS="189" HEIGHT="1276" WIDTH="2505" ID="PAG_22_TL000001" STYLEREFS="TXT_3">
            <String HPOS="232" VPOS="189" HEIGHT="1276" WIDTH="487" ID="PAG_22_ST000001" WC="1" CONTENT="Est-ce" STYLEREFS="TXT_3"/>
            <SP ID="PAG_22_SP000001" HPOS="719" VPOS="189" WIDTH="1"/>
            <String HPOS="719" VPOS="189" HEIGHT="1276" WIDTH="278" ID="PAG_22_ST000002" WC="1" CONTENT="une" STYLEREFS="TXT_3"/>
            <SP ID="PAG_22_SP000002" HPOS="997" VPOS="189" WIDTH="1"/>
            <String HPOS="997" VPOS="189" HEIGHT="1276" WIDTH="417" ID="PAG_22_ST000003" WC="1" CONTENT="ROBE?" STYLEREFS="TXT_3"/>
            <SP ID="PAG_22_SP000003" HPOS="1414" VPOS="189" WIDTH="1"/>
            <String HPOS="1414" VPOS="189" HEIGHT="1276" WIDTH="487" ID="PAG_22_ST000004" WC="1" CONTENT="Est-ce" STYLEREFS="TXT_3"/>
            <SP ID="PAG_22_SP000004" HPOS="1901" VPOS="189" WIDTH="1"/>
            <String HPOS="1901" VPOS="189" HEIGHT="1276" WIDTH="208" ID="PAG_22_ST000005" WC="1" CONTENT="un" STYLEREFS="TXT_3"/>
            <SP ID="PAG_22_SP000005" HPOS="2109" VPOS="189" WIDTH="1"/>
            <String HPOS="2109" VPOS="189" HEIGHT="1276" WIDTH="628" ID="PAG_22_ST000006" WC="1" CONTENT="MANTEAU?" STYLEREFS="TXT_3"/>
          </TextLine>
        </TextBlock>
        <Illustration ID="PAG_22_IL000001" HPOS="247" VPOS="1450" HEIGHT="3121" WIDTH="4901"/>
        </ComposedBlock>
        <Illustration ID="PAG_22_IL000002" HPOS="5164" VPOS="232" HEIGHT="2589" WIDTH="1909"/>
        <TextBlock HPOS="5611" VPOS="2947" HEIGHT="845" WIDTH="1289" ID="PAG_22_TB000002" LANG="fr" STYLEREFS="TXT_3">
          <TextLine HPOS="5611" VPOS="2947" HEIGHT="74" WIDTH="1254" ID="PAG_22_TL000002" STYLEREFS="TXT_3">
            <String HPOS="5611" VPOS="2956" HEIGHT="65" WIDTH="93" ID="PAG_22_ST000007" WC="0.44" CONTENT="Ir." STYLEREFS="TXT_3"/>
            <SP ID="PAG_22_SP000006" HPOS="5704" VPOS="2952" WIDTH="31"/>
            <String HPOS="5735" VPOS="2952" HEIGHT="28" WIDTH="54" ID="PAG_22_ST000008" WC="1" CONTENT="est" STYLEREFS="TXT_3"/>
            <SP ID="PAG_22_SP000007" HPOS="5789" VPOS="2959" WIDTH="31"/>
            <String HPOS="5820" VPOS="2959" HEIGHT="21" WIDTH="70" ID="PAG_22_ST000009" WC="1" CONTENT="une" STYLEREFS="TXT_3"/>
            <SP ID="PAG_22_SP000008" HPOS="5890" VPOS="2947" WIDTH="31"/>
            <String HPOS="5921" VPOS="2947" HEIGHT="43" WIDTH="151" ID="PAG_22_ST000010" WC="1" CONTENT="période" STYLEREFS="TXT_3"/>
            <SP ID="PAG_22_SP000009" HPOS="6072" VPOS="2949" WIDTH="32"/>
            <String HPOS="6104" VPOS="2949" HEIGHT="40" WIDTH="175" ID="PAG_22_ST000011" WC="0.94" CONTENT="indécise," STYLEREFS="TXT_3"/>
            <SP ID="PAG_22_SP000010" HPOS="6279" VPOS="2957" WIDTH="33"/>
            <String HPOS="6312" VPOS="2957" HEIGHT="28" WIDTH="103" ID="PAG_22_ST000012" WC="1" CONTENT="entre" STYLEREFS="TXT_3"/>
            <SP ID="PAG_22_SP000011" HPOS="6415" VPOS="2951" WIDTH="32"/>
            <String HPOS="6447" VPOS="2951" HEIGHT="34" WIDTH="31" ID="PAG_22_ST000013" WC="1" CONTENT="le" STYLEREFS="TXT_3"/>
            <SP ID="PAG_22_SP000012" HPOS="6478" VPOS="2950" WIDTH="32"/>
            <String HPOS="6510" VPOS="2950" HEIGHT="45" WIDTH="203" ID="PAG_22_ST000014" WC="1" CONTENT="printemps" STYLEREFS="TXT_3"/>
            <SP ID="PAG_22_SP000013" HPOS="6713" VPOS="2964" WIDTH="33"/>
            <String HPOS="6746" VPOS="2964" HEIGHT="22" WIDTH="89" ID="PAG_22_ST000015" WC="1" CONTENT="nou-" SUBS_TYPE="HypPart1" SUBS_CONTENT="nou-veau-né" STYLEREFS="TXT_3"/>
            <HYP HPOS="6835" VPOS="2986" WIDTH="30" CONTENT="-"/>
          </TextLine>
          <TextLine HPOS="5703" VPOS="3020" HEIGHT="46" WIDTH="1197" ID="PAG_22_TL000003" STYLEREFS="TXT_3">
            <String HPOS="5703" VPOS="3020" HEIGHT="34" WIDTH="160" ID="PAG_22_ST000016" WC="1" CONTENT="veau-né" SUBS_TYPE="HypPart2" SUBS_CONTENT="nou-veau-né" STYLEREFS="TXT_3"/>
            <SP ID="PAG_22_SP000014" HPOS="5863" VPOS="3026" WIDTH="32"/>
            <String HPOS="5895" VPOS="3026" HEIGHT="29" WIDTH="33" ID="PAG_22_ST000017" WC="1" CONTENT="et" STYLEREFS="TXT_3"/>
            <SP ID="PAG_22_SP000015" HPOS="5928" VPOS="3021" WIDTH="34"/>
            <String HPOS="5962" VPOS="3021" HEIGHT="35" WIDTH="31" ID="PAG_22_ST000018" WC="1" CONTENT="le" STYLEREFS="TXT_3"/>
            <SP ID="PAG_22_SP000016" HPOS="5993" VPOS="3021" WIDTH="34"/>
            <String HPOS="6027" VPOS="3021" HEIGHT="35" WIDTH="79" ID="PAG_22_ST000019" WC="1" CONTENT="vrai" STYLEREFS="TXT_3"/>
            <SP ID="PAG_22_SP000017" HPOS="6106" VPOS="3023" WIDTH="34"/>
            <String HPOS="6140" VPOS="3023" HEIGHT="43" WIDTH="204" ID="PAG_22_ST000020" WC="1" CONTENT="printemps" STYLEREFS="TXT_3"/>
            <SP ID="PAG_22_SP000018" HPOS="6344" VPOS="3024" WIDTH="33"/>
            <String HPOS="6377" VPOS="3024" HEIGHT="35" WIDTH="156" ID="PAG_22_ST000021" WC="0.99" CONTENT="installé." STYLEREFS="TXT_3"/>
            <SP ID="PAG_22_SP000019" HPOS="6533" VPOS="3024" WIDTH="34"/>
            <String HPOS="6567" VPOS="3024" HEIGHT="35" WIDTH="58" ID="PAG_22_ST000022" WC="1" CONTENT="On" STYLEREFS="TXT_3"/>
            <SP ID="PAG_22_SP000020" HPOS="6625" VPOS="3025" WIDTH="33"/>
            <String HPOS="6658" VPOS="3025" HEIGHT="34" WIDTH="171" ID="PAG_22_ST000023" WC="1" CONTENT="aimerait" STYLEREFS="TXT_3"/>
            <SP ID="PAG_22_SP000021" HPOS="6829" VPOS="3042" WIDTH="37"/>
            <String HPOS="6866" VPOS="3042" HEIGHT="2" WIDTH="4" ID="PAG_22_ST000024" WC="0.00" CONTENT="-" SUBS_TYPE="HypPart1" SUBS_CONTENT="-tant" STYLEREFS="TXT_3"/>
            <HYP HPOS="6870" VPOS="3044" WIDTH="30" CONTENT="-"/>
          </TextLine>
          <TextLine HPOS="5637" VPOS="3093" HEIGHT="45" WIDTH="1225" ID="PAG_22_TL000004" STYLEREFS="TXT_3">
            <String HPOS="5637" VPOS="3101" HEIGHT="25" WIDTH="78" ID="PAG_22_ST000025" WC="1" CONTENT="tant" SUBS_TYPE="HypPart2" SUBS_CONTENT="-tant" STYLEREFS="TXT_3"/>
            <SP ID="PAG_22_SP000022" HPOS="5715" VPOS="3105" WIDTH="28"/>
            <String HPOS="5743" VPOS="3105" HEIGHT="21" WIDTH="44" ID="PAG_22_ST000026" WC="1" CONTENT="en" STYLEREFS="TXT_3"/>
            <SP ID="PAG_22_SP000023" HPOS="5787" VPOS="3093" WIDTH="27"/>
            <String HPOS="5814" VPOS="3093" HEIGHT="35" WIDTH="106" ID="PAG_22_ST000027" WC="1" CONTENT="avoir" STYLEREFS="TXT_3"/>
            <SP ID="PAG_22_SP000024" HPOS="5920" VPOS="3094" WIDTH="29"/>
            <String HPOS="5949" VPOS="3094" HEIGHT="34" WIDTH="59" ID="PAG_22_ST000028" WC="1" CONTENT="fini" STYLEREFS="TXT_3"/>
            <SP ID="PAG_22_SP000025" HPOS="6008" VPOS="3107" WIDTH="29"/>
            <String HPOS="6037" VPOS="3107" HEIGHT="22" WIDTH="90" ID="PAG_22_ST000029" WC="0.95" CONTENT="avec" STYLEREFS="TXT_3"/>
            <SP ID="PAG_22_SP000026" HPOS="6127" VPOS="3096" WIDTH="28"/>
            <String HPOS="6155" VPOS="3096" HEIGHT="34" WIDTH="50" ID="PAG_22_ST000030" WC="1" CONTENT="les" STYLEREFS="TXT_3"/>
            <SP ID="PAG_22_SP000027" HPOS="6205" VPOS="3097" WIDTH="32"/>
            <String HPOS="6237" VPOS="3097" HEIGHT="40" WIDTH="101" ID="PAG_22_ST000031" WC="1" CONTENT="jours" STYLEREFS="TXT_3"/>
            <SP ID="PAG_22_SP000028" HPOS="6338" VPOS="3097" WIDTH="31"/>
            <String HPOS="6369" VPOS="3097" HEIGHT="36" WIDTH="129" ID="PAG_22_ST000032" WC="1" CONTENT="froids," STYLEREFS="TXT_3"/>
            <SP ID="PAG_22_SP000029" HPOS="6498" VPOS="3109" WIDTH="28"/>
            <String HPOS="6526" VPOS="3109" HEIGHT="23" WIDTH="89" ID="PAG_22_ST000033" WC="1" CONTENT="avec" STYLEREFS="TXT_3"/>
            <SP ID="PAG_22_SP000030" HPOS="6615" VPOS="3098" WIDTH="28"/>
            <String HPOS="6643" VPOS="3098" HEIGHT="34" WIDTH="30" ID="PAG_22_ST000034" WC="0.98" CONTENT="la" STYLEREFS="TXT_3"/>
            <SP ID="PAG_22_SP000031" HPOS="6673" VPOS="3099" WIDTH="28"/>
            <String HPOS="6701" VPOS="3099" HEIGHT="39" WIDTH="131" ID="PAG_22_ST000035" WC="0.45" CONTENT="t,,ar(le-" SUBS_TYPE="HypPart1" SUBS_CONTENT="t,,ar(le-robe" STYLEREFS="TXT_3"/>
            <HYP HPOS="6832" VPOS="3138" WIDTH="30" CONTENT="-"/>
          </TextLine>
          <TextLine HPOS="5636" VPOS="3165" HEIGHT="48" WIDTH="1195" ID="PAG_22_TL000005" STYLEREFS="TXT_3">
            <String HPOS="5636" VPOS="3165" HEIGHT="34" WIDTH="86" ID="PAG_22_ST000036" WC="0.95" CONTENT="robe" SUBS_TYPE="HypPart2" SUBS_CONTENT="t,,ar(le-robe" STYLEREFS="TXT_3"/>
            <SP ID="PAG_22_SP000032" HPOS="5722" VPOS="3166" WIDTH="36"/>
            <String HPOS="5758" VPOS="3166" HEIGHT="38" WIDTH="155" ID="PAG_22_ST000037" WC="0.99" CONTENT="d'hiver," STYLEREFS="TXT_3"/>
            <SP ID="PAG_22_SP000033" HPOS="5913" VPOS="3179" WIDTH="36"/>
            <String HPOS="5949" VPOS="3179" HEIGHT="23" WIDTH="90" ID="PAG_22_ST000038" WC="1" CONTENT="avec" STYLEREFS="TXT_3"/>
            <SP ID="PAG_22_SP000034" HPOS="6039" VPOS="3169" WIDTH="37"/>
            <String HPOS="6076" VPOS="3169" HEIGHT="33" WIDTH="50" ID="PAG_22_ST000039" WC="1" CONTENT="les" STYLEREFS="TXT_3"/>
            <SP ID="PAG_22_SP000035" HPOS="6126" VPOS="3177" WIDTH="36"/>
            <String HPOS="6162" VPOS="3177" HEIGHT="27" WIDTH="200" ID="PAG_22_ST000040" WC="1" CONTENT="manteaux" STYLEREFS="TXT_3"/>
            <SP ID="PAG_22_SP000036" HPOS="6362" VPOS="3179" WIDTH="38"/>
            <String HPOS="6400" VPOS="3179" HEIGHT="25" WIDTH="32" ID="PAG_22_ST000041" WC="1" CONTENT="et" STYLEREFS="TXT_3"/>
            <SP ID="PAG_22_SP000037" HPOS="6432" VPOS="3171" WIDTH="37"/>
            <String HPOS="6469" VPOS="3171" HEIGHT="33" WIDTH="50" ID="PAG_22_ST000042" WC="1" CONTENT="les" STYLEREFS="TXT_3"/>
            <SP ID="PAG_22_SP000038" HPOS="6519" VPOS="3170" WIDTH="37"/>
            <String HPOS="6556" VPOS="3170" HEIGHT="43" WIDTH="188" ID="PAG_22_ST000043" WC="1" CONTENT="écharpes." STYLEREFS="TXT_3"/>
            <SP ID="PAG_22_SP000039" HPOS="6744" VPOS="3171" WIDTH="39"/>
            <String HPOS="6783" VPOS="3171" HEIGHT="35" WIDTH="48" ID="PAG_22_ST000044" WC="1" CONTENT="Le" STYLEREFS="TXT_3"/>
          </TextLine>
          <TextLine HPOS="5633" VPOS="3240" HEIGHT="41" WIDTH="1197" ID="PAG_22_TL000006" STYLEREFS="TXT_3">
            <String HPOS="5633" VPOS="3244" HEIGHT="37" WIDTH="118" ID="PAG_22_ST000045" WC="1" CONTENT="temps" STYLEREFS="TXT_3"/>
            <SP ID="PAG_22_SP000040" HPOS="5751" VPOS="3247" WIDTH="31"/>
            <String HPOS="5782" VPOS="3247" HEIGHT="27" WIDTH="53" ID="PAG_22_ST000046" WC="1" CONTENT="est" STYLEREFS="TXT_3"/>
            <SP ID="PAG_22_SP000041" HPOS="5835" VPOS="3240" WIDTH="30"/>
            <String HPOS="5865" VPOS="3240" HEIGHT="39" WIDTH="112" ID="PAG_22_ST000047" WC="0.86" CONTENT="doux." STYLEREFS="TXT_3"/>
            <SP ID="PAG_22_SP000042" HPOS="5977" VPOS="3242" WIDTH="30"/>
            <String HPOS="6007" VPOS="3242" HEIGHT="33" WIDTH="31" ID="PAG_22_ST000048" WC="1" CONTENT="le" STYLEREFS="TXT_3"/>
            <SP ID="PAG_22_SP000043" HPOS="6038" VPOS="3242" WIDTH="31"/>
            <String HPOS="6069" VPOS="3242" HEIGHT="34" WIDTH="103" ID="PAG_22_ST000049" WC="0.98" CONTENT="soleil" STYLEREFS="TXT_3"/>
            <SP ID="PAG_22_SP000044" HPOS="6172" VPOS="3250" WIDTH="32"/>
            <String HPOS="6204" VPOS="3250" HEIGHT="26" WIDTH="53" ID="PAG_22_ST000050" WC="1" CONTENT="est" STYLEREFS="TXT_3"/>
            <SP ID="PAG_22_SP000045" HPOS="6257" VPOS="3242" WIDTH="32"/>
            <String HPOS="6289" VPOS="3242" HEIGHT="35" WIDTH="106" ID="PAG_22_ST000051" WC="1" CONTENT="tiède." STYLEREFS="TXT_3"/>
            <SP ID="PAG_22_SP000046" HPOS="6395" VPOS="3243" WIDTH="32"/>
            <String HPOS="6427" VPOS="3243" HEIGHT="34" WIDTH="57" ID="PAG_22_ST000052" WC="1" CONTENT="On" STYLEREFS="TXT_3"/>
            <SP ID="PAG_22_SP000047" HPOS="6484" VPOS="3244" WIDTH="33"/>
            <String HPOS="6517" VPOS="3244" HEIGHT="34" WIDTH="169" ID="PAG_22_ST000053" WC="1" CONTENT="aimerait" STYLEREFS="TXT_3"/>
            <SP ID="PAG_22_SP000048" HPOS="6686" VPOS="3245" WIDTH="32"/>
            <String HPOS="6718" VPOS="3245" HEIGHT="33" WIDTH="112" ID="PAG_22_ST000054" WC="1" CONTENT="sortir" STYLEREFS="TXT_3"/>
          </TextLine>
          <TextLine HPOS="5632" VPOS="3312" HEIGHT="47" WIDTH="1196" ID="PAG_22_TL000007" STYLEREFS="TXT_3">
            <String HPOS="5632" VPOS="3322" HEIGHT="22" WIDTH="43" ID="PAG_22_ST000055" WC="0.74" CONTENT="en" STYLEREFS="TXT_3"/>
            <SP ID="PAG_22_SP000049" HPOS="5675" VPOS="3312" WIDTH="26"/>
            <String HPOS="5701" VPOS="3312" HEIGHT="34" WIDTH="97" ID="PAG_22_ST000056" WC="1" CONTENT="robe." STYLEREFS="TXT_3"/>
            <SP ID="PAG_22_SP000050" HPOS="5798" VPOS="3313" WIDTH="28"/>
            <String HPOS="5826" VPOS="3313" HEIGHT="33" WIDTH="98" ID="PAG_22_ST000057" WC="1" CONTENT="Mais" STYLEREFS="TXT_3"/>
            <SP ID="PAG_22_SP000051" HPOS="5924" VPOS="3314" WIDTH="26"/>
            <String HPOS="5950" VPOS="3314" HEIGHT="34" WIDTH="87" ID="PAG_22_ST000058" WC="1" CONTENT="c'est" STYLEREFS="TXT_3"/>
            <SP ID="PAG_22_SP000052" HPOS="6037" VPOS="3326" WIDTH="26"/>
            <String HPOS="6063" VPOS="3326" HEIGHT="23" WIDTH="134" ID="PAG_22_ST000059" WC="0.99" CONTENT="encore" STYLEREFS="TXT_3"/>
            <SP ID="PAG_22_SP000053" HPOS="6197" VPOS="3327" WIDTH="25"/>
            <String HPOS="6222" VPOS="3327" HEIGHT="21" WIDTH="47" ID="PAG_22_ST000060" WC="1" CONTENT="un" STYLEREFS="TXT_3"/>
            <SP ID="PAG_22_SP000054" HPOS="6269" VPOS="3328" WIDTH="26"/>
            <String HPOS="6295" VPOS="3328" HEIGHT="30" WIDTH="68" ID="PAG_22_ST000061" WC="1" CONTENT="peu" STYLEREFS="TXT_3"/>
            <SP ID="PAG_22_SP000055" HPOS="6363" VPOS="3322" WIDTH="26"/>
            <String HPOS="6389" VPOS="3322" HEIGHT="37" WIDTH="82" ID="PAG_22_ST000062" WC="1" CONTENT="trop" STYLEREFS="TXT_3"/>
            <SP ID="PAG_22_SP000056" HPOS="6471" VPOS="3316" WIDTH="25"/>
            <String HPOS="6496" VPOS="3316" HEIGHT="34" WIDTH="52" ID="PAG_22_ST000063" WC="1" CONTENT="tôt" STYLEREFS="TXT_3"/>
            <SP ID="PAG_22_SP000057" HPOS="6548" VPOS="3325" WIDTH="25"/>
            <String HPOS="6573" VPOS="3325" HEIGHT="25" WIDTH="34" ID="PAG_22_ST000064" WC="1" CONTENT="et" STYLEREFS="TXT_3"/>
            <SP ID="PAG_22_SP000058" HPOS="6607" VPOS="3317" WIDTH="25"/>
            <String HPOS="6632" VPOS="3317" HEIGHT="33" WIDTH="71" ID="PAG_22_ST000065" WC="0.83" CONTENT="l'on" STYLEREFS="TXT_3"/>
            <SP ID="PAG_22_SP000059" HPOS="6703" VPOS="3318" WIDTH="26"/>
            <String HPOS="6729" VPOS="3318" HEIGHT="33" WIDTH="99" ID="PAG_22_ST000066" WC="1" CONTENT="n'ose" STYLEREFS="TXT_3"/>
          </TextLine>
          <TextLine HPOS="5630" VPOS="3384" HEIGHT="48" WIDTH="1197" ID="PAG_22_TL000008" STYLEREFS="TXT_3">
            <String HPOS="5630" VPOS="3395" HEIGHT="30" WIDTH="65" ID="PAG_22_ST000067" WC="0.87" CONTENT="pas" STYLEREFS="TXT_3"/>
            <SP ID="PAG_22_SP000060" HPOS="5695" VPOS="3394" WIDTH="25"/>
            <String HPOS="5720" VPOS="3394" HEIGHT="25" WIDTH="78" ID="PAG_22_ST000068" WC="1" CONTENT="tout" STYLEREFS="TXT_3"/>
            <SP ID="PAG_22_SP000061" HPOS="5798" VPOS="3384" WIDTH="26"/>
            <String HPOS="5824" VPOS="3384" HEIGHT="35" WIDTH="20" ID="PAG_22_ST000069" WC="1" CONTENT="à" STYLEREFS="TXT_3"/>
            <SP ID="PAG_22_SP000062" HPOS="5844" VPOS="3386" WIDTH="29"/>
            <String HPOS="5873" VPOS="3386" HEIGHT="34" WIDTH="76" ID="PAG_22_ST000070" WC="1" CONTENT="fait." STYLEREFS="TXT_3"/>
            <SP ID="PAG_22_SP000063" HPOS="5949" VPOS="3386" WIDTH="31"/>
            <String HPOS="5980" VPOS="3386" HEIGHT="37" WIDTH="120" ID="PAG_22_ST000071" WC="1" CONTENT="Alors," STYLEREFS="TXT_3"/>
            <SP ID="PAG_22_SP000064" HPOS="6100" VPOS="3399" WIDTH="25"/>
            <String HPOS="6125" VPOS="3399" HEIGHT="21" WIDTH="46" ID="PAG_22_ST000072" WC="1" CONTENT="on" STYLEREFS="TXT_3"/>
            <SP ID="PAG_22_SP000065" HPOS="6171" VPOS="3388" WIDTH="27"/>
            <String HPOS="6198" VPOS="3388" HEIGHT="34" WIDTH="117" ID="PAG_22_ST000073" WC="1" CONTENT="triche" STYLEREFS="TXT_3"/>
            <SP ID="PAG_22_SP000066" HPOS="6315" VPOS="3400" WIDTH="24"/>
            <String HPOS="6339" VPOS="3400" HEIGHT="23" WIDTH="90" ID="PAG_22_ST000074" WC="1" CONTENT="avec" STYLEREFS="TXT_3"/>
            <SP ID="PAG_22_SP000067" HPOS="6429" VPOS="3389" WIDTH="25"/>
            <String HPOS="6454" VPOS="3389" HEIGHT="34" WIDTH="30" ID="PAG_22_ST000075" WC="0.98" CONTENT="le" STYLEREFS="TXT_3"/>
            <SP ID="PAG_22_SP000068" HPOS="6484" VPOS="3395" WIDTH="27"/>
            <String HPOS="6511" VPOS="3395" HEIGHT="37" WIDTH="115" ID="PAG_22_ST000076" WC="1" CONTENT="temps" STYLEREFS="TXT_3"/>
            <SP ID="PAG_22_SP000069" HPOS="6626" VPOS="3402" WIDTH="25"/>
            <String HPOS="6651" VPOS="3402" HEIGHT="20" WIDTH="6" ID="PAG_22_ST000077" WC="1" CONTENT=":" STYLEREFS="TXT_3"/>
            <SP ID="PAG_22_SP000070" HPOS="6657" VPOS="3401" WIDTH="27"/>
            <String HPOS="6684" VPOS="3401" HEIGHT="22" WIDTH="46" ID="PAG_22_ST000078" WC="1" CONTENT="on" STYLEREFS="TXT_3"/>
            <SP ID="PAG_22_SP000071" HPOS="6730" VPOS="3397" WIDTH="25"/>
            <String HPOS="6755" VPOS="3397" HEIGHT="27" WIDTH="72" ID="PAG_22_ST000079" WC="0.76" CONTENT="met" STYLEREFS="TXT_3"/>
          </TextLine>
          <TextLine HPOS="5630" VPOS="3458" HEIGHT="43" WIDTH="1194" ID="PAG_22_TL000009" STYLEREFS="TXT_3">
            <String HPOS="5630" VPOS="3468" HEIGHT="23" WIDTH="70" ID="PAG_22_ST000080" WC="1" CONTENT="une" STYLEREFS="TXT_3"/>
            <SP ID="PAG_22_SP000072" HPOS="5700" VPOS="3458" WIDTH="29"/>
            <String HPOS="5729" VPOS="3458" HEIGHT="34" WIDTH="87" ID="PAG_22_ST000081" WC="1" CONTENT="robe" STYLEREFS="TXT_3"/>
            <SP ID="PAG_22_SP000073" HPOS="5816" VPOS="3459" WIDTH="28"/>
            <String HPOS="5844" VPOS="3459" HEIGHT="42" WIDTH="59" ID="PAG_22_ST000082" WC="1" CONTENT="qui" STYLEREFS="TXT_3"/>
            <SP ID="PAG_22_SP000074" HPOS="5903" VPOS="3471" WIDTH="30"/>
            <String HPOS="5933" VPOS="3471" HEIGHT="23" WIDTH="20" ID="PAG_22_ST000083" WC="1" CONTENT="a" STYLEREFS="TXT_3"/>
            <SP ID="PAG_22_SP000075" HPOS="5953" VPOS="3459" WIDTH="28"/>
            <String HPOS="5981" VPOS="3459" HEIGHT="34" WIDTH="81" ID="PAG_22_ST000084" WC="1" CONTENT="l'air" STYLEREFS="TXT_3"/>
            <SP ID="PAG_22_SP000076" HPOS="6062" VPOS="3461" WIDTH="28"/>
            <String HPOS="6090" VPOS="3461" HEIGHT="33" WIDTH="84" ID="PAG_22_ST000085" WC="1" CONTENT="d'un" STYLEREFS="TXT_3"/>
            <SP ID="PAG_22_SP000077" HPOS="6174" VPOS="3468" WIDTH="31"/>
            <String HPOS="6205" VPOS="3468" HEIGHT="27" WIDTH="173" ID="PAG_22_ST000086" WC="1" CONTENT="manteau" STYLEREFS="TXT_3"/>
            <SP ID="PAG_22_SP000078" HPOS="6378" VPOS="3473" WIDTH="28"/>
            <String HPOS="6406" VPOS="3473" HEIGHT="23" WIDTH="47" ID="PAG_22_ST000087" WC="1" CONTENT="ou" STYLEREFS="TXT_3"/>
            <SP ID="PAG_22_SP000079" HPOS="6453" VPOS="3461" WIDTH="29"/>
            <String HPOS="6482" VPOS="3461" HEIGHT="35" WIDTH="84" ID="PAG_22_ST000088" WC="1" CONTENT="d'un" STYLEREFS="TXT_3"/>
            <SP ID="PAG_22_SP000080" HPOS="6566" VPOS="3463" WIDTH="30"/>
            <String HPOS="6596" VPOS="3463" HEIGHT="34" WIDTH="184" ID="PAG_22_ST000089" WC="1" CONTENT="ensemble" STYLEREFS="TXT_3"/>
            <SP ID="PAG_22_SP000081" HPOS="6780" VPOS="3475" WIDTH="38"/>
            <String HPOS="6818" VPOS="3475" HEIGHT="21" WIDTH="6" ID="PAG_22_ST000090" WC="1" CONTENT=":" STYLEREFS="TXT_3"/>
          </TextLine>
          <TextLine HPOS="5627" VPOS="3529" HEIGHT="47" WIDTH="1198" ID="PAG_22_TL000010" STYLEREFS="TXT_3">
            <String HPOS="5627" VPOS="3529" HEIGHT="44" WIDTH="90" ID="PAG_22_ST000091" WC="1" CONTENT="jupe" STYLEREFS="TXT_3"/>
            <SP ID="PAG_22_SP000082" HPOS="5717" VPOS="3539" WIDTH="29"/>
            <String HPOS="5746" VPOS="3539" HEIGHT="25" WIDTH="33" ID="PAG_22_ST000092" WC="1" CONTENT="et" STYLEREFS="TXT_3"/>
            <SP ID="PAG_22_SP000083" HPOS="5779" VPOS="3530" WIDTH="29"/>
            <String HPOS="5808" VPOS="3530" HEIGHT="35" WIDTH="127" ID="PAG_22_ST000093" WC="1" CONTENT="boléro" STYLEREFS="TXT_3"/>
            <SP ID="PAG_22_SP000084" HPOS="5935" VPOS="3543" WIDTH="28"/>
            <String HPOS="5963" VPOS="3543" HEIGHT="22" WIDTH="45" ID="PAG_22_ST000094" WC="1" CONTENT="ou" STYLEREFS="TXT_3"/>
            <SP ID="PAG_22_SP000085" HPOS="6008" VPOS="3533" WIDTH="27"/>
            <String HPOS="6035" VPOS="3533" HEIGHT="42" WIDTH="89" ID="PAG_22_ST000095" WC="1" CONTENT="jupe" STYLEREFS="TXT_3"/>
            <SP ID="PAG_22_SP000086" HPOS="6124" VPOS="3542" WIDTH="29"/>
            <String HPOS="6153" VPOS="3542" HEIGHT="25" WIDTH="34" ID="PAG_22_ST000096" WC="1" CONTENT="et" STYLEREFS="TXT_3"/>
            <SP ID="PAG_22_SP000087" HPOS="6187" VPOS="3544" WIDTH="31"/>
            <String HPOS="6218" VPOS="3544" HEIGHT="30" WIDTH="111" ID="PAG_22_ST000097" WC="1" CONTENT="veste," STYLEREFS="TXT_3"/>
            <SP ID="PAG_22_SP000088" HPOS="6329" VPOS="3546" WIDTH="30"/>
            <String HPOS="6359" VPOS="3546" HEIGHT="22" WIDTH="44" ID="PAG_22_ST000098" WC="1" CONTENT="en" STYLEREFS="TXT_3"/>
            <SP ID="PAG_22_SP000089" HPOS="6403" VPOS="3534" WIDTH="29"/>
            <String HPOS="6432" VPOS="3534" HEIGHT="42" WIDTH="147" ID="PAG_22_ST000099" WC="0.98" CONTENT="lainage" STYLEREFS="TXT_3"/>
            <SP ID="PAG_22_SP000090" HPOS="6579" VPOS="3536" WIDTH="29"/>
            <String HPOS="6608" VPOS="3536" HEIGHT="33" WIDTH="145" ID="PAG_22_ST000100" WC="0.93" CONTENT="sombre" STYLEREFS="TXT_3"/>
            <SP ID="PAG_22_SP000091" HPOS="6753" VPOS="3536" WIDTH="28"/>
            <String HPOS="6781" VPOS="3536" HEIGHT="33" WIDTH="44" ID="PAG_22_ST000101" WC="1" CONTENT="de" STYLEREFS="TXT_3"/>
          </TextLine>
          <TextLine HPOS="5627" VPOS="3602" HEIGHT="49" WIDTH="1226" ID="PAG_22_TL000011" STYLEREFS="TXT_3">
            <String HPOS="5627" VPOS="3602" HEIGHT="42" WIDTH="222" ID="PAG_22_ST000102" WC="0.98" CONTENT="préférence" STYLEREFS="TXT_3"/>
            <SP ID="PAG_22_SP000092" HPOS="5849" VPOS="3616" WIDTH="27"/>
            <String HPOS="5876" VPOS="3616" HEIGHT="21" WIDTH="6" ID="PAG_22_ST000103" WC="1" CONTENT=":" STYLEREFS="TXT_3"/>
            <SP ID="PAG_22_SP000093" HPOS="5882" VPOS="3605" WIDTH="25"/>
            <String HPOS="5907" VPOS="3605" HEIGHT="35" WIDTH="92" ID="PAG_22_ST000104" WC="0.95" CONTENT="noir." STYLEREFS="TXT_3"/>
            <SP ID="PAG_22_SP000094" HPOS="5999" VPOS="3606" WIDTH="23"/>
            <String HPOS="6022" VPOS="3606" HEIGHT="34" WIDTH="143" ID="PAG_22_ST000105" WC="0.95" CONTENT="marine" STYLEREFS="TXT_3"/>
            <SP ID="PAG_22_SP000095" HPOS="6165" VPOS="3617" WIDTH="23"/>
            <String HPOS="6188" VPOS="3617" HEIGHT="23" WIDTH="45" ID="PAG_22_ST000106" WC="0.99" CONTENT="ou" STYLEREFS="TXT_3"/>
            <SP ID="PAG_22_SP000096" HPOS="6233" VPOS="3607" WIDTH="23"/>
            <String HPOS="6256" VPOS="3607" HEIGHT="43" WIDTH="77" ID="PAG_22_ST000107" WC="1" CONTENT="gris" STYLEREFS="TXT_3"/>
            <SP ID="PAG_22_SP000097" HPOS="6333" VPOS="3606" WIDTH="29"/>
            <String HPOS="6362" VPOS="3606" HEIGHT="34" WIDTH="117" ID="PAG_22_ST000108" WC="1" CONTENT="foncé." STYLEREFS="TXT_3"/>
            <SP ID="PAG_22_SP000098" HPOS="6479" VPOS="3606" WIDTH="24"/>
            <String HPOS="6503" VPOS="3606" HEIGHT="35" WIDTH="57" ID="PAG_22_ST000109" WC="1" CONTENT="On" STYLEREFS="TXT_3"/>
            <SP ID="PAG_22_SP000099" HPOS="6560" VPOS="3615" WIDTH="24"/>
            <String HPOS="6584" VPOS="3615" HEIGHT="35" WIDTH="84" ID="PAG_22_ST000110" WC="0.95" CONTENT="peut" STYLEREFS="TXT_3"/>
            <SP ID="PAG_22_SP000100" HPOS="6668" VPOS="3619" WIDTH="25"/>
            <String HPOS="6693" VPOS="3619" HEIGHT="32" WIDTH="130" ID="PAG_22_ST000111" WC="0.86" CONTENT="cepen-" SUBS_TYPE="HypPart1" SUBS_CONTENT="cependant" STYLEREFS="TXT_3"/>
            <HYP HPOS="6823" VPOS="3651" WIDTH="30" CONTENT="-"/>
          </TextLine>
          <TextLine HPOS="5626" VPOS="3676" HEIGHT="47" WIDTH="1209" ID="PAG_22_TL000012" STYLEREFS="TXT_3">
            <String HPOS="5626" VPOS="3676" HEIGHT="34" WIDTH="88" ID="PAG_22_ST000112" WC="1" CONTENT="dant" SUBS_TYPE="HypPart2" SUBS_CONTENT="cependant" STYLEREFS="TXT_3"/>
            <SP ID="PAG_22_SP000101" HPOS="5714" VPOS="3677" WIDTH="32"/>
            <String HPOS="5746" VPOS="3677" HEIGHT="42" WIDTH="155" ID="PAG_22_ST000113" WC="1" CONTENT="adopter" STYLEREFS="TXT_3"/>
            <SP ID="PAG_22_SP000102" HPOS="5901" VPOS="3678" WIDTH="31"/>
            <String HPOS="5932" VPOS="3678" HEIGHT="33" WIDTH="63" ID="PAG_22_ST000114" WC="1" CONTENT="des" STYLEREFS="TXT_3"/>
            <SP ID="PAG_22_SP000103" HPOS="5995" VPOS="3678" WIDTH="33"/>
            <String HPOS="6028" VPOS="3678" HEIGHT="34" WIDTH="170" ID="PAG_22_ST000115" WC="0.93" CONTENT="couleurs" STYLEREFS="TXT_3"/>
            <SP ID="PAG_22_SP000104" HPOS="6198" VPOS="3679" WIDTH="33"/>
            <String HPOS="6231" VPOS="3679" HEIGHT="43" WIDTH="80" ID="PAG_22_ST000116" WC="1" CONTENT="plus" STYLEREFS="TXT_3"/>
            <SP ID="PAG_22_SP000105" HPOS="6311" VPOS="3680" WIDTH="31"/>
            <String HPOS="6342" VPOS="3680" HEIGHT="42" WIDTH="103" ID="PAG_22_ST000117" WC="0.99" CONTENT="gaies" STYLEREFS="TXT_3"/>
            <SP ID="PAG_22_SP000106" HPOS="6445" VPOS="3692" WIDTH="27"/>
            <String HPOS="6472" VPOS="3692" HEIGHT="21" WIDTH="5" ID="PAG_22_ST000118" WC="1" CONTENT=":" STYLEREFS="TXT_3"/>
            <SP ID="PAG_22_SP000107" HPOS="6477" VPOS="3680" WIDTH="32"/>
            <String HPOS="6509" VPOS="3680" HEIGHT="43" WIDTH="77" ID="PAG_22_ST000119" WC="0.99" CONTENT="gris" STYLEREFS="TXT_3"/>
            <SP ID="PAG_22_SP000108" HPOS="6586" VPOS="3681" WIDTH="34"/>
            <String HPOS="6620" VPOS="3681" HEIGHT="42" WIDTH="79" ID="PAG_22_ST000120" WC="1" CONTENT="plus" STYLEREFS="TXT_3"/>
            <SP ID="PAG_22_SP000109" HPOS="6699" VPOS="3681" WIDTH="32"/>
            <String HPOS="6731" VPOS="3681" HEIGHT="39" WIDTH="104" ID="PAG_22_ST000121" WC="0.94" CONTENT="clair," STYLEREFS="TXT_3"/>
          </TextLine>
          <TextLine HPOS="5624" VPOS="3749" HEIGHT="43" WIDTH="364" ID="PAG_22_TL000013" STYLEREFS="TXT_3">
            <String HPOS="5624" VPOS="3760" HEIGHT="22" WIDTH="47" ID="PAG_22_ST000122" WC="1" CONTENT="ou" STYLEREFS="TXT_3"/>
            <SP ID="PAG_22_SP000110" HPOS="5671" VPOS="3749" WIDTH="27"/>
            <String HPOS="5698" VPOS="3749" HEIGHT="34" WIDTH="134" ID="PAG_22_ST000123" WC="1" CONTENT="teintes" STYLEREFS="TXT_3"/>
            <SP ID="PAG_22_SP000111" HPOS="5832" VPOS="3750" WIDTH="28"/>
            <String HPOS="5860" VPOS="3750" HEIGHT="42" WIDTH="128" ID="PAG_22_ST000124" WC="1" CONTENT="pastel." STYLEREFS="TXT_3"/>
          </TextLine>
        </TextBlock>
        <TextBlock HPOS="5612" VPOS="3821" HEIGHT="407" WIDTH="1227" ID="PAG_22_TB000003" LANG="fr" STYLEREFS="TXT_3">
          <TextLine HPOS="5674" VPOS="3821" HEIGHT="46" WIDTH="1144" ID="PAG_22_TL000014" STYLEREFS="TXT_3">
            <String HPOS="5674" VPOS="3821" HEIGHT="33" WIDTH="26" ID="PAG_22_ST000125" WC="1" CONTENT="Il" STYLEREFS="TXT_3"/>
            <SP ID="PAG_22_SP000112" HPOS="5700" VPOS="3830" WIDTH="29"/>
            <String HPOS="5729" VPOS="3830" HEIGHT="26" WIDTH="55" ID="PAG_22_ST000126" WC="0.79" CONTENT="sut" STYLEREFS="TXT_3"/>
            <SP ID="PAG_22_SP000113" HPOS="5784" VPOS="3821" WIDTH="11"/>
            <String HPOS="5795" VPOS="3821" HEIGHT="34" WIDTH="37" ID="PAG_22_ST000127" WC="0.99" CONTENT="fit" STYLEREFS="TXT_3"/>
            <SP ID="PAG_22_SP000114" HPOS="5832" VPOS="3823" WIDTH="27"/>
            <String HPOS="5859" VPOS="3823" HEIGHT="33" WIDTH="42" ID="PAG_22_ST000128" WC="1" CONTENT="de" STYLEREFS="TXT_3"/>
            <SP ID="PAG_22_SP000115" HPOS="5901" VPOS="3827" WIDTH="28"/>
            <String HPOS="5929" VPOS="3827" HEIGHT="38" WIDTH="69" ID="PAG_22_ST000129" WC="0.78" CONTENT="peu" STYLEREFS="TXT_3"/>
            <SP ID="PAG_22_SP000116" HPOS="5998" VPOS="3824" WIDTH="27"/>
            <String HPOS="6025" VPOS="3824" HEIGHT="33" WIDTH="44" ID="PAG_22_ST000130" WC="1" CONTENT="de" STYLEREFS="TXT_3"/>
            <SP ID="PAG_22_SP000117" HPOS="6069" VPOS="3824" WIDTH="27"/>
            <String HPOS="6096" VPOS="3824" HEIGHT="33" WIDTH="110" ID="PAG_22_ST000131" WC="1" CONTENT="chose" STYLEREFS="TXT_3"/>
            <SP ID="PAG_22_SP000118" HPOS="6206" VPOS="3836" WIDTH="28"/>
            <String HPOS="6234" VPOS="3836" HEIGHT="31" WIDTH="93" ID="PAG_22_ST000132" WC="0.88" CONTENT="pour" STYLEREFS="TXT_3"/>
            <SP ID="PAG_22_SP000119" HPOS="6327" VPOS="3826" WIDTH="25"/>
            <String HPOS="6352" VPOS="3826" HEIGHT="33" WIDTH="143" ID="PAG_22_ST000133" WC="1" CONTENT="donner" STYLEREFS="TXT_3"/>
            <SP ID="PAG_22_SP000120" HPOS="6495" VPOS="3826" WIDTH="26"/>
            <String HPOS="6521" VPOS="3826" HEIGHT="34" WIDTH="20" ID="PAG_22_ST000134" WC="1" CONTENT="à" STYLEREFS="TXT_3"/>
            <SP ID="PAG_22_SP000121" HPOS="6541" VPOS="3837" WIDTH="27"/>
            <String HPOS="6568" VPOS="3837" HEIGHT="23" WIDTH="69" ID="PAG_22_ST000135" WC="1" CONTENT="une" STYLEREFS="TXT_3"/>
            <SP ID="PAG_22_SP000122" HPOS="6637" VPOS="3826" WIDTH="28"/>
            <String HPOS="6665" VPOS="3826" HEIGHT="34" WIDTH="86" ID="PAG_22_ST000136" WC="0.95" CONTENT="robe" STYLEREFS="TXT_3"/>
            <SP ID="PAG_22_SP000123" HPOS="6751" VPOS="3838" WIDTH="28"/>
            <String HPOS="6779" VPOS="3838" HEIGHT="23" WIDTH="39" ID="PAG_22_ST000137" WC="1" CONTENT="ce" STYLEREFS="TXT_3"/>
          </TextLine>
          <TextLine HPOS="5624" VPOS="3894" HEIGHT="46" WIDTH="1190" ID="PAG_22_TL000015" STYLEREFS="TXT_3">
            <String HPOS="5624" VPOS="3894" HEIGHT="34" WIDTH="92" ID="PAG_22_ST000138" WC="1" CONTENT="faux" STYLEREFS="TXT_3"/>
            <SP ID="PAG_22_SP000124" HPOS="5716" VPOS="3895" WIDTH="30"/>
            <String HPOS="5746" VPOS="3895" HEIGHT="33" WIDTH="55" ID="PAG_22_ST000139" WC="1" CONTENT="air" STYLEREFS="TXT_3"/>
            <SP ID="PAG_22_SP000125" HPOS="5801" VPOS="3895" WIDTH="30"/>
            <String HPOS="5831" VPOS="3895" HEIGHT="34" WIDTH="42" ID="PAG_22_ST000140" WC="1" CONTENT="de" STYLEREFS="TXT_3"/>
            <SP ID="PAG_22_SP000126" HPOS="5873" VPOS="3904" WIDTH="31"/>
            <String HPOS="5904" VPOS="3904" HEIGHT="26" WIDTH="173" ID="PAG_22_ST000141" WC="1" CONTENT="manteau" STYLEREFS="TXT_3"/>
            <SP ID="PAG_22_SP000127" HPOS="6077" VPOS="3908" WIDTH="27"/>
            <String HPOS="6104" VPOS="3908" HEIGHT="21" WIDTH="6" ID="PAG_22_ST000142" WC="1" CONTENT=":" STYLEREFS="TXT_3"/>
            <SP ID="PAG_22_SP000128" HPOS="6110" VPOS="3907" WIDTH="32"/>
            <String HPOS="6142" VPOS="3907" HEIGHT="23" WIDTH="125" ID="PAG_22_ST000143" WC="0.97" CONTENT="revers" STYLEREFS="TXT_3"/>
            <SP ID="PAG_22_SP000129" HPOS="6267" VPOS="3906" WIDTH="31"/>
            <String HPOS="6298" VPOS="3906" HEIGHT="25" WIDTH="151" ID="PAG_22_ST000144" WC="1" CONTENT="ouverts" STYLEREFS="TXT_3"/>
            <SP ID="PAG_22_SP000130" HPOS="6449" VPOS="3909" WIDTH="31"/>
            <String HPOS="6480" VPOS="3909" HEIGHT="23" WIDTH="61" ID="PAG_22_ST000145" WC="1" CONTENT="sur" STYLEREFS="TXT_3"/>
            <SP ID="PAG_22_SP000131" HPOS="6541" VPOS="3910" WIDTH="31"/>
            <String HPOS="6572" VPOS="3910" HEIGHT="21" WIDTH="45" ID="PAG_22_ST000146" WC="0.94" CONTENT="un" STYLEREFS="TXT_3"/>
            <SP ID="PAG_22_SP000132" HPOS="6617" VPOS="3900" WIDTH="34"/>
            <String HPOS="6651" VPOS="3900" HEIGHT="40" WIDTH="163" ID="PAG_22_ST000147" WC="0.99" CONTENT="plastron" STYLEREFS="TXT_3"/>
          </TextLine>
          <TextLine HPOS="5619" VPOS="3966" HEIGHT="48" WIDTH="1194" ID="PAG_22_TL000016" STYLEREFS="TXT_3">
            <String HPOS="5619" VPOS="3966" HEIGHT="35" WIDTH="107" ID="PAG_22_ST000148" WC="0.99" CONTENT="blanc" STYLEREFS="TXT_3"/>
            <SP ID="PAG_22_SP000133" HPOS="5726" VPOS="3979" WIDTH="25"/>
            <String HPOS="5751" VPOS="3979" HEIGHT="26" WIDTH="6" ID="PAG_22_ST000149" WC="1" CONTENT=";" STYLEREFS="TXT_3"/>
            <SP ID="PAG_22_SP000134" HPOS="5757" VPOS="3979" WIDTH="39"/>
            <String HPOS="5796" VPOS="3979" HEIGHT="29" WIDTH="156" ID="PAG_22_ST000150" WC="0.98" CONTENT="corsage" STYLEREFS="TXT_3"/>
            <SP ID="PAG_22_SP000135" HPOS="5952" VPOS="3968" WIDTH="38"/>
            <String HPOS="5990" VPOS="3968" HEIGHT="34" WIDTH="187" ID="PAG_22_ST000151" WC="0.96" CONTENT="boutonné" STYLEREFS="TXT_3"/>
            <SP ID="PAG_22_SP000136" HPOS="6177" VPOS="3970" WIDTH="39"/>
            <String HPOS="6216" VPOS="3970" HEIGHT="42" WIDTH="146" ID="PAG_22_ST000152" WC="1" CONTENT="jusqu'à" STYLEREFS="TXT_3"/>
            <SP ID="PAG_22_SP000137" HPOS="6362" VPOS="3970" WIDTH="41"/>
            <String HPOS="6403" VPOS="3970" HEIGHT="34" WIDTH="32" ID="PAG_22_ST000153" WC="1" CONTENT="la" STYLEREFS="TXT_3"/>
            <SP ID="PAG_22_SP000138" HPOS="6435" VPOS="3970" WIDTH="41"/>
            <String HPOS="6476" VPOS="3970" HEIGHT="35" WIDTH="109" ID="PAG_22_ST000154" WC="0.99" CONTENT="taille." STYLEREFS="TXT_3"/>
            <SP ID="PAG_22_SP000139" HPOS="6585" VPOS="3972" WIDTH="41"/>
            <String HPOS="6626" VPOS="3972" HEIGHT="42" WIDTH="187" ID="PAG_22_ST000155" WC="0.99" CONTENT="Quelques" STYLEREFS="TXT_3"/>
          </TextLine>
          <TextLine HPOS="5617" VPOS="4039" HEIGHT="39" WIDTH="1222" ID="PAG_22_TL000017" STYLEREFS="TXT_3">
            <String HPOS="5617" VPOS="4039" HEIGHT="34" WIDTH="106" ID="PAG_22_ST000156" WC="0.96" CONTENT="robes" STYLEREFS="TXT_3"/>
            <SP ID="PAG_22_SP000140" HPOS="5723" VPOS="4040" WIDTH="30"/>
            <String HPOS="5753" VPOS="4040" HEIGHT="34" WIDTH="161" ID="PAG_22_ST000157" WC="1" CONTENT="croisées" STYLEREFS="TXT_3"/>
            <SP ID="PAG_22_SP000141" HPOS="5914" VPOS="4040" WIDTH="31"/>
            <String HPOS="5945" VPOS="4040" HEIGHT="34" WIDTH="161" ID="PAG_22_ST000158" WC="1" CONTENT="ferment" STYLEREFS="TXT_3"/>
            <SP ID="PAG_22_SP000142" HPOS="6106" VPOS="4053" WIDTH="29"/>
            <String HPOS="6135" VPOS="4053" HEIGHT="22" WIDTH="63" ID="PAG_22_ST000159" WC="0.80" CONTENT="sur" STYLEREFS="TXT_3"/>
            <SP ID="PAG_22_SP000143" HPOS="6198" VPOS="4042" WIDTH="28"/>
            <String HPOS="6226" VPOS="4042" HEIGHT="34" WIDTH="31" ID="PAG_22_ST000160" WC="1" CONTENT="le" STYLEREFS="TXT_3"/>
            <SP ID="PAG_22_SP000144" HPOS="6257" VPOS="4042" WIDTH="28"/>
            <String HPOS="6285" VPOS="4042" HEIGHT="34" WIDTH="91" ID="PAG_22_ST000161" WC="0.96" CONTENT="côté." STYLEREFS="TXT_3"/>
            <SP ID="PAG_22_SP000145" HPOS="6376" VPOS="4042" WIDTH="34"/>
            <String HPOS="6410" VPOS="4042" HEIGHT="35" WIDTH="172" ID="PAG_22_ST000162" WC="1" CONTENT="D'autres" STYLEREFS="TXT_3"/>
            <SP ID="PAG_22_SP000146" HPOS="6582" VPOS="4051" WIDTH="31"/>
            <String HPOS="6613" VPOS="4051" HEIGHT="27" WIDTH="79" ID="PAG_22_ST000163" WC="0.92" CONTENT="sont" STYLEREFS="TXT_3"/>
            <SP ID="PAG_22_SP000147" HPOS="6692" VPOS="4044" WIDTH="31"/>
            <String HPOS="6723" VPOS="4044" HEIGHT="34" WIDTH="86" ID="PAG_22_ST000164" WC="0.79" CONTENT="bou-" SUBS_TYPE="HypPart1" SUBS_CONTENT="boutonnées" STYLEREFS="TXT_3"/>
            <HYP HPOS="6809" VPOS="4078" WIDTH="30" CONTENT="-"/>
          </TextLine>
          <TextLine HPOS="5616" VPOS="4113" HEIGHT="45" WIDTH="1192" ID="PAG_22_TL000018" STYLEREFS="TXT_3">
            <String HPOS="5616" VPOS="4113" HEIGHT="33" WIDTH="153" ID="PAG_22_ST000165" WC="1" CONTENT="tonnées" SUBS_TYPE="HypPart2" SUBS_CONTENT="boutonnées" STYLEREFS="TXT_3"/>
            <SP ID="PAG_22_SP000148" HPOS="5769" VPOS="4114" WIDTH="32"/>
            <String HPOS="5801" VPOS="4114" HEIGHT="33" WIDTH="137" ID="PAG_22_ST000166" WC="1" CONTENT="devant" STYLEREFS="TXT_3"/>
            <SP ID="PAG_22_SP000149" HPOS="5938" VPOS="4113" WIDTH="29"/>
            <String HPOS="5967" VPOS="4113" HEIGHT="43" WIDTH="171" ID="PAG_22_ST000167" WC="0.99" CONTENT="jusqu'en" STYLEREFS="TXT_3"/>
            <SP ID="PAG_22_SP000150" HPOS="6138" VPOS="4114" WIDTH="34"/>
            <String HPOS="6172" VPOS="4114" HEIGHT="34" WIDTH="72" ID="PAG_22_ST000168" WC="0.81" CONTENT="has." STYLEREFS="TXT_3"/>
            <SP ID="PAG_22_SP000151" HPOS="6244" VPOS="4115" WIDTH="40"/>
            <String HPOS="6284" VPOS="4115" HEIGHT="32" WIDTH="23" ID="PAG_22_ST000169" WC="0.98" CONTENT="Il" STYLEREFS="TXT_3"/>
            <SP ID="PAG_22_SP000152" HPOS="6307" VPOS="4127" WIDTH="32"/>
            <String HPOS="6339" VPOS="4127" HEIGHT="31" WIDTH="21" ID="PAG_22_ST000170" WC="1" CONTENT="y" STYLEREFS="TXT_3"/>
            <SP ID="PAG_22_SP000153" HPOS="6360" VPOS="4127" WIDTH="33"/>
            <String HPOS="6393" VPOS="4127" HEIGHT="22" WIDTH="42" ID="PAG_22_ST000171" WC="1" CONTENT="en" STYLEREFS="TXT_3"/>
            <SP ID="PAG_22_SP000154" HPOS="6435" VPOS="4128" WIDTH="34"/>
            <String HPOS="6469" VPOS="4128" HEIGHT="21" WIDTH="18" ID="PAG_22_ST000172" WC="1" CONTENT="a" STYLEREFS="TXT_3"/>
            <SP ID="PAG_22_SP000155" HPOS="6487" VPOS="4127" WIDTH="33"/>
            <String HPOS="6520" VPOS="4127" HEIGHT="31" WIDTH="92" ID="PAG_22_ST000173" WC="1" CONTENT="pour" STYLEREFS="TXT_3"/>
            <SP ID="PAG_22_SP000156" HPOS="6612" VPOS="4126" WIDTH="33"/>
            <String HPOS="6645" VPOS="4126" HEIGHT="23" WIDTH="80" ID="PAG_22_ST000174" WC="1" CONTENT="tous" STYLEREFS="TXT_3"/>
            <SP ID="PAG_22_SP000157" HPOS="6725" VPOS="4117" WIDTH="33"/>
            <String HPOS="6758" VPOS="4117" HEIGHT="34" WIDTH="50" ID="PAG_22_ST000175" WC="0.62" CONTENT="tes" STYLEREFS="TXT_3"/>
          </TextLine>
          <TextLine HPOS="5612" VPOS="4185" HEIGHT="43" WIDTH="785" ID="PAG_22_TL000019" STYLEREFS="TXT_3">
            <String HPOS="5612" VPOS="4185" HEIGHT="42" WIDTH="109" ID="PAG_22_ST000176" WC="0.93" CONTENT="goûts" STYLEREFS="TXT_3"/>
            <SP ID="PAG_22_SP000158" HPOS="5721" VPOS="4191" WIDTH="27"/>
            <String HPOS="5748" VPOS="4191" HEIGHT="28" WIDTH="32" ID="PAG_22_ST000177" WC="1" CONTENT="et" STYLEREFS="TXT_3"/>
            <SP ID="PAG_22_SP000159" HPOS="5780" VPOS="4197" WIDTH="26"/>
            <String HPOS="5806" VPOS="4197" HEIGHT="31" WIDTH="92" ID="PAG_22_ST000178" WC="1" CONTENT="pour" STYLEREFS="TXT_3"/>
            <SP ID="PAG_22_SP000160" HPOS="5898" VPOS="4192" WIDTH="26"/>
            <String HPOS="5924" VPOS="4192" HEIGHT="27" WIDTH="119" ID="PAG_22_ST000179" WC="1" CONTENT="toutes" STYLEREFS="TXT_3"/>
            <SP ID="PAG_22_SP000161" HPOS="6043" VPOS="4186" WIDTH="28"/>
            <String HPOS="6071" VPOS="4186" HEIGHT="34" WIDTH="52" ID="PAG_22_ST000180" WC="0.73" CONTENT="les" STYLEREFS="TXT_3"/>
            <SP ID="PAG_22_SP000162" HPOS="6123" VPOS="4187" WIDTH="24"/>
            <String HPOS="6147" VPOS="4187" HEIGHT="41" WIDTH="250" ID="PAG_22_ST000181" WC="0.98" CONTENT="corpulences." STYLEREFS="TXT_3"/>
          </TextLine>
        </TextBlock>
        <TextBlock HPOS="5607" VPOS="4258" HEIGHT="189" WIDTH="1197" ID="PAG_22_TB000004" LANG="fr" STYLEREFS="TXT_3">
          <TextLine HPOS="5660" VPOS="4258" HEIGHT="45" WIDTH="1144" ID="PAG_22_TL000020" STYLEREFS="TXT_3">
            <String HPOS="5660" VPOS="4258" HEIGHT="33" WIDTH="45" ID="PAG_22_ST000182" WC="0.95" CONTENT="Et" STYLEREFS="TXT_3"/>
            <SP ID="PAG_22_SP000163" HPOS="5705" VPOS="4258" WIDTH="33"/>
            <String HPOS="5738" VPOS="4258" HEIGHT="33" WIDTH="91" ID="PAG_22_ST000183" WC="1" CONTENT="dans" STYLEREFS="TXT_3"/>
            <SP ID="PAG_22_SP000164" HPOS="5829" VPOS="4258" WIDTH="35"/>
            <String HPOS="5864" VPOS="4258" HEIGHT="33" WIDTH="32" ID="PAG_22_ST000184" WC="1" CONTENT="la" STYLEREFS="TXT_3"/>
            <SP ID="PAG_22_SP000165" HPOS="5896" VPOS="4269" WIDTH="35"/>
            <String HPOS="5931" VPOS="4269" HEIGHT="22" WIDTH="63" ID="PAG_22_ST000185" WC="1" CONTENT="rue" STYLEREFS="TXT_3"/>
            <SP ID="PAG_22_SP000166" HPOS="5994" VPOS="4269" WIDTH="33"/>
            <String HPOS="6027" VPOS="4269" HEIGHT="22" WIDTH="45" ID="PAG_22_ST000186" WC="1" CONTENT="on" STYLEREFS="TXT_3"/>
            <SP ID="PAG_22_SP000167" HPOS="6072" VPOS="4269" WIDTH="35"/>
            <String HPOS="6107" VPOS="4269" HEIGHT="22" WIDTH="36" ID="PAG_22_ST000187" WC="1" CONTENT="se" STYLEREFS="TXT_3"/>
            <SP ID="PAG_22_SP000168" HPOS="6143" VPOS="4268" WIDTH="35"/>
            <String HPOS="6178" VPOS="4268" HEIGHT="24" WIDTH="81" ID="PAG_22_ST000188" WC="1" CONTENT="sent" STYLEREFS="TXT_3"/>
            <SP ID="PAG_22_SP000169" HPOS="6259" VPOS="4260" WIDTH="32"/>
            <String HPOS="6291" VPOS="4260" HEIGHT="33" WIDTH="115" ID="PAG_22_ST000189" WC="0.97" CONTENT="alerte" STYLEREFS="TXT_3"/>
            <SP ID="PAG_22_SP000170" HPOS="6406" VPOS="4267" WIDTH="35"/>
            <String HPOS="6441" VPOS="4267" HEIGHT="27" WIDTH="33" ID="PAG_22_ST000190" WC="1" CONTENT="et" STYLEREFS="TXT_3"/>
            <SP ID="PAG_22_SP000171" HPOS="6474" VPOS="4260" WIDTH="35"/>
            <String HPOS="6509" VPOS="4260" HEIGHT="43" WIDTH="133" ID="PAG_22_ST000191" WC="0.98" CONTENT="légère." STYLEREFS="TXT_3"/>
            <SP ID="PAG_22_SP000172" HPOS="6642" VPOS="4261" WIDTH="37"/>
            <String HPOS="6679" VPOS="4261" HEIGHT="33" WIDTH="53" ID="PAG_22_ST000192" WC="0.96" CONTENT="En" STYLEREFS="TXT_3"/>
            <SP ID="PAG_22_SP000173" HPOS="6732" VPOS="4273" WIDTH="36"/>
            <String HPOS="6768" VPOS="4273" HEIGHT="22" WIDTH="36" ID="PAG_22_ST000193" WC="1" CONTENT="se" STYLEREFS="TXT_3"/>
          </TextLine>
          <TextLine HPOS="5607" VPOS="4330" HEIGHT="46" WIDTH="1191" ID="PAG_22_TL000021" STYLEREFS="TXT_3">
            <String HPOS="5607" VPOS="4330" HEIGHT="43" WIDTH="173" ID="PAG_22_ST000194" WC="1" CONTENT="séparant" STYLEREFS="TXT_3"/>
            <SP ID="PAG_22_SP000174" HPOS="5780" VPOS="4330" WIDTH="27"/>
            <String HPOS="5807" VPOS="4330" HEIGHT="34" WIDTH="45" ID="PAG_22_ST000195" WC="1" CONTENT="du" STYLEREFS="TXT_3"/>
            <SP ID="PAG_22_SP000175" HPOS="5852" VPOS="4339" WIDTH="28"/>
            <String HPOS="5880" VPOS="4339" HEIGHT="28" WIDTH="184" ID="PAG_22_ST000196" WC="1" CONTENT="manteau," STYLEREFS="TXT_3"/>
            <SP ID="PAG_22_SP000176" HPOS="6064" VPOS="4331" WIDTH="29"/>
            <String HPOS="6093" VPOS="4331" HEIGHT="32" WIDTH="20" ID="PAG_22_ST000197" WC="0.98" CONTENT="il" STYLEREFS="TXT_3"/>
            <SP ID="PAG_22_SP000177" HPOS="6113" VPOS="4332" WIDTH="29"/>
            <String HPOS="6142" VPOS="4332" HEIGHT="34" WIDTH="134" ID="PAG_22_ST000198" WC="0.73" CONTENT="semble" STYLEREFS="TXT_3"/>
            <SP ID="PAG_22_SP000178" HPOS="6276" VPOS="4333" WIDTH="25"/>
            <String HPOS="6301" VPOS="4333" HEIGHT="40" WIDTH="107" ID="PAG_22_ST000199" WC="0.99" CONTENT="qu'on" STYLEREFS="TXT_3"/>
            <SP ID="PAG_22_SP000179" HPOS="6408" VPOS="4333" WIDTH="28"/>
            <String HPOS="6436" VPOS="4333" HEIGHT="34" WIDTH="49" ID="PAG_22_ST000200" WC="1" CONTENT="ait" STYLEREFS="TXT_3"/>
            <SP ID="PAG_22_SP000180" HPOS="6485" VPOS="4333" WIDTH="30"/>
            <String HPOS="6515" VPOS="4333" HEIGHT="34" WIDTH="65" ID="PAG_22_ST000201" WC="1" CONTENT="fait" STYLEREFS="TXT_3"/>
            <SP ID="PAG_22_SP000181" HPOS="6580" VPOS="4346" WIDTH="28"/>
            <String HPOS="6608" VPOS="4346" HEIGHT="21" WIDTH="45" ID="PAG_22_ST000202" WC="0.96" CONTENT="un" STYLEREFS="TXT_3"/>
            <SP ID="PAG_22_SP000182" HPOS="6653" VPOS="4336" WIDTH="27"/>
            <String HPOS="6680" VPOS="4336" HEIGHT="40" WIDTH="118" ID="PAG_22_ST000203" WC="0.95" CONTENT="grand" STYLEREFS="TXT_3"/>
          </TextLine>
          <TextLine HPOS="5607" VPOS="4403" HEIGHT="44" WIDTH="1190" ID="PAG_22_TL000022" STYLEREFS="TXT_3">
            <String HPOS="5607" VPOS="4415" HEIGHT="30" WIDTH="62" ID="PAG_22_ST000204" WC="1" CONTENT=";)as" STYLEREFS="TXT_3"/>
            <SP ID="PAG_22_SP000183" HPOS="5669" VPOS="4415" WIDTH="22"/>
            <String HPOS="5691" VPOS="4415" HEIGHT="22" WIDTH="65" ID="PAG_22_ST000205" WC="0.73" CONTENT="ver" STYLEREFS="TXT_3"/>
            <SP ID="PAG_22_SP000184" HPOS="5756" VPOS="4415" WIDTH="4"/>
            <String HPOS="5760" VPOS="4415" HEIGHT="21" WIDTH="20" ID="PAG_22_ST000206" WC="0.56" CONTENT="s," STYLEREFS="TXT_3"/>
            <SP ID="PAG_22_SP000185" HPOS="5780" VPOS="4403" WIDTH="17"/>
            <String HPOS="5797" VPOS="4403" HEIGHT="33" WIDTH="50" ID="PAG_22_ST000207" WC="1" CONTENT="les" STYLEREFS="TXT_3"/>
            <SP ID="PAG_22_SP000186" HPOS="5847" VPOS="4403" WIDTH="22"/>
            <String HPOS="5869" VPOS="4403" HEIGHT="33" WIDTH="117" ID="PAG_22_ST000208" WC="1" CONTENT="beaux" STYLEREFS="TXT_3"/>
            <SP ID="PAG_22_SP000187" HPOS="5986" VPOS="4403" WIDTH="23"/>
            <String HPOS="6009" VPOS="4403" HEIGHT="42" WIDTH="106" ID="PAG_22_ST000209" WC="1" CONTENT="jours" STYLEREFS="TXT_3"/>
            <SP ID="PAG_22_SP000188" HPOS="6115" VPOS="4404" WIDTH="21"/>
            <String HPOS="6136" VPOS="4404" HEIGHT="41" WIDTH="58" ID="PAG_22_ST000210" WC="1" CONTENT="qui" STYLEREFS="TXT_3"/>
            <SP ID="PAG_22_SP000189" HPOS="6194" VPOS="4415" WIDTH="25"/>
            <String HPOS="6219" VPOS="4415" HEIGHT="22" WIDTH="42" ID="PAG_22_ST000211" WC="0.93" CONTENT="ne" STYLEREFS="TXT_3"/>
            <SP ID="PAG_22_SP000190" HPOS="6261" VPOS="4405" WIDTH="23"/>
            <String HPOS="6284" VPOS="4405" HEIGHT="34" WIDTH="190" ID="PAG_22_ST000212" WC="1" CONTENT="tarderont" STYLEREFS="TXT_3"/>
            <SP ID="PAG_22_SP000191" HPOS="6474" VPOS="4417" WIDTH="23"/>
            <String HPOS="6497" VPOS="4417" HEIGHT="29" WIDTH="64" ID="PAG_22_ST000213" WC="0.71" CONTENT="pa&lt;" STYLEREFS="TXT_3"/>
            <SP ID="PAG_22_SP000192" HPOS="6561" VPOS="4405" WIDTH="22"/>
            <String HPOS="6583" VPOS="4405" HEIGHT="33" WIDTH="16" ID="PAG_22_ST000214" WC="0.69" CONTENT="à" STYLEREFS="TXT_3"/>
            <SP ID="PAG_22_SP000193" HPOS="6599" VPOS="4406" WIDTH="25"/>
            <String HPOS="6624" VPOS="4406" HEIGHT="41" WIDTH="173" ID="PAG_22_ST000215" WC="0.96" CONTENT="paraître." STYLEREFS="TXT_3"/>
          </TextLine>
        </TextBlock>
      </PrintSpace>
    </Page>
  </Layout>
</alto>