<?xml version="1.0" encoding="UTF-8"?>
<alto xmlns="http://www.loc.gov/standards/alto/ns-v3#" xmlns:xsi="http://www.w3.org/2001/XMLSchema-instance" SCHEMAVERSION="alto_bnf-v2_0" xsi:schemaLocation="http://www.loc.gov/standards/alto/ns-v3# http://bibnum.bnf.fr/schema/alto_bnf-v2_0.xsd" xmlns:xlink="http://www.w3.org/TR/xlink">
  <Description>
    <MeasurementUnit>pixel</MeasurementUnit>
    <sourceImageInformation>
      <fileName>00000001.jp2</fileName>
      <fileIdentifier>ark:/12148/bpt6k47010350/f1</fileIdentifier>
      <documentIdentifier documentIdentifierLocation="NUM">4701035</documentIdentifier>
    </sourceImageInformation>
    <OCRProcessing ID="OCR_1">
      <ocrProcessingStep>
        <processingDateTime>2019-01-31</processingDateTime>
        <processingStepDescription>[001_OCR_BRUT]OCR BRUT 5.43 %</processingStepDescription>
        <processingStepDescription>[002_CHARS]{36}</processingStepDescription>
        <processingStepDescription>[003_CHARS_USED]{11}</processingStepDescription>
        <processingStepDescription>[004_CHARS_SUSPECTS_USED]{0}</processingStepDescription>
        <processingStepDescription>[005_CHARS_UNUSED]{25}</processingStepDescription>
        <processingStepDescription>[006_CHARS_SUSPECTS_UNUSED]{0}</processingStepDescription>
        <processingStepDescription>[007_STRINGS]{14}</processingStepDescription>
        <processingStepDescription>[008_STRINGS_USED]{1}</processingStepDescription>
        <processingStepDescription>[009_STRINGS_SUSPECTS_UNUSED]{0}</processingStepDescription>
        <processingStepDescription>[010_CHARS_LETTERS]{19}</processingStepDescription>
        <processingStepDescription>[011_CHARS_PUNCTUATION]{5}</processingStepDescription>
        <processingStepDescription>[012_CHARS_DIGITS]{11}</processingStepDescription>
        <processingStepDescription>[013_CHARS_SUSPECT]{0}</processingStepDescription>
        <processingStepDescription>[022_CHARS_UNUSED_BY_BLOCK]{0}</processingStepDescription>
        <processingStepDescription>[023_BLOCKS_SUSPECTS]{0}</processingStepDescription>
        <processingStepDescription>[111_LIGS_DETECTED_CURV]{0}</processingStepDescription>
      </ocrProcessingStep>
    </OCRProcessing>
  </Description>
  <Styles>
    <TextStyle FONTSIZE="130" ID="TXT_1" FONTFAMILY="Times"/>
    <TextStyle FONTSIZE="19" ID="TXT_2" FONTFAMILY="Times"/>
    <TextStyle FONTSIZE="7" ID="TXT_3" FONTFAMILY="Times"/>
  </Styles>
  <Tags>
    <StructureTag DESCRIPTION="MARIE-CLAIRE" TYPE="Structural" ID="TAG_ST001" LABEL="title"/>
  </Tags>
  <Layout>
    <Page ID="PAG_1" HEIGHT="4941" WIDTH="3865" PHYSICAL_IMG_NR="1" QUALITY="OK" ACCURACY="99.73">
      <PrintSpace HPOS="102" VPOS="288" HEIGHT="4519" WIDTH="3336" ID="PAG_1_PrintSpace">
        <TextBlock HPOS="512" VPOS="288" HEIGHT="448" WIDTH="2880" ID="PAG_1_TB000001" TAGREFS="TAG_ST001" LANG="fr" STYLEREFS="TXT_1">
          <TextLine HPOS="512" VPOS="288" HEIGHT="448" WIDTH="2880" ID="PAG_1_TL000001" STYLEREFS="TXT_1">
            <String HPOS="512" VPOS="288" HEIGHT="448" WIDTH="2880" ID="PAG_1_ST000001" WC="1" CONTENT="MARIE-CLAIRE" STYLEREFS="TXT_1"/>
          </TextLine>
        </TextBlock>
        <Illustration ID="PAG_1_IL000001" HPOS="102" VPOS="845" HEIGHT="3962" WIDTH="2814"/>
        <TextBlock HPOS="2916" VPOS="4514" HEIGHT="147" WIDTH="522" ID="PAG_1_TB000002" LANG="fr" STYLEREFS="TXT_3">
          <TextLine HPOS="2916" VPOS="4514" HEIGHT="98" WIDTH="522" ID="PAG_1_TL000002" STYLEREFS="TXT_2">
            <String HPOS="2916" VPOS="4534" HEIGHT="60" WIDTH="38" ID="PAG_1_ST000002" WC="0.00" CONTENT="P" STYLEREFS="TXT_2"/>
            <SP ID="PAG_1_SP000001" HPOS="2954" VPOS="4532" WIDTH="22"/>
            <String HPOS="2976" VPOS="4532" HEIGHT="80" WIDTH="212" ID="PAG_1_ST000003" WC="0.18" CONTENT="R4^&gt;" STYLEREFS="TXT_2"/>
            <SP ID="PAG_1_SP000002" HPOS="3188" VPOS="4514" WIDTH="42"/>
            <String HPOS="3230" VPOS="4514" HEIGHT="82" WIDTH="24" ID="PAG_1_ST000004" WC="0.00" CONTENT="1" STYLEREFS="TXT_2"/>
            <SP ID="PAG_1_SP000003" HPOS="3254" VPOS="4586" WIDTH="38"/>
            <String HPOS="3292" VPOS="4586" HEIGHT="12" WIDTH="10" ID="PAG_1_ST000005" WC="1" CONTENT="." STYLEREFS="TXT_2"/>
            <SP ID="PAG_1_SP000004" HPOS="3302" VPOS="4532" WIDTH="30"/>
            <String HPOS="3332" VPOS="4532" HEIGHT="62" WIDTH="40" ID="PAG_1_ST000006" WC="1" CONTENT="7" STYLEREFS="TXT_2"/>
            <SP ID="PAG_1_SP000005" HPOS="3372" VPOS="4530" WIDTH="26"/>
            <String HPOS="3398" VPOS="4530" HEIGHT="64" WIDTH="40" ID="PAG_1_ST000007" WC="1" CONTENT="5" STYLEREFS="TXT_2"/>
          </TextLine>
          <TextLine HPOS="2916" VPOS="4622" HEIGHT="39" WIDTH="518" ID="PAG_1_TL000003" STYLEREFS="TXT_3">
            <String HPOS="2916" VPOS="4625" HEIGHT="36" WIDTH="55" ID="PAG_1_ST000008" WC="0.93" CONTENT="N°" STYLEREFS="TXT_3"/>
            <SP ID="PAG_1_SP000006" HPOS="2971" VPOS="4624" WIDTH="22"/>
            <String HPOS="2993" VPOS="4624" HEIGHT="37" WIDTH="50" ID="PAG_1_ST000009" WC="1" CONTENT="55" STYLEREFS="TXT_3"/>
            <SP ID="PAG_1_SP000007" HPOS="3043" VPOS="4645" WIDTH="22"/>
            <String HPOS="3065" VPOS="4645" HEIGHT="7" WIDTH="14" ID="PAG_1_ST000010" WC="1" CONTENT="-" STYLEREFS="TXT_3"/>
            <SP ID="PAG_1_SP000008" HPOS="3079" VPOS="4624" WIDTH="32"/>
            <String HPOS="3111" VPOS="4624" HEIGHT="36" WIDTH="5" ID="PAG_1_ST000011" WC="0.69" CONTENT="1" STYLEREFS="TXT_3"/>
            <SP ID="PAG_1_SP000009" HPOS="3116" VPOS="4624" WIDTH="17"/>
            <String HPOS="3133" VPOS="4624" HEIGHT="37" WIDTH="21" ID="PAG_1_ST000012" WC="1" CONTENT="8" STYLEREFS="TXT_3"/>
            <SP ID="PAG_1_SP000010" HPOS="3154" VPOS="4623" WIDTH="24"/>
            <String HPOS="3178" VPOS="4623" HEIGHT="37" WIDTH="126" ID="PAG_1_ST000013" WC="1" CONTENT="MARS" STYLEREFS="TXT_3"/>
            <SP ID="PAG_1_SP000011" HPOS="3304" VPOS="4622" WIDTH="29"/>
            <String HPOS="3333" VPOS="4622" HEIGHT="37" WIDTH="101" ID="PAG_1_ST000014" WC="0.82" CONTENT="I938" STYLEREFS="TXT_3"/>
          </TextLine>
        </TextBlock>
      </PrintSpace>
    </Page>
  </Layout>
</alto>