<?xml version="1.0" encoding="UTF-8"?>
<alto xmlns="http://www.loc.gov/standards/alto/ns-v3#" xmlns:xsi="http://www.w3.org/2001/XMLSchema-instance" SCHEMAVERSION="alto_bnf-v2_0" xsi:schemaLocation="http://www.loc.gov/standards/alto/ns-v3# http://bibnum.bnf.fr/schema/alto_bnf-v2_0.xsd" xmlns:xlink="http://www.w3.org/TR/xlink">
  <Description>
    <MeasurementUnit>pixel</MeasurementUnit>
    <sourceImageInformation>
      <fileName>00000020.jp2</fileName>
      <fileIdentifier>ark:/12148/bpt6k47010350/f20</fileIdentifier>
      <documentIdentifier documentIdentifierLocation="NUM">4701035</documentIdentifier>
    </sourceImageInformation>
    <OCRProcessing ID="OCR_1">
      <ocrProcessingStep>
        <processingDateTime>2019-01-31</processingDateTime>
        <processingStepDescription>[001_OCR_BRUT]OCR BRUT 0.00 %</processingStepDescription>
        <processingStepDescription>[002_CHARS]{30}</processingStepDescription>
        <processingStepDescription>[003_CHARS_USED]{30}</processingStepDescription>
        <processingStepDescription>[004_CHARS_SUSPECTS_USED]{0}</processingStepDescription>
        <processingStepDescription>[005_CHARS_UNUSED]{0}</processingStepDescription>
        <processingStepDescription>[006_CHARS_SUSPECTS_UNUSED]{0}</processingStepDescription>
        <processingStepDescription>[007_STRINGS]{6}</processingStepDescription>
        <processingStepDescription>[008_STRINGS_USED]{6}</processingStepDescription>
        <processingStepDescription>[009_STRINGS_SUSPECTS_UNUSED]{0}</processingStepDescription>
        <processingStepDescription>[010_CHARS_LETTERS]{30}</processingStepDescription>
        <processingStepDescription>[011_CHARS_PUNCTUATION]{0}</processingStepDescription>
        <processingStepDescription>[012_CHARS_DIGITS]{0}</processingStepDescription>
        <processingStepDescription>[013_CHARS_SUSPECT]{0}</processingStepDescription>
        <processingStepDescription>[022_CHARS_UNUSED_BY_BLOCK]{0}</processingStepDescription>
        <processingStepDescription>[023_BLOCKS_SUSPECTS]{0}</processingStepDescription>
        <processingStepDescription>[111_LIGS_DETECTED_CURV]{0}</processingStepDescription>
      </ocrProcessingStep>
    </OCRProcessing>
  </Description>
  <Styles>
    <TextStyle FONTSIZE="16" ID="TXT_37" FONTFAMILY="Times"/>
    <TextStyle FONTSIZE="80" ID="TXT_46" FONTFAMILY="Times"/>
  </Styles>
  <Tags>
    <StructureTag DESCRIPTION="Une Seconde Jeunesse POUR VOS ROBES" TYPE="Structural" ID="TAG_ST001" LABEL="title"/>
  </Tags>
  <Layout>
    <Page ID="PAG_20" HEIGHT="4983" WIDTH="7522" PHYSICAL_IMG_NR="20" QUALITY="OK" ACCURACY="99.22">
      <PrintSpace HPOS="259" VPOS="184" HEIGHT="4539" WIDTH="7023" ID="PAG_20_PrintSpace">
        <TextBlock HPOS="2418" VPOS="184" HEIGHT="664" WIDTH="2574" ID="PAG_20_TB000001" TAGREFS="TAG_ST001" LANG="fr" STYLEREFS="TXT_37">
          <TextLine HPOS="3688" VPOS="184" HEIGHT="531" WIDTH="1304" ID="PAG_20_TL000001" STYLEREFS="TXT_46">
            <String HPOS="3688" VPOS="184" HEIGHT="531" WIDTH="248" ID="PAG_20_ST000001" WC="1" CONTENT="Une" STYLEREFS="TXT_46"/>
            <SP ID="PAG_20_SP000001" HPOS="3936" VPOS="184" WIDTH="1"/>
            <String HPOS="3936" VPOS="184" HEIGHT="531" WIDTH="496" ID="PAG_20_ST000002" WC="1" CONTENT="Seconde" STYLEREFS="TXT_46"/>
            <SP ID="PAG_20_SP000002" HPOS="4432" VPOS="184" WIDTH="1"/>
            <String HPOS="4432" VPOS="184" HEIGHT="531" WIDTH="560" ID="PAG_20_ST000003" WC="1" CONTENT="Jeunesse" STYLEREFS="TXT_46"/>
          </TextLine>
          <TextLine HPOS="2418" VPOS="774" HEIGHT="74" WIDTH="1148" ID="PAG_20_TL000002" STYLEREFS="TXT_37">
            <String HPOS="2418" VPOS="778" HEIGHT="70" WIDTH="356" ID="PAG_20_ST000004" WC="0.98" CONTENT="POUR" STYLEREFS="TXT_37"/>
            <SP ID="PAG_20_SP000003" HPOS="2774" VPOS="776" WIDTH="46"/>
            <String HPOS="2820" VPOS="776" HEIGHT="70" WIDTH="246" ID="PAG_20_ST000005" WC="1" CONTENT="VOS" STYLEREFS="TXT_37"/>
            <SP ID="PAG_20_SP000004" HPOS="3066" VPOS="774" WIDTH="58"/>
            <String HPOS="3124" VPOS="774" HEIGHT="70" WIDTH="442" ID="PAG_20_ST000006" WC="1" CONTENT="ROBES" STYLEREFS="TXT_37"/>
          </TextLine>
        </TextBlock>
        <Illustration ID="PAG_20_IL000001" HPOS="259" VPOS="917" HEIGHT="3806" WIDTH="7023"/>
      </PrintSpace>
    </Page>
  </Layout>
</alto>