<?xml version="1.0" encoding="UTF-8"?>
<alto xmlns="http://www.loc.gov/standards/alto/ns-v3#" xmlns:xsi="http://www.w3.org/2001/XMLSchema-instance" SCHEMAVERSION="alto_bnf-v2_0" xsi:schemaLocation="http://www.loc.gov/standards/alto/ns-v3# http://bibnum.bnf.fr/schema/alto_bnf-v2_0.xsd" xmlns:xlink="http://www.w3.org/TR/xlink">
  <Description>
    <MeasurementUnit>pixel</MeasurementUnit>
    <sourceImageInformation>
      <fileName>00000009.jp2</fileName>
      <fileIdentifier>ark:/12148/bpt6k47010350/f9</fileIdentifier>
      <documentIdentifier documentIdentifierLocation="NUM">4701035</documentIdentifier>
    </sourceImageInformation>
    <OCRProcessing ID="OCR_1">
      <ocrProcessingStep>
        <processingDateTime>2019-01-31</processingDateTime>
        <processingStepDescription>[001_OCR_BRUT]OCR BRUT 0.00 %</processingStepDescription>
        <processingStepDescription>[002_CHARS]{221}</processingStepDescription>
        <processingStepDescription>[003_CHARS_USED]{0}</processingStepDescription>
        <processingStepDescription>[004_CHARS_SUSPECTS_USED]{0}</processingStepDescription>
        <processingStepDescription>[005_CHARS_UNUSED]{221}</processingStepDescription>
        <processingStepDescription>[006_CHARS_SUSPECTS_UNUSED]{0}</processingStepDescription>
        <processingStepDescription>[007_STRINGS]{67}</processingStepDescription>
        <processingStepDescription>[008_STRINGS_USED]{0}</processingStepDescription>
        <processingStepDescription>[009_STRINGS_SUSPECTS_UNUSED]{0}</processingStepDescription>
        <processingStepDescription>[010_CHARS_LETTERS]{145}</processingStepDescription>
        <processingStepDescription>[011_CHARS_PUNCTUATION]{55}</processingStepDescription>
        <processingStepDescription>[012_CHARS_DIGITS]{19}</processingStepDescription>
        <processingStepDescription>[013_CHARS_SUSPECT]{0}</processingStepDescription>
        <processingStepDescription>[022_CHARS_UNUSED_BY_BLOCK]{0}</processingStepDescription>
        <processingStepDescription>[023_BLOCKS_SUSPECTS]{0}</processingStepDescription>
        <processingStepDescription>[111_LIGS_DETECTED_CURV]{0}</processingStepDescription>
      </ocrProcessingStep>
    </OCRProcessing>
  </Description>
  <Styles>
    <TextStyle FONTSIZE="7" ID="TXT_3" FONTFAMILY="Times"/>
    <TextStyle FONTSIZE="12" ID="TXT_4" FONTFAMILY="Times"/>
    <TextStyle FONTSIZE="46" ID="TXT_28" FONTFAMILY="Times"/>
    <TextStyle FONTSIZE="37" ID="TXT_29" FONTFAMILY="Times"/>
    <TextStyle FONTSIZE="30" ID="TXT_30" FONTFAMILY="Times"/>
    <TextStyle FONTSIZE="22" ID="TXT_31" FONTFAMILY="Times"/>
  </Styles>
  <Tags>
    <LayoutTag TYPE="Content" ID="TAG_advertisement" LABEL="advertisement"/>
  </Tags>
  <Layout>
    <Page ID="PAG_9" HEIGHT="4983" WIDTH="3865" PHYSICAL_IMG_NR="9" QUALITY="OK" ACCURACY="100.00">
      <PrintSpace HPOS="300" VPOS="846" HEIGHT="3708" WIDTH="3252" ID="PAG_9_PrintSpace">
        <TextBlock HPOS="300" VPOS="846" HEIGHT="1702" WIDTH="3224" ID="PAG_9_TB000001" TAGREFS="TAG_advertisement" LANG="fr" STYLEREFS="TXT_28">
          <TextLine HPOS="380" VPOS="846" HEIGHT="256" WIDTH="3144" ID="PAG_9_TL000001" STYLEREFS="TXT_28">
            <String HPOS="380" VPOS="846" HEIGHT="240" WIDTH="144" ID="PAG_9_ST000001" WC="0.61" CONTENT=")/" STYLEREFS="TXT_3"/>
            <SP ID="PAG_9_SP000001" HPOS="524" VPOS="894" WIDTH="672"/>
            <String HPOS="1196" VPOS="894" HEIGHT="208" WIDTH="744" ID="PAG_9_ST000002" WC="0.00" CONTENT="MARIE" STYLEREFS="TXT_28"/>
            <SP ID="PAG_9_SP000002" HPOS="1940" VPOS="894" WIDTH="1"/>
            <String HPOS="1940" VPOS="894" HEIGHT="208" WIDTH="704" ID="PAG_9_ST000003" WC="0.80" CONTENT="CLAIRE" STYLEREFS="TXT_28"/>
            <SP ID="PAG_9_SP000003" HPOS="2644" VPOS="902" WIDTH="624"/>
            <String HPOS="3268" VPOS="902" HEIGHT="184" WIDTH="256" ID="PAG_9_ST000004" WC="0.00" CONTENT="m" STYLEREFS="TXT_28"/>
          </TextLine>
          <TextLine HPOS="370" VPOS="1100" HEIGHT="65" WIDTH="3125" ID="PAG_9_TL000002" STYLEREFS="TXT_28">
            <String HPOS="370" VPOS="1100" HEIGHT="65" WIDTH="65" ID="PAG_9_ST000005" WC="0.33" CONTENT="//" STYLEREFS="TXT_28"/>
            <SP ID="PAG_9_SP000004" HPOS="435" VPOS="1147" WIDTH="1468"/>
            <String HPOS="1903" VPOS="1147" HEIGHT="10" WIDTH="7" ID="PAG_9_ST000006" WC="0.5" CONTENT="-" STYLEREFS="TXT_28"/>
            <SP ID="PAG_9_SP000005" HPOS="1910" VPOS="1102" WIDTH="1363"/>
            <String HPOS="3273" VPOS="1102" HEIGHT="63" WIDTH="222" ID="PAG_9_ST000007" WC="0.06" CONTENT="m&gt;T/" STYLEREFS="TXT_4"/>
          </TextLine>
          <TextLine HPOS="316" VPOS="1254" HEIGHT="269" WIDTH="3080" ID="PAG_9_TL000003" STYLEREFS="TXT_28">
            <String HPOS="316" VPOS="1342" HEIGHT="181" WIDTH="188" ID="PAG_9_ST000008" WC="0.5" CONTENT="y" STYLEREFS="TXT_28"/>
            <SP ID="PAG_9_SP000006" HPOS="504" VPOS="1258" WIDTH="656"/>
            <String HPOS="1160" VPOS="1258" HEIGHT="265" WIDTH="156" ID="PAG_9_ST000009" WC="0.23" CONTENT="{...UJ" STYLEREFS="TXT_28"/>
            <SP ID="PAG_9_SP000007" HPOS="1316" VPOS="1258" WIDTH="1"/>
            <String HPOS="1316" VPOS="1258" HEIGHT="265" WIDTH="68" ID="PAG_9_ST000010" WC="0.23" CONTENT="/" STYLEREFS="TXT_28"/>
            <SP ID="PAG_9_SP000008" HPOS="1384" VPOS="1254" WIDTH="476"/>
            <String HPOS="1860" VPOS="1254" HEIGHT="240" WIDTH="364" ID="PAG_9_ST000011" WC="0.49" CONTENT="tSi/&gt;" STYLEREFS="TXT_28"/>
            <SP ID="PAG_9_SP000009" HPOS="2224" VPOS="1382" WIDTH="48"/>
            <String HPOS="2272" VPOS="1382" HEIGHT="116" WIDTH="400" ID="PAG_9_ST000012" WC="0.33" CONTENT="wm" STYLEREFS="TXT_28"/>
            <SP ID="PAG_9_SP000010" HPOS="2672" VPOS="1382" WIDTH="604"/>
            <String HPOS="3276" VPOS="1382" HEIGHT="141" WIDTH="120" ID="PAG_9_ST000013" WC="0.60" CONTENT="g" STYLEREFS="TXT_28"/>
          </TextLine>
          <TextLine HPOS="300" VPOS="1514" HEIGHT="244" WIDTH="3148" ID="PAG_9_TL000004" STYLEREFS="TXT_28">
            <String HPOS="300" VPOS="1514" HEIGHT="244" WIDTH="192" ID="PAG_9_ST000014" WC="0.91" CONTENT="0" STYLEREFS="TXT_29"/>
            <SP ID="PAG_9_SP000011" HPOS="492" VPOS="1534" WIDTH="388"/>
            <String HPOS="880" VPOS="1534" HEIGHT="192" WIDTH="180" ID="PAG_9_ST000015" WC="0.66" CONTENT="Je" STYLEREFS="TXT_29"/>
            <SP ID="PAG_9_SP000012" HPOS="1060" VPOS="1514" WIDTH="32"/>
            <String HPOS="1092" VPOS="1514" HEIGHT="204" WIDTH="180" ID="PAG_9_ST000016" WC="0.95" CONTENT="A" STYLEREFS="TXT_29"/>
            <SP ID="PAG_9_SP000013" HPOS="1272" VPOS="1594" WIDTH="68"/>
            <String HPOS="1340" VPOS="1594" HEIGHT="128" WIDTH="284" ID="PAG_9_ST000017" WC="0.00" CONTENT="km" STYLEREFS="TXT_28"/>
            <SP ID="PAG_9_SP000014" HPOS="1624" VPOS="1530" WIDTH="68"/>
            <String HPOS="1692" VPOS="1530" HEIGHT="188" WIDTH="536" ID="PAG_9_ST000018" WC="0.39" CONTENT="momÀs." STYLEREFS="TXT_28"/>
            <SP ID="PAG_9_SP000015" HPOS="2228" VPOS="1590" WIDTH="108"/>
            <String HPOS="2336" VPOS="1590" HEIGHT="128" WIDTH="592" ID="PAG_9_ST000019" WC="0.41" CONTENT="/hmmm" STYLEREFS="TXT_28"/>
            <SP ID="PAG_9_SP000016" HPOS="2928" VPOS="1514" WIDTH="360"/>
            <String HPOS="3288" VPOS="1514" HEIGHT="196" WIDTH="160" ID="PAG_9_ST000020" WC="0.00" CONTENT="Û" STYLEREFS="TXT_28"/>
          </TextLine>
          <TextLine HPOS="3276" VPOS="1794" HEIGHT="178" WIDTH="208" ID="PAG_9_TL000005" STYLEREFS="TXT_28">
            <String HPOS="3276" VPOS="1794" HEIGHT="178" WIDTH="208" ID="PAG_9_ST000021" WC="0.00" CONTENT="m" STYLEREFS="TXT_28"/>
          </TextLine>
          <TextLine HPOS="320" VPOS="1962" HEIGHT="257" WIDTH="3172" ID="PAG_9_TL000006" STYLEREFS="TXT_28">
            <String HPOS="320" VPOS="1962" HEIGHT="240" WIDTH="236" ID="PAG_9_ST000022" WC="0.5" CONTENT="%" STYLEREFS="TXT_28"/>
            <SP ID="PAG_9_SP000017" HPOS="556" VPOS="2046" WIDTH="116"/>
            <String HPOS="672" VPOS="2046" HEIGHT="160" WIDTH="176" ID="PAG_9_ST000023" WC="0.00" CONTENT="A" STYLEREFS="TXT_28"/>
            <SP ID="PAG_9_SP000018" HPOS="848" VPOS="1990" WIDTH="52"/>
            <String HPOS="900" VPOS="1990" HEIGHT="212" WIDTH="208" ID="PAG_9_ST000024" WC="0.00" CONTENT="&lt;fa" STYLEREFS="TXT_28"/>
            <SP ID="PAG_9_SP000019" HPOS="1108" VPOS="2022" WIDTH="44"/>
            <String HPOS="1152" VPOS="2022" HEIGHT="197" WIDTH="324" ID="PAG_9_ST000025" WC="0.00" CONTENT="ftùx" STYLEREFS="TXT_28"/>
            <SP ID="PAG_9_SP000020" HPOS="1476" VPOS="1982" WIDTH="52"/>
            <String HPOS="1528" VPOS="1982" HEIGHT="228" WIDTH="1112" ID="PAG_9_ST000026" WC="0.08" CONTENT="/tffrtàmtâM" STYLEREFS="TXT_28"/>
            <SP ID="PAG_9_SP000021" HPOS="2640" VPOS="2042" WIDTH="52"/>
            <String HPOS="2692" VPOS="2042" HEIGHT="152" WIDTH="408" ID="PAG_9_ST000027" WC="0.00" CONTENT="A&amp;ue," STYLEREFS="TXT_28"/>
            <SP ID="PAG_9_SP000022" HPOS="3100" VPOS="2062" WIDTH="172"/>
            <String HPOS="3272" VPOS="2062" HEIGHT="120" WIDTH="220" ID="PAG_9_ST000028" WC="0.00" CONTENT="m" STYLEREFS="TXT_28"/>
          </TextLine>
          <TextLine HPOS="370" VPOS="2206" HEIGHT="342" WIDTH="1576" ID="PAG_9_TL000007" STYLEREFS="TXT_28">
            <String HPOS="370" VPOS="2206" HEIGHT="342" WIDTH="172" ID="PAG_9_ST000029" WC="0.5" CONTENT="1" STYLEREFS="TXT_28"/>
            <SP ID="PAG_9_SP000023" HPOS="542" VPOS="2380" WIDTH="1316"/>
            <String HPOS="1858" VPOS="2380" HEIGHT="94" WIDTH="88" ID="PAG_9_ST000030" WC="0.03" CONTENT="'A" STYLEREFS="TXT_28"/>
          </TextLine>
        </TextBlock>
        <TextBlock HPOS="304" VPOS="2506" HEIGHT="2048" WIDTH="3248" ID="PAG_9_TB000002" TAGREFS="TAG_advertisement" LANG="fr" STYLEREFS="TXT_31">
          <TextLine HPOS="308" VPOS="2506" HEIGHT="271" WIDTH="3244" ID="PAG_9_TL000008" STYLEREFS="TXT_28">
            <String HPOS="308" VPOS="2506" HEIGHT="271" WIDTH="244" ID="PAG_9_ST000031" WC="0.33" CONTENT="^|" STYLEREFS="TXT_28"/>
            <SP ID="PAG_9_SP000024" HPOS="552" VPOS="2520" WIDTH="580"/>
            <String HPOS="1132" VPOS="2520" HEIGHT="246" WIDTH="192" ID="PAG_9_ST000032" WC="0.18" CONTENT="bt," STYLEREFS="TXT_28"/>
            <SP ID="PAG_9_SP000025" HPOS="1324" VPOS="2520" WIDTH="1"/>
            <String HPOS="1324" VPOS="2520" HEIGHT="246" WIDTH="480" ID="PAG_9_ST000033" WC="0.18" CONTENT="1IlJtI,¿" STYLEREFS="TXT_28"/>
            <SP ID="PAG_9_SP000026" HPOS="1804" VPOS="2510" WIDTH="96"/>
            <String HPOS="1900" VPOS="2510" HEIGHT="240" WIDTH="206" ID="PAG_9_ST000034" WC="0.27" CONTENT="la," STYLEREFS="TXT_28"/>
            <SP ID="PAG_9_SP000027" HPOS="2106" VPOS="2516" WIDTH="1162"/>
            <String HPOS="3268" VPOS="2516" HEIGHT="250" WIDTH="200" ID="PAG_9_ST000035" WC="0.81" CONTENT="||" STYLEREFS="TXT_28"/>
            <SP ID="PAG_9_SP000028" HPOS="3468" VPOS="2624" WIDTH="80"/>
            <String HPOS="3548" VPOS="2624" HEIGHT="4" WIDTH="4" ID="PAG_9_ST000036" WC="0.00" CONTENT="'" STYLEREFS="TXT_28"/>
          </TextLine>
          <TextLine HPOS="312" VPOS="2768" HEIGHT="226" WIDTH="3180" ID="PAG_9_TL000009" STYLEREFS="TXT_28">
            <String HPOS="312" VPOS="2778" HEIGHT="216" WIDTH="230" ID="PAG_9_ST000037" WC="0.00" CONTENT="#|" STYLEREFS="TXT_28"/>
            <SP ID="PAG_9_SP000029" HPOS="542" VPOS="2906" WIDTH="1532"/>
            <String HPOS="2074" VPOS="2906" HEIGHT="8" WIDTH="4" ID="PAG_9_ST000038" WC="0.5" CONTENT="'" STYLEREFS="TXT_28"/>
            <SP ID="PAG_9_SP000030" HPOS="2078" VPOS="2896" WIDTH="216"/>
            <String HPOS="2294" VPOS="2896" HEIGHT="4" WIDTH="4" ID="PAG_9_ST000039" WC="0.00" CONTENT="'" STYLEREFS="TXT_28"/>
            <SP ID="PAG_9_SP000031" HPOS="2298" VPOS="2934" WIDTH="382"/>
            <String HPOS="2680" VPOS="2934" HEIGHT="2" WIDTH="4" ID="PAG_9_ST000040" WC="0.00" CONTENT="■" STYLEREFS="TXT_28"/>
            <SP ID="PAG_9_SP000032" HPOS="2684" VPOS="2768" WIDTH="598"/>
            <String HPOS="3282" VPOS="2768" HEIGHT="218" WIDTH="210" ID="PAG_9_ST000041" WC="0.00" CONTENT="{âk" STYLEREFS="TXT_30"/>
          </TextLine>
          <TextLine HPOS="352" VPOS="2988" HEIGHT="160" WIDTH="3122" ID="PAG_9_TL000010" STYLEREFS="TXT_31">
            <String HPOS="352" VPOS="2988" HEIGHT="160" WIDTH="130" ID="PAG_9_ST000042" WC="0.53" CONTENT="p\" STYLEREFS="TXT_31"/>
            <SP ID="PAG_9_SP000033" HPOS="482" VPOS="3046" WIDTH="42"/>
            <String HPOS="524" VPOS="3046" HEIGHT="22" WIDTH="6" ID="PAG_9_ST000043" WC="0.00" CONTENT="'" STYLEREFS="TXT_31"/>
            <SP ID="PAG_9_SP000034" HPOS="530" VPOS="3038" WIDTH="570"/>
            <String HPOS="1100" VPOS="3038" HEIGHT="88" WIDTH="212" ID="PAG_9_ST000044" WC="1" CONTENT="ROI" STYLEREFS="TXT_31"/>
            <SP ID="PAG_9_SP000035" HPOS="1312" VPOS="3036" WIDTH="48"/>
            <String HPOS="1360" VPOS="3036" HEIGHT="88" WIDTH="218" ID="PAG_9_ST000045" WC="1" CONTENT="DES" STYLEREFS="TXT_31"/>
            <SP ID="PAG_9_SP000036" HPOS="1578" VPOS="3032" WIDTH="50"/>
            <String HPOS="1628" VPOS="3032" HEIGHT="90" WIDTH="672" ID="PAG_9_ST000046" WC="1" CONTENT="PINGOUINS." STYLEREFS="TXT_31"/>
            <SP ID="PAG_9_SP000037" HPOS="2300" VPOS="3008" WIDTH="86"/>
            <String HPOS="2386" VPOS="3008" HEIGHT="124" WIDTH="350" ID="PAG_9_ST000047" WC="0.95" CONTENT="5.90" STYLEREFS="TXT_30"/>
            <SP ID="PAG_9_SP000038" HPOS="2736" VPOS="3054" WIDTH="520"/>
            <String HPOS="3256" VPOS="3054" HEIGHT="74" WIDTH="218" ID="PAG_9_ST000048" WC="0.00" CONTENT="W" STYLEREFS="TXT_31"/>
          </TextLine>
          <TextLine HPOS="342" VPOS="3150" HEIGHT="167" WIDTH="3134" ID="PAG_9_TL000011" STYLEREFS="TXT_31">
            <String HPOS="342" VPOS="3150" HEIGHT="152" WIDTH="156" ID="PAG_9_ST000049" WC="0.82" CONTENT="21" STYLEREFS="TXT_31"/>
            <SP ID="PAG_9_SP000039" HPOS="498" VPOS="3210" WIDTH="604"/>
            <String HPOS="1102" VPOS="3210" HEIGHT="88" WIDTH="574" ID="PAG_9_ST000050" WC="1" CONTENT="PINGOUIN" STYLEREFS="TXT_31"/>
            <SP ID="PAG_9_SP000040" HPOS="1676" VPOS="3208" WIDTH="56"/>
            <String HPOS="1732" VPOS="3208" HEIGHT="88" WIDTH="564" ID="PAG_9_ST000051" WC="1" CONTENT="SUISSE..." STYLEREFS="TXT_31"/>
            <SP ID="PAG_9_SP000041" HPOS="2296" VPOS="3182" WIDTH="88"/>
            <String HPOS="2384" VPOS="3182" HEIGHT="120" WIDTH="346" ID="PAG_9_ST000052" WC="0.82" CONTENT="5.90" STYLEREFS="TXT_30"/>
            <SP ID="PAG_9_SP000042" HPOS="2730" VPOS="3152" WIDTH="554"/>
            <String HPOS="3284" VPOS="3152" HEIGHT="165" WIDTH="192" ID="PAG_9_ST000053" WC="0.85" CONTENT="^" STYLEREFS="TXT_30"/>
          </TextLine>
          <TextLine HPOS="334" VPOS="3308" HEIGHT="231" WIDTH="3122" ID="PAG_9_TL000012" STYLEREFS="TXT_30">
            <String HPOS="334" VPOS="3308" HEIGHT="231" WIDTH="194" ID="PAG_9_ST000054" WC="0.92" CONTENT="^" STYLEREFS="TXT_30"/>
            <SP ID="PAG_9_SP000043" HPOS="528" VPOS="3378" WIDTH="572"/>
            <String HPOS="1100" VPOS="3378" HEIGHT="96" WIDTH="576" ID="PAG_9_ST000055" WC="1" CONTENT="PINGOUIN" STYLEREFS="TXT_31"/>
            <SP ID="PAG_9_SP000044" HPOS="1676" VPOS="3380" WIDTH="48"/>
            <String HPOS="1724" VPOS="3380" HEIGHT="88" WIDTH="576" ID="PAG_9_ST000056" WC="1" CONTENT="NAGEUR.." STYLEREFS="TXT_31"/>
            <SP ID="PAG_9_SP000045" HPOS="2300" VPOS="3358" WIDTH="88"/>
            <String HPOS="2388" VPOS="3358" HEIGHT="124" WIDTH="342" ID="PAG_9_ST000057" WC="1" CONTENT="6.75" STYLEREFS="TXT_30"/>
            <SP ID="PAG_9_SP000046" HPOS="2730" VPOS="3394" WIDTH="598"/>
            <String HPOS="3328" VPOS="3394" HEIGHT="103" WIDTH="128" ID="PAG_9_ST000058" WC="0.00" CONTENT="V," STYLEREFS="TXT_30"/>
          </TextLine>
          <TextLine HPOS="304" VPOS="3530" HEIGHT="246" WIDTH="3136" ID="PAG_9_TL000013" STYLEREFS="TXT_31">
            <String HPOS="304" VPOS="3564" HEIGHT="212" WIDTH="248" ID="PAG_9_ST000059" WC="0.77" CONTENT="L0C)" STYLEREFS="TXT_31"/>
            <SP ID="PAG_9_SP000047" HPOS="552" VPOS="3558" WIDTH="548"/>
            <String HPOS="1100" VPOS="3558" HEIGHT="92" WIDTH="576" ID="PAG_9_ST000060" WC="1" CONTENT="PINGOUIN" STYLEREFS="TXT_31"/>
            <SP ID="PAG_9_SP000048" HPOS="1676" VPOS="3552" WIDTH="44"/>
            <String HPOS="1720" VPOS="3552" HEIGHT="92" WIDTH="572" ID="PAG_9_ST000061" WC="1" CONTENT="ECOSSAIS." STYLEREFS="TXT_31"/>
            <SP ID="PAG_9_SP000049" HPOS="2292" VPOS="3530" WIDTH="96"/>
            <String HPOS="2388" VPOS="3530" HEIGHT="120" WIDTH="342" ID="PAG_9_ST000062" WC="1" CONTENT="6.25" STYLEREFS="TXT_30"/>
            <SP ID="PAG_9_SP000050" HPOS="2730" VPOS="3566" WIDTH="640"/>
            <String HPOS="3370" VPOS="3566" HEIGHT="84" WIDTH="70" ID="PAG_9_ST000063" WC="0.00" CONTENT="A" STYLEREFS="TXT_30"/>
          </TextLine>
          <TextLine HPOS="332" VPOS="3766" HEIGHT="788" WIDTH="3141" ID="PAG_9_TL000014" STYLEREFS="TXT_29">
            <String HPOS="332" VPOS="3766" HEIGHT="788" WIDTH="296" ID="PAG_9_ST000064" WC="0.00" CONTENT="^" STYLEREFS="TXT_30"/>
            <SP ID="PAG_9_SP000051" HPOS="628" VPOS="3846" WIDTH="32"/>
            <String HPOS="660" VPOS="3846" HEIGHT="708" WIDTH="1136" ID="PAG_9_ST000065" WC="0.45" CONTENT="nfeà1:^" STYLEREFS="TXT_29"/>
            <SP ID="PAG_9_SP000052" HPOS="1796" VPOS="4473" WIDTH="188"/>
            <String HPOS="1984" VPOS="4473" HEIGHT="62" WIDTH="76" ID="PAG_9_ST000066" WC="0.00" CONTENT="cz" STYLEREFS="TXT_29"/>
            <SP ID="PAG_9_SP000053" HPOS="2060" VPOS="4183" WIDTH="1394"/>
            <String HPOS="3454" VPOS="4183" HEIGHT="35" WIDTH="19" ID="PAG_9_ST000067" WC="0.00" CONTENT="Îl" STYLEREFS="TXT_29"/>
          </TextLine>
        </TextBlock>
      </PrintSpace>
    </Page>
  </Layout>
</alto>