<?xml version="1.0" encoding="UTF-8"?>
<alto xmlns="http://www.loc.gov/standards/alto/ns-v3#" xmlns:xsi="http://www.w3.org/2001/XMLSchema-instance" SCHEMAVERSION="alto_bnf-v2_0" xsi:schemaLocation="http://www.loc.gov/standards/alto/ns-v3# http://bibnum.bnf.fr/schema/alto_bnf-v2_0.xsd" xmlns:xlink="http://www.w3.org/TR/xlink">
  <Description>
    <MeasurementUnit>pixel</MeasurementUnit>
    <sourceImageInformation>
      <fileName>00000015.jp2</fileName>
      <fileIdentifier>ark:/12148/bpt6k47010350/f15</fileIdentifier>
      <documentIdentifier documentIdentifierLocation="NUM">4701035</documentIdentifier>
    </sourceImageInformation>
    <OCRProcessing ID="OCR_1">
      <ocrProcessingStep>
        <processingDateTime>2019-01-31</processingDateTime>
        <processingStepDescription>[001_OCR_BRUT]OCR BRUT 69.50 %</processingStepDescription>
        <processingStepDescription>[002_CHARS]{377}</processingStepDescription>
        <processingStepDescription>[003_CHARS_USED]{38}</processingStepDescription>
        <processingStepDescription>[004_CHARS_SUSPECTS_USED]{0}</processingStepDescription>
        <processingStepDescription>[005_CHARS_UNUSED]{339}</processingStepDescription>
        <processingStepDescription>[006_CHARS_SUSPECTS_UNUSED]{0}</processingStepDescription>
        <processingStepDescription>[007_STRINGS]{73}</processingStepDescription>
        <processingStepDescription>[008_STRINGS_USED]{9}</processingStepDescription>
        <processingStepDescription>[009_STRINGS_SUSPECTS_UNUSED]{0}</processingStepDescription>
        <processingStepDescription>[010_CHARS_LETTERS]{355}</processingStepDescription>
        <processingStepDescription>[011_CHARS_PUNCTUATION]{22}</processingStepDescription>
        <processingStepDescription>[012_CHARS_DIGITS]{0}</processingStepDescription>
        <processingStepDescription>[013_CHARS_SUSPECT]{0}</processingStepDescription>
        <processingStepDescription>[022_CHARS_UNUSED_BY_BLOCK]{0}</processingStepDescription>
        <processingStepDescription>[023_BLOCKS_SUSPECTS]{0}</processingStepDescription>
        <processingStepDescription>[111_LIGS_DETECTED_CURV]{0}</processingStepDescription>
      </ocrProcessingStep>
    </OCRProcessing>
  </Description>
  <Styles>
    <TextStyle FONTSIZE="8" ID="TXT_5" FONTFAMILY="Times"/>
    <TextStyle FONTSIZE="9" ID="TXT_15" FONTFAMILY="Times"/>
    <TextStyle FONTSIZE="89" ID="TXT_38" FONTFAMILY="Times"/>
    <TextStyle FONTSIZE="78" ID="TXT_39" FONTFAMILY="Times"/>
    <TextStyle FONTSIZE="14" ID="TXT_40" FONTFAMILY="Times"/>
  </Styles>
  <Tags>
    <StructureTag DESCRIPTION="QUI SONT CES SIX FEMMES?" TYPE="Structural" ID="TAG_ST001" LABEL="title"/>
    <StructureTag DESCRIPTION="LES RECONNAISSEZ- VOUS ?" TYPE="Structural" ID="TAG_ST002" LABEL="subtitle"/>
  </Tags>
  <Layout>
    <Page ID="PAG_15" HEIGHT="5013" WIDTH="7626" PHYSICAL_IMG_NR="15" QUALITY="OK" ACCURACY="97.73">
      <PrintSpace HPOS="336" VPOS="246" HEIGHT="4198" WIDTH="7044" ID="PAG_15_PrintSpace">
        <TextBlock HPOS="1992" VPOS="3576" HEIGHT="272" WIDTH="3776" ID="PAG_15_TB000001" TAGREFS="TAG_ST001" LANG="fr" STYLEREFS="TXT_38">
          <TextLine HPOS="1992" VPOS="3576" HEIGHT="272" WIDTH="3776" ID="PAG_15_TL000001" STYLEREFS="TXT_38">
            <String HPOS="1992" VPOS="3584" HEIGHT="248" WIDTH="448" ID="PAG_15_ST000001" WC="1" CONTENT="QUI" STYLEREFS="TXT_38"/>
            <SP ID="PAG_15_SP000001" HPOS="2440" VPOS="3584" WIDTH="136"/>
            <String HPOS="2576" VPOS="3584" HEIGHT="248" WIDTH="624" ID="PAG_15_ST000002" WC="0.91" CONTENT="SONT" STYLEREFS="TXT_39"/>
            <SP ID="PAG_15_SP000002" HPOS="3200" VPOS="3576" WIDTH="136"/>
            <String HPOS="3336" VPOS="3576" HEIGHT="248" WIDTH="472" ID="PAG_15_ST000003" WC="1" CONTENT="CES" STYLEREFS="TXT_38"/>
            <SP ID="PAG_15_SP000003" HPOS="3808" VPOS="3600" WIDTH="160"/>
            <String HPOS="3968" VPOS="3600" HEIGHT="248" WIDTH="360" ID="PAG_15_ST000004" WC="1" CONTENT="SIX" STYLEREFS="TXT_38"/>
            <SP ID="PAG_15_SP000004" HPOS="4328" VPOS="3592" WIDTH="160"/>
            <String HPOS="4488" VPOS="3592" HEIGHT="248" WIDTH="1280" ID="PAG_15_ST000005" WC="1" CONTENT="FEMMES?" STYLEREFS="TXT_38"/>
          </TextLine>
        </TextBlock>
        <TextBlock HPOS="2878" VPOS="3904" HEIGHT="92" WIDTH="1944" ID="PAG_15_TB000002" TAGREFS="TAG_ST002" LANG="fr" STYLEREFS="TXT_40">
          <TextLine HPOS="2878" VPOS="3904" HEIGHT="92" WIDTH="1944" ID="PAG_15_TL000002" STYLEREFS="TXT_40">
            <String HPOS="2878" VPOS="3908" HEIGHT="68" WIDTH="204" ID="PAG_15_ST000006" WC="1" CONTENT="LES" STYLEREFS="TXT_40"/>
            <SP ID="PAG_15_SP000005" HPOS="3082" VPOS="3904" WIDTH="112"/>
            <String HPOS="3194" VPOS="3904" HEIGHT="92" WIDTH="1071" ID="PAG_15_ST000007" WC="1" CONTENT="RECONNAISSEZ-" STYLEREFS="TXT_40"/>
            <SP ID="PAG_15_SP000006" HPOS="4265" VPOS="3904" WIDTH="1"/>
            <String HPOS="4265" VPOS="3904" HEIGHT="92" WIDTH="459" ID="PAG_15_ST000008" WC="1" CONTENT="VOUS" STYLEREFS="TXT_40"/>
            <SP ID="PAG_15_SP000007" HPOS="4724" VPOS="3926" WIDTH="64"/>
            <String HPOS="4788" VPOS="3926" HEIGHT="66" WIDTH="34" ID="PAG_15_ST000009" WC="1" CONTENT="?" STYLEREFS="TXT_40"/>
          </TextLine>
        </TextBlock>
        <Illustration ID="PAG_15_IL000001" HPOS="336" VPOS="246" HEIGHT="3301" WIDTH="7044"/>
        <TextBlock HPOS="2257" VPOS="4105" HEIGHT="326" WIDTH="1427" ID="PAG_15_TB000003" LANG="fr" STYLEREFS="TXT_15">
          <TextLine HPOS="2257" VPOS="4105" HEIGHT="58" WIDTH="1426" ID="PAG_15_TL000003" STYLEREFS="TXT_15">
            <String HPOS="2257" VPOS="4115" HEIGHT="48" WIDTH="88" ID="PAG_15_ST000010" WC="1" CONTENT="Sur" STYLEREFS="TXT_15"/>
            <SP ID="PAG_15_SP000008" HPOS="2345" VPOS="4112" WIDTH="36"/>
            <String HPOS="2381" VPOS="4112" HEIGHT="50" WIDTH="162" ID="PAG_15_ST000011" WC="1" CONTENT="l'écran" STYLEREFS="TXT_15"/>
            <SP ID="PAG_15_SP000009" HPOS="2543" VPOS="4112" WIDTH="39"/>
            <String HPOS="2582" VPOS="4112" HEIGHT="48" WIDTH="62" ID="PAG_15_ST000012" WC="1" CONTENT="du" STYLEREFS="TXT_15"/>
            <SP ID="PAG_15_SP000010" HPOS="2644" VPOS="4112" WIDTH="52"/>
            <String HPOS="2696" VPOS="4112" HEIGHT="49" WIDTH="186" ID="PAG_15_ST000013" WC="0.94" CONTENT="cinéma" STYLEREFS="TXT_15"/>
            <SP ID="PAG_15_SP000011" HPOS="2882" VPOS="4110" WIDTH="41"/>
            <String HPOS="2923" VPOS="4110" HEIGHT="48" WIDTH="166" ID="PAG_15_ST000014" WC="0.88" CONTENT="vivent" STYLEREFS="TXT_15"/>
            <SP ID="PAG_15_SP000012" HPOS="3089" VPOS="4108" WIDTH="39"/>
            <String HPOS="3128" VPOS="4108" HEIGHT="48" WIDTH="63" ID="PAG_15_ST000015" WC="1" CONTENT="les" STYLEREFS="TXT_15"/>
            <SP ID="PAG_15_SP000013" HPOS="3191" VPOS="4119" WIDTH="34"/>
            <String HPOS="3225" VPOS="4119" HEIGHT="37" WIDTH="107" ID="PAG_15_ST000016" WC="1" CONTENT="cent" STYLEREFS="TXT_15"/>
            <SP ID="PAG_15_SP000014" HPOS="3332" VPOS="4105" WIDTH="41"/>
            <String HPOS="3373" VPOS="4105" HEIGHT="50" WIDTH="126" ID="PAG_15_ST000017" WC="0.90" CONTENT="mille" STYLEREFS="TXT_15"/>
            <SP ID="PAG_15_SP000015" HPOS="3499" VPOS="4110" WIDTH="49"/>
            <String HPOS="3548" VPOS="4110" HEIGHT="44" WIDTH="135" ID="PAG_15_ST000018" WC="0.95" CONTENT="rêves" STYLEREFS="TXT_15"/>
          </TextLine>
          <TextLine HPOS="2260" VPOS="4190" HEIGHT="58" WIDTH="1422" ID="PAG_15_TL000004" STYLEREFS="TXT_15">
            <String HPOS="2260" VPOS="4199" HEIGHT="49" WIDTH="240" ID="PAG_15_ST000019" WC="0.94" CONTENT="humains." STYLEREFS="TXT_15"/>
            <SP ID="PAG_15_SP000016" HPOS="2500" VPOS="4197" WIDTH="74"/>
            <String HPOS="2574" VPOS="4197" HEIGHT="48" WIDTH="188" ID="PAG_15_ST000020" WC="0.90" CONTENT="Toutes" STYLEREFS="TXT_15"/>
            <SP ID="PAG_15_SP000017" HPOS="2762" VPOS="4195" WIDTH="66"/>
            <String HPOS="2828" VPOS="4195" HEIGHT="49" WIDTH="65" ID="PAG_15_ST000021" WC="1" CONTENT="les" STYLEREFS="TXT_15"/>
            <SP ID="PAG_15_SP000018" HPOS="2893" VPOS="4197" WIDTH="65"/>
            <String HPOS="2958" VPOS="4197" HEIGHT="46" WIDTH="205" ID="PAG_15_ST000022" WC="0.93" CONTENT="femmes" STYLEREFS="TXT_15"/>
            <SP ID="PAG_15_SP000019" HPOS="3163" VPOS="4190" WIDTH="68"/>
            <String HPOS="3231" VPOS="4190" HEIGHT="50" WIDTH="251" ID="PAG_15_ST000023" WC="1" CONTENT="s'animent" STYLEREFS="TXT_15"/>
            <SP ID="PAG_15_SP000020" HPOS="3482" VPOS="4190" WIDTH="66"/>
            <String HPOS="3548" VPOS="4190" HEIGHT="57" WIDTH="134" ID="PAG_15_ST000024" WC="1" CONTENT="ainsi," STYLEREFS="TXT_15"/>
          </TextLine>
          <TextLine HPOS="2261" VPOS="4275" HEIGHT="70" WIDTH="1423" ID="PAG_15_TL000005" STYLEREFS="TXT_15">
            <String HPOS="2261" VPOS="4283" HEIGHT="57" WIDTH="285" ID="PAG_15_ST000025" WC="1" CONTENT="souriantes," STYLEREFS="TXT_15"/>
            <SP ID="PAG_15_SP000021" HPOS="2546" VPOS="4279" WIDTH="50"/>
            <String HPOS="2596" VPOS="4279" HEIGHT="66" WIDTH="343" ID="PAG_15_ST000026" WC="1" CONTENT="orgueilleuses" STYLEREFS="TXT_15"/>
            <SP ID="PAG_15_SP000022" HPOS="2939" VPOS="4297" WIDTH="60"/>
            <String HPOS="2999" VPOS="4297" HEIGHT="30" WIDTH="62" ID="PAG_15_ST000027" WC="1" CONTENT="ou" STYLEREFS="TXT_15"/>
            <SP ID="PAG_15_SP000023" HPOS="3061" VPOS="4276" WIDTH="54"/>
            <String HPOS="3115" VPOS="4276" HEIGHT="49" WIDTH="229" ID="PAG_15_ST000028" WC="0.99" CONTENT="désolées," STYLEREFS="TXT_15"/>
            <SP ID="PAG_15_SP000024" HPOS="3344" VPOS="4275" WIDTH="48"/>
            <String HPOS="3392" VPOS="4275" HEIGHT="49" WIDTH="123" ID="PAG_15_ST000029" WC="0.79" CONTENT="biles" STYLEREFS="TXT_15"/>
            <SP ID="PAG_15_SP000025" HPOS="3515" VPOS="4288" WIDTH="58"/>
            <String HPOS="3573" VPOS="4288" HEIGHT="35" WIDTH="111" ID="PAG_15_ST000030" WC="1" CONTENT="sont" STYLEREFS="TXT_15"/>
          </TextLine>
          <TextLine HPOS="2262" VPOS="4359" HEIGHT="72" WIDTH="1421" ID="PAG_15_TL000006" STYLEREFS="TXT_15">
            <String HPOS="2262" VPOS="4367" HEIGHT="49" WIDTH="137" ID="PAG_15_ST000031" WC="0.98" CONTENT="celles" STYLEREFS="TXT_15"/>
            <SP ID="PAG_15_SP000026" HPOS="2399" VPOS="4366" WIDTH="62"/>
            <String HPOS="2461" VPOS="4366" HEIGHT="65" WIDTH="141" ID="PAG_15_ST000032" WC="1" CONTENT="qu'on" STYLEREFS="TXT_15"/>
            <SP ID="PAG_15_SP000027" HPOS="2602" VPOS="4363" WIDTH="56"/>
            <String HPOS="2658" VPOS="4363" HEIGHT="67" WIDTH="236" ID="PAG_15_ST000033" WC="1" CONTENT="approche" STYLEREFS="TXT_15"/>
            <SP ID="PAG_15_SP000028" HPOS="2894" VPOS="4364" WIDTH="68"/>
            <String HPOS="2962" VPOS="4364" HEIGHT="47" WIDTH="117" ID="PAG_15_ST000034" WC="1" CONTENT="dans" STYLEREFS="TXT_15"/>
            <SP ID="PAG_15_SP000029" HPOS="3079" VPOS="4361" WIDTH="61"/>
            <String HPOS="3140" VPOS="4361" HEIGHT="48" WIDTH="39" ID="PAG_15_ST000035" WC="1" CONTENT="la" STYLEREFS="TXT_15"/>
            <SP ID="PAG_15_SP000030" HPOS="3179" VPOS="4362" WIDTH="69"/>
            <String HPOS="3248" VPOS="4362" HEIGHT="47" WIDTH="69" ID="PAG_15_ST000036" WC="0.77" CONTENT="vie" STYLEREFS="TXT_15"/>
            <SP ID="PAG_15_SP000031" HPOS="3317" VPOS="4359" WIDTH="65"/>
            <String HPOS="3382" VPOS="4359" HEIGHT="58" WIDTH="150" ID="PAG_15_ST000037" WC="0.97" CONTENT="réelle," STYLEREFS="TXT_15"/>
            <SP ID="PAG_15_SP000032" HPOS="3532" VPOS="4377" WIDTH="62"/>
            <String HPOS="3594" VPOS="4377" HEIGHT="46" WIDTH="89" ID="PAG_15_ST000038" WC="1" CONTENT="que" STYLEREFS="TXT_15"/>
          </TextLine>
        </TextBlock>
        <TextBlock HPOS="4085" VPOS="4125" HEIGHT="319" WIDTH="1413" ID="PAG_15_TB000004" LANG="fr" STYLEREFS="TXT_5">
          <TextLine HPOS="4085" VPOS="4125" HEIGHT="65" WIDTH="1412" ID="PAG_15_TL000007" STYLEREFS="TXT_5">
            <String HPOS="4085" VPOS="4126" HEIGHT="49" WIDTH="89" ID="PAG_15_ST000039" WC="0.71" CONTENT="l'on" STYLEREFS="TXT_5"/>
            <SP ID="PAG_15_SP000033" HPOS="4174" VPOS="4129" WIDTH="44"/>
            <String HPOS="4218" VPOS="4129" HEIGHT="46" WIDTH="148" ID="PAG_15_ST000040" WC="1" CONTENT="croise" STYLEREFS="TXT_5"/>
            <SP ID="PAG_15_SP000034" HPOS="4366" VPOS="4128" WIDTH="42"/>
            <String HPOS="4408" VPOS="4128" HEIGHT="47" WIDTH="116" ID="PAG_15_ST000041" WC="1" CONTENT="dans" STYLEREFS="TXT_5"/>
            <SP ID="PAG_15_SP000035" HPOS="4524" VPOS="4126" WIDTH="51"/>
            <String HPOS="4575" VPOS="4126" HEIGHT="49" WIDTH="37" ID="PAG_15_ST000042" WC="1" CONTENT="la" STYLEREFS="TXT_5"/>
            <SP ID="PAG_15_SP000036" HPOS="4612" VPOS="4147" WIDTH="41"/>
            <String HPOS="4653" VPOS="4147" HEIGHT="29" WIDTH="79" ID="PAG_15_ST000043" WC="1" CONTENT="rue" STYLEREFS="TXT_5"/>
            <SP ID="PAG_15_SP000037" HPOS="4732" VPOS="4142" WIDTH="142"/>
            <String HPOS="4874" VPOS="4142" HEIGHT="33" WIDTH="44" ID="PAG_15_ST000044" WC="1" CONTENT="et" STYLEREFS="TXT_5"/>
            <SP ID="PAG_15_SP000038" HPOS="4918" VPOS="4138" WIDTH="40"/>
            <String HPOS="4958" VPOS="4138" HEIGHT="52" WIDTH="220" ID="PAG_15_ST000045" WC="1" CONTENT="pourtant" STYLEREFS="TXT_5"/>
            <SP ID="PAG_15_SP000039" HPOS="5178" VPOS="4125" WIDTH="46"/>
            <String HPOS="5224" VPOS="4125" HEIGHT="49" WIDTH="110" ID="PAG_15_ST000046" WC="0.89" CONTENT="elles" STYLEREFS="TXT_5"/>
            <SP ID="PAG_15_SP000040" HPOS="5334" VPOS="4144" WIDTH="41"/>
            <String HPOS="5375" VPOS="4144" HEIGHT="29" WIDTH="122" ID="PAG_15_ST000047" WC="1" CONTENT="nous" STYLEREFS="TXT_5"/>
          </TextLine>
          <TextLine HPOS="4086" VPOS="4212" HEIGHT="65" WIDTH="1412" ID="PAG_15_TL000008" STYLEREFS="TXT_5">
            <String HPOS="4086" VPOS="4214" HEIGHT="63" WIDTH="320" ID="PAG_15_ST000048" WC="0.96" CONTENT="apparaissent" STYLEREFS="TXT_5"/>
            <SP ID="PAG_15_SP000041" HPOS="4406" VPOS="4231" WIDTH="48"/>
            <String HPOS="4454" VPOS="4231" HEIGHT="29" WIDTH="191" ID="PAG_15_ST000049" WC="0.92" CONTENT="comme" STYLEREFS="TXT_5"/>
            <SP ID="PAG_15_SP000042" HPOS="4645" VPOS="4216" WIDTH="61"/>
            <String HPOS="4706" VPOS="4216" HEIGHT="44" WIDTH="21" ID="PAG_15_ST000050" WC="0.64" CONTENT="à" STYLEREFS="TXT_5"/>
            <SP ID="PAG_15_SP000043" HPOS="4727" VPOS="4226" WIDTH="65"/>
            <String HPOS="4792" VPOS="4226" HEIGHT="34" WIDTH="178" ID="PAG_15_ST000051" WC="0.93" CONTENT="travers" STYLEREFS="TXT_5"/>
            <SP ID="PAG_15_SP000044" HPOS="4970" VPOS="4229" WIDTH="57"/>
            <String HPOS="5027" VPOS="4229" HEIGHT="29" WIDTH="60" ID="PAG_15_ST000052" WC="1" CONTENT="un" STYLEREFS="TXT_5"/>
            <SP ID="PAG_15_SP000045" HPOS="5087" VPOS="4228" WIDTH="64"/>
            <String HPOS="5151" VPOS="4228" HEIGHT="45" WIDTH="164" ID="PAG_15_ST000053" WC="1" CONTENT="songe." STYLEREFS="TXT_5"/>
            <SP ID="PAG_15_SP000046" HPOS="5315" VPOS="4212" WIDTH="62"/>
            <String HPOS="5377" VPOS="4212" HEIGHT="48" WIDTH="121" ID="PAG_15_ST000054" WC="0.79" CONTENT="C'est" STYLEREFS="TXT_5"/>
          </TextLine>
          <TextLine HPOS="4087" VPOS="4293" HEIGHT="68" WIDTH="1411" ID="PAG_15_TL000009" STYLEREFS="TXT_5">
            <String HPOS="4087" VPOS="4299" HEIGHT="62" WIDTH="252" ID="PAG_15_ST000055" WC="1" CONTENT="pourquoi," STYLEREFS="TXT_5"/>
            <SP ID="PAG_15_SP000047" HPOS="4339" VPOS="4296" WIDTH="33"/>
            <String HPOS="4372" VPOS="4296" HEIGHT="49" WIDTH="60" ID="PAG_15_ST000056" WC="1" CONTENT="s'il" STYLEREFS="TXT_5"/>
            <SP ID="PAG_15_SP000048" HPOS="4432" VPOS="4311" WIDTH="40"/>
            <String HPOS="4472" VPOS="4311" HEIGHT="33" WIDTH="68" ID="PAG_15_ST000057" WC="1" CONTENT="est" STYLEREFS="TXT_5"/>
            <SP ID="PAG_15_SP000049" HPOS="4540" VPOS="4296" WIDTH="31"/>
            <String HPOS="4571" VPOS="4296" HEIGHT="48" WIDTH="185" ID="PAG_15_ST000058" WC="0.88" CONTENT="difficile" STYLEREFS="TXT_5"/>
            <SP ID="PAG_15_SP000050" HPOS="4756" VPOS="4297" WIDTH="38"/>
            <String HPOS="4794" VPOS="4297" HEIGHT="47" WIDTH="17" ID="PAG_15_ST000059" WC="0.42" CONTENT="d" STYLEREFS="TXT_5"/>
            <SP ID="PAG_15_SP000051" HPOS="4811" VPOS="4297" WIDTH="1"/>
            <String HPOS="4811" VPOS="4297" HEIGHT="47" WIDTH="36" ID="PAG_15_ST000060" WC="0.42" CONTENT="l'" STYLEREFS="TXT_5"/>
            <SP ID="PAG_15_SP000052" HPOS="4847" VPOS="4309" WIDTH="38"/>
            <String HPOS="4885" VPOS="4309" HEIGHT="34" WIDTH="143" ID="PAG_15_ST000061" WC="0.93" CONTENT="rester" STYLEREFS="TXT_5"/>
            <SP ID="PAG_15_SP000053" HPOS="5028" VPOS="4293" WIDTH="31"/>
            <String HPOS="5059" VPOS="4293" HEIGHT="49" WIDTH="254" ID="PAG_15_ST000062" WC="0.99" CONTENT="insensible" STYLEREFS="TXT_5"/>
            <SP ID="PAG_15_SP000054" HPOS="5313" VPOS="4298" WIDTH="31"/>
            <String HPOS="5344" VPOS="4298" HEIGHT="44" WIDTH="21" ID="PAG_15_ST000063" WC="0.50" CONTENT="a" STYLEREFS="TXT_5"/>
            <SP ID="PAG_15_SP000055" HPOS="5365" VPOS="4293" WIDTH="36"/>
            <String HPOS="5401" VPOS="4293" HEIGHT="49" WIDTH="97" ID="PAG_15_ST000064" WC="0.94" CONTENT="leur" STYLEREFS="TXT_5"/>
          </TextLine>
          <TextLine HPOS="4087" VPOS="4378" HEIGHT="66" WIDTH="1407" ID="PAG_15_TL000010" STYLEREFS="TXT_5">
            <String HPOS="4087" VPOS="4382" HEIGHT="52" WIDTH="205" ID="PAG_15_ST000065" WC="0.88" CONTENT="charme," STYLEREFS="TXT_5"/>
            <SP ID="PAG_15_SP000056" HPOS="4292" VPOS="4381" WIDTH="31"/>
            <String HPOS="4323" VPOS="4381" HEIGHT="47" WIDTH="24" ID="PAG_15_ST000066" WC="0.92" CONTENT="il" STYLEREFS="TXT_5"/>
            <SP ID="PAG_15_SP000057" HPOS="4347" VPOS="4381" WIDTH="33"/>
            <String HPOS="4380" VPOS="4381" HEIGHT="48" WIDTH="110" ID="PAG_15_ST000067" WC="0.52" CONTENT=")i'est" STYLEREFS="TXT_5"/>
            <SP ID="PAG_15_SP000058" HPOS="4490" VPOS="4400" WIDTH="33"/>
            <String HPOS="4523" VPOS="4400" HEIGHT="44" WIDTH="77" ID="PAG_15_ST000068" WC="1" CONTENT="pas" STYLEREFS="TXT_5"/>
            <SP ID="PAG_15_SP000059" HPOS="4600" VPOS="4382" WIDTH="27"/>
            <String HPOS="4627" VPOS="4382" HEIGHT="58" WIDTH="217" ID="PAG_15_ST000069" WC="0.92" CONTENT="toujours" STYLEREFS="TXT_5"/>
            <SP ID="PAG_15_SP000060" HPOS="4844" VPOS="4378" WIDTH="26"/>
            <String HPOS="4870" VPOS="4378" HEIGHT="49" WIDTH="128" ID="PAG_15_ST000070" WC="0.99" CONTENT="facile" STYLEREFS="TXT_5"/>
            <SP ID="PAG_15_SP000061" HPOS="4998" VPOS="4379" WIDTH="23"/>
            <String HPOS="5021" VPOS="4379" HEIGHT="47" WIDTH="54" ID="PAG_15_ST000071" WC="1" CONTENT="de" STYLEREFS="TXT_5"/>
            <SP ID="PAG_15_SP000062" HPOS="5075" VPOS="4378" WIDTH="25"/>
            <String HPOS="5100" VPOS="4378" HEIGHT="47" WIDTH="62" ID="PAG_15_ST000072" WC="0.80" CONTENT="les" STYLEREFS="TXT_5"/>
            <SP ID="PAG_15_SP000063" HPOS="5162" VPOS="4382" WIDTH="24"/>
            <String HPOS="5186" VPOS="4382" HEIGHT="45" WIDTH="308" ID="PAG_15_ST000073" WC="0.76" CONTENT="recc'nnaitre." STYLEREFS="TXT_5"/>
          </TextLine>
        </TextBlock>
      </PrintSpace>
    </Page>
  </Layout>
</alto>