<?xml version="1.0" encoding="UTF-8"?>
<alto xmlns="http://www.loc.gov/standards/alto/ns-v3#" xmlns:xsi="http://www.w3.org/2001/XMLSchema-instance" SCHEMAVERSION="alto_bnf-v2_0" xsi:schemaLocation="http://www.loc.gov/standards/alto/ns-v3# http://bibnum.bnf.fr/schema/alto_bnf-v2_0.xsd" xmlns:xlink="http://www.w3.org/TR/xlink">
  <Description>
    <MeasurementUnit>pixel</MeasurementUnit>
    <sourceImageInformation>
      <fileName>00000002.jp2</fileName>
      <fileIdentifier>ark:/12148/bpt6k47010350/f2</fileIdentifier>
      <documentIdentifier documentIdentifierLocation="NUM">4701035</documentIdentifier>
    </sourceImageInformation>
    <OCRProcessing ID="OCR_1">
      <ocrProcessingStep>
        <processingDateTime>2019-01-31</processingDateTime>
        <processingStepDescription>[001_OCR_BRUT]OCR BRUT 84.84 %</processingStepDescription>
        <processingStepDescription>[002_CHARS]{845}</processingStepDescription>
        <processingStepDescription>[003_CHARS_USED]{0}</processingStepDescription>
        <processingStepDescription>[004_CHARS_SUSPECTS_USED]{0}</processingStepDescription>
        <processingStepDescription>[005_CHARS_UNUSED]{845}</processingStepDescription>
        <processingStepDescription>[006_CHARS_SUSPECTS_UNUSED]{0}</processingStepDescription>
        <processingStepDescription>[007_STRINGS]{196}</processingStepDescription>
        <processingStepDescription>[008_STRINGS_USED]{0}</processingStepDescription>
        <processingStepDescription>[009_STRINGS_SUSPECTS_UNUSED]{0}</processingStepDescription>
        <processingStepDescription>[010_CHARS_LETTERS]{752}</processingStepDescription>
        <processingStepDescription>[011_CHARS_PUNCTUATION]{68}</processingStepDescription>
        <processingStepDescription>[012_CHARS_DIGITS]{22}</processingStepDescription>
        <processingStepDescription>[013_CHARS_SUSPECT]{0}</processingStepDescription>
        <processingStepDescription>[022_CHARS_UNUSED_BY_BLOCK]{0}</processingStepDescription>
        <processingStepDescription>[023_BLOCKS_SUSPECTS]{0}</processingStepDescription>
        <processingStepDescription>[111_LIGS_DETECTED_CURV]{0}</processingStepDescription>
      </ocrProcessingStep>
    </OCRProcessing>
  </Description>
  <Styles>
    <TextStyle FONTSIZE="12" ID="TXT_4" FONTFAMILY="Times"/>
    <TextStyle FONTSIZE="8" ID="TXT_5" FONTFAMILY="Times"/>
    <TextStyle FONTSIZE="15" ID="TXT_6" FONTFAMILY="Times"/>
    <TextStyle FONTSIZE="11" ID="TXT_7" FONTFAMILY="Times"/>
  </Styles>
  <Tags>
    <LayoutTag TYPE="Content" ID="TAG_stockMarket" LABEL="stockMarket"/>
  </Tags>
  <Layout>
    <Page ID="PAG_2" HEIGHT="4983" WIDTH="3865" PHYSICAL_IMG_NR="2" QUALITY="OK" ACCURACY="100.00">
      <PrintSpace HPOS="225" VPOS="164" HEIGHT="4529" WIDTH="3470" ID="PAG_2_PrintSpace">
        <ComposedBlock ID="PAG_2_CB000001" HPOS="225" VPOS="164" HEIGHT="2563" WIDTH="3470">
        <Illustration ID="PAG_2_IL000001" HPOS="225" VPOS="164" HEIGHT="2563" WIDTH="3470"/>
        <TextBlock HPOS="1799" VPOS="2555" HEIGHT="143" WIDTH="1584" ID="PAG_2_TB000001" TAGREFS="TAG_stockMarket" LANG="fr" STYLEREFS="TXT_4">
          <TextLine HPOS="1799" VPOS="2555" HEIGHT="59" WIDTH="1584" ID="PAG_2_TL000001" STYLEREFS="TXT_4">
            <String HPOS="1799" VPOS="2567" HEIGHT="35" WIDTH="60" ID="PAG_2_ST000001" WC="0.00" CONTENT="\s" STYLEREFS="TXT_4"/>
            <SP ID="PAG_2_SP000001" HPOS="1859" VPOS="2567" WIDTH="41"/>
            <String HPOS="1900" VPOS="2567" HEIGHT="33" WIDTH="68" ID="PAG_2_ST000002" WC="0.00" CONTENT="ou" STYLEREFS="TXT_4"/>
            <SP ID="PAG_2_SP000002" HPOS="1968" VPOS="2568" WIDTH="7"/>
            <String HPOS="1975" VPOS="2568" HEIGHT="31" WIDTH="29" ID="PAG_2_ST000003" WC="0.00" CONTENT="s" STYLEREFS="TXT_4"/>
            <SP ID="PAG_2_SP000003" HPOS="2004" VPOS="2555" WIDTH="86"/>
            <String HPOS="2090" VPOS="2555" HEIGHT="49" WIDTH="283" ID="PAG_2_ST000004" WC="1" CONTENT="cherchez" STYLEREFS="TXT_4"/>
            <SP ID="PAG_2_SP000004" HPOS="2373" VPOS="2571" WIDTH="84"/>
            <String HPOS="2457" VPOS="2571" HEIGHT="32" WIDTH="77" ID="PAG_2_ST000005" WC="1" CONTENT="un" STYLEREFS="TXT_4"/>
            <SP ID="PAG_2_SP000005" HPOS="2534" VPOS="2557" WIDTH="85"/>
            <String HPOS="2619" VPOS="2557" HEIGHT="56" WIDTH="239" ID="PAG_2_ST000006" WC="1" CONTENT="produit" STYLEREFS="TXT_4"/>
            <SP ID="PAG_2_SP000006" HPOS="2858" VPOS="2558" WIDTH="91"/>
            <String HPOS="2949" VPOS="2558" HEIGHT="47" WIDTH="243" ID="PAG_2_ST000007" WC="1" CONTENT="sérieux" STYLEREFS="TXT_4"/>
            <SP ID="PAG_2_SP000007" HPOS="3192" VPOS="2559" WIDTH="87"/>
            <String HPOS="3279" VPOS="2559" HEIGHT="55" WIDTH="104" ID="PAG_2_ST000008" WC="1" CONTENT="qui" STYLEREFS="TXT_4"/>
          </TextLine>
          <TextLine HPOS="2035" VPOS="2639" HEIGHT="59" WIDTH="859" ID="PAG_2_TL000002" STYLEREFS="TXT_4">
            <String HPOS="2035" VPOS="2639" HEIGHT="48" WIDTH="262" ID="PAG_2_ST000009" WC="0.99" CONTENT="n'abîme" STYLEREFS="TXT_4"/>
            <SP ID="PAG_2_SP000008" HPOS="2297" VPOS="2656" WIDTH="50"/>
            <String HPOS="2347" VPOS="2656" HEIGHT="42" WIDTH="113" ID="PAG_2_ST000010" WC="1" CONTENT="pas" STYLEREFS="TXT_4"/>
            <SP ID="PAG_2_SP000009" HPOS="2460" VPOS="2646" WIDTH="56"/>
            <String HPOS="2516" VPOS="2646" HEIGHT="43" WIDTH="158" ID="PAG_2_ST000011" WC="1" CONTENT="Votre" STYLEREFS="TXT_4"/>
            <SP ID="PAG_2_SP000010" HPOS="2674" VPOS="2656" WIDTH="45"/>
            <String HPOS="2719" VPOS="2656" HEIGHT="42" WIDTH="175" ID="PAG_2_ST000012" WC="1" CONTENT="peau." STYLEREFS="TXT_4"/>
          </TextLine>
        </TextBlock>
        </ComposedBlock>
        <TextBlock HPOS="1780" VPOS="2750" HEIGHT="292" WIDTH="1632" ID="PAG_2_TB000002" TAGREFS="TAG_stockMarket" LANG="fr" STYLEREFS="TXT_5">
          <TextLine HPOS="2035" VPOS="2750" HEIGHT="51" WIDTH="1346" ID="PAG_2_TL000003" STYLEREFS="TXT_5">
            <String HPOS="2035" VPOS="2752" HEIGHT="40" WIDTH="56" ID="PAG_2_ST000013" WC="1" CONTENT="Le" STYLEREFS="TXT_5"/>
            <SP ID="PAG_2_SP000011" HPOS="2091" VPOS="2750" WIDTH="47"/>
            <String HPOS="2138" VPOS="2750" HEIGHT="45" WIDTH="330" ID="PAG_2_ST000014" WC="0.89" CONTENT="MIA-HOL" STYLEREFS="TXT_5"/>
            <SP ID="PAG_2_SP000012" HPOS="2468" VPOS="2766" WIDTH="62"/>
            <String HPOS="2530" VPOS="2766" HEIGHT="27" WIDTH="52" ID="PAG_2_ST000015" WC="1" CONTENT="est" STYLEREFS="TXT_5"/>
            <SP ID="PAG_2_SP000013" HPOS="2582" VPOS="2755" WIDTH="45"/>
            <String HPOS="2627" VPOS="2755" HEIGHT="46" WIDTH="151" ID="PAG_2_ST000016" WC="1" CONTENT="préparé" STYLEREFS="TXT_5"/>
            <SP ID="PAG_2_SP000014" HPOS="2778" VPOS="2771" WIDTH="51"/>
            <String HPOS="2829" VPOS="2771" HEIGHT="30" WIDTH="62" ID="PAG_2_ST000017" WC="1" CONTENT="par" STYLEREFS="TXT_5"/>
            <SP ID="PAG_2_SP000015" HPOS="2891" VPOS="2754" WIDTH="48"/>
            <String HPOS="2939" VPOS="2754" HEIGHT="40" WIDTH="48" ID="PAG_2_ST000018" WC="1" CONTENT="les" STYLEREFS="TXT_5"/>
            <SP ID="PAG_2_SP000016" HPOS="2987" VPOS="2754" WIDTH="49"/>
            <String HPOS="3036" VPOS="2754" HEIGHT="41" WIDTH="250" ID="PAG_2_ST000019" WC="1" CONTENT="Laboratoires" STYLEREFS="TXT_5"/>
            <SP ID="PAG_2_SP000017" HPOS="3286" VPOS="2754" WIDTH="48"/>
            <String HPOS="3334" VPOS="2754" HEIGHT="40" WIDTH="47" ID="PAG_2_ST000020" WC="1" CONTENT="du" STYLEREFS="TXT_5"/>
          </TextLine>
          <TextLine HPOS="2035" VPOS="2813" HEIGHT="53" WIDTH="1377" ID="PAG_2_TL000004" STYLEREFS="TXT_5">
            <String HPOS="2035" VPOS="2824" HEIGHT="32" WIDTH="49" ID="PAG_2_ST000021" WC="0.48" CONTENT="'Dr'" STYLEREFS="TXT_5"/>
            <SP ID="PAG_2_SP000018" HPOS="2084" VPOS="2824" WIDTH="26"/>
            <String HPOS="2110" VPOS="2824" HEIGHT="33" WIDTH="256" ID="PAG_2_ST000022" WC="0.87" CONTENT="&quot;BOUCARD" STYLEREFS="TXT_4"/>
            <SP ID="PAG_2_SP000019" HPOS="2366" VPOS="2816" WIDTH="41"/>
            <String HPOS="2407" VPOS="2816" HEIGHT="48" WIDTH="202" ID="PAG_2_ST000023" WC="1" CONTENT="spécialisés" STYLEREFS="TXT_5"/>
            <SP ID="PAG_2_SP000020" HPOS="2609" VPOS="2815" WIDTH="45"/>
            <String HPOS="2654" VPOS="2815" HEIGHT="41" WIDTH="88" ID="PAG_2_ST000024" WC="1" CONTENT="dans" STYLEREFS="TXT_5"/>
            <SP ID="PAG_2_SP000021" HPOS="2742" VPOS="2813" WIDTH="50"/>
            <String HPOS="2792" VPOS="2813" HEIGHT="43" WIDTH="133" ID="PAG_2_ST000025" WC="1" CONTENT="l'étude" STYLEREFS="TXT_5"/>
            <SP ID="PAG_2_SP000022" HPOS="2925" VPOS="2816" WIDTH="41"/>
            <String HPOS="2966" VPOS="2816" HEIGHT="40" WIDTH="63" ID="PAG_2_ST000026" WC="1" CONTENT="des" STYLEREFS="TXT_5"/>
            <SP ID="PAG_2_SP000023" HPOS="3029" VPOS="2817" WIDTH="38"/>
            <String HPOS="3067" VPOS="2817" HEIGHT="49" WIDTH="159" ID="PAG_2_ST000027" WC="1" CONTENT="produits" STYLEREFS="TXT_5"/>
            <SP ID="PAG_2_SP000024" HPOS="3226" VPOS="2816" WIDTH="43"/>
            <String HPOS="3269" VPOS="2816" HEIGHT="40" WIDTH="113" ID="PAG_2_ST000028" WC="1" CONTENT="biolo-" SUBS_TYPE="HypPart1" SUBS_CONTENT="biolo-giques." STYLEREFS="TXT_5"/>
            <HYP HPOS="3382" VPOS="2856" WIDTH="30" CONTENT="-"/>
          </TextLine>
          <TextLine HPOS="2034" VPOS="2876" HEIGHT="50" WIDTH="1346" ID="PAG_2_TL000005" STYLEREFS="TXT_5">
            <String HPOS="2034" VPOS="2895" HEIGHT="31" WIDTH="135" ID="PAG_2_ST000029" WC="1" CONTENT="giques." SUBS_TYPE="HypPart2" SUBS_CONTENT="biolo-giques." STYLEREFS="TXT_5"/>
            <SP ID="PAG_2_SP000025" HPOS="2169" VPOS="2877" WIDTH="24"/>
            <String HPOS="2193" VPOS="2877" HEIGHT="40" WIDTH="26" ID="PAG_2_ST000030" WC="1" CONTENT="Il" STYLEREFS="TXT_5"/>
            <SP ID="PAG_2_SP000026" HPOS="2219" VPOS="2895" WIDTH="23"/>
            <String HPOS="2242" VPOS="2895" HEIGHT="22" WIDTH="44" ID="PAG_2_ST000031" WC="1" CONTENT="ne" STYLEREFS="TXT_5"/>
            <SP ID="PAG_2_SP000027" HPOS="2286" VPOS="2889" WIDTH="25"/>
            <String HPOS="2311" VPOS="2889" HEIGHT="29" WIDTH="158" ID="PAG_2_ST000032" WC="1" CONTENT="contient" STYLEREFS="TXT_5"/>
            <SP ID="PAG_2_SP000028" HPOS="2469" VPOS="2878" WIDTH="26"/>
            <String HPOS="2495" VPOS="2878" HEIGHT="39" WIDTH="33" ID="PAG_2_ST000033" WC="1" CONTENT="ni" STYLEREFS="TXT_5"/>
            <SP ID="PAG_2_SP000029" HPOS="2528" VPOS="2876" WIDTH="25"/>
            <String HPOS="2553" VPOS="2876" HEIGHT="50" WIDTH="160" ID="PAG_2_ST000034" WC="1" CONTENT="produits" STYLEREFS="TXT_5"/>
            <SP ID="PAG_2_SP000030" HPOS="2713" VPOS="2876" WIDTH="19"/>
            <String HPOS="2732" VPOS="2876" HEIGHT="49" WIDTH="208" ID="PAG_2_ST000035" WC="1" CONTENT="chimiques," STYLEREFS="TXT_5"/>
            <SP ID="PAG_2_SP000031" HPOS="2940" VPOS="2881" WIDTH="29"/>
            <String HPOS="2969" VPOS="2881" HEIGHT="36" WIDTH="33" ID="PAG_2_ST000036" WC="0.33" CONTENT="ni" STYLEREFS="TXT_5"/>
            <SP ID="PAG_2_SP000032" HPOS="3002" VPOS="2879" WIDTH="26"/>
            <String HPOS="3028" VPOS="2879" HEIGHT="44" WIDTH="123" ID="PAG_2_ST000037" WC="0.98" CONTENT="alcool," STYLEREFS="TXT_5"/>
            <SP ID="PAG_2_SP000033" HPOS="3151" VPOS="2879" WIDTH="23"/>
            <String HPOS="3174" VPOS="2879" HEIGHT="39" WIDTH="34" ID="PAG_2_ST000038" WC="1" CONTENT="ni" STYLEREFS="TXT_5"/>
            <SP ID="PAG_2_SP000034" HPOS="3208" VPOS="2879" WIDTH="23"/>
            <String HPOS="3231" VPOS="2879" HEIGHT="47" WIDTH="149" ID="PAG_2_ST000039" WC="1" CONTENT="parfum." STYLEREFS="TXT_5"/>
          </TextLine>
          <TextLine HPOS="1796" VPOS="2937" HEIGHT="53" WIDTH="1589" ID="PAG_2_TL000006" STYLEREFS="TXT_5">
            <String HPOS="1796" VPOS="2958" HEIGHT="21" WIDTH="36" ID="PAG_2_ST000040" WC="0.00" CONTENT="m" STYLEREFS="TXT_4"/>
            <SP ID="PAG_2_SP000035" HPOS="1832" VPOS="2937" WIDTH="67"/>
            <String HPOS="1899" VPOS="2937" HEIGHT="42" WIDTH="29" ID="PAG_2_ST000041" WC="0.00" CONTENT="Ë" STYLEREFS="TXT_5"/>
            <SP ID="PAG_2_SP000036" HPOS="1928" VPOS="2949" WIDTH="48"/>
            <String HPOS="1976" VPOS="2949" HEIGHT="29" WIDTH="45" ID="PAG_2_ST000042" WC="0.00" CONTENT="M" STYLEREFS="TXT_5"/>
            <SP ID="PAG_2_SP000037" HPOS="2021" VPOS="2940" WIDTH="12"/>
            <String HPOS="2033" VPOS="2940" HEIGHT="40" WIDTH="207" ID="PAG_2_ST000043" WC="1" CONTENT="substances" STYLEREFS="TXT_5"/>
            <SP ID="PAG_2_SP000038" HPOS="2240" VPOS="2940" WIDTH="35"/>
            <String HPOS="2275" VPOS="2940" HEIGHT="48" WIDTH="78" ID="PAG_2_ST000044" WC="1" CONTENT="plus" STYLEREFS="TXT_5"/>
            <SP ID="PAG_2_SP000039" HPOS="2353" VPOS="2957" WIDTH="35"/>
            <String HPOS="2388" VPOS="2957" HEIGHT="23" WIDTH="46" ID="PAG_2_ST000045" WC="1" CONTENT="ou" STYLEREFS="TXT_5"/>
            <SP ID="PAG_2_SP000040" HPOS="2434" VPOS="2956" WIDTH="38"/>
            <String HPOS="2472" VPOS="2956" HEIGHT="23" WIDTH="114" ID="PAG_2_ST000046" WC="1" CONTENT="moins" STYLEREFS="TXT_5"/>
            <SP ID="PAG_2_SP000041" HPOS="2586" VPOS="2943" WIDTH="37"/>
            <String HPOS="2623" VPOS="2943" HEIGHT="44" WIDTH="184" ID="PAG_2_ST000047" WC="1" CONTENT="irritantes," STYLEREFS="TXT_5"/>
            <SP ID="PAG_2_SP000042" HPOS="2807" VPOS="2939" WIDTH="25"/>
            <String HPOS="2832" VPOS="2939" HEIGHT="41" WIDTH="87" ID="PAG_2_ST000048" WC="1" CONTENT="dont" STYLEREFS="TXT_5"/>
            <SP ID="PAG_2_SP000043" HPOS="2919" VPOS="2938" WIDTH="36"/>
            <String HPOS="2955" VPOS="2938" HEIGHT="51" WIDTH="134" ID="PAG_2_ST000049" WC="1" CONTENT="l'usage" STYLEREFS="TXT_5"/>
            <SP ID="PAG_2_SP000044" HPOS="3089" VPOS="2942" WIDTH="35"/>
            <String HPOS="3124" VPOS="2942" HEIGHT="48" WIDTH="124" ID="PAG_2_ST000050" WC="1" CONTENT="répété" STYLEREFS="TXT_5"/>
            <SP ID="PAG_2_SP000045" HPOS="3248" VPOS="2954" WIDTH="36"/>
            <String HPOS="3284" VPOS="2954" HEIGHT="35" WIDTH="101" ID="PAG_2_ST000051" WC="1" CONTENT="porte" STYLEREFS="TXT_5"/>
          </TextLine>
          <TextLine HPOS="1780" VPOS="2999" HEIGHT="43" WIDTH="992" ID="PAG_2_TL000007" STYLEREFS="TXT_5">
            <String HPOS="1780" VPOS="2999" HEIGHT="42" WIDTH="30" ID="PAG_2_ST000052" WC="0.00" CONTENT="ïï" STYLEREFS="TXT_4"/>
            <SP ID="PAG_2_SP000046" HPOS="1810" VPOS="2999" WIDTH="61"/>
            <String HPOS="1871" VPOS="2999" HEIGHT="43" WIDTH="41" ID="PAG_2_ST000053" WC="0.00" CONTENT="S" STYLEREFS="TXT_4"/>
            <SP ID="PAG_2_SP000047" HPOS="1912" VPOS="2999" WIDTH="25"/>
            <String HPOS="1937" VPOS="2999" HEIGHT="43" WIDTH="43" ID="PAG_2_ST000054" WC="0.00" CONTENT="f" STYLEREFS="TXT_4"/>
            <SP ID="PAG_2_SP000048" HPOS="1980" VPOS="3014" WIDTH="53"/>
            <String HPOS="2033" VPOS="3014" HEIGHT="28" WIDTH="148" ID="PAG_2_ST000055" WC="1" CONTENT="atteinte" STYLEREFS="TXT_5"/>
            <SP ID="PAG_2_SP000049" HPOS="2181" VPOS="3005" WIDTH="31"/>
            <String HPOS="2212" VPOS="3005" HEIGHT="36" WIDTH="19" ID="PAG_2_ST000056" WC="1" CONTENT="à" STYLEREFS="TXT_5"/>
            <SP ID="PAG_2_SP000050" HPOS="2231" VPOS="3003" WIDTH="34"/>
            <String HPOS="2265" VPOS="3003" HEIGHT="38" WIDTH="29" ID="PAG_2_ST000057" WC="1" CONTENT="la" STYLEREFS="TXT_5"/>
            <SP ID="PAG_2_SP000051" HPOS="2294" VPOS="3002" WIDTH="33"/>
            <String HPOS="2327" VPOS="3002" HEIGHT="40" WIDTH="132" ID="PAG_2_ST000058" WC="1" CONTENT="vitalité" STYLEREFS="TXT_5"/>
            <SP ID="PAG_2_SP000052" HPOS="2459" VPOS="3001" WIDTH="38"/>
            <String HPOS="2497" VPOS="3001" HEIGHT="41" WIDTH="46" ID="PAG_2_ST000059" WC="1" CONTENT="de" STYLEREFS="TXT_5"/>
            <SP ID="PAG_2_SP000053" HPOS="2543" VPOS="3002" WIDTH="32"/>
            <String HPOS="2575" VPOS="3002" HEIGHT="39" WIDTH="31" ID="PAG_2_ST000060" WC="1" CONTENT="la" STYLEREFS="TXT_5"/>
            <SP ID="PAG_2_SP000054" HPOS="2606" VPOS="3000" WIDTH="27"/>
            <String HPOS="2633" VPOS="3000" HEIGHT="42" WIDTH="139" ID="PAG_2_ST000061" WC="1" CONTENT="cellule." STYLEREFS="TXT_5"/>
          </TextLine>
        </TextBlock>
        <TextBlock HPOS="1820" VPOS="3160" HEIGHT="128" WIDTH="1566" ID="PAG_2_TB000003" TAGREFS="TAG_stockMarket" LANG="fr" STYLEREFS="TXT_4">
          <TextLine HPOS="1820" VPOS="3160" HEIGHT="58" WIDTH="1566" ID="PAG_2_TL000008" STYLEREFS="TXT_4">
            <String HPOS="1820" VPOS="3176" HEIGHT="41" WIDTH="54" ID="PAG_2_ST000062" WC="0.00" CONTENT="y" STYLEREFS="TXT_4"/>
            <SP ID="PAG_2_SP000055" HPOS="1874" VPOS="3175" WIDTH="27"/>
            <String HPOS="1901" VPOS="3175" HEIGHT="33" WIDTH="107" ID="PAG_2_ST000063" WC="1" CONTENT="ous" STYLEREFS="TXT_4"/>
            <SP ID="PAG_2_SP000056" HPOS="2008" VPOS="3160" WIDTH="62"/>
            <String HPOS="2070" VPOS="3160" HEIGHT="50" WIDTH="284" ID="PAG_2_ST000064" WC="0.97" CONTENT="cherchez" STYLEREFS="TXT_4"/>
            <SP ID="PAG_2_SP000057" HPOS="2354" VPOS="3175" WIDTH="62"/>
            <String HPOS="2416" VPOS="3175" HEIGHT="33" WIDTH="77" ID="PAG_2_ST000065" WC="1" CONTENT="un" STYLEREFS="TXT_4"/>
            <SP ID="PAG_2_SP000058" HPOS="2493" VPOS="3160" WIDTH="57"/>
            <String HPOS="2550" VPOS="3160" HEIGHT="57" WIDTH="242" ID="PAG_2_ST000066" WC="1" CONTENT="produit" STYLEREFS="TXT_4"/>
            <SP ID="PAG_2_SP000059" HPOS="2792" VPOS="3161" WIDTH="63"/>
            <String HPOS="2855" VPOS="3161" HEIGHT="57" WIDTH="103" ID="PAG_2_ST000067" WC="1" CONTENT="qui" STYLEREFS="TXT_4"/>
            <SP ID="PAG_2_SP000060" HPOS="2958" VPOS="3163" WIDTH="63"/>
            <String HPOS="3021" VPOS="3163" HEIGHT="47" WIDTH="365" ID="PAG_2_ST000068" WC="1" CONTENT="entretienne" STYLEREFS="TXT_4"/>
          </TextLine>
          <TextLine HPOS="2040" VPOS="3240" HEIGHT="48" WIDTH="1049" ID="PAG_2_TL000009" STYLEREFS="TXT_4">
            <String HPOS="2040" VPOS="3242" HEIGHT="45" WIDTH="56" ID="PAG_2_ST000069" WC="1" CONTENT="la" STYLEREFS="TXT_4"/>
            <SP ID="PAG_2_SP000061" HPOS="2096" VPOS="3241" WIDTH="45"/>
            <String HPOS="2141" VPOS="3241" HEIGHT="47" WIDTH="91" ID="PAG_2_ST000070" WC="1" CONTENT="Vie" STYLEREFS="TXT_4"/>
            <SP ID="PAG_2_SP000062" HPOS="2232" VPOS="3246" WIDTH="41"/>
            <String HPOS="2273" VPOS="3246" HEIGHT="41" WIDTH="54" ID="PAG_2_ST000071" WC="1" CONTENT="et" STYLEREFS="TXT_4"/>
            <SP ID="PAG_2_SP000063" HPOS="2327" VPOS="3240" WIDTH="41"/>
            <String HPOS="2368" VPOS="3240" HEIGHT="46" WIDTH="55" ID="PAG_2_ST000072" WC="1" CONTENT="la" STYLEREFS="TXT_4"/>
            <SP ID="PAG_2_SP000064" HPOS="2423" VPOS="3243" WIDTH="43"/>
            <String HPOS="2466" VPOS="3243" HEIGHT="44" WIDTH="173" ID="PAG_2_ST000073" WC="1" CONTENT="santé" STYLEREFS="TXT_4"/>
            <SP ID="PAG_2_SP000065" HPOS="2639" VPOS="3240" WIDTH="44"/>
            <String HPOS="2683" VPOS="3240" HEIGHT="46" WIDTH="103" ID="PAG_2_ST000074" WC="1" CONTENT="des" STYLEREFS="TXT_4"/>
            <SP ID="PAG_2_SP000066" HPOS="2786" VPOS="3240" WIDTH="42"/>
            <String HPOS="2828" VPOS="3240" HEIGHT="48" WIDTH="261" ID="PAG_2_ST000075" WC="1" CONTENT="cellules." STYLEREFS="TXT_4"/>
          </TextLine>
        </TextBlock>
        <TextBlock HPOS="1768" VPOS="3339" HEIGHT="175" WIDTH="1618" ID="PAG_2_TB000004" TAGREFS="TAG_stockMarket" LANG="fr" STYLEREFS="TXT_5">
          <TextLine HPOS="2035" VPOS="3339" HEIGHT="51" WIDTH="1349" ID="PAG_2_TL000010" STYLEREFS="TXT_5">
            <String HPOS="2035" VPOS="3341" HEIGHT="40" WIDTH="74" ID="PAG_2_ST000076" WC="1" CONTENT="Car" STYLEREFS="TXT_5"/>
            <SP ID="PAG_2_SP000067" HPOS="2109" VPOS="3341" WIDTH="33"/>
            <String HPOS="2142" VPOS="3341" HEIGHT="39" WIDTH="30" ID="PAG_2_ST000077" WC="1" CONTENT="la" STYLEREFS="TXT_5"/>
            <SP ID="PAG_2_SP000068" HPOS="2172" VPOS="3358" WIDTH="31"/>
            <String HPOS="2203" VPOS="3358" HEIGHT="32" WIDTH="93" ID="PAG_2_ST000078" WC="1" CONTENT="peau" STYLEREFS="TXT_5"/>
            <SP ID="PAG_2_SP000069" HPOS="2296" VPOS="3359" WIDTH="29"/>
            <String HPOS="2325" VPOS="3359" HEIGHT="21" WIDTH="20" ID="PAG_2_ST000079" WC="1" CONTENT="n" STYLEREFS="TXT_5"/>
            <SP ID="PAG_2_SP000070" HPOS="2345" VPOS="3352" WIDTH="18"/>
            <String HPOS="2363" VPOS="3352" HEIGHT="27" WIDTH="51" ID="PAG_2_ST000080" WC="1" CONTENT="est" STYLEREFS="TXT_5"/>
            <SP ID="PAG_2_SP000071" HPOS="2414" VPOS="3352" WIDTH="31"/>
            <String HPOS="2445" VPOS="3352" HEIGHT="27" WIDTH="170" ID="PAG_2_ST000081" WC="1" CONTENT="vraiment" STYLEREFS="TXT_5"/>
            <SP ID="PAG_2_SP000072" HPOS="2615" VPOS="3339" WIDTH="31"/>
            <String HPOS="2646" VPOS="3339" HEIGHT="41" WIDTH="92" ID="PAG_2_ST000082" WC="1" CONTENT="belle" STYLEREFS="TXT_5"/>
            <SP ID="PAG_2_SP000073" HPOS="2738" VPOS="3358" WIDTH="31"/>
            <String HPOS="2769" VPOS="3358" HEIGHT="31" WIDTH="69" ID="PAG_2_ST000083" WC="1" CONTENT="que" STYLEREFS="TXT_5"/>
            <SP ID="PAG_2_SP000074" HPOS="2838" VPOS="3342" WIDTH="31"/>
            <String HPOS="2869" VPOS="3342" HEIGHT="38" WIDTH="25" ID="PAG_2_ST000084" WC="0.33" CONTENT="si" STYLEREFS="TXT_5"/>
            <SP ID="PAG_2_SP000075" HPOS="2894" VPOS="3340" WIDTH="36"/>
            <String HPOS="2930" VPOS="3340" HEIGHT="40" WIDTH="69" ID="PAG_2_ST000085" WC="1" CONTENT="elle" STYLEREFS="TXT_5"/>
            <SP ID="PAG_2_SP000076" HPOS="2999" VPOS="3353" WIDTH="30"/>
            <String HPOS="3029" VPOS="3353" HEIGHT="27" WIDTH="52" ID="PAG_2_ST000086" WC="1" CONTENT="est" STYLEREFS="TXT_5"/>
            <SP ID="PAG_2_SP000077" HPOS="3081" VPOS="3343" WIDTH="31"/>
            <String HPOS="3112" VPOS="3343" HEIGHT="38" WIDTH="98" ID="PAG_2_ST000087" WC="0.83" CONTENT="saine" STYLEREFS="TXT_5"/>
            <SP ID="PAG_2_SP000078" HPOS="3210" VPOS="3355" WIDTH="24"/>
            <String HPOS="3234" VPOS="3355" HEIGHT="26" WIDTH="34" ID="PAG_2_ST000088" WC="1" CONTENT="et" STYLEREFS="TXT_5"/>
            <SP ID="PAG_2_SP000079" HPOS="3268" VPOS="3342" WIDTH="34"/>
            <String HPOS="3302" VPOS="3342" HEIGHT="40" WIDTH="82" ID="PAG_2_ST000089" WC="1" CONTENT="bien" STYLEREFS="TXT_5"/>
          </TextLine>
          <TextLine HPOS="1788" VPOS="3394" HEIGHT="59" WIDTH="1598" ID="PAG_2_TL000011" STYLEREFS="TXT_5">
            <String HPOS="1788" VPOS="3409" HEIGHT="33" WIDTH="45" ID="PAG_2_ST000090" WC="0.00" CONTENT="M" STYLEREFS="TXT_4"/>
            <SP ID="PAG_2_SP000080" HPOS="1833" VPOS="3422" WIDTH="60"/>
            <String HPOS="1893" VPOS="3422" HEIGHT="20" WIDTH="27" ID="PAG_2_ST000091" WC="0.00" CONTENT="m" STYLEREFS="TXT_4"/>
            <SP ID="PAG_2_SP000081" HPOS="1920" VPOS="3394" WIDTH="43"/>
            <String HPOS="1963" VPOS="3394" HEIGHT="48" WIDTH="60" ID="PAG_2_ST000092" WC="0.00" CONTENT="f" STYLEREFS="TXT_4"/>
            <SP ID="PAG_2_SP000082" HPOS="2023" VPOS="3404" WIDTH="14"/>
            <String HPOS="2037" VPOS="3404" HEIGHT="39" WIDTH="154" ID="PAG_2_ST000093" WC="1" CONTENT="vivante." STYLEREFS="TXT_5"/>
            <SP ID="PAG_2_SP000083" HPOS="2191" VPOS="3401" WIDTH="22"/>
            <String HPOS="2213" VPOS="3401" HEIGHT="46" WIDTH="67" ID="PAG_2_ST000094" WC="1" CONTENT="Or," STYLEREFS="TXT_5"/>
            <SP ID="PAG_2_SP000084" HPOS="2280" VPOS="3402" WIDTH="29"/>
            <String HPOS="2309" VPOS="3402" HEIGHT="40" WIDTH="31" ID="PAG_2_ST000095" WC="1" CONTENT="le" STYLEREFS="TXT_5"/>
            <SP ID="PAG_2_SP000085" HPOS="2340" VPOS="3399" WIDTH="24"/>
            <String HPOS="2364" VPOS="3399" HEIGHT="43" WIDTH="327" ID="PAG_2_ST000096" WC="1" CONTENT="MIA=HOL" STYLEREFS="TXT_5"/>
            <SP ID="PAG_2_SP000086" HPOS="2691" VPOS="3415" WIDTH="27"/>
            <String HPOS="2718" VPOS="3415" HEIGHT="27" WIDTH="51" ID="PAG_2_ST000097" WC="1" CONTENT="est" STYLEREFS="TXT_5"/>
            <SP ID="PAG_2_SP000087" HPOS="2769" VPOS="3420" WIDTH="21"/>
            <String HPOS="2790" VPOS="3420" HEIGHT="22" WIDTH="45" ID="PAG_2_ST000098" WC="1" CONTENT="un" STYLEREFS="TXT_5"/>
            <SP ID="PAG_2_SP000088" HPOS="2835" VPOS="3402" WIDTH="27"/>
            <String HPOS="2862" VPOS="3402" HEIGHT="39" WIDTH="115" ID="PAG_2_ST000099" WC="1" CONTENT="milieu" STYLEREFS="TXT_5"/>
            <SP ID="PAG_2_SP000089" HPOS="2977" VPOS="3402" WIDTH="21"/>
            <String HPOS="2998" VPOS="3402" HEIGHT="40" WIDTH="133" ID="PAG_2_ST000100" WC="1" CONTENT="naturel" STYLEREFS="TXT_5"/>
            <SP ID="PAG_2_SP000090" HPOS="3131" VPOS="3421" WIDTH="20"/>
            <String HPOS="3151" VPOS="3421" HEIGHT="26" WIDTH="7" ID="PAG_2_ST000101" WC="1" CONTENT=";" STYLEREFS="TXT_5"/>
            <SP ID="PAG_2_SP000091" HPOS="3158" VPOS="3403" WIDTH="30"/>
            <String HPOS="3188" VPOS="3403" HEIGHT="39" WIDTH="20" ID="PAG_2_ST000102" WC="1" CONTENT="il" STYLEREFS="TXT_5"/>
            <SP ID="PAG_2_SP000092" HPOS="3208" VPOS="3416" WIDTH="27"/>
            <String HPOS="3235" VPOS="3416" HEIGHT="37" WIDTH="151" ID="PAG_2_ST000103" WC="1" CONTENT="apporte" STYLEREFS="TXT_5"/>
          </TextLine>
          <TextLine HPOS="1768" VPOS="3463" HEIGHT="51" WIDTH="1616" ID="PAG_2_TL000012" STYLEREFS="TXT_5">
            <String HPOS="1768" VPOS="3483" HEIGHT="21" WIDTH="25" ID="PAG_2_ST000104" WC="0.00" CONTENT="m" STYLEREFS="TXT_5"/>
            <SP ID="PAG_2_SP000093" HPOS="1793" VPOS="3476" WIDTH="72"/>
            <String HPOS="1865" VPOS="3476" HEIGHT="28" WIDTH="92" ID="PAG_2_ST000105" WC="0.00" CONTENT="mi" STYLEREFS="TXT_5"/>
            <SP ID="PAG_2_SP000094" HPOS="1957" VPOS="3470" WIDTH="82"/>
            <String HPOS="2039" VPOS="3470" HEIGHT="34" WIDTH="18" ID="PAG_2_ST000106" WC="1" CONTENT="à" STYLEREFS="TXT_5"/>
            <SP ID="PAG_2_SP000095" HPOS="2057" VPOS="3465" WIDTH="23"/>
            <String HPOS="2080" VPOS="3465" HEIGHT="39" WIDTH="31" ID="PAG_2_ST000107" WC="0.78" CONTENT="fa" STYLEREFS="TXT_5"/>
            <SP ID="PAG_2_SP000096" HPOS="2111" VPOS="3482" WIDTH="19"/>
            <String HPOS="2130" VPOS="3482" HEIGHT="32" WIDTH="93" ID="PAG_2_ST000108" WC="1" CONTENT="peau" STYLEREFS="TXT_5"/>
            <SP ID="PAG_2_SP000097" HPOS="2223" VPOS="3464" WIDTH="25"/>
            <String HPOS="2248" VPOS="3464" HEIGHT="40" WIDTH="47" ID="PAG_2_ST000109" WC="1" CONTENT="les" STYLEREFS="TXT_5"/>
            <SP ID="PAG_2_SP000098" HPOS="2295" VPOS="3465" WIDTH="19"/>
            <String HPOS="2314" VPOS="3465" HEIGHT="39" WIDTH="172" ID="PAG_2_ST000110" WC="1" CONTENT="éléments" STYLEREFS="TXT_5"/>
            <SP ID="PAG_2_SP000099" HPOS="2486" VPOS="3463" WIDTH="20"/>
            <String HPOS="2506" VPOS="3463" HEIGHT="40" WIDTH="100" ID="PAG_2_ST000111" WC="1" CONTENT="utiles" STYLEREFS="TXT_5"/>
            <SP ID="PAG_2_SP000100" HPOS="2606" VPOS="3465" WIDTH="25"/>
            <String HPOS="2631" VPOS="3465" HEIGHT="47" WIDTH="60" ID="PAG_2_ST000112" WC="1" CONTENT="qui" STYLEREFS="TXT_5"/>
            <SP ID="PAG_2_SP000101" HPOS="2691" VPOS="3476" WIDTH="19"/>
            <String HPOS="2710" VPOS="3476" HEIGHT="27" WIDTH="154" ID="PAG_2_ST000113" WC="1" CONTENT="activent" STYLEREFS="TXT_5"/>
            <SP ID="PAG_2_SP000102" HPOS="2864" VPOS="3482" WIDTH="19"/>
            <String HPOS="2883" VPOS="3482" HEIGHT="22" WIDTH="37" ID="PAG_2_ST000114" WC="1" CONTENT="sa" STYLEREFS="TXT_5"/>
            <SP ID="PAG_2_SP000103" HPOS="2920" VPOS="3463" WIDTH="26"/>
            <String HPOS="2946" VPOS="3463" HEIGHT="41" WIDTH="131" ID="PAG_2_ST000115" WC="0.97" CONTENT="vitalité" STYLEREFS="TXT_5"/>
            <SP ID="PAG_2_SP000104" HPOS="3077" VPOS="3477" WIDTH="27"/>
            <String HPOS="3104" VPOS="3477" HEIGHT="27" WIDTH="33" ID="PAG_2_ST000116" WC="1" CONTENT="et" STYLEREFS="TXT_5"/>
            <SP ID="PAG_2_SP000105" HPOS="3137" VPOS="3465" WIDTH="21"/>
            <String HPOS="3158" VPOS="3465" HEIGHT="39" WIDTH="29" ID="PAG_2_ST000117" WC="1" CONTENT="la" STYLEREFS="TXT_5"/>
            <SP ID="PAG_2_SP000106" HPOS="3187" VPOS="3466" WIDTH="25"/>
            <String HPOS="3212" VPOS="3466" HEIGHT="40" WIDTH="172" ID="PAG_2_ST000118" WC="1" CONTENT="tonifient." STYLEREFS="TXT_5"/>
          </TextLine>
        </TextBlock>
        <TextBlock HPOS="1794" VPOS="3566" HEIGHT="78" WIDTH="114" ID="PAG_2_TB000005" TAGREFS="TAG_stockMarket" LANG="fr" STYLEREFS="TXT_6">
          <TextLine HPOS="1794" VPOS="3566" HEIGHT="78" WIDTH="114" ID="PAG_2_TL000013" STYLEREFS="TXT_6">
            <String HPOS="1794" VPOS="3566" HEIGHT="78" WIDTH="114" ID="PAG_2_ST000119" WC="0.00" CONTENT="1/" STYLEREFS="TXT_6"/>
          </TextLine>
        </TextBlock>
        <TextBlock HPOS="1823" VPOS="3619" HEIGHT="146" WIDTH="1560" ID="PAG_2_TB000006" TAGREFS="TAG_stockMarket" LANG="fr" STYLEREFS="TXT_4">
          <TextLine HPOS="1823" VPOS="3619" HEIGHT="60" WIDTH="1560" ID="PAG_2_TL000014" STYLEREFS="TXT_4">
            <String HPOS="1823" VPOS="3619" HEIGHT="46" WIDTH="58" ID="PAG_2_ST000120" WC="0.89" CONTENT="1/" STYLEREFS="TXT_4"/>
            <SP ID="PAG_2_SP000107" HPOS="1881" VPOS="3636" WIDTH="22"/>
            <String HPOS="1903" VPOS="3636" HEIGHT="34" WIDTH="108" ID="PAG_2_ST000121" WC="1" CONTENT="ous" STYLEREFS="TXT_4"/>
            <SP ID="PAG_2_SP000108" HPOS="2011" VPOS="3620" WIDTH="37"/>
            <String HPOS="2048" VPOS="3620" HEIGHT="49" WIDTH="284" ID="PAG_2_ST000122" WC="1" CONTENT="cherchez" STYLEREFS="TXT_4"/>
            <SP ID="PAG_2_SP000109" HPOS="2332" VPOS="3636" WIDTH="47"/>
            <String HPOS="2379" VPOS="3636" HEIGHT="33" WIDTH="78" ID="PAG_2_ST000123" WC="1" CONTENT="un" STYLEREFS="TXT_4"/>
            <SP ID="PAG_2_SP000110" HPOS="2457" VPOS="3622" WIDTH="49"/>
            <String HPOS="2506" VPOS="3622" HEIGHT="57" WIDTH="241" ID="PAG_2_ST000124" WC="1" CONTENT="produit" STYLEREFS="TXT_4"/>
            <SP ID="PAG_2_SP000111" HPOS="2747" VPOS="3620" WIDTH="42"/>
            <String HPOS="2789" VPOS="3620" HEIGHT="49" WIDTH="142" ID="PAG_2_ST000125" WC="0.99" CONTENT="d'un" STYLEREFS="TXT_4"/>
            <SP ID="PAG_2_SP000112" HPOS="2931" VPOS="3622" WIDTH="40"/>
            <String HPOS="2971" VPOS="3622" HEIGHT="57" WIDTH="143" ID="PAG_2_ST000126" WC="1" CONTENT="prix" STYLEREFS="TXT_4"/>
            <SP ID="PAG_2_SP000113" HPOS="3114" VPOS="3624" WIDTH="47"/>
            <String HPOS="3161" VPOS="3624" HEIGHT="46" WIDTH="222" ID="PAG_2_ST000127" WC="1" CONTENT="raison=" STYLEREFS="TXT_4"/>
          </TextLine>
          <TextLine HPOS="2045" VPOS="3718" HEIGHT="47" WIDTH="195" ID="PAG_2_TL000015" STYLEREFS="TXT_4">
            <String HPOS="2045" VPOS="3718" HEIGHT="47" WIDTH="195" ID="PAG_2_ST000128" WC="1" CONTENT="nable." STYLEREFS="TXT_4"/>
          </TextLine>
        </TextBlock>
        <TextBlock HPOS="2038" VPOS="3815" HEIGHT="167" WIDTH="1349" ID="PAG_2_TB000007" TAGREFS="TAG_stockMarket" LANG="fr" STYLEREFS="TXT_5">
          <TextLine HPOS="2042" VPOS="3815" HEIGHT="51" WIDTH="1341" ID="PAG_2_TL000016" STYLEREFS="TXT_5">
            <String HPOS="2042" VPOS="3817" HEIGHT="40" WIDTH="55" ID="PAG_2_ST000129" WC="1" CONTENT="La" STYLEREFS="TXT_5"/>
            <SP ID="PAG_2_SP000114" HPOS="2097" VPOS="3818" WIDTH="35"/>
            <String HPOS="2132" VPOS="3818" HEIGHT="40" WIDTH="96" ID="PAG_2_ST000130" WC="1" CONTENT="boîte" STYLEREFS="TXT_5"/>
            <SP ID="PAG_2_SP000115" HPOS="2228" VPOS="3816" WIDTH="29"/>
            <String HPOS="2257" VPOS="3816" HEIGHT="42" WIDTH="129" ID="PAG_2_ST000131" WC="1" CONTENT="d'essai" STYLEREFS="TXT_5"/>
            <SP ID="PAG_2_SP000116" HPOS="2386" VPOS="3818" WIDTH="36"/>
            <String HPOS="2422" VPOS="3818" HEIGHT="40" WIDTH="47" ID="PAG_2_ST000132" WC="1" CONTENT="de" STYLEREFS="TXT_5"/>
            <SP ID="PAG_2_SP000117" HPOS="2469" VPOS="3818" WIDTH="32"/>
            <String HPOS="2501" VPOS="3818" HEIGHT="39" WIDTH="25" ID="PAG_2_ST000133" WC="1" CONTENT="8" STYLEREFS="TXT_5"/>
            <SP ID="PAG_2_SP000118" HPOS="2526" VPOS="3819" WIDTH="30"/>
            <String HPOS="2556" VPOS="3819" HEIGHT="47" WIDTH="183" ID="PAG_2_ST000134" WC="1" CONTENT="ampoules" STYLEREFS="TXT_5"/>
            <SP ID="PAG_2_SP000119" HPOS="2739" VPOS="3830" WIDTH="32"/>
            <String HPOS="2771" VPOS="3830" HEIGHT="28" WIDTH="51" ID="PAG_2_ST000135" WC="1" CONTENT="est" STYLEREFS="TXT_5"/>
            <SP ID="PAG_2_SP000120" HPOS="2822" VPOS="3817" WIDTH="31"/>
            <String HPOS="2853" VPOS="3817" HEIGHT="41" WIDTH="143" ID="PAG_2_ST000136" WC="1" CONTENT="vendue" STYLEREFS="TXT_5"/>
            <SP ID="PAG_2_SP000121" HPOS="2996" VPOS="3845" WIDTH="12"/>
            <String HPOS="3008" VPOS="3845" HEIGHT="7" WIDTH="7" ID="PAG_2_ST000137" WC="0.22" CONTENT="-" STYLEREFS="TXT_5"/>
            <SP ID="PAG_2_SP000122" HPOS="3015" VPOS="3846" WIDTH="22"/>
            <String HPOS="3037" VPOS="3846" HEIGHT="6" WIDTH="7" ID="PAG_2_ST000138" WC="0.77" CONTENT="■" STYLEREFS="TXT_5"/>
            <SP ID="PAG_2_SP000123" HPOS="3044" VPOS="3844" WIDTH="20"/>
            <String HPOS="3064" VPOS="3844" HEIGHT="9" WIDTH="8" ID="PAG_2_ST000139" WC="0.81" CONTENT="•" STYLEREFS="TXT_5"/>
            <SP ID="PAG_2_SP000124" HPOS="3072" VPOS="3845" WIDTH="21"/>
            <String HPOS="3093" VPOS="3845" HEIGHT="7" WIDTH="7" ID="PAG_2_ST000140" WC="0.89" CONTENT="■" STYLEREFS="TXT_5"/>
            <SP ID="PAG_2_SP000125" HPOS="3100" VPOS="3815" WIDTH="75"/>
            <String HPOS="3175" VPOS="3815" HEIGHT="43" WIDTH="61" ID="PAG_2_ST000141" WC="1" CONTENT="10" STYLEREFS="TXT_5"/>
            <SP ID="PAG_2_SP000126" HPOS="3236" VPOS="3818" WIDTH="33"/>
            <String HPOS="3269" VPOS="3818" HEIGHT="41" WIDTH="114" ID="PAG_2_ST000142" WC="1" CONTENT="francs" STYLEREFS="TXT_5"/>
          </TextLine>
          <TextLine HPOS="2039" VPOS="3876" HEIGHT="53" WIDTH="1068" ID="PAG_2_TL000017" STYLEREFS="TXT_5">
            <String HPOS="2039" VPOS="3880" HEIGHT="40" WIDTH="56" ID="PAG_2_ST000143" WC="1" CONTENT="La" STYLEREFS="TXT_5"/>
            <SP ID="PAG_2_SP000127" HPOS="2095" VPOS="3879" WIDTH="35"/>
            <String HPOS="2130" VPOS="3879" HEIGHT="49" WIDTH="135" ID="PAG_2_ST000144" WC="1" CONTENT="grande" STYLEREFS="TXT_5"/>
            <SP ID="PAG_2_SP000128" HPOS="2265" VPOS="3880" WIDTH="36"/>
            <String HPOS="2301" VPOS="3880" HEIGHT="40" WIDTH="98" ID="PAG_2_ST000145" WC="1" CONTENT="boîte" STYLEREFS="TXT_5"/>
            <SP ID="PAG_2_SP000129" HPOS="2399" VPOS="3880" WIDTH="36"/>
            <String HPOS="2435" VPOS="3880" HEIGHT="40" WIDTH="46" ID="PAG_2_ST000146" WC="1" CONTENT="de" STYLEREFS="TXT_5"/>
            <SP ID="PAG_2_SP000130" HPOS="2481" VPOS="3879" WIDTH="38"/>
            <String HPOS="2519" VPOS="3879" HEIGHT="40" WIDTH="53" ID="PAG_2_ST000147" WC="1" CONTENT="20" STYLEREFS="TXT_5"/>
            <SP ID="PAG_2_SP000131" HPOS="2572" VPOS="3880" WIDTH="33"/>
            <String HPOS="2605" VPOS="3880" HEIGHT="49" WIDTH="185" ID="PAG_2_ST000148" WC="1" CONTENT="ampoules" STYLEREFS="TXT_5"/>
            <SP ID="PAG_2_SP000132" HPOS="2790" VPOS="3876" WIDTH="33"/>
            <String HPOS="2823" VPOS="3876" HEIGHT="46" WIDTH="73" ID="PAG_2_ST000149" WC="1" CONTENT="(20" STYLEREFS="TXT_5"/>
            <SP ID="PAG_2_SP000133" HPOS="2896" VPOS="3881" WIDTH="36"/>
            <String HPOS="2932" VPOS="3881" HEIGHT="46" WIDTH="93" ID="PAG_2_ST000150" WC="0.82" CONTENT="louis" STYLEREFS="TXT_5"/>
            <SP ID="PAG_2_SP000134" HPOS="3025" VPOS="3880" WIDTH="36"/>
            <String HPOS="3061" VPOS="3880" HEIGHT="40" WIDTH="46" ID="PAG_2_ST000151" WC="1" CONTENT="de" STYLEREFS="TXT_5"/>
          </TextLine>
          <TextLine HPOS="2038" VPOS="3940" HEIGHT="42" WIDTH="1349" ID="PAG_2_TL000018" STYLEREFS="TXT_5">
            <String HPOS="2038" VPOS="3942" HEIGHT="40" WIDTH="217" ID="PAG_2_ST000152" WC="1" CONTENT="traitement)" STYLEREFS="TXT_5"/>
            <SP ID="PAG_2_SP000135" HPOS="2255" VPOS="3954" WIDTH="31"/>
            <String HPOS="2286" VPOS="3954" HEIGHT="28" WIDTH="53" ID="PAG_2_ST000153" WC="1" CONTENT="est" STYLEREFS="TXT_5"/>
            <SP ID="PAG_2_SP000136" HPOS="2339" VPOS="3942" WIDTH="24"/>
            <String HPOS="2363" VPOS="3942" HEIGHT="40" WIDTH="144" ID="PAG_2_ST000154" WC="1" CONTENT="vendue" STYLEREFS="TXT_5"/>
            <SP ID="PAG_2_SP000137" HPOS="2507" VPOS="3963" WIDTH="10"/>
            <String HPOS="2517" VPOS="3963" HEIGHT="18" WIDTH="588" ID="PAG_2_ST000155" WC="0.04" CONTENT="......................" STYLEREFS="TXT_5"/>
            <SP ID="PAG_2_SP000138" HPOS="3105" VPOS="3940" WIDTH="69"/>
            <String HPOS="3174" VPOS="3940" HEIGHT="41" WIDTH="67" ID="PAG_2_ST000156" WC="1" CONTENT="25" STYLEREFS="TXT_7"/>
            <SP ID="PAG_2_SP000139" HPOS="3241" VPOS="3941" WIDTH="31"/>
            <String HPOS="3272" VPOS="3941" HEIGHT="41" WIDTH="115" ID="PAG_2_ST000157" WC="1" CONTENT="francs" STYLEREFS="TXT_5"/>
          </TextLine>
        </TextBlock>
        <Illustration ID="PAG_2_IL000002" HPOS="394" VPOS="4075" HEIGHT="477" WIDTH="3137"/>
        <TextBlock HPOS="750" VPOS="4592" HEIGHT="41" WIDTH="2446" ID="PAG_2_TB000008" TAGREFS="TAG_stockMarket" LANG="fr" STYLEREFS="TXT_5">
          <TextLine HPOS="750" VPOS="4592" HEIGHT="41" WIDTH="2446" ID="PAG_2_TL000019" STYLEREFS="TXT_5">
            <String HPOS="750" VPOS="4593" HEIGHT="32" WIDTH="113" ID="PAG_2_ST000158" WC="1" CONTENT="Pour" STYLEREFS="TXT_5"/>
            <SP ID="PAG_2_SP000140" HPOS="863" VPOS="4593" WIDTH="26"/>
            <String HPOS="889" VPOS="4593" HEIGHT="32" WIDTH="43" ID="PAG_2_ST000159" WC="1" CONTENT="la" STYLEREFS="TXT_5"/>
            <SP ID="PAG_2_SP000141" HPOS="932" VPOS="4593" WIDTH="20"/>
            <String HPOS="952" VPOS="4593" HEIGHT="40" WIDTH="210" ID="PAG_2_ST000160" WC="1" CONTENT="Belgique" STYLEREFS="TXT_5"/>
            <SP ID="PAG_2_SP000142" HPOS="1162" VPOS="4603" WIDTH="19"/>
            <String HPOS="1181" VPOS="4603" HEIGHT="22" WIDTH="9" ID="PAG_2_ST000161" WC="1" CONTENT=":" STYLEREFS="TXT_5"/>
            <SP ID="PAG_2_SP000143" HPOS="1190" VPOS="4593" WIDTH="27"/>
            <String HPOS="1217" VPOS="4593" HEIGHT="33" WIDTH="130" ID="PAG_2_ST000162" WC="1" CONTENT="Trois" STYLEREFS="TXT_5"/>
            <SP ID="PAG_2_SP000144" HPOS="1347" VPOS="4595" WIDTH="17"/>
            <String HPOS="1364" VPOS="4595" HEIGHT="32" WIDTH="186" ID="PAG_2_ST000163" WC="1" CONTENT="timbres" STYLEREFS="TXT_5"/>
            <SP ID="PAG_2_SP000145" HPOS="1550" VPOS="4594" WIDTH="20"/>
            <String HPOS="1570" VPOS="4594" HEIGHT="33" WIDTH="25" ID="PAG_2_ST000164" WC="1" CONTENT="à" STYLEREFS="TXT_5"/>
            <SP ID="PAG_2_SP000146" HPOS="1595" VPOS="4593" WIDTH="23"/>
            <String HPOS="1618" VPOS="4593" HEIGHT="33" WIDTH="24" ID="PAG_2_ST000165" WC="1" CONTENT="0" STYLEREFS="TXT_5"/>
            <SP ID="PAG_2_SP000147" HPOS="1642" VPOS="4595" WIDTH="23"/>
            <String HPOS="1665" VPOS="4595" HEIGHT="32" WIDTH="52" ID="PAG_2_ST000166" WC="1" CONTENT="fr." STYLEREFS="TXT_5"/>
            <SP ID="PAG_2_SP000148" HPOS="1717" VPOS="4594" WIDTH="30"/>
            <String HPOS="1747" VPOS="4594" HEIGHT="33" WIDTH="54" ID="PAG_2_ST000167" WC="1" CONTENT="70" STYLEREFS="TXT_5"/>
            <SP ID="PAG_2_SP000149" HPOS="1801" VPOS="4594" WIDTH="31"/>
            <String HPOS="1832" VPOS="4594" HEIGHT="32" WIDTH="25" ID="PAG_2_ST000168" WC="1" CONTENT="à" STYLEREFS="TXT_5"/>
            <SP ID="PAG_2_SP000150" HPOS="1857" VPOS="4594" WIDTH="25"/>
            <String HPOS="1882" VPOS="4594" HEIGHT="33" WIDTH="55" ID="PAG_2_ST000169" WC="1" CONTENT="M." STYLEREFS="TXT_5"/>
            <SP ID="PAG_2_SP000151" HPOS="1937" VPOS="4596" WIDTH="30"/>
            <String HPOS="1967" VPOS="4596" HEIGHT="31" WIDTH="155" ID="PAG_2_ST000170" WC="1" CONTENT="André" STYLEREFS="TXT_5"/>
            <SP ID="PAG_2_SP000152" HPOS="2122" VPOS="4594" WIDTH="29"/>
            <String HPOS="2151" VPOS="4594" HEIGHT="37" WIDTH="167" ID="PAG_2_ST000171" WC="0.97" CONTENT="NOEL," STYLEREFS="TXT_5"/>
            <SP ID="PAG_2_SP000153" HPOS="2318" VPOS="4594" WIDTH="29"/>
            <String HPOS="2347" VPOS="4594" HEIGHT="37" WIDTH="70" ID="PAG_2_ST000172" WC="1" CONTENT="22," STYLEREFS="TXT_5"/>
            <SP ID="PAG_2_SP000154" HPOS="2417" VPOS="4604" WIDTH="28"/>
            <String HPOS="2445" VPOS="4604" HEIGHT="22" WIDTH="79" ID="PAG_2_ST000173" WC="1" CONTENT="rue" STYLEREFS="TXT_5"/>
            <SP ID="PAG_2_SP000155" HPOS="2524" VPOS="4594" WIDTH="31"/>
            <String HPOS="2555" VPOS="4594" HEIGHT="32" WIDTH="98" ID="PAG_2_ST000174" WC="1" CONTENT="Van" STYLEREFS="TXT_5"/>
            <SP ID="PAG_2_SP000156" HPOS="2653" VPOS="4594" WIDTH="29"/>
            <String HPOS="2682" VPOS="4594" HEIGHT="36" WIDTH="183" ID="PAG_2_ST000175" WC="1" CONTENT="Schoor," STYLEREFS="TXT_5"/>
            <SP ID="PAG_2_SP000157" HPOS="2865" VPOS="4593" WIDTH="29"/>
            <String HPOS="2894" VPOS="4593" HEIGHT="33" WIDTH="240" ID="PAG_2_ST000176" WC="1" CONTENT="Bruxelles" STYLEREFS="TXT_5"/>
            <SP ID="PAG_2_SP000158" HPOS="3134" VPOS="4592" WIDTH="22"/>
            <String HPOS="3156" VPOS="4592" HEIGHT="33" WIDTH="40" ID="PAG_2_ST000177" WC="1" CONTENT="3." STYLEREFS="TXT_5"/>
          </TextLine>
        </TextBlock>
        <TextBlock HPOS="607" VPOS="4654" HEIGHT="39" WIDTH="2747" ID="PAG_2_TB000009" TAGREFS="TAG_stockMarket" LANG="fr" STYLEREFS="TXT_5">
          <TextLine HPOS="607" VPOS="4654" HEIGHT="39" WIDTH="2747" ID="PAG_2_TL000020" STYLEREFS="TXT_5">
            <String HPOS="607" VPOS="4655" HEIGHT="32" WIDTH="113" ID="PAG_2_ST000178" WC="1" CONTENT="Pour" STYLEREFS="TXT_5"/>
            <SP ID="PAG_2_SP000159" HPOS="720" VPOS="4655" WIDTH="21"/>
            <String HPOS="741" VPOS="4655" HEIGHT="31" WIDTH="42" ID="PAG_2_ST000179" WC="1" CONTENT="la" STYLEREFS="TXT_5"/>
            <SP ID="PAG_2_SP000160" HPOS="783" VPOS="4654" WIDTH="28"/>
            <String HPOS="811" VPOS="4654" HEIGHT="33" WIDTH="157" ID="PAG_2_ST000180" WC="1" CONTENT="Suisse" STYLEREFS="TXT_5"/>
            <SP ID="PAG_2_SP000161" HPOS="968" VPOS="4667" WIDTH="24"/>
            <String HPOS="992" VPOS="4667" HEIGHT="22" WIDTH="8" ID="PAG_2_ST000181" WC="1" CONTENT=":" STYLEREFS="TXT_5"/>
            <SP ID="PAG_2_SP000162" HPOS="1000" VPOS="4654" WIDTH="31"/>
            <String HPOS="1031" VPOS="4654" HEIGHT="38" WIDTH="164" ID="PAG_2_ST000182" WC="1" CONTENT="Quatre" STYLEREFS="TXT_5"/>
            <SP ID="PAG_2_SP000163" HPOS="1195" VPOS="4657" WIDTH="22"/>
            <String HPOS="1217" VPOS="4657" HEIGHT="30" WIDTH="185" ID="PAG_2_ST000183" WC="1" CONTENT="timbres" STYLEREFS="TXT_5"/>
            <SP ID="PAG_2_SP000164" HPOS="1402" VPOS="4656" WIDTH="21"/>
            <String HPOS="1423" VPOS="4656" HEIGHT="31" WIDTH="24" ID="PAG_2_ST000184" WC="1" CONTENT="à" STYLEREFS="TXT_5"/>
            <SP ID="PAG_2_SP000165" HPOS="1447" VPOS="4655" WIDTH="23"/>
            <String HPOS="1470" VPOS="4655" HEIGHT="33" WIDTH="23" ID="PAG_2_ST000185" WC="1" CONTENT="0" STYLEREFS="TXT_5"/>
            <SP ID="PAG_2_SP000166" HPOS="1493" VPOS="4656" WIDTH="25"/>
            <String HPOS="1518" VPOS="4656" HEIGHT="33" WIDTH="50" ID="PAG_2_ST000186" WC="1" CONTENT="fr." STYLEREFS="TXT_5"/>
            <SP ID="PAG_2_SP000167" HPOS="1568" VPOS="4655" WIDTH="28"/>
            <String HPOS="1596" VPOS="4655" HEIGHT="34" WIDTH="51" ID="PAG_2_ST000187" WC="1" CONTENT="10" STYLEREFS="TXT_5"/>
            <SP ID="PAG_2_SP000168" HPOS="1647" VPOS="4657" WIDTH="24"/>
            <String HPOS="1671" VPOS="4657" HEIGHT="32" WIDTH="25" ID="PAG_2_ST000188" WC="1" CONTENT="à" STYLEREFS="TXT_5"/>
            <SP ID="PAG_2_SP000169" HPOS="1696" VPOS="4656" WIDTH="22"/>
            <String HPOS="1718" VPOS="4656" HEIGHT="33" WIDTH="102" ID="PAG_2_ST000189" WC="1" CONTENT="MM." STYLEREFS="TXT_5"/>
            <SP ID="PAG_2_SP000170" HPOS="1820" VPOS="4655" WIDTH="22"/>
            <String HPOS="1842" VPOS="4655" HEIGHT="37" WIDTH="590" ID="PAG_2_ST000190" WC="1" CONTENT="UHLMANN-EYRAUD," STYLEREFS="TXT_5"/>
            <SP ID="PAG_2_SP000171" HPOS="2432" VPOS="4654" WIDTH="31"/>
            <String HPOS="2463" VPOS="4654" HEIGHT="39" WIDTH="69" ID="PAG_2_ST000191" WC="1" CONTENT="30," STYLEREFS="TXT_5"/>
            <SP ID="PAG_2_SP000172" HPOS="2532" VPOS="4655" WIDTH="29"/>
            <String HPOS="2561" VPOS="4655" HEIGHT="33" WIDTH="247" ID="PAG_2_ST000192" WC="1" CONTENT="boulevard" STYLEREFS="TXT_5"/>
            <SP ID="PAG_2_SP000173" HPOS="2808" VPOS="4656" WIDTH="27"/>
            <String HPOS="2835" VPOS="4656" HEIGHT="31" WIDTH="52" ID="PAG_2_ST000193" WC="1" CONTENT="de" STYLEREFS="TXT_5"/>
            <SP ID="PAG_2_SP000174" HPOS="2887" VPOS="4656" WIDTH="29"/>
            <String HPOS="2916" VPOS="4656" HEIGHT="30" WIDTH="42" ID="PAG_2_ST000194" WC="1" CONTENT="la" STYLEREFS="TXT_5"/>
            <SP ID="PAG_2_SP000175" HPOS="2958" VPOS="4654" WIDTH="26"/>
            <String HPOS="2984" VPOS="4654" HEIGHT="37" WIDTH="150" ID="PAG_2_ST000195" WC="1" CONTENT="Cluse," STYLEREFS="TXT_5"/>
            <SP ID="PAG_2_SP000176" HPOS="3134" VPOS="4654" WIDTH="28"/>
            <String HPOS="3162" VPOS="4654" HEIGHT="33" WIDTH="192" ID="PAG_2_ST000196" WC="1" CONTENT="Genève." STYLEREFS="TXT_5"/>
          </TextLine>
        </TextBlock>
      </PrintSpace>
    </Page>
  </Layout>
</alto>