<?xml version="1.0" encoding="UTF-8"?>
<alto xmlns="http://www.loc.gov/standards/alto/ns-v3#" xmlns:xsi="http://www.w3.org/2001/XMLSchema-instance" SCHEMAVERSION="alto_bnf-v2_0" xsi:schemaLocation="http://www.loc.gov/standards/alto/ns-v3# http://bibnum.bnf.fr/schema/alto_bnf-v2_0.xsd" xmlns:xlink="http://www.w3.org/TR/xlink">
  <Description>
    <MeasurementUnit>pixel</MeasurementUnit>
    <sourceImageInformation>
      <fileName>00000021.jp2</fileName>
      <fileIdentifier>ark:/12148/bpt6k47010350/f21</fileIdentifier>
      <documentIdentifier documentIdentifierLocation="NUM">4701035</documentIdentifier>
    </sourceImageInformation>
    <OCRProcessing ID="OCR_1">
      <ocrProcessingStep>
        <processingDateTime>2019-01-31</processingDateTime>
        <processingStepDescription>[001_OCR_BRUT]OCR BRUT 99.82 %</processingStepDescription>
        <processingStepDescription>[002_CHARS]{98}</processingStepDescription>
        <processingStepDescription>[003_CHARS_USED]{0}</processingStepDescription>
        <processingStepDescription>[004_CHARS_SUSPECTS_USED]{0}</processingStepDescription>
        <processingStepDescription>[005_CHARS_UNUSED]{98}</processingStepDescription>
        <processingStepDescription>[006_CHARS_SUSPECTS_UNUSED]{0}</processingStepDescription>
        <processingStepDescription>[007_STRINGS]{18}</processingStepDescription>
        <processingStepDescription>[008_STRINGS_USED]{0}</processingStepDescription>
        <processingStepDescription>[009_STRINGS_SUSPECTS_UNUSED]{0}</processingStepDescription>
        <processingStepDescription>[010_CHARS_LETTERS]{95}</processingStepDescription>
        <processingStepDescription>[011_CHARS_PUNCTUATION]{3}</processingStepDescription>
        <processingStepDescription>[012_CHARS_DIGITS]{0}</processingStepDescription>
        <processingStepDescription>[013_CHARS_SUSPECT]{0}</processingStepDescription>
        <processingStepDescription>[022_CHARS_UNUSED_BY_BLOCK]{0}</processingStepDescription>
        <processingStepDescription>[023_BLOCKS_SUSPECTS]{0}</processingStepDescription>
        <processingStepDescription>[111_LIGS_DETECTED_CURV]{0}</processingStepDescription>
      </ocrProcessingStep>
    </OCRProcessing>
  </Description>
  <Styles>
    <TextStyle FONTSIZE="7" ID="TXT_3" FONTFAMILY="Times"/>
  </Styles>
  <Tags/>
  <Layout>
    <Page ID="PAG_21" HEIGHT="4983" WIDTH="7522" PHYSICAL_IMG_NR="21" QUALITY="OK" ACCURACY="100.00">
      <PrintSpace HPOS="529" VPOS="471" HEIGHT="4202" WIDTH="6783" ID="PAG_21_PrintSpace">
        <ComposedBlock ID="PAG_21_CB000001" HPOS="529" VPOS="471" HEIGHT="4202" WIDTH="6783">
        <TextBlock HPOS="1696" VPOS="471" HEIGHT="127" WIDTH="1711" ID="PAG_21_TB000001" LANG="fr" STYLEREFS="TXT_3">
          <TextLine HPOS="1696" VPOS="471" HEIGHT="49" WIDTH="1711" ID="PAG_21_TL000001" STYLEREFS="TXT_3">
            <String HPOS="1696" VPOS="483" HEIGHT="33" WIDTH="58" ID="PAG_21_ST000001" WC="1" CONTENT="LA" STYLEREFS="TXT_3"/>
            <SP ID="PAG_21_SP000001" HPOS="1754" VPOS="483" WIDTH="21"/>
            <String HPOS="1775" VPOS="483" HEIGHT="35" WIDTH="196" ID="PAG_21_ST000002" WC="1" CONTENT="NATURE" STYLEREFS="TXT_3"/>
            <SP ID="PAG_21_SP000002" HPOS="1971" VPOS="471" WIDTH="24"/>
            <String HPOS="1995" VPOS="471" HEIGHT="46" WIDTH="142" ID="PAG_21_ST000003" WC="1" CONTENT="REVÊT" STYLEREFS="TXT_3"/>
            <SP ID="PAG_21_SP000003" HPOS="2137" VPOS="482" WIDTH="22"/>
            <String HPOS="2159" VPOS="482" HEIGHT="35" WIDTH="62" ID="PAG_21_ST000004" WC="1" CONTENT="SA" STYLEREFS="TXT_3"/>
            <SP ID="PAG_21_SP000004" HPOS="2221" VPOS="482" WIDTH="22"/>
            <String HPOS="2243" VPOS="482" HEIGHT="34" WIDTH="117" ID="PAG_21_ST000005" WC="1" CONTENT="PLUS" STYLEREFS="TXT_3"/>
            <SP ID="PAG_21_SP000005" HPOS="2360" VPOS="481" WIDTH="22"/>
            <String HPOS="2382" VPOS="481" HEIGHT="35" WIDTH="208" ID="PAG_21_ST000006" WC="1" CONTENT="FRAICHE" STYLEREFS="TXT_3"/>
            <SP ID="PAG_21_SP000006" HPOS="2590" VPOS="480" WIDTH="23"/>
            <String HPOS="2613" VPOS="480" HEIGHT="35" WIDTH="207" ID="PAG_21_ST000007" WC="1" CONTENT="PARURE." STYLEREFS="TXT_3"/>
            <SP ID="PAG_21_SP000007" HPOS="2820" VPOS="480" WIDTH="18"/>
            <String HPOS="2838" VPOS="480" HEIGHT="35" WIDTH="139" ID="PAG_21_ST000008" WC="1" CONTENT="POUR" STYLEREFS="TXT_3"/>
            <SP ID="PAG_21_SP000008" HPOS="2977" VPOS="480" WIDTH="23"/>
            <String HPOS="3000" VPOS="480" HEIGHT="40" WIDTH="227" ID="PAG_21_ST000009" WC="1" CONTENT="L'IMITER," STYLEREFS="TXT_3"/>
            <SP ID="PAG_21_SP000009" HPOS="3227" VPOS="480" WIDTH="18"/>
            <String HPOS="3245" VPOS="480" HEIGHT="35" WIDTH="162" ID="PAG_21_ST000010" WC="1" CONTENT="FAITES" STYLEREFS="TXT_3"/>
          </TextLine>
          <TextLine HPOS="1697" VPOS="548" HEIGHT="50" WIDTH="1709" ID="PAG_21_TL000002" STYLEREFS="TXT_3">
            <String HPOS="1697" VPOS="557" HEIGHT="41" WIDTH="180" ID="PAG_21_ST000011" WC="0.98" CONTENT="ÉCLORE" STYLEREFS="TXT_3"/>
            <SP ID="PAG_21_SP000010" HPOS="1877" VPOS="563" WIDTH="41"/>
            <String HPOS="1918" VPOS="563" HEIGHT="34" WIDTH="56" ID="PAG_21_ST000012" WC="1" CONTENT="DE" STYLEREFS="TXT_3"/>
            <SP ID="PAG_21_SP000011" HPOS="1974" VPOS="562" WIDTH="45"/>
            <String HPOS="2019" VPOS="562" HEIGHT="36" WIDTH="106" ID="PAG_21_ST000013" WC="1" CONTENT="VOS" STYLEREFS="TXT_3"/>
            <SP ID="PAG_21_SP000012" HPOS="2125" VPOS="562" WIDTH="37"/>
            <String HPOS="2162" VPOS="562" HEIGHT="35" WIDTH="218" ID="PAG_21_ST000014" WC="1" CONTENT="ANCIENS" STYLEREFS="TXT_3"/>
            <SP ID="PAG_21_SP000013" HPOS="2380" VPOS="548" WIDTH="38"/>
            <String HPOS="2418" VPOS="548" HEIGHT="48" WIDTH="283" ID="PAG_21_ST000015" WC="1" CONTENT="VÊTEMENTS" STYLEREFS="TXT_3"/>
            <SP ID="PAG_21_SP000014" HPOS="2701" VPOS="561" WIDTH="40"/>
            <String HPOS="2741" VPOS="561" HEIGHT="35" WIDTH="85" ID="PAG_21_ST000016" WC="1" CONTENT="DES" STYLEREFS="TXT_3"/>
            <SP ID="PAG_21_SP000015" HPOS="2826" VPOS="559" WIDTH="40"/>
            <String HPOS="2866" VPOS="559" HEIGHT="35" WIDTH="220" ID="PAG_21_ST000017" WC="1" CONTENT="PARURES" STYLEREFS="TXT_3"/>
            <SP ID="PAG_21_SP000016" HPOS="3086" VPOS="560" WIDTH="33"/>
            <String HPOS="3119" VPOS="560" HEIGHT="36" WIDTH="287" ID="PAG_21_ST000018" WC="1" CONTENT="NOUVELLES" STYLEREFS="TXT_3"/>
          </TextLine>
        </TextBlock>
        <Illustration ID="PAG_21_IL000001" HPOS="529" VPOS="639" HEIGHT="4034" WIDTH="6783"/>
        </ComposedBlock>
      </PrintSpace>
    </Page>
  </Layout>
</alto>