<?xml version="1.0" encoding="UTF-8"?>
<alto xmlns="http://www.loc.gov/standards/alto/ns-v3#" xmlns:xsi="http://www.w3.org/2001/XMLSchema-instance" SCHEMAVERSION="alto_bnf-v2_0" xsi:schemaLocation="http://www.loc.gov/standards/alto/ns-v3# http://bibnum.bnf.fr/schema/alto_bnf-v2_0.xsd" xmlns:xlink="http://www.w3.org/TR/xlink">
  <Description>
    <MeasurementUnit>pixel</MeasurementUnit>
    <sourceImageInformation>
      <fileName>00000046.jp2</fileName>
      <fileIdentifier>ark:/12148/bpt6k47010350/f46</fileIdentifier>
      <documentIdentifier documentIdentifierLocation="NUM">4701035</documentIdentifier>
    </sourceImageInformation>
    <OCRProcessing ID="OCR_1">
      <ocrProcessingStep>
        <processingDateTime>2019-01-31</processingDateTime>
        <processingStepDescription>[001_OCR_BRUT]OCR BRUT 70.02 %</processingStepDescription>
        <processingStepDescription>[002_CHARS]{1397}</processingStepDescription>
        <processingStepDescription>[003_CHARS_USED]{35}</processingStepDescription>
        <processingStepDescription>[004_CHARS_SUSPECTS_USED]{0}</processingStepDescription>
        <processingStepDescription>[005_CHARS_UNUSED]{1362}</processingStepDescription>
        <processingStepDescription>[006_CHARS_SUSPECTS_UNUSED]{0}</processingStepDescription>
        <processingStepDescription>[007_STRINGS]{336}</processingStepDescription>
        <processingStepDescription>[008_STRINGS_USED]{10}</processingStepDescription>
        <processingStepDescription>[009_STRINGS_SUSPECTS_UNUSED]{0}</processingStepDescription>
        <processingStepDescription>[010_CHARS_LETTERS]{1236}</processingStepDescription>
        <processingStepDescription>[011_CHARS_PUNCTUATION]{124}</processingStepDescription>
        <processingStepDescription>[012_CHARS_DIGITS]{26}</processingStepDescription>
        <processingStepDescription>[013_CHARS_SUSPECT]{0}</processingStepDescription>
        <processingStepDescription>[022_CHARS_UNUSED_BY_BLOCK]{0}</processingStepDescription>
        <processingStepDescription>[023_BLOCKS_SUSPECTS]{0}</processingStepDescription>
        <processingStepDescription>[111_LIGS_DETECTED_CURV]{0}</processingStepDescription>
      </ocrProcessingStep>
    </OCRProcessing>
  </Description>
  <Styles>
    <TextStyle FONTSIZE="7" ID="TXT_3" FONTFAMILY="Times"/>
    <TextStyle FONTSIZE="5" ID="TXT_10" FONTFAMILY="Arial"/>
    <TextStyle FONTSIZE="4" ID="TXT_11" FONTFAMILY="Arial"/>
    <TextStyle FONTSIZE="9" ID="TXT_17" FONTFAMILY="Arial"/>
    <TextStyle FONTSIZE="7" ID="TXT_18" FONTFAMILY="Arial"/>
    <TextStyle FONTSIZE="12" ID="TXT_33" FONTFAMILY="Arial"/>
  </Styles>
  <Tags>
    <StructureTag DESCRIPTION="ENTRE NOUS" TYPE="Structural" ID="TAG_ST001" LABEL="title"/>
    <StructureTag DESCRIPTION="1° SOLUTION DU PROBLEME DE LA PAGE 40." TYPE="Structural" ID="TAG_ST002" LABEL="subtitle"/>
    <LayoutTag TYPE="Content" ID="TAG_advertisement" LABEL="advertisement"/>
  </Tags>
  <Layout>
    <Page ID="PAG_46" HEIGHT="4983" WIDTH="3865" PHYSICAL_IMG_NR="46" QUALITY="OK" ACCURACY="99.86">
      <PrintSpace HPOS="322" VPOS="287" HEIGHT="4276" WIDTH="3179" ID="PAG_46_PrintSpace">
        <TextBlock HPOS="666" VPOS="845" HEIGHT="131" WIDTH="138" ID="PAG_46_TB000001" TAGREFS="TAG_advertisement" LANG="fr" STYLEREFS="TXT_3">
          <TextLine HPOS="666" VPOS="845" HEIGHT="131" WIDTH="138" ID="PAG_46_TL000001" STYLEREFS="TXT_3">
            <String HPOS="666" VPOS="897" HEIGHT="62" WIDTH="51" ID="PAG_46_ST000001" WC="0.04" CONTENT="t»" STYLEREFS="TXT_3"/>
            <SP ID="PAG_46_SP000001" HPOS="717" VPOS="845" WIDTH="24"/>
            <String HPOS="741" VPOS="845" HEIGHT="131" WIDTH="63" ID="PAG_46_ST000002" WC="0.00" CONTENT=")" STYLEREFS="TXT_3"/>
          </TextLine>
        </TextBlock>
        <TextBlock HPOS="741" VPOS="969" HEIGHT="40" WIDTH="10" ID="PAG_46_TB000002" TAGREFS="TAG_advertisement" LANG="fr" STYLEREFS="TXT_3">
          <TextLine HPOS="741" VPOS="969" HEIGHT="40" WIDTH="10" ID="PAG_46_TL000002" STYLEREFS="TXT_3">
            <String HPOS="741" VPOS="969" HEIGHT="40" WIDTH="10" ID="PAG_46_ST000003" WC="0.00" CONTENT="\" STYLEREFS="TXT_3"/>
          </TextLine>
        </TextBlock>
        <TextBlock HPOS="651" VPOS="1497" HEIGHT="77" WIDTH="113" ID="PAG_46_TB000003" TAGREFS="TAG_advertisement" LANG="fr" STYLEREFS="TXT_10">
          <TextLine HPOS="662" VPOS="1497" HEIGHT="24" WIDTH="102" ID="PAG_46_TL000003" STYLEREFS="TXT_10">
            <String HPOS="662" VPOS="1504" HEIGHT="17" WIDTH="6" ID="PAG_46_ST000004" WC="0.00" CONTENT="I" STYLEREFS="TXT_10"/>
            <SP ID="PAG_46_SP000002" HPOS="668" VPOS="1497" WIDTH="90"/>
            <String HPOS="758" VPOS="1497" HEIGHT="24" WIDTH="6" ID="PAG_46_ST000005" WC="0.00" CONTENT="i" STYLEREFS="TXT_10"/>
          </TextLine>
          <TextLine HPOS="651" VPOS="1523" HEIGHT="51" WIDTH="12" ID="PAG_46_TL000004" STYLEREFS="TXT_33">
            <String HPOS="651" VPOS="1523" HEIGHT="51" WIDTH="12" ID="PAG_46_ST000006" WC="0.00" CONTENT="I" STYLEREFS="TXT_33"/>
          </TextLine>
        </TextBlock>
        <TextBlock HPOS="410" VPOS="2046" HEIGHT="128" WIDTH="642" ID="PAG_46_TB000004" TAGREFS="TAG_advertisement" LANG="fr" STYLEREFS="TXT_10">
          <TextLine HPOS="410" VPOS="2046" HEIGHT="35" WIDTH="642" ID="PAG_46_TL000005" STYLEREFS="TXT_10">
            <String HPOS="410" VPOS="2046" HEIGHT="35" WIDTH="557" ID="PAG_46_ST000007" WC="0.00" CONTENT="^SON" STYLEREFS="TXT_10"/>
            <SP ID="PAG_46_SP000003" HPOS="967" VPOS="2056" WIDTH="9"/>
            <String HPOS="976" VPOS="2056" HEIGHT="16" WIDTH="40" ID="PAG_46_ST000008" WC="0.44" CONTENT="ITUI" STYLEREFS="TXT_10"/>
            <SP ID="PAG_46_SP000004" HPOS="1016" VPOS="2059" WIDTH="11"/>
            <String HPOS="1027" VPOS="2059" HEIGHT="13" WIDTH="25" ID="PAG_46_ST000009" WC="0.00" CONTENT="o*" STYLEREFS="TXT_10"/>
          </TextLine>
          <TextLine HPOS="922" VPOS="2081" HEIGHT="16" WIDTH="127" ID="PAG_46_TL000006" STYLEREFS="TXT_10">
            <String HPOS="922" VPOS="2081" HEIGHT="16" WIDTH="56" ID="PAG_46_ST000010" WC="0.00" CONTENT="G*AV(" STYLEREFS="TXT_10"/>
            <SP ID="PAG_46_SP000005" HPOS="978" VPOS="2084" WIDTH="8"/>
            <String HPOS="986" VPOS="2084" HEIGHT="13" WIDTH="63" ID="PAG_46_ST000011" WC="0.00" CONTENT="M»**" STYLEREFS="TXT_10"/>
          </TextLine>
          <TextLine HPOS="959" VPOS="2109" HEIGHT="15" WIDTH="91" ID="PAG_46_TL000007" STYLEREFS="TXT_10">
            <String HPOS="959" VPOS="2109" HEIGHT="15" WIDTH="91" ID="PAG_46_ST000012" WC="0.09" CONTENT="'tisuci" STYLEREFS="TXT_10"/>
          </TextLine>
          <TextLine HPOS="923" VPOS="2134" HEIGHT="15" WIDTH="128" ID="PAG_46_TL000008" STYLEREFS="TXT_11">
            <String HPOS="923" VPOS="2136" HEIGHT="10" WIDTH="11" ID="PAG_46_ST000013" WC="0.5" CONTENT="a" STYLEREFS="TXT_10"/>
            <SP ID="PAG_46_SP000006" HPOS="934" VPOS="2134" WIDTH="13"/>
            <String HPOS="947" VPOS="2134" HEIGHT="15" WIDTH="56" ID="PAG_46_ST000014" WC="0.25" CONTENT="ota" STYLEREFS="TXT_11"/>
            <SP ID="PAG_46_SP000007" HPOS="1003" VPOS="2135" WIDTH="15"/>
            <String HPOS="1018" VPOS="2135" HEIGHT="14" WIDTH="33" ID="PAG_46_ST000015" WC="0.00" CONTENT="ou" STYLEREFS="TXT_11"/>
          </TextLine>
          <TextLine HPOS="922" VPOS="2160" HEIGHT="14" WIDTH="123" ID="PAG_46_TL000009" STYLEREFS="TXT_10">
            <String HPOS="922" VPOS="2160" HEIGHT="13" WIDTH="36" ID="PAG_46_ST000016" WC="0.00" CONTENT="5fH" STYLEREFS="TXT_10"/>
            <SP ID="PAG_46_SP000008" HPOS="958" VPOS="2160" WIDTH="15"/>
            <String HPOS="973" VPOS="2160" HEIGHT="14" WIDTH="72" ID="PAG_46_ST000017" WC="0.00" CONTENT="MMWT" STYLEREFS="TXT_10"/>
          </TextLine>
        </TextBlock>
        <TextBlock HPOS="426" VPOS="2199" HEIGHT="66" WIDTH="639" ID="PAG_46_TB000005" TAGREFS="TAG_advertisement" LANG="fr" STYLEREFS="TXT_10">
          <TextLine HPOS="426" VPOS="2199" HEIGHT="66" WIDTH="639" ID="PAG_46_TL000010" STYLEREFS="TXT_10">
            <String HPOS="426" VPOS="2244" HEIGHT="19" WIDTH="82" ID="PAG_46_ST000018" WC="0.12" CONTENT="-«--»-&gt;" STYLEREFS="TXT_11"/>
            <SP ID="PAG_46_SP000009" HPOS="508" VPOS="2212" WIDTH="142"/>
            <String HPOS="650" VPOS="2212" HEIGHT="53" WIDTH="156" ID="PAG_46_ST000019" WC="0.00" CONTENT="-ki'nJeJ" STYLEREFS="TXT_10"/>
            <SP ID="PAG_46_SP000010" HPOS="806" VPOS="2199" WIDTH="8"/>
            <String HPOS="814" VPOS="2199" HEIGHT="66" WIDTH="251" ID="PAG_46_ST000020" WC="0.00" CONTENT="n*Lét*Adhâ" STYLEREFS="TXT_10"/>
          </TextLine>
        </TextBlock>
        <TextBlock HPOS="370" VPOS="2331" HEIGHT="18" WIDTH="55" ID="PAG_46_TB000006" TAGREFS="TAG_advertisement" LANG="fr" STYLEREFS="TXT_10">
          <TextLine HPOS="370" VPOS="2331" HEIGHT="18" WIDTH="55" ID="PAG_46_TL000011" STYLEREFS="TXT_10">
            <String HPOS="370" VPOS="2331" HEIGHT="18" WIDTH="55" ID="PAG_46_ST000021" WC="0.00" CONTENT="....." STYLEREFS="TXT_10"/>
          </TextLine>
        </TextBlock>
        <TextBlock HPOS="569" VPOS="2355" HEIGHT="10" WIDTH="6" ID="PAG_46_TB000007" TAGREFS="TAG_advertisement" LANG="fr" STYLEREFS="TXT_10">
          <TextLine HPOS="569" VPOS="2355" HEIGHT="10" WIDTH="6" ID="PAG_46_TL000012" STYLEREFS="TXT_10">
            <String HPOS="569" VPOS="2355" HEIGHT="10" WIDTH="6" ID="PAG_46_ST000022" WC="0.00" CONTENT="(" STYLEREFS="TXT_10"/>
          </TextLine>
        </TextBlock>
        <TextBlock HPOS="451" VPOS="2364" HEIGHT="29" WIDTH="520" ID="PAG_46_TB000008" TAGREFS="TAG_advertisement" LANG="fr" STYLEREFS="TXT_10">
          <TextLine HPOS="451" VPOS="2364" HEIGHT="29" WIDTH="520" ID="PAG_46_TL000013" STYLEREFS="TXT_10">
            <String HPOS="451" VPOS="2381" HEIGHT="5" WIDTH="7" ID="PAG_46_ST000023" WC="0.00" CONTENT="-" STYLEREFS="TXT_10"/>
            <SP ID="PAG_46_SP000011" HPOS="458" VPOS="2373" WIDTH="149"/>
            <String HPOS="607" VPOS="2373" HEIGHT="7" WIDTH="6" ID="PAG_46_ST000024" WC="0.00" CONTENT="*" STYLEREFS="TXT_10"/>
            <SP ID="PAG_46_SP000012" HPOS="613" VPOS="2382" WIDTH="117"/>
            <String HPOS="730" VPOS="2382" HEIGHT="11" WIDTH="15" ID="PAG_46_ST000025" WC="0.00" CONTENT="-*" STYLEREFS="TXT_10"/>
            <SP ID="PAG_46_SP000013" HPOS="745" VPOS="2364" WIDTH="61"/>
            <String HPOS="806" VPOS="2364" HEIGHT="9" WIDTH="18" ID="PAG_46_ST000026" WC="0.00" CONTENT="^" STYLEREFS="TXT_10"/>
            <SP ID="PAG_46_SP000014" HPOS="824" VPOS="2369" WIDTH="25"/>
            <String HPOS="849" VPOS="2369" HEIGHT="10" WIDTH="14" ID="PAG_46_ST000027" WC="0.00" CONTENT="^" STYLEREFS="TXT_10"/>
            <SP ID="PAG_46_SP000015" HPOS="863" VPOS="2375" WIDTH="90"/>
            <String HPOS="953" VPOS="2375" HEIGHT="16" WIDTH="18" ID="PAG_46_ST000028" WC="0.00" CONTENT="^" STYLEREFS="TXT_10"/>
          </TextLine>
        </TextBlock>
        <TextBlock HPOS="822" VPOS="2414" HEIGHT="50" WIDTH="217" ID="PAG_46_TB000009" TAGREFS="TAG_advertisement" LANG="fr" STYLEREFS="TXT_11">
          <TextLine HPOS="822" VPOS="2414" HEIGHT="50" WIDTH="217" ID="PAG_46_TL000014" STYLEREFS="TXT_11">
            <String HPOS="822" VPOS="2445" HEIGHT="19" WIDTH="49" ID="PAG_46_ST000029" WC="0.00" CONTENT="&lt;*»" STYLEREFS="TXT_11"/>
            <SP ID="PAG_46_SP000016" HPOS="871" VPOS="2414" WIDTH="18"/>
            <String HPOS="889" VPOS="2414" HEIGHT="47" WIDTH="46" ID="PAG_46_ST000030" WC="0.00" CONTENT="^" STYLEREFS="TXT_11"/>
            <SP ID="PAG_46_SP000017" HPOS="935" VPOS="2420" WIDTH="14"/>
            <String HPOS="949" VPOS="2420" HEIGHT="42" WIDTH="60" ID="PAG_46_ST000031" WC="0.00" CONTENT="?^'k-" STYLEREFS="TXT_10"/>
            <HYP HPOS="1009" VPOS="2462" WIDTH="30" CONTENT="-"/>
          </TextLine>
        </TextBlock>
        <TextBlock HPOS="357" VPOS="2475" HEIGHT="157" WIDTH="775" ID="PAG_46_TB000010" TAGREFS="TAG_advertisement" LANG="fr" STYLEREFS="TXT_10">
          <TextLine HPOS="405" VPOS="2475" HEIGHT="39" WIDTH="654" ID="PAG_46_TL000015" STYLEREFS="TXT_18">
            <String HPOS="405" VPOS="2483" HEIGHT="28" WIDTH="88" ID="PAG_46_ST000032" WC="0.88" CONTENT="SALONS" STYLEREFS="TXT_18"/>
            <SP ID="PAG_46_SP000018" HPOS="493" VPOS="2481" WIDTH="13"/>
            <String HPOS="506" VPOS="2481" HEIGHT="29" WIDTH="124" ID="PAG_46_ST000033" WC="0.58" CONTENT="D'APPUUI" STYLEREFS="TXT_18"/>
            <SP ID="PAG_46_SP000019" HPOS="630" VPOS="2481" WIDTH="6"/>
            <String HPOS="636" VPOS="2481" HEIGHT="27" WIDTH="38" ID="PAG_46_ST000034" WC="0.66" CONTENT="tOM" STYLEREFS="TXT_18"/>
            <SP ID="PAG_46_SP000020" HPOS="674" VPOS="2487" WIDTH="14"/>
            <String HPOS="688" VPOS="2487" HEIGHT="20" WIDTH="5" ID="PAG_46_ST000035" WC="1" CONTENT=":" STYLEREFS="TXT_18"/>
            <SP ID="PAG_46_SP000021" HPOS="693" VPOS="2479" WIDTH="14"/>
            <String HPOS="707" VPOS="2479" HEIGHT="35" WIDTH="36" ID="PAG_46_ST000036" WC="1" CONTENT="38," STYLEREFS="TXT_18"/>
            <SP ID="PAG_46_SP000022" HPOS="743" VPOS="2479" WIDTH="14"/>
            <String HPOS="757" VPOS="2479" HEIGHT="27" WIDTH="44" ID="PAG_46_ST000037" WC="0.47" CONTENT="Mit" STYLEREFS="TXT_18"/>
            <SP ID="PAG_46_SP000023" HPOS="801" VPOS="2478" WIDTH="10"/>
            <String HPOS="811" VPOS="2478" HEIGHT="28" WIDTH="56" ID="PAG_46_ST000038" WC="0.35" CONTENT="JU*" STYLEREFS="TXT_18"/>
            <SP ID="PAG_46_SP000024" HPOS="867" VPOS="2476" WIDTH="12"/>
            <String HPOS="879" VPOS="2476" HEIGHT="34" WIDTH="100" ID="PAG_46_ST000039" WC="0.00" CONTENT="MtM," STYLEREFS="TXT_18"/>
            <SP ID="PAG_46_SP000025" HPOS="979" VPOS="2475" WIDTH="14"/>
            <String HPOS="993" VPOS="2475" HEIGHT="27" WIDTH="66" ID="PAG_46_ST000040" WC="0.83" CONTENT="PARIS" STYLEREFS="TXT_18"/>
          </TextLine>
          <TextLine HPOS="389" VPOS="2520" HEIGHT="28" WIDTH="743" ID="PAG_46_TL000016" STYLEREFS="TXT_10">
            <String HPOS="389" VPOS="2528" HEIGHT="19" WIDTH="95" ID="PAG_46_ST000041" WC="1" CONTENT="GROS" STYLEREFS="TXT_10"/>
            <SP ID="PAG_46_SP000026" HPOS="484" VPOS="2531" WIDTH="27"/>
            <String HPOS="511" VPOS="2531" HEIGHT="17" WIDTH="6" ID="PAG_46_ST000042" WC="1" CONTENT=":" STYLEREFS="TXT_10"/>
            <SP ID="PAG_46_SP000027" HPOS="517" VPOS="2525" WIDTH="32"/>
            <String HPOS="549" VPOS="2525" HEIGHT="23" WIDTH="105" ID="PAG_46_ST000043" WC="0.49" CONTENT="Prance" STYLEREFS="TXT_10"/>
            <SP ID="PAG_46_SP000028" HPOS="654" VPOS="2530" WIDTH="27"/>
            <String HPOS="681" VPOS="2530" HEIGHT="16" WIDTH="8" ID="PAG_46_ST000044" WC="1" CONTENT=":" STYLEREFS="TXT_10"/>
            <SP ID="PAG_46_SP000029" HPOS="689" VPOS="2524" WIDTH="30"/>
            <String HPOS="719" VPOS="2524" HEIGHT="24" WIDTH="39" ID="PAG_46_ST000045" WC="0.68" CONTENT="le." STYLEREFS="TXT_10"/>
            <SP ID="PAG_46_SP000030" HPOS="758" VPOS="2527" WIDTH="29"/>
            <String HPOS="787" VPOS="2527" HEIGHT="18" WIDTH="48" ID="PAG_46_ST000046" WC="0.97" CONTENT="rue" STYLEREFS="TXT_10"/>
            <SP ID="PAG_46_SP000031" HPOS="835" VPOS="2520" WIDTH="26"/>
            <String HPOS="861" VPOS="2520" HEIGHT="24" WIDTH="241" ID="PAG_46_ST000047" WC="0.64" CONTENT="Pk*Uer.Co«r-" SUBS_TYPE="HypPart1" SUBS_CONTENT="Pk*Uer.Co«r-be" STYLEREFS="TXT_10"/>
            <HYP HPOS="1102" VPOS="2544" WIDTH="30" CONTENT="-"/>
          </TextLine>
          <TextLine HPOS="360" VPOS="2546" HEIGHT="31" WIDTH="742" ID="PAG_46_TL000017" STYLEREFS="TXT_10">
            <String HPOS="360" VPOS="2556" HEIGHT="20" WIDTH="31" ID="PAG_46_ST000048" WC="0.99" CONTENT="be" SUBS_TYPE="HypPart2" SUBS_CONTENT="Pk*Uer.Co«r-be" STYLEREFS="TXT_10"/>
            <SP ID="PAG_46_SP000032" HPOS="391" VPOS="2554" WIDTH="2"/>
            <String HPOS="393" VPOS="2554" HEIGHT="23" WIDTH="154" ID="PAG_46_ST000049" WC="0.97" CONTENT="vote-Parts" STYLEREFS="TXT_10"/>
            <SP ID="PAG_46_SP000033" HPOS="547" VPOS="2563" WIDTH="29"/>
            <String HPOS="576" VPOS="2563" HEIGHT="5" WIDTH="33" ID="PAG_46_ST000050" WC="0.88" CONTENT="—" STYLEREFS="TXT_10"/>
            <SP ID="PAG_46_SP000034" HPOS="609" VPOS="2551" WIDTH="17"/>
            <String HPOS="626" VPOS="2551" HEIGHT="26" WIDTH="130" ID="PAG_46_ST000051" WC="0.42" CONTENT="Bdglqae" STYLEREFS="TXT_10"/>
            <SP ID="PAG_46_SP000035" HPOS="756" VPOS="2556" WIDTH="20"/>
            <String HPOS="776" VPOS="2556" HEIGHT="16" WIDTH="8" ID="PAG_46_ST000052" WC="1" CONTENT=":" STYLEREFS="TXT_10"/>
            <SP ID="PAG_46_SP000036" HPOS="784" VPOS="2549" WIDTH="22"/>
            <String HPOS="806" VPOS="2549" HEIGHT="24" WIDTH="40" ID="PAG_46_ST000053" WC="1" CONTENT="76." STYLEREFS="TXT_10"/>
            <SP ID="PAG_46_SP000037" HPOS="846" VPOS="2552" WIDTH="22"/>
            <String HPOS="868" VPOS="2552" HEIGHT="19" WIDTH="47" ID="PAG_46_ST000054" WC="0.99" CONTENT="rue" STYLEREFS="TXT_10"/>
            <SP ID="PAG_46_SP000038" HPOS="915" VPOS="2547" WIDTH="18"/>
            <String HPOS="933" VPOS="2547" HEIGHT="23" WIDTH="38" ID="PAG_46_ST000055" WC="1" CONTENT="du" STYLEREFS="TXT_10"/>
            <SP ID="PAG_46_SP000039" HPOS="971" VPOS="2546" WIDTH="18"/>
            <String HPOS="989" VPOS="2546" HEIGHT="24" WIDTH="113" ID="PAG_46_ST000056" WC="0.93" CONTENT="Marais." STYLEREFS="TXT_10"/>
          </TextLine>
          <TextLine HPOS="359" VPOS="2576" HEIGHT="25" WIDTH="743" ID="PAG_46_TL000018" STYLEREFS="TXT_10">
            <String HPOS="359" VPOS="2582" HEIGHT="19" WIDTH="56" ID="PAG_46_ST000057" WC="0.33" CONTENT="Bru" STYLEREFS="TXT_10"/>
            <SP ID="PAG_46_SP000040" HPOS="415" VPOS="2580" WIDTH="1"/>
            <String HPOS="416" VPOS="2580" HEIGHT="21" WIDTH="93" ID="PAG_46_ST000058" WC="0.42" CONTENT="Miles." STYLEREFS="TXT_10"/>
            <SP ID="PAG_46_SP000041" HPOS="509" VPOS="2590" WIDTH="23"/>
            <String HPOS="532" VPOS="2590" HEIGHT="4" WIDTH="31" ID="PAG_46_ST000059" WC="0.88" CONTENT="—" STYLEREFS="TXT_10"/>
            <SP ID="PAG_46_SP000042" HPOS="563" VPOS="2578" WIDTH="24"/>
            <String HPOS="587" VPOS="2578" HEIGHT="23" WIDTH="91" ID="PAG_46_ST000060" WC="0.64" CONTENT="Saine" STYLEREFS="TXT_10"/>
            <SP ID="PAG_46_SP000043" HPOS="678" VPOS="2583" WIDTH="24"/>
            <String HPOS="702" VPOS="2583" HEIGHT="16" WIDTH="8" ID="PAG_46_ST000061" WC="1" CONTENT=":" STYLEREFS="TXT_10"/>
            <SP ID="PAG_46_SP000044" HPOS="710" VPOS="2576" WIDTH="26"/>
            <String HPOS="736" VPOS="2576" HEIGHT="22" WIDTH="31" ID="PAG_46_ST000062" WC="1" CONTENT="15" STYLEREFS="TXT_10"/>
            <SP ID="PAG_46_SP000045" HPOS="767" VPOS="2576" WIDTH="23"/>
            <String HPOS="790" VPOS="2576" HEIGHT="25" WIDTH="51" ID="PAG_46_ST000063" WC="0.63" CONTENT="bia." STYLEREFS="TXT_10"/>
            <SP ID="PAG_46_SP000046" HPOS="841" VPOS="2579" WIDTH="24"/>
            <String HPOS="865" VPOS="2579" HEIGHT="18" WIDTH="48" ID="PAG_46_ST000064" WC="0.96" CONTENT="rue" STYLEREFS="TXT_10"/>
            <SP ID="PAG_46_SP000047" HPOS="913" VPOS="2576" WIDTH="22"/>
            <String HPOS="935" VPOS="2576" HEIGHT="20" WIDTH="167" ID="PAG_46_ST000065" WC="0.82" CONTENT="Veraonnex." STYLEREFS="TXT_10"/>
          </TextLine>
          <TextLine HPOS="357" VPOS="2599" HEIGHT="33" WIDTH="732" ID="PAG_46_TL000019" STYLEREFS="TXT_10">
            <String HPOS="357" VPOS="2608" HEIGHT="21" WIDTH="110" ID="PAG_46_ST000066" WC="0.53" CONTENT="Cîk-V*" STYLEREFS="TXT_10"/>
            <SP ID="PAG_46_SP000048" HPOS="467" VPOS="2617" WIDTH="36"/>
            <String HPOS="503" VPOS="2617" HEIGHT="4" WIDTH="32" ID="PAG_46_ST000067" WC="0.88" CONTENT="—" STYLEREFS="TXT_10"/>
            <SP ID="PAG_46_SP000049" HPOS="535" VPOS="2604" WIDTH="24"/>
            <String HPOS="559" VPOS="2604" HEIGHT="28" WIDTH="108" ID="PAG_46_ST000068" WC="0.76" CONTENT="Algérie" STYLEREFS="TXT_10"/>
            <SP ID="PAG_46_SP000050" HPOS="667" VPOS="2609" WIDTH="25"/>
            <String HPOS="692" VPOS="2609" HEIGHT="17" WIDTH="8" ID="PAG_46_ST000069" WC="1" CONTENT=":" STYLEREFS="TXT_10"/>
            <SP ID="PAG_46_SP000051" HPOS="700" VPOS="2602" WIDTH="29"/>
            <String HPOS="729" VPOS="2602" HEIGHT="26" WIDTH="39" ID="PAG_46_ST000070" WC="1" CONTENT="13," STYLEREFS="TXT_10"/>
            <SP ID="PAG_46_SP000052" HPOS="768" VPOS="2606" WIDTH="27"/>
            <String HPOS="795" VPOS="2606" HEIGHT="20" WIDTH="49" ID="PAG_46_ST000071" WC="0.51" CONTENT="rue" STYLEREFS="TXT_10"/>
            <SP ID="PAG_46_SP000053" HPOS="844" VPOS="2599" WIDTH="23"/>
            <String HPOS="867" VPOS="2599" HEIGHT="26" WIDTH="120" ID="PAG_46_ST000072" WC="0.50" CONTENT="CUtueJ." STYLEREFS="TXT_10"/>
            <SP ID="PAG_46_SP000054" HPOS="987" VPOS="2599" WIDTH="24"/>
            <String HPOS="1011" VPOS="2599" HEIGHT="26" WIDTH="78" ID="PAG_46_ST000073" WC="0.57" CONTENT="AlfM" STYLEREFS="TXT_10"/>
          </TextLine>
        </TextBlock>
        <TextBlock HPOS="394" VPOS="2766" HEIGHT="32" WIDTH="645" ID="PAG_46_TB000011" TAGREFS="TAG_advertisement" LANG="fr" STYLEREFS="TXT_18">
          <TextLine HPOS="394" VPOS="2766" HEIGHT="32" WIDTH="645" ID="PAG_46_TL000020" STYLEREFS="TXT_18">
            <String HPOS="394" VPOS="2767" HEIGHT="31" WIDTH="136" ID="PAG_46_ST000074" WC="1" CONTENT="SELON" STYLEREFS="TXT_18"/>
            <SP ID="PAG_46_SP000055" HPOS="530" VPOS="2768" WIDTH="29"/>
            <String HPOS="559" VPOS="2768" HEIGHT="30" WIDTH="68" ID="PAG_46_ST000075" WC="1" CONTENT="LES" STYLEREFS="TXT_18"/>
            <SP ID="PAG_46_SP000056" HPOS="627" VPOS="2767" WIDTH="31"/>
            <String HPOS="658" VPOS="2767" HEIGHT="30" WIDTH="161" ID="PAG_46_ST000076" WC="1" CONTENT="HEURES" STYLEREFS="TXT_18"/>
            <SP ID="PAG_46_SP000057" HPOS="819" VPOS="2767" WIDTH="27"/>
            <String HPOS="846" VPOS="2767" HEIGHT="30" WIDTH="53" ID="PAG_46_ST000077" WC="1" CONTENT="DU" STYLEREFS="TXT_18"/>
            <SP ID="PAG_46_SP000058" HPOS="899" VPOS="2766" WIDTH="28"/>
            <String HPOS="927" VPOS="2766" HEIGHT="30" WIDTH="112" ID="PAG_46_ST000078" WC="1" CONTENT="JOUR" STYLEREFS="TXT_18"/>
          </TextLine>
        </TextBlock>
        <TextBlock HPOS="464" VPOS="2833" HEIGHT="39" WIDTH="506" ID="PAG_46_TB000012" TAGREFS="TAG_advertisement" LANG="fr" STYLEREFS="TXT_17">
          <TextLine HPOS="464" VPOS="2833" HEIGHT="39" WIDTH="506" ID="PAG_46_TL000021" STYLEREFS="TXT_17">
            <String HPOS="464" VPOS="2833" HEIGHT="39" WIDTH="151" ID="PAG_46_ST000079" WC="1" CONTENT="VOICI" STYLEREFS="TXT_17"/>
            <SP ID="PAG_46_SP000059" HPOS="615" VPOS="2833" WIDTH="38"/>
            <String HPOS="653" VPOS="2833" HEIGHT="39" WIDTH="140" ID="PAG_46_ST000080" WC="1" CONTENT="POUR" STYLEREFS="TXT_17"/>
            <SP ID="PAG_46_SP000060" HPOS="793" VPOS="2833" WIDTH="35"/>
            <String HPOS="828" VPOS="2833" HEIGHT="38" WIDTH="142" ID="PAG_46_ST000081" WC="1" CONTENT="VOUS" STYLEREFS="TXT_17"/>
          </TextLine>
        </TextBlock>
        <TextBlock HPOS="521" VPOS="2902" HEIGHT="39" WIDTH="392" ID="PAG_46_TB000013" TAGREFS="TAG_advertisement" LANG="fr" STYLEREFS="TXT_17">
          <TextLine HPOS="521" VPOS="2902" HEIGHT="39" WIDTH="392" ID="PAG_46_TL000022" STYLEREFS="TXT_17">
            <String HPOS="521" VPOS="2902" HEIGHT="39" WIDTH="191" ID="PAG_46_ST000082" WC="1" CONTENT="JEUNES" STYLEREFS="TXT_17"/>
            <SP ID="PAG_46_SP000061" HPOS="712" VPOS="2902" WIDTH="40"/>
            <String HPOS="752" VPOS="2902" HEIGHT="38" WIDTH="161" ID="PAG_46_ST000083" WC="1" CONTENT="FILLES" STYLEREFS="TXT_17"/>
          </TextLine>
        </TextBlock>
        <TextBlock HPOS="495" VPOS="2971" HEIGHT="38" WIDTH="448" ID="PAG_46_TB000014" TAGREFS="TAG_advertisement" LANG="fr" STYLEREFS="TXT_10">
          <TextLine HPOS="495" VPOS="2971" HEIGHT="38" WIDTH="448" ID="PAG_46_TL000023" STYLEREFS="TXT_10">
            <String HPOS="495" VPOS="2973" HEIGHT="35" WIDTH="75" ID="PAG_46_ST000084" WC="0.87" CONTENT="(Dos" STYLEREFS="TXT_10"/>
            <SP ID="PAG_46_SP000062" HPOS="570" VPOS="2974" WIDTH="35"/>
            <String HPOS="605" VPOS="2974" HEIGHT="29" WIDTH="53" ID="PAG_46_ST000085" WC="1" CONTENT="des" STYLEREFS="TXT_10"/>
            <SP ID="PAG_46_SP000063" HPOS="658" VPOS="2983" WIDTH="34"/>
            <String HPOS="692" VPOS="2983" HEIGHT="26" WIDTH="100" ID="PAG_46_ST000086" WC="1" CONTENT="pages" STYLEREFS="TXT_10"/>
            <SP ID="PAG_46_SP000064" HPOS="792" VPOS="2971" WIDTH="33"/>
            <String HPOS="825" VPOS="2971" HEIGHT="37" WIDTH="118" ID="PAG_46_ST000087" WC="0.85" CONTENT="32-33.)" STYLEREFS="TXT_10"/>
          </TextLine>
        </TextBlock>
        <Illustration ID="PAG_46_IL000001" HPOS="322" VPOS="3059" HEIGHT="1429" WIDTH="798"/>
        <Illustration ID="PAG_46_IL000002" HPOS="1170" VPOS="540" HEIGHT="2166" WIDTH="767"/>
        <TextBlock HPOS="1388" VPOS="2756" HEIGHT="39" WIDTH="327" ID="PAG_46_TB000015" TAGREFS="TAG_ST001" LANG="fr" STYLEREFS="TXT_17">
          <TextLine HPOS="1388" VPOS="2756" HEIGHT="39" WIDTH="327" ID="PAG_46_TL000024" STYLEREFS="TXT_17">
            <String HPOS="1388" VPOS="2756" HEIGHT="38" WIDTH="159" ID="PAG_46_ST000088" WC="1" CONTENT="ENTRE" STYLEREFS="TXT_17"/>
            <SP ID="PAG_46_SP000065" HPOS="1547" VPOS="2756" WIDTH="22"/>
            <String HPOS="1569" VPOS="2756" HEIGHT="39" WIDTH="146" ID="PAG_46_ST000089" WC="1" CONTENT="NOUS" STYLEREFS="TXT_17"/>
          </TextLine>
        </TextBlock>
        <TextBlock HPOS="1263" VPOS="2837" HEIGHT="76" WIDTH="590" ID="PAG_46_TB000016" TAGREFS="TAG_ST002" LANG="fr" STYLEREFS="TXT_18">
          <TextLine HPOS="1263" VPOS="2837" HEIGHT="31" WIDTH="590" ID="PAG_46_TL000025" STYLEREFS="TXT_18">
            <String HPOS="1263" VPOS="2839" HEIGHT="28" WIDTH="26" ID="PAG_46_ST000090" WC="1" CONTENT="1°" STYLEREFS="TXT_18"/>
            <SP ID="PAG_46_SP000066" HPOS="1289" VPOS="2837" WIDTH="33"/>
            <String HPOS="1322" VPOS="2837" HEIGHT="31" WIDTH="206" ID="PAG_46_ST000091" WC="1" CONTENT="SOLUTION" STYLEREFS="TXT_18"/>
            <SP ID="PAG_46_SP000067" HPOS="1528" VPOS="2838" WIDTH="35"/>
            <String HPOS="1563" VPOS="2838" HEIGHT="30" WIDTH="52" ID="PAG_46_ST000092" WC="1" CONTENT="DU" STYLEREFS="TXT_18"/>
            <SP ID="PAG_46_SP000068" HPOS="1615" VPOS="2837" WIDTH="34"/>
            <String HPOS="1649" VPOS="2837" HEIGHT="31" WIDTH="204" ID="PAG_46_ST000093" WC="1" CONTENT="PROBLEME" STYLEREFS="TXT_18"/>
          </TextLine>
          <TextLine HPOS="1399" VPOS="2882" HEIGHT="31" WIDTH="318" ID="PAG_46_TL000026" STYLEREFS="TXT_18">
            <String HPOS="1399" VPOS="2882" HEIGHT="31" WIDTH="47" ID="PAG_46_ST000094" WC="1" CONTENT="DE" STYLEREFS="TXT_18"/>
            <SP ID="PAG_46_SP000069" HPOS="1446" VPOS="2883" WIDTH="24"/>
            <String HPOS="1470" VPOS="2883" HEIGHT="29" WIDTH="47" ID="PAG_46_ST000095" WC="1" CONTENT="LA" STYLEREFS="TXT_18"/>
            <SP ID="PAG_46_SP000070" HPOS="1517" VPOS="2883" WIDTH="24"/>
            <String HPOS="1541" VPOS="2883" HEIGHT="30" WIDTH="105" ID="PAG_46_ST000096" WC="1" CONTENT="PAGE" STYLEREFS="TXT_18"/>
            <SP ID="PAG_46_SP000071" HPOS="1646" VPOS="2884" WIDTH="21"/>
            <String HPOS="1667" VPOS="2884" HEIGHT="29" WIDTH="50" ID="PAG_46_ST000097" WC="1" CONTENT="40." STYLEREFS="TXT_18"/>
          </TextLine>
        </TextBlock>
        <TextBlock HPOS="1187" VPOS="2946" HEIGHT="190" WIDTH="733" ID="PAG_46_TB000017" LANG="fr" STYLEREFS="TXT_10">
          <TextLine HPOS="1221" VPOS="2946" HEIGHT="23" WIDTH="656" ID="PAG_46_TL000027" STYLEREFS="TXT_10">
            <String HPOS="1221" VPOS="2948" HEIGHT="21" WIDTH="87" ID="PAG_46_ST000098" WC="1" CONTENT="Toute" STYLEREFS="TXT_10"/>
            <SP ID="PAG_46_SP000072" HPOS="1308" VPOS="2947" WIDTH="32"/>
            <String HPOS="1340" VPOS="2947" HEIGHT="22" WIDTH="25" ID="PAG_46_ST000099" WC="1" CONTENT="la" STYLEREFS="TXT_10"/>
            <SP ID="PAG_46_SP000073" HPOS="1365" VPOS="2947" WIDTH="34"/>
            <String HPOS="1399" VPOS="2947" HEIGHT="22" WIDTH="105" ID="PAG_46_ST000100" WC="1" CONTENT="famille" STYLEREFS="TXT_10"/>
            <SP ID="PAG_46_SP000074" HPOS="1504" VPOS="2949" WIDTH="34"/>
            <String HPOS="1538" VPOS="2949" HEIGHT="20" WIDTH="164" ID="PAG_46_ST000101" WC="1" CONTENT="traversera." STYLEREFS="TXT_10"/>
            <SP ID="PAG_46_SP000075" HPOS="1702" VPOS="2948" WIDTH="34"/>
            <String HPOS="1736" VPOS="2948" HEIGHT="21" WIDTH="39" ID="PAG_46_ST000102" WC="0.99" CONTENT="En" STYLEREFS="TXT_10"/>
            <SP ID="PAG_46_SP000076" HPOS="1775" VPOS="2946" WIDTH="33"/>
            <String HPOS="1808" VPOS="2946" HEIGHT="23" WIDTH="69" ID="PAG_46_ST000103" WC="0.64" CONTENT="effet" STYLEREFS="TXT_10"/>
          </TextLine>
          <TextLine HPOS="1189" VPOS="2980" HEIGHT="26" WIDTH="731" ID="PAG_46_TL000028" STYLEREFS="TXT_10">
            <String HPOS="1189" VPOS="2981" HEIGHT="25" WIDTH="158" ID="PAG_46_ST000104" WC="1" CONTENT="Supposons" STYLEREFS="TXT_10"/>
            <SP ID="PAG_46_SP000077" HPOS="1347" VPOS="2985" WIDTH="29"/>
            <String HPOS="1376" VPOS="2985" HEIGHT="20" WIDTH="50" ID="PAG_46_ST000105" WC="1" CONTENT="que" STYLEREFS="TXT_10"/>
            <SP ID="PAG_46_SP000078" HPOS="1426" VPOS="2981" WIDTH="30"/>
            <String HPOS="1456" VPOS="2981" HEIGHT="21" WIDTH="26" ID="PAG_46_ST000106" WC="1" CONTENT="la" STYLEREFS="TXT_10"/>
            <SP ID="PAG_46_SP000079" HPOS="1482" VPOS="2981" WIDTH="30"/>
            <String HPOS="1512" VPOS="2981" HEIGHT="21" WIDTH="105" ID="PAG_46_ST000107" WC="1" CONTENT="famille" STYLEREFS="TXT_10"/>
            <SP ID="PAG_46_SP000080" HPOS="1617" VPOS="2981" WIDTH="30"/>
            <String HPOS="1647" VPOS="2981" HEIGHT="21" WIDTH="52" ID="PAG_46_ST000108" WC="0.99" CONTENT="soit" STYLEREFS="TXT_10"/>
            <SP ID="PAG_46_SP000081" HPOS="1699" VPOS="2986" WIDTH="31"/>
            <String HPOS="1730" VPOS="2986" HEIGHT="16" WIDTH="34" ID="PAG_46_ST000109" WC="1" CONTENT="au" STYLEREFS="TXT_10"/>
            <SP ID="PAG_46_SP000082" HPOS="1764" VPOS="2981" WIDTH="29"/>
            <String HPOS="1793" VPOS="2981" HEIGHT="24" WIDTH="76" ID="PAG_46_ST000110" WC="0.99" CONTENT="point" STYLEREFS="TXT_10"/>
            <SP ID="PAG_46_SP000083" HPOS="1869" VPOS="2980" WIDTH="31"/>
            <String HPOS="1900" VPOS="2980" HEIGHT="21" WIDTH="20" ID="PAG_46_ST000111" WC="1" CONTENT="A" STYLEREFS="TXT_10"/>
          </TextLine>
          <TextLine HPOS="1187" VPOS="3014" HEIGHT="26" WIDTH="730" ID="PAG_46_TL000029" STYLEREFS="TXT_10">
            <String HPOS="1187" VPOS="3015" HEIGHT="21" WIDTH="25" ID="PAG_46_ST000112" WC="0.99" CONTENT="et" STYLEREFS="TXT_10"/>
            <SP ID="PAG_46_SP000084" HPOS="1212" VPOS="3014" WIDTH="27"/>
            <String HPOS="1239" VPOS="3014" HEIGHT="26" WIDTH="66" ID="PAG_46_ST000113" WC="1" CONTENT="qu'il" STYLEREFS="TXT_10"/>
            <SP ID="PAG_46_SP000085" HPOS="1305" VPOS="3014" WIDTH="27"/>
            <String HPOS="1332" VPOS="3014" HEIGHT="25" WIDTH="114" ID="PAG_46_ST000114" WC="0.89" CONTENT="s'agtsse" STYLEREFS="TXT_10"/>
            <SP ID="PAG_46_SP000086" HPOS="1446" VPOS="3014" WIDTH="25"/>
            <String HPOS="1471" VPOS="3014" HEIGHT="22" WIDTH="96" ID="PAG_46_ST000115" WC="1" CONTENT="d'aller" STYLEREFS="TXT_10"/>
            <SP ID="PAG_46_SP000087" HPOS="1567" VPOS="3019" WIDTH="25"/>
            <String HPOS="1592" VPOS="3019" HEIGHT="16" WIDTH="34" ID="PAG_46_ST000116" WC="1" CONTENT="au" STYLEREFS="TXT_10"/>
            <SP ID="PAG_46_SP000088" HPOS="1626" VPOS="3014" WIDTH="25"/>
            <String HPOS="1651" VPOS="3014" HEIGHT="25" WIDTH="77" ID="PAG_46_ST000117" WC="0.99" CONTENT="point" STYLEREFS="TXT_10"/>
            <SP ID="PAG_46_SP000089" HPOS="1728" VPOS="3014" WIDTH="28"/>
            <String HPOS="1756" VPOS="3014" HEIGHT="21" WIDTH="29" ID="PAG_46_ST000118" WC="1" CONTENT="B." STYLEREFS="TXT_10"/>
            <SP ID="PAG_46_SP000090" HPOS="1785" VPOS="3015" WIDTH="27"/>
            <String HPOS="1812" VPOS="3015" HEIGHT="20" WIDTH="54" ID="PAG_46_ST000119" WC="0.67" CONTENT="Jim" STYLEREFS="TXT_10"/>
            <SP ID="PAG_46_SP000091" HPOS="1866" VPOS="3015" WIDTH="25"/>
            <String HPOS="1891" VPOS="3015" HEIGHT="19" WIDTH="26" ID="PAG_46_ST000120" WC="1" CONTENT="et" STYLEREFS="TXT_10"/>
          </TextLine>
          <TextLine HPOS="1187" VPOS="3047" HEIGHT="24" WIDTH="732" ID="PAG_46_TL000030" STYLEREFS="TXT_10">
            <String HPOS="1187" VPOS="3048" HEIGHT="22" WIDTH="69" ID="PAG_46_ST000121" WC="1" CONTENT="Jack" STYLEREFS="TXT_10"/>
            <SP ID="PAG_46_SP000092" HPOS="1256" VPOS="3048" WIDTH="28"/>
            <String HPOS="1284" VPOS="3048" HEIGHT="21" WIDTH="164" ID="PAG_46_ST000122" WC="1" CONTENT="traversent." STYLEREFS="TXT_10"/>
            <SP ID="PAG_46_SP000093" HPOS="1448" VPOS="3047" WIDTH="30"/>
            <String HPOS="1478" VPOS="3047" HEIGHT="21" WIDTH="55" ID="PAG_46_ST000123" WC="1" CONTENT="Jim" STYLEREFS="TXT_10"/>
            <SP ID="PAG_46_SP000094" HPOS="1533" VPOS="3047" WIDTH="28"/>
            <String HPOS="1561" VPOS="3047" HEIGHT="22" WIDTH="104" ID="PAG_46_ST000124" WC="0.87" CONTENT="revient" STYLEREFS="TXT_10"/>
            <SP ID="PAG_46_SP000095" HPOS="1665" VPOS="3053" WIDTH="16"/>
            <String HPOS="1681" VPOS="3053" HEIGHT="18" WIDTH="4" ID="PAG_46_ST000125" WC="0.5" CONTENT=";" STYLEREFS="TXT_10"/>
            <SP ID="PAG_46_SP000096" HPOS="1685" VPOS="3047" WIDTH="34"/>
            <String HPOS="1719" VPOS="3047" HEIGHT="21" WIDTH="18" ID="PAG_46_ST000126" WC="0.65" CONTENT="Il" STYLEREFS="TXT_10"/>
            <SP ID="PAG_46_SP000097" HPOS="1737" VPOS="3048" WIDTH="29"/>
            <String HPOS="1766" VPOS="3048" HEIGHT="21" WIDTH="94" ID="PAG_46_ST000127" WC="1" CONTENT="trouve" STYLEREFS="TXT_10"/>
            <SP ID="PAG_46_SP000098" HPOS="1860" VPOS="3051" WIDTH="27"/>
            <String HPOS="1887" VPOS="3051" HEIGHT="16" WIDTH="32" ID="PAG_46_ST000128" WC="1" CONTENT="en" STYLEREFS="TXT_10"/>
          </TextLine>
          <TextLine HPOS="1191" VPOS="3080" HEIGHT="25" WIDTH="728" ID="PAG_46_TL000031" STYLEREFS="TXT_10">
            <String HPOS="1191" VPOS="3082" HEIGHT="20" WIDTH="20" ID="PAG_46_ST000129" WC="1" CONTENT="A" STYLEREFS="TXT_10"/>
            <SP ID="PAG_46_SP000099" HPOS="1211" VPOS="3086" WIDTH="29"/>
            <String HPOS="1240" VPOS="3086" HEIGHT="16" WIDTH="30" ID="PAG_46_ST000130" WC="1" CONTENT="sa" STYLEREFS="TXT_10"/>
            <SP ID="PAG_46_SP000100" HPOS="1270" VPOS="3080" WIDTH="30"/>
            <String HPOS="1300" VPOS="3080" HEIGHT="22" WIDTH="73" ID="PAG_46_ST000131" WC="1" CONTENT="mère" STYLEREFS="TXT_10"/>
            <SP ID="PAG_46_SP000101" HPOS="1373" VPOS="3080" WIDTH="30"/>
            <String HPOS="1403" VPOS="3080" HEIGHT="21" WIDTH="15" ID="PAG_46_ST000132" WC="1" CONTENT="à" STYLEREFS="TXT_10"/>
            <SP ID="PAG_46_SP000102" HPOS="1418" VPOS="3080" WIDTH="32"/>
            <String HPOS="1450" VPOS="3080" HEIGHT="25" WIDTH="117" ID="PAG_46_ST000133" WC="1" CONTENT="laquelle" STYLEREFS="TXT_10"/>
            <SP ID="PAG_46_SP000103" HPOS="1567" VPOS="3080" WIDTH="30"/>
            <String HPOS="1597" VPOS="3080" HEIGHT="22" WIDTH="18" ID="PAG_46_ST000134" WC="0.65" CONTENT="Il" STYLEREFS="TXT_10"/>
            <SP ID="PAG_46_SP000104" HPOS="1615" VPOS="3080" WIDTH="31"/>
            <String HPOS="1646" VPOS="3080" HEIGHT="22" WIDTH="82" ID="PAG_46_ST000135" WC="0.99" CONTENT="laisse" STYLEREFS="TXT_10"/>
            <SP ID="PAG_46_SP000105" HPOS="1728" VPOS="3080" WIDTH="31"/>
            <String HPOS="1759" VPOS="3080" HEIGHT="22" WIDTH="23" ID="PAG_46_ST000136" WC="1" CONTENT="le" STYLEREFS="TXT_10"/>
            <SP ID="PAG_46_SP000106" HPOS="1782" VPOS="3080" WIDTH="30"/>
            <String HPOS="1812" VPOS="3080" HEIGHT="22" WIDTH="107" ID="PAG_46_ST000137" WC="1" CONTENT="bateau." STYLEREFS="TXT_10"/>
          </TextLine>
          <TextLine HPOS="1190" VPOS="3114" HEIGHT="22" WIDTH="295" ID="PAG_46_TL000032" STYLEREFS="TXT_10">
            <String HPOS="1190" VPOS="3114" HEIGHT="22" WIDTH="113" ID="PAG_46_ST000138" WC="1" CONTENT="Celle-ci" STYLEREFS="TXT_10"/>
            <SP ID="PAG_46_SP000107" HPOS="1303" VPOS="3119" WIDTH="29"/>
            <String HPOS="1332" VPOS="3119" HEIGHT="16" WIDTH="33" ID="PAG_46_ST000139" WC="1" CONTENT="va" STYLEREFS="TXT_10"/>
            <SP ID="PAG_46_SP000108" HPOS="1365" VPOS="3119" WIDTH="27"/>
            <String HPOS="1392" VPOS="3119" HEIGHT="16" WIDTH="34" ID="PAG_46_ST000140" WC="1" CONTENT="en" STYLEREFS="TXT_10"/>
            <SP ID="PAG_46_SP000109" HPOS="1426" VPOS="3114" WIDTH="29"/>
            <String HPOS="1455" VPOS="3114" HEIGHT="20" WIDTH="30" ID="PAG_46_ST000141" WC="1" CONTENT="B." STYLEREFS="TXT_10"/>
          </TextLine>
        </TextBlock>
        <TextBlock HPOS="1185" VPOS="3146" HEIGHT="223" WIDTH="763" ID="PAG_46_TB000018" LANG="fr" STYLEREFS="TXT_10">
          <TextLine HPOS="1221" VPOS="3146" HEIGHT="26" WIDTH="727" ID="PAG_46_TL000033" STYLEREFS="TXT_10">
            <String HPOS="1221" VPOS="3147" HEIGHT="22" WIDTH="56" ID="PAG_46_ST000142" WC="1" CONTENT="Elle" STYLEREFS="TXT_10"/>
            <SP ID="PAG_46_SP000110" HPOS="1277" VPOS="3147" WIDTH="23"/>
            <String HPOS="1300" VPOS="3147" HEIGHT="22" WIDTH="89" ID="PAG_46_ST000143" WC="1" CONTENT="donne" STYLEREFS="TXT_10"/>
            <SP ID="PAG_46_SP000111" HPOS="1389" VPOS="3147" WIDTH="24"/>
            <String HPOS="1413" VPOS="3147" HEIGHT="21" WIDTH="25" ID="PAG_46_ST000144" WC="1" CONTENT="le" STYLEREFS="TXT_10"/>
            <SP ID="PAG_46_SP000112" HPOS="1438" VPOS="3147" WIDTH="23"/>
            <String HPOS="1461" VPOS="3147" HEIGHT="21" WIDTH="99" ID="PAG_46_ST000145" WC="1" CONTENT="bateau" STYLEREFS="TXT_10"/>
            <SP ID="PAG_46_SP000113" HPOS="1560" VPOS="3146" WIDTH="25"/>
            <String HPOS="1585" VPOS="3146" HEIGHT="21" WIDTH="15" ID="PAG_46_ST000146" WC="1" CONTENT="à" STYLEREFS="TXT_10"/>
            <SP ID="PAG_46_SP000114" HPOS="1600" VPOS="3147" WIDTH="24"/>
            <String HPOS="1624" VPOS="3147" HEIGHT="21" WIDTH="68" ID="PAG_46_ST000147" WC="1" CONTENT="Jack" STYLEREFS="TXT_10"/>
            <SP ID="PAG_46_SP000115" HPOS="1692" VPOS="3146" WIDTH="24"/>
            <String HPOS="1716" VPOS="3146" HEIGHT="26" WIDTH="45" ID="PAG_46_ST000148" WC="1" CONTENT="qui" STYLEREFS="TXT_10"/>
            <SP ID="PAG_46_SP000116" HPOS="1761" VPOS="3151" WIDTH="24"/>
            <String HPOS="1785" VPOS="3151" HEIGHT="16" WIDTH="33" ID="PAG_46_ST000149" WC="1" CONTENT="va" STYLEREFS="TXT_10"/>
            <SP ID="PAG_46_SP000117" HPOS="1818" VPOS="3146" WIDTH="23"/>
            <String HPOS="1841" VPOS="3146" HEIGHT="21" WIDTH="77" ID="PAG_46_ST000150" WC="0.99" CONTENT="cher-" SUBS_TYPE="HypPart1" SUBS_CONTENT="chercher" STYLEREFS="TXT_10"/>
            <HYP HPOS="1918" VPOS="3167" WIDTH="30" CONTENT="-"/>
          </TextLine>
          <TextLine HPOS="1188" VPOS="3179" HEIGHT="23" WIDTH="732" ID="PAG_46_TL000034" STYLEREFS="TXT_10">
            <String HPOS="1188" VPOS="3181" HEIGHT="21" WIDTH="64" ID="PAG_46_ST000151" WC="1" CONTENT="cher" SUBS_TYPE="HypPart2" SUBS_CONTENT="chercher" STYLEREFS="TXT_10"/>
            <SP ID="PAG_46_SP000118" HPOS="1252" VPOS="3181" WIDTH="31"/>
            <String HPOS="1283" VPOS="3181" HEIGHT="21" WIDTH="55" ID="PAG_46_ST000152" WC="0.98" CONTENT="Jim" STYLEREFS="TXT_10"/>
            <SP ID="PAG_46_SP000119" HPOS="1338" VPOS="3185" WIDTH="33"/>
            <String HPOS="1371" VPOS="3185" HEIGHT="17" WIDTH="33" ID="PAG_46_ST000153" WC="1" CONTENT="en" STYLEREFS="TXT_10"/>
            <SP ID="PAG_46_SP000120" HPOS="1404" VPOS="3181" WIDTH="33"/>
            <String HPOS="1437" VPOS="3181" HEIGHT="20" WIDTH="28" ID="PAG_46_ST000154" WC="1" CONTENT="A." STYLEREFS="TXT_10"/>
            <SP ID="PAG_46_SP000121" HPOS="1465" VPOS="3180" WIDTH="35"/>
            <String HPOS="1500" VPOS="3180" HEIGHT="21" WIDTH="37" ID="PAG_46_ST000155" WC="1" CONTENT="Ils" STYLEREFS="TXT_10"/>
            <SP ID="PAG_46_SP000122" HPOS="1537" VPOS="3181" WIDTH="33"/>
            <String HPOS="1570" VPOS="3181" HEIGHT="20" WIDTH="185" ID="PAG_46_ST000156" WC="1" CONTENT="retraversent" STYLEREFS="TXT_10"/>
            <SP ID="PAG_46_SP000123" HPOS="1755" VPOS="3180" WIDTH="33"/>
            <String HPOS="1788" VPOS="3180" HEIGHT="21" WIDTH="61" ID="PAG_46_ST000157" WC="1" CONTENT="tous" STYLEREFS="TXT_10"/>
            <SP ID="PAG_46_SP000124" HPOS="1849" VPOS="3179" WIDTH="33"/>
            <String HPOS="1882" VPOS="3179" HEIGHT="21" WIDTH="38" ID="PAG_46_ST000158" WC="1" CONTENT="les" STYLEREFS="TXT_10"/>
          </TextLine>
          <TextLine HPOS="1188" VPOS="3212" HEIGHT="24" WIDTH="731" ID="PAG_46_TL000035" STYLEREFS="TXT_10">
            <String HPOS="1188" VPOS="3214" HEIGHT="22" WIDTH="68" ID="PAG_46_ST000159" WC="1" CONTENT="deux" STYLEREFS="TXT_10"/>
            <SP ID="PAG_46_SP000125" HPOS="1256" VPOS="3219" WIDTH="28"/>
            <String HPOS="1284" VPOS="3219" HEIGHT="16" WIDTH="33" ID="PAG_46_ST000160" WC="1" CONTENT="en" STYLEREFS="TXT_10"/>
            <SP ID="PAG_46_SP000126" HPOS="1317" VPOS="3214" WIDTH="30"/>
            <String HPOS="1347" VPOS="3214" HEIGHT="20" WIDTH="29" ID="PAG_46_ST000161" WC="1" CONTENT="B." STYLEREFS="TXT_10"/>
            <SP ID="PAG_46_SP000127" HPOS="1376" VPOS="3214" WIDTH="30"/>
            <String HPOS="1406" VPOS="3214" HEIGHT="21" WIDTH="54" ID="PAG_46_ST000162" WC="0.73" CONTENT="Jim" STYLEREFS="TXT_10"/>
            <SP ID="PAG_46_SP000128" HPOS="1460" VPOS="3215" WIDTH="30"/>
            <String HPOS="1490" VPOS="3215" HEIGHT="20" WIDTH="71" ID="PAG_46_ST000163" WC="0.99" CONTENT="reste" STYLEREFS="TXT_10"/>
            <SP ID="PAG_46_SP000129" HPOS="1561" VPOS="3218" WIDTH="30"/>
            <String HPOS="1591" VPOS="3218" HEIGHT="17" WIDTH="63" ID="PAG_46_ST000164" WC="1" CONTENT="avec" STYLEREFS="TXT_10"/>
            <SP ID="PAG_46_SP000130" HPOS="1654" VPOS="3218" WIDTH="29"/>
            <String HPOS="1683" VPOS="3218" HEIGHT="17" WIDTH="29" ID="PAG_46_ST000165" WC="1" CONTENT="sa" STYLEREFS="TXT_10"/>
            <SP ID="PAG_46_SP000131" HPOS="1712" VPOS="3212" WIDTH="30"/>
            <String HPOS="1742" VPOS="3212" HEIGHT="24" WIDTH="80" ID="PAG_46_ST000166" WC="0.82" CONTENT="mère." STYLEREFS="TXT_10"/>
            <SP ID="PAG_46_SP000132" HPOS="1822" VPOS="3212" WIDTH="30"/>
            <String HPOS="1852" VPOS="3212" HEIGHT="22" WIDTH="67" ID="PAG_46_ST000167" WC="0.99" CONTENT="Jack" STYLEREFS="TXT_10"/>
          </TextLine>
          <TextLine HPOS="1189" VPOS="3244" HEIGHT="28" WIDTH="728" ID="PAG_46_TL000036" STYLEREFS="TXT_10">
            <String HPOS="1189" VPOS="3252" HEIGHT="17" WIDTH="31" ID="PAG_46_ST000168" WC="1" CONTENT="va" STYLEREFS="TXT_10"/>
            <SP ID="PAG_46_SP000133" HPOS="1220" VPOS="3252" WIDTH="28"/>
            <String HPOS="1248" VPOS="3252" HEIGHT="17" WIDTH="33" ID="PAG_46_ST000169" WC="1" CONTENT="en" STYLEREFS="TXT_10"/>
            <SP ID="PAG_46_SP000134" HPOS="1281" VPOS="3248" WIDTH="29"/>
            <String HPOS="1310" VPOS="3248" HEIGHT="20" WIDTH="20" ID="PAG_46_ST000170" WC="0.5" CONTENT="A" STYLEREFS="TXT_10"/>
            <SP ID="PAG_46_SP000135" HPOS="1330" VPOS="3252" WIDTH="16"/>
            <String HPOS="1346" VPOS="3252" HEIGHT="19" WIDTH="4" ID="PAG_46_ST000171" WC="0.5" CONTENT=";" STYLEREFS="TXT_10"/>
            <SP ID="PAG_46_SP000136" HPOS="1350" VPOS="3246" WIDTH="34"/>
            <String HPOS="1384" VPOS="3246" HEIGHT="22" WIDTH="18" ID="PAG_46_ST000172" WC="0.41" CONTENT="il" STYLEREFS="TXT_10"/>
            <SP ID="PAG_46_SP000137" HPOS="1402" VPOS="3246" WIDTH="31"/>
            <String HPOS="1433" VPOS="3246" HEIGHT="22" WIDTH="88" ID="PAG_46_ST000173" WC="1" CONTENT="donne" STYLEREFS="TXT_10"/>
            <SP ID="PAG_46_SP000138" HPOS="1521" VPOS="3247" WIDTH="29"/>
            <String HPOS="1550" VPOS="3247" HEIGHT="21" WIDTH="26" ID="PAG_46_ST000174" WC="1" CONTENT="la" STYLEREFS="TXT_10"/>
            <SP ID="PAG_46_SP000139" HPOS="1576" VPOS="3247" WIDTH="29"/>
            <String HPOS="1605" VPOS="3247" HEIGHT="25" WIDTH="101" ID="PAG_46_ST000175" WC="1" CONTENT="barque" STYLEREFS="TXT_10"/>
            <SP ID="PAG_46_SP000140" HPOS="1706" VPOS="3246" WIDTH="29"/>
            <String HPOS="1735" VPOS="3246" HEIGHT="21" WIDTH="15" ID="PAG_46_ST000176" WC="1" CONTENT="à" STYLEREFS="TXT_10"/>
            <SP ID="PAG_46_SP000141" HPOS="1750" VPOS="3251" WIDTH="30"/>
            <String HPOS="1780" VPOS="3251" HEIGHT="16" WIDTH="48" ID="PAG_46_ST000177" WC="1" CONTENT="son" STYLEREFS="TXT_10"/>
            <SP ID="PAG_46_SP000142" HPOS="1828" VPOS="3244" WIDTH="28"/>
            <String HPOS="1856" VPOS="3244" HEIGHT="26" WIDTH="61" ID="PAG_46_ST000178" WC="1" CONTENT="père" STYLEREFS="TXT_10"/>
          </TextLine>
          <TextLine HPOS="1187" VPOS="3279" HEIGHT="27" WIDTH="730" ID="PAG_46_TL000037" STYLEREFS="TXT_10">
            <String HPOS="1187" VPOS="3281" HEIGHT="25" WIDTH="44" ID="PAG_46_ST000179" WC="1" CONTENT="qui" STYLEREFS="TXT_10"/>
            <SP ID="PAG_46_SP000143" HPOS="1231" VPOS="3281" WIDTH="25"/>
            <String HPOS="1256" VPOS="3281" HEIGHT="21" WIDTH="122" ID="PAG_46_ST000180" WC="1" CONTENT="traverse" STYLEREFS="TXT_10"/>
            <SP ID="PAG_46_SP000144" HPOS="1378" VPOS="3285" WIDTH="25"/>
            <String HPOS="1403" VPOS="3285" HEIGHT="16" WIDTH="33" ID="PAG_46_ST000181" WC="1" CONTENT="en" STYLEREFS="TXT_10"/>
            <SP ID="PAG_46_SP000145" HPOS="1436" VPOS="3280" WIDTH="26"/>
            <String HPOS="1462" VPOS="3280" HEIGHT="21" WIDTH="21" ID="PAG_46_ST000182" WC="1" CONTENT="B" STYLEREFS="TXT_10"/>
            <SP ID="PAG_46_SP000146" HPOS="1483" VPOS="3280" WIDTH="25"/>
            <String HPOS="1508" VPOS="3280" HEIGHT="22" WIDTH="33" ID="PAG_46_ST000183" WC="1" CONTENT="où" STYLEREFS="TXT_10"/>
            <SP ID="PAG_46_SP000147" HPOS="1541" VPOS="3280" WIDTH="26"/>
            <String HPOS="1567" VPOS="3280" HEIGHT="21" WIDTH="54" ID="PAG_46_ST000184" WC="0.98" CONTENT="Jim" STYLEREFS="TXT_10"/>
            <SP ID="PAG_46_SP000148" HPOS="1621" VPOS="3279" WIDTH="25"/>
            <String HPOS="1646" VPOS="3279" HEIGHT="25" WIDTH="86" ID="PAG_46_ST000185" WC="1" CONTENT="prend" STYLEREFS="TXT_10"/>
            <SP ID="PAG_46_SP000149" HPOS="1732" VPOS="3279" WIDTH="26"/>
            <String HPOS="1758" VPOS="3279" HEIGHT="21" WIDTH="26" ID="PAG_46_ST000186" WC="1" CONTENT="la" STYLEREFS="TXT_10"/>
            <SP ID="PAG_46_SP000150" HPOS="1784" VPOS="3279" WIDTH="25"/>
            <String HPOS="1809" VPOS="3279" HEIGHT="24" WIDTH="108" ID="PAG_46_ST000187" WC="1" CONTENT="barque," STYLEREFS="TXT_10"/>
          </TextLine>
          <TextLine HPOS="1186" VPOS="3310" HEIGHT="25" WIDTH="760" ID="PAG_46_TL000038" STYLEREFS="TXT_10">
            <String HPOS="1186" VPOS="3319" HEIGHT="16" WIDTH="33" ID="PAG_46_ST000188" WC="1" CONTENT="va" STYLEREFS="TXT_10"/>
            <SP ID="PAG_46_SP000151" HPOS="1219" VPOS="3314" WIDTH="20"/>
            <String HPOS="1239" VPOS="3314" HEIGHT="21" WIDTH="160" ID="PAG_46_ST000189" WC="1" CONTENT="rechercher" STYLEREFS="TXT_10"/>
            <SP ID="PAG_46_SP000152" HPOS="1399" VPOS="3314" WIDTH="18"/>
            <String HPOS="1417" VPOS="3314" HEIGHT="21" WIDTH="68" ID="PAG_46_ST000190" WC="1" CONTENT="Jack" STYLEREFS="TXT_10"/>
            <SP ID="PAG_46_SP000153" HPOS="1485" VPOS="3318" WIDTH="18"/>
            <String HPOS="1503" VPOS="3318" HEIGHT="17" WIDTH="34" ID="PAG_46_ST000191" WC="1" CONTENT="en" STYLEREFS="TXT_10"/>
            <SP ID="PAG_46_SP000154" HPOS="1537" VPOS="3314" WIDTH="21"/>
            <String HPOS="1558" VPOS="3314" HEIGHT="21" WIDTH="19" ID="PAG_46_ST000192" WC="0.71" CONTENT="A" STYLEREFS="TXT_10"/>
            <SP ID="PAG_46_SP000155" HPOS="1577" VPOS="3314" WIDTH="19"/>
            <String HPOS="1596" VPOS="3314" HEIGHT="21" WIDTH="27" ID="PAG_46_ST000193" WC="1" CONTENT="et" STYLEREFS="TXT_10"/>
            <SP ID="PAG_46_SP000156" HPOS="1623" VPOS="3313" WIDTH="20"/>
            <String HPOS="1643" VPOS="3313" HEIGHT="21" WIDTH="33" ID="PAG_46_ST000194" WC="0.75" CONTENT="Ils" STYLEREFS="TXT_10"/>
            <SP ID="PAG_46_SP000157" HPOS="1676" VPOS="3313" WIDTH="20"/>
            <String HPOS="1696" VPOS="3313" HEIGHT="22" WIDTH="154" ID="PAG_46_ST000195" WC="1" CONTENT="traversent" STYLEREFS="TXT_10"/>
            <SP ID="PAG_46_SP000158" HPOS="1850" VPOS="3310" WIDTH="21"/>
            <String HPOS="1871" VPOS="3310" HEIGHT="23" WIDTH="45" ID="PAG_46_ST000196" WC="1" CONTENT="dé-" SUBS_TYPE="HypPart1" SUBS_CONTENT="définitivement." STYLEREFS="TXT_10"/>
            <HYP HPOS="1916" VPOS="3333" WIDTH="30" CONTENT="-"/>
          </TextLine>
          <TextLine HPOS="1185" VPOS="3347" HEIGHT="22" WIDTH="196" ID="PAG_46_TL000039" STYLEREFS="TXT_10">
            <String HPOS="1185" VPOS="3347" HEIGHT="22" WIDTH="196" ID="PAG_46_ST000197" WC="0.99" CONTENT="finitivement." SUBS_TYPE="HypPart2" SUBS_CONTENT="définitivement." STYLEREFS="TXT_10"/>
          </TextLine>
        </TextBlock>
        <TextBlock HPOS="1206" VPOS="3414" HEIGHT="123" WIDTH="691" ID="PAG_46_TB000019" LANG="fr" STYLEREFS="TXT_18">
          <TextLine HPOS="1206" VPOS="3414" HEIGHT="33" WIDTH="691" ID="PAG_46_TL000040" STYLEREFS="TXT_18">
            <String HPOS="1206" VPOS="3418" HEIGHT="29" WIDTH="32" ID="PAG_46_ST000198" WC="1" CONTENT="2°" STYLEREFS="TXT_18"/>
            <SP ID="PAG_46_SP000159" HPOS="1238" VPOS="3415" WIDTH="29"/>
            <String HPOS="1267" VPOS="3415" HEIGHT="32" WIDTH="280" ID="PAG_46_ST000199" WC="1" CONTENT="POUVEZ-VOUS" STYLEREFS="TXT_18"/>
            <SP ID="PAG_46_SP000160" HPOS="1547" VPOS="3415" WIDTH="27"/>
            <String HPOS="1574" VPOS="3415" HEIGHT="31" WIDTH="195" ID="PAG_46_ST000200" WC="1" CONTENT="GROUPER" STYLEREFS="TXT_18"/>
            <SP ID="PAG_46_SP000161" HPOS="1769" VPOS="3414" WIDTH="26"/>
            <String HPOS="1795" VPOS="3414" HEIGHT="31" WIDTH="102" ID="PAG_46_ST000201" WC="1" CONTENT="DEUX" STYLEREFS="TXT_18"/>
          </TextLine>
          <TextLine HPOS="1252" VPOS="3460" HEIGHT="38" WIDTH="604" ID="PAG_46_TL000041" STYLEREFS="TXT_18">
            <String HPOS="1252" VPOS="3463" HEIGHT="28" WIDTH="26" ID="PAG_46_ST000202" WC="1" CONTENT="A" STYLEREFS="TXT_18"/>
            <SP ID="PAG_46_SP000162" HPOS="1278" VPOS="3461" WIDTH="30"/>
            <String HPOS="1308" VPOS="3461" HEIGHT="31" WIDTH="101" ID="PAG_46_ST000203" WC="1" CONTENT="DEUX" STYLEREFS="TXT_18"/>
            <SP ID="PAG_46_SP000163" HPOS="1409" VPOS="3460" WIDTH="30"/>
            <String HPOS="1439" VPOS="3460" HEIGHT="31" WIDTH="60" ID="PAG_46_ST000204" WC="1" CONTENT="LES" STYLEREFS="TXT_18"/>
            <SP ID="PAG_46_SP000164" HPOS="1499" VPOS="3460" WIDTH="29"/>
            <String HPOS="1528" VPOS="3460" HEIGHT="31" WIDTH="111" ID="PAG_46_ST000205" WC="1" CONTENT="MOTS" STYLEREFS="TXT_18"/>
            <SP ID="PAG_46_SP000165" HPOS="1639" VPOS="3460" WIDTH="28"/>
            <String HPOS="1667" VPOS="3460" HEIGHT="38" WIDTH="74" ID="PAG_46_ST000206" WC="1" CONTENT="QUI" STYLEREFS="TXT_18"/>
            <SP ID="PAG_46_SP000166" HPOS="1741" VPOS="3460" WIDTH="29"/>
            <String HPOS="1770" VPOS="3460" HEIGHT="30" WIDTH="86" ID="PAG_46_ST000207" WC="1" CONTENT="ONT" STYLEREFS="TXT_18"/>
          </TextLine>
          <TextLine HPOS="1228" VPOS="3505" HEIGHT="32" WIDTH="649" ID="PAG_46_TL000042" STYLEREFS="TXT_18">
            <String HPOS="1228" VPOS="3506" HEIGHT="31" WIDTH="287" ID="PAG_46_ST000208" WC="1" CONTENT="SENSIBLEMENT" STYLEREFS="TXT_18"/>
            <SP ID="PAG_46_SP000167" HPOS="1515" VPOS="3506" WIDTH="27"/>
            <String HPOS="1542" VPOS="3506" HEIGHT="30" WIDTH="39" ID="PAG_46_ST000209" WC="1" CONTENT="LE" STYLEREFS="TXT_18"/>
            <SP ID="PAG_46_SP000168" HPOS="1581" VPOS="3506" WIDTH="28"/>
            <String HPOS="1609" VPOS="3506" HEIGHT="30" WIDTH="116" ID="PAG_46_ST000210" WC="1" CONTENT="MEME" STYLEREFS="TXT_18"/>
            <SP ID="PAG_46_SP000169" HPOS="1725" VPOS="3505" WIDTH="27"/>
            <String HPOS="1752" VPOS="3505" HEIGHT="31" WIDTH="125" ID="PAG_46_ST000211" WC="1" CONTENT="SENS?" STYLEREFS="TXT_18"/>
          </TextLine>
        </TextBlock>
        <TextBlock HPOS="1456" VPOS="3562" HEIGHT="38" WIDTH="182" ID="PAG_46_TB000020" LANG="fr" STYLEREFS="TXT_10">
          <TextLine HPOS="1456" VPOS="3562" HEIGHT="38" WIDTH="182" ID="PAG_46_TL000043" STYLEREFS="TXT_10">
            <String HPOS="1456" VPOS="3562" HEIGHT="38" WIDTH="182" ID="PAG_46_ST000212" WC="0.98" CONTENT="(Réponse.)" STYLEREFS="TXT_10"/>
          </TextLine>
        </TextBlock>
        <TextBlock HPOS="1396" VPOS="3626" HEIGHT="23" WIDTH="282" ID="PAG_46_TB000021" LANG="fr" STYLEREFS="TXT_10">
          <TextLine HPOS="1396" VPOS="3626" HEIGHT="23" WIDTH="282" ID="PAG_46_TL000044" STYLEREFS="TXT_10">
            <String HPOS="1396" VPOS="3628" HEIGHT="21" WIDTH="136" ID="PAG_46_ST000213" WC="1" CONTENT="Autruche" STYLEREFS="TXT_10"/>
            <SP ID="PAG_46_SP000170" HPOS="1532" VPOS="3634" WIDTH="28"/>
            <String HPOS="1560" VPOS="3634" HEIGHT="10" WIDTH="20" ID="PAG_46_ST000214" WC="1" CONTENT="=" STYLEREFS="TXT_10"/>
            <SP ID="PAG_46_SP000171" HPOS="1580" VPOS="3626" WIDTH="21"/>
            <String HPOS="1601" VPOS="3626" HEIGHT="22" WIDTH="77" ID="PAG_46_ST000215" WC="1" CONTENT="émeu" STYLEREFS="TXT_10"/>
          </TextLine>
        </TextBlock>
        <TextBlock HPOS="1317" VPOS="3660" HEIGHT="25" WIDTH="441" ID="PAG_46_TB000022" LANG="fr" STYLEREFS="TXT_10">
          <TextLine HPOS="1317" VPOS="3660" HEIGHT="25" WIDTH="441" ID="PAG_46_TL000045" STYLEREFS="TXT_10">
            <String HPOS="1317" VPOS="3661" HEIGHT="22" WIDTH="215" ID="PAG_46_ST000216" WC="0.99" CONTENT="Chauve-souris" STYLEREFS="TXT_10"/>
            <SP ID="PAG_46_SP000172" HPOS="1532" VPOS="3667" WIDTH="23"/>
            <String HPOS="1555" VPOS="3667" HEIGHT="10" WIDTH="21" ID="PAG_46_ST000217" WC="1" CONTENT="=" STYLEREFS="TXT_10"/>
            <SP ID="PAG_46_SP000173" HPOS="1576" VPOS="3660" WIDTH="23"/>
            <String HPOS="1599" VPOS="3660" HEIGHT="25" WIDTH="159" ID="PAG_46_ST000218" WC="0.96" CONTENT="rhinopome" STYLEREFS="TXT_10"/>
          </TextLine>
        </TextBlock>
        <TextBlock HPOS="1334" VPOS="3696" HEIGHT="23" WIDTH="369" ID="PAG_46_TB000023" LANG="fr" STYLEREFS="TXT_10">
          <TextLine HPOS="1334" VPOS="3696" HEIGHT="23" WIDTH="369" ID="PAG_46_TL000046" STYLEREFS="TXT_10">
            <String HPOS="1334" VPOS="3696" HEIGHT="20" WIDTH="54" ID="PAG_46_ST000219" WC="0.98" CONTENT="Ane" STYLEREFS="TXT_10"/>
            <SP ID="PAG_46_SP000174" HPOS="1388" VPOS="3699" WIDTH="28"/>
            <String HPOS="1416" VPOS="3699" HEIGHT="20" WIDTH="116" ID="PAG_46_ST000220" WC="1" CONTENT="sauvage" STYLEREFS="TXT_10"/>
            <SP ID="PAG_46_SP000175" HPOS="1532" VPOS="3701" WIDTH="27"/>
            <String HPOS="1559" VPOS="3701" HEIGHT="9" WIDTH="20" ID="PAG_46_ST000221" WC="1" CONTENT="=" STYLEREFS="TXT_10"/>
            <SP ID="PAG_46_SP000176" HPOS="1579" VPOS="3698" WIDTH="23"/>
            <String HPOS="1602" VPOS="3698" HEIGHT="21" WIDTH="101" ID="PAG_46_ST000222" WC="1" CONTENT="onagre" STYLEREFS="TXT_10"/>
          </TextLine>
        </TextBlock>
        <TextBlock HPOS="1307" VPOS="3726" HEIGHT="59" WIDTH="417" ID="PAG_46_TB000024" LANG="fr" STYLEREFS="TXT_10">
          <TextLine HPOS="1307" VPOS="3726" HEIGHT="27" WIDTH="417" ID="PAG_46_TL000047" STYLEREFS="TXT_10">
            <String HPOS="1307" VPOS="3728" HEIGHT="22" WIDTH="78" ID="PAG_46_ST000223" WC="1" CONTENT="Croix" STYLEREFS="TXT_10"/>
            <SP ID="PAG_46_SP000177" HPOS="1385" VPOS="3726" WIDTH="27"/>
            <String HPOS="1412" VPOS="3726" HEIGHT="27" WIDTH="120" ID="PAG_46_ST000224" WC="0.99" CONTENT="gammée" STYLEREFS="TXT_10"/>
            <SP ID="PAG_46_SP000178" HPOS="1532" VPOS="3734" WIDTH="28"/>
            <String HPOS="1560" VPOS="3734" HEIGHT="9" WIDTH="18" ID="PAG_46_ST000225" WC="1" CONTENT="=" STYLEREFS="TXT_10"/>
            <SP ID="PAG_46_SP000179" HPOS="1578" VPOS="3727" WIDTH="24"/>
            <String HPOS="1602" VPOS="3727" HEIGHT="21" WIDTH="122" ID="PAG_46_ST000226" WC="1" CONTENT="svastika" STYLEREFS="TXT_10"/>
          </TextLine>
          <TextLine HPOS="1321" VPOS="3760" HEIGHT="25" WIDTH="368" ID="PAG_46_TL000048" STYLEREFS="TXT_10">
            <String HPOS="1321" VPOS="3761" HEIGHT="22" WIDTH="68" ID="PAG_46_ST000227" WC="1" CONTENT="Chat" STYLEREFS="TXT_10"/>
            <SP ID="PAG_46_SP000180" HPOS="1389" VPOS="3765" WIDTH="26"/>
            <String HPOS="1415" VPOS="3765" HEIGHT="20" WIDTH="116" ID="PAG_46_ST000228" WC="1" CONTENT="sauvage" STYLEREFS="TXT_10"/>
            <SP ID="PAG_46_SP000181" HPOS="1531" VPOS="3767" WIDTH="29"/>
            <String HPOS="1560" VPOS="3767" HEIGHT="9" WIDTH="19" ID="PAG_46_ST000229" WC="1" CONTENT="=" STYLEREFS="TXT_10"/>
            <SP ID="PAG_46_SP000182" HPOS="1579" VPOS="3760" WIDTH="23"/>
            <String HPOS="1602" VPOS="3760" HEIGHT="20" WIDTH="87" ID="PAG_46_ST000230" WC="0.99" CONTENT="serval" STYLEREFS="TXT_10"/>
          </TextLine>
        </TextBlock>
        <TextBlock HPOS="1465" VPOS="3793" HEIGHT="24" WIDTH="252" ID="PAG_46_TB000025" LANG="fr" STYLEREFS="TXT_10">
          <TextLine HPOS="1465" VPOS="3793" HEIGHT="24" WIDTH="252" ID="PAG_46_TL000049" STYLEREFS="TXT_10">
            <String HPOS="1465" VPOS="3794" HEIGHT="20" WIDTH="66" ID="PAG_46_ST000231" WC="0.97" CONTENT="Elan" STYLEREFS="TXT_10"/>
            <SP ID="PAG_46_SP000183" HPOS="1531" VPOS="3800" WIDTH="27"/>
            <String HPOS="1558" VPOS="3800" HEIGHT="9" WIDTH="20" ID="PAG_46_ST000232" WC="1" CONTENT="=" STYLEREFS="TXT_10"/>
            <SP ID="PAG_46_SP000184" HPOS="1578" VPOS="3793" WIDTH="23"/>
            <String HPOS="1601" VPOS="3793" HEIGHT="24" WIDTH="116" ID="PAG_46_ST000233" WC="0.99" CONTENT="original" STYLEREFS="TXT_10"/>
          </TextLine>
        </TextBlock>
        <TextBlock HPOS="1375" VPOS="3826" HEIGHT="25" WIDTH="375" ID="PAG_46_TB000026" LANG="fr" STYLEREFS="TXT_10">
          <TextLine HPOS="1375" VPOS="3826" HEIGHT="25" WIDTH="375" ID="PAG_46_TL000050" STYLEREFS="TXT_10">
            <String HPOS="1375" VPOS="3827" HEIGHT="21" WIDTH="156" ID="PAG_46_ST000234" WC="1" CONTENT="Hirondelle" STYLEREFS="TXT_10"/>
            <SP ID="PAG_46_SP000185" HPOS="1531" VPOS="3833" WIDTH="27"/>
            <String HPOS="1558" VPOS="3833" HEIGHT="9" WIDTH="19" ID="PAG_46_ST000235" WC="0.5" CONTENT="=" STYLEREFS="TXT_10"/>
            <SP ID="PAG_46_SP000186" HPOS="1577" VPOS="3826" WIDTH="23"/>
            <String HPOS="1600" VPOS="3826" HEIGHT="25" WIDTH="150" ID="PAG_46_ST000236" WC="1" CONTENT="salangane" STYLEREFS="TXT_10"/>
          </TextLine>
        </TextBlock>
        <TextBlock HPOS="1282" VPOS="3858" HEIGHT="27" WIDTH="407" ID="PAG_46_TB000027" LANG="fr" STYLEREFS="TXT_10">
          <TextLine HPOS="1282" VPOS="3858" HEIGHT="27" WIDTH="407" ID="PAG_46_TL000051" STYLEREFS="TXT_10">
            <String HPOS="1282" VPOS="3861" HEIGHT="22" WIDTH="107" ID="PAG_46_ST000237" WC="1" CONTENT="Cochon" STYLEREFS="TXT_10"/>
            <SP ID="PAG_46_SP000187" HPOS="1389" VPOS="3865" WIDTH="25"/>
            <String HPOS="1414" VPOS="3865" HEIGHT="20" WIDTH="117" ID="PAG_46_ST000238" WC="1" CONTENT="sauvage" STYLEREFS="TXT_10"/>
            <SP ID="PAG_46_SP000188" HPOS="1531" VPOS="3867" WIDTH="26"/>
            <String HPOS="1557" VPOS="3867" HEIGHT="9" WIDTH="20" ID="PAG_46_ST000239" WC="0.5" CONTENT="=" STYLEREFS="TXT_10"/>
            <SP ID="PAG_46_SP000189" HPOS="1577" VPOS="3858" WIDTH="24"/>
            <String HPOS="1601" VPOS="3858" HEIGHT="26" WIDTH="88" ID="PAG_46_ST000240" WC="1" CONTENT="pécari" STYLEREFS="TXT_10"/>
          </TextLine>
        </TextBlock>
        <TextBlock HPOS="1332" VPOS="3928" HEIGHT="32" WIDTH="437" ID="PAG_46_TB000028" LANG="fr" STYLEREFS="TXT_18">
          <TextLine HPOS="1332" VPOS="3928" HEIGHT="32" WIDTH="437" ID="PAG_46_TL000052" STYLEREFS="TXT_18">
            <String HPOS="1332" VPOS="3931" HEIGHT="29" WIDTH="30" ID="PAG_46_ST000241" WC="0.98" CONTENT="3&quot;" STYLEREFS="TXT_18"/>
            <SP ID="PAG_46_SP000190" HPOS="1362" VPOS="3930" WIDTH="31"/>
            <String HPOS="1393" VPOS="3930" HEIGHT="30" WIDTH="56" ID="PAG_46_ST000242" WC="1" CONTENT="UN" STYLEREFS="TXT_18"/>
            <SP ID="PAG_46_SP000191" HPOS="1449" VPOS="3929" WIDTH="27"/>
            <String HPOS="1476" VPOS="3929" HEIGHT="30" WIDTH="81" ID="PAG_46_ST000243" WC="1" CONTENT="CAS" STYLEREFS="TXT_18"/>
            <SP ID="PAG_46_SP000192" HPOS="1557" VPOS="3928" WIDTH="28"/>
            <String HPOS="1585" VPOS="3928" HEIGHT="31" WIDTH="184" ID="PAG_46_ST000244" WC="1" CONTENT="DIFFICILE" STYLEREFS="TXT_18"/>
          </TextLine>
        </TextBlock>
        <TextBlock HPOS="1307" VPOS="3986" HEIGHT="37" WIDTH="466" ID="PAG_46_TB000029" LANG="fr" STYLEREFS="TXT_10">
          <TextLine HPOS="1307" VPOS="3986" HEIGHT="37" WIDTH="466" ID="PAG_46_TL000053" STYLEREFS="TXT_10">
            <String HPOS="1307" VPOS="3986" HEIGHT="37" WIDTH="153" ID="PAG_46_ST000245" WC="0.99" CONTENT="(Réponse" STYLEREFS="TXT_10"/>
            <SP ID="PAG_46_SP000193" HPOS="1460" VPOS="3986" WIDTH="25"/>
            <String HPOS="1485" VPOS="3986" HEIGHT="30" WIDTH="38" ID="PAG_46_ST000246" WC="1" CONTENT="de" STYLEREFS="TXT_10"/>
            <SP ID="PAG_46_SP000194" HPOS="1523" VPOS="3986" WIDTH="27"/>
            <String HPOS="1550" VPOS="3986" HEIGHT="28" WIDTH="28" ID="PAG_46_ST000247" WC="0.51" CONTENT="/0" STYLEREFS="TXT_10"/>
            <SP ID="PAG_46_SP000195" HPOS="1578" VPOS="3997" WIDTH="24"/>
            <String HPOS="1602" VPOS="3997" HEIGHT="25" WIDTH="82" ID="PAG_46_ST000248" WC="1" CONTENT="page" STYLEREFS="TXT_10"/>
            <SP ID="PAG_46_SP000196" HPOS="1684" VPOS="3986" WIDTH="24"/>
            <String HPOS="1708" VPOS="3986" HEIGHT="36" WIDTH="65" ID="PAG_46_ST000249" WC="0.78" CONTENT="41.11" STYLEREFS="TXT_10"/>
          </TextLine>
        </TextBlock>
        <TextBlock HPOS="1182" VPOS="4049" HEIGHT="56" WIDTH="754" ID="PAG_46_TB000030" LANG="fr" STYLEREFS="TXT_10">
          <TextLine HPOS="1210" VPOS="4049" HEIGHT="27" WIDTH="726" ID="PAG_46_TL000054" STYLEREFS="TXT_10">
            <String HPOS="1210" VPOS="4051" HEIGHT="21" WIDTH="34" ID="PAG_46_ST000250" WC="1" CONTENT="Ce" STYLEREFS="TXT_10"/>
            <SP ID="PAG_46_SP000197" HPOS="1244" VPOS="4051" WIDTH="26"/>
            <String HPOS="1270" VPOS="4051" HEIGHT="25" WIDTH="154" ID="PAG_46_ST000251" WC="1" CONTENT="prisonnier" STYLEREFS="TXT_10"/>
            <SP ID="PAG_46_SP000198" HPOS="1424" VPOS="4055" WIDTH="27"/>
            <String HPOS="1451" VPOS="4055" HEIGHT="16" WIDTH="14" ID="PAG_46_ST000252" WC="1" CONTENT="a" STYLEREFS="TXT_10"/>
            <SP ID="PAG_46_SP000199" HPOS="1465" VPOS="4050" WIDTH="27"/>
            <String HPOS="1492" VPOS="4050" HEIGHT="21" WIDTH="51" ID="PAG_46_ST000253" WC="0.99" CONTENT="fait" STYLEREFS="TXT_10"/>
            <SP ID="PAG_46_SP000200" HPOS="1543" VPOS="4049" WIDTH="28"/>
            <String HPOS="1571" VPOS="4049" HEIGHT="22" WIDTH="22" ID="PAG_46_ST000254" WC="1" CONTENT="le" STYLEREFS="TXT_10"/>
            <SP ID="PAG_46_SP000201" HPOS="1593" VPOS="4050" WIDTH="28"/>
            <String HPOS="1621" VPOS="4050" HEIGHT="22" WIDTH="203" ID="PAG_46_ST000255" WC="1" CONTENT="raisonnement" STYLEREFS="TXT_10"/>
            <SP ID="PAG_46_SP000202" HPOS="1824" VPOS="4050" WIDTH="27"/>
            <String HPOS="1851" VPOS="4050" HEIGHT="22" WIDTH="55" ID="PAG_46_ST000256" WC="0.99" CONTENT="sui-" SUBS_TYPE="HypPart1" SUBS_CONTENT="suivant" STYLEREFS="TXT_10"/>
            <HYP HPOS="1906" VPOS="4072" WIDTH="30" CONTENT="-"/>
          </TextLine>
          <TextLine HPOS="1182" VPOS="4085" HEIGHT="20" WIDTH="97" ID="PAG_46_TL000055" STYLEREFS="TXT_10">
            <String HPOS="1182" VPOS="4085" HEIGHT="20" WIDTH="64" ID="PAG_46_ST000257" WC="0.93" CONTENT="vant" SUBS_TYPE="HypPart2" SUBS_CONTENT="suivant" STYLEREFS="TXT_10"/>
            <SP ID="PAG_46_SP000203" HPOS="1246" VPOS="4089" WIDTH="28"/>
            <String HPOS="1274" VPOS="4089" HEIGHT="15" WIDTH="5" ID="PAG_46_ST000258" WC="1" CONTENT=":" STYLEREFS="TXT_10"/>
          </TextLine>
        </TextBlock>
        <TextBlock HPOS="1176" VPOS="4116" HEIGHT="156" WIDTH="735" ID="PAG_46_TB000031" LANG="fr" STYLEREFS="TXT_10">
          <TextLine HPOS="1211" VPOS="4116" HEIGHT="26" WIDTH="696" ID="PAG_46_TL000056" STYLEREFS="TXT_10">
            <String HPOS="1211" VPOS="4117" HEIGHT="25" WIDTH="157" ID="PAG_46_ST000259" WC="1" CONTENT="Supposons" STYLEREFS="TXT_10"/>
            <SP ID="PAG_46_SP000204" HPOS="1368" VPOS="4122" WIDTH="26"/>
            <String HPOS="1394" VPOS="4122" HEIGHT="19" WIDTH="50" ID="PAG_46_ST000260" WC="0.99" CONTENT="que" STYLEREFS="TXT_10"/>
            <SP ID="PAG_46_SP000205" HPOS="1444" VPOS="4117" WIDTH="24"/>
            <String HPOS="1468" VPOS="4117" HEIGHT="24" WIDTH="65" ID="PAG_46_ST000261" WC="0.99" CONTENT="J'aie" STYLEREFS="TXT_10"/>
            <SP ID="PAG_46_SP000206" HPOS="1533" VPOS="4116" WIDTH="26"/>
            <String HPOS="1559" VPOS="4116" HEIGHT="21" WIDTH="70" ID="PAG_46_ST000262" WC="1" CONTENT="ainsi" STYLEREFS="TXT_10"/>
            <SP ID="PAG_46_SP000207" HPOS="1629" VPOS="4121" WIDTH="26"/>
            <String HPOS="1655" VPOS="4121" HEIGHT="20" WIDTH="50" ID="PAG_46_ST000263" WC="0.99" CONTENT="que" STYLEREFS="TXT_10"/>
            <SP ID="PAG_46_SP000208" HPOS="1705" VPOS="4121" WIDTH="26"/>
            <String HPOS="1731" VPOS="4121" HEIGHT="16" WIDTH="62" ID="PAG_46_ST000264" WC="1" CONTENT="mon" STYLEREFS="TXT_10"/>
            <SP ID="PAG_46_SP000209" HPOS="1793" VPOS="4116" WIDTH="27"/>
            <String HPOS="1820" VPOS="4116" HEIGHT="21" WIDTH="87" ID="PAG_46_ST000265" WC="1" CONTENT="voisin" STYLEREFS="TXT_10"/>
          </TextLine>
          <TextLine HPOS="1183" VPOS="4149" HEIGHT="25" WIDTH="728" ID="PAG_46_TL000057" STYLEREFS="TXT_10">
            <String HPOS="1183" VPOS="4150" HEIGHT="21" WIDTH="31" ID="PAG_46_ST000266" WC="1" CONTENT="de" STYLEREFS="TXT_10"/>
            <SP ID="PAG_46_SP000210" HPOS="1214" VPOS="4150" WIDTH="33"/>
            <String HPOS="1247" VPOS="4150" HEIGHT="21" WIDTH="87" ID="PAG_46_ST000267" WC="1" CONTENT="droite" STYLEREFS="TXT_10"/>
            <SP ID="PAG_46_SP000211" HPOS="1334" VPOS="4149" WIDTH="28"/>
            <String HPOS="1362" VPOS="4149" HEIGHT="22" WIDTH="38" ID="PAG_46_ST000268" WC="0.68" CONTENT="\in" STYLEREFS="TXT_10"/>
            <SP ID="PAG_46_SP000212" HPOS="1400" VPOS="4150" WIDTH="35"/>
            <String HPOS="1435" VPOS="4150" HEIGHT="24" WIDTH="92" ID="PAG_46_ST000269" WC="1" CONTENT="disque" STYLEREFS="TXT_10"/>
            <SP ID="PAG_46_SP000213" HPOS="1527" VPOS="4150" WIDTH="33"/>
            <String HPOS="1560" VPOS="4150" HEIGHT="22" WIDTH="67" ID="PAG_46_ST000270" WC="1" CONTENT="noir," STYLEREFS="TXT_10"/>
            <SP ID="PAG_46_SP000214" HPOS="1627" VPOS="4154" WIDTH="37"/>
            <String HPOS="1664" VPOS="4154" HEIGHT="16" WIDTH="61" ID="PAG_46_ST000271" WC="1" CONTENT="mon" STYLEREFS="TXT_10"/>
            <SP ID="PAG_46_SP000215" HPOS="1725" VPOS="4149" WIDTH="34"/>
            <String HPOS="1759" VPOS="4149" HEIGHT="21" WIDTH="87" ID="PAG_46_ST000272" WC="0.99" CONTENT="voisin" STYLEREFS="TXT_10"/>
            <SP ID="PAG_46_SP000216" HPOS="1846" VPOS="4149" WIDTH="33"/>
            <String HPOS="1879" VPOS="4149" HEIGHT="20" WIDTH="32" ID="PAG_46_ST000273" WC="1" CONTENT="de" STYLEREFS="TXT_10"/>
          </TextLine>
          <TextLine HPOS="1176" VPOS="4182" HEIGHT="26" WIDTH="731" ID="PAG_46_TL000058" STYLEREFS="TXT_10">
            <String HPOS="1176" VPOS="4184" HEIGHT="24" WIDTH="102" ID="PAG_46_ST000274" WC="1" CONTENT="gauche" STYLEREFS="TXT_10"/>
            <SP ID="PAG_46_SP000217" HPOS="1278" VPOS="4184" WIDTH="23"/>
            <String HPOS="1301" VPOS="4184" HEIGHT="24" WIDTH="136" ID="PAG_46_ST000275" WC="1" CONTENT="partirait," STYLEREFS="TXT_10"/>
            <SP ID="PAG_46_SP000218" HPOS="1437" VPOS="4187" WIDTH="25"/>
            <String HPOS="1462" VPOS="4187" HEIGHT="17" WIDTH="45" ID="PAG_46_ST000276" WC="1" CONTENT="car" STYLEREFS="TXT_10"/>
            <SP ID="PAG_46_SP000219" HPOS="1507" VPOS="4183" WIDTH="23"/>
            <String HPOS="1530" VPOS="4183" HEIGHT="20" WIDTH="17" ID="PAG_46_ST000277" WC="0.96" CONTENT="Il" STYLEREFS="TXT_10"/>
            <SP ID="PAG_46_SP000220" HPOS="1547" VPOS="4183" WIDTH="24"/>
            <String HPOS="1571" VPOS="4183" HEIGHT="21" WIDTH="82" ID="PAG_46_ST000278" WC="0.99" CONTENT="serait" STYLEREFS="TXT_10"/>
            <SP ID="PAG_46_SP000221" HPOS="1653" VPOS="4182" WIDTH="25"/>
            <String HPOS="1678" VPOS="4182" HEIGHT="22" WIDTH="45" ID="PAG_46_ST000279" WC="0.99" CONTENT="sûr" STYLEREFS="TXT_10"/>
            <SP ID="PAG_46_SP000222" HPOS="1723" VPOS="4183" WIDTH="22"/>
            <String HPOS="1745" VPOS="4183" HEIGHT="20" WIDTH="103" ID="PAG_46_ST000280" WC="1" CONTENT="d'avoir" STYLEREFS="TXT_10"/>
            <SP ID="PAG_46_SP000223" HPOS="1848" VPOS="4187" WIDTH="24"/>
            <String HPOS="1872" VPOS="4187" HEIGHT="16" WIDTH="35" ID="PAG_46_ST000281" WC="1" CONTENT="un" STYLEREFS="TXT_10"/>
          </TextLine>
          <TextLine HPOS="1182" VPOS="4216" HEIGHT="26" WIDTH="727" ID="PAG_46_TL000059" STYLEREFS="TXT_10">
            <String HPOS="1182" VPOS="4217" HEIGHT="25" WIDTH="94" ID="PAG_46_ST000282" WC="1" CONTENT="disque" STYLEREFS="TXT_10"/>
            <SP ID="PAG_46_SP000224" HPOS="1276" VPOS="4217" WIDTH="25"/>
            <String HPOS="1301" VPOS="4217" HEIGHT="21" WIDTH="78" ID="PAG_46_ST000283" WC="1" CONTENT="blanc" STYLEREFS="TXT_10"/>
            <SP ID="PAG_46_SP000225" HPOS="1379" VPOS="4216" WIDTH="30"/>
            <String HPOS="1409" VPOS="4216" HEIGHT="22" WIDTH="29" ID="PAG_46_ST000284" WC="0.73" CONTENT="111" STYLEREFS="TXT_10"/>
            <SP ID="PAG_46_SP000226" HPOS="1438" VPOS="4217" WIDTH="26"/>
            <String HPOS="1464" VPOS="4217" HEIGHT="24" WIDTH="45" ID="PAG_46_ST000285" WC="1" CONTENT="n'y" STYLEREFS="TXT_10"/>
            <SP ID="PAG_46_SP000227" HPOS="1509" VPOS="4216" WIDTH="26"/>
            <String HPOS="1535" VPOS="4216" HEIGHT="21" WIDTH="73" ID="PAG_46_ST000286" WC="1" CONTENT="avait" STYLEREFS="TXT_10"/>
            <SP ID="PAG_46_SP000228" HPOS="1608" VPOS="4221" WIDTH="26"/>
            <String HPOS="1634" VPOS="4221" HEIGHT="20" WIDTH="50" ID="PAG_46_ST000287" WC="0.99" CONTENT="que" STYLEREFS="TXT_10"/>
            <SP ID="PAG_46_SP000229" HPOS="1684" VPOS="4216" WIDTH="25"/>
            <String HPOS="1709" VPOS="4216" HEIGHT="21" WIDTH="67" ID="PAG_46_ST000288" WC="1" CONTENT="deux" STYLEREFS="TXT_10"/>
            <SP ID="PAG_46_SP000230" HPOS="1776" VPOS="4216" WIDTH="26"/>
            <String HPOS="1802" VPOS="4216" HEIGHT="24" WIDTH="107" ID="PAG_46_ST000289" WC="1" CONTENT="disques" STYLEREFS="TXT_10"/>
          </TextLine>
          <TextLine HPOS="1180" VPOS="4250" HEIGHT="22" WIDTH="330" ID="PAG_46_TL000060" STYLEREFS="TXT_10">
            <String HPOS="1180" VPOS="4251" HEIGHT="20" WIDTH="98" ID="PAG_46_ST000290" WC="0.95" CONTENT="noirs)." STYLEREFS="TXT_10"/>
            <SP ID="PAG_46_SP000231" HPOS="1278" VPOS="4250" WIDTH="30"/>
            <String HPOS="1308" VPOS="4250" HEIGHT="22" WIDTH="45" ID="PAG_46_ST000291" WC="0.78" CONTENT="Or," STYLEREFS="TXT_10"/>
            <SP ID="PAG_46_SP000232" HPOS="1353" VPOS="4250" WIDTH="32"/>
            <String HPOS="1385" VPOS="4250" HEIGHT="20" WIDTH="17" ID="PAG_46_ST000292" WC="0.95" CONTENT="Il" STYLEREFS="TXT_10"/>
            <SP ID="PAG_46_SP000233" HPOS="1402" VPOS="4250" WIDTH="30"/>
            <String HPOS="1432" VPOS="4250" HEIGHT="21" WIDTH="78" ID="PAG_46_ST000293" WC="0.91" CONTENT="reste." STYLEREFS="TXT_10"/>
          </TextLine>
        </TextBlock>
        <TextBlock HPOS="1181" VPOS="4282" HEIGHT="59" WIDTH="726" ID="PAG_46_TB000032" LANG="fr" STYLEREFS="TXT_10">
          <TextLine HPOS="1207" VPOS="4282" HEIGHT="26" WIDTH="700" ID="PAG_46_TL000061" STYLEREFS="TXT_10">
            <String HPOS="1207" VPOS="4284" HEIGHT="21" WIDTH="71" ID="PAG_46_ST000294" WC="1" CONTENT="C'est" STYLEREFS="TXT_10"/>
            <SP ID="PAG_46_SP000234" HPOS="1278" VPOS="4283" WIDTH="32"/>
            <String HPOS="1310" VPOS="4283" HEIGHT="22" WIDTH="68" ID="PAG_46_ST000295" WC="1" CONTENT="donc" STYLEREFS="TXT_10"/>
            <SP ID="PAG_46_SP000235" HPOS="1378" VPOS="4288" WIDTH="30"/>
            <String HPOS="1408" VPOS="4288" HEIGHT="20" WIDTH="50" ID="PAG_46_ST000296" WC="1" CONTENT="que" STYLEREFS="TXT_10"/>
            <SP ID="PAG_46_SP000236" HPOS="1458" VPOS="4287" WIDTH="30"/>
            <String HPOS="1488" VPOS="4287" HEIGHT="17" WIDTH="61" ID="PAG_46_ST000297" WC="1" CONTENT="mon" STYLEREFS="TXT_10"/>
            <SP ID="PAG_46_SP000237" HPOS="1549" VPOS="4283" WIDTH="31"/>
            <String HPOS="1580" VPOS="4283" HEIGHT="20" WIDTH="87" ID="PAG_46_ST000298" WC="0.99" CONTENT="voisin" STYLEREFS="TXT_10"/>
            <SP ID="PAG_46_SP000238" HPOS="1667" VPOS="4283" WIDTH="31"/>
            <String HPOS="1698" VPOS="4283" HEIGHT="21" WIDTH="31" ID="PAG_46_ST000299" WC="1" CONTENT="de" STYLEREFS="TXT_10"/>
            <SP ID="PAG_46_SP000239" HPOS="1729" VPOS="4282" WIDTH="30"/>
            <String HPOS="1759" VPOS="4282" HEIGHT="22" WIDTH="87" ID="PAG_46_ST000300" WC="1" CONTENT="droite" STYLEREFS="TXT_10"/>
            <SP ID="PAG_46_SP000240" HPOS="1846" VPOS="4287" WIDTH="30"/>
            <String HPOS="1876" VPOS="4287" HEIGHT="16" WIDTH="31" ID="PAG_46_ST000301" WC="1" CONTENT="ou" STYLEREFS="TXT_10"/>
          </TextLine>
          <TextLine HPOS="1181" VPOS="4316" HEIGHT="25" WIDTH="449" ID="PAG_46_TL000062" STYLEREFS="TXT_10">
            <String HPOS="1181" VPOS="4317" HEIGHT="20" WIDTH="51" ID="PAG_46_ST000302" WC="0.99" CONTENT="moi" STYLEREFS="TXT_10"/>
            <SP ID="PAG_46_SP000241" HPOS="1232" VPOS="4321" WIDTH="28"/>
            <String HPOS="1260" VPOS="4321" HEIGHT="16" WIDTH="84" ID="PAG_46_ST000303" WC="0.99" CONTENT="avons" STYLEREFS="TXT_10"/>
            <SP ID="PAG_46_SP000242" HPOS="1344" VPOS="4321" WIDTH="26"/>
            <String HPOS="1370" VPOS="4321" HEIGHT="16" WIDTH="35" ID="PAG_46_ST000304" WC="1" CONTENT="un" STYLEREFS="TXT_10"/>
            <SP ID="PAG_46_SP000243" HPOS="1405" VPOS="4317" WIDTH="26"/>
            <String HPOS="1431" VPOS="4317" HEIGHT="24" WIDTH="94" ID="PAG_46_ST000305" WC="0.99" CONTENT="disque" STYLEREFS="TXT_10"/>
            <SP ID="PAG_46_SP000244" HPOS="1525" VPOS="4316" WIDTH="27"/>
            <String HPOS="1552" VPOS="4316" HEIGHT="21" WIDTH="78" ID="PAG_46_ST000306" WC="0.99" CONTENT="blanc" STYLEREFS="TXT_10"/>
          </TextLine>
        </TextBlock>
        <TextBlock HPOS="1177" VPOS="4348" HEIGHT="93" WIDTH="729" ID="PAG_46_TB000033" LANG="fr" STYLEREFS="TXT_10">
          <TextLine HPOS="1211" VPOS="4348" HEIGHT="26" WIDTH="695" ID="PAG_46_TL000063" STYLEREFS="TXT_10">
            <String HPOS="1211" VPOS="4350" HEIGHT="21" WIDTH="26" ID="PAG_46_ST000307" WC="0.97" CONTENT="SI" STYLEREFS="TXT_10"/>
            <SP ID="PAG_46_SP000245" HPOS="1237" VPOS="4350" WIDTH="27"/>
            <String HPOS="1264" VPOS="4350" HEIGHT="24" WIDTH="99" ID="PAG_46_ST000308" WC="0.55" CONTENT="j'aval,;" STYLEREFS="TXT_10"/>
            <SP ID="PAG_46_SP000246" HPOS="1363" VPOS="4354" WIDTH="28"/>
            <String HPOS="1391" VPOS="4354" HEIGHT="16" WIDTH="34" ID="PAG_46_ST000309" WC="1" CONTENT="un" STYLEREFS="TXT_10"/>
            <SP ID="PAG_46_SP000247" HPOS="1425" VPOS="4349" WIDTH="29"/>
            <String HPOS="1454" VPOS="4349" HEIGHT="25" WIDTH="92" ID="PAG_46_ST000310" WC="0.99" CONTENT="disque" STYLEREFS="TXT_10"/>
            <SP ID="PAG_46_SP000248" HPOS="1546" VPOS="4350" WIDTH="28"/>
            <String HPOS="1574" VPOS="4350" HEIGHT="19" WIDTH="59" ID="PAG_46_ST000311" WC="0.8" CONTENT="noir" STYLEREFS="TXT_10"/>
            <SP ID="PAG_46_SP000249" HPOS="1633" VPOS="4353" WIDTH="37"/>
            <String HPOS="1670" VPOS="4353" HEIGHT="16" WIDTH="62" ID="PAG_46_ST000312" WC="0.98" CONTENT="mon" STYLEREFS="TXT_10"/>
            <SP ID="PAG_46_SP000250" HPOS="1732" VPOS="4349" WIDTH="29"/>
            <String HPOS="1761" VPOS="4349" HEIGHT="20" WIDTH="85" ID="PAG_46_ST000313" WC="0.99" CONTENT="voisin" STYLEREFS="TXT_10"/>
            <SP ID="PAG_46_SP000251" HPOS="1846" VPOS="4348" WIDTH="30"/>
            <String HPOS="1876" VPOS="4348" HEIGHT="21" WIDTH="30" ID="PAG_46_ST000314" WC="0.99" CONTENT="de" STYLEREFS="TXT_10"/>
          </TextLine>
          <TextLine HPOS="1177" VPOS="4381" HEIGHT="25" WIDTH="725" ID="PAG_46_TL000064" STYLEREFS="TXT_10">
            <String HPOS="1177" VPOS="4383" HEIGHT="21" WIDTH="86" ID="PAG_46_ST000315" WC="1" CONTENT="droite" STYLEREFS="TXT_10"/>
            <SP ID="PAG_46_SP000252" HPOS="1263" VPOS="4382" WIDTH="25"/>
            <String HPOS="1288" VPOS="4382" HEIGHT="22" WIDTH="83" ID="PAG_46_ST000316" WC="0.96" CONTENT="serait" STYLEREFS="TXT_10"/>
            <SP ID="PAG_46_SP000253" HPOS="1371" VPOS="4382" WIDTH="25"/>
            <String HPOS="1396" VPOS="4382" HEIGHT="21" WIDTH="45" ID="PAG_46_ST000317" WC="0.98" CONTENT="sûr" STYLEREFS="TXT_10"/>
            <SP ID="PAG_46_SP000254" HPOS="1441" VPOS="4383" WIDTH="24"/>
            <String HPOS="1465" VPOS="4383" HEIGHT="20" WIDTH="104" ID="PAG_46_ST000318" WC="1" CONTENT="d'avoir" STYLEREFS="TXT_10"/>
            <SP ID="PAG_46_SP000255" HPOS="1569" VPOS="4387" WIDTH="25"/>
            <String HPOS="1594" VPOS="4387" HEIGHT="16" WIDTH="35" ID="PAG_46_ST000319" WC="0.99" CONTENT="un" STYLEREFS="TXT_10"/>
            <SP ID="PAG_46_SP000256" HPOS="1629" VPOS="4382" WIDTH="26"/>
            <String HPOS="1655" VPOS="4382" HEIGHT="24" WIDTH="93" ID="PAG_46_ST000320" WC="1" CONTENT="disque" STYLEREFS="TXT_10"/>
            <SP ID="PAG_46_SP000257" HPOS="1748" VPOS="4381" WIDTH="26"/>
            <String HPOS="1774" VPOS="4381" HEIGHT="23" WIDTH="84" ID="PAG_46_ST000321" WC="1" CONTENT="blanc," STYLEREFS="TXT_10"/>
            <SP ID="PAG_46_SP000258" HPOS="1858" VPOS="4381" WIDTH="29"/>
            <String HPOS="1887" VPOS="4381" HEIGHT="20" WIDTH="15" ID="PAG_46_ST000322" WC="0.52" CONTENT="Il" STYLEREFS="TXT_10"/>
          </TextLine>
          <TextLine HPOS="1180" VPOS="4415" HEIGHT="26" WIDTH="359" ID="PAG_46_TL000065" STYLEREFS="TXT_10">
            <String HPOS="1180" VPOS="4416" HEIGHT="25" WIDTH="127" ID="PAG_46_ST000323" WC="1" CONTENT="partirait" STYLEREFS="TXT_10"/>
            <SP ID="PAG_46_SP000259" HPOS="1307" VPOS="4415" WIDTH="38"/>
            <String HPOS="1345" VPOS="4415" HEIGHT="23" WIDTH="45" ID="PAG_46_ST000324" WC="1" CONTENT="Or," STYLEREFS="TXT_10"/>
            <SP ID="PAG_46_SP000260" HPOS="1390" VPOS="4415" WIDTH="32"/>
            <String HPOS="1422" VPOS="4415" HEIGHT="21" WIDTH="16" ID="PAG_46_ST000325" WC="0.53" CONTENT="il" STYLEREFS="TXT_10"/>
            <SP ID="PAG_46_SP000261" HPOS="1438" VPOS="4416" WIDTH="31"/>
            <String HPOS="1469" VPOS="4416" HEIGHT="20" WIDTH="70" ID="PAG_46_ST000326" WC="1" CONTENT="reste" STYLEREFS="TXT_10"/>
          </TextLine>
        </TextBlock>
        <TextBlock HPOS="1171" VPOS="4447" HEIGHT="58" WIDTH="733" ID="PAG_46_TB000034" LANG="fr" STYLEREFS="TXT_10">
          <TextLine HPOS="1209" VPOS="4447" HEIGHT="27" WIDTH="695" ID="PAG_46_TL000066" STYLEREFS="TXT_10">
            <String HPOS="1209" VPOS="4450" HEIGHT="21" WIDTH="72" ID="PAG_46_ST000327" WC="0.99" CONTENT="C'est" STYLEREFS="TXT_10"/>
            <SP ID="PAG_46_SP000262" HPOS="1281" VPOS="4449" WIDTH="31"/>
            <String HPOS="1312" VPOS="4449" HEIGHT="21" WIDTH="68" ID="PAG_46_ST000328" WC="1" CONTENT="donc" STYLEREFS="TXT_10"/>
            <SP ID="PAG_46_SP000263" HPOS="1380" VPOS="4453" WIDTH="31"/>
            <String HPOS="1411" VPOS="4453" HEIGHT="19" WIDTH="49" ID="PAG_46_ST000329" WC="1" CONTENT="que" STYLEREFS="TXT_10"/>
            <SP ID="PAG_46_SP000264" HPOS="1460" VPOS="4449" WIDTH="29"/>
            <String HPOS="1489" VPOS="4449" HEIGHT="22" WIDTH="46" ID="PAG_46_ST000330" WC="0.80" CONTENT="j'ai" STYLEREFS="TXT_10"/>
            <SP ID="PAG_46_SP000265" HPOS="1535" VPOS="4453" WIDTH="33"/>
            <String HPOS="1568" VPOS="4453" HEIGHT="17" WIDTH="34" ID="PAG_46_ST000331" WC="1" CONTENT="un" STYLEREFS="TXT_10"/>
            <SP ID="PAG_46_SP000266" HPOS="1602" VPOS="4448" WIDTH="32"/>
            <String HPOS="1634" VPOS="4448" HEIGHT="26" WIDTH="92" ID="PAG_46_ST000332" WC="0.99" CONTENT="dtsque" STYLEREFS="TXT_10"/>
            <SP ID="PAG_46_SP000267" HPOS="1726" VPOS="4447" WIDTH="31"/>
            <String HPOS="1757" VPOS="4447" HEIGHT="21" WIDTH="77" ID="PAG_46_ST000333" WC="0.95" CONTENT="hlanc" STYLEREFS="TXT_10"/>
            <SP ID="PAG_46_SP000268" HPOS="1834" VPOS="4448" WIDTH="41"/>
            <String HPOS="1875" VPOS="4448" HEIGHT="20" WIDTH="29" ID="PAG_46_ST000334" WC="1" CONTENT="Je" STYLEREFS="TXT_10"/>
          </TextLine>
          <TextLine HPOS="1171" VPOS="4482" HEIGHT="23" WIDTH="179" ID="PAG_46_TL000067" STYLEREFS="TXT_10">
            <String HPOS="1171" VPOS="4487" HEIGHT="18" WIDTH="66" ID="PAG_46_ST000335" WC="0.99" CONTENT="peux" STYLEREFS="TXT_10"/>
            <SP ID="PAG_46_SP000269" HPOS="1237" VPOS="4482" WIDTH="26"/>
            <String HPOS="1263" VPOS="4482" HEIGHT="23" WIDTH="87" ID="PAG_46_ST000336" WC="0.88" CONTENT="partir" STYLEREFS="TXT_10"/>
          </TextLine>
        </TextBlock>
        <Illustration ID="PAG_46_IL000003" HPOS="1998" VPOS="287" HEIGHT="4276" WIDTH="1503"/>
      </PrintSpace>
    </Page>
  </Layout>
</alto>