<?xml version="1.0" encoding="UTF-8"?>
<alto xmlns="http://www.loc.gov/standards/alto/ns-v3#" xmlns:xsi="http://www.w3.org/2001/XMLSchema-instance" SCHEMAVERSION="alto_bnf-v2_0" xsi:schemaLocation="http://www.loc.gov/standards/alto/ns-v3# http://bibnum.bnf.fr/schema/alto_bnf-v2_0.xsd" xmlns:xlink="http://www.w3.org/TR/xlink">
  <Description>
    <MeasurementUnit>pixel</MeasurementUnit>
    <sourceImageInformation>
      <fileName>00000005.jp2</fileName>
      <fileIdentifier>ark:/12148/bpt6k47010350/f5</fileIdentifier>
      <documentIdentifier documentIdentifierLocation="NUM">4701035</documentIdentifier>
    </sourceImageInformation>
    <OCRProcessing ID="OCR_1">
      <ocrProcessingStep>
        <processingDateTime>2019-01-31</processingDateTime>
        <processingStepDescription>[001_OCR_BRUT]OCR BRUT 66.01 %</processingStepDescription>
        <processingStepDescription>[002_CHARS]{964}</processingStepDescription>
        <processingStepDescription>[003_CHARS_USED]{0}</processingStepDescription>
        <processingStepDescription>[004_CHARS_SUSPECTS_USED]{0}</processingStepDescription>
        <processingStepDescription>[005_CHARS_UNUSED]{964}</processingStepDescription>
        <processingStepDescription>[006_CHARS_SUSPECTS_UNUSED]{0}</processingStepDescription>
        <processingStepDescription>[007_STRINGS]{244}</processingStepDescription>
        <processingStepDescription>[008_STRINGS_USED]{0}</processingStepDescription>
        <processingStepDescription>[009_STRINGS_SUSPECTS_UNUSED]{0}</processingStepDescription>
        <processingStepDescription>[010_CHARS_LETTERS]{874}</processingStepDescription>
        <processingStepDescription>[011_CHARS_PUNCTUATION]{80}</processingStepDescription>
        <processingStepDescription>[012_CHARS_DIGITS]{6}</processingStepDescription>
        <processingStepDescription>[013_CHARS_SUSPECT]{0}</processingStepDescription>
        <processingStepDescription>[022_CHARS_UNUSED_BY_BLOCK]{0}</processingStepDescription>
        <processingStepDescription>[023_BLOCKS_SUSPECTS]{0}</processingStepDescription>
        <processingStepDescription>[111_LIGS_DETECTED_CURV]{0}</processingStepDescription>
      </ocrProcessingStep>
    </OCRProcessing>
  </Description>
  <Styles>
    <TextStyle FONTSIZE="19" ID="TXT_2" FONTFAMILY="Times"/>
    <TextStyle FONTSIZE="8" ID="TXT_5" FONTFAMILY="Times"/>
    <TextStyle FONTSIZE="6" ID="TXT_9" FONTFAMILY="Times"/>
    <TextStyle FONTSIZE="10" ID="TXT_19" FONTFAMILY="Times"/>
    <TextStyle FONTSIZE="20" ID="TXT_20" FONTFAMILY="Times"/>
  </Styles>
  <Tags>
    <LayoutTag TYPE="Content" ID="TAG_advertisement" LABEL="advertisement"/>
  </Tags>
  <Layout>
    <Page ID="PAG_5" HEIGHT="4983" WIDTH="3865" PHYSICAL_IMG_NR="5" QUALITY="OK" ACCURACY="100.00">
      <PrintSpace HPOS="342" VPOS="266" HEIGHT="4332" WIDTH="3179" ID="PAG_5_PrintSpace">
        <TextBlock HPOS="1369" VPOS="393" HEIGHT="50" WIDTH="146" ID="PAG_5_TB000001" TAGREFS="TAG_advertisement" LANG="fr" STYLEREFS="TXT_19">
          <TextLine HPOS="1369" VPOS="393" HEIGHT="50" WIDTH="146" ID="PAG_5_TL000001" STYLEREFS="TXT_19">
            <String HPOS="1369" VPOS="394" HEIGHT="24" WIDTH="45" ID="PAG_5_ST000001" WC="0.00" CONTENT="g*" STYLEREFS="TXT_19"/>
            <SP ID="PAG_5_SP000001" HPOS="1414" VPOS="393" WIDTH="9"/>
            <String HPOS="1423" VPOS="393" HEIGHT="50" WIDTH="92" ID="PAG_5_ST000002" WC="0.00" CONTENT="^" STYLEREFS="TXT_19"/>
          </TextLine>
        </TextBlock>
        <TextBlock HPOS="427" VPOS="2280" HEIGHT="95" WIDTH="141" ID="PAG_5_TB000002" TAGREFS="TAG_advertisement" LANG="fr" STYLEREFS="TXT_19">
          <TextLine HPOS="427" VPOS="2280" HEIGHT="95" WIDTH="141" ID="PAG_5_TL000002" STYLEREFS="TXT_19">
            <String HPOS="427" VPOS="2280" HEIGHT="95" WIDTH="141" ID="PAG_5_ST000003" WC="0.00" CONTENT="OU" STYLEREFS="TXT_19"/>
          </TextLine>
        </TextBlock>
        <TextBlock HPOS="1231" VPOS="2417" HEIGHT="71" WIDTH="59" ID="PAG_5_TB000003" TAGREFS="TAG_advertisement" LANG="fr" STYLEREFS="TXT_19">
          <TextLine HPOS="1231" VPOS="2417" HEIGHT="71" WIDTH="59" ID="PAG_5_TL000003" STYLEREFS="TXT_19">
            <String HPOS="1231" VPOS="2417" HEIGHT="71" WIDTH="59" ID="PAG_5_ST000004" WC="0.00" CONTENT="s" STYLEREFS="TXT_19"/>
          </TextLine>
        </TextBlock>
        <TextBlock HPOS="342" VPOS="2626" HEIGHT="597" WIDTH="2277" ID="PAG_5_TB000004" TAGREFS="TAG_advertisement" LANG="fr" STYLEREFS="TXT_5">
          <TextLine HPOS="342" VPOS="2626" HEIGHT="154" WIDTH="2128" ID="PAG_5_TL000004" STYLEREFS="TXT_20">
            <String HPOS="342" VPOS="2704" HEIGHT="76" WIDTH="126" ID="PAG_5_ST000005" WC="1" CONTENT="LA" STYLEREFS="TXT_20"/>
            <SP ID="PAG_5_SP000002" HPOS="468" VPOS="2702" WIDTH="56"/>
            <String HPOS="524" VPOS="2702" HEIGHT="78" WIDTH="674" ID="PAG_5_ST000006" WC="1" CONTENT="BRILLANTINE" STYLEREFS="TXT_20"/>
            <SP ID="PAG_5_SP000003" HPOS="1198" VPOS="2744" WIDTH="86"/>
            <String HPOS="1284" VPOS="2744" HEIGHT="36" WIDTH="200" ID="PAG_5_ST000007" WC="0.22" CONTENT="Dr" STYLEREFS="TXT_20"/>
            <SP ID="PAG_5_SP000004" HPOS="1484" VPOS="2696" WIDTH="50"/>
            <String HPOS="1534" VPOS="2696" HEIGHT="84" WIDTH="340" ID="PAG_5_ST000008" WC="0.16" CONTENT="C)" STYLEREFS="TXT_20"/>
            <SP ID="PAG_5_SP000005" HPOS="1874" VPOS="2706" WIDTH="60"/>
            <String HPOS="1934" VPOS="2706" HEIGHT="74" WIDTH="236" ID="PAG_5_ST000009" WC="0.00" CONTENT="*A" STYLEREFS="TXT_20"/>
            <SP ID="PAG_5_SP000006" HPOS="2170" VPOS="2626" WIDTH="258"/>
            <String HPOS="2428" VPOS="2626" HEIGHT="154" WIDTH="42" ID="PAG_5_ST000010" WC="0.00" CONTENT="t" STYLEREFS="TXT_20"/>
          </TextLine>
          <TextLine HPOS="344" VPOS="2776" HEIGHT="116" WIDTH="2136" ID="PAG_5_TL000005" STYLEREFS="TXT_20">
            <String HPOS="344" VPOS="2794" HEIGHT="92" WIDTH="405" ID="PAG_5_ST000011" WC="0.56" CONTENT="%%RICIN" STYLEREFS="TXT_20"/>
            <SP ID="PAG_5_SP000007" HPOS="749" VPOS="2794" WIDTH="1"/>
            <String HPOS="749" VPOS="2794" HEIGHT="92" WIDTH="253" ID="PAG_5_ST000012" WC="0.56" CONTENT="ËEFF" STYLEREFS="TXT_20"/>
            <SP ID="PAG_5_SP000008" HPOS="1002" VPOS="2794" WIDTH="1"/>
            <String HPOS="1002" VPOS="2794" HEIGHT="92" WIDTH="204" ID="PAG_5_ST000013" WC="0.56" CONTENT="DU" STYLEREFS="TXT_20"/>
            <SP ID="PAG_5_SP000009" HPOS="1206" VPOS="2776" WIDTH="80"/>
            <String HPOS="1286" VPOS="2776" HEIGHT="108" WIDTH="182" ID="PAG_5_ST000014" WC="0.33" CONTENT="Ul" STYLEREFS="TXT_20"/>
            <SP ID="PAG_5_SP000010" HPOS="1468" VPOS="2776" WIDTH="68"/>
            <String HPOS="1536" VPOS="2776" HEIGHT="114" WIDTH="678" ID="PAG_5_ST000015" WC="0.44" CONTENT="XlVV/i" STYLEREFS="TXT_20"/>
            <SP ID="PAG_5_SP000011" HPOS="2214" VPOS="2776" WIDTH="234"/>
            <String HPOS="2448" VPOS="2776" HEIGHT="116" WIDTH="32" ID="PAG_5_ST000016" WC="0.00" CONTENT="\" STYLEREFS="TXT_20"/>
          </TextLine>
          <TextLine HPOS="354" VPOS="3043" HEIGHT="55" WIDTH="2110" ID="PAG_5_TL000006" STYLEREFS="TXT_5">
            <String HPOS="354" VPOS="3043" HEIGHT="44" WIDTH="170" ID="PAG_5_ST000017" WC="1" CONTENT="Grâce" STYLEREFS="TXT_19"/>
            <SP ID="PAG_5_SP000012" HPOS="524" VPOS="3045" WIDTH="31"/>
            <String HPOS="555" VPOS="3045" HEIGHT="41" WIDTH="31" ID="PAG_5_ST000018" WC="1" CONTENT="à" STYLEREFS="TXT_19"/>
            <SP ID="PAG_5_SP000013" HPOS="586" VPOS="3058" WIDTH="28"/>
            <String HPOS="614" VPOS="3058" HEIGHT="29" WIDTH="105" ID="PAG_5_ST000019" WC="1" CONTENT="une" STYLEREFS="TXT_19"/>
            <SP ID="PAG_5_SP000014" HPOS="719" VPOS="3043" WIDTH="32"/>
            <String HPOS="751" VPOS="3043" HEIGHT="44" WIDTH="256" ID="PAG_5_ST000020" WC="1" CONTENT="nouvelle" STYLEREFS="TXT_19"/>
            <SP ID="PAG_5_SP000015" HPOS="1007" VPOS="3048" WIDTH="67"/>
            <String HPOS="1074" VPOS="3048" HEIGHT="14" WIDTH="22" ID="PAG_5_ST000021" WC="1" CONTENT="&quot;" STYLEREFS="TXT_19"/>
            <SP ID="PAG_5_SP000016" HPOS="1096" VPOS="3043" WIDTH="42"/>
            <String HPOS="1138" VPOS="3043" HEIGHT="42" WIDTH="221" ID="PAG_5_ST000022" WC="1" CONTENT="stimulant" STYLEREFS="TXT_5"/>
            <SP ID="PAG_5_SP000017" HPOS="1359" VPOS="3048" WIDTH="40"/>
            <String HPOS="1399" VPOS="3048" HEIGHT="14" WIDTH="22" ID="PAG_5_ST000023" WC="1" CONTENT="&quot;" STYLEREFS="TXT_5"/>
            <SP ID="PAG_5_SP000018" HPOS="1421" VPOS="3043" WIDTH="66"/>
            <String HPOS="1487" VPOS="3043" HEIGHT="43" WIDTH="57" ID="PAG_5_ST000024" WC="1" CONTENT="du" STYLEREFS="TXT_5"/>
            <SP ID="PAG_5_SP000019" HPOS="1544" VPOS="3043" WIDTH="42"/>
            <String HPOS="1586" VPOS="3043" HEIGHT="43" WIDTH="137" ID="PAG_5_ST000025" WC="1" CONTENT="bulbe" STYLEREFS="TXT_5"/>
            <SP ID="PAG_5_SP000020" HPOS="1723" VPOS="3060" WIDTH="64"/>
            <String HPOS="1787" VPOS="3060" HEIGHT="26" WIDTH="79" ID="PAG_5_ST000026" WC="1" CONTENT="son" STYLEREFS="TXT_5"/>
            <SP ID="PAG_5_SP000021" HPOS="1866" VPOS="3043" WIDTH="35"/>
            <String HPOS="1901" VPOS="3043" HEIGHT="55" WIDTH="330" ID="PAG_5_ST000027" WC="1" CONTENT="épidermicule," STYLEREFS="TXT_5"/>
            <SP ID="PAG_5_SP000022" HPOS="2231" VPOS="3045" WIDTH="36"/>
            <String HPOS="2267" VPOS="3045" HEIGHT="41" WIDTH="39" ID="PAG_5_ST000028" WC="1" CONTENT="le" STYLEREFS="TXT_5"/>
            <SP ID="PAG_5_SP000023" HPOS="2306" VPOS="3044" WIDTH="37"/>
            <String HPOS="2343" VPOS="3044" HEIGHT="42" WIDTH="91" ID="PAG_5_ST000029" WC="1" CONTENT="bril-" SUBS_TYPE="HypPart1" SUBS_CONTENT="bril-découverte," STYLEREFS="TXT_5"/>
            <HYP HPOS="2434" VPOS="3086" WIDTH="30" CONTENT="-"/>
          </TextLine>
          <TextLine HPOS="351" VPOS="3107" HEIGHT="54" WIDTH="2268" ID="PAG_5_TL000007" STYLEREFS="TXT_5">
            <String HPOS="351" VPOS="3108" HEIGHT="49" WIDTH="351" ID="PAG_5_ST000030" WC="1" CONTENT="découverte," SUBS_TYPE="HypPart2" SUBS_CONTENT="bril-découverte," STYLEREFS="TXT_19"/>
            <SP ID="PAG_5_SP000024" HPOS="702" VPOS="3110" WIDTH="32"/>
            <String HPOS="734" VPOS="3110" HEIGHT="39" WIDTH="29" ID="PAG_5_ST000031" WC="1" CONTENT="2" STYLEREFS="TXT_19"/>
            <SP ID="PAG_5_SP000025" HPOS="763" VPOS="3107" WIDTH="32"/>
            <String HPOS="795" VPOS="3107" HEIGHT="43" WIDTH="121" ID="PAG_5_ST000032" WC="1" CONTENT="buts" STYLEREFS="TXT_19"/>
            <SP ID="PAG_5_SP000026" HPOS="916" VPOS="3120" WIDTH="32"/>
            <String HPOS="948" VPOS="3120" HEIGHT="30" WIDTH="57" ID="PAG_5_ST000033" WC="1" CONTENT="se" STYLEREFS="TXT_19"/>
            <SP ID="PAG_5_SP000027" HPOS="1005" VPOS="3107" WIDTH="67"/>
            <String HPOS="1072" VPOS="3107" HEIGHT="54" WIDTH="147" ID="PAG_5_ST000034" WC="1" CONTENT="pileux" STYLEREFS="TXT_5"/>
            <SP ID="PAG_5_SP000028" HPOS="1219" VPOS="3114" WIDTH="21"/>
            <String HPOS="1240" VPOS="3114" HEIGHT="35" WIDTH="67" ID="PAG_5_ST000035" WC="1" CONTENT="est" STYLEREFS="TXT_5"/>
            <SP ID="PAG_5_SP000029" HPOS="1307" VPOS="3107" WIDTH="20"/>
            <String HPOS="1327" VPOS="3107" HEIGHT="42" WIDTH="39" ID="PAG_5_ST000036" WC="1" CONTENT="le" STYLEREFS="TXT_5"/>
            <SP ID="PAG_5_SP000030" HPOS="1366" VPOS="3123" WIDTH="21"/>
            <String HPOS="1387" VPOS="3123" HEIGHT="38" WIDTH="160" ID="PAG_5_ST000037" WC="1" CONTENT="moyen" STYLEREFS="TXT_5"/>
            <SP ID="PAG_5_SP000031" HPOS="1547" VPOS="3107" WIDTH="22"/>
            <String HPOS="1569" VPOS="3107" HEIGHT="42" WIDTH="38" ID="PAG_5_ST000038" WC="1" CONTENT="le" STYLEREFS="TXT_5"/>
            <SP ID="PAG_5_SP000032" HPOS="1607" VPOS="3108" WIDTH="22"/>
            <String HPOS="1629" VPOS="3108" HEIGHT="53" WIDTH="94" ID="PAG_5_ST000039" WC="1" CONTENT="plus" STYLEREFS="TXT_5"/>
            <SP ID="PAG_5_SP000033" HPOS="1723" VPOS="3108" WIDTH="65"/>
            <String HPOS="1788" VPOS="3108" HEIGHT="42" WIDTH="90" ID="PAG_5_ST000040" WC="1" CONTENT="lant" STYLEREFS="TXT_5"/>
            <SP ID="PAG_5_SP000034" HPOS="1878" VPOS="3115" WIDTH="19"/>
            <String HPOS="1897" VPOS="3115" HEIGHT="35" WIDTH="45" ID="PAG_5_ST000041" WC="1" CONTENT="et" STYLEREFS="TXT_5"/>
            <SP ID="PAG_5_SP000035" HPOS="1942" VPOS="3108" WIDTH="20"/>
            <String HPOS="1962" VPOS="3108" HEIGHT="42" WIDTH="40" ID="PAG_5_ST000042" WC="1" CONTENT="la" STYLEREFS="TXT_5"/>
            <SP ID="PAG_5_SP000036" HPOS="2002" VPOS="3108" WIDTH="22"/>
            <String HPOS="2024" VPOS="3108" HEIGHT="53" WIDTH="234" ID="PAG_5_ST000043" WC="1" CONTENT="souplesse" STYLEREFS="TXT_5"/>
            <SP ID="PAG_5_SP000037" HPOS="2258" VPOS="3124" WIDTH="21"/>
            <String HPOS="2279" VPOS="3124" HEIGHT="37" WIDTH="89" ID="PAG_5_ST000044" WC="1" CONTENT="que" STYLEREFS="TXT_5"/>
            <SP ID="PAG_5_SP000038" HPOS="2368" VPOS="3108" WIDTH="16"/>
            <String HPOS="2384" VPOS="3108" HEIGHT="41" WIDTH="50" ID="PAG_5_ST000045" WC="1" CONTENT="lui" STYLEREFS="TXT_5"/>
            <SP ID="PAG_5_SP000039" HPOS="2434" VPOS="3113" WIDTH="181"/>
            <String HPOS="2615" VPOS="3113" HEIGHT="36" WIDTH="4" ID="PAG_5_ST000046" WC="0.00" CONTENT="!" STYLEREFS="TXT_5"/>
          </TextLine>
          <TextLine HPOS="350" VPOS="3169" HEIGHT="54" WIDTH="1897" ID="PAG_5_TL000008" STYLEREFS="TXT_5">
            <String HPOS="350" VPOS="3180" HEIGHT="35" WIDTH="257" ID="PAG_5_ST000047" WC="1" CONTENT="trouvent" STYLEREFS="TXT_19"/>
            <SP ID="PAG_5_SP000040" HPOS="607" VPOS="3172" WIDTH="51"/>
            <String HPOS="658" VPOS="3172" HEIGHT="42" WIDTH="223" ID="PAG_5_ST000048" WC="1" CONTENT="atteints" STYLEREFS="TXT_19"/>
            <SP ID="PAG_5_SP000041" HPOS="881" VPOS="3184" WIDTH="57"/>
            <String HPOS="938" VPOS="3184" HEIGHT="29" WIDTH="66" ID="PAG_5_ST000049" WC="1" CONTENT="en" STYLEREFS="TXT_19"/>
            <SP ID="PAG_5_SP000042" HPOS="1004" VPOS="3169" WIDTH="67"/>
            <String HPOS="1071" VPOS="3169" HEIGHT="44" WIDTH="191" ID="PAG_5_ST000050" WC="1" CONTENT="efficace" STYLEREFS="TXT_5"/>
            <SP ID="PAG_5_SP000043" HPOS="1262" VPOS="3186" WIDTH="47"/>
            <String HPOS="1309" VPOS="3186" HEIGHT="37" WIDTH="111" ID="PAG_5_ST000051" WC="1" CONTENT="pour" STYLEREFS="TXT_5"/>
            <SP ID="PAG_5_SP000044" HPOS="1420" VPOS="3170" WIDTH="49"/>
            <String HPOS="1469" VPOS="3170" HEIGHT="43" WIDTH="253" ID="PAG_5_ST000052" WC="1" CONTENT="combattre" STYLEREFS="TXT_5"/>
            <SP ID="PAG_5_SP000045" HPOS="1722" VPOS="3171" WIDTH="65"/>
            <String HPOS="1787" VPOS="3171" HEIGHT="42" WIDTH="152" ID="PAG_5_ST000053" WC="1" CONTENT="donne" STYLEREFS="TXT_5"/>
            <SP ID="PAG_5_SP000046" HPOS="1939" VPOS="3187" WIDTH="32"/>
            <String HPOS="1971" VPOS="3187" HEIGHT="26" WIDTH="79" ID="PAG_5_ST000054" WC="1" CONTENT="son" STYLEREFS="TXT_5"/>
            <SP ID="PAG_5_SP000047" HPOS="2050" VPOS="3171" WIDTH="29"/>
            <String HPOS="2079" VPOS="3171" HEIGHT="42" WIDTH="168" ID="PAG_5_ST000055" WC="1" CONTENT="sébum." STYLEREFS="TXT_5"/>
          </TextLine>
        </TextBlock>
        <TextBlock HPOS="346" VPOS="3234" HEIGHT="1285" WIDTH="2272" ID="PAG_5_TB000005" TAGREFS="TAG_advertisement" LANG="fr" STYLEREFS="TXT_5">
          <TextLine HPOS="350" VPOS="3234" HEIGHT="65" WIDTH="2114" ID="PAG_5_TL000009" STYLEREFS="TXT_5">
            <String HPOS="350" VPOS="3250" HEIGHT="28" WIDTH="68" ID="PAG_5_ST000056" WC="1" CONTENT="un" STYLEREFS="TXT_19"/>
            <SP ID="PAG_5_SP000048" HPOS="418" VPOS="3234" WIDTH="42"/>
            <String HPOS="460" VPOS="3234" HEIGHT="44" WIDTH="114" ID="PAG_5_ST000057" WC="1" CONTENT="seul" STYLEREFS="TXT_19"/>
            <SP ID="PAG_5_SP000049" HPOS="574" VPOS="3234" WIDTH="42"/>
            <String HPOS="616" VPOS="3234" HEIGHT="56" WIDTH="232" ID="PAG_5_ST000058" WC="1" CONTENT="produit." STYLEREFS="TXT_19"/>
            <SP ID="PAG_5_SP000050" HPOS="848" VPOS="3234" WIDTH="222"/>
            <String HPOS="1070" VPOS="3234" HEIGHT="42" WIDTH="60" ID="PAG_5_ST000059" WC="1" CONTENT="les" STYLEREFS="TXT_5"/>
            <SP ID="PAG_5_SP000051" HPOS="1130" VPOS="3234" WIDTH="48"/>
            <String HPOS="1178" VPOS="3234" HEIGHT="54" WIDTH="324" ID="PAG_5_ST000060" WC="0.63" CONTENT="&quot;petticutes-" STYLEREFS="TXT_5"/>
            <SP ID="PAG_5_SP000052" HPOS="1502" VPOS="3242" WIDTH="44"/>
            <String HPOS="1546" VPOS="3242" HEIGHT="34" WIDTH="46" ID="PAG_5_ST000061" WC="1" CONTENT="et" STYLEREFS="TXT_5"/>
            <SP ID="PAG_5_SP000053" HPOS="1592" VPOS="3250" WIDTH="20"/>
            <String HPOS="1612" VPOS="3250" HEIGHT="38" WIDTH="110" ID="PAG_5_ST000062" WC="1" CONTENT="pour" STYLEREFS="TXT_5"/>
            <SP ID="PAG_5_SP000054" HPOS="1722" VPOS="3258" WIDTH="64"/>
            <String HPOS="1786" VPOS="3258" HEIGHT="35" WIDTH="130" ID="PAG_5_ST000063" WC="1" CONTENT="Enfin," STYLEREFS="TXT_5"/>
            <SP ID="PAG_5_SP000055" HPOS="1916" VPOS="3268" WIDTH="18"/>
            <String HPOS="1934" VPOS="3268" HEIGHT="22" WIDTH="126" ID="PAG_5_ST000064" WC="1" CONTENT="autre" STYLEREFS="TXT_5"/>
            <SP ID="PAG_5_SP000056" HPOS="2060" VPOS="3260" WIDTH="20"/>
            <String HPOS="2080" VPOS="3260" HEIGHT="37" WIDTH="170" ID="PAG_5_ST000065" WC="0.99" CONTENT="qualité" STYLEREFS="TXT_5"/>
            <SP ID="PAG_5_SP000057" HPOS="2250" VPOS="3262" WIDTH="20"/>
            <String HPOS="2270" VPOS="3262" HEIGHT="37" WIDTH="164" ID="PAG_5_ST000066" WC="0.97" CONTENT="appré-" SUBS_TYPE="HypPart1" SUBS_CONTENT="appré-BEAUTÉ" STYLEREFS="TXT_5"/>
            <HYP HPOS="2434" VPOS="3299" WIDTH="30" CONTENT="-"/>
          </TextLine>
          <TextLine HPOS="351" VPOS="3297" HEIGHT="64" WIDTH="2267" ID="PAG_5_TL000010" STYLEREFS="TXT_5">
            <String HPOS="351" VPOS="3318" HEIGHT="39" WIDTH="210" ID="PAG_5_ST000067" WC="1" CONTENT="BEAUTÉ" SUBS_TYPE="HypPart2" SUBS_CONTENT="appré-BEAUTÉ" STYLEREFS="TXT_19"/>
            <SP ID="PAG_5_SP000058" HPOS="561" VPOS="3326" WIDTH="35"/>
            <String HPOS="596" VPOS="3326" HEIGHT="30" WIDTH="66" ID="PAG_5_ST000068" WC="1" CONTENT="DE" STYLEREFS="TXT_19"/>
            <SP ID="PAG_5_SP000059" HPOS="662" VPOS="3326" WIDTH="34"/>
            <String HPOS="696" VPOS="3326" HEIGHT="30" WIDTH="67" ID="PAG_5_ST000069" WC="1" CONTENT="LA" STYLEREFS="TXT_19"/>
            <SP ID="PAG_5_SP000060" HPOS="763" VPOS="3325" WIDTH="36"/>
            <String HPOS="799" VPOS="3325" HEIGHT="31" WIDTH="204" ID="PAG_5_ST000070" WC="1" CONTENT="CHEVE-" STYLEREFS="TXT_19"/>
            <SP ID="PAG_5_SP000061" HPOS="1003" VPOS="3298" WIDTH="69"/>
            <String HPOS="1072" VPOS="3298" HEIGHT="42" WIDTH="160" ID="PAG_5_ST000071" WC="1" CONTENT="rendre" STYLEREFS="TXT_5"/>
            <SP ID="PAG_5_SP000062" HPOS="1232" VPOS="3314" WIDTH="30"/>
            <String HPOS="1262" VPOS="3314" HEIGHT="25" WIDTH="55" ID="PAG_5_ST000072" WC="1" CONTENT="au" STYLEREFS="TXT_5"/>
            <SP ID="PAG_5_SP000063" HPOS="1317" VPOS="3297" WIDTH="27"/>
            <String HPOS="1344" VPOS="3297" HEIGHT="42" WIDTH="169" ID="PAG_5_ST000073" WC="1" CONTENT="cheveu" STYLEREFS="TXT_5"/>
            <SP ID="PAG_5_SP000064" HPOS="1513" VPOS="3314" WIDTH="37"/>
            <String HPOS="1550" VPOS="3314" HEIGHT="25" WIDTH="50" ID="PAG_5_ST000074" WC="1" CONTENT="ce" STYLEREFS="TXT_5"/>
            <SP ID="PAG_5_SP000065" HPOS="1600" VPOS="3314" WIDTH="33"/>
            <String HPOS="1633" VPOS="3314" HEIGHT="37" WIDTH="89" ID="PAG_5_ST000075" WC="1" CONTENT="que" STYLEREFS="TXT_5"/>
            <SP ID="PAG_5_SP000066" HPOS="1722" VPOS="3323" WIDTH="64"/>
            <String HPOS="1786" VPOS="3323" HEIGHT="33" WIDTH="147" ID="PAG_5_ST000076" WC="0.94" CONTENT="ciable" STYLEREFS="TXT_5"/>
            <SP ID="PAG_5_SP000067" HPOS="1933" VPOS="3328" WIDTH="60"/>
            <String HPOS="1993" VPOS="3328" HEIGHT="14" WIDTH="29" ID="PAG_5_ST000077" WC="0.96" CONTENT="&quot;" STYLEREFS="TXT_5"/>
            <SP ID="PAG_5_SP000068" HPOS="2022" VPOS="3326" WIDTH="40"/>
            <String HPOS="2062" VPOS="3326" HEIGHT="35" WIDTH="236" ID="PAG_5_ST000078" WC="1" CONTENT="économie" STYLEREFS="TXT_5"/>
            <SP ID="PAG_5_SP000069" HPOS="2298" VPOS="3327" WIDTH="41"/>
            <String HPOS="2339" VPOS="3327" HEIGHT="14" WIDTH="27" ID="PAG_5_ST000079" WC="0.5" CONTENT="-" STYLEREFS="TXT_5"/>
            <SP ID="PAG_5_SP000070" HPOS="2366" VPOS="3314" WIDTH="248"/>
            <String HPOS="2614" VPOS="3314" HEIGHT="47" WIDTH="4" ID="PAG_5_ST000080" WC="0.00" CONTENT="!" STYLEREFS="TXT_5"/>
          </TextLine>
          <TextLine HPOS="351" VPOS="3358" HEIGHT="76" WIDTH="2267" ID="PAG_5_TL000011" STYLEREFS="TXT_5">
            <String HPOS="351" VPOS="3390" HEIGHT="36" WIDTH="151" ID="PAG_5_ST000081" WC="1" CONTENT="LURE." STYLEREFS="TXT_19"/>
            <SP ID="PAG_5_SP000071" HPOS="502" VPOS="3390" WIDTH="59"/>
            <String HPOS="561" VPOS="3390" HEIGHT="35" WIDTH="87" ID="PAG_5_ST000082" WC="1" CONTENT="Son" STYLEREFS="TXT_5"/>
            <SP ID="PAG_5_SP000072" HPOS="648" VPOS="3387" WIDTH="55"/>
            <String HPOS="703" VPOS="3387" HEIGHT="37" WIDTH="196" ID="PAG_5_ST000083" WC="0.98" CONTENT="élément" STYLEREFS="TXT_5"/>
            <SP ID="PAG_5_SP000073" HPOS="899" VPOS="3387" WIDTH="47"/>
            <String HPOS="946" VPOS="3387" HEIGHT="37" WIDTH="58" ID="PAG_5_ST000084" WC="1" CONTENT="de" STYLEREFS="TXT_5"/>
            <SP ID="PAG_5_SP000074" HPOS="1004" VPOS="3378" WIDTH="80"/>
            <String HPOS="1084" VPOS="3378" HEIGHT="25" WIDTH="48" ID="PAG_5_ST000085" WC="0.33" CONTENT="es" STYLEREFS="TXT_5"/>
            <SP ID="PAG_5_SP000075" HPOS="1132" VPOS="3377" WIDTH="49"/>
            <String HPOS="1181" VPOS="3377" HEIGHT="38" WIDTH="244" ID="PAG_5_ST000086" WC="1" CONTENT="exigences" STYLEREFS="TXT_5"/>
            <SP ID="PAG_5_SP000076" HPOS="1425" VPOS="3377" WIDTH="73"/>
            <String HPOS="1498" VPOS="3377" HEIGHT="26" WIDTH="26" ID="PAG_5_ST000087" WC="0.00" CONTENT="e" STYLEREFS="TXT_5"/>
            <SP ID="PAG_5_SP000077" HPOS="1524" VPOS="3377" WIDTH="61"/>
            <String HPOS="1585" VPOS="3377" HEIGHT="26" WIDTH="26" ID="PAG_5_ST000088" WC="0.00" CONTENT="a" STYLEREFS="TXT_5"/>
            <SP ID="PAG_5_SP000078" HPOS="1611" VPOS="3377" WIDTH="45"/>
            <String HPOS="1656" VPOS="3377" HEIGHT="26" WIDTH="66" ID="PAG_5_ST000089" WC="1" CONTENT="vie" STYLEREFS="TXT_5"/>
            <SP ID="PAG_5_SP000079" HPOS="1722" VPOS="3390" WIDTH="64"/>
            <String HPOS="1786" VPOS="3390" HEIGHT="34" WIDTH="352" ID="PAG_5_ST000090" WC="1" CONTENT="excessivement" STYLEREFS="TXT_5"/>
            <SP ID="PAG_5_SP000080" HPOS="2138" VPOS="3391" WIDTH="50"/>
            <String HPOS="2188" VPOS="3391" HEIGHT="14" WIDTH="23" ID="PAG_5_ST000091" WC="1" CONTENT="&quot;" STYLEREFS="TXT_5"/>
            <SP ID="PAG_5_SP000081" HPOS="2211" VPOS="3385" WIDTH="31"/>
            <String HPOS="2242" VPOS="3385" HEIGHT="38" WIDTH="135" ID="PAG_5_ST000092" WC="0.99" CONTENT="fluide" STYLEREFS="TXT_5"/>
            <SP ID="PAG_5_SP000082" HPOS="2377" VPOS="3391" WIDTH="33"/>
            <String HPOS="2410" VPOS="3391" HEIGHT="13" WIDTH="24" ID="PAG_5_ST000093" WC="1" CONTENT="&quot;" STYLEREFS="TXT_5"/>
            <SP ID="PAG_5_SP000083" HPOS="2434" VPOS="3358" WIDTH="180"/>
            <String HPOS="2614" VPOS="3358" HEIGHT="76" WIDTH="4" ID="PAG_5_ST000094" WC="0.00" CONTENT="|" STYLEREFS="TXT_5"/>
          </TextLine>
          <TextLine HPOS="351" VPOS="3432" HEIGHT="65" WIDTH="2265" ID="PAG_5_TL000012" STYLEREFS="TXT_5">
            <String HPOS="351" VPOS="3450" HEIGHT="43" WIDTH="115" ID="PAG_5_ST000095" WC="1" CONTENT="base" STYLEREFS="TXT_5"/>
            <SP ID="PAG_5_SP000084" HPOS="466" VPOS="3456" WIDTH="34"/>
            <String HPOS="500" VPOS="3456" HEIGHT="37" WIDTH="127" ID="PAG_5_ST000096" WC="1" CONTENT="étant" STYLEREFS="TXT_5"/>
            <SP ID="PAG_5_SP000085" HPOS="627" VPOS="3450" WIDTH="32"/>
            <String HPOS="659" VPOS="3450" HEIGHT="42" WIDTH="144" ID="PAG_5_ST000097" WC="0.99" CONTENT="l'huile" STYLEREFS="TXT_5"/>
            <SP ID="PAG_5_SP000086" HPOS="803" VPOS="3451" WIDTH="32"/>
            <String HPOS="835" VPOS="3451" HEIGHT="41" WIDTH="39" ID="PAG_5_ST000098" WC="0.98" CONTENT="la" STYLEREFS="TXT_5"/>
            <SP ID="PAG_5_SP000087" HPOS="874" VPOS="3451" WIDTH="36"/>
            <String HPOS="910" VPOS="3451" HEIGHT="46" WIDTH="94" ID="PAG_5_ST000099" WC="0.97" CONTENT="plus" STYLEREFS="TXT_5"/>
            <SP ID="PAG_5_SP000088" HPOS="1004" VPOS="3441" WIDTH="329"/>
            <String HPOS="1333" VPOS="3441" HEIGHT="25" WIDTH="36" ID="PAG_5_ST000100" WC="0.48" CONTENT="Ut" STYLEREFS="TXT_5"/>
            <SP ID="PAG_5_SP000089" HPOS="1369" VPOS="3432" WIDTH="32"/>
            <String HPOS="1401" VPOS="3432" HEIGHT="34" WIDTH="77" ID="PAG_5_ST000101" WC="1" CONTENT="ont" STYLEREFS="TXT_5"/>
            <SP ID="PAG_5_SP000090" HPOS="1478" VPOS="3451" WIDTH="307"/>
            <String HPOS="1785" VPOS="3451" HEIGHT="42" WIDTH="84" ID="PAG_5_ST000102" WC="0.77" CONTENT="elle" STYLEREFS="TXT_5"/>
            <SP ID="PAG_5_SP000091" HPOS="1869" VPOS="3449" WIDTH="41"/>
            <String HPOS="1910" VPOS="3449" HEIGHT="43" WIDTH="158" ID="PAG_5_ST000103" WC="0.99" CONTENT="s'étale" STYLEREFS="TXT_5"/>
            <SP ID="PAG_5_SP000092" HPOS="2068" VPOS="3449" WIDTH="37"/>
            <String HPOS="2105" VPOS="3449" HEIGHT="42" WIDTH="254" ID="PAG_5_ST000104" WC="0.99" CONTENT="facilement" STYLEREFS="TXT_5"/>
            <SP ID="PAG_5_SP000093" HPOS="2359" VPOS="3459" WIDTH="31"/>
            <String HPOS="2390" VPOS="3459" HEIGHT="32" WIDTH="43" ID="PAG_5_ST000105" WC="1" CONTENT="et" STYLEREFS="TXT_5"/>
            <SP ID="PAG_5_SP000094" HPOS="2433" VPOS="3466" WIDTH="180"/>
            <String HPOS="2613" VPOS="3466" HEIGHT="28" WIDTH="3" ID="PAG_5_ST000106" WC="0.00" CONTENT=";" STYLEREFS="TXT_5"/>
          </TextLine>
          <TextLine HPOS="348" VPOS="3495" HEIGHT="72" WIDTH="2268" ID="PAG_5_TL000013" STYLEREFS="TXT_5">
            <String HPOS="348" VPOS="3513" HEIGHT="44" WIDTH="135" ID="PAG_5_ST000107" WC="0.89" CONTENT="fluide" STYLEREFS="TXT_5"/>
            <SP ID="PAG_5_SP000095" HPOS="483" VPOS="3515" WIDTH="19"/>
            <String HPOS="502" VPOS="3515" HEIGHT="41" WIDTH="57" ID="PAG_5_ST000108" WC="1" CONTENT="du" STYLEREFS="TXT_5"/>
            <SP ID="PAG_5_SP000096" HPOS="559" VPOS="3514" WIDTH="22"/>
            <String HPOS="581" VPOS="3514" HEIGHT="49" WIDTH="184" ID="PAG_5_ST000109" WC="1" CONTENT="Monde," STYLEREFS="TXT_5"/>
            <SP ID="PAG_5_SP000097" HPOS="765" VPOS="3514" WIDTH="19"/>
            <String HPOS="784" VPOS="3514" HEIGHT="42" WIDTH="141" ID="PAG_5_ST000110" WC="0.99" CONTENT="l'huile" STYLEREFS="TXT_5"/>
            <SP ID="PAG_5_SP000098" HPOS="925" VPOS="3515" WIDTH="21"/>
            <String HPOS="946" VPOS="3515" HEIGHT="41" WIDTH="59" ID="PAG_5_ST000111" WC="1" CONTENT="de" STYLEREFS="TXT_5"/>
            <SP ID="PAG_5_SP000099" HPOS="1005" VPOS="3506" WIDTH="101"/>
            <String HPOS="1106" VPOS="3506" HEIGHT="24" WIDTH="43" ID="PAG_5_ST000112" WC="0.99" CONTENT="re" STYLEREFS="TXT_5"/>
            <SP ID="PAG_5_SP000100" HPOS="1149" VPOS="3524" WIDTH="20"/>
            <String HPOS="1169" VPOS="3524" HEIGHT="6" WIDTH="7" ID="PAG_5_ST000113" WC="0.71" CONTENT="'" STYLEREFS="TXT_5"/>
            <SP ID="PAG_5_SP000101" HPOS="1176" VPOS="3505" WIDTH="103"/>
            <String HPOS="1279" VPOS="3505" HEIGHT="26" WIDTH="26" ID="PAG_5_ST000114" WC="0.99" CONTENT="a" STYLEREFS="TXT_5"/>
            <SP ID="PAG_5_SP000102" HPOS="1305" VPOS="3495" WIDTH="23"/>
            <String HPOS="1328" VPOS="3495" HEIGHT="46" WIDTH="249" ID="PAG_5_ST000115" WC="0.99" CONTENT="protection" STYLEREFS="TXT_5"/>
            <SP ID="PAG_5_SP000103" HPOS="1577" VPOS="3505" WIDTH="119"/>
            <String HPOS="1696" VPOS="3505" HEIGHT="26" WIDTH="25" ID="PAG_5_ST000116" WC="0.99" CONTENT="e" STYLEREFS="TXT_5"/>
            <SP ID="PAG_5_SP000104" HPOS="1721" VPOS="3530" WIDTH="65"/>
            <String HPOS="1786" VPOS="3530" HEIGHT="26" WIDTH="84" ID="PAG_5_ST000117" WC="1" CONTENT="une" STYLEREFS="TXT_5"/>
            <SP ID="PAG_5_SP000105" HPOS="1870" VPOS="3518" WIDTH="44"/>
            <String HPOS="1914" VPOS="3518" HEIGHT="37" WIDTH="86" ID="PAG_5_ST000118" WC="0.97" CONTENT="très" STYLEREFS="TXT_5"/>
            <SP ID="PAG_5_SP000106" HPOS="2000" VPOS="3517" WIDTH="46"/>
            <String HPOS="2046" VPOS="3517" HEIGHT="50" WIDTH="139" ID="PAG_5_ST000119" WC="1" CONTENT="petite" STYLEREFS="TXT_5"/>
            <SP ID="PAG_5_SP000107" HPOS="2185" VPOS="3516" WIDTH="46"/>
            <String HPOS="2231" VPOS="3516" HEIGHT="50" WIDTH="201" ID="PAG_5_ST000120" WC="1" CONTENT="quantité" STYLEREFS="TXT_5"/>
            <SP ID="PAG_5_SP000108" HPOS="2432" VPOS="3516" WIDTH="181"/>
            <String HPOS="2613" VPOS="3516" HEIGHT="49" WIDTH="3" ID="PAG_5_ST000121" WC="0.00" CONTENT="j" STYLEREFS="TXT_9"/>
          </TextLine>
          <TextLine HPOS="350" VPOS="3570" HEIGHT="64" WIDTH="2267" ID="PAG_5_TL000014" STYLEREFS="TXT_5">
            <String HPOS="350" VPOS="3579" HEIGHT="41" WIDTH="301" ID="PAG_5_ST000122" WC="1" CONTENT="Pensylvanie," STYLEREFS="TXT_5"/>
            <SP ID="PAG_5_SP000109" HPOS="651" VPOS="3578" WIDTH="33"/>
            <String HPOS="684" VPOS="3578" HEIGHT="42" WIDTH="41" ID="PAG_5_ST000123" WC="1" CONTENT="la" STYLEREFS="TXT_5"/>
            <SP ID="PAG_5_SP000110" HPOS="725" VPOS="3578" WIDTH="31"/>
            <String HPOS="756" VPOS="3578" HEIGHT="42" WIDTH="248" ID="PAG_5_ST000124" WC="1" CONTENT="brillantine" STYLEREFS="TXT_5"/>
            <SP ID="PAG_5_SP000111" HPOS="1004" VPOS="3576" WIDTH="780"/>
            <String HPOS="1784" VPOS="3576" HEIGHT="43" WIDTH="114" ID="PAG_5_ST000125" WC="1" CONTENT="suffit" STYLEREFS="TXT_5"/>
            <SP ID="PAG_5_SP000112" HPOS="1898" VPOS="3593" WIDTH="21"/>
            <String HPOS="1919" VPOS="3593" HEIGHT="27" WIDTH="111" ID="PAG_5_ST000126" WC="1" CONTENT="pour" STYLEREFS="TXT_5"/>
            <SP ID="PAG_5_SP000113" HPOS="2030" VPOS="3576" WIDTH="18"/>
            <String HPOS="2048" VPOS="3576" HEIGHT="43" WIDTH="160" ID="PAG_5_ST000127" WC="1" CONTENT="rendre" STYLEREFS="TXT_5"/>
            <SP ID="PAG_5_SP000114" HPOS="2208" VPOS="3580" WIDTH="21"/>
            <String HPOS="2229" VPOS="3580" HEIGHT="38" WIDTH="25" ID="PAG_5_ST000128" WC="1" CONTENT="à" STYLEREFS="TXT_5"/>
            <SP ID="PAG_5_SP000115" HPOS="2254" VPOS="3577" WIDTH="23"/>
            <String HPOS="2277" VPOS="3577" HEIGHT="41" WIDTH="41" ID="PAG_5_ST000129" WC="1" CONTENT="la" STYLEREFS="TXT_5"/>
            <SP ID="PAG_5_SP000116" HPOS="2318" VPOS="3576" WIDTH="16"/>
            <String HPOS="2334" VPOS="3576" HEIGHT="42" WIDTH="96" ID="PAG_5_ST000130" WC="1" CONTENT="che-" STYLEREFS="TXT_5"/>
            <SP ID="PAG_5_SP000117" HPOS="2430" VPOS="3570" WIDTH="182"/>
            <String HPOS="2612" VPOS="3570" HEIGHT="64" WIDTH="5" ID="PAG_5_ST000131" WC="0.00" CONTENT="j" STYLEREFS="TXT_5"/>
          </TextLine>
          <TextLine HPOS="350" VPOS="3632" HEIGHT="66" WIDTH="2081" ID="PAG_5_TL000015" STYLEREFS="TXT_5">
            <String HPOS="350" VPOS="3645" HEIGHT="39" WIDTH="134" ID="PAG_5_ST000132" WC="1" CONTENT="ROJA" STYLEREFS="TXT_5"/>
            <SP ID="PAG_5_SP000118" HPOS="484" VPOS="3643" WIDTH="34"/>
            <String HPOS="518" VPOS="3643" HEIGHT="41" WIDTH="218" ID="PAG_5_ST000133" WC="1" CONTENT="assouplit" STYLEREFS="TXT_5"/>
            <SP ID="PAG_5_SP000119" HPOS="736" VPOS="3642" WIDTH="30"/>
            <String HPOS="766" VPOS="3642" HEIGHT="41" WIDTH="38" ID="PAG_5_ST000134" WC="1" CONTENT="le" STYLEREFS="TXT_5"/>
            <SP ID="PAG_5_SP000120" HPOS="804" VPOS="3642" WIDTH="31"/>
            <String HPOS="835" VPOS="3642" HEIGHT="41" WIDTH="168" ID="PAG_5_ST000135" WC="1" CONTENT="cheveu" STYLEREFS="TXT_5"/>
            <SP ID="PAG_5_SP000121" HPOS="1003" VPOS="3632" WIDTH="63"/>
            <String HPOS="1066" VPOS="3632" HEIGHT="66" WIDTH="39" ID="PAG_5_ST000136" WC="0.00" CONTENT="||" STYLEREFS="TXT_5"/>
            <SP ID="PAG_5_SP000122" HPOS="1105" VPOS="3658" WIDTH="45"/>
            <String HPOS="1150" VPOS="3658" HEIGHT="40" WIDTH="61" ID="PAG_5_ST000137" WC="0.00" CONTENT="|ir" STYLEREFS="TXT_5"/>
            <SP ID="PAG_5_SP000123" HPOS="1211" VPOS="3642" WIDTH="574"/>
            <String HPOS="1785" VPOS="3642" HEIGHT="42" WIDTH="148" ID="PAG_5_ST000138" WC="1" CONTENT="velure" STYLEREFS="TXT_5"/>
            <SP ID="PAG_5_SP000124" HPOS="1933" VPOS="3649" WIDTH="28"/>
            <String HPOS="1961" VPOS="3649" HEIGHT="34" WIDTH="96" ID="PAG_5_ST000139" WC="1" CONTENT="tout" STYLEREFS="TXT_5"/>
            <SP ID="PAG_5_SP000125" HPOS="2057" VPOS="3657" WIDTH="25"/>
            <String HPOS="2082" VPOS="3657" HEIGHT="25" WIDTH="77" ID="PAG_5_ST000140" WC="1" CONTENT="son" STYLEREFS="TXT_5"/>
            <SP ID="PAG_5_SP000126" HPOS="2159" VPOS="3640" WIDTH="32"/>
            <String HPOS="2191" VPOS="3640" HEIGHT="42" WIDTH="171" ID="PAG_5_ST000141" WC="1" CONTENT="brillant" STYLEREFS="TXT_5"/>
            <SP ID="PAG_5_SP000127" HPOS="2362" VPOS="3648" WIDTH="26"/>
            <String HPOS="2388" VPOS="3648" HEIGHT="34" WIDTH="43" ID="PAG_5_ST000142" WC="1" CONTENT="et" STYLEREFS="TXT_5"/>
          </TextLine>
          <TextLine HPOS="347" VPOS="3696" HEIGHT="66" WIDTH="2111" ID="PAG_5_TL000016" STYLEREFS="TXT_5">
            <String HPOS="347" VPOS="3714" HEIGHT="33" WIDTH="44" ID="PAG_5_ST000143" WC="1" CONTENT="et" STYLEREFS="TXT_5"/>
            <SP ID="PAG_5_SP000128" HPOS="391" VPOS="3723" WIDTH="31"/>
            <String HPOS="422" VPOS="3723" HEIGHT="24" WIDTH="50" ID="PAG_5_ST000144" WC="1" CONTENT="sa" STYLEREFS="TXT_5"/>
            <SP ID="PAG_5_SP000129" HPOS="472" VPOS="3705" WIDTH="28"/>
            <String HPOS="500" VPOS="3705" HEIGHT="50" WIDTH="176" ID="PAG_5_ST000145" WC="1" CONTENT="grande" STYLEREFS="TXT_5"/>
            <SP ID="PAG_5_SP000130" HPOS="676" VPOS="3710" WIDTH="51"/>
            <String HPOS="727" VPOS="3710" HEIGHT="15" WIDTH="23" ID="PAG_5_ST000146" WC="1" CONTENT="&quot;" STYLEREFS="TXT_5"/>
            <SP ID="PAG_5_SP000131" HPOS="750" VPOS="3704" WIDTH="31"/>
            <String HPOS="781" VPOS="3704" HEIGHT="43" WIDTH="167" ID="PAG_5_ST000147" WC="1" CONTENT="fluidité" STYLEREFS="TXT_5"/>
            <SP ID="PAG_5_SP000132" HPOS="948" VPOS="3709" WIDTH="33"/>
            <String HPOS="981" VPOS="3709" HEIGHT="14" WIDTH="22" ID="PAG_5_ST000148" WC="1" CONTENT="&quot;" STYLEREFS="TXT_5"/>
            <SP ID="PAG_5_SP000133" HPOS="1003" VPOS="3696" WIDTH="63"/>
            <String HPOS="1066" VPOS="3696" HEIGHT="66" WIDTH="106" ID="PAG_5_ST000149" WC="0.00" CONTENT="lylr" STYLEREFS="TXT_5"/>
            <SP ID="PAG_5_SP000134" HPOS="1172" VPOS="3708" WIDTH="429"/>
            <String HPOS="1601" VPOS="3708" HEIGHT="25" WIDTH="37" ID="PAG_5_ST000150" WC="0.00" CONTENT="V" STYLEREFS="TXT_5"/>
            <SP ID="PAG_5_SP000135" HPOS="1638" VPOS="3734" WIDTH="53"/>
            <String HPOS="1691" VPOS="3734" HEIGHT="28" WIDTH="26" ID="PAG_5_ST000151" WC="0.00" CONTENT="I" STYLEREFS="TXT_5"/>
            <SP ID="PAG_5_SP000136" HPOS="1717" VPOS="3722" WIDTH="67"/>
            <String HPOS="1784" VPOS="3722" HEIGHT="25" WIDTH="49" ID="PAG_5_ST000152" WC="1" CONTENT="sa" STYLEREFS="TXT_5"/>
            <SP ID="PAG_5_SP000137" HPOS="1833" VPOS="3705" WIDTH="46"/>
            <String HPOS="1879" VPOS="3705" HEIGHT="48" WIDTH="247" ID="PAG_5_ST000153" WC="1" CONTENT="souplesse." STYLEREFS="TXT_5"/>
            <SP ID="PAG_5_SP000138" HPOS="2126" VPOS="3706" WIDTH="46"/>
            <String HPOS="2172" VPOS="3706" HEIGHT="40" WIDTH="80" ID="PAG_5_ST000154" WC="1" CONTENT="Cet" STYLEREFS="TXT_5"/>
            <SP ID="PAG_5_SP000139" HPOS="2252" VPOS="3720" WIDTH="42"/>
            <String HPOS="2294" VPOS="3720" HEIGHT="25" WIDTH="134" ID="PAG_5_ST000155" WC="1" CONTENT="avan-" SUBS_TYPE="HypPart1" SUBS_CONTENT="avan-lui" STYLEREFS="TXT_5"/>
            <HYP HPOS="2428" VPOS="3745" WIDTH="30" CONTENT="-"/>
          </TextLine>
          <TextLine HPOS="349" VPOS="3760" HEIGHT="62" WIDTH="2267" ID="PAG_5_TL000017" STYLEREFS="TXT_5">
            <String HPOS="349" VPOS="3770" HEIGHT="42" WIDTH="49" ID="PAG_5_ST000156" WC="1" CONTENT="lui" SUBS_TYPE="HypPart2" SUBS_CONTENT="avan-lui" STYLEREFS="TXT_5"/>
            <SP ID="PAG_5_SP000140" HPOS="398" VPOS="3778" WIDTH="34"/>
            <String HPOS="432" VPOS="3778" HEIGHT="40" WIDTH="173" ID="PAG_5_ST000157" WC="1" CONTENT="permet" STYLEREFS="TXT_5"/>
            <SP ID="PAG_5_SP000141" HPOS="605" VPOS="3774" WIDTH="51"/>
            <String HPOS="656" VPOS="3774" HEIGHT="15" WIDTH="22" ID="PAG_5_ST000158" WC="1" CONTENT="&quot;" STYLEREFS="TXT_5"/>
            <SP ID="PAG_5_SP000142" HPOS="678" VPOS="3770" WIDTH="26"/>
            <String HPOS="704" VPOS="3770" HEIGHT="41" WIDTH="26" ID="PAG_5_ST000159" WC="1" CONTENT="d" STYLEREFS="TXT_5"/>
            <SP ID="PAG_5_SP000143" HPOS="730" VPOS="3769" WIDTH="23"/>
            <String HPOS="753" VPOS="3769" HEIGHT="41" WIDTH="194" ID="PAG_5_ST000160" WC="1" CONTENT="enrober" STYLEREFS="TXT_5"/>
            <SP ID="PAG_5_SP000144" HPOS="947" VPOS="3774" WIDTH="33"/>
            <String HPOS="980" VPOS="3774" HEIGHT="14" WIDTH="22" ID="PAG_5_ST000161" WC="1" CONTENT="&quot;" STYLEREFS="TXT_5"/>
            <SP ID="PAG_5_SP000145" HPOS="1002" VPOS="3760" WIDTH="64"/>
            <String HPOS="1066" VPOS="3760" HEIGHT="49" WIDTH="89" ID="PAG_5_ST000162" WC="0.5" CONTENT="K" STYLEREFS="TXT_5"/>
            <SP ID="PAG_5_SP000146" HPOS="1155" VPOS="3763" WIDTH="264"/>
            <String HPOS="1419" VPOS="3763" HEIGHT="41" WIDTH="99" ID="PAG_5_ST000163" WC="0.00" CONTENT="A'®»" STYLEREFS="TXT_5"/>
            <SP ID="PAG_5_SP000147" HPOS="1518" VPOS="3787" WIDTH="21"/>
            <String HPOS="1539" VPOS="3787" HEIGHT="26" WIDTH="24" ID="PAG_5_ST000164" WC="0.5" CONTENT="*" STYLEREFS="TXT_5"/>
            <SP ID="PAG_5_SP000148" HPOS="1563" VPOS="3760" WIDTH="112"/>
            <String HPOS="1675" VPOS="3760" HEIGHT="62" WIDTH="42" ID="PAG_5_ST000165" WC="0.5" CONTENT="M" STYLEREFS="TXT_2"/>
            <SP ID="PAG_5_SP000149" HPOS="1717" VPOS="3778" WIDTH="66"/>
            <String HPOS="1783" VPOS="3778" HEIGHT="39" WIDTH="110" ID="PAG_5_ST000166" WC="0.95" CONTENT="tage" STYLEREFS="TXT_5"/>
            <SP ID="PAG_5_SP000150" HPOS="1893" VPOS="3776" WIDTH="25"/>
            <String HPOS="1918" VPOS="3776" HEIGHT="35" WIDTH="65" ID="PAG_5_ST000167" WC="1" CONTENT="est" STYLEREFS="TXT_5"/>
            <SP ID="PAG_5_SP000151" HPOS="1983" VPOS="3784" WIDTH="25"/>
            <String HPOS="2008" VPOS="3784" HEIGHT="26" WIDTH="166" ID="PAG_5_ST000168" WC="1" CONTENT="encore" STYLEREFS="TXT_5"/>
            <SP ID="PAG_5_SP000152" HPOS="2174" VPOS="3783" WIDTH="26"/>
            <String HPOS="2200" VPOS="3783" HEIGHT="26" WIDTH="127" ID="PAG_5_ST000169" WC="1" CONTENT="accru" STYLEREFS="TXT_5"/>
            <SP ID="PAG_5_SP000153" HPOS="2327" VPOS="3783" WIDTH="23"/>
            <String HPOS="2350" VPOS="3783" HEIGHT="31" WIDTH="80" ID="PAG_5_ST000170" WC="1" CONTENT="par" STYLEREFS="TXT_5"/>
            <SP ID="PAG_5_SP000154" HPOS="2430" VPOS="3766" WIDTH="181"/>
            <String HPOS="2611" VPOS="3766" HEIGHT="47" WIDTH="5" ID="PAG_5_ST000171" WC="0.00" CONTENT="1" STYLEREFS="TXT_5"/>
          </TextLine>
          <TextLine HPOS="347" VPOS="3820" HEIGHT="66" WIDTH="2268" ID="PAG_5_TL000018" STYLEREFS="TXT_5">
            <String HPOS="347" VPOS="3835" HEIGHT="49" WIDTH="181" ID="PAG_5_ST000172" WC="1" CONTENT="chaque" STYLEREFS="TXT_5"/>
            <SP ID="PAG_5_SP000155" HPOS="528" VPOS="3833" WIDTH="31"/>
            <String HPOS="559" VPOS="3833" HEIGHT="42" WIDTH="168" ID="PAG_5_ST000173" WC="1" CONTENT="cheveu" STYLEREFS="TXT_5"/>
            <SP ID="PAG_5_SP000156" HPOS="727" VPOS="3849" WIDTH="27"/>
            <String HPOS="754" VPOS="3849" HEIGHT="25" WIDTH="55" ID="PAG_5_ST000174" WC="1" CONTENT="en" STYLEREFS="TXT_5"/>
            <SP ID="PAG_5_SP000157" HPOS="809" VPOS="3833" WIDTH="27"/>
            <String HPOS="836" VPOS="3833" HEIGHT="41" WIDTH="38" ID="PAG_5_ST000175" WC="1" CONTENT="le" STYLEREFS="TXT_5"/>
            <SP ID="PAG_5_SP000158" HPOS="874" VPOS="3848" WIDTH="35"/>
            <String HPOS="909" VPOS="3848" HEIGHT="26" WIDTH="92" ID="PAG_5_ST000176" WC="1" CONTENT="ren-" STYLEREFS="TXT_5"/>
            <SP ID="PAG_5_SP000159" HPOS="1001" VPOS="3820" WIDTH="64"/>
            <String HPOS="1065" VPOS="3820" HEIGHT="55" WIDTH="60" ID="PAG_5_ST000177" WC="0.33" CONTENT="Sr" STYLEREFS="TXT_5"/>
            <SP ID="PAG_5_SP000160" HPOS="1125" VPOS="3824" WIDTH="298"/>
            <String HPOS="1423" VPOS="3824" HEIGHT="53" WIDTH="62" ID="PAG_5_ST000178" WC="0.00" CONTENT="&quot;A?" STYLEREFS="TXT_5"/>
            <SP ID="PAG_5_SP000161" HPOS="1485" VPOS="3834" WIDTH="31"/>
            <String HPOS="1516" VPOS="3834" HEIGHT="48" WIDTH="27" ID="PAG_5_ST000179" WC="0.00" CONTENT="?" STYLEREFS="TXT_5"/>
            <SP ID="PAG_5_SP000162" HPOS="1543" VPOS="3826" WIDTH="22"/>
            <String HPOS="1565" VPOS="3826" HEIGHT="60" WIDTH="54" ID="PAG_5_ST000180" WC="0.33" CONTENT="J0" STYLEREFS="TXT_5"/>
            <SP ID="PAG_5_SP000163" HPOS="1619" VPOS="3832" WIDTH="165"/>
            <String HPOS="1784" VPOS="3832" HEIGHT="51" WIDTH="191" ID="PAG_5_ST000181" WC="1" CONTENT="l'emploi" STYLEREFS="TXT_5"/>
            <SP ID="PAG_5_SP000164" HPOS="1975" VPOS="3831" WIDTH="42"/>
            <String HPOS="2017" VPOS="3831" HEIGHT="42" WIDTH="56" ID="PAG_5_ST000182" WC="1" CONTENT="du" STYLEREFS="TXT_5"/>
            <SP ID="PAG_5_SP000165" HPOS="2073" VPOS="3832" WIDTH="40"/>
            <String HPOS="2113" VPOS="3832" HEIGHT="49" WIDTH="318" ID="PAG_5_ST000183" WC="1" CONTENT="pulvérisateur" STYLEREFS="TXT_5"/>
            <SP ID="PAG_5_SP000166" HPOS="2431" VPOS="3845" WIDTH="180"/>
            <String HPOS="2611" VPOS="3845" HEIGHT="34" WIDTH="4" ID="PAG_5_ST000184" WC="0.00" CONTENT=";" STYLEREFS="TXT_5"/>
          </TextLine>
          <TextLine HPOS="346" VPOS="3884" HEIGHT="65" WIDTH="2269" ID="PAG_5_TL000019" STYLEREFS="TXT_5">
            <String HPOS="346" VPOS="3896" HEIGHT="43" WIDTH="113" ID="PAG_5_ST000185" WC="1" CONTENT="dant" STYLEREFS="TXT_5"/>
            <SP ID="PAG_5_SP000167" HPOS="459" VPOS="3897" WIDTH="36"/>
            <String HPOS="495" VPOS="3897" HEIGHT="42" WIDTH="174" ID="PAG_5_ST000186" WC="1" CONTENT="brillant" STYLEREFS="TXT_5"/>
            <SP ID="PAG_5_SP000168" HPOS="669" VPOS="3912" WIDTH="36"/>
            <String HPOS="705" VPOS="3912" HEIGHT="26" WIDTH="104" ID="PAG_5_ST000187" WC="1" CONTENT="sans" STYLEREFS="TXT_5"/>
            <SP ID="PAG_5_SP000169" HPOS="809" VPOS="3897" WIDTH="41"/>
            <String HPOS="850" VPOS="3897" HEIGHT="40" WIDTH="153" ID="PAG_5_ST000188" WC="1" CONTENT="laisser" STYLEREFS="TXT_5"/>
            <SP ID="PAG_5_SP000170" HPOS="1003" VPOS="3884" WIDTH="579"/>
            <String HPOS="1582" VPOS="3884" HEIGHT="32" WIDTH="23" ID="PAG_5_ST000189" WC="0.00" CONTENT="^" STYLEREFS="TXT_5"/>
            <SP ID="PAG_5_SP000171" HPOS="1605" VPOS="3897" WIDTH="177"/>
            <String HPOS="1782" VPOS="3897" HEIGHT="52" WIDTH="182" ID="PAG_5_ST000190" WC="1" CONTENT="spécial." STYLEREFS="TXT_5"/>
            <SP ID="PAG_5_SP000172" HPOS="1964" VPOS="3912" WIDTH="647"/>
            <String HPOS="2611" VPOS="3912" HEIGHT="35" WIDTH="4" ID="PAG_5_ST000191" WC="0.00" CONTENT=";" STYLEREFS="TXT_5"/>
          </TextLine>
          <TextLine HPOS="347" VPOS="3960" HEIGHT="57" WIDTH="2268" ID="PAG_5_TL000020" STYLEREFS="TXT_5">
            <String HPOS="347" VPOS="3960" HEIGHT="42" WIDTH="58" ID="PAG_5_ST000192" WC="1" CONTENT="de" STYLEREFS="TXT_5"/>
            <SP ID="PAG_5_SP000173" HPOS="405" VPOS="3965" WIDTH="62"/>
            <String HPOS="467" VPOS="3965" HEIGHT="14" WIDTH="22" ID="PAG_5_ST000193" WC="0.5" CONTENT="&quot;" STYLEREFS="TXT_5"/>
            <SP ID="PAG_5_SP000174" HPOS="489" VPOS="3960" WIDTH="39"/>
            <String HPOS="528" VPOS="3960" HEIGHT="54" WIDTH="295" ID="PAG_5_ST000194" WC="1" CONTENT="gouttelettes" STYLEREFS="TXT_5"/>
            <SP ID="PAG_5_SP000175" HPOS="823" VPOS="3963" WIDTH="43"/>
            <String HPOS="866" VPOS="3963" HEIGHT="50" WIDTH="134" ID="PAG_5_ST000195" WC="1" CONTENT="grais-" STYLEREFS="TXT_5"/>
            <SP ID="PAG_5_SP000176" HPOS="1000" VPOS="3977" WIDTH="396"/>
            <String HPOS="1396" VPOS="3977" HEIGHT="7" WIDTH="12" ID="PAG_5_ST000196" WC="0.00" CONTENT="&quot;" STYLEREFS="TXT_5"/>
            <SP ID="PAG_5_SP000177" HPOS="1408" VPOS="3977" WIDTH="26"/>
            <String HPOS="1434" VPOS="3977" HEIGHT="40" WIDTH="53" ID="PAG_5_ST000197" WC="0.00" CONTENT="M" STYLEREFS="TXT_5"/>
            <SP ID="PAG_5_SP000178" HPOS="1487" VPOS="3974" WIDTH="14"/>
            <String HPOS="1501" VPOS="3974" HEIGHT="42" WIDTH="67" ID="PAG_5_ST000198" WC="0.00" CONTENT="h4" STYLEREFS="TXT_5"/>
            <SP ID="PAG_5_SP000179" HPOS="1568" VPOS="3978" WIDTH="22"/>
            <String HPOS="1590" VPOS="3978" HEIGHT="6" WIDTH="8" ID="PAG_5_ST000199" WC="0.00" CONTENT="&quot;" STYLEREFS="TXT_5"/>
            <SP ID="PAG_5_SP000180" HPOS="1598" VPOS="3962" WIDTH="1013"/>
            <String HPOS="2611" VPOS="3962" HEIGHT="55" WIDTH="4" ID="PAG_5_ST000200" WC="0.00" CONTENT="I" STYLEREFS="TXT_5"/>
          </TextLine>
          <TextLine HPOS="347" VPOS="4015" HEIGHT="65" WIDTH="2267" ID="PAG_5_TL000021" STYLEREFS="TXT_5">
            <String HPOS="347" VPOS="4040" HEIGHT="26" WIDTH="154" ID="PAG_5_ST000201" WC="1" CONTENT="seuses" STYLEREFS="TXT_5"/>
            <SP ID="PAG_5_SP000181" HPOS="501" VPOS="4028" WIDTH="26"/>
            <String HPOS="527" VPOS="4028" HEIGHT="15" WIDTH="22" ID="PAG_5_ST000202" WC="0.33" CONTENT="Il" STYLEREFS="TXT_5"/>
            <SP ID="PAG_5_SP000182" HPOS="549" VPOS="4040" WIDTH="51"/>
            <String HPOS="600" VPOS="4040" HEIGHT="25" WIDTH="172" ID="PAG_5_ST000203" WC="1" CONTENT="comme" STYLEREFS="TXT_5"/>
            <SP ID="PAG_5_SP000183" HPOS="772" VPOS="4039" WIDTH="33"/>
            <String HPOS="805" VPOS="4039" HEIGHT="25" WIDTH="110" ID="PAG_5_ST000204" WC="1" CONTENT="avec" STYLEREFS="TXT_5"/>
            <SP ID="PAG_5_SP000184" HPOS="915" VPOS="4023" WIDTH="27"/>
            <String HPOS="942" VPOS="4023" HEIGHT="41" WIDTH="60" ID="PAG_5_ST000205" WC="1" CONTENT="les" STYLEREFS="TXT_5"/>
            <SP ID="PAG_5_SP000185" HPOS="1002" VPOS="4029" WIDTH="61"/>
            <String HPOS="1063" VPOS="4029" HEIGHT="50" WIDTH="17" ID="PAG_5_ST000206" WC="0.00" CONTENT="^" STYLEREFS="TXT_5"/>
            <SP ID="PAG_5_SP000186" HPOS="1080" VPOS="4015" WIDTH="268"/>
            <String HPOS="1348" VPOS="4015" HEIGHT="65" WIDTH="227" ID="PAG_5_ST000207" WC="0.00" CONTENT="&lt;JfcÊÈ^À" STYLEREFS="TXT_5"/>
            <SP ID="PAG_5_SP000187" HPOS="1575" VPOS="4041" WIDTH="682"/>
            <String HPOS="2257" VPOS="4041" HEIGHT="39" WIDTH="110" ID="PAG_5_ST000208" WC="0.00" CONTENT="F53T" STYLEREFS="TXT_5"/>
            <SP ID="PAG_5_SP000188" HPOS="2367" VPOS="4052" WIDTH="244"/>
            <String HPOS="2611" VPOS="4052" HEIGHT="16" WIDTH="3" ID="PAG_5_ST000209" WC="0.00" CONTENT="i" STYLEREFS="TXT_5"/>
          </TextLine>
          <TextLine HPOS="348" VPOS="4078" HEIGHT="56" WIDTH="2267" ID="PAG_5_TL000022" STYLEREFS="TXT_5">
            <String HPOS="348" VPOS="4087" HEIGHT="42" WIDTH="273" ID="PAG_5_ST000210" WC="1" CONTENT="brillantines" STYLEREFS="TXT_5"/>
            <SP ID="PAG_5_SP000189" HPOS="621" VPOS="4086" WIDTH="26"/>
            <String HPOS="647" VPOS="4086" HEIGHT="42" WIDTH="172" ID="PAG_5_ST000211" WC="0.99" CONTENT="ordinai" STYLEREFS="TXT_5"/>
            <SP ID="PAG_5_SP000190" HPOS="819" VPOS="4103" WIDTH="9"/>
            <String HPOS="828" VPOS="4103" HEIGHT="25" WIDTH="78" ID="PAG_5_ST000212" WC="0.66" CONTENT="ires," STYLEREFS="TXT_5"/>
            <SP ID="PAG_5_SP000191" HPOS="906" VPOS="4096" WIDTH="157"/>
            <String HPOS="1063" VPOS="4096" HEIGHT="38" WIDTH="31" ID="PAG_5_ST000213" WC="0.33" CONTENT="L." STYLEREFS="TXT_5"/>
            <SP ID="PAG_5_SP000192" HPOS="1094" VPOS="4078" WIDTH="482"/>
            <String HPOS="1576" VPOS="4078" HEIGHT="56" WIDTH="23" ID="PAG_5_ST000214" WC="0.00" CONTENT="/" STYLEREFS="TXT_5"/>
            <SP ID="PAG_5_SP000193" HPOS="1599" VPOS="4083" WIDTH="44"/>
            <String HPOS="1643" VPOS="4083" HEIGHT="51" WIDTH="228" ID="PAG_5_ST000215" WC="0.25" CONTENT="w&quot;/" STYLEREFS="TXT_5"/>
            <SP ID="PAG_5_SP000194" HPOS="1871" VPOS="4111" WIDTH="19"/>
            <String HPOS="1890" VPOS="4111" HEIGHT="20" WIDTH="21" ID="PAG_5_ST000216" WC="0.5" CONTENT="/" STYLEREFS="TXT_5"/>
            <SP ID="PAG_5_SP000195" HPOS="1911" VPOS="4106" WIDTH="29"/>
            <String HPOS="1940" VPOS="4106" HEIGHT="28" WIDTH="3" ID="PAG_5_ST000217" WC="0.00" CONTENT="i" STYLEREFS="TXT_5"/>
            <SP ID="PAG_5_SP000196" HPOS="1943" VPOS="4119" WIDTH="144"/>
            <String HPOS="2087" VPOS="4119" HEIGHT="15" WIDTH="26" ID="PAG_5_ST000218" WC="0.00" CONTENT="f" STYLEREFS="TXT_5"/>
            <SP ID="PAG_5_SP000197" HPOS="2113" VPOS="4110" WIDTH="10"/>
            <String HPOS="2123" VPOS="4110" HEIGHT="24" WIDTH="55" ID="PAG_5_ST000219" WC="0.00" CONTENT="^" STYLEREFS="TXT_5"/>
            <SP ID="PAG_5_SP000198" HPOS="2178" VPOS="4090" WIDTH="72"/>
            <String HPOS="2250" VPOS="4090" HEIGHT="44" WIDTH="109" ID="PAG_5_ST000220" WC="0.33" CONTENT="ko" STYLEREFS="TXT_5"/>
            <SP ID="PAG_5_SP000199" HPOS="2359" VPOS="4086" WIDTH="251"/>
            <String HPOS="2610" VPOS="4086" HEIGHT="48" WIDTH="5" ID="PAG_5_ST000221" WC="0.00" CONTENT="i" STYLEREFS="TXT_5"/>
          </TextLine>
          <TextLine HPOS="350" VPOS="4131" HEIGHT="93" WIDTH="2052" ID="PAG_5_TL000023" STYLEREFS="TXT_19">
            <String HPOS="350" VPOS="4155" HEIGHT="48" WIDTH="182" ID="PAG_5_ST000222" WC="1" CONTENT="SANTÉ" STYLEREFS="TXT_19"/>
            <SP ID="PAG_5_SP000200" HPOS="532" VPOS="4163" WIDTH="45"/>
            <String HPOS="577" VPOS="4163" HEIGHT="38" WIDTH="65" ID="PAG_5_ST000223" WC="1" CONTENT="DE" STYLEREFS="TXT_19"/>
            <SP ID="PAG_5_SP000201" HPOS="642" VPOS="4163" WIDTH="46"/>
            <String HPOS="688" VPOS="4163" HEIGHT="38" WIDTH="66" ID="PAG_5_ST000224" WC="1" CONTENT="LA" STYLEREFS="TXT_19"/>
            <SP ID="PAG_5_SP000202" HPOS="754" VPOS="4162" WIDTH="41"/>
            <String HPOS="795" VPOS="4162" HEIGHT="40" WIDTH="205" ID="PAG_5_ST000225" WC="1" CONTENT="CHEVE-" STYLEREFS="TXT_19"/>
            <SP ID="PAG_5_SP000203" HPOS="1000" VPOS="4131" WIDTH="62"/>
            <String HPOS="1062" VPOS="4131" HEIGHT="50" WIDTH="33" ID="PAG_5_ST000226" WC="0.00" CONTENT="^" STYLEREFS="TXT_19"/>
            <SP ID="PAG_5_SP000204" HPOS="1095" VPOS="4131" WIDTH="311"/>
            <String HPOS="1406" VPOS="4131" HEIGHT="93" WIDTH="164" ID="PAG_5_ST000227" WC="0.2" CONTENT="■Wjj" STYLEREFS="TXT_2"/>
            <SP ID="PAG_5_SP000205" HPOS="1570" VPOS="4131" WIDTH="7"/>
            <String HPOS="1577" VPOS="4131" HEIGHT="93" WIDTH="332" ID="PAG_5_ST000228" WC="0.00" CONTENT="'AmiÏA" STYLEREFS="TXT_2"/>
            <SP ID="PAG_5_SP000206" HPOS="1909" VPOS="4131" WIDTH="134"/>
            <String HPOS="2043" VPOS="4131" HEIGHT="84" WIDTH="55" ID="PAG_5_ST000229" WC="0.52" CONTENT="J" STYLEREFS="TXT_2"/>
            <SP ID="PAG_5_SP000207" HPOS="2098" VPOS="4131" WIDTH="1"/>
            <String HPOS="2098" VPOS="4131" HEIGHT="84" WIDTH="112" ID="PAG_5_ST000230" WC="0.52" CONTENT="M*" STYLEREFS="TXT_2"/>
            <SP ID="PAG_5_SP000208" HPOS="2210" VPOS="4154" WIDTH="49"/>
            <String HPOS="2259" VPOS="4154" HEIGHT="70" WIDTH="143" ID="PAG_5_ST000231" WC="0.00" CONTENT="Pfll" STYLEREFS="TXT_19"/>
          </TextLine>
          <TextLine HPOS="353" VPOS="4223" HEIGHT="43" WIDTH="677" ID="PAG_5_TL000024" STYLEREFS="TXT_5">
            <String HPOS="353" VPOS="4227" HEIGHT="39" WIDTH="152" ID="PAG_5_ST000232" WC="1" CONTENT="LURE." STYLEREFS="TXT_19"/>
            <SP ID="PAG_5_SP000209" HPOS="505" VPOS="4223" WIDTH="26"/>
            <String HPOS="531" VPOS="4223" HEIGHT="42" WIDTH="152" ID="PAG_5_ST000233" WC="1" CONTENT="L'huile" STYLEREFS="TXT_5"/>
            <SP ID="PAG_5_SP000210" HPOS="683" VPOS="4224" WIDTH="25"/>
            <String HPOS="708" VPOS="4224" HEIGHT="41" WIDTH="58" ID="PAG_5_ST000234" WC="1" CONTENT="de" STYLEREFS="TXT_5"/>
            <SP ID="PAG_5_SP000211" HPOS="766" VPOS="4228" WIDTH="33"/>
            <String HPOS="799" VPOS="4228" HEIGHT="37" WIDTH="95" ID="PAG_5_ST000235" WC="1" CONTENT="ricin" STYLEREFS="TXT_5"/>
            <SP ID="PAG_5_SP000212" HPOS="894" VPOS="4224" WIDTH="30"/>
            <String HPOS="924" VPOS="4224" HEIGHT="41" WIDTH="76" ID="PAG_5_ST000236" WC="1" CONTENT="dé-" SUBS_TYPE="HypPart1" SUBS_CONTENT="dé-et" STYLEREFS="TXT_5"/>
            <HYP HPOS="1000" VPOS="4265" WIDTH="30" CONTENT="-"/>
          </TextLine>
          <TextLine HPOS="605" VPOS="4296" HEIGHT="32" WIDTH="42" ID="PAG_5_TL000025" STYLEREFS="TXT_5">
            <String HPOS="605" VPOS="4296" HEIGHT="32" WIDTH="42" ID="PAG_5_ST000237" WC="1" CONTENT="et" SUBS_TYPE="HypPart2" SUBS_CONTENT="dé-et" STYLEREFS="TXT_5"/>
          </TextLine>
          <TextLine HPOS="351" VPOS="4347" HEIGHT="172" WIDTH="2263" ID="PAG_5_TL000026" STYLEREFS="TXT_5">
            <String HPOS="351" VPOS="4430" HEIGHT="25" WIDTH="175" ID="PAG_5_ST000238" WC="1" CONTENT="connue" STYLEREFS="TXT_5"/>
            <SP ID="PAG_5_SP000213" HPOS="526" VPOS="4429" WIDTH="26"/>
            <String HPOS="552" VPOS="4429" HEIGHT="26" WIDTH="172" ID="PAG_5_ST000239" WC="1" CONTENT="comme" STYLEREFS="TXT_5"/>
            <SP ID="PAG_5_SP000214" HPOS="724" VPOS="4415" WIDTH="21"/>
            <String HPOS="745" VPOS="4415" HEIGHT="40" WIDTH="38" ID="PAG_5_ST000240" WC="1" CONTENT="le" STYLEREFS="TXT_5"/>
            <SP ID="PAG_5_SP000215" HPOS="783" VPOS="4413" WIDTH="27"/>
            <String HPOS="810" VPOS="4413" HEIGHT="42" WIDTH="190" ID="PAG_5_ST000241" WC="1" CONTENT="meilleur" STYLEREFS="TXT_5"/>
            <SP ID="PAG_5_SP000216" HPOS="1000" VPOS="4347" WIDTH="490"/>
            <String HPOS="1490" VPOS="4347" HEIGHT="106" WIDTH="230" ID="PAG_5_ST000242" WC="0.00" CONTENT="'^êÊÊÊÊSL" STYLEREFS="TXT_2"/>
            <SP ID="PAG_5_SP000217" HPOS="1720" VPOS="4439" WIDTH="652"/>
            <String HPOS="2372" VPOS="4439" HEIGHT="4" WIDTH="61" ID="PAG_5_ST000243" WC="0.00" CONTENT="—" STYLEREFS="TXT_2"/>
            <SP ID="PAG_5_SP000218" HPOS="2433" VPOS="4403" WIDTH="175"/>
            <String HPOS="2608" VPOS="4403" HEIGHT="116" WIDTH="6" ID="PAG_5_ST000244" WC="0.00" CONTENT="|" STYLEREFS="TXT_2"/>
          </TextLine>
        </TextBlock>
        <Illustration ID="PAG_5_IL000001" HPOS="2643" VPOS="266" HEIGHT="4332" WIDTH="878"/>
      </PrintSpace>
    </Page>
  </Layout>
</alto>