<?xml version="1.0" encoding="UTF-8"?>
<alto xmlns="http://www.loc.gov/standards/alto/ns-v3#" xmlns:xsi="http://www.w3.org/2001/XMLSchema-instance" SCHEMAVERSION="alto_bnf-v2_0" xsi:schemaLocation="http://www.loc.gov/standards/alto/ns-v3# http://bibnum.bnf.fr/schema/alto_bnf-v2_0.xsd" xmlns:xlink="http://www.w3.org/TR/xlink">
  <Description>
    <MeasurementUnit>pixel</MeasurementUnit>
    <sourceImageInformation>
      <fileName>00000023.jp2</fileName>
      <fileIdentifier>ark:/12148/bpt6k47010350/f23</fileIdentifier>
      <documentIdentifier documentIdentifierLocation="NUM">4701035</documentIdentifier>
    </sourceImageInformation>
    <OCRProcessing ID="OCR_1">
      <ocrProcessingStep>
        <processingDateTime>2019-01-31</processingDateTime>
        <processingStepDescription>[001_OCR_BRUT]OCR BRUT 96.62 %</processingStepDescription>
        <processingStepDescription>[002_CHARS]{1196}</processingStepDescription>
        <processingStepDescription>[003_CHARS_USED]{50}</processingStepDescription>
        <processingStepDescription>[004_CHARS_SUSPECTS_USED]{0}</processingStepDescription>
        <processingStepDescription>[005_CHARS_UNUSED]{1146}</processingStepDescription>
        <processingStepDescription>[006_CHARS_SUSPECTS_UNUSED]{0}</processingStepDescription>
        <processingStepDescription>[007_STRINGS]{252}</processingStepDescription>
        <processingStepDescription>[008_STRINGS_USED]{12}</processingStepDescription>
        <processingStepDescription>[009_STRINGS_SUSPECTS_UNUSED]{0}</processingStepDescription>
        <processingStepDescription>[010_CHARS_LETTERS]{1136}</processingStepDescription>
        <processingStepDescription>[011_CHARS_PUNCTUATION]{55}</processingStepDescription>
        <processingStepDescription>[012_CHARS_DIGITS]{5}</processingStepDescription>
        <processingStepDescription>[013_CHARS_SUSPECT]{0}</processingStepDescription>
        <processingStepDescription>[022_CHARS_UNUSED_BY_BLOCK]{0}</processingStepDescription>
        <processingStepDescription>[023_BLOCKS_SUSPECTS]{0}</processingStepDescription>
        <processingStepDescription>[111_LIGS_DETECTED_CURV]{0}</processingStepDescription>
      </ocrProcessingStep>
    </OCRProcessing>
  </Description>
  <Styles>
    <TextStyle FONTSIZE="7" ID="TXT_3" FONTFAMILY="Times"/>
    <TextStyle FONTSIZE="10" ID="TXT_19" FONTFAMILY="Times"/>
    <TextStyle FONTSIZE="31" ID="TXT_21" FONTFAMILY="Times"/>
    <TextStyle FONTSIZE="17" ID="TXT_26" FONTFAMILY="Times"/>
    <TextStyle FONTSIZE="103" ID="TXT_47" FONTFAMILY="Times"/>
  </Styles>
  <Tags>
    <StructureTag DESCRIPTION="Jeux de couleurs SUR FOND NOIR ET" TYPE="Structural" ID="TAG_ST001" LABEL="title"/>
    <StructureTag DESCRIPTION="LA ROBE TRISTE DEVIENT GAIE" TYPE="Structural" ID="TAG_ST002" LABEL="subtitle"/>
  </Tags>
  <Layout>
    <Page ID="PAG_23" HEIGHT="4983" WIDTH="7522" PHYSICAL_IMG_NR="23" QUALITY="OK" ACCURACY="99.83">
      <PrintSpace HPOS="512" VPOS="119" HEIGHT="4684" WIDTH="6840" ID="PAG_23_PrintSpace">
        <TextBlock HPOS="512" VPOS="1152" HEIGHT="640" WIDTH="992" ID="PAG_23_TB000001" TAGREFS="TAG_ST001" LANG="fr" STYLEREFS="TXT_47">
          <TextLine HPOS="512" VPOS="1152" HEIGHT="640" WIDTH="992" ID="PAG_23_TL000001" STYLEREFS="TXT_47">
            <String HPOS="512" VPOS="1152" HEIGHT="640" WIDTH="291" ID="PAG_23_ST000001" WC="1" CONTENT="Jeux" STYLEREFS="TXT_47"/>
            <SP ID="PAG_23_SP000001" HPOS="803" VPOS="1152" WIDTH="1"/>
            <String HPOS="803" VPOS="1152" HEIGHT="640" WIDTH="175" ID="PAG_23_ST000002" WC="1" CONTENT="de" STYLEREFS="TXT_47"/>
            <SP ID="PAG_23_SP000002" HPOS="978" VPOS="1152" WIDTH="1"/>
            <String HPOS="978" VPOS="1152" HEIGHT="640" WIDTH="526" ID="PAG_23_ST000003" WC="1" CONTENT="couleurs" STYLEREFS="TXT_47"/>
          </TextLine>
        </TextBlock>
        <TextBlock HPOS="576" VPOS="1880" HEIGHT="80" WIDTH="862" ID="PAG_23_TB000002" TAGREFS="TAG_ST001" LANG="fr" STYLEREFS="TXT_26">
          <TextLine HPOS="576" VPOS="1880" HEIGHT="80" WIDTH="862" ID="PAG_23_TL000002" STYLEREFS="TXT_26">
            <String HPOS="576" VPOS="1882" HEIGHT="78" WIDTH="200" ID="PAG_23_ST000004" WC="1" CONTENT="SUR" STYLEREFS="TXT_26"/>
            <SP ID="PAG_23_SP000003" HPOS="776" VPOS="1882" WIDTH="54"/>
            <String HPOS="830" VPOS="1882" HEIGHT="76" WIDTH="286" ID="PAG_23_ST000005" WC="1" CONTENT="FOND" STYLEREFS="TXT_26"/>
            <SP ID="PAG_23_SP000004" HPOS="1116" VPOS="1880" WIDTH="52"/>
            <String HPOS="1168" VPOS="1880" HEIGHT="78" WIDTH="270" ID="PAG_23_ST000006" WC="1" CONTENT="NOIR" STYLEREFS="TXT_26"/>
          </TextLine>
        </TextBlock>
        <TextBlock HPOS="978" VPOS="2040" HEIGHT="48" WIDTH="82" ID="PAG_23_TB000003" TAGREFS="TAG_ST001" LANG="fr" STYLEREFS="TXT_19">
          <TextLine HPOS="978" VPOS="2040" HEIGHT="48" WIDTH="82" ID="PAG_23_TL000003" STYLEREFS="TXT_19">
            <String HPOS="978" VPOS="2040" HEIGHT="48" WIDTH="82" ID="PAG_23_ST000007" WC="1" CONTENT="ET" STYLEREFS="TXT_19"/>
          </TextLine>
        </TextBlock>
        <TextBlock HPOS="684" VPOS="2148" HEIGHT="120" WIDTH="648" ID="PAG_23_TB000004" TAGREFS="TAG_ST002" LANG="fr" STYLEREFS="TXT_21">
          <TextLine HPOS="684" VPOS="2148" HEIGHT="120" WIDTH="648" ID="PAG_23_TL000004" STYLEREFS="TXT_21">
            <String HPOS="684" VPOS="2148" HEIGHT="116" WIDTH="84" ID="PAG_23_ST000008" WC="1" CONTENT="LA" STYLEREFS="TXT_21"/>
            <SP ID="PAG_23_SP000005" HPOS="768" VPOS="2148" WIDTH="44"/>
            <String HPOS="812" VPOS="2148" HEIGHT="120" WIDTH="212" ID="PAG_23_ST000009" WC="1" CONTENT="ROBE" STYLEREFS="TXT_21"/>
            <SP ID="PAG_23_SP000006" HPOS="1024" VPOS="2148" WIDTH="36"/>
            <String HPOS="1060" VPOS="2148" HEIGHT="120" WIDTH="272" ID="PAG_23_ST000010" WC="0.99" CONTENT="TRISTE" STYLEREFS="TXT_21"/>
          </TextLine>
        </TextBlock>
        <TextBlock HPOS="740" VPOS="2284" HEIGHT="128" WIDTH="548" ID="PAG_23_TB000005" TAGREFS="TAG_ST002" LANG="fr" STYLEREFS="TXT_21">
          <TextLine HPOS="740" VPOS="2284" HEIGHT="128" WIDTH="548" ID="PAG_23_TL000005" STYLEREFS="TXT_21">
            <String HPOS="740" VPOS="2288" HEIGHT="124" WIDTH="320" ID="PAG_23_ST000011" WC="1" CONTENT="DEVIENT" STYLEREFS="TXT_21"/>
            <SP ID="PAG_23_SP000007" HPOS="1060" VPOS="2284" WIDTH="56"/>
            <String HPOS="1116" VPOS="2284" HEIGHT="120" WIDTH="172" ID="PAG_23_ST000012" WC="1" CONTENT="GAIE" STYLEREFS="TXT_21"/>
          </TextLine>
        </TextBlock>
        <TextBlock HPOS="573" VPOS="2768" HEIGHT="250" WIDTH="943" ID="PAG_23_TB000006" LANG="fr" STYLEREFS="TXT_3">
          <TextLine HPOS="581" VPOS="2768" HEIGHT="44" WIDTH="935" ID="PAG_23_TL000006" STYLEREFS="TXT_3">
            <String HPOS="581" VPOS="2774" HEIGHT="37" WIDTH="35" ID="PAG_23_ST000013" WC="0.87" CONTENT="9" STYLEREFS="TXT_3"/>
            <SP ID="PAG_23_SP000008" HPOS="616" VPOS="2769" WIDTH="24"/>
            <String HPOS="640" VPOS="2769" HEIGHT="34" WIDTH="67" ID="PAG_23_ST000014" WC="1" CONTENT="Cet" STYLEREFS="TXT_3"/>
            <SP ID="PAG_23_SP000009" HPOS="707" VPOS="2768" WIDTH="28"/>
            <String HPOS="735" VPOS="2768" HEIGHT="42" WIDTH="120" ID="PAG_23_ST000015" WC="1" CONTENT="hiver," STYLEREFS="TXT_3"/>
            <SP ID="PAG_23_SP000010" HPOS="855" VPOS="2780" WIDTH="29"/>
            <String HPOS="884" VPOS="2780" HEIGHT="23" WIDTH="93" ID="PAG_23_ST000016" WC="1" CONTENT="vous" STYLEREFS="TXT_3"/>
            <SP ID="PAG_23_SP000011" HPOS="977" VPOS="2780" WIDTH="27"/>
            <String HPOS="1004" VPOS="2780" HEIGHT="23" WIDTH="95" ID="PAG_23_ST000017" WC="1" CONTENT="vous" STYLEREFS="TXT_3"/>
            <SP ID="PAG_23_SP000012" HPOS="1099" VPOS="2768" WIDTH="29"/>
            <String HPOS="1128" VPOS="2768" HEIGHT="35" WIDTH="116" ID="PAG_23_ST000018" WC="1" CONTENT="disiez" STYLEREFS="TXT_3"/>
            <SP ID="PAG_23_SP000013" HPOS="1244" VPOS="2780" WIDTH="28"/>
            <String HPOS="1272" VPOS="2780" HEIGHT="32" WIDTH="70" ID="PAG_23_ST000019" WC="1" CONTENT="que" STYLEREFS="TXT_3"/>
            <SP ID="PAG_23_SP000014" HPOS="1342" VPOS="2768" WIDTH="29"/>
            <String HPOS="1371" VPOS="2768" HEIGHT="35" WIDTH="32" ID="PAG_23_ST000020" WC="1" CONTENT="le" STYLEREFS="TXT_3"/>
            <SP ID="PAG_23_SP000015" HPOS="1403" VPOS="2768" WIDTH="29"/>
            <String HPOS="1432" VPOS="2768" HEIGHT="34" WIDTH="84" ID="PAG_23_ST000021" WC="1" CONTENT="noir" STYLEREFS="TXT_3"/>
          </TextLine>
          <TextLine HPOS="574" VPOS="2819" HEIGHT="45" WIDTH="942" ID="PAG_23_TL000007" STYLEREFS="TXT_3">
            <String HPOS="574" VPOS="2827" HEIGHT="27" WIDTH="55" ID="PAG_23_ST000022" WC="1" CONTENT="est" STYLEREFS="TXT_3"/>
            <SP ID="PAG_23_SP000016" HPOS="629" VPOS="2819" WIDTH="41"/>
            <String HPOS="670" VPOS="2819" HEIGHT="45" WIDTH="202" ID="PAG_23_ST000023" WC="1" CONTENT="distingué," STYLEREFS="TXT_3"/>
            <SP ID="PAG_23_SP000017" HPOS="872" VPOS="2820" WIDTH="41"/>
            <String HPOS="913" VPOS="2820" HEIGHT="43" WIDTH="89" ID="PAG_23_ST000024" WC="1" CONTENT="qu'il" STYLEREFS="TXT_3"/>
            <SP ID="PAG_23_SP000018" HPOS="1002" VPOS="2820" WIDTH="40"/>
            <String HPOS="1042" VPOS="2820" HEIGHT="35" WIDTH="155" ID="PAG_23_ST000025" WC="1" CONTENT="amincit" STYLEREFS="TXT_3"/>
            <SP ID="PAG_23_SP000019" HPOS="1197" VPOS="2820" WIDTH="42"/>
            <String HPOS="1239" VPOS="2820" HEIGHT="34" WIDTH="34" ID="PAG_23_ST000026" WC="1" CONTENT="la" STYLEREFS="TXT_3"/>
            <SP ID="PAG_23_SP000020" HPOS="1273" VPOS="2819" WIDTH="40"/>
            <String HPOS="1313" VPOS="2819" HEIGHT="35" WIDTH="203" ID="PAG_23_ST000027" WC="1" CONTENT="silhouette" STYLEREFS="TXT_3"/>
          </TextLine>
          <TextLine HPOS="574" VPOS="2871" HEIGHT="44" WIDTH="940" ID="PAG_23_TL000008" STYLEREFS="TXT_3">
            <String HPOS="574" VPOS="2879" HEIGHT="27" WIDTH="35" ID="PAG_23_ST000028" WC="1" CONTENT="et" STYLEREFS="TXT_3"/>
            <SP ID="PAG_23_SP000021" HPOS="609" VPOS="2871" WIDTH="37"/>
            <String HPOS="646" VPOS="2871" HEIGHT="43" WIDTH="135" ID="PAG_23_ST000029" WC="1" CONTENT="qu'une" STYLEREFS="TXT_3"/>
            <SP ID="PAG_23_SP000022" HPOS="781" VPOS="2871" WIDTH="40"/>
            <String HPOS="821" VPOS="2871" HEIGHT="35" WIDTH="87" ID="PAG_23_ST000030" WC="1" CONTENT="robe" STYLEREFS="TXT_3"/>
            <SP ID="PAG_23_SP000023" HPOS="908" VPOS="2871" WIDTH="38"/>
            <String HPOS="946" VPOS="2871" HEIGHT="35" WIDTH="107" ID="PAG_23_ST000031" WC="1" CONTENT="noire" STYLEREFS="TXT_3"/>
            <SP ID="PAG_23_SP000024" HPOS="1053" VPOS="2882" WIDTH="37"/>
            <String HPOS="1090" VPOS="2882" HEIGHT="33" WIDTH="109" ID="PAG_23_ST000032" WC="1" CONTENT="passe" STYLEREFS="TXT_3"/>
            <SP ID="PAG_23_SP000025" HPOS="1199" VPOS="2871" WIDTH="39"/>
            <String HPOS="1238" VPOS="2871" HEIGHT="44" WIDTH="203" ID="PAG_23_ST000033" WC="1" CONTENT="inaperçue" STYLEREFS="TXT_3"/>
            <SP ID="PAG_23_SP000026" HPOS="1441" VPOS="2879" WIDTH="39"/>
            <String HPOS="1480" VPOS="2879" HEIGHT="26" WIDTH="34" ID="PAG_23_ST000034" WC="1" CONTENT="et" STYLEREFS="TXT_3"/>
          </TextLine>
          <TextLine HPOS="573" VPOS="2922" HEIGHT="45" WIDTH="940" ID="PAG_23_TL000009" STYLEREFS="TXT_3">
            <String HPOS="573" VPOS="2931" HEIGHT="34" WIDTH="85" ID="PAG_23_ST000035" WC="0.95" CONTENT="peut" STYLEREFS="TXT_3"/>
            <SP ID="PAG_23_SP000027" HPOS="658" VPOS="2922" WIDTH="32"/>
            <String HPOS="690" VPOS="2922" HEIGHT="35" WIDTH="122" ID="PAG_23_ST000036" WC="1" CONTENT="servir" STYLEREFS="TXT_3"/>
            <SP ID="PAG_23_SP000028" HPOS="812" VPOS="2923" WIDTH="31"/>
            <String HPOS="843" VPOS="2923" HEIGHT="44" WIDTH="222" ID="PAG_23_ST000037" WC="1" CONTENT="longtemps." STYLEREFS="TXT_3"/>
            <SP ID="PAG_23_SP000029" HPOS="1065" VPOS="2923" WIDTH="34"/>
            <String HPOS="1099" VPOS="2923" HEIGHT="35" WIDTH="105" ID="PAG_23_ST000038" WC="1" CONTENT="Vous" STYLEREFS="TXT_3"/>
            <SP ID="PAG_23_SP000030" HPOS="1204" VPOS="2922" WIDTH="31"/>
            <String HPOS="1235" VPOS="2922" HEIGHT="36" WIDTH="107" ID="PAG_23_ST000039" WC="1" CONTENT="aviez" STYLEREFS="TXT_3"/>
            <SP ID="PAG_23_SP000031" HPOS="1342" VPOS="2923" WIDTH="32"/>
            <String HPOS="1374" VPOS="2923" HEIGHT="40" WIDTH="139" ID="PAG_23_ST000040" WC="1" CONTENT="raison," STYLEREFS="TXT_3"/>
          </TextLine>
          <TextLine HPOS="573" VPOS="2973" HEIGHT="45" WIDTH="940" ID="PAG_23_TL000010" STYLEREFS="TXT_3">
            <String HPOS="573" VPOS="2973" HEIGHT="35" WIDTH="94" ID="PAG_23_ST000041" WC="1" CONTENT="mais" STYLEREFS="TXT_3"/>
            <SP ID="PAG_23_SP000032" HPOS="667" VPOS="2982" WIDTH="50"/>
            <String HPOS="717" VPOS="2982" HEIGHT="26" WIDTH="148" ID="PAG_23_ST000042" WC="1" CONTENT="surtout" STYLEREFS="TXT_3"/>
            <SP ID="PAG_23_SP000033" HPOS="865" VPOS="2985" WIDTH="49"/>
            <String HPOS="914" VPOS="2985" HEIGHT="32" WIDTH="112" ID="PAG_23_ST000043" WC="1" CONTENT="parce" STYLEREFS="TXT_3"/>
            <SP ID="PAG_23_SP000034" HPOS="1026" VPOS="2986" WIDTH="49"/>
            <String HPOS="1075" VPOS="2986" HEIGHT="32" WIDTH="70" ID="PAG_23_ST000044" WC="1" CONTENT="que" STYLEREFS="TXT_3"/>
            <SP ID="PAG_23_SP000035" HPOS="1145" VPOS="2974" WIDTH="50"/>
            <String HPOS="1195" VPOS="2974" HEIGHT="35" WIDTH="125" ID="PAG_23_ST000045" WC="1" CONTENT="c'était" STYLEREFS="TXT_3"/>
            <SP ID="PAG_23_SP000036" HPOS="1320" VPOS="2973" WIDTH="48"/>
            <String HPOS="1368" VPOS="2973" HEIGHT="35" WIDTH="145" ID="PAG_23_ST000046" WC="1" CONTENT="l'hiver." STYLEREFS="TXT_3"/>
          </TextLine>
        </TextBlock>
        <TextBlock HPOS="565" VPOS="3046" HEIGHT="830" WIDTH="977" ID="PAG_23_TB000007" LANG="fr" STYLEREFS="TXT_3">
          <TextLine HPOS="582" VPOS="3046" HEIGHT="45" WIDTH="960" ID="PAG_23_TL000011" STYLEREFS="TXT_3">
            <String HPOS="582" VPOS="3052" HEIGHT="37" WIDTH="34" ID="PAG_23_ST000047" WC="0.50" CONTENT="." STYLEREFS="TXT_3"/>
            <SP ID="PAG_23_SP000037" HPOS="616" VPOS="3047" WIDTH="19"/>
            <String HPOS="635" VPOS="3047" HEIGHT="42" WIDTH="111" ID="PAG_23_ST000048" WC="1" CONTENT="Mais," STYLEREFS="TXT_3"/>
            <SP ID="PAG_23_SP000038" HPOS="746" VPOS="3059" WIDTH="24"/>
            <String HPOS="770" VPOS="3059" HEIGHT="23" WIDTH="44" ID="PAG_23_ST000049" WC="1" CONTENT="en" STYLEREFS="TXT_3"/>
            <SP ID="PAG_23_SP000039" HPOS="814" VPOS="3055" WIDTH="23"/>
            <String HPOS="837" VPOS="3055" HEIGHT="27" WIDTH="110" ID="PAG_23_ST000050" WC="1" CONTENT="vertu" STYLEREFS="TXT_3"/>
            <SP ID="PAG_23_SP000040" HPOS="947" VPOS="3048" WIDTH="23"/>
            <String HPOS="970" VPOS="3048" HEIGHT="35" WIDTH="47" ID="PAG_23_ST000051" WC="1" CONTENT="du" STYLEREFS="TXT_3"/>
            <SP ID="PAG_23_SP000041" HPOS="1017" VPOS="3047" WIDTH="23"/>
            <String HPOS="1040" VPOS="3047" HEIGHT="44" WIDTH="170" ID="PAG_23_ST000052" WC="1" CONTENT="principe" STYLEREFS="TXT_3"/>
            <SP ID="PAG_23_SP000042" HPOS="1210" VPOS="3059" WIDTH="22"/>
            <String HPOS="1232" VPOS="3059" HEIGHT="32" WIDTH="70" ID="PAG_23_ST000053" WC="1" CONTENT="que" STYLEREFS="TXT_3"/>
            <SP ID="PAG_23_SP000043" HPOS="1302" VPOS="3054" WIDTH="22"/>
            <String HPOS="1324" VPOS="3054" HEIGHT="29" WIDTH="104" ID="PAG_23_ST000054" WC="1" CONTENT="toute" STYLEREFS="TXT_3"/>
            <SP ID="PAG_23_SP000044" HPOS="1428" VPOS="3046" WIDTH="22"/>
            <String HPOS="1450" VPOS="3046" HEIGHT="35" WIDTH="62" ID="PAG_23_ST000055" WC="1" CONTENT="vé-" SUBS_TYPE="HypPart1" SUBS_CONTENT="vérité" STYLEREFS="TXT_3"/>
            <HYP HPOS="1512" VPOS="3081" WIDTH="30" CONTENT="-"/>
          </TextLine>
          <TextLine HPOS="573" VPOS="3098" HEIGHT="43" WIDTH="938" ID="PAG_23_TL000012" STYLEREFS="TXT_3">
            <String HPOS="573" VPOS="3098" HEIGHT="35" WIDTH="69" ID="PAG_23_ST000056" WC="1" CONTENT="rité" SUBS_TYPE="HypPart2" SUBS_CONTENT="vérité" STYLEREFS="TXT_3"/>
            <SP ID="PAG_23_SP000045" HPOS="642" VPOS="3106" WIDTH="35"/>
            <String HPOS="677" VPOS="3106" HEIGHT="27" WIDTH="55" ID="PAG_23_ST000057" WC="1" CONTENT="est" STYLEREFS="TXT_3"/>
            <SP ID="PAG_23_SP000046" HPOS="732" VPOS="3099" WIDTH="36"/>
            <String HPOS="768" VPOS="3099" HEIGHT="42" WIDTH="169" ID="PAG_23_ST000058" WC="1" CONTENT="relative," STYLEREFS="TXT_3"/>
            <SP ID="PAG_23_SP000047" HPOS="937" VPOS="3099" WIDTH="36"/>
            <String HPOS="973" VPOS="3099" HEIGHT="34" WIDTH="24" ID="PAG_23_ST000059" WC="1" CONTENT="il" STYLEREFS="TXT_3"/>
            <SP ID="PAG_23_SP000048" HPOS="997" VPOS="3111" WIDTH="35"/>
            <String HPOS="1032" VPOS="3111" HEIGHT="23" WIDTH="38" ID="PAG_23_ST000060" WC="1" CONTENT="se" STYLEREFS="TXT_3"/>
            <SP ID="PAG_23_SP000049" HPOS="1070" VPOS="3108" WIDTH="36"/>
            <String HPOS="1106" VPOS="3108" HEIGHT="26" WIDTH="134" ID="PAG_23_ST000061" WC="1" CONTENT="trouve" STYLEREFS="TXT_3"/>
            <SP ID="PAG_23_SP000050" HPOS="1240" VPOS="3099" WIDTH="35"/>
            <String HPOS="1275" VPOS="3099" HEIGHT="35" WIDTH="236" ID="PAG_23_ST000062" WC="1" CONTENT="maintenant" STYLEREFS="TXT_3"/>
          </TextLine>
          <TextLine HPOS="569" VPOS="3151" HEIGHT="44" WIDTH="939" ID="PAG_23_TL000013" STYLEREFS="TXT_3">
            <String HPOS="569" VPOS="3161" HEIGHT="32" WIDTH="68" ID="PAG_23_ST000063" WC="1" CONTENT="que" STYLEREFS="TXT_3"/>
            <SP ID="PAG_23_SP000051" HPOS="637" VPOS="3162" WIDTH="41"/>
            <String HPOS="678" VPOS="3162" HEIGHT="23" WIDTH="90" ID="PAG_23_ST000064" WC="1" CONTENT="vous" STYLEREFS="TXT_3"/>
            <SP ID="PAG_23_SP000052" HPOS="768" VPOS="3151" WIDTH="37"/>
            <String HPOS="805" VPOS="3151" HEIGHT="34" WIDTH="130" ID="PAG_23_ST000065" WC="1" CONTENT="n'avez" STYLEREFS="TXT_3"/>
            <SP ID="PAG_23_SP000053" HPOS="935" VPOS="3152" WIDTH="37"/>
            <String HPOS="972" VPOS="3152" HEIGHT="42" WIDTH="81" ID="PAG_23_ST000066" WC="1" CONTENT="plus" STYLEREFS="TXT_3"/>
            <SP ID="PAG_23_SP000054" HPOS="1053" VPOS="3151" WIDTH="38"/>
            <String HPOS="1091" VPOS="3151" HEIGHT="41" WIDTH="138" ID="PAG_23_ST000067" WC="1" CONTENT="raison," STYLEREFS="TXT_3"/>
            <SP ID="PAG_23_SP000055" HPOS="1229" VPOS="3162" WIDTH="50"/>
            <String HPOS="1279" VPOS="3162" HEIGHT="33" WIDTH="112" ID="PAG_23_ST000068" WC="1" CONTENT="parce" STYLEREFS="TXT_3"/>
            <SP ID="PAG_23_SP000056" HPOS="1391" VPOS="3162" WIDTH="48"/>
            <String HPOS="1439" VPOS="3162" HEIGHT="32" WIDTH="69" ID="PAG_23_ST000069" WC="1" CONTENT="que" STYLEREFS="TXT_3"/>
          </TextLine>
          <TextLine HPOS="568" VPOS="3202" HEIGHT="44" WIDTH="940" ID="PAG_23_TL000014" STYLEREFS="TXT_3">
            <String HPOS="568" VPOS="3212" HEIGHT="23" WIDTH="93" ID="PAG_23_ST000070" WC="1" CONTENT="nous" STYLEREFS="TXT_3"/>
            <SP ID="PAG_23_SP000057" HPOS="661" VPOS="3212" WIDTH="27"/>
            <String HPOS="688" VPOS="3212" HEIGHT="24" WIDTH="160" ID="PAG_23_ST000071" WC="1" CONTENT="sommes" STYLEREFS="TXT_3"/>
            <SP ID="PAG_23_SP000058" HPOS="848" VPOS="3214" WIDTH="27"/>
            <String HPOS="875" VPOS="3214" HEIGHT="23" WIDTH="45" ID="PAG_23_ST000072" WC="1" CONTENT="au" STYLEREFS="TXT_3"/>
            <SP ID="PAG_23_SP000059" HPOS="920" VPOS="3202" WIDTH="26"/>
            <String HPOS="946" VPOS="3202" HEIGHT="43" WIDTH="219" ID="PAG_23_ST000073" WC="1" CONTENT="printemps." STYLEREFS="TXT_3"/>
            <SP ID="PAG_23_SP000060" HPOS="1165" VPOS="3203" WIDTH="26"/>
            <String HPOS="1191" VPOS="3203" HEIGHT="43" WIDTH="99" ID="PAG_23_ST000074" WC="1" CONTENT="J'ose" STYLEREFS="TXT_3"/>
            <SP ID="PAG_23_SP000061" HPOS="1290" VPOS="3202" WIDTH="27"/>
            <String HPOS="1317" VPOS="3202" HEIGHT="35" WIDTH="191" ID="PAG_23_ST000075" WC="1" CONTENT="d'ailleurs" STYLEREFS="TXT_3"/>
          </TextLine>
          <TextLine HPOS="568" VPOS="3251" HEIGHT="38" WIDTH="968" ID="PAG_23_TL000015" STYLEREFS="TXT_3">
            <String HPOS="568" VPOS="3251" HEIGHT="36" WIDTH="163" ID="PAG_23_ST000076" WC="1" CONTENT="énoncer" STYLEREFS="TXT_3"/>
            <SP ID="PAG_23_SP000062" HPOS="731" VPOS="3262" WIDTH="33"/>
            <String HPOS="764" VPOS="3262" HEIGHT="25" WIDTH="95" ID="PAG_23_ST000077" WC="1" CONTENT="cette" STYLEREFS="TXT_3"/>
            <SP ID="PAG_23_SP000063" HPOS="859" VPOS="3253" WIDTH="33"/>
            <String HPOS="892" VPOS="3253" HEIGHT="35" WIDTH="121" ID="PAG_23_ST000078" WC="1" CONTENT="vérité" STYLEREFS="TXT_3"/>
            <SP ID="PAG_23_SP000064" HPOS="1013" VPOS="3265" WIDTH="35"/>
            <String HPOS="1048" VPOS="3265" HEIGHT="23" WIDTH="85" ID="PAG_23_ST000079" WC="1" CONTENT="sans" STYLEREFS="TXT_3"/>
            <SP ID="PAG_23_SP000065" HPOS="1133" VPOS="3253" WIDTH="35"/>
            <String HPOS="1168" VPOS="3253" HEIGHT="35" WIDTH="143" ID="PAG_23_ST000080" WC="1" CONTENT="crainte" STYLEREFS="TXT_3"/>
            <SP ID="PAG_23_SP000066" HPOS="1311" VPOS="3254" WIDTH="34"/>
            <String HPOS="1345" VPOS="3254" HEIGHT="34" WIDTH="44" ID="PAG_23_ST000081" WC="1" CONTENT="de" STYLEREFS="TXT_3"/>
            <SP ID="PAG_23_SP000067" HPOS="1389" VPOS="3266" WIDTH="35"/>
            <String HPOS="1424" VPOS="3266" HEIGHT="23" WIDTH="82" ID="PAG_23_ST000082" WC="1" CONTENT="ren-" SUBS_TYPE="HypPart1" SUBS_CONTENT="renverser" STYLEREFS="TXT_3"/>
            <HYP HPOS="1506" VPOS="3289" WIDTH="30" CONTENT="-"/>
          </TextLine>
          <TextLine HPOS="566" VPOS="3305" HEIGHT="43" WIDTH="940" ID="PAG_23_TL000016" STYLEREFS="TXT_3">
            <String HPOS="566" VPOS="3315" HEIGHT="22" WIDTH="131" ID="PAG_23_ST000083" WC="1" CONTENT="verser" SUBS_TYPE="HypPart2" SUBS_CONTENT="renverser" STYLEREFS="TXT_3"/>
            <SP ID="PAG_23_SP000068" HPOS="697" VPOS="3315" WIDTH="36"/>
            <String HPOS="733" VPOS="3315" HEIGHT="23" WIDTH="66" ID="PAG_23_ST000084" WC="1" CONTENT="vos" STYLEREFS="TXT_3"/>
            <SP ID="PAG_23_SP000069" HPOS="799" VPOS="3316" WIDTH="36"/>
            <String HPOS="835" VPOS="3316" HEIGHT="32" WIDTH="218" ID="PAG_23_ST000085" WC="1" CONTENT="croyances," STYLEREFS="TXT_3"/>
            <SP ID="PAG_23_SP000070" HPOS="1053" VPOS="3317" WIDTH="48"/>
            <String HPOS="1101" VPOS="3317" HEIGHT="23" WIDTH="64" ID="PAG_23_ST000086" WC="1" CONTENT="car" STYLEREFS="TXT_3"/>
            <SP ID="PAG_23_SP000071" HPOS="1165" VPOS="3306" WIDTH="45"/>
            <String HPOS="1210" VPOS="3306" HEIGHT="42" WIDTH="39" ID="PAG_23_ST000087" WC="1" CONTENT="je" STYLEREFS="TXT_3"/>
            <SP ID="PAG_23_SP000072" HPOS="1249" VPOS="3305" WIDTH="48"/>
            <String HPOS="1297" VPOS="3305" HEIGHT="35" WIDTH="75" ID="PAG_23_ST000088" WC="1" CONTENT="suis" STYLEREFS="TXT_3"/>
            <SP ID="PAG_23_SP000073" HPOS="1372" VPOS="3305" WIDTH="49"/>
            <String HPOS="1421" VPOS="3305" HEIGHT="35" WIDTH="85" ID="PAG_23_ST000089" WC="0.97" CONTENT="sûre" STYLEREFS="TXT_3"/>
          </TextLine>
          <TextLine HPOS="565" VPOS="3354" HEIGHT="43" WIDTH="940" ID="PAG_23_TL000017" STYLEREFS="TXT_3">
            <String HPOS="565" VPOS="3365" HEIGHT="32" WIDTH="69" ID="PAG_23_ST000090" WC="1" CONTENT="que" STYLEREFS="TXT_3"/>
            <SP ID="PAG_23_SP000074" HPOS="634" VPOS="3354" WIDTH="38"/>
            <String HPOS="672" VPOS="3354" HEIGHT="35" WIDTH="223" ID="PAG_23_ST000091" WC="0.99" CONTENT="subitement" STYLEREFS="TXT_3"/>
            <SP ID="PAG_23_SP000075" HPOS="895" VPOS="3368" WIDTH="37"/>
            <String HPOS="932" VPOS="3368" HEIGHT="22" WIDTH="92" ID="PAG_23_ST000092" WC="0.84" CONTENT="vous" STYLEREFS="TXT_3"/>
            <SP ID="PAG_23_SP000076" HPOS="1024" VPOS="3368" WIDTH="36"/>
            <String HPOS="1060" VPOS="3368" HEIGHT="22" WIDTH="91" ID="PAG_23_ST000093" WC="0.80" CONTENT="avez" STYLEREFS="TXT_3"/>
            <SP ID="PAG_23_SP000077" HPOS="1151" VPOS="3368" WIDTH="36"/>
            <String HPOS="1187" VPOS="3368" HEIGHT="22" WIDTH="105" ID="PAG_23_ST000094" WC="1" CONTENT="assez" STYLEREFS="TXT_3"/>
            <SP ID="PAG_23_SP000078" HPOS="1292" VPOS="3357" WIDTH="36"/>
            <String HPOS="1328" VPOS="3357" HEIGHT="34" WIDTH="47" ID="PAG_23_ST000095" WC="1" CONTENT="du" STYLEREFS="TXT_3"/>
            <SP ID="PAG_23_SP000079" HPOS="1375" VPOS="3356" WIDTH="36"/>
            <String HPOS="1411" VPOS="3356" HEIGHT="34" WIDTH="94" ID="PAG_23_ST000096" WC="1" CONTENT="noir." STYLEREFS="TXT_3"/>
          </TextLine>
          <TextLine HPOS="575" VPOS="3421" HEIGHT="48" WIDTH="934" ID="PAG_23_TL000018" STYLEREFS="TXT_3">
            <String HPOS="575" VPOS="3431" HEIGHT="38" WIDTH="36" ID="PAG_23_ST000097" WC="0.5" CONTENT="0" STYLEREFS="TXT_3"/>
            <SP ID="PAG_23_SP000080" HPOS="611" VPOS="3426" WIDTH="31"/>
            <String HPOS="642" VPOS="3426" HEIGHT="39" WIDTH="314" ID="PAG_23_ST000098" WC="1" CONTENT="Rassurez-vous," STYLEREFS="TXT_3"/>
            <SP ID="PAG_23_SP000081" HPOS="956" VPOS="3436" WIDTH="36"/>
            <String HPOS="992" VPOS="3436" HEIGHT="22" WIDTH="40" ID="PAG_23_ST000099" WC="1" CONTENT="ce" STYLEREFS="TXT_3"/>
            <SP ID="PAG_23_SP000082" HPOS="1032" VPOS="3425" WIDTH="34"/>
            <String HPOS="1066" VPOS="3425" HEIGHT="40" WIDTH="251" ID="PAG_23_ST000100" WC="1" CONTENT="changement" STYLEREFS="TXT_3"/>
            <SP ID="PAG_23_SP000083" HPOS="1317" VPOS="3421" WIDTH="34"/>
            <String HPOS="1351" VPOS="3421" HEIGHT="35" WIDTH="158" ID="PAG_23_ST000101" WC="1" CONTENT="soudain" STYLEREFS="TXT_3"/>
          </TextLine>
          <TextLine HPOS="569" VPOS="3472" HEIGHT="47" WIDTH="969" ID="PAG_23_TL000019" STYLEREFS="TXT_3">
            <String HPOS="569" VPOS="3478" HEIGHT="33" WIDTH="93" ID="PAG_23_ST000102" WC="0.97" CONTENT="dans" STYLEREFS="TXT_3"/>
            <SP ID="PAG_23_SP000084" HPOS="662" VPOS="3488" WIDTH="29"/>
            <String HPOS="691" VPOS="3488" HEIGHT="22" WIDTH="66" ID="PAG_23_ST000103" WC="1" CONTENT="vos" STYLEREFS="TXT_3"/>
            <SP ID="PAG_23_SP000085" HPOS="757" VPOS="3475" WIDTH="28"/>
            <String HPOS="785" VPOS="3475" HEIGHT="44" WIDTH="173" ID="PAG_23_ST000104" WC="1" CONTENT="opinions" STYLEREFS="TXT_3"/>
            <SP ID="PAG_23_SP000086" HPOS="958" VPOS="3476" WIDTH="30"/>
            <String HPOS="988" VPOS="3476" HEIGHT="33" WIDTH="50" ID="PAG_23_ST000105" WC="1" CONTENT="les" STYLEREFS="TXT_3"/>
            <SP ID="PAG_23_SP000087" HPOS="1038" VPOS="3475" WIDTH="29"/>
            <String HPOS="1067" VPOS="3475" HEIGHT="43" WIDTH="81" ID="PAG_23_ST000106" WC="1" CONTENT="plus" STYLEREFS="TXT_3"/>
            <SP ID="PAG_23_SP000088" HPOS="1148" VPOS="3474" WIDTH="31"/>
            <String HPOS="1179" VPOS="3474" HEIGHT="34" WIDTH="226" ID="PAG_23_ST000107" WC="1" CONTENT="fermement" STYLEREFS="TXT_3"/>
            <SP ID="PAG_23_SP000089" HPOS="1405" VPOS="3472" WIDTH="28"/>
            <String HPOS="1433" VPOS="3472" HEIGHT="35" WIDTH="75" ID="PAG_23_ST000108" WC="1" CONTENT="éta-" SUBS_TYPE="HypPart1" SUBS_CONTENT="établies" STYLEREFS="TXT_3"/>
            <HYP HPOS="1508" VPOS="3507" WIDTH="30" CONTENT="-"/>
          </TextLine>
          <TextLine HPOS="569" VPOS="3523" HEIGHT="46" WIDTH="939" ID="PAG_23_TL000020" STYLEREFS="TXT_3">
            <String HPOS="569" VPOS="3526" HEIGHT="36" WIDTH="92" ID="PAG_23_ST000109" WC="0.86" CONTENT="blies" SUBS_TYPE="HypPart2" SUBS_CONTENT="établies" STYLEREFS="TXT_3"/>
            <SP ID="PAG_23_SP000090" HPOS="661" VPOS="3527" WIDTH="22"/>
            <String HPOS="683" VPOS="3527" HEIGHT="34" WIDTH="93" ID="PAG_23_ST000110" WC="1" CONTENT="n'est" STYLEREFS="TXT_3"/>
            <SP ID="PAG_23_SP000091" HPOS="776" VPOS="3538" WIDTH="22"/>
            <String HPOS="798" VPOS="3538" HEIGHT="31" WIDTH="65" ID="PAG_23_ST000111" WC="1" CONTENT="pas" STYLEREFS="TXT_3"/>
            <SP ID="PAG_23_SP000092" HPOS="863" VPOS="3526" WIDTH="23"/>
            <String HPOS="886" VPOS="3526" HEIGHT="43" WIDTH="221" ID="PAG_23_ST000112" WC="1" CONTENT="inquiétant." STYLEREFS="TXT_3"/>
            <SP ID="PAG_23_SP000093" HPOS="1107" VPOS="3526" WIDTH="25"/>
            <String HPOS="1132" VPOS="3526" HEIGHT="33" WIDTH="29" ID="PAG_23_ST000113" WC="0.70" CONTENT="11" STYLEREFS="TXT_3"/>
            <SP ID="PAG_23_SP000094" HPOS="1161" VPOS="3525" WIDTH="22"/>
            <String HPOS="1183" VPOS="3525" HEIGHT="35" WIDTH="94" ID="PAG_23_ST000114" WC="1" CONTENT="n'est" STYLEREFS="TXT_3"/>
            <SP ID="PAG_23_SP000095" HPOS="1277" VPOS="3536" WIDTH="21"/>
            <String HPOS="1298" VPOS="3536" HEIGHT="32" WIDTH="66" ID="PAG_23_ST000115" WC="1" CONTENT="pas" STYLEREFS="TXT_3"/>
            <SP ID="PAG_23_SP000096" HPOS="1364" VPOS="3523" WIDTH="23"/>
            <String HPOS="1387" VPOS="3523" HEIGHT="35" WIDTH="121" ID="PAG_23_ST000116" WC="1" CONTENT="indice" STYLEREFS="TXT_3"/>
          </TextLine>
          <TextLine HPOS="567" VPOS="3575" HEIGHT="46" WIDTH="939" ID="PAG_23_TL000021" STYLEREFS="TXT_3">
            <String HPOS="567" VPOS="3579" HEIGHT="34" WIDTH="43" ID="PAG_23_ST000117" WC="1" CONTENT="de" STYLEREFS="TXT_3"/>
            <SP ID="PAG_23_SP000097" HPOS="610" VPOS="3578" WIDTH="31"/>
            <String HPOS="641" VPOS="3578" HEIGHT="42" WIDTH="165" ID="PAG_23_ST000118" WC="1" CONTENT="légèreté" STYLEREFS="TXT_3"/>
            <SP ID="PAG_23_SP000098" HPOS="806" VPOS="3577" WIDTH="30"/>
            <String HPOS="836" VPOS="3577" HEIGHT="44" WIDTH="164" ID="PAG_23_ST000119" WC="1" CONTENT="d'esprit." STYLEREFS="TXT_3"/>
            <SP ID="PAG_23_SP000099" HPOS="1000" VPOS="3578" WIDTH="32"/>
            <String HPOS="1032" VPOS="3578" HEIGHT="34" WIDTH="29" ID="PAG_23_ST000120" WC="1" CONTENT="Il" STYLEREFS="TXT_3"/>
            <SP ID="PAG_23_SP000100" HPOS="1061" VPOS="3588" WIDTH="31"/>
            <String HPOS="1092" VPOS="3588" HEIGHT="24" WIDTH="44" ID="PAG_23_ST000121" WC="1" CONTENT="ne" STYLEREFS="TXT_3"/>
            <SP ID="PAG_23_SP000101" HPOS="1136" VPOS="3575" WIDTH="31"/>
            <String HPOS="1167" VPOS="3575" HEIGHT="45" WIDTH="146" ID="PAG_23_ST000122" WC="0.98" CONTENT="signifie" STYLEREFS="TXT_3"/>
            <SP ID="PAG_23_SP000102" HPOS="1313" VPOS="3587" WIDTH="29"/>
            <String HPOS="1342" VPOS="3587" HEIGHT="32" WIDTH="65" ID="PAG_23_ST000123" WC="1" CONTENT="pas" STYLEREFS="TXT_3"/>
            <SP ID="PAG_23_SP000103" HPOS="1407" VPOS="3586" WIDTH="30"/>
            <String HPOS="1437" VPOS="3586" HEIGHT="32" WIDTH="69" ID="PAG_23_ST000124" WC="1" CONTENT="que" STYLEREFS="TXT_3"/>
          </TextLine>
          <TextLine HPOS="570" VPOS="3625" HEIGHT="47" WIDTH="937" ID="PAG_23_TL000022" STYLEREFS="TXT_3">
            <String HPOS="570" VPOS="3641" HEIGHT="22" WIDTH="92" ID="PAG_23_ST000125" WC="0.92" CONTENT="vous" STYLEREFS="TXT_3"/>
            <SP ID="PAG_23_SP000104" HPOS="662" VPOS="3629" WIDTH="48"/>
            <String HPOS="710" VPOS="3629" HEIGHT="34" WIDTH="77" ID="PAG_23_ST000126" WC="1" CONTENT="êtes" STYLEREFS="TXT_3"/>
            <SP ID="PAG_23_SP000105" HPOS="787" VPOS="3628" WIDTH="50"/>
            <String HPOS="837" VPOS="3628" HEIGHT="44" WIDTH="231" ID="PAG_23_ST000127" WC="1" CONTENT="capricieuse" STYLEREFS="TXT_3"/>
            <SP ID="PAG_23_SP000106" HPOS="1068" VPOS="3635" WIDTH="49"/>
            <String HPOS="1117" VPOS="3635" HEIGHT="27" WIDTH="35" ID="PAG_23_ST000128" WC="1" CONTENT="et" STYLEREFS="TXT_3"/>
            <SP ID="PAG_23_SP000107" HPOS="1152" VPOS="3639" WIDTH="49"/>
            <String HPOS="1201" VPOS="3639" HEIGHT="23" WIDTH="86" ID="PAG_23_ST000129" WC="1" CONTENT="sans" STYLEREFS="TXT_3"/>
            <SP ID="PAG_23_SP000108" HPOS="1287" VPOS="3625" WIDTH="51"/>
            <String HPOS="1338" VPOS="3625" HEIGHT="36" WIDTH="169" ID="PAG_23_ST000130" WC="1" CONTENT="fermeté." STYLEREFS="TXT_3"/>
          </TextLine>
          <TextLine HPOS="571" VPOS="3679" HEIGHT="44" WIDTH="936" ID="PAG_23_TL000023" STYLEREFS="TXT_3">
            <String HPOS="571" VPOS="3680" HEIGHT="35" WIDTH="50" ID="PAG_23_ST000131" WC="1" CONTENT="Ce" STYLEREFS="TXT_3"/>
            <SP ID="PAG_23_SP000109" HPOS="621" VPOS="3681" WIDTH="29"/>
            <String HPOS="650" VPOS="3681" HEIGHT="34" WIDTH="92" ID="PAG_23_ST000132" WC="1" CONTENT="n'est" STYLEREFS="TXT_3"/>
            <SP ID="PAG_23_SP000110" HPOS="742" VPOS="3692" WIDTH="30"/>
            <String HPOS="772" VPOS="3692" HEIGHT="31" WIDTH="65" ID="PAG_23_ST000133" WC="1" CONTENT="pas" STYLEREFS="TXT_3"/>
            <SP ID="PAG_23_SP000111" HPOS="837" VPOS="3680" WIDTH="29"/>
            <String HPOS="866" VPOS="3680" HEIGHT="35" WIDTH="43" ID="PAG_23_ST000134" WC="1" CONTENT="de" STYLEREFS="TXT_3"/>
            <SP ID="PAG_23_SP000112" HPOS="909" VPOS="3690" WIDTH="29"/>
            <String HPOS="938" VPOS="3690" HEIGHT="24" WIDTH="106" ID="PAG_23_ST000135" WC="1" CONTENT="votre" STYLEREFS="TXT_3"/>
            <SP ID="PAG_23_SP000113" HPOS="1044" VPOS="3679" WIDTH="33"/>
            <String HPOS="1077" VPOS="3679" HEIGHT="41" WIDTH="115" ID="PAG_23_ST000136" WC="1" CONTENT="faute," STYLEREFS="TXT_3"/>
            <SP ID="PAG_23_SP000114" HPOS="1192" VPOS="3679" WIDTH="30"/>
            <String HPOS="1222" VPOS="3679" HEIGHT="35" WIDTH="89" ID="PAG_23_ST000137" WC="1" CONTENT="c'est" STYLEREFS="TXT_3"/>
            <SP ID="PAG_23_SP000115" HPOS="1311" VPOS="3680" WIDTH="28"/>
            <String HPOS="1339" VPOS="3680" HEIGHT="34" WIDTH="33" ID="PAG_23_ST000138" WC="1" CONTENT="la" STYLEREFS="TXT_3"/>
            <SP ID="PAG_23_SP000116" HPOS="1372" VPOS="3679" WIDTH="32"/>
            <String HPOS="1404" VPOS="3679" HEIGHT="34" WIDTH="103" ID="PAG_23_ST000139" WC="1" CONTENT="faute" STYLEREFS="TXT_3"/>
          </TextLine>
          <TextLine HPOS="568" VPOS="3730" HEIGHT="44" WIDTH="938" ID="PAG_23_TL000024" STYLEREFS="TXT_3">
            <String HPOS="568" VPOS="3732" HEIGHT="33" WIDTH="46" ID="PAG_23_ST000140" WC="1" CONTENT="du" STYLEREFS="TXT_3"/>
            <SP ID="PAG_23_SP000117" HPOS="614" VPOS="3731" WIDTH="32"/>
            <String HPOS="646" VPOS="3731" HEIGHT="34" WIDTH="105" ID="PAG_23_ST000141" WC="1" CONTENT="soleil" STYLEREFS="TXT_3"/>
            <SP ID="PAG_23_SP000118" HPOS="751" VPOS="3731" WIDTH="31"/>
            <String HPOS="782" VPOS="3731" HEIGHT="43" WIDTH="61" ID="PAG_23_ST000142" WC="1" CONTENT="qui" STYLEREFS="TXT_3"/>
            <SP ID="PAG_23_SP000119" HPOS="843" VPOS="3731" WIDTH="31"/>
            <String HPOS="874" VPOS="3731" HEIGHT="34" WIDTH="106" ID="PAG_23_ST000143" WC="1" CONTENT="brille" STYLEREFS="TXT_3"/>
            <SP ID="PAG_23_SP000120" HPOS="980" VPOS="3731" WIDTH="32"/>
            <String HPOS="1012" VPOS="3731" HEIGHT="43" WIDTH="143" ID="PAG_23_ST000144" WC="1" CONTENT="chaque" STYLEREFS="TXT_3"/>
            <SP ID="PAG_23_SP000121" HPOS="1155" VPOS="3730" WIDTH="31"/>
            <String HPOS="1186" VPOS="3730" HEIGHT="43" WIDTH="87" ID="PAG_23_ST000145" WC="1" CONTENT="jour" STYLEREFS="TXT_3"/>
            <SP ID="PAG_23_SP000122" HPOS="1273" VPOS="3730" WIDTH="31"/>
            <String HPOS="1304" VPOS="3730" HEIGHT="35" WIDTH="44" ID="PAG_23_ST000146" WC="1" CONTENT="de" STYLEREFS="TXT_3"/>
            <SP ID="PAG_23_SP000123" HPOS="1348" VPOS="3730" WIDTH="32"/>
            <String HPOS="1380" VPOS="3730" HEIGHT="34" WIDTH="126" ID="PAG_23_ST000147" WC="1" CONTENT="mieux" STYLEREFS="TXT_3"/>
          </TextLine>
          <TextLine HPOS="569" VPOS="3780" HEIGHT="45" WIDTH="937" ID="PAG_23_TL000025" STYLEREFS="TXT_3">
            <String HPOS="569" VPOS="3793" HEIGHT="23" WIDTH="42" ID="PAG_23_ST000148" WC="1" CONTENT="en" STYLEREFS="TXT_3"/>
            <SP ID="PAG_23_SP000124" HPOS="611" VPOS="3782" WIDTH="31"/>
            <String HPOS="642" VPOS="3782" HEIGHT="34" WIDTH="137" ID="PAG_23_ST000149" WC="1" CONTENT="mieux." STYLEREFS="TXT_3"/>
            <SP ID="PAG_23_SP000125" HPOS="779" VPOS="3782" WIDTH="31"/>
            <String HPOS="810" VPOS="3782" HEIGHT="35" WIDTH="99" ID="PAG_23_ST000150" WC="1" CONTENT="C'est" STYLEREFS="TXT_3"/>
            <SP ID="PAG_23_SP000126" HPOS="909" VPOS="3782" WIDTH="30"/>
            <String HPOS="939" VPOS="3782" HEIGHT="35" WIDTH="50" ID="PAG_23_ST000151" WC="1" CONTENT="lui" STYLEREFS="TXT_3"/>
            <SP ID="PAG_23_SP000127" HPOS="989" VPOS="3782" WIDTH="29"/>
            <String HPOS="1018" VPOS="3782" HEIGHT="43" WIDTH="61" ID="PAG_23_ST000152" WC="1" CONTENT="qui" STYLEREFS="TXT_3"/>
            <SP ID="PAG_23_SP000128" HPOS="1079" VPOS="3795" WIDTH="29"/>
            <String HPOS="1108" VPOS="3795" HEIGHT="22" WIDTH="20" ID="PAG_23_ST000153" WC="1" CONTENT="a" STYLEREFS="TXT_3"/>
            <SP ID="PAG_23_SP000129" HPOS="1128" VPOS="3781" WIDTH="28"/>
            <String HPOS="1156" VPOS="3781" HEIGHT="43" WIDTH="139" ID="PAG_23_ST000154" WC="1" CONTENT="dissipé" STYLEREFS="TXT_3"/>
            <SP ID="PAG_23_SP000130" HPOS="1295" VPOS="3781" WIDTH="29"/>
            <String HPOS="1324" VPOS="3781" HEIGHT="35" WIDTH="34" ID="PAG_23_ST000155" WC="1" CONTENT="la" STYLEREFS="TXT_3"/>
            <SP ID="PAG_23_SP000131" HPOS="1358" VPOS="3780" WIDTH="27"/>
            <String HPOS="1385" VPOS="3780" HEIGHT="35" WIDTH="121" ID="PAG_23_ST000156" WC="1" CONTENT="vérité" STYLEREFS="TXT_3"/>
          </TextLine>
          <TextLine HPOS="569" VPOS="3831" HEIGHT="45" WIDTH="938" ID="PAG_23_TL000026" STYLEREFS="TXT_3">
            <String HPOS="569" VPOS="3833" HEIGHT="34" WIDTH="43" ID="PAG_23_ST000157" WC="1" CONTENT="de" STYLEREFS="TXT_3"/>
            <SP ID="PAG_23_SP000132" HPOS="612" VPOS="3833" WIDTH="25"/>
            <String HPOS="637" VPOS="3833" HEIGHT="34" WIDTH="34" ID="PAG_23_ST000158" WC="1" CONTENT="la" STYLEREFS="TXT_3"/>
            <SP ID="PAG_23_SP000133" HPOS="671" VPOS="3833" WIDTH="25"/>
            <String HPOS="696" VPOS="3833" HEIGHT="34" WIDTH="86" ID="PAG_23_ST000159" WC="1" CONTENT="robe" STYLEREFS="TXT_3"/>
            <SP ID="PAG_23_SP000134" HPOS="782" VPOS="3832" WIDTH="25"/>
            <String HPOS="807" VPOS="3832" HEIGHT="39" WIDTH="116" ID="PAG_23_ST000160" WC="1" CONTENT="noire," STYLEREFS="TXT_3"/>
            <SP ID="PAG_23_SP000135" HPOS="923" VPOS="3844" WIDTH="25"/>
            <String HPOS="948" VPOS="3844" HEIGHT="24" WIDTH="142" ID="PAG_23_ST000161" WC="1" CONTENT="comme" STYLEREFS="TXT_3"/>
            <SP ID="PAG_23_SP000136" HPOS="1090" VPOS="3833" WIDTH="26"/>
            <String HPOS="1116" VPOS="3833" HEIGHT="34" WIDTH="51" ID="PAG_23_ST000162" WC="1" CONTENT="les" STYLEREFS="TXT_3"/>
            <SP ID="PAG_23_SP000137" HPOS="1167" VPOS="3843" WIDTH="24"/>
            <String HPOS="1191" VPOS="3843" HEIGHT="33" WIDTH="142" ID="PAG_23_ST000163" WC="1" CONTENT="nuages" STYLEREFS="TXT_3"/>
            <SP ID="PAG_23_SP000138" HPOS="1333" VPOS="3844" WIDTH="24"/>
            <String HPOS="1357" VPOS="3844" HEIGHT="22" WIDTH="46" ID="PAG_23_ST000164" WC="1" CONTENT="au" STYLEREFS="TXT_3"/>
            <SP ID="PAG_23_SP000139" HPOS="1403" VPOS="3831" WIDTH="24"/>
            <String HPOS="1427" VPOS="3831" HEIGHT="35" WIDTH="80" ID="PAG_23_ST000165" WC="1" CONTENT="ciel." STYLEREFS="TXT_3"/>
          </TextLine>
        </TextBlock>
        <TextBlock HPOS="569" VPOS="3904" HEIGHT="603" WIDTH="967" ID="PAG_23_TB000008" LANG="fr" STYLEREFS="TXT_3">
          <TextLine HPOS="573" VPOS="3904" HEIGHT="44" WIDTH="934" ID="PAG_23_TL000027" STYLEREFS="TXT_3">
            <String HPOS="573" VPOS="3911" HEIGHT="37" WIDTH="37" ID="PAG_23_ST000166" WC="0.69" CONTENT="0" STYLEREFS="TXT_3"/>
            <SP ID="PAG_23_SP000140" HPOS="610" VPOS="3905" WIDTH="31"/>
            <String HPOS="641" VPOS="3905" HEIGHT="35" WIDTH="92" ID="PAG_23_ST000167" WC="1" CONTENT="Mon" STYLEREFS="TXT_3"/>
            <SP ID="PAG_23_SP000141" HPOS="733" VPOS="3905" WIDTH="33"/>
            <String HPOS="766" VPOS="3905" HEIGHT="43" WIDTH="91" ID="PAG_23_ST000168" WC="1" CONTENT="petit" STYLEREFS="TXT_3"/>
            <SP ID="PAG_23_SP000142" HPOS="857" VPOS="3906" WIDTH="33"/>
            <String HPOS="890" VPOS="3906" HEIGHT="34" WIDTH="171" ID="PAG_23_ST000169" WC="1" CONTENT="discours" STYLEREFS="TXT_3"/>
            <SP ID="PAG_23_SP000143" HPOS="1061" VPOS="3905" WIDTH="33"/>
            <String HPOS="1094" VPOS="3905" HEIGHT="35" WIDTH="116" ID="PAG_23_ST000170" WC="1" CONTENT="serait" STYLEREFS="TXT_3"/>
            <SP ID="PAG_23_SP000144" HPOS="1210" VPOS="3905" WIDTH="33"/>
            <String HPOS="1243" VPOS="3905" HEIGHT="42" WIDTH="202" ID="PAG_23_ST000171" WC="1" CONTENT="incomplet" STYLEREFS="TXT_3"/>
            <SP ID="PAG_23_SP000145" HPOS="1445" VPOS="3904" WIDTH="32"/>
            <String HPOS="1477" VPOS="3904" HEIGHT="34" WIDTH="30" ID="PAG_23_ST000172" WC="1" CONTENT="si" STYLEREFS="TXT_3"/>
          </TextLine>
          <TextLine HPOS="569" VPOS="3955" HEIGHT="45" WIDTH="939" ID="PAG_23_TL000028" STYLEREFS="TXT_3">
            <String HPOS="569" VPOS="3957" HEIGHT="43" WIDTH="38" ID="PAG_23_ST000173" WC="1" CONTENT="je" STYLEREFS="TXT_3"/>
            <SP ID="PAG_23_SP000146" HPOS="607" VPOS="3968" WIDTH="30"/>
            <String HPOS="637" VPOS="3968" HEIGHT="23" WIDTH="44" ID="PAG_23_ST000174" WC="1" CONTENT="ne" STYLEREFS="TXT_3"/>
            <SP ID="PAG_23_SP000147" HPOS="681" VPOS="3956" WIDTH="31"/>
            <String HPOS="712" VPOS="3956" HEIGHT="43" WIDTH="222" ID="PAG_23_ST000175" WC="1" CONTENT="remplaçais" STYLEREFS="TXT_3"/>
            <SP ID="PAG_23_SP000148" HPOS="934" VPOS="3968" WIDTH="29"/>
            <String HPOS="963" VPOS="3968" HEIGHT="31" WIDTH="65" ID="PAG_23_ST000176" WC="1" CONTENT="pas" STYLEREFS="TXT_3"/>
            <SP ID="PAG_23_SP000149" HPOS="1028" VPOS="3957" WIDTH="30"/>
            <String HPOS="1058" VPOS="3957" HEIGHT="34" WIDTH="33" ID="PAG_23_ST000177" WC="1" CONTENT="la" STYLEREFS="TXT_3"/>
            <SP ID="PAG_23_SP000150" HPOS="1091" VPOS="3955" WIDTH="33"/>
            <String HPOS="1124" VPOS="3955" HEIGHT="35" WIDTH="117" ID="PAG_23_ST000178" WC="1" CONTENT="vérité" STYLEREFS="TXT_3"/>
            <SP ID="PAG_23_SP000151" HPOS="1241" VPOS="3955" WIDTH="29"/>
            <String HPOS="1270" VPOS="3955" HEIGHT="35" WIDTH="142" ID="PAG_23_ST000179" WC="1" CONTENT="déchue" STYLEREFS="TXT_3"/>
            <SP ID="PAG_23_SP000152" HPOS="1412" VPOS="3967" WIDTH="30"/>
            <String HPOS="1442" VPOS="3967" HEIGHT="31" WIDTH="66" ID="PAG_23_ST000180" WC="1" CONTENT="par" STYLEREFS="TXT_3"/>
          </TextLine>
          <TextLine HPOS="570" VPOS="4006" HEIGHT="45" WIDTH="934" ID="PAG_23_TL000029" STYLEREFS="TXT_3">
            <String HPOS="570" VPOS="4019" HEIGHT="23" WIDTH="70" ID="PAG_23_ST000181" WC="1" CONTENT="une" STYLEREFS="TXT_3"/>
            <SP ID="PAG_23_SP000153" HPOS="640" VPOS="4016" WIDTH="31"/>
            <String HPOS="671" VPOS="4016" HEIGHT="26" WIDTH="106" ID="PAG_23_ST000182" WC="1" CONTENT="autre" STYLEREFS="TXT_3"/>
            <SP ID="PAG_23_SP000154" HPOS="777" VPOS="4006" WIDTH="31"/>
            <String HPOS="808" VPOS="4006" HEIGHT="36" WIDTH="121" ID="PAG_23_ST000183" WC="1" CONTENT="vérité" STYLEREFS="TXT_3"/>
            <SP ID="PAG_23_SP000155" HPOS="929" VPOS="4008" WIDTH="29"/>
            <String HPOS="958" VPOS="4008" HEIGHT="42" WIDTH="81" ID="PAG_23_ST000184" WC="1" CONTENT="plus" STYLEREFS="TXT_3"/>
            <SP ID="PAG_23_SP000156" HPOS="1039" VPOS="4008" WIDTH="29"/>
            <String HPOS="1068" VPOS="4008" HEIGHT="43" WIDTH="113" ID="PAG_23_ST000185" WC="1" CONTENT="jeune" STYLEREFS="TXT_3"/>
            <SP ID="PAG_23_SP000157" HPOS="1181" VPOS="4015" WIDTH="32"/>
            <String HPOS="1213" VPOS="4015" HEIGHT="26" WIDTH="34" ID="PAG_23_ST000186" WC="1" CONTENT="et" STYLEREFS="TXT_3"/>
            <SP ID="PAG_23_SP000158" HPOS="1247" VPOS="4007" WIDTH="31"/>
            <String HPOS="1278" VPOS="4007" HEIGHT="43" WIDTH="81" ID="PAG_23_ST000187" WC="1" CONTENT="plus" STYLEREFS="TXT_3"/>
            <SP ID="PAG_23_SP000159" HPOS="1359" VPOS="4007" WIDTH="30"/>
            <String HPOS="1389" VPOS="4007" HEIGHT="34" WIDTH="115" ID="PAG_23_ST000188" WC="1" CONTENT="vraie." STYLEREFS="TXT_3"/>
          </TextLine>
          <TextLine HPOS="572" VPOS="4057" HEIGHT="45" WIDTH="934" ID="PAG_23_TL000030" STYLEREFS="TXT_3">
            <String HPOS="572" VPOS="4057" HEIGHT="35" WIDTH="52" ID="PAG_23_ST000189" WC="1" CONTENT="La" STYLEREFS="TXT_3"/>
            <SP ID="PAG_23_SP000160" HPOS="624" VPOS="4057" WIDTH="43"/>
            <String HPOS="667" VPOS="4057" HEIGHT="35" WIDTH="98" ID="PAG_23_ST000190" WC="0.99" CONTENT="voici" STYLEREFS="TXT_3"/>
            <SP ID="PAG_23_SP000161" HPOS="765" VPOS="4070" WIDTH="42"/>
            <String HPOS="807" VPOS="4070" HEIGHT="22" WIDTH="6" ID="PAG_23_ST000191" WC="1" CONTENT=":" STYLEREFS="TXT_3"/>
            <SP ID="PAG_23_SP000162" HPOS="813" VPOS="4058" WIDTH="46"/>
            <String HPOS="859" VPOS="4058" HEIGHT="44" WIDTH="143" ID="PAG_23_ST000192" WC="1" CONTENT="malgré" STYLEREFS="TXT_3"/>
            <SP ID="PAG_23_SP000163" HPOS="1002" VPOS="4058" WIDTH="33"/>
            <String HPOS="1035" VPOS="4058" HEIGHT="34" WIDTH="31" ID="PAG_23_ST000193" WC="1" CONTENT="le" STYLEREFS="TXT_3"/>
            <SP ID="PAG_23_SP000164" HPOS="1066" VPOS="4058" WIDTH="34"/>
            <String HPOS="1100" VPOS="4058" HEIGHT="43" WIDTH="218" ID="PAG_23_ST000194" WC="1" CONTENT="printemps," STYLEREFS="TXT_3"/>
            <SP ID="PAG_23_SP000165" HPOS="1318" VPOS="4058" WIDTH="33"/>
            <String HPOS="1351" VPOS="4058" HEIGHT="35" WIDTH="34" ID="PAG_23_ST000195" WC="1" CONTENT="la" STYLEREFS="TXT_3"/>
            <SP ID="PAG_23_SP000166" HPOS="1385" VPOS="4058" WIDTH="34"/>
            <String HPOS="1419" VPOS="4058" HEIGHT="35" WIDTH="87" ID="PAG_23_ST000196" WC="1" CONTENT="robe" STYLEREFS="TXT_3"/>
          </TextLine>
          <TextLine HPOS="570" VPOS="4108" HEIGHT="43" WIDTH="935" ID="PAG_23_TL000031" STYLEREFS="TXT_3">
            <String HPOS="570" VPOS="4108" HEIGHT="35" WIDTH="105" ID="PAG_23_ST000197" WC="1" CONTENT="noire" STYLEREFS="TXT_3"/>
            <SP ID="PAG_23_SP000167" HPOS="675" VPOS="4108" WIDTH="33"/>
            <String HPOS="708" VPOS="4108" HEIGHT="35" WIDTH="93" ID="PAG_23_ST000198" WC="1" CONTENT="n'est" STYLEREFS="TXT_3"/>
            <SP ID="PAG_23_SP000168" HPOS="801" VPOS="4120" WIDTH="30"/>
            <String HPOS="831" VPOS="4120" HEIGHT="31" WIDTH="65" ID="PAG_23_ST000199" WC="1" CONTENT="pas" STYLEREFS="TXT_3"/>
            <SP ID="PAG_23_SP000169" HPOS="896" VPOS="4118" WIDTH="31"/>
            <String HPOS="927" VPOS="4118" HEIGHT="25" WIDTH="130" ID="PAG_23_ST000200" WC="1" CONTENT="morte." STYLEREFS="TXT_3"/>
            <SP ID="PAG_23_SP000170" HPOS="1057" VPOS="4109" WIDTH="34"/>
            <String HPOS="1091" VPOS="4109" HEIGHT="34" WIDTH="80" ID="PAG_23_ST000201" WC="1" CONTENT="Elle" STYLEREFS="TXT_3"/>
            <SP ID="PAG_23_SP000171" HPOS="1171" VPOS="4122" WIDTH="33"/>
            <String HPOS="1204" VPOS="4122" HEIGHT="21" WIDTH="44" ID="PAG_23_ST000202" WC="1" CONTENT="va" STYLEREFS="TXT_3"/>
            <SP ID="PAG_23_SP000172" HPOS="1248" VPOS="4109" WIDTH="33"/>
            <String HPOS="1281" VPOS="4109" HEIGHT="41" WIDTH="160" ID="PAG_23_ST000203" WC="1" CONTENT="revivre," STYLEREFS="TXT_3"/>
            <SP ID="PAG_23_SP000173" HPOS="1441" VPOS="4118" WIDTH="32"/>
            <String HPOS="1473" VPOS="4118" HEIGHT="26" WIDTH="32" ID="PAG_23_ST000204" WC="1" CONTENT="et" STYLEREFS="TXT_3"/>
          </TextLine>
          <TextLine HPOS="572" VPOS="4159" HEIGHT="44" WIDTH="937" ID="PAG_23_TL000032" STYLEREFS="TXT_3">
            <String HPOS="572" VPOS="4170" HEIGHT="23" WIDTH="92" ID="PAG_23_ST000205" WC="1" CONTENT="avec" STYLEREFS="TXT_3"/>
            <SP ID="PAG_23_SP000174" HPOS="664" VPOS="4159" WIDTH="25"/>
            <String HPOS="689" VPOS="4159" HEIGHT="43" WIDTH="119" ID="PAG_23_ST000206" WC="1" CONTENT="quelle" STYLEREFS="TXT_3"/>
            <SP ID="PAG_23_SP000175" HPOS="808" VPOS="4159" WIDTH="27"/>
            <String HPOS="835" VPOS="4159" HEIGHT="42" WIDTH="135" ID="PAG_23_ST000207" WC="1" CONTENT="gaieté," STYLEREFS="TXT_3"/>
            <SP ID="PAG_23_SP000176" HPOS="970" VPOS="4159" WIDTH="27"/>
            <String HPOS="997" VPOS="4159" HEIGHT="34" WIDTH="29" ID="PAG_23_ST000208" WC="1" CONTENT="si" STYLEREFS="TXT_3"/>
            <SP ID="PAG_23_SP000177" HPOS="1026" VPOS="4171" WIDTH="28"/>
            <String HPOS="1054" VPOS="4171" HEIGHT="23" WIDTH="92" ID="PAG_23_ST000209" WC="1" CONTENT="vous" STYLEREFS="TXT_3"/>
            <SP ID="PAG_23_SP000178" HPOS="1146" VPOS="4160" WIDTH="27"/>
            <String HPOS="1173" VPOS="4160" HEIGHT="43" WIDTH="266" ID="PAG_23_ST000210" WC="1" CONTENT="l'agrémentez" STYLEREFS="TXT_3"/>
            <SP ID="PAG_23_SP000179" HPOS="1439" VPOS="4161" WIDTH="26"/>
            <String HPOS="1465" VPOS="4161" HEIGHT="34" WIDTH="44" ID="PAG_23_ST000211" WC="1" CONTENT="de" STYLEREFS="TXT_3"/>
          </TextLine>
          <TextLine HPOS="570" VPOS="4210" HEIGHT="45" WIDTH="936" ID="PAG_23_TL000033" STYLEREFS="TXT_3">
            <String HPOS="570" VPOS="4210" HEIGHT="34" WIDTH="173" ID="PAG_23_ST000212" WC="1" CONTENT="couleurs" STYLEREFS="TXT_3"/>
            <SP ID="PAG_23_SP000180" HPOS="743" VPOS="4210" WIDTH="33"/>
            <String HPOS="776" VPOS="4210" HEIGHT="43" WIDTH="189" ID="PAG_23_ST000213" WC="0.98" CONTENT="joyeuses," STYLEREFS="TXT_3"/>
            <SP ID="PAG_23_SP000181" HPOS="965" VPOS="4211" WIDTH="33"/>
            <String HPOS="998" VPOS="4211" HEIGHT="34" WIDTH="269" ID="PAG_23_ST000214" WC="1" CONTENT="d'accessoires" STYLEREFS="TXT_3"/>
            <SP ID="PAG_23_SP000182" HPOS="1267" VPOS="4211" WIDTH="31"/>
            <String HPOS="1298" VPOS="4211" HEIGHT="44" WIDTH="146" ID="PAG_23_ST000215" WC="1" CONTENT="jeunes," STYLEREFS="TXT_3"/>
            <SP ID="PAG_23_SP000183" HPOS="1444" VPOS="4211" WIDTH="34"/>
            <String HPOS="1478" VPOS="4211" HEIGHT="34" WIDTH="28" ID="PAG_23_ST000216" WC="1" CONTENT="si" STYLEREFS="TXT_3"/>
          </TextLine>
          <TextLine HPOS="569" VPOS="4260" HEIGHT="45" WIDTH="967" ID="PAG_23_TL000034" STYLEREFS="TXT_3">
            <String HPOS="569" VPOS="4272" HEIGHT="22" WIDTH="93" ID="PAG_23_ST000217" WC="1" CONTENT="vous" STYLEREFS="TXT_3"/>
            <SP ID="PAG_23_SP000184" HPOS="662" VPOS="4261" WIDTH="27"/>
            <String HPOS="689" VPOS="4261" HEIGHT="34" WIDTH="33" ID="PAG_23_ST000218" WC="1" CONTENT="la" STYLEREFS="TXT_3"/>
            <SP ID="PAG_23_SP000185" HPOS="722" VPOS="4260" WIDTH="27"/>
            <String HPOS="749" VPOS="4260" HEIGHT="43" WIDTH="204" ID="PAG_23_ST000219" WC="1" CONTENT="complétez" STYLEREFS="TXT_3"/>
            <SP ID="PAG_23_SP000186" HPOS="953" VPOS="4263" WIDTH="26"/>
            <String HPOS="979" VPOS="4263" HEIGHT="33" WIDTH="43" ID="PAG_23_ST000220" WC="0.28" CONTENT="de" STYLEREFS="TXT_3"/>
            <SP ID="PAG_23_SP000187" HPOS="1022" VPOS="4270" WIDTH="27"/>
            <String HPOS="1049" VPOS="4270" HEIGHT="33" WIDTH="215" ID="PAG_23_ST000221" WC="1" CONTENT="manteaux," STYLEREFS="TXT_3"/>
            <SP ID="PAG_23_SP000188" HPOS="1264" VPOS="4263" WIDTH="27"/>
            <String HPOS="1291" VPOS="4263" HEIGHT="33" WIDTH="43" ID="PAG_23_ST000222" WC="1" CONTENT="de" STYLEREFS="TXT_3"/>
            <SP ID="PAG_23_SP000189" HPOS="1334" VPOS="4262" WIDTH="25"/>
            <String HPOS="1359" VPOS="4262" HEIGHT="43" WIDTH="147" ID="PAG_23_ST000223" WC="0.93" CONTENT="jaquet-" SUBS_TYPE="HypPart1" SUBS_CONTENT="jaquettes" STYLEREFS="TXT_3"/>
            <HYP HPOS="1506" VPOS="4305" WIDTH="30" CONTENT="-"/>
          </TextLine>
          <TextLine HPOS="572" VPOS="4311" HEIGHT="37" WIDTH="934" ID="PAG_23_TL000035" STYLEREFS="TXT_3">
            <String HPOS="572" VPOS="4317" HEIGHT="27" WIDTH="53" ID="PAG_23_ST000224" WC="1" CONTENT="tes" SUBS_TYPE="HypPart2" SUBS_CONTENT="jaquettes" STYLEREFS="TXT_3"/>
            <SP ID="PAG_23_SP000190" HPOS="625" VPOS="4323" WIDTH="36"/>
            <String HPOS="661" VPOS="4323" HEIGHT="22" WIDTH="47" ID="PAG_23_ST000225" WC="1" CONTENT="ou" STYLEREFS="TXT_3"/>
            <SP ID="PAG_23_SP000191" HPOS="708" VPOS="4312" WIDTH="36"/>
            <String HPOS="744" VPOS="4312" HEIGHT="33" WIDTH="43" ID="PAG_23_ST000226" WC="1" CONTENT="de" STYLEREFS="TXT_3"/>
            <SP ID="PAG_23_SP000192" HPOS="787" VPOS="4311" WIDTH="37"/>
            <String HPOS="824" VPOS="4311" HEIGHT="34" WIDTH="148" ID="PAG_23_ST000227" WC="1" CONTENT="boléros" STYLEREFS="TXT_3"/>
            <SP ID="PAG_23_SP000193" HPOS="972" VPOS="4312" WIDTH="37"/>
            <String HPOS="1009" VPOS="4312" HEIGHT="34" WIDTH="156" ID="PAG_23_ST000228" WC="1" CONTENT="colorés." STYLEREFS="TXT_3"/>
            <SP ID="PAG_23_SP000194" HPOS="1165" VPOS="4313" WIDTH="38"/>
            <String HPOS="1203" VPOS="4313" HEIGHT="34" WIDTH="107" ID="PAG_23_ST000229" WC="1" CONTENT="Cette" STYLEREFS="TXT_3"/>
            <SP ID="PAG_23_SP000195" HPOS="1310" VPOS="4314" WIDTH="37"/>
            <String HPOS="1347" VPOS="4314" HEIGHT="34" WIDTH="159" ID="PAG_23_ST000230" WC="1" CONTENT="seconde" STYLEREFS="TXT_3"/>
          </TextLine>
          <TextLine HPOS="570" VPOS="4360" HEIGHT="48" WIDTH="937" ID="PAG_23_TL000036" STYLEREFS="TXT_3">
            <String HPOS="570" VPOS="4360" HEIGHT="35" WIDTH="121" ID="PAG_23_ST000231" WC="1" CONTENT="vérité" STYLEREFS="TXT_3"/>
            <SP ID="PAG_23_SP000196" HPOS="691" VPOS="4374" WIDTH="33"/>
            <String HPOS="724" VPOS="4374" HEIGHT="22" WIDTH="20" ID="PAG_23_ST000232" WC="1" CONTENT="a" STYLEREFS="TXT_3"/>
            <SP ID="PAG_23_SP000197" HPOS="744" VPOS="4361" WIDTH="34"/>
            <String HPOS="778" VPOS="4361" HEIGHT="35" WIDTH="57" ID="PAG_23_ST000233" WC="1" CONTENT="été" STYLEREFS="TXT_3"/>
            <SP ID="PAG_23_SP000198" HPOS="835" VPOS="4361" WIDTH="34"/>
            <String HPOS="869" VPOS="4361" HEIGHT="36" WIDTH="167" ID="PAG_23_ST000234" WC="1" CONTENT="illustrée" STYLEREFS="TXT_3"/>
            <SP ID="PAG_23_SP000199" HPOS="1036" VPOS="4374" WIDTH="35"/>
            <String HPOS="1071" VPOS="4374" HEIGHT="23" WIDTH="63" ID="PAG_23_ST000235" WC="1" CONTENT="sur" STYLEREFS="TXT_3"/>
            <SP ID="PAG_23_SP000200" HPOS="1134" VPOS="4375" WIDTH="33"/>
            <String HPOS="1167" VPOS="4375" HEIGHT="23" WIDTH="59" ID="PAG_23_ST000236" WC="1" CONTENT="ces" STYLEREFS="TXT_3"/>
            <SP ID="PAG_23_SP000201" HPOS="1226" VPOS="4364" WIDTH="34"/>
            <String HPOS="1260" VPOS="4364" HEIGHT="34" WIDTH="98" ID="PAG_23_ST000237" WC="1" CONTENT="deux" STYLEREFS="TXT_3"/>
            <SP ID="PAG_23_SP000202" HPOS="1358" VPOS="4375" WIDTH="34"/>
            <String HPOS="1392" VPOS="4375" HEIGHT="33" WIDTH="115" ID="PAG_23_ST000238" WC="1" CONTENT="pages" STYLEREFS="TXT_3"/>
          </TextLine>
          <TextLine HPOS="571" VPOS="4410" HEIGHT="46" WIDTH="937" ID="PAG_23_TL000037" STYLEREFS="TXT_3">
            <String HPOS="571" VPOS="4410" HEIGHT="35" WIDTH="70" ID="PAG_23_ST000239" WC="1" CONTENT="afin" STYLEREFS="TXT_3"/>
            <SP ID="PAG_23_SP000203" HPOS="641" VPOS="4411" WIDTH="29"/>
            <String HPOS="670" VPOS="4411" HEIGHT="35" WIDTH="43" ID="PAG_23_ST000240" WC="1" CONTENT="de" STYLEREFS="TXT_3"/>
            <SP ID="PAG_23_SP000204" HPOS="713" VPOS="4412" WIDTH="28"/>
            <String HPOS="741" VPOS="4412" HEIGHT="35" WIDTH="33" ID="PAG_23_ST000241" WC="1" CONTENT="la" STYLEREFS="TXT_3"/>
            <SP ID="PAG_23_SP000205" HPOS="774" VPOS="4414" WIDTH="29"/>
            <String HPOS="803" VPOS="4414" HEIGHT="33" WIDTH="134" ID="PAG_23_ST000242" WC="1" CONTENT="rendre" STYLEREFS="TXT_3"/>
            <SP ID="PAG_23_SP000206" HPOS="937" VPOS="4414" WIDTH="27"/>
            <String HPOS="964" VPOS="4414" HEIGHT="42" WIDTH="82" ID="PAG_23_ST000243" WC="1" CONTENT="plus" STYLEREFS="TXT_3"/>
            <SP ID="PAG_23_SP000207" HPOS="1046" VPOS="4413" WIDTH="27"/>
            <String HPOS="1073" VPOS="4413" HEIGHT="42" WIDTH="176" ID="PAG_23_ST000244" WC="0.99" CONTENT="tangible." STYLEREFS="TXT_3"/>
            <SP ID="PAG_23_SP000208" HPOS="1249" VPOS="4414" WIDTH="29"/>
            <String HPOS="1278" VPOS="4414" HEIGHT="34" WIDTH="109" ID="PAG_23_ST000245" WC="1" CONTENT="Ainsi" STYLEREFS="TXT_3"/>
            <SP ID="PAG_23_SP000209" HPOS="1387" VPOS="4426" WIDTH="28"/>
            <String HPOS="1415" VPOS="4426" HEIGHT="23" WIDTH="93" ID="PAG_23_ST000246" WC="1" CONTENT="vous" STYLEREFS="TXT_3"/>
          </TextLine>
          <TextLine HPOS="572" VPOS="4462" HEIGHT="45" WIDTH="935" ID="PAG_23_TL000038" STYLEREFS="TXT_3">
            <String HPOS="572" VPOS="4462" HEIGHT="35" WIDTH="130" ID="PAG_23_ST000247" WC="1" CONTENT="n'avez" STYLEREFS="TXT_3"/>
            <SP ID="PAG_23_SP000210" HPOS="702" VPOS="4463" WIDTH="53"/>
            <String HPOS="755" VPOS="4463" HEIGHT="42" WIDTH="82" ID="PAG_23_ST000248" WC="1" CONTENT="plus" STYLEREFS="TXT_3"/>
            <SP ID="PAG_23_SP000211" HPOS="837" VPOS="4475" WIDTH="52"/>
            <String HPOS="889" VPOS="4475" HEIGHT="32" WIDTH="69" ID="PAG_23_ST000249" WC="1" CONTENT="que" STYLEREFS="TXT_3"/>
            <SP ID="PAG_23_SP000212" HPOS="958" VPOS="4464" WIDTH="54"/>
            <String HPOS="1012" VPOS="4464" HEIGHT="35" WIDTH="219" ID="PAG_23_ST000250" WC="0.97" CONTENT="l'embarras" STYLEREFS="TXT_3"/>
            <SP ID="PAG_23_SP000213" HPOS="1231" VPOS="4465" WIDTH="53"/>
            <String HPOS="1284" VPOS="4465" HEIGHT="34" WIDTH="48" ID="PAG_23_ST000251" WC="1" CONTENT="du" STYLEREFS="TXT_3"/>
            <SP ID="PAG_23_SP000214" HPOS="1332" VPOS="4465" WIDTH="53"/>
            <String HPOS="1385" VPOS="4465" HEIGHT="34" WIDTH="122" ID="PAG_23_ST000252" WC="1" CONTENT="choix." STYLEREFS="TXT_3"/>
          </TextLine>
        </TextBlock>
        <Illustration ID="PAG_23_IL000001" HPOS="1586" VPOS="119" HEIGHT="4684" WIDTH="5766"/>
      </PrintSpace>
    </Page>
  </Layout>
</alto>