<?xml version="1.0" encoding="UTF-8"?>
<alto xmlns="http://www.loc.gov/standards/alto/ns-v3#" xmlns:xsi="http://www.w3.org/2001/XMLSchema-instance" SCHEMAVERSION="alto_bnf-v2_0" xsi:schemaLocation="http://www.loc.gov/standards/alto/ns-v3# http://bibnum.bnf.fr/schema/alto_bnf-v2_0.xsd" xmlns:xlink="http://www.w3.org/TR/xlink">
  <Description>
    <MeasurementUnit>pixel</MeasurementUnit>
    <sourceImageInformation>
      <fileName>00000011.jp2</fileName>
      <fileIdentifier>ark:/12148/bpt6k47010350/f11</fileIdentifier>
      <documentIdentifier documentIdentifierLocation="NUM">4701035</documentIdentifier>
    </sourceImageInformation>
    <OCRProcessing ID="OCR_1">
      <ocrProcessingStep>
        <processingDateTime>2019-01-31</processingDateTime>
        <processingStepDescription>[001_OCR_BRUT]OCR BRUT 67.55 %</processingStepDescription>
        <processingStepDescription>[002_CHARS]{731}</processingStepDescription>
        <processingStepDescription>[003_CHARS_USED]{0}</processingStepDescription>
        <processingStepDescription>[004_CHARS_SUSPECTS_USED]{0}</processingStepDescription>
        <processingStepDescription>[005_CHARS_UNUSED]{731}</processingStepDescription>
        <processingStepDescription>[006_CHARS_SUSPECTS_UNUSED]{0}</processingStepDescription>
        <processingStepDescription>[007_STRINGS]{176}</processingStepDescription>
        <processingStepDescription>[008_STRINGS_USED]{0}</processingStepDescription>
        <processingStepDescription>[009_STRINGS_SUSPECTS_UNUSED]{0}</processingStepDescription>
        <processingStepDescription>[010_CHARS_LETTERS]{631}</processingStepDescription>
        <processingStepDescription>[011_CHARS_PUNCTUATION]{64}</processingStepDescription>
        <processingStepDescription>[012_CHARS_DIGITS]{32}</processingStepDescription>
        <processingStepDescription>[013_CHARS_SUSPECT]{0}</processingStepDescription>
        <processingStepDescription>[022_CHARS_UNUSED_BY_BLOCK]{0}</processingStepDescription>
        <processingStepDescription>[023_BLOCKS_SUSPECTS]{0}</processingStepDescription>
        <processingStepDescription>[111_LIGS_DETECTED_CURV]{0}</processingStepDescription>
      </ocrProcessingStep>
    </OCRProcessing>
  </Description>
  <Styles>
    <TextStyle FONTSIZE="7" ID="TXT_3" FONTFAMILY="Times"/>
    <TextStyle FONTSIZE="8" ID="TXT_13" FONTFAMILY="Arial"/>
    <TextStyle FONTSIZE="6" ID="TXT_16" FONTFAMILY="Arial"/>
    <TextStyle FONTSIZE="9" ID="TXT_17" FONTFAMILY="Arial"/>
    <TextStyle FONTSIZE="7" ID="TXT_18" FONTFAMILY="Arial"/>
    <TextStyle FONTSIZE="64" ID="TXT_32" FONTFAMILY="Arial"/>
    <TextStyle FONTSIZE="12" ID="TXT_33" FONTFAMILY="Arial"/>
    <TextStyle FONTSIZE="17" ID="TXT_34" FONTFAMILY="Arial"/>
    <TextStyle FONTSIZE="40" ID="TXT_35" FONTFAMILY="Arial"/>
    <TextStyle FONTSIZE="26" ID="TXT_36" FONTFAMILY="Arial"/>
  </Styles>
  <Tags>
    <LayoutTag TYPE="Content" ID="TAG_advertisement" LABEL="advertisement"/>
  </Tags>
  <Layout>
    <Page ID="PAG_11" HEIGHT="4983" WIDTH="3865" PHYSICAL_IMG_NR="11" QUALITY="OK" ACCURACY="100.00">
      <PrintSpace HPOS="339" VPOS="402" HEIGHT="4247" WIDTH="3187" ID="PAG_11_PrintSpace">
        <TextBlock HPOS="653" VPOS="795" HEIGHT="120" WIDTH="133" ID="PAG_11_TB000001" TAGREFS="TAG_advertisement" LANG="fr" STYLEREFS="TXT_3">
          <TextLine HPOS="653" VPOS="795" HEIGHT="120" WIDTH="133" ID="PAG_11_TL000001" STYLEREFS="TXT_3">
            <String HPOS="653" VPOS="795" HEIGHT="120" WIDTH="133" ID="PAG_11_ST000001" WC="0.00" CONTENT="du" STYLEREFS="TXT_3"/>
          </TextLine>
        </TextBlock>
        <TextBlock HPOS="762" VPOS="1387" HEIGHT="152" WIDTH="1432" ID="PAG_11_TB000002" TAGREFS="TAG_advertisement" LANG="fr" STYLEREFS="TXT_17">
          <TextLine HPOS="762" VPOS="1387" HEIGHT="152" WIDTH="1432" ID="PAG_11_TL000002" STYLEREFS="TXT_17">
            <String HPOS="762" VPOS="1387" HEIGHT="152" WIDTH="256" ID="PAG_11_ST000002" WC="0.00" CONTENT="iP3^" STYLEREFS="TXT_17"/>
            <SP ID="PAG_11_SP000001" HPOS="1018" VPOS="1391" WIDTH="244"/>
            <String HPOS="1262" VPOS="1391" HEIGHT="148" WIDTH="280" ID="PAG_11_ST000003" WC="0.2" CONTENT="&lt;f%S" STYLEREFS="TXT_17"/>
            <SP ID="PAG_11_SP000002" HPOS="1542" VPOS="1395" WIDTH="380"/>
            <String HPOS="1922" VPOS="1395" HEIGHT="144" WIDTH="272" ID="PAG_11_ST000004" WC="0.00" CONTENT="/'VJ\" STYLEREFS="TXT_17"/>
          </TextLine>
        </TextBlock>
        <TextBlock HPOS="1264" VPOS="1487" HEIGHT="150" WIDTH="1102" ID="PAG_11_TB000003" TAGREFS="TAG_advertisement" LANG="fr" STYLEREFS="TXT_17">
          <TextLine HPOS="1264" VPOS="1487" HEIGHT="150" WIDTH="1102" ID="PAG_11_TL000003" STYLEREFS="TXT_17">
            <String HPOS="1264" VPOS="1487" HEIGHT="140" WIDTH="298" ID="PAG_11_ST000005" WC="0.00" CONTENT="V?li" STYLEREFS="TXT_17"/>
            <SP ID="PAG_11_SP000003" HPOS="1562" VPOS="1527" WIDTH="382"/>
            <String HPOS="1944" VPOS="1527" HEIGHT="96" WIDTH="78" ID="PAG_11_ST000006" WC="0.00" CONTENT="ÎT-" STYLEREFS="TXT_17"/>
            <SP ID="PAG_11_SP000004" HPOS="2022" VPOS="1487" WIDTH="38"/>
            <String HPOS="2060" VPOS="1487" HEIGHT="150" WIDTH="162" ID="PAG_11_ST000007" WC="0.5" CONTENT="%" STYLEREFS="TXT_17"/>
            <SP ID="PAG_11_SP000005" HPOS="2222" VPOS="1555" WIDTH="134"/>
            <String HPOS="2356" VPOS="1555" HEIGHT="10" WIDTH="10" ID="PAG_11_ST000008" WC="0.00" CONTENT="•" STYLEREFS="TXT_17"/>
          </TextLine>
        </TextBlock>
        <TextBlock HPOS="462" VPOS="1988" HEIGHT="1287" WIDTH="2013" ID="PAG_11_TB000004" TAGREFS="TAG_advertisement" LANG="fr" STYLEREFS="TXT_17">
          <TextLine HPOS="462" VPOS="1988" HEIGHT="1287" WIDTH="2013" ID="PAG_11_TL000004" STYLEREFS="TXT_17">
            <String HPOS="462" VPOS="2425" HEIGHT="847" WIDTH="453" ID="PAG_11_ST000009" WC="0.00" CONTENT="Ç^l^" STYLEREFS="TXT_17"/>
            <SP ID="PAG_11_SP000006" HPOS="915" VPOS="3138" WIDTH="24"/>
            <String HPOS="939" VPOS="3138" HEIGHT="137" WIDTH="136" ID="PAG_11_ST000010" WC="0.00" CONTENT="filV" STYLEREFS="TXT_17"/>
            <SP ID="PAG_11_SP000007" HPOS="1075" VPOS="1988" WIDTH="128"/>
            <String HPOS="1203" VPOS="1988" HEIGHT="1278" WIDTH="628" ID="PAG_11_ST000011" WC="0.00" CONTENT="CEIr4TlA^3^^^" STYLEREFS="TXT_17"/>
            <SP ID="PAG_11_SP000008" HPOS="1831" VPOS="3217" WIDTH="116"/>
            <String HPOS="1947" VPOS="3217" HEIGHT="49" WIDTH="293" ID="PAG_11_ST000012" WC="0.97" CONTENT="CEINTURE" STYLEREFS="TXT_17"/>
            <SP ID="PAG_11_SP000009" HPOS="2240" VPOS="3217" WIDTH="1"/>
            <String HPOS="2240" VPOS="3217" HEIGHT="49" WIDTH="99" ID="PAG_11_ST000013" WC="0.97" CONTENT="4" STYLEREFS="TXT_17"/>
            <SP ID="PAG_11_SP000010" HPOS="2339" VPOS="3217" WIDTH="38"/>
            <String HPOS="2377" VPOS="3217" HEIGHT="44" WIDTH="98" ID="PAG_11_ST000014" WC="1" CONTENT="fils" STYLEREFS="TXT_17"/>
          </TextLine>
        </TextBlock>
        <TextBlock HPOS="458" VPOS="3323" HEIGHT="65" WIDTH="2017" ID="PAG_11_TB000005" TAGREFS="TAG_advertisement" LANG="fr" STYLEREFS="TXT_17">
          <TextLine HPOS="458" VPOS="3323" HEIGHT="65" WIDTH="2017" ID="PAG_11_TL000005" STYLEREFS="TXT_17">
            <String HPOS="458" VPOS="3335" HEIGHT="53" WIDTH="321" ID="PAG_11_ST000015" WC="1" CONTENT="Toujours...." STYLEREFS="TXT_17"/>
            <SP ID="PAG_11_SP000011" HPOS="779" VPOS="3331" WIDTH="46"/>
            <String HPOS="825" VPOS="3331" HEIGHT="43" WIDTH="73" ID="PAG_11_ST000016" WC="1" CONTENT="49" STYLEREFS="TXT_17"/>
            <SP ID="PAG_11_SP000012" HPOS="898" VPOS="3331" WIDTH="30"/>
            <String HPOS="928" VPOS="3331" HEIGHT="42" WIDTH="64" ID="PAG_11_ST000017" WC="1" CONTENT="fr." STYLEREFS="TXT_17"/>
            <SP ID="PAG_11_SP000013" HPOS="992" VPOS="3329" WIDTH="44"/>
            <String HPOS="1036" VPOS="3329" HEIGHT="18" WIDTH="8" ID="PAG_11_ST000018" WC="0.00" CONTENT="'" STYLEREFS="TXT_17"/>
            <SP ID="PAG_11_SP000014" HPOS="1044" VPOS="3329" WIDTH="157"/>
            <String HPOS="1201" VPOS="3329" HEIGHT="54" WIDTH="288" ID="PAG_11_ST000019" WC="1" CONTENT="Toujours.." STYLEREFS="TXT_17"/>
            <SP ID="PAG_11_SP000015" HPOS="1489" VPOS="3327" WIDTH="65"/>
            <String HPOS="1554" VPOS="3327" HEIGHT="43" WIDTH="98" ID="PAG_11_ST000020" WC="1" CONTENT="120" STYLEREFS="TXT_17"/>
            <SP ID="PAG_11_SP000016" HPOS="1652" VPOS="3327" WIDTH="21"/>
            <String HPOS="1673" VPOS="3327" HEIGHT="42" WIDTH="64" ID="PAG_11_ST000021" WC="1" CONTENT="fr." STYLEREFS="TXT_17"/>
            <SP ID="PAG_11_SP000017" HPOS="1737" VPOS="3325" WIDTH="207"/>
            <String HPOS="1944" VPOS="3325" HEIGHT="53" WIDTH="285" ID="PAG_11_ST000022" WC="1" CONTENT="Toujours.." STYLEREFS="TXT_17"/>
            <SP ID="PAG_11_SP000018" HPOS="2229" VPOS="3324" WIDTH="73"/>
            <String HPOS="2302" VPOS="3324" HEIGHT="43" WIDTH="89" ID="PAG_11_ST000023" WC="1" CONTENT="215" STYLEREFS="TXT_17"/>
            <SP ID="PAG_11_SP000019" HPOS="2391" VPOS="3323" WIDTH="21"/>
            <String HPOS="2412" VPOS="3323" HEIGHT="42" WIDTH="63" ID="PAG_11_ST000024" WC="1" CONTENT="fr." STYLEREFS="TXT_17"/>
          </TextLine>
        </TextBlock>
        <TextBlock HPOS="827" VPOS="3391" HEIGHT="52" WIDTH="1648" ID="PAG_11_TB000006" TAGREFS="TAG_advertisement" LANG="fr" STYLEREFS="TXT_17">
          <TextLine HPOS="827" VPOS="3391" HEIGHT="52" WIDTH="1648" ID="PAG_11_TL000006" STYLEREFS="TXT_17">
            <String HPOS="827" VPOS="3401" HEIGHT="42" WIDTH="71" ID="PAG_11_ST000025" WC="1" CONTENT="65" STYLEREFS="TXT_17"/>
            <SP ID="PAG_11_SP000020" HPOS="898" VPOS="3399" WIDTH="31"/>
            <String HPOS="929" VPOS="3399" HEIGHT="42" WIDTH="65" ID="PAG_11_ST000026" WC="1" CONTENT="fr." STYLEREFS="TXT_17"/>
            <SP ID="PAG_11_SP000021" HPOS="994" VPOS="3395" WIDTH="564"/>
            <String HPOS="1558" VPOS="3395" HEIGHT="44" WIDTH="94" ID="PAG_11_ST000027" WC="1" CONTENT="149" STYLEREFS="TXT_17"/>
            <SP ID="PAG_11_SP000022" HPOS="1652" VPOS="3394" WIDTH="21"/>
            <String HPOS="1673" VPOS="3394" HEIGHT="44" WIDTH="64" ID="PAG_11_ST000028" WC="1" CONTENT="fr." STYLEREFS="TXT_17"/>
            <SP ID="PAG_11_SP000023" HPOS="1737" VPOS="3392" WIDTH="549"/>
            <String HPOS="2286" VPOS="3392" HEIGHT="43" WIDTH="105" ID="PAG_11_ST000029" WC="1" CONTENT="225" STYLEREFS="TXT_17"/>
            <SP ID="PAG_11_SP000024" HPOS="2391" VPOS="3391" WIDTH="22"/>
            <String HPOS="2413" VPOS="3391" HEIGHT="41" WIDTH="62" ID="PAG_11_ST000030" WC="1" CONTENT="fr." STYLEREFS="TXT_17"/>
          </TextLine>
        </TextBlock>
        <TextBlock HPOS="827" VPOS="3459" HEIGHT="52" WIDTH="1650" ID="PAG_11_TB000007" TAGREFS="TAG_advertisement" LANG="fr" STYLEREFS="TXT_17">
          <TextLine HPOS="827" VPOS="3459" HEIGHT="52" WIDTH="1650" ID="PAG_11_TL000007" STYLEREFS="TXT_17">
            <String HPOS="827" VPOS="3468" HEIGHT="43" WIDTH="71" ID="PAG_11_ST000031" WC="1" CONTENT="77" STYLEREFS="TXT_17"/>
            <SP ID="PAG_11_SP000025" HPOS="898" VPOS="3467" WIDTH="33"/>
            <String HPOS="931" VPOS="3467" HEIGHT="43" WIDTH="63" ID="PAG_11_ST000032" WC="1" CONTENT="fr." STYLEREFS="TXT_17"/>
            <SP ID="PAG_11_SP000026" HPOS="994" VPOS="3463" WIDTH="535"/>
            <String HPOS="1529" VPOS="3463" HEIGHT="44" WIDTH="122" ID="PAG_11_ST000033" WC="1" CONTENT="200" STYLEREFS="TXT_17"/>
            <SP ID="PAG_11_SP000027" HPOS="1651" VPOS="3463" WIDTH="21"/>
            <String HPOS="1672" VPOS="3463" HEIGHT="42" WIDTH="65" ID="PAG_11_ST000034" WC="1" CONTENT="fr." STYLEREFS="TXT_17"/>
            <SP ID="PAG_11_SP000028" HPOS="1737" VPOS="3459" WIDTH="537"/>
            <String HPOS="2274" VPOS="3459" HEIGHT="43" WIDTH="115" ID="PAG_11_ST000035" WC="1" CONTENT="320" STYLEREFS="TXT_17"/>
            <SP ID="PAG_11_SP000029" HPOS="2389" VPOS="3459" WIDTH="25"/>
            <String HPOS="2414" VPOS="3459" HEIGHT="42" WIDTH="63" ID="PAG_11_ST000036" WC="1" CONTENT="fr." STYLEREFS="TXT_17"/>
          </TextLine>
        </TextBlock>
        <TextBlock HPOS="740" VPOS="3597" HEIGHT="58" WIDTH="1455" ID="PAG_11_TB000008" TAGREFS="TAG_advertisement" LANG="fr" STYLEREFS="TXT_13">
          <TextLine HPOS="740" VPOS="3597" HEIGHT="58" WIDTH="1455" ID="PAG_11_TL000008" STYLEREFS="TXT_13">
            <String HPOS="740" VPOS="3607" HEIGHT="40" WIDTH="44" ID="PAG_11_ST000037" WC="1" CONTENT="La" STYLEREFS="TXT_13"/>
            <SP ID="PAG_11_SP000030" HPOS="784" VPOS="3605" WIDTH="41"/>
            <String HPOS="825" VPOS="3605" HEIGHT="41" WIDTH="186" ID="PAG_11_ST000038" WC="1" CONTENT="stabilité" STYLEREFS="TXT_13"/>
            <SP ID="PAG_11_SP000031" HPOS="1011" VPOS="3605" WIDTH="39"/>
            <String HPOS="1050" VPOS="3605" HEIGHT="40" WIDTH="56" ID="PAG_11_ST000039" WC="1" CONTENT="de" STYLEREFS="TXT_13"/>
            <SP ID="PAG_11_SP000032" HPOS="1106" VPOS="3619" WIDTH="39"/>
            <String HPOS="1145" VPOS="3619" HEIGHT="26" WIDTH="72" ID="PAG_11_ST000040" WC="1" CONTENT="ces" STYLEREFS="TXT_13"/>
            <SP ID="PAG_11_SP000033" HPOS="1217" VPOS="3608" WIDTH="42"/>
            <String HPOS="1259" VPOS="3608" HEIGHT="47" WIDTH="83" ID="PAG_11_ST000041" WC="1" CONTENT="prix" STYLEREFS="TXT_13"/>
            <SP ID="PAG_11_SP000034" HPOS="1342" VPOS="3616" WIDTH="42"/>
            <String HPOS="1384" VPOS="3616" HEIGHT="39" WIDTH="161" ID="PAG_11_ST000042" WC="1" CONTENT="prouve" STYLEREFS="TXT_13"/>
            <SP ID="PAG_11_SP000035" HPOS="1545" VPOS="3616" WIDTH="40"/>
            <String HPOS="1585" VPOS="3616" HEIGHT="38" WIDTH="85" ID="PAG_11_ST000043" WC="1" CONTENT="que" STYLEREFS="TXT_13"/>
            <SP ID="PAG_11_SP000036" HPOS="1670" VPOS="3600" WIDTH="41"/>
            <String HPOS="1711" VPOS="3600" HEIGHT="41" WIDTH="36" ID="PAG_11_ST000044" WC="1" CONTENT="la" STYLEREFS="TXT_13"/>
            <SP ID="PAG_11_SP000037" HPOS="1747" VPOS="3599" WIDTH="42"/>
            <String HPOS="1789" VPOS="3599" HEIGHT="42" WIDTH="171" ID="PAG_11_ST000045" WC="1" CONTENT="Société" STYLEREFS="TXT_13"/>
            <SP ID="PAG_11_SP000038" HPOS="1960" VPOS="3597" WIDTH="35"/>
            <String HPOS="1995" VPOS="3597" HEIGHT="47" WIDTH="200" ID="PAG_11_ST000046" WC="1" CONTENT="Occulta," STYLEREFS="TXT_13"/>
          </TextLine>
        </TextBlock>
        <TextBlock HPOS="740" VPOS="3667" HEIGHT="127" WIDTH="1461" ID="PAG_11_TB000009" TAGREFS="TAG_advertisement" LANG="fr" STYLEREFS="TXT_13">
          <TextLine HPOS="740" VPOS="3667" HEIGHT="57" WIDTH="1460" ID="PAG_11_TL000009" STYLEREFS="TXT_13">
            <String HPOS="740" VPOS="3675" HEIGHT="40" WIDTH="209" ID="PAG_11_ST000047" WC="0.99" CONTENT="créatrice" STYLEREFS="TXT_13"/>
            <SP ID="PAG_11_SP000039" HPOS="949" VPOS="3673" WIDTH="34"/>
            <String HPOS="983" VPOS="3673" HEIGHT="42" WIDTH="77" ID="PAG_11_ST000048" WC="1" CONTENT="des" STYLEREFS="TXT_13"/>
            <SP ID="PAG_11_SP000040" HPOS="1060" VPOS="3677" WIDTH="33"/>
            <String HPOS="1093" VPOS="3677" HEIGHT="47" WIDTH="151" ID="PAG_11_ST000049" WC="1" CONTENT="gaines" STYLEREFS="TXT_13"/>
            <SP ID="PAG_11_SP000041" HPOS="1244" VPOS="3671" WIDTH="32"/>
            <String HPOS="1276" VPOS="3671" HEIGHT="46" WIDTH="231" ID="PAG_11_ST000050" WC="1" CONTENT="Scandale," STYLEREFS="TXT_13"/>
            <SP ID="PAG_11_SP000042" HPOS="1507" VPOS="3684" WIDTH="35"/>
            <String HPOS="1542" VPOS="3684" HEIGHT="27" WIDTH="24" ID="PAG_11_ST000051" WC="1" CONTENT="a" STYLEREFS="TXT_13"/>
            <SP ID="PAG_11_SP000043" HPOS="1566" VPOS="3684" WIDTH="35"/>
            <String HPOS="1601" VPOS="3684" HEIGHT="27" WIDTH="42" ID="PAG_11_ST000052" WC="1" CONTENT="su" STYLEREFS="TXT_13"/>
            <SP ID="PAG_11_SP000044" HPOS="1643" VPOS="3676" WIDTH="36"/>
            <String HPOS="1679" VPOS="3676" HEIGHT="34" WIDTH="41" ID="PAG_11_ST000053" WC="1" CONTENT="et" STYLEREFS="TXT_13"/>
            <SP ID="PAG_11_SP000045" HPOS="1720" VPOS="3682" WIDTH="33"/>
            <String HPOS="1753" VPOS="3682" HEIGHT="27" WIDTH="24" ID="PAG_11_ST000054" WC="1" CONTENT="a" STYLEREFS="TXT_13"/>
            <SP ID="PAG_11_SP000046" HPOS="1777" VPOS="3683" WIDTH="36"/>
            <String HPOS="1813" VPOS="3683" HEIGHT="36" WIDTH="53" ID="PAG_11_ST000055" WC="1" CONTENT="pu" STYLEREFS="TXT_13"/>
            <SP ID="PAG_11_SP000047" HPOS="1866" VPOS="3667" WIDTH="41"/>
            <String HPOS="1907" VPOS="3667" HEIGHT="51" WIDTH="189" ID="PAG_11_ST000056" WC="1" CONTENT="adapter" STYLEREFS="TXT_13"/>
            <SP ID="PAG_11_SP000048" HPOS="2096" VPOS="3679" WIDTH="36"/>
            <String HPOS="2132" VPOS="3679" HEIGHT="28" WIDTH="68" ID="PAG_11_ST000057" WC="1" CONTENT="ses" STYLEREFS="TXT_13"/>
          </TextLine>
          <TextLine HPOS="742" VPOS="3733" HEIGHT="61" WIDTH="1459" ID="PAG_11_TL000010" STYLEREFS="TXT_13">
            <String HPOS="742" VPOS="3756" HEIGHT="38" WIDTH="173" ID="PAG_11_ST000058" WC="1" CONTENT="moyens" STYLEREFS="TXT_13"/>
            <SP ID="PAG_11_SP000049" HPOS="915" VPOS="3742" WIDTH="23"/>
            <String HPOS="938" VPOS="3742" HEIGHT="41" WIDTH="55" ID="PAG_11_ST000059" WC="1" CONTENT="de" STYLEREFS="TXT_13"/>
            <SP ID="PAG_11_SP000050" HPOS="993" VPOS="3741" WIDTH="24"/>
            <String HPOS="1017" VPOS="3741" HEIGHT="51" WIDTH="252" ID="PAG_11_ST000060" WC="1" CONTENT="production" STYLEREFS="TXT_13"/>
            <SP ID="PAG_11_SP000051" HPOS="1269" VPOS="3754" WIDTH="24"/>
            <String HPOS="1293" VPOS="3754" HEIGHT="27" WIDTH="81" ID="PAG_11_ST000061" WC="1" CONTENT="aux" STYLEREFS="TXT_13"/>
            <SP ID="PAG_11_SP000052" HPOS="1374" VPOS="3738" WIDTH="22"/>
            <String HPOS="1396" VPOS="3738" HEIGHT="44" WIDTH="247" ID="PAG_11_ST000062" WC="0.94" CONTENT="conditions" STYLEREFS="TXT_13"/>
            <SP ID="PAG_11_SP000053" HPOS="1643" VPOS="3739" WIDTH="15"/>
            <String HPOS="1658" VPOS="3739" HEIGHT="48" WIDTH="312" ID="PAG_11_ST000063" WC="1" CONTENT="économiques" STYLEREFS="TXT_13"/>
            <SP ID="PAG_11_SP000054" HPOS="1970" VPOS="3733" WIDTH="24"/>
            <String HPOS="1994" VPOS="3733" HEIGHT="43" WIDTH="207" ID="PAG_11_ST000064" WC="1" CONTENT="actuelles" STYLEREFS="TXT_13"/>
          </TextLine>
        </TextBlock>
        <TextBlock HPOS="458" VPOS="3879" HEIGHT="312" WIDTH="2016" ID="PAG_11_TB000010" TAGREFS="TAG_advertisement" LANG="fr" STYLEREFS="TXT_32">
          <TextLine HPOS="458" VPOS="3879" HEIGHT="312" WIDTH="2016" ID="PAG_11_TL000011" STYLEREFS="TXT_32">
            <String HPOS="458" VPOS="3879" HEIGHT="312" WIDTH="2016" ID="PAG_11_ST000065" WC="1" CONTENT="SCANDALE" STYLEREFS="TXT_32"/>
          </TextLine>
        </TextBlock>
        <TextBlock HPOS="460" VPOS="4255" HEIGHT="78" WIDTH="2004" ID="PAG_11_TB000011" TAGREFS="TAG_advertisement" LANG="fr" STYLEREFS="TXT_33">
          <TextLine HPOS="460" VPOS="4255" HEIGHT="78" WIDTH="2004" ID="PAG_11_TL000012" STYLEREFS="TXT_33">
            <String HPOS="460" VPOS="4269" HEIGHT="64" WIDTH="350" ID="PAG_11_ST000066" WC="1" CONTENT="GAINES" STYLEREFS="TXT_33"/>
            <SP ID="PAG_11_SP000055" HPOS="810" VPOS="4283" WIDTH="66"/>
            <String HPOS="876" VPOS="4283" HEIGHT="34" WIDTH="32" ID="PAG_11_ST000067" WC="0.54" CONTENT="•" STYLEREFS="TXT_33"/>
            <SP ID="PAG_11_SP000056" HPOS="908" VPOS="4267" WIDTH="68"/>
            <String HPOS="976" VPOS="4267" HEIGHT="64" WIDTH="508" ID="PAG_11_ST000068" WC="1" CONTENT="CEINTURES" STYLEREFS="TXT_33"/>
            <SP ID="PAG_11_SP000057" HPOS="1484" VPOS="4283" WIDTH="66"/>
            <String HPOS="1550" VPOS="4283" HEIGHT="34" WIDTH="32" ID="PAG_11_ST000069" WC="0.5" CONTENT="•" STYLEREFS="TXT_33"/>
            <SP ID="PAG_11_SP000058" HPOS="1582" VPOS="4265" WIDTH="72"/>
            <String HPOS="1654" VPOS="4265" HEIGHT="64" WIDTH="120" ID="PAG_11_ST000070" WC="0.33" CONTENT="SO" STYLEREFS="TXT_33"/>
            <SP ID="PAG_11_SP000059" HPOS="1774" VPOS="4267" WIDTH="26"/>
            <String HPOS="1800" VPOS="4267" HEIGHT="62" WIDTH="44" ID="PAG_11_ST000071" WC="0.99" CONTENT="U" STYLEREFS="TXT_33"/>
            <SP ID="PAG_11_SP000060" HPOS="1844" VPOS="4265" WIDTH="22"/>
            <String HPOS="1866" VPOS="4265" HEIGHT="60" WIDTH="62" ID="PAG_11_ST000072" WC="0.48" CONTENT="Tl" STYLEREFS="TXT_33"/>
            <SP ID="PAG_11_SP000061" HPOS="1928" VPOS="4265" WIDTH="26"/>
            <String HPOS="1954" VPOS="4265" HEIGHT="58" WIDTH="28" ID="PAG_11_ST000073" WC="0.00" CONTENT="E" STYLEREFS="TXT_33"/>
            <SP ID="PAG_11_SP000062" HPOS="1982" VPOS="4265" WIDTH="26"/>
            <String HPOS="2008" VPOS="4265" HEIGHT="60" WIDTH="56" ID="PAG_11_ST000074" WC="0.00" CONTENT="N" STYLEREFS="TXT_33"/>
            <SP ID="PAG_11_SP000063" HPOS="2064" VPOS="4299" WIDTH="24"/>
            <String HPOS="2088" VPOS="4299" HEIGHT="8" WIDTH="16" ID="PAG_11_ST000075" WC="0.00" CONTENT="-" STYLEREFS="TXT_33"/>
            <SP ID="PAG_11_SP000064" HPOS="2104" VPOS="4259" WIDTH="24"/>
            <String HPOS="2128" VPOS="4259" HEIGHT="64" WIDTH="60" ID="PAG_11_ST000076" WC="0.99" CONTENT="G" STYLEREFS="TXT_33"/>
            <SP ID="PAG_11_SP000065" HPOS="2188" VPOS="4259" WIDTH="24"/>
            <String HPOS="2212" VPOS="4259" HEIGHT="62" WIDTH="62" ID="PAG_11_ST000077" WC="0.00" CONTENT="O" STYLEREFS="TXT_33"/>
            <SP ID="PAG_11_SP000066" HPOS="2274" VPOS="4261" WIDTH="26"/>
            <String HPOS="2300" VPOS="4261" HEIGHT="58" WIDTH="30" ID="PAG_11_ST000078" WC="0.00" CONTENT="R" STYLEREFS="TXT_33"/>
            <SP ID="PAG_11_SP000067" HPOS="2330" VPOS="4255" WIDTH="22"/>
            <String HPOS="2352" VPOS="4255" HEIGHT="64" WIDTH="60" ID="PAG_11_ST000079" WC="0.99" CONTENT="G" STYLEREFS="TXT_33"/>
            <SP ID="PAG_11_SP000068" HPOS="2412" VPOS="4259" WIDTH="24"/>
            <String HPOS="2436" VPOS="4259" HEIGHT="58" WIDTH="28" ID="PAG_11_ST000080" WC="0.00" CONTENT="E" STYLEREFS="TXT_33"/>
          </TextLine>
        </TextBlock>
        <TextBlock HPOS="339" VPOS="4439" HEIGHT="210" WIDTH="2304" ID="PAG_11_TB000012" TAGREFS="TAG_advertisement" LANG="fr" STYLEREFS="TXT_16">
          <TextLine HPOS="781" VPOS="4439" HEIGHT="118" WIDTH="1862" ID="PAG_11_TL000013" STYLEREFS="TXT_16">
            <String HPOS="781" VPOS="4450" HEIGHT="44" WIDTH="230" ID="PAG_11_ST000081" WC="0.85" CONTENT="BONNES" STYLEREFS="TXT_16"/>
            <SP ID="PAG_11_SP000069" HPOS="1011" VPOS="4439" WIDTH="55"/>
            <String HPOS="1066" VPOS="4439" HEIGHT="53" WIDTH="329" ID="PAG_11_ST000082" WC="0.76" CONTENT="CORSETIÈRES" STYLEREFS="TXT_16"/>
            <SP ID="PAG_11_SP000070" HPOS="1395" VPOS="4449" WIDTH="56"/>
            <String HPOS="1451" VPOS="4449" HEIGHT="42" WIDTH="51" ID="PAG_11_ST000083" WC="0.65" CONTENT="ET" STYLEREFS="TXT_16"/>
            <SP ID="PAG_11_SP000071" HPOS="1502" VPOS="4446" WIDTH="55"/>
            <String HPOS="1557" VPOS="4446" HEIGHT="44" WIDTH="150" ID="PAG_11_ST000084" WC="0.8" CONTENT="DANS" STYLEREFS="TXT_16"/>
            <SP ID="PAG_11_SP000072" HPOS="1707" VPOS="4444" WIDTH="56"/>
            <String HPOS="1763" VPOS="4444" HEIGHT="44" WIDTH="73" ID="PAG_11_ST000085" WC="0.75" CONTENT="LES" STYLEREFS="TXT_16"/>
            <SP ID="PAG_11_SP000073" HPOS="1836" VPOS="4439" WIDTH="54"/>
            <String HPOS="1890" VPOS="4439" HEIGHT="47" WIDTH="228" ID="PAG_11_ST000086" WC="0.85" CONTENT="GRANDS" STYLEREFS="TXT_16"/>
            <SP ID="PAG_11_SP000074" HPOS="2118" VPOS="4532" WIDTH="142"/>
            <String HPOS="2260" VPOS="4532" HEIGHT="25" WIDTH="74" ID="PAG_11_ST000087" WC="0.78" CONTENT="Publ." STYLEREFS="TXT_16"/>
            <SP ID="PAG_11_SP000075" HPOS="2334" VPOS="4532" WIDTH="22"/>
            <String HPOS="2356" VPOS="4532" HEIGHT="24" WIDTH="36" ID="PAG_11_ST000088" WC="1" CONTENT="M." STYLEREFS="TXT_16"/>
            <SP ID="PAG_11_SP000076" HPOS="2392" VPOS="4529" WIDTH="23"/>
            <String HPOS="2415" VPOS="4529" HEIGHT="27" WIDTH="187" ID="PAG_11_ST000089" WC="0.80" CONTENT="NOlKCLtkC" STYLEREFS="TXT_16"/>
            <SP ID="PAG_11_SP000077" HPOS="2602" VPOS="4461" WIDTH="36"/>
            <String HPOS="2638" VPOS="4461" HEIGHT="96" WIDTH="5" ID="PAG_11_ST000090" WC="0.00" CONTENT="i" STYLEREFS="TXT_34"/>
          </TextLine>
          <TextLine HPOS="339" VPOS="4453" HEIGHT="196" WIDTH="386" ID="PAG_11_TL000014" STYLEREFS="TXT_16">
            <String HPOS="339" VPOS="4626" HEIGHT="23" WIDTH="3" ID="PAG_11_ST000091" WC="0.00" CONTENT="I" STYLEREFS="TXT_16"/>
            <SP ID="PAG_11_SP000078" HPOS="342" VPOS="4626" WIDTH="22"/>
            <String HPOS="364" VPOS="4626" HEIGHT="23" WIDTH="4" ID="PAG_11_ST000092" WC="0.00" CONTENT="I" STYLEREFS="TXT_16"/>
            <SP ID="PAG_11_SP000079" HPOS="368" VPOS="4455" WIDTH="90"/>
            <String HPOS="458" VPOS="4455" HEIGHT="43" WIDTH="138" ID="PAG_11_ST000093" WC="0.5" CONTENT="CHEZ" STYLEREFS="TXT_16"/>
            <SP ID="PAG_11_SP000080" HPOS="596" VPOS="4453" WIDTH="57"/>
            <String HPOS="653" VPOS="4453" HEIGHT="42" WIDTH="72" ID="PAG_11_ST000094" WC="0.66" CONTENT="LES" STYLEREFS="TXT_16"/>
          </TextLine>
        </TextBlock>
        <TextBlock HPOS="2962" VPOS="402" HEIGHT="208" WIDTH="148" ID="PAG_11_TB000013" TAGREFS="TAG_advertisement" LANG="fr" STYLEREFS="TXT_16">
          <TextLine HPOS="2962" VPOS="402" HEIGHT="208" WIDTH="148" ID="PAG_11_TL000015" STYLEREFS="TXT_16">
            <String HPOS="2962" VPOS="402" HEIGHT="208" WIDTH="148" ID="PAG_11_ST000095" WC="0.00" CONTENT="%" STYLEREFS="TXT_16"/>
          </TextLine>
        </TextBlock>
        <TextBlock HPOS="2904" VPOS="702" HEIGHT="250" WIDTH="466" ID="PAG_11_TB000014" TAGREFS="TAG_advertisement" LANG="fr" STYLEREFS="TXT_17">
          <TextLine HPOS="2904" VPOS="702" HEIGHT="250" WIDTH="466" ID="PAG_11_TL000016" STYLEREFS="TXT_17">
            <String HPOS="2904" VPOS="818" HEIGHT="134" WIDTH="282" ID="PAG_11_ST000096" WC="0.00" CONTENT="¥M" STYLEREFS="TXT_17"/>
            <SP ID="PAG_11_SP000081" HPOS="3186" VPOS="702" WIDTH="18"/>
            <String HPOS="3204" VPOS="702" HEIGHT="250" WIDTH="166" ID="PAG_11_ST000097" WC="0.00" CONTENT="\" STYLEREFS="TXT_17"/>
          </TextLine>
        </TextBlock>
        <TextBlock HPOS="2752" VPOS="872" HEIGHT="470" WIDTH="774" ID="PAG_11_TB000015" TAGREFS="TAG_advertisement" LANG="fr" STYLEREFS="TXT_17">
          <TextLine HPOS="2848" VPOS="872" HEIGHT="164" WIDTH="678" ID="PAG_11_TL000017" STYLEREFS="TXT_35">
            <String HPOS="2848" VPOS="960" HEIGHT="76" WIDTH="98" ID="PAG_11_ST000098" WC="0.5" CONTENT="v" STYLEREFS="TXT_35"/>
            <SP ID="PAG_11_SP000082" HPOS="2946" VPOS="872" WIDTH="54"/>
            <String HPOS="3000" VPOS="872" HEIGHT="164" WIDTH="194" ID="PAG_11_ST000099" WC="0.5" CONTENT="M" STYLEREFS="TXT_35"/>
            <SP ID="PAG_11_SP000083" HPOS="3194" VPOS="964" WIDTH="126"/>
            <String HPOS="3320" VPOS="964" HEIGHT="72" WIDTH="206" ID="PAG_11_ST000100" WC="0.00" CONTENT="XV" STYLEREFS="TXT_36"/>
          </TextLine>
          <TextLine HPOS="2752" VPOS="1024" HEIGHT="318" WIDTH="714" ID="PAG_11_TL000018" STYLEREFS="TXT_17">
            <String HPOS="2752" VPOS="1046" HEIGHT="118" WIDTH="136" ID="PAG_11_ST000101" WC="0.33" CONTENT="i?" STYLEREFS="TXT_17"/>
            <SP ID="PAG_11_SP000084" HPOS="2888" VPOS="1086" WIDTH="120"/>
            <String HPOS="3008" VPOS="1086" HEIGHT="256" WIDTH="176" ID="PAG_11_ST000102" WC="0.49" CONTENT="Jy1" STYLEREFS="TXT_17"/>
            <SP ID="PAG_11_SP000085" HPOS="3184" VPOS="1024" WIDTH="158"/>
            <String HPOS="3342" VPOS="1024" HEIGHT="136" WIDTH="124" ID="PAG_11_ST000103" WC="0.00" CONTENT="^" STYLEREFS="TXT_17"/>
          </TextLine>
        </TextBlock>
        <TextBlock HPOS="2954" VPOS="1782" HEIGHT="54" WIDTH="16" ID="PAG_11_TB000016" TAGREFS="TAG_advertisement" LANG="fr" STYLEREFS="TXT_17">
          <TextLine HPOS="2954" VPOS="1782" HEIGHT="54" WIDTH="16" ID="PAG_11_TL000019" STYLEREFS="TXT_17">
            <String HPOS="2954" VPOS="1782" HEIGHT="54" WIDTH="16" ID="PAG_11_ST000104" WC="0.00" CONTENT="^" STYLEREFS="TXT_17"/>
          </TextLine>
        </TextBlock>
        <TextBlock HPOS="2743" VPOS="2836" HEIGHT="654" WIDTH="694" ID="PAG_11_TB000017" TAGREFS="TAG_advertisement" LANG="fr" STYLEREFS="TXT_16">
          <TextLine HPOS="2743" VPOS="2836" HEIGHT="44" WIDTH="667" ID="PAG_11_TL000020" STYLEREFS="TXT_16">
            <String HPOS="2743" VPOS="2858" HEIGHT="12" WIDTH="8" ID="PAG_11_ST000105" WC="0.00" CONTENT="i" STYLEREFS="TXT_16"/>
            <SP ID="PAG_11_SP000086" HPOS="2751" VPOS="2848" WIDTH="384"/>
            <String HPOS="3135" VPOS="2848" HEIGHT="22" WIDTH="47" ID="PAG_11_ST000106" WC="1" CONTENT="ne" STYLEREFS="TXT_16"/>
            <SP ID="PAG_11_SP000087" HPOS="3182" VPOS="2836" WIDTH="29"/>
            <String HPOS="3211" VPOS="2836" HEIGHT="44" WIDTH="199" ID="PAG_11_ST000107" WC="1" CONTENT="maquille" STYLEREFS="TXT_16"/>
          </TextLine>
          <TextLine HPOS="3063" VPOS="2880" HEIGHT="44" WIDTH="345" ID="PAG_11_TL000021" STYLEREFS="TXT_16">
            <String HPOS="3063" VPOS="2892" HEIGHT="32" WIDTH="69" ID="PAG_11_ST000108" WC="1" CONTENT="pas" STYLEREFS="TXT_16"/>
            <SP ID="PAG_11_SP000088" HPOS="3132" VPOS="2880" WIDTH="40"/>
            <String HPOS="3172" VPOS="2880" HEIGHT="35" WIDTH="31" ID="PAG_11_ST000109" WC="1" CONTENT="le" STYLEREFS="TXT_16"/>
            <SP ID="PAG_11_SP000089" HPOS="3203" VPOS="2881" WIDTH="39"/>
            <String HPOS="3242" VPOS="2881" HEIGHT="41" WIDTH="115" ID="PAG_11_ST000110" WC="1" CONTENT="daim," STYLEREFS="TXT_16"/>
            <SP ID="PAG_11_SP000090" HPOS="3357" VPOS="2881" WIDTH="34"/>
            <String HPOS="3391" VPOS="2881" HEIGHT="33" WIDTH="17" ID="PAG_11_ST000111" WC="1" CONTENT="il" STYLEREFS="TXT_16"/>
          </TextLine>
          <TextLine HPOS="2977" VPOS="2925" HEIGHT="36" WIDTH="458" ID="PAG_11_TL000022" STYLEREFS="TXT_16">
            <String HPOS="2977" VPOS="2925" HEIGHT="34" WIDTH="44" ID="PAG_11_ST000112" WC="1" CONTENT="lui" STYLEREFS="TXT_16"/>
            <SP ID="PAG_11_SP000091" HPOS="3021" VPOS="2937" WIDTH="46"/>
            <String HPOS="3067" VPOS="2937" HEIGHT="24" WIDTH="182" ID="PAG_11_ST000113" WC="1" CONTENT="conserve" STYLEREFS="TXT_16"/>
            <SP ID="PAG_11_SP000092" HPOS="3249" VPOS="2926" WIDTH="33"/>
            <String HPOS="3282" VPOS="2926" HEIGHT="34" WIDTH="32" ID="PAG_11_ST000114" WC="1" CONTENT="le" STYLEREFS="TXT_16"/>
            <SP ID="PAG_11_SP000093" HPOS="3314" VPOS="2938" WIDTH="32"/>
            <String HPOS="3346" VPOS="2938" HEIGHT="22" WIDTH="59" ID="PAG_11_ST000115" WC="1" CONTENT="ve-" SUBS_TYPE="HypPart1" SUBS_CONTENT="velouté" STYLEREFS="TXT_16"/>
            <HYP HPOS="3405" VPOS="2960" WIDTH="30" CONTENT="-"/>
          </TextLine>
          <TextLine HPOS="2887" VPOS="2969" HEIGHT="37" WIDTH="550" ID="PAG_11_TL000023" STYLEREFS="TXT_16">
            <String HPOS="2887" VPOS="2969" HEIGHT="36" WIDTH="99" ID="PAG_11_ST000116" WC="1" CONTENT="louté" SUBS_TYPE="HypPart2" SUBS_CONTENT="velouté" STYLEREFS="TXT_16"/>
            <SP ID="PAG_11_SP000094" HPOS="2986" VPOS="2970" WIDTH="34"/>
            <String HPOS="3020" VPOS="2970" HEIGHT="36" WIDTH="48" ID="PAG_11_ST000117" WC="1" CONTENT="du" STYLEREFS="TXT_16"/>
            <SP ID="PAG_11_SP000095" HPOS="3068" VPOS="2970" WIDTH="29"/>
            <String HPOS="3097" VPOS="2970" HEIGHT="35" WIDTH="91" ID="PAG_11_ST000118" WC="1" CONTENT="neuf" STYLEREFS="TXT_16"/>
            <SP ID="PAG_11_SP000096" HPOS="3188" VPOS="2975" WIDTH="34"/>
            <String HPOS="3222" VPOS="2975" HEIGHT="30" WIDTH="37" ID="PAG_11_ST000119" WC="1" CONTENT="et" STYLEREFS="TXT_16"/>
            <SP ID="PAG_11_SP000097" HPOS="3259" VPOS="2971" WIDTH="38"/>
            <String HPOS="3297" VPOS="2971" HEIGHT="33" WIDTH="110" ID="PAG_11_ST000120" WC="1" CONTENT="main-" SUBS_TYPE="HypPart1" SUBS_CONTENT="maintient" STYLEREFS="TXT_16"/>
            <HYP HPOS="3407" VPOS="3004" WIDTH="30" CONTENT="-"/>
          </TextLine>
          <TextLine HPOS="2797" VPOS="3014" HEIGHT="36" WIDTH="609" ID="PAG_11_TL000024" STYLEREFS="TXT_16">
            <String HPOS="2797" VPOS="3014" HEIGHT="35" WIDTH="90" ID="PAG_11_ST000121" WC="1" CONTENT="tient" SUBS_TYPE="HypPart2" SUBS_CONTENT="maintient" STYLEREFS="TXT_16"/>
            <SP ID="PAG_11_SP000098" HPOS="2887" VPOS="3015" WIDTH="24"/>
            <String HPOS="2911" VPOS="3015" HEIGHT="34" WIDTH="97" ID="PAG_11_ST000122" WC="1" CONTENT="dans" STYLEREFS="TXT_16"/>
            <SP ID="PAG_11_SP000099" HPOS="3008" VPOS="3015" WIDTH="32"/>
            <String HPOS="3040" VPOS="3015" HEIGHT="35" WIDTH="77" ID="PAG_11_ST000123" WC="1" CONTENT="leur" STYLEREFS="TXT_16"/>
            <SP ID="PAG_11_SP000100" HPOS="3117" VPOS="3015" WIDTH="23"/>
            <String HPOS="3140" VPOS="3015" HEIGHT="35" WIDTH="191" ID="PAG_11_ST000124" WC="1" CONTENT="fraîcheur" STYLEREFS="TXT_16"/>
            <SP ID="PAG_11_SP000101" HPOS="3331" VPOS="3016" WIDTH="24"/>
            <String HPOS="3355" VPOS="3016" HEIGHT="34" WIDTH="51" ID="PAG_11_ST000125" WC="1" CONTENT="les" STYLEREFS="TXT_16"/>
          </TextLine>
          <TextLine HPOS="2795" VPOS="3060" HEIGHT="43" WIDTH="520" ID="PAG_11_TL000025" STYLEREFS="TXT_16">
            <String HPOS="2795" VPOS="3060" HEIGHT="34" WIDTH="134" ID="PAG_11_ST000126" WC="1" CONTENT="teintes" STYLEREFS="TXT_16"/>
            <SP ID="PAG_11_SP000102" HPOS="2929" VPOS="3060" WIDTH="22"/>
            <String HPOS="2951" VPOS="3060" HEIGHT="35" WIDTH="52" ID="PAG_11_ST000127" WC="1" CONTENT="les" STYLEREFS="TXT_16"/>
            <SP ID="PAG_11_SP000103" HPOS="3003" VPOS="3060" WIDTH="20"/>
            <String HPOS="3023" VPOS="3060" HEIGHT="43" WIDTH="79" ID="PAG_11_ST000128" WC="1" CONTENT="plus" STYLEREFS="TXT_16"/>
            <SP ID="PAG_11_SP000104" HPOS="3102" VPOS="3060" WIDTH="19"/>
            <String HPOS="3121" VPOS="3060" HEIGHT="35" WIDTH="194" ID="PAG_11_ST000129" WC="1" CONTENT="délicates." STYLEREFS="TXT_16"/>
          </TextLine>
          <TextLine HPOS="2799" VPOS="3110" HEIGHT="55" WIDTH="602" ID="PAG_11_TL000026" STYLEREFS="TXT_16">
            <String HPOS="2799" VPOS="3110" HEIGHT="49" WIDTH="171" ID="PAG_11_ST000130" WC="0.66" CONTENT="Castoria" STYLEREFS="TXT_17"/>
            <SP ID="PAG_11_SP000105" HPOS="2970" VPOS="3122" WIDTH="40"/>
            <String HPOS="3010" VPOS="3122" HEIGHT="43" WIDTH="151" ID="PAG_11_ST000131" WC="1" CONTENT="produit" STYLEREFS="TXT_16"/>
            <SP ID="PAG_11_SP000106" HPOS="3161" VPOS="3122" WIDTH="20"/>
            <String HPOS="3181" VPOS="3122" HEIGHT="42" WIDTH="177" ID="PAG_11_ST000132" WC="1" CONTENT="français," STYLEREFS="TXT_16"/>
            <SP ID="PAG_11_SP000107" HPOS="3358" VPOS="3125" WIDTH="22"/>
            <String HPOS="3380" VPOS="3125" HEIGHT="30" WIDTH="21" ID="PAG_11_ST000133" WC="1" CONTENT="à" STYLEREFS="TXT_16"/>
          </TextLine>
          <TextLine HPOS="2794" VPOS="3167" HEIGHT="43" WIDTH="609" ID="PAG_11_TL000027" STYLEREFS="TXT_16">
            <String HPOS="2794" VPOS="3167" HEIGHT="35" WIDTH="67" ID="PAG_11_ST000134" WC="1" CONTENT="fait" STYLEREFS="TXT_16"/>
            <SP ID="PAG_11_SP000108" HPOS="2861" VPOS="3178" WIDTH="10"/>
            <String HPOS="2871" VPOS="3178" HEIGHT="23" WIDTH="59" ID="PAG_11_ST000135" WC="1" CONTENT="ses" STYLEREFS="TXT_16"/>
            <SP ID="PAG_11_SP000109" HPOS="2930" VPOS="3178" WIDTH="11"/>
            <String HPOS="2941" VPOS="3178" HEIGHT="32" WIDTH="160" ID="PAG_11_ST000136" WC="1" CONTENT="preuves" STYLEREFS="TXT_16"/>
            <SP ID="PAG_11_SP000110" HPOS="3101" VPOS="3167" WIDTH="13"/>
            <String HPOS="3114" VPOS="3167" HEIGHT="42" WIDTH="135" ID="PAG_11_ST000137" WC="1" CONTENT="depuis" STYLEREFS="TXT_16"/>
            <SP ID="PAG_11_SP000111" HPOS="3249" VPOS="3167" WIDTH="15"/>
            <String HPOS="3264" VPOS="3167" HEIGHT="43" WIDTH="86" ID="PAG_11_ST000138" WC="0.95" CONTENT="plus" STYLEREFS="TXT_16"/>
            <SP ID="PAG_11_SP000112" HPOS="3350" VPOS="3167" WIDTH="1"/>
            <String HPOS="3350" VPOS="3167" HEIGHT="43" WIDTH="53" ID="PAG_11_ST000139" WC="0.95" CONTENT="de" STYLEREFS="TXT_16"/>
          </TextLine>
          <TextLine HPOS="2789" VPOS="3211" HEIGHT="37" WIDTH="644" ID="PAG_11_TL000028" STYLEREFS="TXT_16">
            <String HPOS="2789" VPOS="3212" HEIGHT="36" WIDTH="55" ID="PAG_11_ST000140" WC="0.85" CONTENT=".20" STYLEREFS="TXT_16"/>
            <SP ID="PAG_11_SP000113" HPOS="2844" VPOS="3223" WIDTH="21"/>
            <String HPOS="2865" VPOS="3223" HEIGHT="23" WIDTH="67" ID="PAG_11_ST000141" WC="1" CONTENT="ans" STYLEREFS="TXT_16"/>
            <SP ID="PAG_11_SP000114" HPOS="2932" VPOS="3223" WIDTH="22"/>
            <String HPOS="2954" VPOS="3223" HEIGHT="23" WIDTH="60" ID="PAG_11_ST000142" WC="1" CONTENT="sur" STYLEREFS="TXT_16"/>
            <SP ID="PAG_11_SP000115" HPOS="3014" VPOS="3211" WIDTH="17"/>
            <String HPOS="3031" VPOS="3211" HEIGHT="36" WIDTH="69" ID="PAG_11_ST000143" WC="1" CONTENT="des" STYLEREFS="TXT_16"/>
            <SP ID="PAG_11_SP000116" HPOS="3100" VPOS="3212" WIDTH="23"/>
            <String HPOS="3123" VPOS="3212" HEIGHT="34" WIDTH="151" ID="PAG_11_ST000144" WC="1" CONTENT="millions" STYLEREFS="TXT_16"/>
            <SP ID="PAG_11_SP000117" HPOS="3274" VPOS="3212" WIDTH="22"/>
            <String HPOS="3296" VPOS="3212" HEIGHT="34" WIDTH="107" ID="PAG_11_ST000145" WC="1" CONTENT="d'ob-" SUBS_TYPE="HypPart1" SUBS_CONTENT="d'objets" STYLEREFS="TXT_16"/>
            <HYP HPOS="3403" VPOS="3246" WIDTH="30" CONTENT="-"/>
          </TextLine>
          <TextLine HPOS="2793" VPOS="3256" HEIGHT="46" WIDTH="641" ID="PAG_11_TL000029" STYLEREFS="TXT_16">
            <String HPOS="2793" VPOS="3257" HEIGHT="45" WIDTH="66" ID="PAG_11_ST000146" WC="1" CONTENT="jets" SUBS_TYPE="HypPart2" SUBS_CONTENT="d'objets" STYLEREFS="TXT_16"/>
            <SP ID="PAG_11_SP000118" HPOS="2859" VPOS="3269" WIDTH="19"/>
            <String HPOS="2878" VPOS="3269" HEIGHT="22" WIDTH="46" ID="PAG_11_ST000147" WC="1" CONTENT="en" STYLEREFS="TXT_16"/>
            <SP ID="PAG_11_SP000119" HPOS="2924" VPOS="3256" WIDTH="19"/>
            <String HPOS="2943" VPOS="3256" HEIGHT="35" WIDTH="74" ID="PAG_11_ST000148" WC="1" CONTENT="cuir" STYLEREFS="TXT_16"/>
            <SP ID="PAG_11_SP000120" HPOS="3017" VPOS="3256" WIDTH="17"/>
            <String HPOS="3034" VPOS="3256" HEIGHT="40" WIDTH="193" ID="PAG_11_ST000149" WC="1" CONTENT="chamoisé" STYLEREFS="TXT_16"/>
            <SP ID="PAG_11_SP000121" HPOS="3227" VPOS="3272" WIDTH="16"/>
            <String HPOS="3243" VPOS="3272" HEIGHT="18" WIDTH="6" ID="PAG_11_ST000150" WC="1" CONTENT=":" STYLEREFS="TXT_16"/>
            <SP ID="PAG_11_SP000122" HPOS="3249" VPOS="3256" WIDTH="22"/>
            <String HPOS="3271" VPOS="3256" HEIGHT="36" WIDTH="133" ID="PAG_11_ST000151" WC="1" CONTENT="chaus-" SUBS_TYPE="HypPart1" SUBS_CONTENT="chaussures," STYLEREFS="TXT_16"/>
            <HYP HPOS="3404" VPOS="3292" WIDTH="30" CONTENT="-"/>
          </TextLine>
          <TextLine HPOS="2791" VPOS="3302" HEIGHT="41" WIDTH="611" ID="PAG_11_TL000030" STYLEREFS="TXT_16">
            <String HPOS="2791" VPOS="3313" HEIGHT="30" WIDTH="115" ID="PAG_11_ST000152" WC="1" CONTENT="sures," SUBS_TYPE="HypPart2" SUBS_CONTENT="chaussures," STYLEREFS="TXT_16"/>
            <SP ID="PAG_11_SP000123" HPOS="2906" VPOS="3312" WIDTH="39"/>
            <String HPOS="2945" VPOS="3312" HEIGHT="31" WIDTH="96" ID="PAG_11_ST000153" WC="1" CONTENT="sacs," STYLEREFS="TXT_16"/>
            <SP ID="PAG_11_SP000124" HPOS="3041" VPOS="3302" WIDTH="35"/>
            <String HPOS="3076" VPOS="3302" HEIGHT="40" WIDTH="197" ID="PAG_11_ST000154" WC="1" CONTENT="ceintures," STYLEREFS="TXT_16"/>
            <SP ID="PAG_11_SP000125" HPOS="3273" VPOS="3307" WIDTH="38"/>
            <String HPOS="3311" VPOS="3307" HEIGHT="28" WIDTH="91" ID="PAG_11_ST000155" WC="1" CONTENT="etc..." STYLEREFS="TXT_16"/>
          </TextLine>
          <TextLine HPOS="2790" VPOS="3347" HEIGHT="51" WIDTH="610" ID="PAG_11_TL000031" STYLEREFS="TXT_16">
            <String HPOS="2790" VPOS="3365" HEIGHT="33" WIDTH="122" ID="PAG_11_ST000156" WC="1" CONTENT="Avec" STYLEREFS="TXT_16"/>
            <SP ID="PAG_11_SP000126" HPOS="2912" VPOS="3347" WIDTH="27"/>
            <String HPOS="2939" VPOS="3347" HEIGHT="50" WIDTH="171" ID="PAG_11_ST000157" WC="0.45" CONTENT="Moria" STYLEREFS="TXT_16"/>
            <SP ID="PAG_11_SP000127" HPOS="3110" VPOS="3375" WIDTH="24"/>
            <String HPOS="3134" VPOS="3375" HEIGHT="22" WIDTH="90" ID="PAG_11_ST000158" WC="1" CONTENT="une" STYLEREFS="TXT_16"/>
            <SP ID="PAG_11_SP000128" HPOS="3224" VPOS="3363" WIDTH="37"/>
            <String HPOS="3261" VPOS="3363" HEIGHT="34" WIDTH="139" ID="PAG_11_ST000159" WC="0.98" CONTENT="seule" STYLEREFS="TXT_16"/>
          </TextLine>
          <TextLine HPOS="2790" VPOS="3407" HEIGHT="44" WIDTH="638" ID="PAG_11_TL000032" STYLEREFS="TXT_16">
            <String HPOS="2790" VPOS="3408" HEIGHT="43" WIDTH="232" ID="PAG_11_ST000160" WC="1" CONTENT="application" STYLEREFS="TXT_16"/>
            <SP ID="PAG_11_SP000129" HPOS="3022" VPOS="3408" WIDTH="18"/>
            <String HPOS="3040" VPOS="3408" HEIGHT="34" WIDTH="111" ID="PAG_11_ST000161" WC="1" CONTENT="suffit." STYLEREFS="TXT_16"/>
            <SP ID="PAG_11_SP000130" HPOS="3151" VPOS="3408" WIDTH="15"/>
            <String HPOS="3166" VPOS="3408" HEIGHT="34" WIDTH="50" ID="PAG_11_ST000162" WC="1" CONTENT="Un" STYLEREFS="TXT_16"/>
            <SP ID="PAG_11_SP000131" HPOS="3216" VPOS="3408" WIDTH="17"/>
            <String HPOS="3233" VPOS="3408" HEIGHT="34" WIDTH="77" ID="PAG_11_ST000163" WC="1" CONTENT="seul" STYLEREFS="TXT_16"/>
            <SP ID="PAG_11_SP000132" HPOS="3310" VPOS="3407" WIDTH="20"/>
            <String HPOS="3330" VPOS="3407" HEIGHT="34" WIDTH="68" ID="PAG_11_ST000164" WC="1" CONTENT="fla-" SUBS_TYPE="HypPart1" SUBS_CONTENT="flacon" STYLEREFS="TXT_16"/>
            <HYP HPOS="3398" VPOS="3441" WIDTH="30" CONTENT="-"/>
          </TextLine>
          <TextLine HPOS="2790" VPOS="3453" HEIGHT="37" WIDTH="353" ID="PAG_11_TL000033" STYLEREFS="TXT_16">
            <String HPOS="2790" VPOS="3464" HEIGHT="24" WIDTH="68" ID="PAG_11_ST000165" WC="1" CONTENT="con" SUBS_TYPE="HypPart2" SUBS_CONTENT="flacon" STYLEREFS="TXT_16"/>
            <SP ID="PAG_11_SP000133" HPOS="2858" VPOS="3453" WIDTH="23"/>
            <String HPOS="2881" VPOS="3453" HEIGHT="35" WIDTH="93" ID="PAG_11_ST000166" WC="1" CONTENT="dure" STYLEREFS="TXT_16"/>
            <SP ID="PAG_11_SP000134" HPOS="2974" VPOS="3453" WIDTH="21"/>
            <String HPOS="2995" VPOS="3453" HEIGHT="37" WIDTH="23" ID="PAG_11_ST000167" WC="1" CONTENT="6" STYLEREFS="TXT_16"/>
            <SP ID="PAG_11_SP000135" HPOS="3018" VPOS="3453" WIDTH="23"/>
            <String HPOS="3041" VPOS="3453" HEIGHT="34" WIDTH="102" ID="PAG_11_ST000168" WC="1" CONTENT="mois." STYLEREFS="TXT_16"/>
          </TextLine>
        </TextBlock>
        <TextBlock HPOS="3113" VPOS="4240" HEIGHT="47" WIDTH="76" ID="PAG_11_TB000018" TAGREFS="TAG_advertisement" LANG="fr" STYLEREFS="TXT_16">
          <TextLine HPOS="3113" VPOS="4240" HEIGHT="47" WIDTH="76" ID="PAG_11_TL000034" STYLEREFS="TXT_16">
            <String HPOS="3113" VPOS="4240" HEIGHT="47" WIDTH="76" ID="PAG_11_ST000169" WC="0.00" CONTENT="NE" STYLEREFS="TXT_16"/>
          </TextLine>
        </TextBlock>
        <TextBlock HPOS="3291" VPOS="4314" HEIGHT="53" WIDTH="128" ID="PAG_11_TB000019" TAGREFS="TAG_advertisement" LANG="fr" STYLEREFS="TXT_16">
          <TextLine HPOS="3291" VPOS="4314" HEIGHT="53" WIDTH="128" ID="PAG_11_TL000035" STYLEREFS="TXT_16">
            <String HPOS="3291" VPOS="4314" HEIGHT="53" WIDTH="128" ID="PAG_11_ST000170" WC="0.00" CONTENT="BAS" STYLEREFS="TXT_16"/>
          </TextLine>
        </TextBlock>
        <TextBlock HPOS="2712" VPOS="4518" HEIGHT="42" WIDTH="716" ID="PAG_11_TB000020" TAGREFS="TAG_advertisement" LANG="fr" STYLEREFS="TXT_18">
          <TextLine HPOS="2712" VPOS="4518" HEIGHT="42" WIDTH="716" ID="PAG_11_TL000036" STYLEREFS="TXT_18">
            <String HPOS="2712" VPOS="4524" HEIGHT="35" WIDTH="43" ID="PAG_11_ST000171" WC="1" CONTENT="Ets" STYLEREFS="TXT_18"/>
            <SP ID="PAG_11_SP000136" HPOS="2755" VPOS="4521" WIDTH="13"/>
            <String HPOS="2768" VPOS="4521" HEIGHT="37" WIDTH="144" ID="PAG_11_ST000172" WC="1" CONTENT="BISSEUIL" STYLEREFS="TXT_18"/>
            <SP ID="PAG_11_SP000137" HPOS="2912" VPOS="4522" WIDTH="16"/>
            <String HPOS="2928" VPOS="4522" HEIGHT="33" WIDTH="25" ID="PAG_11_ST000173" WC="1" CONTENT="et" STYLEREFS="TXT_18"/>
            <SP ID="PAG_11_SP000138" HPOS="2953" VPOS="4520" WIDTH="16"/>
            <String HPOS="2969" VPOS="4520" HEIGHT="40" WIDTH="90" ID="PAG_11_ST000174" WC="1" CONTENT="HUET," STYLEREFS="TXT_18"/>
            <SP ID="PAG_11_SP000139" HPOS="3059" VPOS="4519" WIDTH="14"/>
            <String HPOS="3073" VPOS="4519" HEIGHT="35" WIDTH="14" ID="PAG_11_ST000175" WC="0.97" CONTENT="à" STYLEREFS="TXT_18"/>
            <SP ID="PAG_11_SP000140" HPOS="3087" VPOS="4518" WIDTH="18"/>
            <String HPOS="3105" VPOS="4518" HEIGHT="42" WIDTH="323" ID="PAG_11_ST000176" WC="1" CONTENT="Boulogne-Billancourt" STYLEREFS="TXT_18"/>
          </TextLine>
        </TextBlock>
      </PrintSpace>
    </Page>
  </Layout>
</alto>