<?xml version="1.0" encoding="UTF-8"?>
<alto xmlns="http://www.loc.gov/standards/alto/ns-v3#" xmlns:xsi="http://www.w3.org/2001/XMLSchema-instance" SCHEMAVERSION="alto_bnf-v2_0" xsi:schemaLocation="http://www.loc.gov/standards/alto/ns-v3# http://bibnum.bnf.fr/schema/alto_bnf-v2_0.xsd" xmlns:xlink="http://www.w3.org/TR/xlink">
  <Description>
    <MeasurementUnit>pixel</MeasurementUnit>
    <sourceImageInformation>
      <fileName>00000037.jp2</fileName>
      <fileIdentifier>ark:/12148/bpt6k47010350/f37</fileIdentifier>
      <documentIdentifier documentIdentifierLocation="NUM">4701035</documentIdentifier>
    </sourceImageInformation>
    <OCRProcessing ID="OCR_1">
      <ocrProcessingStep>
        <processingDateTime>2019-01-31</processingDateTime>
        <processingStepDescription>[001_OCR_BRUT]OCR BRUT 79.35 %</processingStepDescription>
        <processingStepDescription>[002_CHARS]{1868}</processingStepDescription>
        <processingStepDescription>[003_CHARS_USED]{0}</processingStepDescription>
        <processingStepDescription>[004_CHARS_SUSPECTS_USED]{0}</processingStepDescription>
        <processingStepDescription>[005_CHARS_UNUSED]{1868}</processingStepDescription>
        <processingStepDescription>[006_CHARS_SUSPECTS_UNUSED]{0}</processingStepDescription>
        <processingStepDescription>[007_STRINGS]{394}</processingStepDescription>
        <processingStepDescription>[008_STRINGS_USED]{0}</processingStepDescription>
        <processingStepDescription>[009_STRINGS_SUSPECTS_UNUSED]{0}</processingStepDescription>
        <processingStepDescription>[010_CHARS_LETTERS]{1715}</processingStepDescription>
        <processingStepDescription>[011_CHARS_PUNCTUATION]{127}</processingStepDescription>
        <processingStepDescription>[012_CHARS_DIGITS]{10}</processingStepDescription>
        <processingStepDescription>[013_CHARS_SUSPECT]{0}</processingStepDescription>
        <processingStepDescription>[022_CHARS_UNUSED_BY_BLOCK]{0}</processingStepDescription>
        <processingStepDescription>[023_BLOCKS_SUSPECTS]{0}</processingStepDescription>
        <processingStepDescription>[111_LIGS_DETECTED_CURV]{0}</processingStepDescription>
      </ocrProcessingStep>
    </OCRProcessing>
  </Description>
  <Styles>
    <TextStyle FONTSIZE="4" ID="TXT_11" FONTFAMILY="Arial"/>
    <TextStyle FONTSIZE="11" ID="TXT_12" FONTFAMILY="Arial"/>
    <TextStyle FONTSIZE="6" ID="TXT_16" FONTFAMILY="Arial"/>
    <TextStyle FONTSIZE="7" ID="TXT_18" FONTFAMILY="Arial"/>
    <TextStyle FONTSIZE="66" ID="TXT_57" FONTFAMILY="Arial"/>
    <TextStyle FONTSIZE="32" ID="TXT_58" FONTFAMILY="Arial"/>
    <TextStyle FONTSIZE="45" ID="TXT_59" FONTFAMILY="Arial"/>
  </Styles>
  <Tags>
    <LayoutTag TYPE="Content" ID="TAG_advertisement" LABEL="advertisement"/>
  </Tags>
  <Layout>
    <Page ID="PAG_37" HEIGHT="4983" WIDTH="3865" PHYSICAL_IMG_NR="37" QUALITY="OK" ACCURACY="100.00">
      <PrintSpace HPOS="593" VPOS="267" HEIGHT="4257" WIDTH="3125" ID="PAG_37_PrintSpace">
        <TextBlock HPOS="630" VPOS="309" HEIGHT="82" WIDTH="1440" ID="PAG_37_TB000001" TAGREFS="TAG_advertisement" LANG="fr" STYLEREFS="TXT_12">
          <TextLine HPOS="630" VPOS="309" HEIGHT="82" WIDTH="1440" ID="PAG_37_TL000001" STYLEREFS="TXT_12">
            <String HPOS="630" VPOS="319" HEIGHT="62" WIDTH="84" ID="PAG_37_ST000001" WC="1" CONTENT="Un" STYLEREFS="TXT_12"/>
            <SP ID="PAG_37_SP000001" HPOS="714" VPOS="327" WIDTH="50"/>
            <String HPOS="764" VPOS="327" HEIGHT="54" WIDTH="128" ID="PAG_37_ST000002" WC="1" CONTENT="tissu" STYLEREFS="TXT_12"/>
            <SP ID="PAG_37_SP000002" HPOS="892" VPOS="309" WIDTH="52"/>
            <String HPOS="944" VPOS="309" HEIGHT="70" WIDTH="122" ID="PAG_37_ST000003" WC="1" CONTENT="doit" STYLEREFS="TXT_12"/>
            <SP ID="PAG_37_SP000003" HPOS="1066" VPOS="339" WIDTH="46"/>
            <String HPOS="1112" VPOS="339" HEIGHT="38" WIDTH="146" ID="PAG_37_ST000004" WC="1" CONTENT="vous" STYLEREFS="TXT_12"/>
            <SP ID="PAG_37_SP000004" HPOS="1258" VPOS="309" WIDTH="50"/>
            <String HPOS="1308" VPOS="309" HEIGHT="82" WIDTH="186" ID="PAG_37_ST000005" WC="1" CONTENT="plaire" STYLEREFS="TXT_12"/>
            <SP ID="PAG_37_SP000005" HPOS="1494" VPOS="349" WIDTH="34"/>
            <String HPOS="1528" VPOS="349" HEIGHT="26" WIDTH="6" ID="PAG_37_ST000006" WC="1" CONTENT=":" STYLEREFS="TXT_12"/>
            <SP ID="PAG_37_SP000006" HPOS="1534" VPOS="321" WIDTH="326"/>
            <String HPOS="1860" VPOS="321" HEIGHT="4" WIDTH="8" ID="PAG_37_ST000007" WC="0.5" CONTENT="&quot;" STYLEREFS="TXT_12"/>
            <SP ID="PAG_37_SP000007" HPOS="1868" VPOS="353" WIDTH="182"/>
            <String HPOS="2050" VPOS="353" HEIGHT="16" WIDTH="20" ID="PAG_37_ST000008" WC="0.00" CONTENT="*" STYLEREFS="TXT_12"/>
          </TextLine>
        </TextBlock>
        <TextBlock HPOS="828" VPOS="413" HEIGHT="92" WIDTH="1234" ID="PAG_37_TB000002" TAGREFS="TAG_advertisement" LANG="fr" STYLEREFS="TXT_12">
          <TextLine HPOS="828" VPOS="413" HEIGHT="92" WIDTH="1234" ID="PAG_37_TL000002" STYLEREFS="TXT_12">
            <String HPOS="828" VPOS="443" HEIGHT="62" WIDTH="240" ID="PAG_37_ST000009" WC="1" CONTENT="SUIVEZ" STYLEREFS="TXT_12"/>
            <SP ID="PAG_37_SP000008" HPOS="1068" VPOS="441" WIDTH="56"/>
            <String HPOS="1124" VPOS="441" HEIGHT="62" WIDTH="230" ID="PAG_37_ST000010" WC="1" CONTENT="VOTRE" STYLEREFS="TXT_12"/>
            <SP ID="PAG_37_SP000009" HPOS="1354" VPOS="439" WIDTH="56"/>
            <String HPOS="1410" VPOS="439" HEIGHT="62" WIDTH="224" ID="PAG_37_ST000011" WC="1" CONTENT="GOUT" STYLEREFS="TXT_12"/>
            <SP ID="PAG_37_SP000010" HPOS="1634" VPOS="431" WIDTH="108"/>
            <String HPOS="1742" VPOS="431" HEIGHT="4" WIDTH="6" ID="PAG_37_ST000012" WC="0.00" CONTENT="'" STYLEREFS="TXT_12"/>
            <SP ID="PAG_37_SP000011" HPOS="1748" VPOS="413" WIDTH="298"/>
            <String HPOS="2046" VPOS="413" HEIGHT="60" WIDTH="16" ID="PAG_37_ST000013" WC="0.00" CONTENT=";" STYLEREFS="TXT_12"/>
          </TextLine>
        </TextBlock>
        <TextBlock HPOS="876" VPOS="675" HEIGHT="264" WIDTH="442" ID="PAG_37_TB000003" TAGREFS="TAG_advertisement" LANG="fr" STYLEREFS="TXT_57">
          <TextLine HPOS="876" VPOS="675" HEIGHT="264" WIDTH="442" ID="PAG_37_TL000003" STYLEREFS="TXT_57">
            <String HPOS="876" VPOS="675" HEIGHT="264" WIDTH="196" ID="PAG_37_ST000014" WC="0.5" CONTENT="T" STYLEREFS="TXT_57"/>
            <SP ID="PAG_37_SP000012" HPOS="1072" VPOS="879" WIDTH="140"/>
            <String HPOS="1212" VPOS="879" HEIGHT="20" WIDTH="76" ID="PAG_37_ST000015" WC="0.00" CONTENT="-" STYLEREFS="TXT_57"/>
            <HYP HPOS="1288" VPOS="899" WIDTH="30" CONTENT="-"/>
          </TextLine>
        </TextBlock>
        <TextBlock HPOS="1218" VPOS="1851" HEIGHT="76" WIDTH="592" ID="PAG_37_TB000004" TAGREFS="TAG_advertisement" LANG="fr" STYLEREFS="TXT_16">
          <TextLine HPOS="1218" VPOS="1851" HEIGHT="76" WIDTH="592" ID="PAG_37_TL000004" STYLEREFS="TXT_16">
            <String HPOS="1218" VPOS="1851" HEIGHT="70" WIDTH="115" ID="PAG_37_ST000016" WC="0.00" CONTENT="Sftim" STYLEREFS="TXT_16"/>
            <SP ID="PAG_37_SP000013" HPOS="1333" VPOS="1888" WIDTH="67"/>
            <String HPOS="1400" VPOS="1888" HEIGHT="23" WIDTH="35" ID="PAG_37_ST000017" WC="0.5" CONTENT="r" STYLEREFS="TXT_16"/>
            <SP ID="PAG_37_SP000014" HPOS="1435" VPOS="1851" WIDTH="51"/>
            <String HPOS="1486" VPOS="1851" HEIGHT="76" WIDTH="23" ID="PAG_37_ST000018" WC="0.00" CONTENT="\)" STYLEREFS="TXT_16"/>
            <SP ID="PAG_37_SP000015" HPOS="1509" VPOS="1877" WIDTH="27"/>
            <String HPOS="1536" VPOS="1877" HEIGHT="50" WIDTH="274" ID="PAG_37_ST000019" WC="0.49" CONTENT="JSS0g§mm&amp;~.." STYLEREFS="TXT_16"/>
          </TextLine>
        </TextBlock>
        <TextBlock HPOS="652" VPOS="2470" HEIGHT="88" WIDTH="805" ID="PAG_37_TB000005" TAGREFS="TAG_advertisement" LANG="fr" STYLEREFS="TXT_12">
          <TextLine HPOS="652" VPOS="2470" HEIGHT="88" WIDTH="805" ID="PAG_37_TL000005" STYLEREFS="TXT_12">
            <String HPOS="652" VPOS="2473" HEIGHT="67" WIDTH="23" ID="PAG_37_ST000020" WC="1" CONTENT="il" STYLEREFS="TXT_12"/>
            <SP ID="PAG_37_SP000016" HPOS="675" VPOS="2472" WIDTH="54"/>
            <String HPOS="729" VPOS="2472" HEIGHT="69" WIDTH="123" ID="PAG_37_ST000021" WC="1" CONTENT="doit" STYLEREFS="TXT_12"/>
            <SP ID="PAG_37_SP000017" HPOS="852" VPOS="2486" WIDTH="48"/>
            <String HPOS="900" VPOS="2486" HEIGHT="55" WIDTH="118" ID="PAG_37_ST000022" WC="1" CONTENT="être" STYLEREFS="TXT_12"/>
            <SP ID="PAG_37_SP000018" HPOS="1018" VPOS="2470" WIDTH="50"/>
            <String HPOS="1068" VPOS="2470" HEIGHT="72" WIDTH="81" ID="PAG_37_ST000023" WC="1" CONTENT="de" STYLEREFS="TXT_12"/>
            <SP ID="PAG_37_SP000019" HPOS="1149" VPOS="2476" WIDTH="50"/>
            <String HPOS="1199" VPOS="2476" HEIGHT="82" WIDTH="219" ID="PAG_37_ST000024" WC="1" CONTENT="qualité" STYLEREFS="TXT_12"/>
            <SP ID="PAG_37_SP000020" HPOS="1418" VPOS="2518" WIDTH="34"/>
            <String HPOS="1452" VPOS="2518" HEIGHT="25" WIDTH="5" ID="PAG_37_ST000025" WC="0.00" CONTENT=":" STYLEREFS="TXT_12"/>
          </TextLine>
        </TextBlock>
        <TextBlock HPOS="653" VPOS="2598" HEIGHT="63" WIDTH="618" ID="PAG_37_TB000006" TAGREFS="TAG_advertisement" LANG="fr" STYLEREFS="TXT_12">
          <TextLine HPOS="653" VPOS="2598" HEIGHT="63" WIDTH="618" ID="PAG_37_TL000006" STYLEREFS="TXT_12">
            <String HPOS="653" VPOS="2598" HEIGHT="62" WIDTH="237" ID="PAG_37_ST000026" WC="1" CONTENT="SUIVEZ" STYLEREFS="TXT_12"/>
            <SP ID="PAG_37_SP000021" HPOS="890" VPOS="2599" WIDTH="62"/>
            <String HPOS="952" VPOS="2599" HEIGHT="62" WIDTH="319" ID="PAG_37_ST000027" WC="1" CONTENT="NATCHA" STYLEREFS="TXT_12"/>
          </TextLine>
        </TextBlock>
        <TextBlock HPOS="650" VPOS="2822" HEIGHT="208" WIDTH="1444" ID="PAG_37_TB000007" TAGREFS="TAG_advertisement" LANG="fr" STYLEREFS="TXT_18">
          <TextLine HPOS="654" VPOS="2822" HEIGHT="69" WIDTH="1439" ID="PAG_37_TL000007" STYLEREFS="TXT_18">
            <String HPOS="654" VPOS="2839" HEIGHT="51" WIDTH="99" ID="PAG_37_ST000028" WC="1" CONTENT="Car," STYLEREFS="TXT_18"/>
            <SP ID="PAG_37_SP000022" HPOS="753" VPOS="2838" WIDTH="28"/>
            <String HPOS="781" VPOS="2838" HEIGHT="53" WIDTH="142" ID="PAG_37_ST000029" WC="1" CONTENT="quelle" STYLEREFS="TXT_18"/>
            <SP ID="PAG_37_SP000023" HPOS="923" VPOS="2856" WIDTH="27"/>
            <String HPOS="950" VPOS="2856" HEIGHT="35" WIDTH="87" ID="PAG_37_ST000030" WC="1" CONTENT="que" STYLEREFS="TXT_18"/>
            <SP ID="PAG_37_SP000024" HPOS="1037" VPOS="2847" WIDTH="27"/>
            <String HPOS="1064" VPOS="2847" HEIGHT="38" WIDTH="78" ID="PAG_37_ST000031" WC="1" CONTENT="soit" STYLEREFS="TXT_18"/>
            <SP ID="PAG_37_SP000025" HPOS="1142" VPOS="2859" WIDTH="26"/>
            <String HPOS="1168" VPOS="2859" HEIGHT="27" WIDTH="46" ID="PAG_37_ST000032" WC="1" CONTENT="sa" STYLEREFS="TXT_18"/>
            <SP ID="PAG_37_SP000026" HPOS="1214" VPOS="2839" WIDTH="29"/>
            <String HPOS="1243" VPOS="2839" HEIGHT="47" WIDTH="59" ID="PAG_37_ST000033" WC="1" CONTENT="fa-" STYLEREFS="TXT_18"/>
            <SP ID="PAG_37_SP000027" HPOS="1302" VPOS="2822" WIDTH="722"/>
            <String HPOS="2024" VPOS="2822" HEIGHT="69" WIDTH="20" ID="PAG_37_ST000034" WC="0.33" CONTENT="il" STYLEREFS="TXT_18"/>
            <SP ID="PAG_37_SP000028" HPOS="2044" VPOS="2876" WIDTH="47"/>
            <String HPOS="2091" VPOS="2876" HEIGHT="12" WIDTH="2" ID="PAG_37_ST000035" WC="0.00" CONTENT="*" STYLEREFS="TXT_18"/>
          </TextLine>
          <TextLine HPOS="654" VPOS="2889" HEIGHT="58" WIDTH="1393" ID="PAG_37_TL000008" STYLEREFS="TXT_18">
            <String HPOS="654" VPOS="2897" HEIGHT="50" WIDTH="216" ID="PAG_37_ST000036" WC="1" CONTENT="brication," STYLEREFS="TXT_18"/>
            <SP ID="PAG_37_SP000029" HPOS="870" VPOS="2916" WIDTH="35"/>
            <String HPOS="905" VPOS="2916" HEIGHT="26" WIDTH="49" ID="PAG_37_ST000037" WC="1" CONTENT="un" STYLEREFS="TXT_18"/>
            <SP ID="PAG_37_SP000030" HPOS="954" VPOS="2905" WIDTH="29"/>
            <String HPOS="983" VPOS="2905" HEIGHT="39" WIDTH="91" ID="PAG_37_ST000038" WC="1" CONTENT="tissu" STYLEREFS="TXT_18"/>
            <SP ID="PAG_37_SP000031" HPOS="1074" VPOS="2916" WIDTH="34"/>
            <String HPOS="1108" VPOS="2916" HEIGHT="29" WIDTH="196" ID="PAG_37_ST000039" WC="1" CONTENT="rayonne" STYLEREFS="TXT_18"/>
            <SP ID="PAG_37_SP000032" HPOS="1304" VPOS="2907" WIDTH="435"/>
            <String HPOS="1739" VPOS="2907" HEIGHT="38" WIDTH="47" ID="PAG_37_ST000040" WC="0.00" CONTENT="M." STYLEREFS="TXT_18"/>
            <SP ID="PAG_37_SP000033" HPOS="1786" VPOS="2917" WIDTH="74"/>
            <String HPOS="1860" VPOS="2917" HEIGHT="27" WIDTH="39" ID="PAG_37_ST000041" WC="0.00" CONTENT="/" STYLEREFS="TXT_18"/>
            <SP ID="PAG_37_SP000034" HPOS="1899" VPOS="2889" WIDTH="27"/>
            <String HPOS="1926" VPOS="2889" HEIGHT="58" WIDTH="47" ID="PAG_37_ST000042" WC="0.00" CONTENT="^" STYLEREFS="TXT_18"/>
            <SP ID="PAG_37_SP000035" HPOS="1973" VPOS="2889" WIDTH="53"/>
            <String HPOS="2026" VPOS="2889" HEIGHT="55" WIDTH="21" ID="PAG_37_ST000043" WC="0.00" CONTENT="1" STYLEREFS="TXT_18"/>
          </TextLine>
          <TextLine HPOS="650" VPOS="2944" HEIGHT="86" WIDTH="1444" ID="PAG_37_TL000009" STYLEREFS="TXT_18">
            <String HPOS="650" VPOS="2962" HEIGHT="48" WIDTH="68" ID="PAG_37_ST000044" WC="1" CONTENT="qui" STYLEREFS="TXT_18"/>
            <SP ID="PAG_37_SP000036" HPOS="718" VPOS="2966" WIDTH="54"/>
            <String HPOS="772" VPOS="2966" HEIGHT="44" WIDTH="122" ID="PAG_37_ST000045" WC="1" CONTENT="porte" STYLEREFS="TXT_18"/>
            <SP ID="PAG_37_SP000037" HPOS="894" VPOS="2957" WIDTH="55"/>
            <String HPOS="949" VPOS="2957" HEIGHT="46" WIDTH="243" ID="PAG_37_ST000046" WC="0.99" CONTENT="l'emblème" STYLEREFS="TXT_18"/>
            <SP ID="PAG_37_SP000038" HPOS="1192" VPOS="2959" WIDTH="56"/>
            <String HPOS="1248" VPOS="2959" HEIGHT="45" WIDTH="54" ID="PAG_37_ST000047" WC="1" CONTENT="du" STYLEREFS="TXT_18"/>
            <SP ID="PAG_37_SP000039" HPOS="1302" VPOS="2944" WIDTH="726"/>
            <String HPOS="2028" VPOS="2944" HEIGHT="86" WIDTH="19" ID="PAG_37_ST000048" WC="0.00" CONTENT="Il" STYLEREFS="TXT_18"/>
            <SP ID="PAG_37_SP000040" HPOS="2047" VPOS="2986" WIDTH="44"/>
            <String HPOS="2091" VPOS="2986" HEIGHT="21" WIDTH="3" ID="PAG_37_ST000049" WC="0.00" CONTENT="'" STYLEREFS="TXT_18"/>
          </TextLine>
        </TextBlock>
        <TextBlock HPOS="640" VPOS="3003" HEIGHT="188" WIDTH="1408" ID="PAG_37_TB000008" TAGREFS="TAG_advertisement" LANG="fr" STYLEREFS="TXT_58">
          <TextLine HPOS="640" VPOS="3003" HEIGHT="188" WIDTH="1408" ID="PAG_37_TL000010" STYLEREFS="TXT_58">
            <String HPOS="640" VPOS="3003" HEIGHT="188" WIDTH="1408" ID="PAG_37_ST000050" WC="0.43" CONTENT="COIMTRÔIE^^" STYLEREFS="TXT_58"/>
          </TextLine>
        </TextBlock>
        <TextBlock HPOS="1056" VPOS="3207" HEIGHT="341" WIDTH="944" ID="PAG_37_TB000009" TAGREFS="TAG_advertisement" LANG="fr" STYLEREFS="TXT_18">
          <TextLine HPOS="1056" VPOS="3207" HEIGHT="180" WIDTH="944" ID="PAG_37_TL000011" STYLEREFS="TXT_59">
            <String HPOS="1056" VPOS="3207" HEIGHT="180" WIDTH="944" ID="PAG_37_ST000051" WC="0.00" CONTENT="natcha" STYLEREFS="TXT_59"/>
          </TextLine>
          <TextLine HPOS="1064" VPOS="3434" HEIGHT="58" WIDTH="905" ID="PAG_37_TL000012" STYLEREFS="TXT_18">
            <String HPOS="1064" VPOS="3444" HEIGHT="36" WIDTH="63" ID="PAG_37_ST000052" WC="1" CONTENT="est" STYLEREFS="TXT_18"/>
            <SP ID="PAG_37_SP000041" HPOS="1127" VPOS="3434" WIDTH="33"/>
            <String HPOS="1160" VPOS="3434" HEIGHT="51" WIDTH="149" ID="PAG_37_ST000053" WC="1" CONTENT="solide," STYLEREFS="TXT_18"/>
            <SP ID="PAG_37_SP000042" HPOS="1309" VPOS="3451" WIDTH="36"/>
            <String HPOS="1345" VPOS="3451" HEIGHT="29" WIDTH="47" ID="PAG_37_ST000054" WC="1" CONTENT="se" STYLEREFS="TXT_18"/>
            <SP ID="PAG_37_SP000043" HPOS="1392" VPOS="3435" WIDTH="38"/>
            <String HPOS="1430" VPOS="3435" HEIGHT="45" WIDTH="94" ID="PAG_37_ST000055" WC="0.99" CONTENT="lave" STYLEREFS="TXT_18"/>
            <SP ID="PAG_37_SP000044" HPOS="1524" VPOS="3453" WIDTH="38"/>
            <String HPOS="1562" VPOS="3453" HEIGHT="27" WIDTH="56" ID="PAG_37_ST000056" WC="1" CONTENT="ou" STYLEREFS="TXT_18"/>
            <SP ID="PAG_37_SP000045" HPOS="1618" VPOS="3453" WIDTH="41"/>
            <String HPOS="1659" VPOS="3453" HEIGHT="28" WIDTH="46" ID="PAG_37_ST000057" WC="1" CONTENT="se" STYLEREFS="TXT_18"/>
            <SP ID="PAG_37_SP000046" HPOS="1705" VPOS="3436" WIDTH="36"/>
            <String HPOS="1741" VPOS="3436" HEIGHT="56" WIDTH="228" ID="PAG_37_ST000058" WC="1" CONTENT="dégraisse" STYLEREFS="TXT_18"/>
          </TextLine>
          <TextLine HPOS="1062" VPOS="3492" HEIGHT="56" WIDTH="907" ID="PAG_37_TL000013" STYLEREFS="TXT_18">
            <String HPOS="1062" VPOS="3492" HEIGHT="53" WIDTH="251" ID="PAG_37_ST000059" WC="1" CONTENT="facilement," STYLEREFS="TXT_18"/>
            <SP ID="PAG_37_SP000047" HPOS="1313" VPOS="3500" WIDTH="44"/>
            <String HPOS="1357" VPOS="3500" HEIGHT="39" WIDTH="97" ID="PAG_37_ST000060" WC="1" CONTENT="tient" STYLEREFS="TXT_18"/>
            <SP ID="PAG_37_SP000048" HPOS="1454" VPOS="3494" WIDTH="39"/>
            <String HPOS="1493" VPOS="3494" HEIGHT="45" WIDTH="96" ID="PAG_37_ST000061" WC="1" CONTENT="bien" STYLEREFS="TXT_18"/>
            <SP ID="PAG_37_SP000049" HPOS="1589" VPOS="3513" WIDTH="42"/>
            <String HPOS="1631" VPOS="3513" HEIGHT="26" WIDTH="83" ID="PAG_37_ST000062" WC="1" CONTENT="aux" STYLEREFS="TXT_18"/>
            <SP ID="PAG_37_SP000050" HPOS="1714" VPOS="3507" WIDTH="42"/>
            <String HPOS="1756" VPOS="3507" HEIGHT="41" WIDTH="213" ID="PAG_37_ST000063" WC="1" CONTENT="coutures," STYLEREFS="TXT_18"/>
          </TextLine>
        </TextBlock>
        <TextBlock HPOS="1061" VPOS="3552" HEIGHT="114" WIDTH="909" ID="PAG_37_TB000010" TAGREFS="TAG_advertisement" LANG="fr" STYLEREFS="TXT_18">
          <TextLine HPOS="1061" VPOS="3552" HEIGHT="54" WIDTH="909" ID="PAG_37_TL000014" STYLEREFS="TXT_18">
            <String HPOS="1061" VPOS="3562" HEIGHT="35" WIDTH="62" ID="PAG_37_ST000064" WC="1" CONTENT="est" STYLEREFS="TXT_18"/>
            <SP ID="PAG_37_SP000051" HPOS="1123" VPOS="3552" WIDTH="27"/>
            <String HPOS="1150" VPOS="3552" HEIGHT="45" WIDTH="126" ID="PAG_37_ST000065" WC="1" CONTENT="établi" STYLEREFS="TXT_18"/>
            <SP ID="PAG_37_SP000052" HPOS="1276" VPOS="3569" WIDTH="32"/>
            <String HPOS="1308" VPOS="3569" HEIGHT="37" WIDTH="107" ID="PAG_37_ST000066" WC="1" CONTENT="pour" STYLEREFS="TXT_18"/>
            <SP ID="PAG_37_SP000053" HPOS="1415" VPOS="3569" WIDTH="26"/>
            <String HPOS="1441" VPOS="3569" HEIGHT="28" WIDTH="106" ID="PAG_37_ST000067" WC="1" CONTENT="vous" STYLEREFS="TXT_18"/>
            <SP ID="PAG_37_SP000054" HPOS="1547" VPOS="3552" WIDTH="27"/>
            <String HPOS="1574" VPOS="3552" HEIGHT="54" WIDTH="180" ID="PAG_37_ST000068" WC="1" CONTENT="donner," STYLEREFS="TXT_18"/>
            <SP ID="PAG_37_SP000055" HPOS="1754" VPOS="3571" WIDTH="30"/>
            <String HPOS="1784" VPOS="3571" HEIGHT="28" WIDTH="64" ID="PAG_37_ST000069" WC="1" CONTENT="sur" STYLEREFS="TXT_18"/>
            <SP ID="PAG_37_SP000056" HPOS="1848" VPOS="3566" WIDTH="28"/>
            <String HPOS="1876" VPOS="3566" HEIGHT="34" WIDTH="94" ID="PAG_37_ST000070" WC="1" CONTENT="tous" STYLEREFS="TXT_18"/>
          </TextLine>
          <TextLine HPOS="1397" VPOS="3612" HEIGHT="54" WIDTH="240" ID="PAG_37_TL000015" STYLEREFS="TXT_18">
            <String HPOS="1397" VPOS="3612" HEIGHT="44" WIDTH="59" ID="PAG_37_ST000071" WC="1" CONTENT="les" STYLEREFS="TXT_18"/>
            <SP ID="PAG_37_SP000057" HPOS="1456" VPOS="3618" WIDTH="32"/>
            <String HPOS="1488" VPOS="3618" HEIGHT="48" WIDTH="149" ID="PAG_37_ST000072" WC="1" CONTENT="points," STYLEREFS="TXT_18"/>
          </TextLine>
        </TextBlock>
        <TextBlock HPOS="1276" VPOS="3822" HEIGHT="58" WIDTH="51" ID="PAG_37_TB000011" TAGREFS="TAG_advertisement" LANG="fr" STYLEREFS="TXT_18">
          <TextLine HPOS="1276" VPOS="3822" HEIGHT="58" WIDTH="51" ID="PAG_37_TL000016" STYLEREFS="TXT_18">
            <String HPOS="1276" VPOS="3822" HEIGHT="58" WIDTH="51" ID="PAG_37_ST000073" WC="0.00" CONTENT="oe," STYLEREFS="TXT_18"/>
          </TextLine>
        </TextBlock>
        <TextBlock HPOS="1010" VPOS="4071" HEIGHT="6" WIDTH="38" ID="PAG_37_TB000012" TAGREFS="TAG_advertisement" LANG="fr" STYLEREFS="TXT_18">
          <TextLine HPOS="1010" VPOS="4071" HEIGHT="6" WIDTH="38" ID="PAG_37_TL000017" STYLEREFS="TXT_18">
            <String HPOS="1010" VPOS="4071" HEIGHT="6" WIDTH="8" ID="PAG_37_ST000074" WC="0.00" CONTENT="-" STYLEREFS="TXT_18"/>
            <HYP HPOS="1018" VPOS="4077" WIDTH="30" CONTENT="-"/>
          </TextLine>
        </TextBlock>
        <TextBlock HPOS="596" VPOS="4183" HEIGHT="164" WIDTH="1500" ID="PAG_37_TB000013" TAGREFS="TAG_advertisement" LANG="fr" STYLEREFS="TXT_12">
          <TextLine HPOS="596" VPOS="4183" HEIGHT="164" WIDTH="1500" ID="PAG_37_TL000018" STYLEREFS="TXT_12">
            <String HPOS="596" VPOS="4183" HEIGHT="164" WIDTH="1500" ID="PAG_37_ST000075" WC="0.00" CONTENT="■.II...yM.rn.~w,*—**" STYLEREFS="TXT_12"/>
          </TextLine>
        </TextBlock>
        <TextBlock HPOS="593" VPOS="4436" HEIGHT="28" WIDTH="1160" ID="PAG_37_TB000014" TAGREFS="TAG_advertisement" LANG="fr" STYLEREFS="TXT_16">
          <TextLine HPOS="593" VPOS="4436" HEIGHT="28" WIDTH="1160" ID="PAG_37_TL000019" STYLEREFS="TXT_16">
            <String HPOS="593" VPOS="4436" HEIGHT="24" WIDTH="3" ID="PAG_37_ST000076" WC="0.00" CONTENT="I" STYLEREFS="TXT_16"/>
            <SP ID="PAG_37_SP000058" HPOS="596" VPOS="4448" WIDTH="356"/>
            <String HPOS="952" VPOS="4448" HEIGHT="15" WIDTH="5" ID="PAG_37_ST000077" WC="0.00" CONTENT="C" STYLEREFS="TXT_16"/>
            <SP ID="PAG_37_SP000059" HPOS="957" VPOS="4445" WIDTH="5"/>
            <String HPOS="962" VPOS="4445" HEIGHT="19" WIDTH="6" ID="PAG_37_ST000078" WC="0.00" CONTENT=";" STYLEREFS="TXT_16"/>
            <SP ID="PAG_37_SP000060" HPOS="968" VPOS="4448" WIDTH="6"/>
            <String HPOS="974" VPOS="4448" HEIGHT="4" WIDTH="3" ID="PAG_37_ST000079" WC="0.00" CONTENT="-" STYLEREFS="TXT_16"/>
            <SP ID="PAG_37_SP000061" HPOS="977" VPOS="4448" WIDTH="11"/>
            <String HPOS="988" VPOS="4448" HEIGHT="12" WIDTH="4" ID="PAG_37_ST000080" WC="0.00" CONTENT=")" STYLEREFS="TXT_16"/>
            <SP ID="PAG_37_SP000062" HPOS="992" VPOS="4447" WIDTH="5"/>
            <String HPOS="997" VPOS="4447" HEIGHT="7" WIDTH="8" ID="PAG_37_ST000081" WC="0.00" CONTENT="-■" STYLEREFS="TXT_16"/>
            <SP ID="PAG_37_SP000063" HPOS="1005" VPOS="4447" WIDTH="7"/>
            <String HPOS="1012" VPOS="4447" HEIGHT="16" WIDTH="3" ID="PAG_37_ST000082" WC="0.00" CONTENT="I" STYLEREFS="TXT_11"/>
            <SP ID="PAG_37_SP000064" HPOS="1015" VPOS="4446" WIDTH="8"/>
            <String HPOS="1023" VPOS="4446" HEIGHT="17" WIDTH="4" ID="PAG_37_ST000083" WC="0.00" CONTENT=":" STYLEREFS="TXT_16"/>
            <SP ID="PAG_37_SP000065" HPOS="1027" VPOS="4444" WIDTH="7"/>
            <String HPOS="1034" VPOS="4444" HEIGHT="20" WIDTH="33" ID="PAG_37_ST000084" WC="0.00" CONTENT="-O" STYLEREFS="TXT_11"/>
            <SP ID="PAG_37_SP000066" HPOS="1067" VPOS="4451" WIDTH="16"/>
            <String HPOS="1083" VPOS="4451" HEIGHT="6" WIDTH="4" ID="PAG_37_ST000085" WC="0.5" CONTENT="&gt;" STYLEREFS="TXT_16"/>
            <SP ID="PAG_37_SP000067" HPOS="1087" VPOS="4451" WIDTH="36"/>
            <String HPOS="1123" VPOS="4451" HEIGHT="6" WIDTH="3" ID="PAG_37_ST000086" WC="0.00" CONTENT="." STYLEREFS="TXT_16"/>
            <SP ID="PAG_37_SP000068" HPOS="1126" VPOS="4442" WIDTH="12"/>
            <String HPOS="1138" VPOS="4442" HEIGHT="20" WIDTH="120" ID="PAG_37_ST000087" WC="0.00" CONTENT="K'GANisr" STYLEREFS="TXT_16"/>
            <SP ID="PAG_37_SP000069" HPOS="1258" VPOS="4449" WIDTH="31"/>
            <String HPOS="1289" VPOS="4449" HEIGHT="4" WIDTH="3" ID="PAG_37_ST000088" WC="0.00" CONTENT="■" STYLEREFS="TXT_16"/>
            <SP ID="PAG_37_SP000070" HPOS="1292" VPOS="4443" WIDTH="3"/>
            <String HPOS="1295" VPOS="4443" HEIGHT="8" WIDTH="4" ID="PAG_37_ST000089" WC="0.5" CONTENT="'" STYLEREFS="TXT_16"/>
            <SP ID="PAG_37_SP000071" HPOS="1299" VPOS="4443" WIDTH="4"/>
            <String HPOS="1303" VPOS="4443" HEIGHT="16" WIDTH="13" ID="PAG_37_ST000090" WC="0.00" CONTENT="A" STYLEREFS="TXT_11"/>
            <SP ID="PAG_37_SP000072" HPOS="1316" VPOS="4450" WIDTH="6"/>
            <String HPOS="1322" VPOS="4450" HEIGHT="5" WIDTH="6" ID="PAG_37_ST000091" WC="0.00" CONTENT="-" STYLEREFS="TXT_11"/>
            <SP ID="PAG_37_SP000073" HPOS="1328" VPOS="4442" WIDTH="35"/>
            <String HPOS="1363" VPOS="4442" HEIGHT="17" WIDTH="3" ID="PAG_37_ST000092" WC="0.00" CONTENT="!" STYLEREFS="TXT_11"/>
            <SP ID="PAG_37_SP000074" HPOS="1366" VPOS="4445" WIDTH="8"/>
            <String HPOS="1374" VPOS="4445" HEIGHT="9" WIDTH="4" ID="PAG_37_ST000093" WC="0.00" CONTENT="»" STYLEREFS="TXT_11"/>
            <SP ID="PAG_37_SP000075" HPOS="1378" VPOS="4439" WIDTH="34"/>
            <String HPOS="1412" VPOS="4439" HEIGHT="21" WIDTH="140" ID="PAG_37_ST000094" WC="0.99" CONTENT="COMPTOIR" STYLEREFS="TXT_11"/>
            <SP ID="PAG_37_SP000076" HPOS="1552" VPOS="4439" WIDTH="30"/>
            <String HPOS="1582" VPOS="4439" HEIGHT="19" WIDTH="43" ID="PAG_37_ST000095" WC="0.25" CONTENT="DES" STYLEREFS="TXT_11"/>
            <SP ID="PAG_37_SP000077" HPOS="1625" VPOS="4440" WIDTH="33"/>
            <String HPOS="1658" VPOS="4440" HEIGHT="18" WIDTH="45" ID="PAG_37_ST000096" WC="0.00" CONTENT="FF-\'" STYLEREFS="TXT_11"/>
            <SP ID="PAG_37_SP000078" HPOS="1703" VPOS="4441" WIDTH="26"/>
            <String HPOS="1729" VPOS="4441" HEIGHT="17" WIDTH="6" ID="PAG_37_ST000097" WC="0.00" CONTENT="Ï" STYLEREFS="TXT_11"/>
            <SP ID="PAG_37_SP000079" HPOS="1735" VPOS="4449" WIDTH="13"/>
            <String HPOS="1748" VPOS="4449" HEIGHT="9" WIDTH="5" ID="PAG_37_ST000098" WC="0.00" CONTENT="-," STYLEREFS="TXT_11"/>
          </TextLine>
        </TextBlock>
        <TextBlock HPOS="594" VPOS="4470" HEIGHT="54" WIDTH="1494" ID="PAG_37_TB000015" TAGREFS="TAG_advertisement" LANG="fr" STYLEREFS="TXT_16">
          <TextLine HPOS="594" VPOS="4470" HEIGHT="54" WIDTH="1494" ID="PAG_37_TL000020" STYLEREFS="TXT_16">
            <String HPOS="594" VPOS="4481" HEIGHT="38" WIDTH="4" ID="PAG_37_ST000099" WC="0.65" CONTENT="1" STYLEREFS="TXT_11"/>
            <SP ID="PAG_37_SP000080" HPOS="598" VPOS="4481" WIDTH="37"/>
            <String HPOS="635" VPOS="4481" HEIGHT="4" WIDTH="5" ID="PAG_37_ST000100" WC="0.57" CONTENT="•" STYLEREFS="TXT_11"/>
            <SP ID="PAG_37_SP000081" HPOS="640" VPOS="4470" WIDTH="238"/>
            <String HPOS="878" VPOS="4470" HEIGHT="54" WIDTH="2" ID="PAG_37_ST000101" WC="0.00" CONTENT="^" STYLEREFS="TXT_11"/>
            <SP ID="PAG_37_SP000082" HPOS="880" VPOS="4481" WIDTH="158"/>
            <String HPOS="1038" VPOS="4481" HEIGHT="20" WIDTH="137" ID="PAG_37_ST000102" WC="0.41" CONTENT="APIIFICIUS" STYLEREFS="TXT_16"/>
            <SP ID="PAG_37_SP000083" HPOS="1175" VPOS="4480" WIDTH="24"/>
            <String HPOS="1199" VPOS="4480" HEIGHT="20" WIDTH="67" ID="PAG_37_ST000103" WC="0.78" CONTENT="POUI'" STYLEREFS="TXT_16"/>
            <SP ID="PAG_37_SP000084" HPOS="1266" VPOS="4477" WIDTH="23"/>
            <String HPOS="1289" VPOS="4477" HEIGHT="21" WIDTH="175" ID="PAG_37_ST000104" WC="0.49" CONTENT="ruIll.SAilQN" STYLEREFS="TXT_16"/>
            <SP ID="PAG_37_SP000085" HPOS="1464" VPOS="4477" WIDTH="26"/>
            <String HPOS="1490" VPOS="4477" HEIGHT="19" WIDTH="28" ID="PAG_37_ST000105" WC="0.93" CONTENT="DE" STYLEREFS="TXT_16"/>
            <SP ID="PAG_37_SP000086" HPOS="1518" VPOS="4476" WIDTH="23"/>
            <String HPOS="1541" VPOS="4476" HEIGHT="20" WIDTH="40" ID="PAG_37_ST000106" WC="1" CONTENT="SES" STYLEREFS="TXT_16"/>
            <SP ID="PAG_37_SP000087" HPOS="1581" VPOS="4477" WIDTH="26"/>
            <String HPOS="1607" VPOS="4477" HEIGHT="19" WIDTH="61" ID="PAG_37_ST000107" WC="0.89" CONTENT="FILES." STYLEREFS="TXT_16"/>
            <SP ID="PAG_37_SP000088" HPOS="1668" VPOS="4477" WIDTH="417"/>
            <String HPOS="2085" VPOS="4477" HEIGHT="19" WIDTH="3" ID="PAG_37_ST000108" WC="0.00" CONTENT="1" STYLEREFS="TXT_16"/>
          </TextLine>
        </TextBlock>
        <Illustration ID="PAG_37_IL000001" HPOS="2235" VPOS="267" HEIGHT="1570" WIDTH="1382"/>
        <Illustration ID="PAG_37_IL000002" HPOS="2134" VPOS="1837" HEIGHT="672" WIDTH="1584"/>
        <TextBlock HPOS="2296" VPOS="2598" HEIGHT="32" WIDTH="1217" ID="PAG_37_TB000016" TAGREFS="TAG_advertisement" LANG="fr" STYLEREFS="TXT_16">
          <TextLine HPOS="2296" VPOS="2598" HEIGHT="32" WIDTH="1217" ID="PAG_37_TL000021" STYLEREFS="TXT_16">
            <String HPOS="2296" VPOS="2599" HEIGHT="31" WIDTH="80" ID="PAG_37_ST000109" WC="1" CONTENT="UNE" STYLEREFS="TXT_16"/>
            <SP ID="PAG_37_SP000089" HPOS="2376" VPOS="2599" WIDTH="24"/>
            <String HPOS="2400" VPOS="2599" HEIGHT="31" WIDTH="68" ID="PAG_37_ST000110" WC="1" CONTENT="DES" STYLEREFS="TXT_16"/>
            <SP ID="PAG_37_SP000090" HPOS="2468" VPOS="2600" WIDTH="28"/>
            <String HPOS="2496" VPOS="2600" HEIGHT="29" WIDTH="31" ID="PAG_37_ST000111" WC="1" CONTENT="12" STYLEREFS="TXT_16"/>
            <SP ID="PAG_37_SP000091" HPOS="2527" VPOS="2599" WIDTH="21"/>
            <String HPOS="2548" VPOS="2599" HEIGHT="31" WIDTH="153" ID="PAG_37_ST000112" WC="1" CONTENT="TEINTES" STYLEREFS="TXT_16"/>
            <SP ID="PAG_37_SP000092" HPOS="2701" VPOS="2609" WIDTH="21"/>
            <String HPOS="2722" VPOS="2609" HEIGHT="21" WIDTH="17" ID="PAG_37_ST000113" WC="1" CONTENT="«" STYLEREFS="TXT_16"/>
            <SP ID="PAG_37_SP000093" HPOS="2739" VPOS="2598" WIDTH="15"/>
            <String HPOS="2754" VPOS="2598" HEIGHT="31" WIDTH="191" ID="PAG_37_ST000114" WC="1" CONTENT="VIVANTES" STYLEREFS="TXT_16"/>
            <SP ID="PAG_37_SP000094" HPOS="2945" VPOS="2610" WIDTH="15"/>
            <String HPOS="2960" VPOS="2610" HEIGHT="20" WIDTH="16" ID="PAG_37_ST000115" WC="1" CONTENT="&gt;," STYLEREFS="TXT_16"/>
            <SP ID="PAG_37_SP000095" HPOS="2976" VPOS="2599" WIDTH="24"/>
            <String HPOS="3000" VPOS="2599" HEIGHT="31" WIDTH="46" ID="PAG_37_ST000116" WC="1" CONTENT="DE" STYLEREFS="TXT_16"/>
            <SP ID="PAG_37_SP000096" HPOS="3046" VPOS="2598" WIDTH="23"/>
            <String HPOS="3069" VPOS="2598" HEIGHT="31" WIDTH="140" ID="PAG_37_ST000117" WC="1" CONTENT="GEMEY" STYLEREFS="TXT_16"/>
            <SP ID="PAG_37_SP000097" HPOS="3209" VPOS="2599" WIDTH="24"/>
            <String HPOS="3233" VPOS="2599" HEIGHT="30" WIDTH="60" ID="PAG_37_ST000118" WC="1" CONTENT="EST" STYLEREFS="TXT_16"/>
            <SP ID="PAG_37_SP000098" HPOS="3293" VPOS="2599" WIDTH="24"/>
            <String HPOS="3317" VPOS="2599" HEIGHT="31" WIDTH="47" ID="PAG_37_ST000119" WC="1" CONTENT="LA" STYLEREFS="TXT_16"/>
            <SP ID="PAG_37_SP000099" HPOS="3364" VPOS="2600" WIDTH="22"/>
            <String HPOS="3386" VPOS="2600" HEIGHT="30" WIDTH="127" ID="PAG_37_ST000120" WC="1" CONTENT="VOTRE" STYLEREFS="TXT_16"/>
          </TextLine>
        </TextBlock>
        <TextBlock HPOS="2293" VPOS="2679" HEIGHT="176" WIDTH="1222" ID="PAG_37_TB000017" TAGREFS="TAG_advertisement" LANG="fr" STYLEREFS="TXT_16">
          <TextLine HPOS="2339" VPOS="2679" HEIGHT="40" WIDTH="1176" ID="PAG_37_TL000022" STYLEREFS="TXT_16">
            <String HPOS="2339" VPOS="2679" HEIGHT="30" WIDTH="46" ID="PAG_37_ST000121" WC="1" CONTENT="Le" STYLEREFS="TXT_16"/>
            <SP ID="PAG_37_SP000100" HPOS="2385" VPOS="2679" WIDTH="24"/>
            <String HPOS="2409" VPOS="2679" HEIGHT="32" WIDTH="136" ID="PAG_37_ST000122" WC="0.73" CONTENT="cclebic" STYLEREFS="TXT_16"/>
            <SP ID="PAG_37_SP000101" HPOS="2545" VPOS="2680" WIDTH="24"/>
            <String HPOS="2569" VPOS="2680" HEIGHT="38" WIDTH="211" ID="PAG_37_ST000123" WC="0.89" CONTENT="parfumeur" STYLEREFS="TXT_16"/>
            <SP ID="PAG_37_SP000102" HPOS="2780" VPOS="2680" WIDTH="25"/>
            <String HPOS="2805" VPOS="2680" HEIGHT="32" WIDTH="154" ID="PAG_37_ST000124" WC="0.88" CONTENT="Richard" STYLEREFS="TXT_16"/>
            <SP ID="PAG_37_SP000103" HPOS="2959" VPOS="2680" WIDTH="27"/>
            <String HPOS="2986" VPOS="2680" HEIGHT="38" WIDTH="159" ID="PAG_37_ST000125" WC="0.92" CONTENT="Iludnut," STYLEREFS="TXT_16"/>
            <SP ID="PAG_37_SP000104" HPOS="3145" VPOS="2680" WIDTH="26"/>
            <String HPOS="3171" VPOS="2680" HEIGHT="33" WIDTH="84" ID="PAG_37_ST000126" WC="1" CONTENT="dont" STYLEREFS="TXT_16"/>
            <SP ID="PAG_37_SP000105" HPOS="3255" VPOS="2682" WIDTH="24"/>
            <String HPOS="3279" VPOS="2682" HEIGHT="31" WIDTH="49" ID="PAG_37_ST000127" WC="0.99" CONTENT="les" STYLEREFS="TXT_16"/>
            <SP ID="PAG_37_SP000106" HPOS="3328" VPOS="2682" WIDTH="25"/>
            <String HPOS="3353" VPOS="2682" HEIGHT="37" WIDTH="162" ID="PAG_37_ST000128" WC="1" CONTENT="produits" STYLEREFS="TXT_16"/>
          </TextLine>
          <TextLine HPOS="2295" VPOS="2723" HEIGHT="42" WIDTH="1219" ID="PAG_37_TL000023" STYLEREFS="TXT_16">
            <String HPOS="2295" VPOS="2723" HEIGHT="32" WIDTH="41" ID="PAG_37_ST000129" WC="1" CONTENT="de" STYLEREFS="TXT_16"/>
            <SP ID="PAG_37_SP000107" HPOS="2336" VPOS="2723" WIDTH="27"/>
            <String HPOS="2363" VPOS="2723" HEIGHT="32" WIDTH="124" ID="PAG_37_ST000130" WC="1" CONTENT="beauté" STYLEREFS="TXT_16"/>
            <SP ID="PAG_37_SP000108" HPOS="2487" VPOS="2725" WIDTH="25"/>
            <String HPOS="2512" VPOS="2725" HEIGHT="38" WIDTH="230" ID="PAG_37_ST000131" WC="1" CONTENT="connaissent," STYLEREFS="TXT_16"/>
            <SP ID="PAG_37_SP000109" HPOS="2742" VPOS="2723" WIDTH="27"/>
            <String HPOS="2769" VPOS="2723" HEIGHT="41" WIDTH="123" ID="PAG_37_ST000132" WC="1" CONTENT="depuis" STYLEREFS="TXT_16"/>
            <SP ID="PAG_37_SP000110" HPOS="2892" VPOS="2726" WIDTH="25"/>
            <String HPOS="2917" VPOS="2726" HEIGHT="38" WIDTH="207" ID="PAG_37_ST000133" WC="1" CONTENT="longtemps," STYLEREFS="TXT_16"/>
            <SP ID="PAG_37_SP000111" HPOS="3124" VPOS="2737" WIDTH="28"/>
            <String HPOS="3152" VPOS="2737" HEIGHT="21" WIDTH="65" ID="PAG_37_ST000134" WC="1" CONTENT="une" STYLEREFS="TXT_16"/>
            <SP ID="PAG_37_SP000112" HPOS="3217" VPOS="2725" WIDTH="26"/>
            <String HPOS="3243" VPOS="2725" HEIGHT="40" WIDTH="131" ID="PAG_37_ST000135" WC="1" CONTENT="grande" STYLEREFS="TXT_16"/>
            <SP ID="PAG_37_SP000113" HPOS="3374" VPOS="2737" WIDTH="25"/>
            <String HPOS="3399" VPOS="2737" HEIGHT="28" WIDTH="115" ID="PAG_37_ST000136" WC="1" CONTENT="vogue" STYLEREFS="TXT_16"/>
          </TextLine>
          <TextLine HPOS="2293" VPOS="2768" HEIGHT="41" WIDTH="1217" ID="PAG_37_TL000024" STYLEREFS="TXT_16">
            <String HPOS="2293" VPOS="2779" HEIGHT="21" WIDTH="41" ID="PAG_37_ST000137" WC="1" CONTENT="en" STYLEREFS="TXT_16"/>
            <SP ID="PAG_37_SP000114" HPOS="2334" VPOS="2768" WIDTH="25"/>
            <String HPOS="2359" VPOS="2768" HEIGHT="40" WIDTH="201" ID="PAG_37_ST000138" WC="0.97" CONTENT="Amérique," STYLEREFS="TXT_16"/>
            <SP ID="PAG_37_SP000115" HPOS="2560" VPOS="2781" WIDTH="26"/>
            <String HPOS="2586" VPOS="2781" HEIGHT="20" WIDTH="19" ID="PAG_37_ST000139" WC="1" CONTENT="a" STYLEREFS="TXT_16"/>
            <SP ID="PAG_37_SP000116" HPOS="2605" VPOS="2769" WIDTH="25"/>
            <String HPOS="2630" VPOS="2769" HEIGHT="32" WIDTH="124" ID="PAG_37_ST000140" WC="1" CONTENT="trouvé" STYLEREFS="TXT_16"/>
            <SP ID="PAG_37_SP000117" HPOS="2754" VPOS="2770" WIDTH="25"/>
            <String HPOS="2779" VPOS="2770" HEIGHT="32" WIDTH="30" ID="PAG_37_ST000141" WC="1" CONTENT="le" STYLEREFS="TXT_16"/>
            <SP ID="PAG_37_SP000118" HPOS="2809" VPOS="2781" WIDTH="26"/>
            <String HPOS="2835" VPOS="2781" HEIGHT="28" WIDTH="124" ID="PAG_37_ST000142" WC="1" CONTENT="moyen" STYLEREFS="TXT_16"/>
            <SP ID="PAG_37_SP000119" HPOS="2959" VPOS="2770" WIDTH="25"/>
            <String HPOS="2984" VPOS="2770" HEIGHT="33" WIDTH="41" ID="PAG_37_ST000143" WC="1" CONTENT="de" STYLEREFS="TXT_16"/>
            <SP ID="PAG_37_SP000120" HPOS="3025" VPOS="2770" WIDTH="26"/>
            <String HPOS="3051" VPOS="2770" HEIGHT="33" WIDTH="133" ID="PAG_37_ST000144" WC="1" CONTENT="donner" STYLEREFS="TXT_16"/>
            <SP ID="PAG_37_SP000121" HPOS="3184" VPOS="2781" WIDTH="26"/>
            <String HPOS="3210" VPOS="2781" HEIGHT="21" WIDTH="18" ID="PAG_37_ST000145" WC="1" CONTENT="«" STYLEREFS="TXT_16"/>
            <SP ID="PAG_37_SP000122" HPOS="3228" VPOS="2772" WIDTH="28"/>
            <String HPOS="3256" VPOS="2772" HEIGHT="31" WIDTH="32" ID="PAG_37_ST000146" WC="1" CONTENT="la" STYLEREFS="TXT_16"/>
            <SP ID="PAG_37_SP000123" HPOS="3288" VPOS="2772" WIDTH="24"/>
            <String HPOS="3312" VPOS="2772" HEIGHT="32" WIDTH="55" ID="PAG_37_ST000147" WC="1" CONTENT="vie" STYLEREFS="TXT_16"/>
            <SP ID="PAG_37_SP000124" HPOS="3367" VPOS="2782" WIDTH="28"/>
            <String HPOS="3395" VPOS="2782" HEIGHT="21" WIDTH="18" ID="PAG_37_ST000148" WC="1" CONTENT="»" STYLEREFS="TXT_16"/>
            <SP ID="PAG_37_SP000125" HPOS="3413" VPOS="2783" WIDTH="27"/>
            <String HPOS="3440" VPOS="2783" HEIGHT="21" WIDTH="70" ID="PAG_37_ST000149" WC="1" CONTENT="aux" STYLEREFS="TXT_16"/>
          </TextLine>
          <TextLine HPOS="2294" VPOS="2813" HEIGHT="42" WIDTH="592" ID="PAG_37_TL000025" STYLEREFS="TXT_16">
            <String HPOS="2294" VPOS="2813" HEIGHT="32" WIDTH="128" ID="PAG_37_ST000150" WC="1" CONTENT="coloris" STYLEREFS="TXT_16"/>
            <SP ID="PAG_37_SP000126" HPOS="2422" VPOS="2813" WIDTH="28"/>
            <String HPOS="2450" VPOS="2813" HEIGHT="33" WIDTH="40" ID="PAG_37_ST000151" WC="1" CONTENT="de" STYLEREFS="TXT_16"/>
            <SP ID="PAG_37_SP000127" HPOS="2490" VPOS="2814" WIDTH="27"/>
            <String HPOS="2517" VPOS="2814" HEIGHT="32" WIDTH="32" ID="PAG_37_ST000152" WC="1" CONTENT="la" STYLEREFS="TXT_16"/>
            <SP ID="PAG_37_SP000128" HPOS="2549" VPOS="2813" WIDTH="28"/>
            <String HPOS="2577" VPOS="2813" HEIGHT="34" WIDTH="142" ID="PAG_37_ST000153" WC="1" CONTENT="Poudre" STYLEREFS="TXT_16"/>
            <SP ID="PAG_37_SP000129" HPOS="2719" VPOS="2814" WIDTH="26"/>
            <String HPOS="2745" VPOS="2814" HEIGHT="41" WIDTH="141" ID="PAG_37_ST000154" WC="1" CONTENT="Gemey." STYLEREFS="TXT_16"/>
          </TextLine>
        </TextBlock>
        <TextBlock HPOS="2293" VPOS="2868" HEIGHT="176" WIDTH="1250" ID="PAG_37_TB000018" TAGREFS="TAG_advertisement" LANG="fr" STYLEREFS="TXT_16">
          <TextLine HPOS="2339" VPOS="2868" HEIGHT="45" WIDTH="1204" ID="PAG_37_TL000026" STYLEREFS="TXT_16">
            <String HPOS="2339" VPOS="2868" HEIGHT="33" WIDTH="48" ID="PAG_37_ST000155" WC="1" CONTENT="Ce" STYLEREFS="TXT_16"/>
            <SP ID="PAG_37_SP000130" HPOS="2387" VPOS="2869" WIDTH="29"/>
            <String HPOS="2416" VPOS="2869" HEIGHT="34" WIDTH="146" ID="PAG_37_ST000156" WC="1" CONTENT="résultat" STYLEREFS="TXT_16"/>
            <SP ID="PAG_37_SP000131" HPOS="2562" VPOS="2870" WIDTH="29"/>
            <String HPOS="2591" VPOS="2870" HEIGHT="40" WIDTH="199" ID="PAG_37_ST000157" WC="1" CONTENT="incroyable" STYLEREFS="TXT_16"/>
            <SP ID="PAG_37_SP000132" HPOS="2790" VPOS="2877" WIDTH="29"/>
            <String HPOS="2819" VPOS="2877" HEIGHT="27" WIDTH="51" ID="PAG_37_ST000158" WC="1" CONTENT="est" STYLEREFS="TXT_16"/>
            <SP ID="PAG_37_SP000133" HPOS="2870" VPOS="2872" WIDTH="29"/>
            <String HPOS="2899" VPOS="2872" HEIGHT="32" WIDTH="128" ID="PAG_37_ST000159" WC="1" CONTENT="obtenu" STYLEREFS="TXT_16"/>
            <SP ID="PAG_37_SP000134" HPOS="3027" VPOS="2883" WIDTH="28"/>
            <String HPOS="3055" VPOS="2883" HEIGHT="29" WIDTH="62" ID="PAG_37_ST000160" WC="1" CONTENT="par" STYLEREFS="TXT_16"/>
            <SP ID="PAG_37_SP000135" HPOS="3117" VPOS="2873" WIDTH="29"/>
            <String HPOS="3146" VPOS="2873" HEIGHT="32" WIDTH="30" ID="PAG_37_ST000161" WC="1" CONTENT="le" STYLEREFS="TXT_16"/>
            <SP ID="PAG_37_SP000136" HPOS="3176" VPOS="2873" WIDTH="28"/>
            <String HPOS="3204" VPOS="2873" HEIGHT="39" WIDTH="150" ID="PAG_37_ST000162" WC="1" CONTENT="procédé" STYLEREFS="TXT_16"/>
            <SP ID="PAG_37_SP000137" HPOS="3354" VPOS="2884" WIDTH="32"/>
            <String HPOS="3386" VPOS="2884" HEIGHT="20" WIDTH="17" ID="PAG_37_ST000163" WC="1" CONTENT="«" STYLEREFS="TXT_16"/>
            <SP ID="PAG_37_SP000138" HPOS="3403" VPOS="2885" WIDTH="33"/>
            <String HPOS="3436" VPOS="2885" HEIGHT="28" WIDTH="77" ID="PAG_37_ST000164" WC="1" CONTENT="syn-" SUBS_TYPE="HypPart1" SUBS_CONTENT="syn-thochrome" STYLEREFS="TXT_16"/>
            <HYP HPOS="3513" VPOS="2913" WIDTH="30" CONTENT="-"/>
          </TextLine>
          <TextLine HPOS="2295" VPOS="2914" HEIGHT="43" WIDTH="1217" ID="PAG_37_TL000027" STYLEREFS="TXT_16">
            <String HPOS="2295" VPOS="2914" HEIGHT="33" WIDTH="207" ID="PAG_37_ST000165" WC="1" CONTENT="thochrome" SUBS_TYPE="HypPart2" SUBS_CONTENT="syn-thochrome" STYLEREFS="TXT_16"/>
            <SP ID="PAG_37_SP000139" HPOS="2502" VPOS="2926" WIDTH="35"/>
            <String HPOS="2537" VPOS="2926" HEIGHT="28" WIDTH="31" ID="PAG_37_ST000166" WC="1" CONTENT="»," STYLEREFS="TXT_16"/>
            <SP ID="PAG_37_SP000140" HPOS="2568" VPOS="2915" WIDTH="35"/>
            <String HPOS="2603" VPOS="2915" HEIGHT="39" WIDTH="149" ID="PAG_37_ST000167" WC="1" CONTENT="procédé" STYLEREFS="TXT_16"/>
            <SP ID="PAG_37_SP000141" HPOS="2752" VPOS="2916" WIDTH="34"/>
            <String HPOS="2786" VPOS="2916" HEIGHT="40" WIDTH="126" ID="PAG_37_ST000168" WC="1" CONTENT="spécial" STYLEREFS="TXT_16"/>
            <SP ID="PAG_37_SP000142" HPOS="2912" VPOS="2919" WIDTH="35"/>
            <String HPOS="2947" VPOS="2919" HEIGHT="38" WIDTH="56" ID="PAG_37_ST000169" WC="1" CONTENT="qui" STYLEREFS="TXT_16"/>
            <SP ID="PAG_37_SP000143" HPOS="3003" VPOS="2925" WIDTH="34"/>
            <String HPOS="3037" VPOS="2925" HEIGHT="31" WIDTH="134" ID="PAG_37_ST000170" WC="1" CONTENT="permet" STYLEREFS="TXT_16"/>
            <SP ID="PAG_37_SP000144" HPOS="3171" VPOS="2918" WIDTH="34"/>
            <String HPOS="3205" VPOS="2918" HEIGHT="32" WIDTH="41" ID="PAG_37_ST000171" WC="1" CONTENT="de" STYLEREFS="TXT_16"/>
            <SP ID="PAG_37_SP000145" HPOS="3246" VPOS="2919" WIDTH="34"/>
            <String HPOS="3280" VPOS="2919" HEIGHT="33" WIDTH="232" ID="PAG_37_ST000172" WC="1" CONTENT="reconstituer" STYLEREFS="TXT_16"/>
          </TextLine>
          <TextLine HPOS="2293" VPOS="2960" HEIGHT="42" WIDTH="1218" ID="PAG_37_TL000028" STYLEREFS="TXT_16">
            <String HPOS="2293" VPOS="2965" HEIGHT="27" WIDTH="221" ID="PAG_37_ST000173" WC="1" CONTENT="exactement" STYLEREFS="TXT_16"/>
            <SP ID="PAG_37_SP000146" HPOS="2514" VPOS="2960" WIDTH="29"/>
            <String HPOS="2543" VPOS="2960" HEIGHT="32" WIDTH="33" ID="PAG_37_ST000174" WC="1" CONTENT="la" STYLEREFS="TXT_16"/>
            <SP ID="PAG_37_SP000147" HPOS="2576" VPOS="2961" WIDTH="28"/>
            <String HPOS="2604" VPOS="2961" HEIGHT="32" WIDTH="196" ID="PAG_37_ST000175" WC="1" CONTENT="coloration" STYLEREFS="TXT_16"/>
            <SP ID="PAG_37_SP000148" HPOS="2800" VPOS="2961" WIDTH="29"/>
            <String HPOS="2829" VPOS="2961" HEIGHT="33" WIDTH="42" ID="PAG_37_ST000176" WC="1" CONTENT="de" STYLEREFS="TXT_16"/>
            <SP ID="PAG_37_SP000149" HPOS="2871" VPOS="2962" WIDTH="30"/>
            <String HPOS="2901" VPOS="2962" HEIGHT="39" WIDTH="201" ID="PAG_37_ST000177" WC="1" CONTENT="l'épiderme" STYLEREFS="TXT_16"/>
            <SP ID="PAG_37_SP000150" HPOS="3102" VPOS="2963" WIDTH="31"/>
            <String HPOS="3133" VPOS="2963" HEIGHT="39" WIDTH="154" ID="PAG_37_ST000178" WC="1" CONTENT="féminin," STYLEREFS="TXT_16"/>
            <SP ID="PAG_37_SP000151" HPOS="3287" VPOS="2975" WIDTH="31"/>
            <String HPOS="3318" VPOS="2975" HEIGHT="22" WIDTH="84" ID="PAG_37_ST000179" WC="1" CONTENT="avec" STYLEREFS="TXT_16"/>
            <SP ID="PAG_37_SP000152" HPOS="3402" VPOS="2971" WIDTH="31"/>
            <String HPOS="3433" VPOS="2971" HEIGHT="26" WIDTH="78" ID="PAG_37_ST000180" WC="1" CONTENT="tous" STYLEREFS="TXT_16"/>
          </TextLine>
          <TextLine HPOS="2295" VPOS="3004" HEIGHT="40" WIDTH="899" ID="PAG_37_TL000029" STYLEREFS="TXT_16">
            <String HPOS="2295" VPOS="3015" HEIGHT="21" WIDTH="54" ID="PAG_37_ST000181" WC="1" CONTENT="ses" STYLEREFS="TXT_16"/>
            <SP ID="PAG_37_SP000153" HPOS="2349" VPOS="3004" WIDTH="30"/>
            <String HPOS="2379" VPOS="3004" HEIGHT="40" WIDTH="135" ID="PAG_37_ST000182" WC="1" CONTENT="reflets," STYLEREFS="TXT_16"/>
            <SP ID="PAG_37_SP000154" HPOS="2514" VPOS="3011" WIDTH="31"/>
            <String HPOS="2545" VPOS="3011" HEIGHT="27" WIDTH="116" ID="PAG_37_ST000183" WC="1" CONTENT="toutes" STYLEREFS="TXT_16"/>
            <SP ID="PAG_37_SP000155" HPOS="2661" VPOS="3017" WIDTH="31"/>
            <String HPOS="2692" VPOS="3017" HEIGHT="22" WIDTH="55" ID="PAG_37_ST000184" WC="1" CONTENT="ses" STYLEREFS="TXT_16"/>
            <SP ID="PAG_37_SP000156" HPOS="2747" VPOS="3006" WIDTH="30"/>
            <String HPOS="2777" VPOS="3006" HEIGHT="33" WIDTH="173" ID="PAG_37_ST000185" WC="1" CONTENT="subtilités" STYLEREFS="TXT_16"/>
            <SP ID="PAG_37_SP000157" HPOS="2950" VPOS="3006" WIDTH="31"/>
            <String HPOS="2981" VPOS="3006" HEIGHT="34" WIDTH="42" ID="PAG_37_ST000186" WC="1" CONTENT="de" STYLEREFS="TXT_16"/>
            <SP ID="PAG_37_SP000158" HPOS="3023" VPOS="3019" WIDTH="29"/>
            <String HPOS="3052" VPOS="3019" HEIGHT="22" WIDTH="142" ID="PAG_37_ST000187" WC="1" CONTENT="nuance." STYLEREFS="TXT_16"/>
          </TextLine>
        </TextBlock>
        <TextBlock HPOS="2294" VPOS="3060" HEIGHT="170" WIDTH="1219" ID="PAG_37_TB000019" TAGREFS="TAG_advertisement" LANG="fr" STYLEREFS="TXT_16">
          <TextLine HPOS="2339" VPOS="3060" HEIGHT="45" WIDTH="1174" ID="PAG_37_TL000030" STYLEREFS="TXT_16">
            <String HPOS="2339" VPOS="3060" HEIGHT="32" WIDTH="26" ID="PAG_37_ST000188" WC="0.98" CONTENT="Il" STYLEREFS="TXT_16"/>
            <SP ID="PAG_37_SP000159" HPOS="2365" VPOS="3067" WIDTH="30"/>
            <String HPOS="2395" VPOS="3067" HEIGHT="26" WIDTH="51" ID="PAG_37_ST000189" WC="1" CONTENT="est" STYLEREFS="TXT_16"/>
            <SP ID="PAG_37_SP000160" HPOS="2446" VPOS="3072" WIDTH="29"/>
            <String HPOS="2475" VPOS="3072" HEIGHT="22" WIDTH="151" ID="PAG_37_ST000190" WC="1" CONTENT="reconnu" STYLEREFS="TXT_16"/>
            <SP ID="PAG_37_SP000161" HPOS="2626" VPOS="3073" WIDTH="27"/>
            <String HPOS="2653" VPOS="3073" HEIGHT="29" WIDTH="66" ID="PAG_37_ST000191" WC="1" CONTENT="que" STYLEREFS="TXT_16"/>
            <SP ID="PAG_37_SP000162" HPOS="2719" VPOS="3063" WIDTH="27"/>
            <String HPOS="2746" VPOS="3063" HEIGHT="32" WIDTH="32" ID="PAG_37_ST000192" WC="1" CONTENT="la" STYLEREFS="TXT_16"/>
            <SP ID="PAG_37_SP000163" HPOS="2778" VPOS="3064" WIDTH="27"/>
            <String HPOS="2805" VPOS="3064" HEIGHT="32" WIDTH="181" ID="PAG_37_ST000193" WC="1" CONTENT="carnation" STYLEREFS="TXT_16"/>
            <SP ID="PAG_37_SP000164" HPOS="2986" VPOS="3064" WIDTH="31"/>
            <String HPOS="3017" VPOS="3064" HEIGHT="34" WIDTH="166" ID="PAG_37_ST000194" WC="1" CONTENT="féminine" STYLEREFS="TXT_16"/>
            <SP ID="PAG_37_SP000165" HPOS="3183" VPOS="3071" WIDTH="28"/>
            <String HPOS="3211" VPOS="3071" HEIGHT="27" WIDTH="51" ID="PAG_37_ST000195" WC="1" CONTENT="est" STYLEREFS="TXT_16"/>
            <SP ID="PAG_37_SP000166" HPOS="3262" VPOS="3066" WIDTH="29"/>
            <String HPOS="3291" VPOS="3066" HEIGHT="33" WIDTH="32" ID="PAG_37_ST000196" WC="1" CONTENT="la" STYLEREFS="TXT_16"/>
            <SP ID="PAG_37_SP000167" HPOS="3323" VPOS="3067" WIDTH="28"/>
            <String HPOS="3351" VPOS="3067" HEIGHT="38" WIDTH="162" ID="PAG_37_ST000197" WC="1" CONTENT="synthèse" STYLEREFS="TXT_16"/>
          </TextLine>
          <TextLine HPOS="2296" VPOS="3105" HEIGHT="47" WIDTH="1217" ID="PAG_37_TL000031" STYLEREFS="TXT_16">
            <String HPOS="2296" VPOS="3105" HEIGHT="39" WIDTH="154" ID="PAG_37_ST000198" WC="1" CONTENT="parfaite" STYLEREFS="TXT_16"/>
            <SP ID="PAG_37_SP000168" HPOS="2450" VPOS="3106" WIDTH="34"/>
            <String HPOS="2484" VPOS="3106" HEIGHT="34" WIDTH="100" ID="PAG_37_ST000199" WC="1" CONTENT="d'une" STYLEREFS="TXT_16"/>
            <SP ID="PAG_37_SP000169" HPOS="2584" VPOS="3107" WIDTH="34"/>
            <String HPOS="2618" VPOS="3107" HEIGHT="33" WIDTH="140" ID="PAG_37_ST000200" WC="0.98" CONTENT="infinité" STYLEREFS="TXT_16"/>
            <SP ID="PAG_37_SP000170" HPOS="2758" VPOS="3108" WIDTH="34"/>
            <String HPOS="2792" VPOS="3108" HEIGHT="33" WIDTH="43" ID="PAG_37_ST000201" WC="1" CONTENT="de" STYLEREFS="TXT_16"/>
            <SP ID="PAG_37_SP000171" HPOS="2835" VPOS="3109" WIDTH="33"/>
            <String HPOS="2868" VPOS="3109" HEIGHT="39" WIDTH="139" ID="PAG_37_ST000202" WC="1" CONTENT="coloris," STYLEREFS="TXT_16"/>
            <SP ID="PAG_37_SP000172" HPOS="3007" VPOS="3109" WIDTH="37"/>
            <String HPOS="3044" VPOS="3109" HEIGHT="34" WIDTH="258" ID="PAG_37_ST000203" WC="1" CONTENT="invisiblement" STYLEREFS="TXT_16"/>
            <SP ID="PAG_37_SP000173" HPOS="3302" VPOS="3111" WIDTH="35"/>
            <String HPOS="3337" VPOS="3111" HEIGHT="41" WIDTH="176" ID="PAG_37_ST000204" WC="1" CONTENT="mélangés" STYLEREFS="TXT_16"/>
          </TextLine>
          <TextLine HPOS="2297" VPOS="3151" HEIGHT="46" WIDTH="1216" ID="PAG_37_TL000032" STYLEREFS="TXT_16">
            <String HPOS="2297" VPOS="3161" HEIGHT="28" WIDTH="60" ID="PAG_37_ST000205" WC="1" CONTENT="par" STYLEREFS="TXT_16"/>
            <SP ID="PAG_37_SP000174" HPOS="2357" VPOS="3151" WIDTH="30"/>
            <String HPOS="2387" VPOS="3151" HEIGHT="32" WIDTH="31" ID="PAG_37_ST000206" WC="1" CONTENT="la" STYLEREFS="TXT_16"/>
            <SP ID="PAG_37_SP000175" HPOS="2418" VPOS="3158" WIDTH="27"/>
            <String HPOS="2445" VPOS="3158" HEIGHT="26" WIDTH="125" ID="PAG_37_ST000207" WC="1" CONTENT="nature" STYLEREFS="TXT_16"/>
            <SP ID="PAG_37_SP000176" HPOS="2570" VPOS="3163" WIDTH="30"/>
            <String HPOS="2600" VPOS="3163" HEIGHT="21" WIDTH="39" ID="PAG_37_ST000208" WC="1" CONTENT="en" STYLEREFS="TXT_16"/>
            <SP ID="PAG_37_SP000177" HPOS="2639" VPOS="3164" WIDTH="31"/>
            <String HPOS="2670" VPOS="3164" HEIGHT="21" WIDTH="66" ID="PAG_37_ST000209" WC="1" CONTENT="une" STYLEREFS="TXT_16"/>
            <SP ID="PAG_37_SP000178" HPOS="2736" VPOS="3154" WIDTH="28"/>
            <String HPOS="2764" VPOS="3154" HEIGHT="32" WIDTH="144" ID="PAG_37_ST000210" WC="1" CONTENT="tonalité" STYLEREFS="TXT_16"/>
            <SP ID="PAG_37_SP000179" HPOS="2908" VPOS="3155" WIDTH="29"/>
            <String HPOS="2937" VPOS="3155" HEIGHT="38" WIDTH="78" ID="PAG_37_ST000211" WC="1" CONTENT="plus" STYLEREFS="TXT_16"/>
            <SP ID="PAG_37_SP000180" HPOS="3015" VPOS="3166" WIDTH="28"/>
            <String HPOS="3043" VPOS="3166" HEIGHT="21" WIDTH="45" ID="PAG_37_ST000212" WC="1" CONTENT="ou" STYLEREFS="TXT_16"/>
            <SP ID="PAG_37_SP000181" HPOS="3088" VPOS="3156" WIDTH="31"/>
            <String HPOS="3119" VPOS="3156" HEIGHT="33" WIDTH="112" ID="PAG_37_ST000213" WC="1" CONTENT="moins" STYLEREFS="TXT_16"/>
            <SP ID="PAG_37_SP000182" HPOS="3231" VPOS="3157" WIDTH="30"/>
            <String HPOS="3261" VPOS="3157" HEIGHT="39" WIDTH="144" ID="PAG_37_ST000214" WC="1" CONTENT="chaude," STYLEREFS="TXT_16"/>
            <SP ID="PAG_37_SP000183" HPOS="3405" VPOS="3158" WIDTH="31"/>
            <String HPOS="3436" VPOS="3158" HEIGHT="39" WIDTH="77" ID="PAG_37_ST000215" WC="1" CONTENT="plus" STYLEREFS="TXT_16"/>
          </TextLine>
          <TextLine HPOS="2294" VPOS="3196" HEIGHT="34" WIDTH="371" ID="PAG_37_TL000033" STYLEREFS="TXT_16">
            <String HPOS="2294" VPOS="3206" HEIGHT="21" WIDTH="45" ID="PAG_37_ST000216" WC="1" CONTENT="ou" STYLEREFS="TXT_16"/>
            <SP ID="PAG_37_SP000184" HPOS="2339" VPOS="3196" WIDTH="29"/>
            <String HPOS="2368" VPOS="3196" HEIGHT="32" WIDTH="112" ID="PAG_37_ST000217" WC="1" CONTENT="moins" STYLEREFS="TXT_16"/>
            <SP ID="PAG_37_SP000185" HPOS="2480" VPOS="3196" WIDTH="28"/>
            <String HPOS="2508" VPOS="3196" HEIGHT="34" WIDTH="157" ID="PAG_37_ST000218" WC="0.99" CONTENT="délicate." STYLEREFS="TXT_16"/>
          </TextLine>
        </TextBlock>
        <TextBlock HPOS="2289" VPOS="3251" HEIGHT="268" WIDTH="1224" ID="PAG_37_TB000020" TAGREFS="TAG_advertisement" LANG="fr" STYLEREFS="TXT_16">
          <TextLine HPOS="2340" VPOS="3251" HEIGHT="45" WIDTH="1173" ID="PAG_37_TL000034" STYLEREFS="TXT_16">
            <String HPOS="2340" VPOS="3251" HEIGHT="34" WIDTH="112" ID="PAG_37_ST000219" WC="0.96" CONTENT="Grâce" STYLEREFS="TXT_16"/>
            <SP ID="PAG_37_SP000186" HPOS="2452" VPOS="3252" WIDTH="31"/>
            <String HPOS="2483" VPOS="3252" HEIGHT="32" WIDTH="19" ID="PAG_37_ST000220" WC="1" CONTENT="à" STYLEREFS="TXT_16"/>
            <SP ID="PAG_37_SP000187" HPOS="2502" VPOS="3253" WIDTH="31"/>
            <String HPOS="2533" VPOS="3253" HEIGHT="33" WIDTH="33" ID="PAG_37_ST000221" WC="1" CONTENT="la" STYLEREFS="TXT_16"/>
            <SP ID="PAG_37_SP000188" HPOS="2566" VPOS="3253" WIDTH="32"/>
            <String HPOS="2598" VPOS="3253" HEIGHT="34" WIDTH="164" ID="PAG_37_ST000222" WC="1" CONTENT="méthode" STYLEREFS="TXT_16"/>
            <SP ID="PAG_37_SP000189" HPOS="2762" VPOS="3265" WIDTH="35"/>
            <String HPOS="2797" VPOS="3265" HEIGHT="21" WIDTH="18" ID="PAG_37_ST000223" WC="1" CONTENT="«" STYLEREFS="TXT_16"/>
            <SP ID="PAG_37_SP000190" HPOS="2815" VPOS="3256" WIDTH="35"/>
            <String HPOS="2850" VPOS="3256" HEIGHT="36" WIDTH="274" ID="PAG_37_ST000224" WC="1" CONTENT="synthochrome" STYLEREFS="TXT_16"/>
            <SP ID="PAG_37_SP000191" HPOS="3124" VPOS="3268" WIDTH="35"/>
            <String HPOS="3159" VPOS="3268" HEIGHT="26" WIDTH="30" ID="PAG_37_ST000225" WC="1" CONTENT="»," STYLEREFS="TXT_16"/>
            <SP ID="PAG_37_SP000192" HPOS="3189" VPOS="3258" WIDTH="34"/>
            <String HPOS="3223" VPOS="3258" HEIGHT="32" WIDTH="20" ID="PAG_37_ST000226" WC="1" CONTENT="il" STYLEREFS="TXT_16"/>
            <SP ID="PAG_37_SP000193" HPOS="3243" VPOS="3265" WIDTH="34"/>
            <String HPOS="3277" VPOS="3265" HEIGHT="26" WIDTH="51" ID="PAG_37_ST000227" WC="1" CONTENT="est" STYLEREFS="TXT_16"/>
            <SP ID="PAG_37_SP000194" HPOS="3328" VPOS="3259" WIDTH="33"/>
            <String HPOS="3361" VPOS="3259" HEIGHT="37" WIDTH="152" ID="PAG_37_ST000228" WC="1" CONTENT="possible" STYLEREFS="TXT_16"/>
          </TextLine>
          <TextLine HPOS="2296" VPOS="3295" HEIGHT="42" WIDTH="1216" ID="PAG_37_TL000035" STYLEREFS="TXT_16">
            <String HPOS="2296" VPOS="3295" HEIGHT="34" WIDTH="41" ID="PAG_37_ST000229" WC="1" CONTENT="de" STYLEREFS="TXT_16"/>
            <SP ID="PAG_37_SP000195" HPOS="2337" VPOS="3297" WIDTH="29"/>
            <String HPOS="2366" VPOS="3297" HEIGHT="33" WIDTH="132" ID="PAG_37_ST000230" WC="1" CONTENT="refaire" STYLEREFS="TXT_16"/>
            <SP ID="PAG_37_SP000196" HPOS="2498" VPOS="3309" WIDTH="27"/>
            <String HPOS="2525" VPOS="3309" HEIGHT="21" WIDTH="41" ID="PAG_37_ST000231" WC="1" CONTENT="en" STYLEREFS="TXT_16"/>
            <SP ID="PAG_37_SP000197" HPOS="2566" VPOS="3298" WIDTH="27"/>
            <String HPOS="2593" VPOS="3298" HEIGHT="35" WIDTH="215" ID="PAG_37_ST000232" WC="1" CONTENT="laboratoire" STYLEREFS="TXT_16"/>
            <SP ID="PAG_37_SP000198" HPOS="2808" VPOS="3300" WIDTH="27"/>
            <String HPOS="2835" VPOS="3300" HEIGHT="33" WIDTH="31" ID="PAG_37_ST000233" WC="1" CONTENT="le" STYLEREFS="TXT_16"/>
            <SP ID="PAG_37_SP000199" HPOS="2866" VPOS="3302" WIDTH="29"/>
            <String HPOS="2895" VPOS="3302" HEIGHT="32" WIDTH="123" ID="PAG_37_ST000234" WC="1" CONTENT="travail" STYLEREFS="TXT_16"/>
            <SP ID="PAG_37_SP000200" HPOS="3018" VPOS="3302" WIDTH="31"/>
            <String HPOS="3049" VPOS="3302" HEIGHT="32" WIDTH="41" ID="PAG_37_ST000235" WC="1" CONTENT="de" STYLEREFS="TXT_16"/>
            <SP ID="PAG_37_SP000201" HPOS="3090" VPOS="3302" WIDTH="29"/>
            <String HPOS="3119" VPOS="3302" HEIGHT="33" WIDTH="32" ID="PAG_37_ST000236" WC="1" CONTENT="la" STYLEREFS="TXT_16"/>
            <SP ID="PAG_37_SP000202" HPOS="3151" VPOS="3310" WIDTH="25"/>
            <String HPOS="3176" VPOS="3310" HEIGHT="26" WIDTH="135" ID="PAG_37_ST000237" WC="1" CONTENT="nature." STYLEREFS="TXT_16"/>
            <SP ID="PAG_37_SP000203" HPOS="3311" VPOS="3304" WIDTH="27"/>
            <String HPOS="3338" VPOS="3304" HEIGHT="33" WIDTH="98" ID="PAG_37_ST000238" WC="1" CONTENT="Tous" STYLEREFS="TXT_16"/>
            <SP ID="PAG_37_SP000204" HPOS="3436" VPOS="3306" WIDTH="28"/>
            <String HPOS="3464" VPOS="3306" HEIGHT="31" WIDTH="48" ID="PAG_37_ST000239" WC="1" CONTENT="les" STYLEREFS="TXT_16"/>
          </TextLine>
          <TextLine HPOS="2295" VPOS="3342" HEIGHT="45" WIDTH="1217" ID="PAG_37_TL000036" STYLEREFS="TXT_16">
            <String HPOS="2295" VPOS="3342" HEIGHT="32" WIDTH="129" ID="PAG_37_ST000240" WC="1" CONTENT="coloris" STYLEREFS="TXT_16"/>
            <SP ID="PAG_37_SP000205" HPOS="2424" VPOS="3342" WIDTH="27"/>
            <String HPOS="2451" VPOS="3342" HEIGHT="40" WIDTH="57" ID="PAG_37_ST000241" WC="1" CONTENT="qui" STYLEREFS="TXT_16"/>
            <SP ID="PAG_37_SP000206" HPOS="2508" VPOS="3349" WIDTH="29"/>
            <String HPOS="2537" VPOS="3349" HEIGHT="27" WIDTH="136" ID="PAG_37_ST000242" WC="1" CONTENT="entrent" STYLEREFS="TXT_16"/>
            <SP ID="PAG_37_SP000207" HPOS="2673" VPOS="3344" WIDTH="28"/>
            <String HPOS="2701" VPOS="3344" HEIGHT="33" WIDTH="86" ID="PAG_37_ST000243" WC="1" CONTENT="dans" STYLEREFS="TXT_16"/>
            <SP ID="PAG_37_SP000208" HPOS="2787" VPOS="3346" WIDTH="28"/>
            <String HPOS="2815" VPOS="3346" HEIGHT="32" WIDTH="32" ID="PAG_37_ST000244" WC="1" CONTENT="la" STYLEREFS="TXT_16"/>
            <SP ID="PAG_37_SP000209" HPOS="2847" VPOS="3347" WIDTH="27"/>
            <String HPOS="2874" VPOS="3347" HEIGHT="37" WIDTH="233" ID="PAG_37_ST000245" WC="1" CONTENT="composition" STYLEREFS="TXT_16"/>
            <SP ID="PAG_37_SP000210" HPOS="3107" VPOS="3348" WIDTH="30"/>
            <String HPOS="3137" VPOS="3348" HEIGHT="32" WIDTH="41" ID="PAG_37_ST000246" WC="1" CONTENT="de" STYLEREFS="TXT_16"/>
            <SP ID="PAG_37_SP000211" HPOS="3178" VPOS="3348" WIDTH="29"/>
            <String HPOS="3207" VPOS="3348" HEIGHT="39" WIDTH="200" ID="PAG_37_ST000247" WC="1" CONTENT="l'épiderme" STYLEREFS="TXT_16"/>
            <SP ID="PAG_37_SP000212" HPOS="3407" VPOS="3356" WIDTH="28"/>
            <String HPOS="3435" VPOS="3356" HEIGHT="27" WIDTH="77" ID="PAG_37_ST000248" WC="1" CONTENT="sont" STYLEREFS="TXT_16"/>
          </TextLine>
          <TextLine HPOS="2289" VPOS="3386" HEIGHT="47" WIDTH="1219" ID="PAG_37_TL000037" STYLEREFS="TXT_16">
            <String HPOS="2289" VPOS="3386" HEIGHT="41" WIDTH="176" ID="PAG_37_ST000249" WC="1" CONTENT="mélangés" STYLEREFS="TXT_16"/>
            <SP ID="PAG_37_SP000213" HPOS="2465" VPOS="3388" WIDTH="37"/>
            <String HPOS="2502" VPOS="3388" HEIGHT="33" WIDTH="101" ID="PAG_37_ST000250" WC="1" CONTENT="d'une" STYLEREFS="TXT_16"/>
            <SP ID="PAG_37_SP000214" HPOS="2603" VPOS="3390" WIDTH="37"/>
            <String HPOS="2640" VPOS="3390" HEIGHT="33" WIDTH="154" ID="PAG_37_ST000251" WC="1" CONTENT="manière" STYLEREFS="TXT_16"/>
            <SP ID="PAG_37_SP000215" HPOS="2794" VPOS="3391" WIDTH="36"/>
            <String HPOS="2830" VPOS="3391" HEIGHT="32" WIDTH="28" ID="PAG_37_ST000252" WC="1" CONTENT="si" STYLEREFS="TXT_16"/>
            <SP ID="PAG_37_SP000216" HPOS="2858" VPOS="3392" WIDTH="35"/>
            <String HPOS="2893" VPOS="3392" HEIGHT="39" WIDTH="165" ID="PAG_37_ST000253" WC="1" CONTENT="parfaite," STYLEREFS="TXT_16"/>
            <SP ID="PAG_37_SP000217" HPOS="3058" VPOS="3394" WIDTH="38"/>
            <String HPOS="3096" VPOS="3394" HEIGHT="39" WIDTH="99" ID="PAG_37_ST000254" WC="1" CONTENT="qu'ils" STYLEREFS="TXT_16"/>
            <SP ID="PAG_37_SP000218" HPOS="3195" VPOS="3393" WIDTH="38"/>
            <String HPOS="3233" VPOS="3393" HEIGHT="34" WIDTH="152" ID="PAG_37_ST000255" WC="1" CONTENT="donnent" STYLEREFS="TXT_16"/>
            <SP ID="PAG_37_SP000219" HPOS="3385" VPOS="3394" WIDTH="35"/>
            <String HPOS="3420" VPOS="3394" HEIGHT="33" WIDTH="20" ID="PAG_37_ST000256" WC="1" CONTENT="à" STYLEREFS="TXT_16"/>
            <SP ID="PAG_37_SP000220" HPOS="3440" VPOS="3396" WIDTH="36"/>
            <String HPOS="3476" VPOS="3396" HEIGHT="32" WIDTH="32" ID="PAG_37_ST000257" WC="1" CONTENT="la" STYLEREFS="TXT_16"/>
          </TextLine>
          <TextLine HPOS="2295" VPOS="3432" HEIGHT="45" WIDTH="1217" ID="PAG_37_TL000038" STYLEREFS="TXT_16">
            <String HPOS="2295" VPOS="3432" HEIGHT="38" WIDTH="134" ID="PAG_37_ST000258" WC="1" CONTENT="poudre" STYLEREFS="TXT_16"/>
            <SP ID="PAG_37_SP000221" HPOS="2429" VPOS="3432" WIDTH="31"/>
            <String HPOS="2460" VPOS="3432" HEIGHT="38" WIDTH="132" ID="PAG_37_ST000259" WC="1" CONTENT="Gemey" STYLEREFS="TXT_16"/>
            <SP ID="PAG_37_SP000222" HPOS="2592" VPOS="3434" WIDTH="30"/>
            <String HPOS="2622" VPOS="3434" HEIGHT="33" WIDTH="59" ID="PAG_37_ST000260" WC="1" CONTENT="des" STYLEREFS="TXT_16"/>
            <SP ID="PAG_37_SP000223" HPOS="2681" VPOS="3435" WIDTH="33"/>
            <String HPOS="2714" VPOS="3435" HEIGHT="33" WIDTH="125" ID="PAG_37_ST000261" WC="1" CONTENT="teintes" STYLEREFS="TXT_16"/>
            <SP ID="PAG_37_SP000224" HPOS="2839" VPOS="3447" WIDTH="34"/>
            <String HPOS="2873" VPOS="3447" HEIGHT="20" WIDTH="17" ID="PAG_37_ST000262" WC="1" CONTENT="«" STYLEREFS="TXT_16"/>
            <SP ID="PAG_37_SP000225" HPOS="2890" VPOS="3437" WIDTH="34"/>
            <String HPOS="2924" VPOS="3437" HEIGHT="33" WIDTH="158" ID="PAG_37_ST000263" WC="1" CONTENT="vivantes" STYLEREFS="TXT_16"/>
            <SP ID="PAG_37_SP000226" HPOS="3082" VPOS="3449" WIDTH="34"/>
            <String HPOS="3116" VPOS="3449" HEIGHT="25" WIDTH="30" ID="PAG_37_ST000264" WC="1" CONTENT="»," STYLEREFS="TXT_16"/>
            <SP ID="PAG_37_SP000227" HPOS="3146" VPOS="3439" WIDTH="35"/>
            <String HPOS="3181" VPOS="3439" HEIGHT="33" WIDTH="126" ID="PAG_37_ST000265" WC="1" CONTENT="fidèles" STYLEREFS="TXT_16"/>
            <SP ID="PAG_37_SP000228" HPOS="3307" VPOS="3440" WIDTH="32"/>
            <String HPOS="3339" VPOS="3440" HEIGHT="37" WIDTH="173" ID="PAG_37_ST000266" WC="1" CONTENT="répliques" STYLEREFS="TXT_16"/>
          </TextLine>
          <TextLine HPOS="2295" VPOS="3476" HEIGHT="43" WIDTH="560" ID="PAG_37_TL000039" STYLEREFS="TXT_16">
            <String HPOS="2295" VPOS="3476" HEIGHT="33" WIDTH="42" ID="PAG_37_ST000267" WC="1" CONTENT="de" STYLEREFS="TXT_16"/>
            <SP ID="PAG_37_SP000229" HPOS="2337" VPOS="3477" WIDTH="27"/>
            <String HPOS="2364" VPOS="3477" HEIGHT="41" WIDTH="133" ID="PAG_37_ST000268" WC="1" CONTENT="chaque" STYLEREFS="TXT_16"/>
            <SP ID="PAG_37_SP000230" HPOS="2497" VPOS="3484" WIDTH="29"/>
            <String HPOS="2526" VPOS="3484" HEIGHT="34" WIDTH="78" ID="PAG_37_ST000269" WC="1" CONTENT="type" STYLEREFS="TXT_16"/>
            <SP ID="PAG_37_SP000231" HPOS="2604" VPOS="3479" WIDTH="28"/>
            <String HPOS="2632" VPOS="3479" HEIGHT="40" WIDTH="223" ID="PAG_37_ST000270" WC="1" CONTENT="d'épiderme." STYLEREFS="TXT_16"/>
          </TextLine>
        </TextBlock>
        <TextBlock HPOS="2296" VPOS="3533" HEIGHT="131" WIDTH="1246" ID="PAG_37_TB000021" TAGREFS="TAG_advertisement" LANG="fr" STYLEREFS="TXT_16">
          <TextLine HPOS="2340" VPOS="3533" HEIGHT="47" WIDTH="1174" ID="PAG_37_TL000040" STYLEREFS="TXT_16">
            <String HPOS="2340" VPOS="3533" HEIGHT="33" WIDTH="66" ID="PAG_37_ST000271" WC="1" CONTENT="Ces" STYLEREFS="TXT_16"/>
            <SP ID="PAG_37_SP000232" HPOS="2406" VPOS="3535" WIDTH="37"/>
            <String HPOS="2443" VPOS="3535" HEIGHT="39" WIDTH="139" ID="PAG_37_ST000272" WC="1" CONTENT="coloris," STYLEREFS="TXT_16"/>
            <SP ID="PAG_37_SP000233" HPOS="2582" VPOS="3536" WIDTH="39"/>
            <String HPOS="2621" VPOS="3536" HEIGHT="39" WIDTH="191" ID="PAG_37_ST000273" WC="0.99" CONTENT="lumineux," STYLEREFS="TXT_16"/>
            <SP ID="PAG_37_SP000234" HPOS="2812" VPOS="3538" WIDTH="38"/>
            <String HPOS="2850" VPOS="3538" HEIGHT="39" WIDTH="133" ID="PAG_37_ST000274" WC="1" CONTENT="jeunes," STYLEREFS="TXT_16"/>
            <SP ID="PAG_37_SP000235" HPOS="2983" VPOS="3541" WIDTH="39"/>
            <String HPOS="3022" VPOS="3541" HEIGHT="39" WIDTH="286" ID="PAG_37_ST000275" WC="1" CONTENT="communiquent" STYLEREFS="TXT_16"/>
            <SP ID="PAG_37_SP000236" HPOS="3308" VPOS="3542" WIDTH="39"/>
            <String HPOS="3347" VPOS="3542" HEIGHT="33" WIDTH="74" ID="PAG_37_ST000276" WC="1" CONTENT="leur" STYLEREFS="TXT_16"/>
            <SP ID="PAG_37_SP000237" HPOS="3421" VPOS="3544" WIDTH="39"/>
            <String HPOS="3460" VPOS="3544" HEIGHT="32" WIDTH="54" ID="PAG_37_ST000277" WC="1" CONTENT="vie" STYLEREFS="TXT_16"/>
          </TextLine>
          <TextLine HPOS="2296" VPOS="3579" HEIGHT="42" WIDTH="1246" ID="PAG_37_TL000041" STYLEREFS="TXT_16">
            <String HPOS="2296" VPOS="3589" HEIGHT="21" WIDTH="69" ID="PAG_37_ST000278" WC="1" CONTENT="aux" STYLEREFS="TXT_16"/>
            <SP ID="PAG_37_SP000238" HPOS="2365" VPOS="3579" WIDTH="30"/>
            <String HPOS="2395" VPOS="3579" HEIGHT="40" WIDTH="139" ID="PAG_37_ST000279" WC="1" CONTENT="visages" STYLEREFS="TXT_16"/>
            <SP ID="PAG_37_SP000239" HPOS="2534" VPOS="3586" WIDTH="30"/>
            <String HPOS="2564" VPOS="3586" HEIGHT="27" WIDTH="32" ID="PAG_37_ST000280" WC="1" CONTENT="et" STYLEREFS="TXT_16"/>
            <SP ID="PAG_37_SP000240" HPOS="2596" VPOS="3581" WIDTH="30"/>
            <String HPOS="2626" VPOS="3581" HEIGHT="32" WIDTH="74" ID="PAG_37_ST000281" WC="1" CONTENT="leur" STYLEREFS="TXT_16"/>
            <SP ID="PAG_37_SP000241" HPOS="2700" VPOS="3582" WIDTH="29"/>
            <String HPOS="2729" VPOS="3582" HEIGHT="33" WIDTH="146" ID="PAG_37_ST000282" WC="1" CONTENT="rendent" STYLEREFS="TXT_16"/>
            <SP ID="PAG_37_SP000242" HPOS="2875" VPOS="3583" WIDTH="28"/>
            <String HPOS="2903" VPOS="3583" HEIGHT="33" WIDTH="113" ID="PAG_37_ST000283" WC="1" CONTENT="l'éclat" STYLEREFS="TXT_16"/>
            <SP ID="PAG_37_SP000243" HPOS="3016" VPOS="3591" WIDTH="29"/>
            <String HPOS="3045" VPOS="3591" HEIGHT="26" WIDTH="33" ID="PAG_37_ST000284" WC="1" CONTENT="et" STYLEREFS="TXT_16"/>
            <SP ID="PAG_37_SP000244" HPOS="3078" VPOS="3584" WIDTH="29"/>
            <String HPOS="3107" VPOS="3584" HEIGHT="34" WIDTH="32" ID="PAG_37_ST000285" WC="1" CONTENT="la" STYLEREFS="TXT_16"/>
            <SP ID="PAG_37_SP000245" HPOS="3139" VPOS="3585" WIDTH="32"/>
            <String HPOS="3171" VPOS="3585" HEIGHT="34" WIDTH="180" ID="PAG_37_ST000286" WC="1" CONTENT="fraîcheur" STYLEREFS="TXT_16"/>
            <SP ID="PAG_37_SP000246" HPOS="3351" VPOS="3588" WIDTH="32"/>
            <String HPOS="3383" VPOS="3588" HEIGHT="33" WIDTH="129" ID="PAG_37_ST000287" WC="1" CONTENT="incom-" SUBS_TYPE="HypPart1" SUBS_CONTENT="incomparables" STYLEREFS="TXT_16"/>
            <HYP HPOS="3512" VPOS="3621" WIDTH="30" CONTENT="-"/>
          </TextLine>
          <TextLine HPOS="2296" VPOS="3624" HEIGHT="40" WIDTH="490" ID="PAG_37_TL000042" STYLEREFS="TXT_16">
            <String HPOS="2296" VPOS="3624" HEIGHT="38" WIDTH="161" ID="PAG_37_ST000288" WC="1" CONTENT="parables" SUBS_TYPE="HypPart2" SUBS_CONTENT="incomparables" STYLEREFS="TXT_16"/>
            <SP ID="PAG_37_SP000247" HPOS="2457" VPOS="3624" WIDTH="28"/>
            <String HPOS="2485" VPOS="3624" HEIGHT="33" WIDTH="42" ID="PAG_37_ST000289" WC="1" CONTENT="de" STYLEREFS="TXT_16"/>
            <SP ID="PAG_37_SP000248" HPOS="2527" VPOS="3626" WIDTH="26"/>
            <String HPOS="2553" VPOS="3626" HEIGHT="31" WIDTH="32" ID="PAG_37_ST000290" WC="1" CONTENT="la" STYLEREFS="TXT_16"/>
            <SP ID="PAG_37_SP000249" HPOS="2585" VPOS="3625" WIDTH="28"/>
            <String HPOS="2613" VPOS="3625" HEIGHT="39" WIDTH="173" ID="PAG_37_ST000291" WC="1" CONTENT="jeunesse." STYLEREFS="TXT_16"/>
          </TextLine>
        </TextBlock>
        <TextBlock HPOS="2295" VPOS="3680" HEIGHT="140" WIDTH="1219" ID="PAG_37_TB000022" TAGREFS="TAG_advertisement" LANG="fr" STYLEREFS="TXT_16">
          <TextLine HPOS="2342" VPOS="3680" HEIGHT="47" WIDTH="1172" ID="PAG_37_TL000043" STYLEREFS="TXT_16">
            <String HPOS="2342" VPOS="3680" HEIGHT="32" WIDTH="85" ID="PAG_37_ST000292" WC="1" CONTENT="L'un" STYLEREFS="TXT_16"/>
            <SP ID="PAG_37_SP000250" HPOS="2427" VPOS="3681" WIDTH="31"/>
            <String HPOS="2458" VPOS="3681" HEIGHT="32" WIDTH="41" ID="PAG_37_ST000293" WC="1" CONTENT="de" STYLEREFS="TXT_16"/>
            <SP ID="PAG_37_SP000251" HPOS="2499" VPOS="3693" WIDTH="29"/>
            <String HPOS="2528" VPOS="3693" HEIGHT="34" WIDTH="62" ID="PAG_37_ST000294" WC="0.00" CONTENT="ces^" STYLEREFS="TXT_16"/>
            <SP ID="PAG_37_SP000252" HPOS="2590" VPOS="3682" WIDTH="24"/>
            <String HPOS="2614" VPOS="3682" HEIGHT="33" WIDTH="112" ID="PAG_37_ST000295" WC="1" CONTENT="douze" STYLEREFS="TXT_16"/>
            <SP ID="PAG_37_SP000253" HPOS="2726" VPOS="3684" WIDTH="29"/>
            <String HPOS="2755" VPOS="3684" HEIGHT="33" WIDTH="129" ID="PAG_37_ST000296" WC="1" CONTENT="coloris" STYLEREFS="TXT_16"/>
            <SP ID="PAG_37_SP000254" HPOS="2884" VPOS="3697" WIDTH="28"/>
            <String HPOS="2912" VPOS="3697" HEIGHT="21" WIDTH="20" ID="PAG_37_ST000297" WC="1" CONTENT="a" STYLEREFS="TXT_16"/>
            <SP ID="PAG_37_SP000255" HPOS="2932" VPOS="3685" WIDTH="29"/>
            <String HPOS="2961" VPOS="3685" HEIGHT="32" WIDTH="52" ID="PAG_37_ST000298" WC="1" CONTENT="été" STYLEREFS="TXT_16"/>
            <SP ID="PAG_37_SP000256" HPOS="3013" VPOS="3686" WIDTH="28"/>
            <String HPOS="3041" VPOS="3686" HEIGHT="33" WIDTH="79" ID="PAG_37_ST000299" WC="1" CONTENT="créé" STYLEREFS="TXT_16"/>
            <SP ID="PAG_37_SP000257" HPOS="3120" VPOS="3687" WIDTH="31"/>
            <String HPOS="3151" VPOS="3687" HEIGHT="35" WIDTH="246" ID="PAG_37_ST000300" WC="1" CONTENT="spécialement" STYLEREFS="TXT_16"/>
            <SP ID="PAG_37_SP000258" HPOS="3397" VPOS="3701" WIDTH="29"/>
            <String HPOS="3426" VPOS="3701" HEIGHT="23" WIDTH="88" ID="PAG_37_ST000301" WC="1" CONTENT="pour" STYLEREFS="TXT_16"/>
          </TextLine>
          <TextLine HPOS="2298" VPOS="3726" HEIGHT="46" WIDTH="1215" ID="PAG_37_TL000044" STYLEREFS="TXT_16">
            <String HPOS="2298" VPOS="3731" HEIGHT="26" WIDTH="101" ID="PAG_37_ST000302" WC="1" CONTENT="votre" STYLEREFS="TXT_16"/>
            <SP ID="PAG_37_SP000259" HPOS="2399" VPOS="3726" WIDTH="34"/>
            <String HPOS="2433" VPOS="3726" HEIGHT="32" WIDTH="93" ID="PAG_37_ST000303" WC="1" CONTENT="teint." STYLEREFS="TXT_16"/>
            <SP ID="PAG_37_SP000260" HPOS="2526" VPOS="3726" WIDTH="37"/>
            <String HPOS="2563" VPOS="3726" HEIGHT="41" WIDTH="205" ID="PAG_37_ST000304" WC="1" CONTENT="Essayez-le" STYLEREFS="TXT_16"/>
            <SP ID="PAG_37_SP000261" HPOS="2768" VPOS="3735" WIDTH="34"/>
            <String HPOS="2802" VPOS="3735" HEIGHT="26" WIDTH="33" ID="PAG_37_ST000305" WC="1" CONTENT="et" STYLEREFS="TXT_16"/>
            <SP ID="PAG_37_SP000262" HPOS="2835" VPOS="3741" WIDTH="34"/>
            <String HPOS="2869" VPOS="3741" HEIGHT="21" WIDTH="88" ID="PAG_37_ST000306" WC="1" CONTENT="vous" STYLEREFS="TXT_16"/>
            <SP ID="PAG_37_SP000263" HPOS="2957" VPOS="3742" WIDTH="37"/>
            <String HPOS="2994" VPOS="3742" HEIGHT="22" WIDTH="95" ID="PAG_37_ST000307" WC="1" CONTENT="serez" STYLEREFS="TXT_16"/>
            <SP ID="PAG_37_SP000264" HPOS="3089" VPOS="3733" WIDTH="36"/>
            <String HPOS="3125" VPOS="3733" HEIGHT="39" WIDTH="156" ID="PAG_37_ST000308" WC="1" CONTENT="surprise" STYLEREFS="TXT_16"/>
            <SP ID="PAG_37_SP000265" HPOS="3281" VPOS="3733" WIDTH="35"/>
            <String HPOS="3316" VPOS="3733" HEIGHT="34" WIDTH="42" ID="PAG_37_ST000309" WC="1" CONTENT="de" STYLEREFS="TXT_16"/>
            <SP ID="PAG_37_SP000266" HPOS="3358" VPOS="3735" WIDTH="35"/>
            <String HPOS="3393" VPOS="3735" HEIGHT="33" WIDTH="32" ID="PAG_37_ST000310" WC="1" CONTENT="la" STYLEREFS="TXT_16"/>
            <SP ID="PAG_37_SP000267" HPOS="3425" VPOS="3736" WIDTH="34"/>
            <String HPOS="3459" VPOS="3736" HEIGHT="33" WIDTH="54" ID="PAG_37_ST000311" WC="1" CONTENT="vie" STYLEREFS="TXT_16"/>
          </TextLine>
          <TextLine HPOS="2295" VPOS="3771" HEIGHT="49" WIDTH="1149" ID="PAG_37_TL000045" STYLEREFS="TXT_16">
            <String HPOS="2295" VPOS="3771" HEIGHT="32" WIDTH="162" ID="PAG_37_ST000312" WC="1" CONTENT="nouvelle" STYLEREFS="TXT_16"/>
            <SP ID="PAG_37_SP000268" HPOS="2457" VPOS="3771" WIDTH="29"/>
            <String HPOS="2486" VPOS="3771" HEIGHT="39" WIDTH="80" ID="PAG_37_ST000313" WC="1" CONTENT="qu'il" STYLEREFS="TXT_16"/>
            <SP ID="PAG_37_SP000269" HPOS="2566" VPOS="3778" WIDTH="31"/>
            <String HPOS="2597" VPOS="3778" HEIGHT="34" WIDTH="188" ID="PAG_37_ST000314" WC="1" CONTENT="apportera" STYLEREFS="TXT_16"/>
            <SP ID="PAG_37_SP000270" HPOS="2785" VPOS="3775" WIDTH="30"/>
            <String HPOS="2815" VPOS="3775" HEIGHT="34" WIDTH="292" ID="PAG_37_ST000315" WC="1" CONTENT="instantanément" STYLEREFS="TXT_16"/>
            <SP ID="PAG_37_SP000271" HPOS="3107" VPOS="3776" WIDTH="30"/>
            <String HPOS="3137" VPOS="3776" HEIGHT="33" WIDTH="19" ID="PAG_37_ST000316" WC="1" CONTENT="à" STYLEREFS="TXT_16"/>
            <SP ID="PAG_37_SP000272" HPOS="3156" VPOS="3785" WIDTH="29"/>
            <String HPOS="3185" VPOS="3785" HEIGHT="27" WIDTH="101" ID="PAG_37_ST000317" WC="1" CONTENT="votre" STYLEREFS="TXT_16"/>
            <SP ID="PAG_37_SP000273" HPOS="3286" VPOS="3780" WIDTH="28"/>
            <String HPOS="3314" VPOS="3780" HEIGHT="40" WIDTH="130" ID="PAG_37_ST000318" WC="1" CONTENT="visage." STYLEREFS="TXT_16"/>
          </TextLine>
        </TextBlock>
        <TextBlock HPOS="2295" VPOS="3862" HEIGHT="88" WIDTH="1242" ID="PAG_37_TB000023" TAGREFS="TAG_advertisement" LANG="fr" STYLEREFS="TXT_16">
          <TextLine HPOS="2325" VPOS="3862" HEIGHT="47" WIDTH="1212" ID="PAG_37_TL000046" STYLEREFS="TXT_16">
            <String HPOS="2325" VPOS="3862" HEIGHT="31" WIDTH="192" ID="PAG_37_ST000319" WC="1" CONTENT="RICHARD" STYLEREFS="TXT_16"/>
            <SP ID="PAG_37_SP000274" HPOS="2517" VPOS="3864" WIDTH="24"/>
            <String HPOS="2541" VPOS="3864" HEIGHT="31" WIDTH="177" ID="PAG_37_ST000320" WC="1" CONTENT="HUDNUT" STYLEREFS="TXT_16"/>
            <SP ID="PAG_37_SP000275" HPOS="2718" VPOS="3875" WIDTH="20"/>
            <String HPOS="2738" VPOS="3875" HEIGHT="21" WIDTH="87" ID="PAG_37_ST000321" WC="1" CONTENT="vous" STYLEREFS="TXT_16"/>
            <SP ID="PAG_37_SP000276" HPOS="2825" VPOS="3866" WIDTH="17"/>
            <String HPOS="2842" VPOS="3866" HEIGHT="31" WIDTH="100" ID="PAG_37_ST000322" WC="1" CONTENT="offre" STYLEREFS="TXT_16"/>
            <SP ID="PAG_37_SP000277" HPOS="2942" VPOS="3865" WIDTH="26"/>
            <String HPOS="2968" VPOS="3865" HEIGHT="33" WIDTH="30" ID="PAG_37_ST000323" WC="1" CONTENT="le" STYLEREFS="TXT_16"/>
            <SP ID="PAG_37_SP000278" HPOS="2998" VPOS="3877" WIDTH="26"/>
            <String HPOS="3024" VPOS="3877" HEIGHT="28" WIDTH="124" ID="PAG_37_ST000324" WC="1" CONTENT="moyen" STYLEREFS="TXT_16"/>
            <SP ID="PAG_37_SP000279" HPOS="3148" VPOS="3868" WIDTH="26"/>
            <String HPOS="3174" VPOS="3868" HEIGHT="39" WIDTH="176" ID="PAG_37_ST000325" WC="1" CONTENT="d'essayer" STYLEREFS="TXT_16"/>
            <SP ID="PAG_37_SP000280" HPOS="3350" VPOS="3871" WIDTH="25"/>
            <String HPOS="3375" VPOS="3871" HEIGHT="38" WIDTH="132" ID="PAG_37_ST000326" WC="1" CONTENT="gratui-" SUBS_TYPE="HypPart1" SUBS_CONTENT="gratuitement" STYLEREFS="TXT_16"/>
            <HYP HPOS="3507" VPOS="3909" WIDTH="30" CONTENT="-"/>
          </TextLine>
          <TextLine HPOS="2295" VPOS="3908" HEIGHT="42" WIDTH="1216" ID="PAG_37_TL000047" STYLEREFS="TXT_16">
            <String HPOS="2295" VPOS="3912" HEIGHT="27" WIDTH="130" ID="PAG_37_ST000327" WC="1" CONTENT="tement" SUBS_TYPE="HypPart2" SUBS_CONTENT="gratuitement" STYLEREFS="TXT_16"/>
            <SP ID="PAG_37_SP000281" HPOS="2425" VPOS="3908" WIDTH="27"/>
            <String HPOS="2452" VPOS="3908" HEIGHT="31" WIDTH="31" ID="PAG_37_ST000328" WC="1" CONTENT="la" STYLEREFS="TXT_16"/>
            <SP ID="PAG_37_SP000282" HPOS="2483" VPOS="3908" WIDTH="28"/>
            <String HPOS="2511" VPOS="3908" HEIGHT="33" WIDTH="142" ID="PAG_37_ST000329" WC="1" CONTENT="Poudre" STYLEREFS="TXT_16"/>
            <SP ID="PAG_37_SP000283" HPOS="2653" VPOS="3908" WIDTH="26"/>
            <String HPOS="2679" VPOS="3908" HEIGHT="41" WIDTH="131" ID="PAG_37_ST000330" WC="1" CONTENT="Gemey" STYLEREFS="TXT_16"/>
            <SP ID="PAG_37_SP000284" HPOS="2810" VPOS="3922" WIDTH="25"/>
            <String HPOS="2835" VPOS="3922" HEIGHT="20" WIDTH="39" ID="PAG_37_ST000331" WC="1" CONTENT="en" STYLEREFS="TXT_16"/>
            <SP ID="PAG_37_SP000285" HPOS="2874" VPOS="3911" WIDTH="28"/>
            <String HPOS="2902" VPOS="3911" HEIGHT="34" WIDTH="211" ID="PAG_37_ST000332" WC="1" CONTENT="demandant" STYLEREFS="TXT_16"/>
            <SP ID="PAG_37_SP000286" HPOS="3113" VPOS="3925" WIDTH="27"/>
            <String HPOS="3140" VPOS="3925" HEIGHT="20" WIDTH="44" ID="PAG_37_ST000333" WC="1" CONTENT="un" STYLEREFS="TXT_16"/>
            <SP ID="PAG_37_SP000287" HPOS="3184" VPOS="3913" WIDTH="26"/>
            <String HPOS="3210" VPOS="3913" HEIGHT="37" WIDTH="301" ID="PAG_37_ST000334" WC="0.93" CONTENT="échantillonnage" STYLEREFS="TXT_16"/>
          </TextLine>
        </TextBlock>
        <TextBlock HPOS="2293" VPOS="3952" HEIGHT="303" WIDTH="847" ID="PAG_37_TB000024" TAGREFS="TAG_advertisement" LANG="fr" STYLEREFS="TXT_16">
          <TextLine HPOS="2295" VPOS="3952" HEIGHT="43" WIDTH="844" ID="PAG_37_TL000048" STYLEREFS="TXT_16">
            <String HPOS="2295" VPOS="3962" HEIGHT="20" WIDTH="19" ID="PAG_37_ST000335" WC="0.93" CONTENT="a" STYLEREFS="TXT_16"/>
            <SP ID="PAG_37_SP000288" HPOS="2314" VPOS="3958" WIDTH="33"/>
            <String HPOS="2347" VPOS="3958" HEIGHT="26" WIDTH="101" ID="PAG_37_ST000336" WC="1" CONTENT="votre" STYLEREFS="TXT_16"/>
            <SP ID="PAG_37_SP000289" HPOS="2448" VPOS="3952" WIDTH="36"/>
            <String HPOS="2484" VPOS="3952" HEIGHT="34" WIDTH="221" ID="PAG_37_ST000337" WC="1" CONTENT="fournisseur" STYLEREFS="TXT_16"/>
            <SP ID="PAG_37_SP000290" HPOS="2705" VPOS="3955" WIDTH="35"/>
            <String HPOS="2740" VPOS="3955" HEIGHT="33" WIDTH="165" ID="PAG_37_ST000338" WC="1" CONTENT="habituel." STYLEREFS="TXT_16"/>
            <SP ID="PAG_37_SP000291" HPOS="2905" VPOS="3957" WIDTH="35"/>
            <String HPOS="2940" VPOS="3957" HEIGHT="30" WIDTH="31" ID="PAG_37_ST000339" WC="1" CONTENT="A" STYLEREFS="TXT_16"/>
            <SP ID="PAG_37_SP000292" HPOS="2971" VPOS="3956" WIDTH="35"/>
            <String HPOS="3006" VPOS="3956" HEIGHT="39" WIDTH="133" ID="PAG_37_ST000340" WC="1" CONTENT="défaut," STYLEREFS="TXT_16"/>
          </TextLine>
          <TextLine HPOS="2296" VPOS="3995" HEIGHT="45" WIDTH="844" ID="PAG_37_TL000049" STYLEREFS="TXT_16">
            <String HPOS="2296" VPOS="3995" HEIGHT="34" WIDTH="135" ID="PAG_37_ST000341" WC="1" CONTENT="écrivez" STYLEREFS="TXT_16"/>
            <SP ID="PAG_37_SP000293" HPOS="2431" VPOS="4007" WIDTH="31"/>
            <String HPOS="2462" VPOS="4007" HEIGHT="29" WIDTH="48" ID="PAG_37_ST000342" WC="1" CONTENT="20," STYLEREFS="TXT_16"/>
            <SP ID="PAG_37_SP000294" HPOS="2510" VPOS="4009" WIDTH="32"/>
            <String HPOS="2542" VPOS="4009" HEIGHT="22" WIDTH="62" ID="PAG_37_ST000343" WC="1" CONTENT="rue" STYLEREFS="TXT_16"/>
            <SP ID="PAG_37_SP000295" HPOS="2604" VPOS="3999" WIDTH="31"/>
            <String HPOS="2635" VPOS="3999" HEIGHT="32" WIDTH="42" ID="PAG_37_ST000344" WC="1" CONTENT="de" STYLEREFS="TXT_16"/>
            <SP ID="PAG_37_SP000296" HPOS="2677" VPOS="4000" WIDTH="31"/>
            <String HPOS="2708" VPOS="4000" HEIGHT="32" WIDTH="31" ID="PAG_37_ST000345" WC="1" CONTENT="la" STYLEREFS="TXT_16"/>
            <SP ID="PAG_37_SP000297" HPOS="2739" VPOS="3999" WIDTH="33"/>
            <String HPOS="2772" VPOS="3999" HEIGHT="39" WIDTH="99" ID="PAG_37_ST000346" WC="1" CONTENT="Paix," STYLEREFS="TXT_16"/>
            <SP ID="PAG_37_SP000298" HPOS="2871" VPOS="4001" WIDTH="32"/>
            <String HPOS="2903" VPOS="4001" HEIGHT="32" WIDTH="102" ID="PAG_37_ST000347" WC="1" CONTENT="Paris" STYLEREFS="TXT_16"/>
            <SP ID="PAG_37_SP000299" HPOS="3005" VPOS="4002" WIDTH="32"/>
            <String HPOS="3037" VPOS="4002" HEIGHT="38" WIDTH="103" ID="PAG_37_ST000348" WC="1" CONTENT="(pour" STYLEREFS="TXT_16"/>
          </TextLine>
          <TextLine HPOS="2294" VPOS="4041" HEIGHT="45" WIDTH="845" ID="PAG_37_TL000050" STYLEREFS="TXT_16">
            <String HPOS="2294" VPOS="4041" HEIGHT="32" WIDTH="32" ID="PAG_37_ST000349" WC="1" CONTENT="la" STYLEREFS="TXT_16"/>
            <SP ID="PAG_37_SP000300" HPOS="2326" VPOS="4041" WIDTH="49"/>
            <String HPOS="2375" VPOS="4041" HEIGHT="40" WIDTH="160" ID="PAG_37_ST000350" WC="1" CONTENT="France)," STYLEREFS="TXT_16"/>
            <SP ID="PAG_37_SP000301" HPOS="2535" VPOS="4055" WIDTH="47"/>
            <String HPOS="2582" VPOS="4055" HEIGHT="21" WIDTH="45" ID="PAG_37_ST000351" WC="1" CONTENT="ou" STYLEREFS="TXT_16"/>
            <SP ID="PAG_37_SP000302" HPOS="2627" VPOS="4053" WIDTH="47"/>
            <String HPOS="2674" VPOS="4053" HEIGHT="29" WIDTH="48" ID="PAG_37_ST000352" WC="1" CONTENT="53," STYLEREFS="TXT_16"/>
            <SP ID="PAG_37_SP000303" HPOS="2722" VPOS="4056" WIDTH="50"/>
            <String HPOS="2772" VPOS="4056" HEIGHT="21" WIDTH="61" ID="PAG_37_ST000353" WC="1" CONTENT="rue" STYLEREFS="TXT_16"/>
            <SP ID="PAG_37_SP000304" HPOS="2833" VPOS="4045" WIDTH="46"/>
            <String HPOS="2879" VPOS="4045" HEIGHT="32" WIDTH="46" ID="PAG_37_ST000354" WC="1" CONTENT="du" STYLEREFS="TXT_16"/>
            <SP ID="PAG_37_SP000305" HPOS="2925" VPOS="4046" WIDTH="49"/>
            <String HPOS="2974" VPOS="4046" HEIGHT="40" WIDTH="165" ID="PAG_37_ST000355" WC="1" CONTENT="Poinçon," STYLEREFS="TXT_16"/>
          </TextLine>
          <TextLine HPOS="2297" VPOS="4085" HEIGHT="45" WIDTH="842" ID="PAG_37_TL000051" STYLEREFS="TXT_16">
            <String HPOS="2297" VPOS="4085" HEIGHT="34" WIDTH="185" ID="PAG_37_ST000356" WC="1" CONTENT="Bruxelles" STYLEREFS="TXT_16"/>
            <SP ID="PAG_37_SP000306" HPOS="2482" VPOS="4089" WIDTH="50"/>
            <String HPOS="2532" VPOS="4089" HEIGHT="38" WIDTH="103" ID="PAG_37_ST000357" WC="0.86" CONTENT="(pour" STYLEREFS="TXT_16"/>
            <SP ID="PAG_37_SP000307" HPOS="2635" VPOS="4090" WIDTH="47"/>
            <String HPOS="2682" VPOS="4090" HEIGHT="31" WIDTH="31" ID="PAG_37_ST000358" WC="1" CONTENT="la" STYLEREFS="TXT_16"/>
            <SP ID="PAG_37_SP000308" HPOS="2713" VPOS="4090" WIDTH="48"/>
            <String HPOS="2761" VPOS="4090" HEIGHT="40" WIDTH="195" ID="PAG_37_ST000359" WC="1" CONTENT="Belgique)," STYLEREFS="TXT_16"/>
            <SP ID="PAG_37_SP000309" HPOS="2956" VPOS="4098" WIDTH="48"/>
            <String HPOS="3004" VPOS="4098" HEIGHT="26" WIDTH="32" ID="PAG_37_ST000360" WC="1" CONTENT="et" STYLEREFS="TXT_16"/>
            <SP ID="PAG_37_SP000310" HPOS="3036" VPOS="4104" WIDTH="47"/>
            <String HPOS="3083" VPOS="4104" HEIGHT="21" WIDTH="56" ID="PAG_37_ST000361" WC="1" CONTENT="ces" STYLEREFS="TXT_16"/>
          </TextLine>
          <TextLine HPOS="2293" VPOS="4130" HEIGHT="46" WIDTH="847" ID="PAG_37_TL000052" STYLEREFS="TXT_16">
            <String HPOS="2293" VPOS="4130" HEIGHT="34" WIDTH="229" ID="PAG_37_ST000362" WC="1" CONTENT="échantillons" STYLEREFS="TXT_16"/>
            <SP ID="PAG_37_SP000311" HPOS="2522" VPOS="4145" WIDTH="48"/>
            <String HPOS="2570" VPOS="4145" HEIGHT="21" WIDTH="88" ID="PAG_37_ST000363" WC="1" CONTENT="vous" STYLEREFS="TXT_16"/>
            <SP ID="PAG_37_SP000312" HPOS="2658" VPOS="4141" WIDTH="47"/>
            <String HPOS="2705" VPOS="4141" HEIGHT="26" WIDTH="119" ID="PAG_37_ST000364" WC="1" CONTENT="seront" STYLEREFS="TXT_16"/>
            <SP ID="PAG_37_SP000313" HPOS="2824" VPOS="4136" WIDTH="45"/>
            <String HPOS="2869" VPOS="4136" HEIGHT="33" WIDTH="162" ID="PAG_37_ST000365" WC="1" CONTENT="adressés" STYLEREFS="TXT_16"/>
            <SP ID="PAG_37_SP000314" HPOS="3031" VPOS="4147" WIDTH="47"/>
            <String HPOS="3078" VPOS="4147" HEIGHT="29" WIDTH="62" ID="PAG_37_ST000366" WC="1" CONTENT="par" STYLEREFS="TXT_16"/>
          </TextLine>
          <TextLine HPOS="2297" VPOS="4178" HEIGHT="37" WIDTH="843" ID="PAG_37_TL000053" STYLEREFS="TXT_16">
            <String HPOS="2297" VPOS="4182" HEIGHT="31" WIDTH="129" ID="PAG_37_ST000367" WC="1" CONTENT="retour," STYLEREFS="TXT_16"/>
            <SP ID="PAG_37_SP000315" HPOS="2426" VPOS="4178" WIDTH="42"/>
            <String HPOS="2468" VPOS="4178" HEIGHT="31" WIDTH="26" ID="PAG_37_ST000368" WC="1" CONTENT="si" STYLEREFS="TXT_16"/>
            <SP ID="PAG_37_SP000316" HPOS="2494" VPOS="4189" WIDTH="40"/>
            <String HPOS="2534" VPOS="4189" HEIGHT="22" WIDTH="88" ID="PAG_37_ST000369" WC="1" CONTENT="vous" STYLEREFS="TXT_16"/>
            <SP ID="PAG_37_SP000317" HPOS="2622" VPOS="4191" WIDTH="41"/>
            <String HPOS="2663" VPOS="4191" HEIGHT="21" WIDTH="87" ID="PAG_37_ST000370" WC="1" CONTENT="vous" STYLEREFS="TXT_16"/>
            <SP ID="PAG_37_SP000318" HPOS="2750" VPOS="4182" WIDTH="41"/>
            <String HPOS="2791" VPOS="4182" HEIGHT="32" WIDTH="267" ID="PAG_37_ST000371" WC="1" CONTENT="recommandez" STYLEREFS="TXT_16"/>
            <SP ID="PAG_37_SP000319" HPOS="3058" VPOS="4182" WIDTH="40"/>
            <String HPOS="3098" VPOS="4182" HEIGHT="33" WIDTH="42" ID="PAG_37_ST000372" WC="1" CONTENT="de" STYLEREFS="TXT_16"/>
          </TextLine>
          <TextLine HPOS="2297" VPOS="4220" HEIGHT="35" WIDTH="260" ID="PAG_37_TL000054" STYLEREFS="TXT_16">
            <String HPOS="2297" VPOS="4220" HEIGHT="31" WIDTH="36" ID="PAG_37_ST000373" WC="0.00" CONTENT="M" STYLEREFS="TXT_16"/>
            <SP ID="PAG_37_SP000320" HPOS="2333" VPOS="4221" WIDTH="6"/>
            <String HPOS="2339" VPOS="4221" HEIGHT="34" WIDTH="218" ID="PAG_37_ST000374" WC="0.20" CONTENT="tirie-Clairc." STYLEREFS="TXT_16"/>
          </TextLine>
        </TextBlock>
        <Illustration ID="PAG_37_IL000003" HPOS="3160" VPOS="3950" HEIGHT="351" WIDTH="387"/>
        <Illustration ID="PAG_37_IL000004" HPOS="2294" VPOS="4301" HEIGHT="146" WIDTH="190"/>
        <TextBlock HPOS="2535" VPOS="4302" HEIGHT="133" WIDTH="979" ID="PAG_37_TB000025" TAGREFS="TAG_advertisement" LANG="fr" STYLEREFS="TXT_16">
          <TextLine HPOS="2575" VPOS="4302" HEIGHT="43" WIDTH="938" ID="PAG_37_TL000055" STYLEREFS="TXT_16">
            <String HPOS="2575" VPOS="4302" HEIGHT="32" WIDTH="51" ID="PAG_37_ST000375" WC="1" CONTENT="La" STYLEREFS="TXT_16"/>
            <SP ID="PAG_37_SP000321" HPOS="2626" VPOS="4302" WIDTH="46"/>
            <String HPOS="2672" VPOS="4302" HEIGHT="43" WIDTH="194" ID="PAG_37_ST000376" WC="0.72" CONTENT="Vallishing" STYLEREFS="TXT_16"/>
            <SP ID="PAG_37_SP000322" HPOS="2866" VPOS="4305" WIDTH="42"/>
            <String HPOS="2908" VPOS="4305" HEIGHT="33" WIDTH="127" ID="PAG_37_ST000377" WC="0.97" CONTENT="Créant" STYLEREFS="TXT_16"/>
            <SP ID="PAG_37_SP000323" HPOS="3035" VPOS="4305" WIDTH="41"/>
            <String HPOS="3076" VPOS="4305" HEIGHT="40" WIDTH="142" ID="PAG_37_ST000378" WC="0.36" CONTENT="Gemey," STYLEREFS="TXT_16"/>
            <SP ID="PAG_37_SP000324" HPOS="3218" VPOS="4320" WIDTH="42"/>
            <String HPOS="3260" VPOS="4320" HEIGHT="19" WIDTH="34" ID="PAG_37_ST000379" WC="0.58" CONTENT="e.\" STYLEREFS="TXT_16"/>
            <SP ID="PAG_37_SP000325" HPOS="3294" VPOS="4318" WIDTH="15"/>
            <String HPOS="3309" VPOS="4318" HEIGHT="20" WIDTH="38" ID="PAG_37_ST000380" WC="0.48" CONTENT=";&gt;," STYLEREFS="TXT_16"/>
            <SP ID="PAG_37_SP000326" HPOS="3347" VPOS="4313" WIDTH="18"/>
            <String HPOS="3365" VPOS="4313" HEIGHT="26" WIDTH="148" ID="PAG_37_ST000381" WC="0.32" CONTENT="nicincnt" STYLEREFS="TXT_16"/>
          </TextLine>
          <TextLine HPOS="2535" VPOS="4346" HEIGHT="46" WIDTH="979" ID="PAG_37_TL000056" STYLEREFS="TXT_16">
            <String HPOS="2535" VPOS="4346" HEIGHT="40" WIDTH="126" ID="PAG_37_ST000382" WC="1" CONTENT="légère," STYLEREFS="TXT_16"/>
            <SP ID="PAG_37_SP000327" HPOS="2661" VPOS="4353" WIDTH="33"/>
            <String HPOS="2694" VPOS="4353" HEIGHT="33" WIDTH="199" ID="PAG_37_ST000383" WC="0.99" CONTENT="onctueuse," STYLEREFS="TXT_16"/>
            <SP ID="PAG_37_SP000328" HPOS="2893" VPOS="4350" WIDTH="34"/>
            <String HPOS="2927" VPOS="4350" HEIGHT="32" WIDTH="160" ID="PAG_37_ST000384" WC="0.92" CONTENT="convient" STYLEREFS="TXT_16"/>
            <SP ID="PAG_37_SP000329" HPOS="3087" VPOS="4351" WIDTH="31"/>
            <String HPOS="3118" VPOS="4351" HEIGHT="32" WIDTH="19" ID="PAG_37_ST000385" WC="1" CONTENT="à" STYLEREFS="TXT_16"/>
            <SP ID="PAG_37_SP000330" HPOS="3137" VPOS="4356" WIDTH="34"/>
            <String HPOS="3171" VPOS="4356" HEIGHT="28" WIDTH="114" ID="PAG_37_ST000386" WC="0.99" CONTENT="toutes" STYLEREFS="TXT_16"/>
            <SP ID="PAG_37_SP000331" HPOS="3285" VPOS="4352" WIDTH="31"/>
            <String HPOS="3316" VPOS="4352" HEIGHT="33" WIDTH="51" ID="PAG_37_ST000387" WC="1" CONTENT="les" STYLEREFS="TXT_16"/>
            <SP ID="PAG_37_SP000332" HPOS="3367" VPOS="4359" WIDTH="30"/>
            <String HPOS="3397" VPOS="4359" HEIGHT="33" WIDTH="117" ID="PAG_37_ST000388" WC="0.99" CONTENT="peaux" STYLEREFS="TXT_16"/>
          </TextLine>
          <TextLine HPOS="2537" VPOS="4392" HEIGHT="43" WIDTH="592" ID="PAG_37_TL000057" STYLEREFS="TXT_16">
            <String HPOS="2537" VPOS="4396" HEIGHT="26" WIDTH="31" ID="PAG_37_ST000389" WC="1" CONTENT="et" STYLEREFS="TXT_16"/>
            <SP ID="PAG_37_SP000333" HPOS="2568" VPOS="4403" WIDTH="28"/>
            <String HPOS="2596" VPOS="4403" HEIGHT="21" WIDTH="39" ID="PAG_37_ST000390" WC="0.44" CONTENT="lie" STYLEREFS="TXT_16"/>
            <SP ID="PAG_37_SP000334" HPOS="2635" VPOS="4392" WIDTH="26"/>
            <String HPOS="2661" VPOS="4392" HEIGHT="40" WIDTH="68" ID="PAG_37_ST000391" WC="0.99" CONTENT="fait" STYLEREFS="TXT_16"/>
            <SP ID="PAG_37_SP000335" HPOS="2729" VPOS="4393" WIDTH="26"/>
            <String HPOS="2755" VPOS="4393" HEIGHT="39" WIDTH="129" ID="PAG_37_ST000392" WC="0.99" CONTENT="jamais" STYLEREFS="TXT_16"/>
            <SP ID="PAG_37_SP000336" HPOS="2884" VPOS="4394" WIDTH="25"/>
            <String HPOS="2909" VPOS="4394" HEIGHT="32" WIDTH="42" ID="PAG_37_ST000393" WC="1" CONTENT="de" STYLEREFS="TXT_16"/>
            <SP ID="PAG_37_SP000337" HPOS="2951" VPOS="4395" WIDTH="25"/>
            <String HPOS="2976" VPOS="4395" HEIGHT="40" WIDTH="153" ID="PAG_37_ST000394" WC="0.99" CONTENT="plaques." STYLEREFS="TXT_16"/>
          </TextLine>
        </TextBlock>
      </PrintSpace>
    </Page>
  </Layout>
</alto>