<?xml version="1.0" encoding="UTF-8"?>
<alto xmlns="http://www.loc.gov/standards/alto/ns-v2#" xmlns:xsi="http://www.w3.org/2001/XMLSchema-instance" xsi:schemaLocation="http://www.loc.gov/standards/alto/ns-v2# http://www.loc.gov/standards/alto/alto.xsd">
  <Description>
    <MeasurementUnit>pixel</MeasurementUnit>
    <sourceImageInformation />
    <OCRProcessing ID="OCR_1">
      <preProcessingStep>
        <processingDateTime>2019-05-08T04:32:23</processingDateTime>
        <processingAgency>intranda GmbH, www.intranda.com</processingAgency>
        <processingSoftware>
          <softwareCreator>intranda GmbH, Germany</softwareCreator>
          <softwareName>intranda OCR Module for TaskManager</softwareName>
          <softwareVersion>1.0r42</softwareVersion>
        </processingSoftware>
      </preProcessingStep>
      <ocrProcessingStep>
        <processingSoftware>
          <softwareCreator>Tesseract contributors</softwareCreator>
          <softwareName>Tesseract Open Source OCR Engine</softwareName>
          <softwareVersion>4.0.0-beta.1-270-g5a56</softwareVersion>
        </processingSoftware>
      </ocrProcessingStep>
    </OCRProcessing>
  </Description>
  <Layout>
    <Page ID="PAGE_1" HEIGHT="4976" WIDTH="3432" PHYSICAL_IMG_NR="1">
      <PrintSpace ID="PrintSpace_1" HPOS="0" VPOS="0" HEIGHT="4976" WIDTH="3432">
        <TextBlock ID="TextBlock_1" HPOS="0" VPOS="0" HEIGHT="256" WIDTH="1864">
          <TextLine ID="TextLine_1" HPOS="0" VPOS="0" HEIGHT="256" WIDTH="1864">
            <SP ID="Textword_1" HPOS="0" VPOS="0" />
            <String ID="Textword_1" HPOS="0" VPOS="0" HEIGHT="256" WIDTH="1864" CONTENT=" " WC="0.95" />
          </TextLine>
        </TextBlock>
        <TextBlock ID="TextBlock_2" HPOS="0" VPOS="1251" HEIGHT="81" WIDTH="75">
          <TextLine ID="TextLine_2" HPOS="0" VPOS="1251" HEIGHT="81" WIDTH="75">
            <SP ID="Textword_2" HPOS="0" VPOS="1251" />
            <String ID="Textword_2" HPOS="0" VPOS="1251" HEIGHT="81" WIDTH="75" CONTENT=" " WC="0.95" />
          </TextLine>
        </TextBlock>
        <TextBlock ID="TextBlock_3" HPOS="0" VPOS="1513" HEIGHT="118" WIDTH="43">
          <TextLine ID="TextLine_3" HPOS="0" VPOS="1513" HEIGHT="118" WIDTH="43">
            <SP ID="Textword_3" HPOS="0" VPOS="1513" />
            <String ID="Textword_3" HPOS="0" VPOS="1513" HEIGHT="118" WIDTH="43" CONTENT=" " WC="0.95" />
          </TextLine>
        </TextBlock>
        <TextBlock ID="TextBlock_4" HPOS="0" VPOS="1861" HEIGHT="155" WIDTH="79">
          <TextLine ID="TextLine_4" HPOS="0" VPOS="1861" HEIGHT="155" WIDTH="79">
            <SP ID="Textword_4" HPOS="0" VPOS="1861" />
            <String ID="Textword_4" HPOS="0" VPOS="1861" HEIGHT="155" WIDTH="79" CONTENT=" " WC="0.95" />
          </TextLine>
        </TextBlock>
        <TextBlock ID="TextBlock_5" HPOS="1" VPOS="19" HEIGHT="3959" WIDTH="25">
          <TextLine ID="TextLine_5" HPOS="1" VPOS="19" HEIGHT="3959" WIDTH="25">
            <SP ID="Textword_5" HPOS="1" VPOS="19" />
            <String ID="Textword_5" HPOS="1" VPOS="19" HEIGHT="3959" WIDTH="25" CONTENT=" " WC="0.95" />
          </TextLine>
        </TextBlock>
        <TextBlock ID="TextBlock_6" HPOS="355" VPOS="269" HEIGHT="39" WIDTH="1690">
          <TextLine ID="TextLine_6" HPOS="355" VPOS="269" HEIGHT="39" WIDTH="1690">
            <String ID="Textword_6" HPOS="355" VPOS="280" HEIGHT="25" WIDTH="16" CONTENT="8" WC="0.96" />
            <String ID="Textword_7" HPOS="699" VPOS="306" HEIGHT="2" WIDTH="3" CONTENT=";" WC="0.44" />
            <String ID="Textword_8" HPOS="1479" VPOS="270" HEIGHT="28" WIDTH="224" CONTENT="Schweizerische" WC="0.91" />
            <String ID="Textword_9" HPOS="1730" VPOS="269" HEIGHT="34" WIDTH="315" CONTENT="Arbeitgeber-Zeitung." WC="0.91" />
          </TextLine>
        </TextBlock>
        <TextBlock ID="TextBlock_7" HPOS="3067" VPOS="264" HEIGHT="27" WIDTH="98">
          <TextLine ID="TextLine_7" HPOS="3067" VPOS="264" HEIGHT="27" WIDTH="98">
            <String ID="Textword_10" HPOS="3067" VPOS="264" HEIGHT="26" WIDTH="46" CONTENT="Nr." WC="0.95" />
            <String ID="Textword_11" HPOS="3132" VPOS="264" HEIGHT="27" WIDTH="33" CONTENT="27" WC="0.96" />
          </TextLine>
        </TextBlock>
        <TextBlock ID="TextBlock_8" HPOS="356" VPOS="307" HEIGHT="19" WIDTH="2812">
          <TextLine ID="TextLine_8" HPOS="356" VPOS="307" HEIGHT="19" WIDTH="2812">
            <SP ID="Textword_6" HPOS="356" VPOS="307" />
            <String ID="Textword_12" HPOS="356" VPOS="307" HEIGHT="19" WIDTH="2812" CONTENT=" " WC="0.95" />
          </TextLine>
        </TextBlock>
        <TextBlock ID="TextBlock_9" HPOS="316" VPOS="362" HEIGHT="124" WIDTH="1714">
          <TextLine ID="TextLine_9" HPOS="316" VPOS="362" HEIGHT="124" WIDTH="1714">
            <String ID="Textword_13" HPOS="316" VPOS="403" HEIGHT="83" WIDTH="742" CONTENT="Rolladenfabrik" WC="0.91" />
            <String ID="Textword_14" HPOS="1113" VPOS="362" HEIGHT="114" WIDTH="332" CONTENT="Anton" WC="0.93" />
            <String ID="Textword_15" HPOS="1519" VPOS="380" HEIGHT="93" WIDTH="511" CONTENT="Griesser" WC="0.92" />
          </TextLine>
        </TextBlock>
        <TextBlock ID="TextBlock_10" HPOS="1359" VPOS="500" HEIGHT="52" WIDTH="559">
          <TextLine ID="TextLine_10" HPOS="1359" VPOS="500" HEIGHT="52" WIDTH="559">
            <String ID="Textword_16" HPOS="1359" VPOS="506" HEIGHT="35" WIDTH="66" CONTENT="A" WC="0.67" />
            <String ID="Textword_17" HPOS="1429" VPOS="504" HEIGHT="36" WIDTH="190" CONTENT="adorf" WC="0.67" />
            <String ID="Textword_18" HPOS="1648" VPOS="500" HEIGHT="52" WIDTH="270" CONTENT="(Schweiz)" WC="0.93" />
          </TextLine>
        </TextBlock>
        <TextBlock ID="TextBlock_11" HPOS="1237" VPOS="590" HEIGHT="10" WIDTH="635">
          <TextLine ID="TextLine_11" HPOS="1237" VPOS="590" HEIGHT="10" WIDTH="635">
            <SP ID="Textword_7" HPOS="1237" VPOS="590" />
            <String ID="Textword_19" HPOS="1237" VPOS="590" HEIGHT="10" WIDTH="635" CONTENT=" " WC="0.95" />
          </TextLine>
        </TextBlock>
        <TextBlock ID="TextBlock_12" HPOS="1256" VPOS="619" HEIGHT="389" WIDTH="780">
          <TextLine ID="TextLine_12" HPOS="1390" VPOS="619" HEIGHT="32" WIDTH="495">
            <String ID="Textword_20" HPOS="1390" VPOS="619" HEIGHT="31" WIDTH="211" CONTENT="Stabirelladen" WC="0.51" />
            <String ID="Textword_21" HPOS="1622" VPOS="620" HEIGHT="27" WIDTH="24" CONTENT="in" WC="0.92" />
            <String ID="Textword_22" HPOS="1667" VPOS="621" HEIGHT="26" WIDTH="67" CONTENT="allen" WC="0.93" />
            <String ID="Textword_23" HPOS="1754" VPOS="619" HEIGHT="32" WIDTH="131" CONTENT="Systemen" WC="0.92" />
          </TextLine>
          <TextLine ID="TextLine_13" HPOS="1256" VPOS="662" HEIGHT="35" WIDTH="761">
            <String ID="Textword_24" HPOS="1256" VPOS="664" HEIGHT="32" WIDTH="200" CONTENT="Rolzrolladen" WC="0.71" />
            <String ID="Textword_25" HPOS="1482" VPOS="672" HEIGHT="20" WIDTH="46" CONTENT="aus" WC="0.96" />
            <String ID="Textword_26" HPOS="1549" VPOS="665" HEIGHT="32" WIDTH="79" CONTENT="prima" WC="0.93" />
            <String ID="Textword_27" HPOS="1648" VPOS="663" HEIGHT="32" WIDTH="188" CONTENT="schwedischem" WC="0.45" />
            <String ID="Textword_28" HPOS="1858" VPOS="662" HEIGHT="29" WIDTH="159" CONTENT="Kiefernbolz" WC="0.64" />
          </TextLine>
          <TextLine ID="TextLine_14" HPOS="1373" VPOS="705" HEIGHT="37" WIDTH="528">
            <String ID="Textword_29" HPOS="1373" VPOS="708" HEIGHT="34" WIDTH="204" CONTENT="Bugjalousien" WC="0.27" />
            <String ID="Textword_30" HPOS="1597" VPOS="717" HEIGHT="15" WIDTH="16" CONTENT="«" WC="0.89" />
            <String ID="Textword_31" HPOS="1633" VPOS="705" HEIGHT="35" WIDTH="268" CONTENT="Rollsebutzwände" WC="0.04" />
          </TextLine>
          <TextLine ID="TextLine_15" HPOS="1305" VPOS="749" HEIGHT="37" WIDTH="664">
            <String ID="Textword_32" HPOS="1305" VPOS="753" HEIGHT="33" WIDTH="204" CONTENT="Rolljalousien" WC="0.60" />
            <String ID="Textword_33" HPOS="1532" VPOS="754" HEIGHT="27" WIDTH="43" CONTENT="mit" WC="0.92" />
            <String ID="Textword_34" HPOS="1597" VPOS="756" HEIGHT="25" WIDTH="50" CONTENT="aut." WC="0.93" />
            <String ID="Textword_35" HPOS="1661" VPOS="752" HEIGHT="29" WIDTH="154" CONTENT="Federwalze" WC="0.90" />
            <String ID="Textword_36" HPOS="1835" VPOS="749" HEIGHT="36" WIDTH="35" CONTENT="up" WC="0.51" />
            <String ID="Textword_37" HPOS="1891" VPOS="749" HEIGHT="29" WIDTH="78" CONTENT="23612" WC="0.96" />
          </TextLine>
          <TextLine ID="TextLine_16" HPOS="1461" VPOS="796" HEIGHT="35" WIDTH="352">
            <String ID="Textword_38" HPOS="1461" VPOS="796" HEIGHT="34" WIDTH="190" CONTENT="Ausstellung" WC="0.75" />
            <String ID="Textword_39" HPOS="1671" VPOS="796" HEIGHT="35" WIDTH="34" CONTENT="©" WC="0.29" />
            <String ID="Textword_40" HPOS="1725" VPOS="796" HEIGHT="29" WIDTH="88" CONTENT="24982" WC="0.95" />
          </TextLine>
          <TextLine ID="TextLine_17" HPOS="1462" VPOS="840" HEIGHT="36" WIDTH="352">
            <String ID="Textword_41" HPOS="1462" VPOS="842" HEIGHT="31" WIDTH="182" CONTENT="Seilspanner" WC="0.80" />
            <String ID="Textword_42" HPOS="1667" VPOS="840" HEIGHT="36" WIDTH="35" CONTENT="cp" WC="0.81" />
            <String ID="Textword_43" HPOS="1726" VPOS="841" HEIGHT="29" WIDTH="88" CONTENT="20928" WC="0.82" />
          </TextLine>
          <TextLine ID="TextLine_18" HPOS="1275" VPOS="883" HEIGHT="36" WIDTH="726">
            <String ID="Textword_44" HPOS="1275" VPOS="887" HEIGHT="32" WIDTH="198" CONTENT="Bolzrolladen" WC="0.68" />
            <String ID="Textword_45" HPOS="1494" VPOS="888" HEIGHT="27" WIDTH="44" CONTENT="mit" WC="0.92" />
            <String ID="Textword_46" HPOS="1560" VPOS="886" HEIGHT="33" WIDTH="279" CONTENT="Cbharnierverbindung" WC="0.48" />
            <String ID="Textword_47" HPOS="1857" VPOS="883" HEIGHT="36" WIDTH="36" CONTENT="cp" WC="0.28" />
            <String ID="Textword_48" HPOS="1912" VPOS="884" HEIGHT="29" WIDTH="89" CONTENT="36020" WC="0.95" />
          </TextLine>
          <TextLine ID="TextLine_19" HPOS="1310" VPOS="928" HEIGHT="35" WIDTH="726">
            <String ID="Textword_49" HPOS="1310" VPOS="932" HEIGHT="30" WIDTH="232" CONTENT="Automatischer" WC="0.83" />
            <String ID="Textword_50" HPOS="1569" VPOS="929" HEIGHT="33" WIDTH="305" CONTENT="Rolladenverschluss" WC="0.83" />
            <String ID="Textword_51" HPOS="1900" VPOS="928" HEIGHT="35" WIDTH="34" CONTENT="ca" WC="0.52" />
            <String ID="Textword_52" HPOS="1956" VPOS="928" HEIGHT="29" WIDTH="80" CONTENT="36221" WC="0.75" />
          </TextLine>
          <TextLine ID="TextLine_20" HPOS="1401" VPOS="976" HEIGHT="32" WIDTH="474">
            <String ID="Textword_53" HPOS="1401" VPOS="978" HEIGHT="27" WIDTH="38" CONTENT="für" WC="0.93" />
            <String ID="Textword_54" HPOS="1459" VPOS="978" HEIGHT="27" WIDTH="148" CONTENT="Stablladen" WC="0.81" />
            <String ID="Textword_55" HPOS="1627" VPOS="977" HEIGHT="27" WIDTH="52" CONTENT="und" WC="0.90" />
            <String ID="Textword_56" HPOS="1700" VPOS="976" HEIGHT="32" WIDTH="175" CONTENT="Bolzrolladen" WC="0.90" />
          </TextLine>
        </TextBlock>
        <TextBlock ID="TextBlock_13" HPOS="1889" VPOS="1023" HEIGHT="7" WIDTH="150">
          <TextLine ID="TextLine_21" HPOS="1889" VPOS="1023" HEIGHT="7" WIDTH="150">
            <SP ID="Textword_8" HPOS="1889" VPOS="1023" />
            <String ID="Textword_57" HPOS="1889" VPOS="1023" HEIGHT="7" WIDTH="150" CONTENT=" " WC="0.95" />
          </TextLine>
        </TextBlock>
        <TextBlock ID="TextBlock_14" HPOS="331" VPOS="533" HEIGHT="539" WIDTH="854">
          <TextLine ID="TextLine_22" HPOS="331" VPOS="533" HEIGHT="539" WIDTH="854">
            <SP ID="Textword_9" HPOS="331" VPOS="533" />
            <String ID="Textword_58" HPOS="331" VPOS="533" HEIGHT="539" WIDTH="854" CONTENT=" " WC="0.95" />
          </TextLine>
        </TextBlock>
        <TextBlock ID="TextBlock_15" HPOS="1243" VPOS="1033" HEIGHT="10" WIDTH="647">
          <TextLine ID="TextLine_23" HPOS="1243" VPOS="1033" HEIGHT="10" WIDTH="647">
            <SP ID="Textword_10" HPOS="1243" VPOS="1033" />
            <String ID="Textword_59" HPOS="1243" VPOS="1033" HEIGHT="10" WIDTH="647" CONTENT=" " WC="0.95" />
          </TextLine>
        </TextBlock>
        <TextBlock ID="TextBlock_16" HPOS="1890" VPOS="1033" HEIGHT="6" WIDTH="147">
          <TextLine ID="TextLine_24" HPOS="1890" VPOS="1033" HEIGHT="6" WIDTH="147">
            <SP ID="Textword_11" HPOS="1890" VPOS="1033" />
            <String ID="Textword_60" HPOS="1890" VPOS="1033" HEIGHT="6" WIDTH="147" CONTENT=" " WC="0.95" />
          </TextLine>
        </TextBlock>
        <TextBlock ID="TextBlock_17" HPOS="1295" VPOS="1061" HEIGHT="36" WIDTH="688">
          <TextLine ID="TextLine_25" HPOS="1295" VPOS="1061" HEIGHT="36" WIDTH="688">
            <String ID="Textword_61" HPOS="1295" VPOS="1065" HEIGHT="30" WIDTH="106" CONTENT="Muster," WC="0.92" />
            <String ID="Textword_62" HPOS="1426" VPOS="1064" HEIGHT="33" WIDTH="120" CONTENT="Kataloge" WC="0.92" />
            <String ID="Textword_63" HPOS="1567" VPOS="1063" HEIGHT="28" WIDTH="51" CONTENT="und" WC="0.93" />
            <String ID="Textword_64" HPOS="1639" VPOS="1063" HEIGHT="33" WIDTH="142" CONTENT="Preislisten" WC="0.91" />
            <String ID="Textword_65" HPOS="1800" VPOS="1069" HEIGHT="20" WIDTH="32" CONTENT="zu" WC="0.93" />
            <String ID="Textword_66" HPOS="1853" VPOS="1061" HEIGHT="28" WIDTH="130" CONTENT="Diensten." WC="0.92" />
          </TextLine>
        </TextBlock>
        <TextBlock ID="TextBlock_18" HPOS="673" VPOS="1175" HEIGHT="198" WIDTH="1053">
          <TextLine ID="TextLine_26" HPOS="673" VPOS="1175" HEIGHT="198" WIDTH="1053">
            <String ID="Textword_67" HPOS="673" VPOS="1178" HEIGHT="188" WIDTH="142" CONTENT="p." WC="0.53" />
            <String ID="Textword_68" HPOS="882" VPOS="1175" HEIGHT="198" WIDTH="844" CONTENT="Rücga-Perry" WC="0.63" />
          </TextLine>
        </TextBlock>
        <TextBlock ID="TextBlock_19" HPOS="315" VPOS="1384" HEIGHT="96" WIDTH="1721">
          <TextLine ID="TextLine_27" HPOS="315" VPOS="1384" HEIGHT="96" WIDTH="1721">
            <String ID="Textword_69" HPOS="315" VPOS="1385" HEIGHT="93" WIDTH="104" CONTENT="ZU" WC="0.68" />
            <String ID="Textword_70" HPOS="423" VPOS="1390" HEIGHT="90" WIDTH="159" CONTENT="rich," WC="0.96" />
            <String ID="Textword_71" HPOS="640" VPOS="1409" HEIGHT="71" WIDTH="423" CONTENT="Stauffacherstrasse_35." WC="0.88" />
            <String ID="Textword_72" HPOS="1009" VPOS="1423" HEIGHT="40" WIDTH="57" CONTENT="35." WC="0.90" />
            <String ID="Textword_73" HPOS="1215" VPOS="1421" HEIGHT="59" WIDTH="372" CONTENT="Bahnbofstrasse_17," WC="0.55" />
            <String ID="Textword_74" HPOS="1643" VPOS="1385" HEIGHT="88" WIDTH="97" CONTENT="St." WC="0.35" />
            <String ID="Textword_75" HPOS="1779" VPOS="1384" HEIGHT="87" WIDTH="257" CONTENT="Gallen." WC="0.91" />
          </TextLine>
        </TextBlock>
        <TextBlock ID="TextBlock_20" HPOS="594" VPOS="1513" HEIGHT="206" WIDTH="1288">
          <TextLine ID="TextLine_28" HPOS="594" VPOS="1513" HEIGHT="206" WIDTH="1288">
            <String ID="Textword_76" HPOS="594" VPOS="1515" HEIGHT="204" WIDTH="499" CONTENT="dnezialtaus" WC="0.00" />
            <String ID="Textword_77" HPOS="1139" VPOS="1516" HEIGHT="170" WIDTH="110" CONTENT="für" WC="0.74" />
            <String ID="Textword_78" HPOS="1287" VPOS="1513" HEIGHT="209" WIDTH="595" CONTENT="Bodenbelag" WC="0.46" />
          </TextLine>
        </TextBlock>
        <TextBlock ID="TextBlock_21" HPOS="317" VPOS="1791" HEIGHT="89" WIDTH="1717">
          <TextLine ID="TextLine_29" HPOS="317" VPOS="1791" HEIGHT="89" WIDTH="1717">
            <String ID="Textword_79" HPOS="317" VPOS="1797" HEIGHT="64" WIDTH="45" CONTENT="in" WC="0.92" />
            <String ID="Textword_80" HPOS="411" VPOS="1796" HEIGHT="84" WIDTH="264" CONTENT="Linoleum," WC="0.91" />
            <String ID="Textword_81" HPOS="707" VPOS="1796" HEIGHT="86" WIDTH="106" CONTENT="Uni," WC="0.93" />
            <String ID="Textword_82" HPOS="863" VPOS="1795" HEIGHT="75" WIDTH="150" CONTENT="Kork," WC="0.93" />
            <String ID="Textword_83" HPOS="1057" VPOS="1794" HEIGHT="74" WIDTH="228" CONTENT="Granité," WC="0.92" />
            <String ID="Textword_84" HPOS="1320" VPOS="1794" HEIGHT="84" WIDTH="172" CONTENT="Inlaid," WC="0.92" />
            <String ID="Textword_85" HPOS="1526" VPOS="1792" HEIGHT="65" WIDTH="159" CONTENT="Moiré" WC="0.93" />
            <String ID="Textword_86" HPOS="1720" VPOS="1792" HEIGHT="64" WIDTH="95" CONTENT="und" WC="0.90" />
            <String ID="Textword_87" HPOS="1863" VPOS="1791" HEIGHT="83" WIDTH="171" CONTENT="Jaspé." WC="0.90" />
          </TextLine>
        </TextBlock>
        <TextBlock ID="TextBlock_22" HPOS="634" VPOS="1855" HEIGHT="147" WIDTH="1086">
          <TextLine ID="TextLine_30" HPOS="634" VPOS="1855" HEIGHT="84" WIDTH="1085">
            <String ID="Textword_88" HPOS="634" VPOS="1855" HEIGHT="78" WIDTH="225" CONTENT=" iebernahung" WC="0.00" />
            <String ID="Textword_89" HPOS="891" VPOS="1900" HEIGHT="31" WIDTH="164" CONTENT="einzelner" WC="0.95" />
            <String ID="Textword_90" HPOS="1080" VPOS="1900" HEIGHT="38" WIDTH="135" CONTENT="Räume," WC="0.96" />
            <String ID="Textword_91" HPOS="1248" VPOS="1899" HEIGHT="32" WIDTH="100" CONTENT="sowie" WC="0.96" />
            <String ID="Textword_92" HPOS="1372" VPOS="1908" HEIGHT="31" WIDTH="121" CONTENT="ganzer" WC="0.96" />
            <String ID="Textword_93" HPOS="1515" VPOS="1898" HEIGHT="32" WIDTH="204" CONTENT="Neubauten." WC="0.96" />
          </TextLine>
          <TextLine ID="TextLine_31" HPOS="636" VPOS="1959" HEIGHT="43" WIDTH="1084">
            <String ID="Textword_94" HPOS="636" VPOS="1963" HEIGHT="32" WIDTH="81" CONTENT="a3”" WC="0.65" />
            <String ID="Textword_95" HPOS="752" VPOS="1962" HEIGHT="33" WIDTH="262" CONTENT="Garantie" WC="0.95" />
            <String ID="Textword_96" HPOS="1048" VPOS="1961" HEIGHT="32" WIDTH="74" CONTENT="für" WC="0.93" />
            <String ID="Textword_97" HPOS="1155" VPOS="1961" HEIGHT="32" WIDTH="234" CONTENT="tadelloses" WC="0.91" />
            <String ID="Textword_98" HPOS="1418" VPOS="1961" HEIGHT="41" WIDTH="175" CONTENT="Liegen." WC="0.88" />
            <String ID="Textword_99" HPOS="1618" VPOS="1959" HEIGHT="41" WIDTH="102" CONTENT="2" WC="0.66" />
          </TextLine>
        </TextBlock>
        <TextBlock ID="TextBlock_23" HPOS="526" VPOS="2029" HEIGHT="99" WIDTH="1306">
          <TextLine ID="TextLine_32" HPOS="526" VPOS="2029" HEIGHT="49" WIDTH="1306">
            <String ID="Textword_100" HPOS="526" VPOS="2035" HEIGHT="31" WIDTH="256" CONTENT="Aeusserste" WC="0.91" />
            <String ID="Textword_101" HPOS="821" VPOS="2033" HEIGHT="40" WIDTH="310" CONTENT="Fabrikpreise" WC="0.91" />
            <String ID="Textword_102" HPOS="1143" VPOS="2032" HEIGHT="46" WIDTH="93" CONTENT="bei" WC="0.96" />
            <String ID="Textword_103" HPOS="1273" VPOS="2032" HEIGHT="41" WIDTH="227" CONTENT="grösseren" WC="0.93" />
            <String ID="Textword_104" HPOS="1537" VPOS="2029" HEIGHT="43" WIDTH="295" CONTENT="Quantitäten." WC="0.90" />
          </TextLine>
          <TextLine ID="TextLine_33" HPOS="707" VPOS="2085" HEIGHT="43" WIDTH="946">
            <String ID="Textword_105" HPOS="707" VPOS="2088" HEIGHT="40" WIDTH="71" CONTENT="Von" WC="0.92" />
            <String ID="Textword_106" HPOS="804" VPOS="2089" HEIGHT="29" WIDTH="178" CONTENT="couranten" WC="0.91" />
            <String ID="Textword_107" HPOS="1007" VPOS="2087" HEIGHT="32" WIDTH="116" CONTENT="Sorten" WC="0.96" />
            <String ID="Textword_108" HPOS="1147" VPOS="2086" HEIGHT="31" WIDTH="45" CONTENT="ist" WC="0.96" />
            <String ID="Textword_109" HPOS="1215" VPOS="2088" HEIGHT="29" WIDTH="84" CONTENT="stets" WC="0.96" />
            <String ID="Textword_110" HPOS="1323" VPOS="2085" HEIGHT="40" WIDTH="108" CONTENT="Lager" WC="0.96" />
            <String ID="Textword_111" HPOS="1454" VPOS="2085" HEIGHT="31" WIDTH="199" CONTENT="vorhanden." WC="0.95" />
          </TextLine>
        </TextBlock>
        <TextBlock ID="TextBlock_24" HPOS="314" VPOS="1120" HEIGHT="17" WIDTH="1722">
          <TextLine ID="TextLine_34" HPOS="314" VPOS="1120" HEIGHT="17" WIDTH="1722">
            <SP ID="Textword_12" HPOS="314" VPOS="1120" />
            <String ID="Textword_112" HPOS="314" VPOS="1120" HEIGHT="17" WIDTH="1722" CONTENT=" " WC="0.95" />
          </TextLine>
        </TextBlock>
        <TextBlock ID="TextBlock_25" HPOS="314" VPOS="2150" HEIGHT="16" WIDTH="1723">
          <TextLine ID="TextLine_35" HPOS="314" VPOS="2150" HEIGHT="16" WIDTH="1723">
            <SP ID="Textword_13" HPOS="314" VPOS="2150" />
            <String ID="Textword_113" HPOS="314" VPOS="2150" HEIGHT="16" WIDTH="1723" CONTENT=" " WC="0.95" />
          </TextLine>
        </TextBlock>
        <TextBlock ID="TextBlock_26" HPOS="311" VPOS="2187" HEIGHT="1255" WIDTH="698">
          <TextLine ID="TextLine_36" HPOS="311" VPOS="2187" HEIGHT="232" WIDTH="698">
            <SP ID="Textword_14" HPOS="311" VPOS="2187" />
            <String ID="Textword_114" HPOS="311" VPOS="2187" HEIGHT="232" WIDTH="698" CONTENT=" " WC="0.95" />
          </TextLine>
          <TextLine ID="TextLine_37" HPOS="311" VPOS="2419" HEIGHT="758" WIDTH="102">
            <SP ID="Textword_15" HPOS="311" VPOS="2419" />
            <String ID="Textword_115" HPOS="311" VPOS="2419" HEIGHT="758" WIDTH="102" CONTENT="  " WC="0.95" />
          </TextLine>
          <TextLine ID="TextLine_38" HPOS="313" VPOS="3177" HEIGHT="265" WIDTH="141">
            <SP ID="Textword_16" HPOS="313" VPOS="3177" />
            <String ID="Textword_116" HPOS="313" VPOS="3177" HEIGHT="265" WIDTH="141" CONTENT=" " WC="0.95" />
          </TextLine>
        </TextBlock>
        <TextBlock ID="TextBlock_27" HPOS="1523" VPOS="2349" HEIGHT="67" WIDTH="489">
          <TextLine ID="TextLine_39" HPOS="1523" VPOS="2349" HEIGHT="67" WIDTH="489">
            <String ID="Textword_117" HPOS="1523" VPOS="2349" HEIGHT="67" WIDTH="489" CONTENT="Buchhaltung." WC="0.95" />
          </TextLine>
        </TextBlock>
        <TextBlock ID="TextBlock_28" HPOS="1485" VPOS="2426" HEIGHT="282" WIDTH="557">
          <TextLine ID="TextLine_40" HPOS="1485" VPOS="2426" HEIGHT="36" WIDTH="553">
            <String ID="Textword_118" HPOS="1485" VPOS="2430" HEIGHT="25" WIDTH="72" CONTENT="nach" WC="0.96" />
            <String ID="Textword_119" HPOS="1575" VPOS="2429" HEIGHT="26" WIDTH="71" CONTENT="allen" WC="0.95" />
            <String ID="Textword_120" HPOS="1659" VPOS="2428" HEIGHT="34" WIDTH="142" CONTENT="Systemen" WC="0.95" />
            <String ID="Textword_121" HPOS="1816" VPOS="2427" HEIGHT="27" WIDTH="57" CONTENT="und" WC="0.96" />
            <String ID="Textword_122" HPOS="1882" VPOS="2427" HEIGHT="34" WIDTH="91" CONTENT="jedem" WC="0.93" />
            <String ID="Textword_123" HPOS="1986" VPOS="2426" HEIGHT="27" WIDTH="52" CONTENT="Ge-" WC="0.92" />
          </TextLine>
          <TextLine ID="TextLine_41" HPOS="1486" VPOS="2462" HEIGHT="35" WIDTH="554">
            <String ID="Textword_124" HPOS="1486" VPOS="2464" HEIGHT="31" WIDTH="208" CONTENT="schiéftsbetrieb" WC="0.54" />
            <String ID="Textword_125" HPOS="1749" VPOS="2464" HEIGHT="33" WIDTH="156" CONTENT="angepasst," WC="0.90" />
            <String ID="Textword_126" HPOS="1952" VPOS="2462" HEIGHT="26" WIDTH="88" CONTENT="Nach-" WC="0.56" />
          </TextLine>
          <TextLine ID="TextLine_42" HPOS="1487" VPOS="2498" HEIGHT="36" WIDTH="553">
            <String ID="Textword_127" HPOS="1487" VPOS="2503" HEIGHT="31" WIDTH="121" CONTENT="tragung" WC="0.91" />
            <String ID="Textword_128" HPOS="1649" VPOS="2507" HEIGHT="19" WIDTH="54" CONTENT="von" WC="0.86" />
            <String ID="Textword_129" HPOS="1745" VPOS="2499" HEIGHT="33" WIDTH="132" CONTENT="Büchern," WC="0.86" />
            <String ID="Textword_130" HPOS="1923" VPOS="2498" HEIGHT="26" WIDTH="117" CONTENT="Bücher-" WC="0.85" />
          </TextLine>
          <TextLine ID="TextLine_43" HPOS="1487" VPOS="2534" HEIGHT="32" WIDTH="554">
            <String ID="Textword_131" HPOS="1487" VPOS="2543" HEIGHT="18" WIDTH="33" CONTENT="ex" WC="0.93" />
            <String ID="Textword_132" HPOS="1542" VPOS="2537" HEIGHT="24" WIDTH="102" CONTENT="ertisen" WC="0.92" />
            <String ID="Textword_133" HPOS="1686" VPOS="2534" HEIGHT="26" WIDTH="56" CONTENT="und" WC="0.91" />
            <String ID="Textword_134" HPOS="1784" VPOS="2534" HEIGHT="32" WIDTH="160" CONTENT="Erstelung" WC="0.49" />
            <String ID="Textword_135" HPOS="1986" VPOS="2541" HEIGHT="17" WIDTH="55" CONTENT="von" WC="0.96" />
          </TextLine>
          <TextLine ID="TextLine_44" HPOS="1487" VPOS="2567" HEIGHT="36" WIDTH="555">
            <String ID="Textword_136" HPOS="1487" VPOS="2570" HEIGHT="26" WIDTH="133" CONTENT="Bilanzen" WC="0.96" />
            <String ID="Textword_137" HPOS="1647" VPOS="2569" HEIGHT="34" WIDTH="111" CONTENT="besorgt" WC="0.96" />
            <String ID="Textword_138" HPOS="1784" VPOS="2567" HEIGHT="34" WIDTH="171" CONTENT="zuverlässig" WC="0.96" />
            <String ID="Textword_139" HPOS="1984" VPOS="2568" HEIGHT="26" WIDTH="58" CONTENT="und" WC="0.96" />
          </TextLine>
          <TextLine ID="TextLine_45" HPOS="1487" VPOS="2603" HEIGHT="35" WIDTH="554">
            <String ID="Textword_140" HPOS="1487" VPOS="2603" HEIGHT="35" WIDTH="429" CONTENT="diskretE.Muggli-Isler," WC="0.77" />
            <String ID="Textword_141" HPOS="1923" VPOS="2603" HEIGHT="26" WIDTH="118" CONTENT="Bücher-" WC="0.92" />
          </TextLine>
          <TextLine ID="TextLine_46" HPOS="1488" VPOS="2638" HEIGHT="36" WIDTH="554">
            <String ID="Textword_142" HPOS="1488" VPOS="2642" HEIGHT="32" WIDTH="111" CONTENT="experte" WC="0.92" />
            <String ID="Textword_143" HPOS="1607" VPOS="2640" HEIGHT="33" WIDTH="95" CONTENT="(ehem." WC="0.94" />
            <String ID="Textword_144" HPOS="1709" VPOS="2639" HEIGHT="27" WIDTH="143" CONTENT="Prokurist" WC="0.96" />
            <String ID="Textword_145" HPOS="1858" VPOS="2639" HEIGHT="26" WIDTH="48" CONTENT="der" WC="0.96" />
            <String ID="Textword_146" HPOS="1911" VPOS="2638" HEIGHT="28" WIDTH="131" CONTENT="Schweiz." WC="0.92" />
          </TextLine>
          <TextLine ID="TextLine_47" HPOS="1489" VPOS="2673" HEIGHT="35" WIDTH="421">
            <String ID="Textword_147" HPOS="1489" VPOS="2676" HEIGHT="32" WIDTH="170" CONTENT="Volksbank)" WC="0.96" />
            <String ID="Textword_148" HPOS="1678" VPOS="2673" HEIGHT="29" WIDTH="145" CONTENT="Zürich" WC="0.96" />
            <String ID="Textword_149" HPOS="1841" VPOS="2674" HEIGHT="27" WIDTH="69" CONTENT="IV." WC="0.92" />
          </TextLine>
        </TextBlock>
        <TextBlock ID="TextBlock_29" HPOS="413" VPOS="2495" HEIGHT="152" WIDTH="943">
          <TextLine ID="TextLine_48" HPOS="413" VPOS="2495" HEIGHT="152" WIDTH="943">
            <String ID="Textword_150" HPOS="413" VPOS="2495" HEIGHT="152" WIDTH="943" CONTENT="Diesel-Motoren" WC="0.89" />
          </TextLine>
        </TextBlock>
        <TextBlock ID="TextBlock_30" HPOS="624" VPOS="2707" HEIGHT="167" WIDTH="518">
          <TextLine ID="TextLine_49" HPOS="663" VPOS="2707" HEIGHT="39" WIDTH="439">
            <String ID="Textword_151" HPOS="663" VPOS="2707" HEIGHT="39" WIDTH="214" CONTENT="(Eingetragene" WC="0.93" />
            <String ID="Textword_152" HPOS="897" VPOS="2707" HEIGHT="32" WIDTH="205" CONTENT="Schutzmarke)" WC="0.92" />
          </TextLine>
          <TextLine ID="TextLine_50" HPOS="624" VPOS="2768" HEIGHT="35" WIDTH="518">
            <String ID="Textword_153" HPOS="624" VPOS="2769" HEIGHT="34" WIDTH="240" CONTENT="Wirtschaftlich" WC="0.91" />
            <String ID="Textword_154" HPOS="890" VPOS="2768" HEIGHT="34" WIDTH="252" CONTENT="vorteilhafteste" WC="0.91" />
          </TextLine>
          <TextLine ID="TextLine_51" HPOS="680" VPOS="2832" HEIGHT="42" WIDTH="382">
            <String ID="Textword_155" HPOS="680" VPOS="2832" HEIGHT="42" WIDTH="382" CONTENT="Verbrennungsmotoren" WC="0.92" />
          </TextLine>
        </TextBlock>
        <TextBlock ID="TextBlock_31" HPOS="1488" VPOS="2814" HEIGHT="197" WIDTH="557">
          <TextLine ID="TextLine_52" HPOS="1488" VPOS="2814" HEIGHT="57" WIDTH="557">
            <String ID="Textword_156" HPOS="0" VPOS="0" HEIGHT="4976" WIDTH="3432" CONTENT="ds" WC="0.31" />
            <String ID="Textword_157" HPOS="1488" VPOS="2815" HEIGHT="56" WIDTH="422" CONTENT="CE" WC="0.14" />
            <String ID="Textword_158" HPOS="1911" VPOS="2814" HEIGHT="54" WIDTH="134" CONTENT="DS" WC="0.03" />
          </TextLine>
          <TextLine ID="TextLine_53" HPOS="1523" VPOS="2925" HEIGHT="86" WIDTH="492">
            <String ID="Textword_159" HPOS="1523" VPOS="2926" HEIGHT="85" WIDTH="229" CONTENT="begenstrom" WC="0.35" />
            <String ID="Textword_160" HPOS="1764" VPOS="2962" HEIGHT="12" WIDTH="18" CONTENT="-" WC="0.75" />
            <String ID="Textword_161" HPOS="1793" VPOS="2925" HEIGHT="74" WIDTH="222" CONTENT="Vorwärmer" WC="0.75" />
          </TextLine>
        </TextBlock>
        <TextBlock ID="TextBlock_32" HPOS="1558" VPOS="3011" HEIGHT="25" WIDTH="398">
          <TextLine ID="TextLine_54" HPOS="1558" VPOS="3011" HEIGHT="25" WIDTH="398">
            <String ID="Textword_162" HPOS="1558" VPOS="3012" HEIGHT="20" WIDTH="28" CONTENT="D." WC="0.79" />
            <String ID="Textword_163" HPOS="1597" VPOS="3012" HEIGHT="21" WIDTH="28" CONTENT="R." WC="0.27" />
            <String ID="Textword_164" HPOS="1636" VPOS="3012" HEIGHT="20" WIDTH="17" CONTENT="P" WC="0.27" />
            <String ID="Textword_165" HPOS="1678" VPOS="3012" HEIGHT="21" WIDTH="46" CONTENT="und" WC="0.96" />
            <String ID="Textword_166" HPOS="1739" VPOS="3012" HEIGHT="24" WIDTH="113" CONTENT="Schweiz." WC="0.06" />
            <String ID="Textword_167" HPOS="1862" VPOS="3011" HEIGHT="21" WIDTH="94" CONTENT="Patent." WC="0.95" />
          </TextLine>
        </TextBlock>
        <TextBlock ID="TextBlock_33" HPOS="1489" VPOS="2886" HEIGHT="10" WIDTH="556">
          <TextLine ID="TextLine_55" HPOS="1489" VPOS="2886" HEIGHT="10" WIDTH="556">
            <SP ID="Textword_17" HPOS="1489" VPOS="2886" />
            <String ID="Textword_168" HPOS="1489" VPOS="2886" HEIGHT="10" WIDTH="556" CONTENT=" " WC="0.95" />
          </TextLine>
        </TextBlock>
        <TextBlock ID="TextBlock_34" HPOS="712" VPOS="2903" HEIGHT="142" WIDTH="350">
          <TextLine ID="TextLine_56" HPOS="753" VPOS="2903" HEIGHT="27" WIDTH="274">
            <String ID="Textword_169" HPOS="753" VPOS="2912" HEIGHT="18" WIDTH="62" CONTENT="zum" WC="0.93" />
            <String ID="Textword_170" HPOS="833" VPOS="2903" HEIGHT="26" WIDTH="126" CONTENT="Betriebe" WC="0.92" />
            <String ID="Textword_171" HPOS="978" VPOS="2903" HEIGHT="26" WIDTH="49" CONTENT="mit" WC="0.95" />
          </TextLine>
          <TextLine ID="TextLine_57" HPOS="817" VPOS="2956" HEIGHT="34" WIDTH="146">
            <String ID="Textword_172" HPOS="817" VPOS="2956" HEIGHT="34" WIDTH="146" CONTENT="billigen" WC="0.96" />
          </TextLine>
          <TextLine ID="TextLine_58" HPOS="712" VPOS="3010" HEIGHT="35" WIDTH="350">
            <String ID="Textword_173" HPOS="712" VPOS="3011" HEIGHT="34" WIDTH="130" CONTENT="flüssigen" WC="0.93" />
            <String ID="Textword_174" HPOS="861" VPOS="3010" HEIGHT="27" WIDTH="201" CONTENT="Brennstoffen." WC="0.90" />
          </TextLine>
        </TextBlock>
        <TextBlock ID="TextBlock_35" HPOS="809" VPOS="3091" HEIGHT="16" WIDTH="158">
          <TextLine ID="TextLine_59" HPOS="809" VPOS="3091" HEIGHT="16" WIDTH="158">
            <String ID="Textword_175" HPOS="809" VPOS="3091" HEIGHT="16" WIDTH="158" CONTENT="———" WC="0.00" />
          </TextLine>
        </TextBlock>
        <TextBlock ID="TextBlock_36" HPOS="1711" VPOS="3050" HEIGHT="561" WIDTH="275">
          <TextLine ID="TextLine_60" HPOS="1711" VPOS="3050" HEIGHT="561" WIDTH="275">
            <SP ID="Textword_18" HPOS="1711" VPOS="3050" />
            <String ID="Textword_176" HPOS="1711" VPOS="3050" HEIGHT="561" WIDTH="275" CONTENT=" " WC="0.95" />
          </TextLine>
        </TextBlock>
        <TextBlock ID="TextBlock_37" HPOS="520" VPOS="3171" HEIGHT="475" WIDTH="1331">
          <TextLine ID="TextLine_61" HPOS="571" VPOS="3171" HEIGHT="36" WIDTH="1163">
            <String ID="Textword_177" HPOS="571" VPOS="3173" HEIGHT="34" WIDTH="139" CONTENT="Alleinige" WC="0.92" />
            <String ID="Textword_178" HPOS="729" VPOS="3173" HEIGHT="26" WIDTH="184" CONTENT="Fabrikanten" WC="0.92" />
            <String ID="Textword_179" HPOS="931" VPOS="3171" HEIGHT="27" WIDTH="46" CONTENT="für" WC="0.96" />
            <String ID="Textword_180" HPOS="997" VPOS="3172" HEIGHT="25" WIDTH="41" CONTENT="die" WC="0.96" />
            <String ID="Textword_181" HPOS="1057" VPOS="3171" HEIGHT="26" WIDTH="135" CONTENT="Schweiz:" WC="0.96" />
            <String ID="Textword_182" HPOS="1651" VPOS="3178" HEIGHT="28" WIDTH="83" CONTENT="u" WC="0.31" />
          </TextLine>
          <TextLine ID="TextLine_62" HPOS="1637" VPOS="3213" HEIGHT="14" WIDTH="71">
            <String ID="Textword_183" HPOS="1637" VPOS="3213" HEIGHT="14" WIDTH="71" CONTENT="EINTRITT" WC="0.57" />
          </TextLine>
          <TextLine ID="TextLine_63" HPOS="710" VPOS="3251" HEIGHT="21" WIDTH="983">
            <String ID="Textword_184" HPOS="710" VPOS="3251" HEIGHT="21" WIDTH="43" CONTENT="ee" WC="0.93" />
            <String ID="Textword_185" HPOS="1533" VPOS="3253" HEIGHT="17" WIDTH="160" CONTENT="————_" WC="0.12" />
            <String ID="Textword_186" HPOS="0" VPOS="0" HEIGHT="4976" WIDTH="3432" CONTENT="—_" WC="0.14" />
          </TextLine>
          <TextLine ID="TextLine_64" HPOS="1561" VPOS="3279" HEIGHT="30" WIDTH="100">
            <String ID="Textword_187" HPOS="1561" VPOS="3279" HEIGHT="30" WIDTH="100" CONTENT="einfachste" WC="0.66" />
          </TextLine>
          <TextLine ID="TextLine_65" HPOS="1560" VPOS="3315" HEIGHT="30" WIDTH="99">
            <String ID="Textword_188" HPOS="1560" VPOS="3315" HEIGHT="29" WIDTH="36" CONTENT="und" WC="0.89" />
            <String ID="Textword_189" HPOS="1608" VPOS="3315" HEIGHT="30" WIDTH="51" CONTENT="best" WC="0.71" />
          </TextLine>
          <TextLine ID="TextLine_66" HPOS="1548" VPOS="3351" HEIGHT="29" WIDTH="129">
            <String ID="Textword_190" HPOS="1548" VPOS="3351" HEIGHT="29" WIDTH="129" CONTENT="Konstruktion" WC="0.93" />
          </TextLine>
          <TextLine ID="TextLine_67" HPOS="723" VPOS="3402" HEIGHT="34" WIDTH="967">
            <String ID="Textword_191" HPOS="723" VPOS="3402" HEIGHT="34" WIDTH="325" CONTENT="WINTERTHUR." WC="0.95" />
            <String ID="Textword_192" HPOS="1532" VPOS="3405" HEIGHT="8" WIDTH="158" CONTENT="Ca" WC="0.37" />
            <String ID="Textword_193" HPOS="0" VPOS="0" HEIGHT="4976" WIDTH="3432" CONTENT="e" WC="0.51" />
          </TextLine>
          <TextLine ID="TextLine_68" HPOS="520" VPOS="3536" HEIGHT="30" WIDTH="748">
            <String ID="Textword_194" HPOS="520" VPOS="3539" HEIGHT="27" WIDTH="52" CONTENT="Die" WC="0.96" />
            <String ID="Textword_195" HPOS="585" VPOS="3539" HEIGHT="26" WIDTH="125" CONTENT="Motoren" WC="0.96" />
            <String ID="Textword_196" HPOS="729" VPOS="3538" HEIGHT="26" WIDTH="106" CONTENT="werden" WC="0.96" />
            <String ID="Textword_197" HPOS="854" VPOS="3537" HEIGHT="27" WIDTH="28" CONTENT="in" WC="0.96" />
            <String ID="Textword_198" HPOS="896" VPOS="3537" HEIGHT="27" WIDTH="119" CONTENT="Grössen" WC="0.96" />
            <String ID="Textword_199" HPOS="1033" VPOS="3545" HEIGHT="18" WIDTH="53" CONTENT="von" WC="0.96" />
            <String ID="Textword_200" HPOS="1104" VPOS="3536" HEIGHT="25" WIDTH="35" CONTENT="20" WC="0.93" />
            <String ID="Textword_201" HPOS="1153" VPOS="3536" HEIGHT="26" WIDTH="67" CONTENT="P.S." WC="0.90" />
            <String ID="Textword_202" HPOS="1234" VPOS="3543" HEIGHT="19" WIDTH="34" CONTENT="an" WC="0.96" />
          </TextLine>
          <TextLine ID="TextLine_69" HPOS="734" VPOS="3581" HEIGHT="35" WIDTH="321">
            <String ID="Textword_203" HPOS="734" VPOS="3582" HEIGHT="26" WIDTH="131" CONTENT="aufwärts" WC="0.96" />
            <String ID="Textword_204" HPOS="885" VPOS="3581" HEIGHT="35" WIDTH="170" CONTENT="ausgeführt." WC="0.96" />
          </TextLine>
          <TextLine ID="TextLine_70" HPOS="1690" VPOS="3619" HEIGHT="27" WIDTH="161">
            <String ID="Textword_205" HPOS="1690" VPOS="3619" HEIGHT="27" WIDTH="143" CONTENT="Vertreter" WC="0.91" />
            <String ID="Textword_206" HPOS="1845" VPOS="3629" HEIGHT="17" WIDTH="6" CONTENT=":" WC="0.90" />
          </TextLine>
        </TextBlock>
        <TextBlock ID="TextBlock_38" HPOS="1541" VPOS="3664" HEIGHT="107" WIDTH="447">
          <TextLine ID="TextLine_71" HPOS="1580" VPOS="3664" HEIGHT="52" WIDTH="389">
            <String ID="Textword_207" HPOS="1580" VPOS="3664" HEIGHT="45" WIDTH="188" CONTENT="Schmassmann" WC="0.79" />
            <String ID="Textword_208" HPOS="1782" VPOS="3667" HEIGHT="42" WIDTH="18" CONTENT="&amp;" WC="0.55" />
            <String ID="Textword_209" HPOS="1814" VPOS="3665" HEIGHT="51" WIDTH="44" CONTENT="Go," WC="0.48" />
            <String ID="Textword_210" HPOS="1873" VPOS="3665" HEIGHT="44" WIDTH="96" CONTENT="Zürich." WC="0.88" />
          </TextLine>
          <TextLine ID="TextLine_72" HPOS="1541" VPOS="3717" HEIGHT="54" WIDTH="447">
            <String ID="Textword_211" HPOS="1541" VPOS="3718" HEIGHT="44" WIDTH="32" CONTENT="F." WC="0.90" />
            <String ID="Textword_212" HPOS="1591" VPOS="3717" HEIGHT="51" WIDTH="142" CONTENT="Mattick," WC="0.70" />
            <String ID="Textword_213" HPOS="1747" VPOS="3727" HEIGHT="38" WIDTH="103" CONTENT="Pulsnitz" WC="0.86" />
            <String ID="Textword_214" HPOS="1861" VPOS="3728" HEIGHT="43" WIDTH="37" CONTENT="91," WC="0.85" />
            <String ID="Textword_215" HPOS="1910" VPOS="3729" HEIGHT="36" WIDTH="78" CONTENT="Sachs." WC="0.84" />
          </TextLine>
        </TextBlock>
        <TextBlock ID="TextBlock_39" HPOS="2125" VPOS="368" HEIGHT="15" WIDTH="1063">
          <TextLine ID="TextLine_73" HPOS="2125" VPOS="368" HEIGHT="15" WIDTH="1063">
            <SP ID="Textword_19" HPOS="2125" VPOS="368" />
            <String ID="Textword_216" HPOS="2125" VPOS="368" HEIGHT="15" WIDTH="1063" CONTENT=" " WC="0.95" />
          </TextLine>
        </TextBlock>
        <TextBlock ID="TextBlock_40" HPOS="2061" VPOS="373" HEIGHT="140" WIDTH="1043">
          <TextLine ID="TextLine_74" HPOS="2061" VPOS="373" HEIGHT="140" WIDTH="1043">
            <String ID="Textword_217" HPOS="2061" VPOS="373" HEIGHT="130" WIDTH="60" CONTENT="E" WC="0.32" />
            <String ID="Textword_218" HPOS="2145" VPOS="418" HEIGHT="95" WIDTH="503" CONTENT="Schweizerische" WC="0.92" />
            <String ID="Textword_219" HPOS="2694" VPOS="418" HEIGHT="85" WIDTH="410" CONTENT="Kreditanstalf" WC="0.65" />
          </TextLine>
        </TextBlock>
        <TextBlock ID="TextBlock_41" HPOS="2091" VPOS="533" HEIGHT="198" WIDTH="1065">
          <TextLine ID="TextLine_75" HPOS="2145" VPOS="533" HEIGHT="42" WIDTH="954">
            <String ID="Textword_220" HPOS="2145" VPOS="533" HEIGHT="42" WIDTH="161" CONTENT="Zürich" WC="0.90" />
            <String ID="Textword_221" HPOS="2334" VPOS="558" HEIGHT="3" WIDTH="51" CONTENT="—" WC="0.91" />
            <String ID="Textword_222" HPOS="2414" VPOS="534" HEIGHT="40" WIDTH="130" CONTENT="Basel" WC="0.93" />
            <String ID="Textword_223" HPOS="2573" VPOS="557" HEIGHT="4" WIDTH="50" CONTENT="—" WC="0.91" />
            <String ID="Textword_224" HPOS="2655" VPOS="533" HEIGHT="41" WIDTH="118" CONTENT="Genf" WC="0.91" />
            <String ID="Textword_225" HPOS="2787" VPOS="557" HEIGHT="3" WIDTH="51" CONTENT="—" WC="0.92" />
            <String ID="Textword_226" HPOS="2859" VPOS="533" HEIGHT="41" WIDTH="58" CONTENT="St." WC="0.92" />
            <String ID="Textword_227" HPOS="2931" VPOS="533" HEIGHT="41" WIDTH="168" CONTENT="Gallen." WC="0.88" />
          </TextLine>
          <TextLine ID="TextLine_76" HPOS="2411" VPOS="588" HEIGHT="35" WIDTH="445">
            <String ID="Textword_228" HPOS="2411" VPOS="588" HEIGHT="35" WIDTH="309" CONTENT="GEGRÜNDET" WC="0.94" />
            <String ID="Textword_229" HPOS="2744" VPOS="594" HEIGHT="28" WIDTH="112" CONTENT="1856." WC="0.95" />
          </TextLine>
          <TextLine ID="TextLine_77" HPOS="2091" VPOS="640" HEIGHT="40" WIDTH="1065">
            <String ID="Textword_230" HPOS="2091" VPOS="640" HEIGHT="32" WIDTH="276" CONTENT="Einbezahltes" WC="0.84" />
            <String ID="Textword_231" HPOS="2392" VPOS="640" HEIGHT="40" WIDTH="302" CONTENT="Aktienkapital" WC="0.96" />
            <String ID="Textword_232" HPOS="2814" VPOS="640" HEIGHT="32" WIDTH="59" CONTENT="Fr." WC="0.91" />
            <String ID="Textword_233" HPOS="2892" VPOS="640" HEIGHT="38" WIDTH="264" CONTENT="65,000,000." WC="0.89" />
          </TextLine>
          <TextLine ID="TextLine_78" HPOS="2093" VPOS="693" HEIGHT="38" WIDTH="1062">
            <String ID="Textword_234" HPOS="2093" VPOS="695" HEIGHT="31" WIDTH="197" CONTENT="Reserven" WC="0.96" />
            <String ID="Textword_235" HPOS="2809" VPOS="693" HEIGHT="33" WIDTH="60" CONTENT="Fr." WC="0.93" />
            <String ID="Textword_236" HPOS="2888" VPOS="693" HEIGHT="38" WIDTH="267" CONTENT="20,000,000." WC="0.90" />
          </TextLine>
        </TextBlock>
        <TextBlock ID="TextBlock_42" HPOS="2202" VPOS="810" HEIGHT="34" WIDTH="645">
          <TextLine ID="TextLine_79" HPOS="2202" VPOS="810" HEIGHT="34" WIDTH="645">
            <String ID="Textword_237" HPOS="2202" VPOS="810" HEIGHT="26" WIDTH="61" CONTENT="Wir" WC="0.96" />
            <String ID="Textword_238" HPOS="2282" VPOS="811" HEIGHT="25" WIDTH="113" CONTENT="nehmen" WC="0.96" />
            <String ID="Textword_239" HPOS="2416" VPOS="810" HEIGHT="27" WIDTH="98" CONTENT="Gelder" WC="0.96" />
            <String ID="Textword_240" HPOS="2534" VPOS="819" HEIGHT="18" WIDTH="35" CONTENT="an" WC="0.96" />
            <String ID="Textword_241" HPOS="2588" VPOS="818" HEIGHT="26" WIDTH="91" CONTENT="gegen" WC="0.96" />
            <String ID="Textword_242" HPOS="2697" VPOS="817" HEIGHT="19" WIDTH="97" CONTENT="unsere" WC="0.95" />
            <String ID="Textword_243" HPOS="2813" VPOS="818" HEIGHT="17" WIDTH="34" CONTENT="zu" WC="0.96" />
          </TextLine>
        </TextBlock>
        <TextBlock ID="TextBlock_43" HPOS="2581" VPOS="856" HEIGHT="52" WIDTH="45">
          <TextLine ID="TextLine_80" HPOS="2581" VPOS="856" HEIGHT="52" WIDTH="45">
            <String ID="Textword_244" HPOS="2581" VPOS="856" HEIGHT="71" WIDTH="45" CONTENT="4" WC="0.96" />
          </TextLine>
        </TextBlock>
        <TextBlock ID="TextBlock_44" HPOS="2646" VPOS="855" HEIGHT="61" WIDTH="54">
          <TextLine ID="TextLine_81" HPOS="2646" VPOS="855" HEIGHT="25" WIDTH="19">
            <SP ID="Textword_20" HPOS="2646" VPOS="855" />
            <String ID="Textword_245" HPOS="2646" VPOS="855" HEIGHT="25" WIDTH="19" CONTENT=" " WC="0.95" />
          </TextLine>
          <TextLine ID="TextLine_82" HPOS="2679" VPOS="891" HEIGHT="25" WIDTH="21">
            <SP ID="Textword_21" HPOS="2679" VPOS="891" />
            <String ID="Textword_246" HPOS="2679" VPOS="891" HEIGHT="25" WIDTH="21" CONTENT=" " WC="0.95" />
          </TextLine>
        </TextBlock>
        <TextBlock ID="TextBlock_45" HPOS="2095" VPOS="926" HEIGHT="27" WIDTH="200">
          <TextLine ID="TextLine_83" HPOS="2095" VPOS="926" HEIGHT="27" WIDTH="200">
            <String ID="Textword_247" HPOS="2095" VPOS="926" HEIGHT="27" WIDTH="200" CONTENT="verzinslichen" WC="0.92" />
          </TextLine>
        </TextBlock>
        <TextBlock ID="TextBlock_46" HPOS="2177" VPOS="971" HEIGHT="121" WIDTH="909">
          <TextLine ID="TextLine_84" HPOS="2177" VPOS="971" HEIGHT="121" WIDTH="909">
            <String ID="Textword_248" HPOS="2177" VPOS="971" HEIGHT="121" WIDTH="909" CONTENT="Kassa-Obligationen" WC="0.90" />
          </TextLine>
        </TextBlock>
        <TextBlock ID="TextBlock_47" HPOS="2067" VPOS="1102" HEIGHT="64" WIDTH="1092">
          <TextLine ID="TextLine_85" HPOS="2067" VPOS="1102" HEIGHT="36" WIDTH="1092">
            <String ID="Textword_249" HPOS="2067" VPOS="1112" HEIGHT="15" WIDTH="4" CONTENT="!" WC="0.39" />
            <String ID="Textword_250" HPOS="2097" VPOS="1104" HEIGHT="26" WIDTH="49" CONTENT="auf" WC="0.95" />
            <String ID="Textword_251" HPOS="2163" VPOS="1104" HEIGHT="27" WIDTH="57" CONTENT="drei" WC="0.95" />
            <String ID="Textword_252" HPOS="2240" VPOS="1104" HEIGHT="27" WIDTH="84" CONTENT="Jahre" WC="0.96" />
            <String ID="Textword_253" HPOS="2343" VPOS="1104" HEIGHT="34" WIDTH="63" CONTENT="fest," WC="0.96" />
            <String ID="Textword_254" HPOS="2425" VPOS="1104" HEIGHT="27" WIDTH="120" CONTENT="nachher" WC="0.96" />
            <String ID="Textword_255" HPOS="2563" VPOS="1104" HEIGHT="34" WIDTH="176" CONTENT="gegenseitig" WC="0.96" />
            <String ID="Textword_256" HPOS="2758" VPOS="1103" HEIGHT="27" WIDTH="50" CONTENT="auf" WC="0.96" />
            <String ID="Textword_257" HPOS="2824" VPOS="1103" HEIGHT="26" WIDTH="57" CONTENT="drei" WC="0.96" />
            <String ID="Textword_258" HPOS="2895" VPOS="1103" HEIGHT="26" WIDTH="111" CONTENT="Monate" WC="0.96" />
            <String ID="Textword_259" HPOS="3024" VPOS="1102" HEIGHT="33" WIDTH="135" CONTENT="kündbar," WC="0.96" />
          </TextLine>
          <TextLine ID="TextLine_86" HPOS="2067" VPOS="1128" HEIGHT="38" WIDTH="713">
            <String ID="Textword_260" HPOS="2067" VPOS="1128" HEIGHT="35" WIDTH="7" CONTENT="4" WC="0.88" />
            <String ID="Textword_261" HPOS="2476" VPOS="1140" HEIGHT="26" WIDTH="55" CONTENT="und" WC="0.96" />
            <String ID="Textword_262" HPOS="2550" VPOS="1146" HEIGHT="20" WIDTH="74" CONTENT="zwar" WC="0.96" />
            <String ID="Textword_263" HPOS="2643" VPOS="1139" HEIGHT="26" WIDTH="137" CONTENT="entweder" WC="0.96" />
          </TextLine>
        </TextBlock>
        <TextBlock ID="TextBlock_48" HPOS="2121" VPOS="1184" HEIGHT="141" WIDTH="1012">
          <TextLine ID="TextLine_87" HPOS="2209" VPOS="1184" HEIGHT="47" WIDTH="685">
            <String ID="Textword_264" HPOS="2209" VPOS="1229" HEIGHT="2" WIDTH="5" CONTENT=";" WC="0.29" />
            <String ID="Textword_265" HPOS="2375" VPOS="1184" HEIGHT="42" WIDTH="519" CONTENT="Inhaber-Obligationen" WC="0.90" />
          </TextLine>
          <TextLine ID="TextLine_88" HPOS="2121" VPOS="1236" HEIGHT="40" WIDTH="1012">
            <String ID="Textword_266" HPOS="2121" VPOS="1245" HEIGHT="19" WIDTH="34" CONTENT="zu" WC="0.96" />
            <String ID="Textword_267" HPOS="2174" VPOS="1238" HEIGHT="25" WIDTH="44" CONTENT="Fr." WC="0.95" />
            <String ID="Textword_268" HPOS="2235" VPOS="1237" HEIGHT="26" WIDTH="68" CONTENT="1000" WC="0.95" />
            <String ID="Textword_269" HPOS="2321" VPOS="1236" HEIGHT="28" WIDTH="54" CONTENT="und" WC="0.95" />
            <String ID="Textword_270" HPOS="2395" VPOS="1238" HEIGHT="26" WIDTH="43" CONTENT="Fr." WC="0.96" />
            <String ID="Textword_271" HPOS="2453" VPOS="1237" HEIGHT="39" WIDTH="77" CONTENT="5000," WC="0.96" />
            <String ID="Textword_272" HPOS="2550" VPOS="1238" HEIGHT="33" WIDTH="50" CONTENT="mit" WC="0.93" />
            <String ID="Textword_273" HPOS="2618" VPOS="1237" HEIGHT="34" WIDTH="218" CONTENT="halbjährlichen" WC="0.92" />
            <String ID="Textword_274" HPOS="2855" VPOS="1237" HEIGHT="32" WIDTH="195" CONTENT="Zinscoupons," WC="0.92" />
            <String ID="Textword_275" HPOS="3069" VPOS="1236" HEIGHT="26" WIDTH="64" CONTENT="oder" WC="0.96" />
          </TextLine>
          <TextLine ID="TextLine_89" HPOS="2386" VPOS="1283" HEIGHT="42" WIDTH="489">
            <String ID="Textword_276" HPOS="2386" VPOS="1283" HEIGHT="42" WIDTH="489" CONTENT="Namen-Obligationen" WC="0.87" />
          </TextLine>
        </TextBlock>
        <TextBlock ID="TextBlock_49" HPOS="2096" VPOS="1333" HEIGHT="71" WIDTH="1066">
          <TextLine ID="TextLine_90" HPOS="2096" VPOS="1333" HEIGHT="37" WIDTH="1066">
            <String ID="Textword_277" HPOS="2096" VPOS="1336" HEIGHT="25" WIDTH="27" CONTENT="in" WC="0.93" />
            <String ID="Textword_278" HPOS="2142" VPOS="1334" HEIGHT="36" WIDTH="162" CONTENT="beliebigen," WC="0.91" />
            <String ID="Textword_279" HPOS="2334" VPOS="1335" HEIGHT="26" WIDTH="87" CONTENT="durch" WC="0.96" />
            <String ID="Textword_280" HPOS="2451" VPOS="1335" HEIGHT="26" WIDTH="49" CONTENT="100" WC="0.93" />
            <String ID="Textword_281" HPOS="2528" VPOS="1335" HEIGHT="26" WIDTH="135" CONTENT="teilbaren" WC="0.92" />
            <String ID="Textword_282" HPOS="2683" VPOS="1336" HEIGHT="32" WIDTH="137" CONTENT="Beträgen" WC="0.93" />
            <String ID="Textword_283" HPOS="2838" VPOS="1343" HEIGHT="18" WIDTH="53" CONTENT="von" WC="0.96" />
            <String ID="Textword_284" HPOS="2911" VPOS="1334" HEIGHT="26" WIDTH="44" CONTENT="Fr." WC="0.96" />
            <String ID="Textword_285" HPOS="2969" VPOS="1334" HEIGHT="25" WIDTH="52" CONTENT="500" WC="0.96" />
            <String ID="Textword_286" HPOS="3041" VPOS="1342" HEIGHT="24" WIDTH="43" CONTENT="an," WC="0.96" />
            <String ID="Textword_287" HPOS="3111" VPOS="1333" HEIGHT="26" WIDTH="51" CONTENT="mit" WC="0.96" />
          </TextLine>
          <TextLine ID="TextLine_91" HPOS="2450" VPOS="1371" HEIGHT="33" WIDTH="355">
            <String ID="Textword_288" HPOS="2450" VPOS="1371" HEIGHT="33" WIDTH="201" CONTENT="ganzjährigen" WC="0.91" />
            <String ID="Textword_289" HPOS="2671" VPOS="1371" HEIGHT="32" WIDTH="134" CONTENT="Coupons." WC="0.96" />
          </TextLine>
        </TextBlock>
        <TextBlock ID="TextBlock_50" HPOS="2711" VPOS="1425" HEIGHT="32" WIDTH="344">
          <TextLine ID="TextLine_92" HPOS="2711" VPOS="1425" HEIGHT="32" WIDTH="344">
            <String ID="Textword_290" HPOS="2711" VPOS="1425" HEIGHT="32" WIDTH="83" CONTENT="Die" WC="0.93" />
            <String ID="Textword_291" HPOS="2817" VPOS="1425" HEIGHT="31" WIDTH="238" CONTENT="Direktion." WC="0.91" />
          </TextLine>
        </TextBlock>
        <TextBlock ID="TextBlock_51" HPOS="2065" VPOS="508" HEIGHT="989" WIDTH="14">
          <TextLine ID="TextLine_93" HPOS="2065" VPOS="508" HEIGHT="989" WIDTH="14">
            <SP ID="Textword_22" HPOS="2065" VPOS="508" />
            <String ID="Textword_292" HPOS="2065" VPOS="508" HEIGHT="989" WIDTH="14" CONTENT=" " WC="0.95" />
          </TextLine>
        </TextBlock>
        <TextBlock ID="TextBlock_52" HPOS="2070" VPOS="1501" HEIGHT="20" WIDTH="1123">
          <TextLine ID="TextLine_94" HPOS="2070" VPOS="1501" HEIGHT="20" WIDTH="1123">
            <SP ID="Textword_23" HPOS="2070" VPOS="1501" />
            <String ID="Textword_293" HPOS="2070" VPOS="1501" HEIGHT="20" WIDTH="1123" CONTENT=" " WC="0.95" />
          </TextLine>
        </TextBlock>
        <TextBlock ID="TextBlock_53" HPOS="2068" VPOS="1553" HEIGHT="12" WIDTH="1142">
          <TextLine ID="TextLine_95" HPOS="2068" VPOS="1553" HEIGHT="12" WIDTH="1142">
            <SP ID="Textword_24" HPOS="2068" VPOS="1553" />
            <String ID="Textword_294" HPOS="2068" VPOS="1553" HEIGHT="12" WIDTH="1142" CONTENT=" " WC="0.95" />
          </TextLine>
        </TextBlock>
        <TextBlock ID="TextBlock_54" HPOS="2060" VPOS="1586" HEIGHT="1413" WIDTH="1161">
          <TextLine ID="TextLine_96" HPOS="2060" VPOS="1586" HEIGHT="324" WIDTH="1101">
            <SP ID="Textword_25" HPOS="2060" VPOS="1586" />
            <String ID="Textword_295" HPOS="2060" VPOS="1586" HEIGHT="324" WIDTH="1101" CONTENT="    " WC="0.95" />
            <SP ID="Textword_26" HPOS="3142" VPOS="1593" />
            <String ID="Textword_296" HPOS="3142" VPOS="1593" HEIGHT="82" WIDTH="19" CONTENT="  " WC="0.95" />
          </TextLine>
          <TextLine ID="TextLine_97" HPOS="2061" VPOS="1910" HEIGHT="323" WIDTH="37">
            <SP ID="Textword_27" HPOS="2061" VPOS="1910" />
            <String ID="Textword_297" HPOS="2061" VPOS="1910" HEIGHT="323" WIDTH="37" CONTENT="   " WC="0.95" />
          </TextLine>
          <TextLine ID="TextLine_98" HPOS="2061" VPOS="2233" HEIGHT="190" WIDTH="37">
            <SP ID="Textword_28" HPOS="2061" VPOS="2233" />
            <String ID="Textword_298" HPOS="2061" VPOS="2233" HEIGHT="190" WIDTH="37" CONTENT="     " WC="0.95" />
          </TextLine>
          <TextLine ID="TextLine_99" HPOS="2063" VPOS="2488" HEIGHT="119" WIDTH="1156">
            <SP ID="Textword_29" HPOS="2063" VPOS="2488" />
            <String ID="Textword_299" HPOS="2063" VPOS="2488" HEIGHT="119" WIDTH="38" CONTENT="    " WC="0.95" />
            <SP ID="Textword_30" HPOS="3156" VPOS="2488" />
            <String ID="Textword_300" HPOS="3156" VPOS="2488" HEIGHT="119" WIDTH="63" CONTENT="    " WC="0.95" />
          </TextLine>
          <TextLine ID="TextLine_100" HPOS="2064" VPOS="2607" HEIGHT="231" WIDTH="1157">
            <SP ID="Textword_31" HPOS="2064" VPOS="2607" />
            <String ID="Textword_301" HPOS="2064" VPOS="2607" HEIGHT="231" WIDTH="39" CONTENT="  " WC="0.95" />
            <SP ID="Textword_32" HPOS="3156" VPOS="2607" />
            <String ID="Textword_302" HPOS="3156" VPOS="2607" HEIGHT="231" WIDTH="65" CONTENT="  " WC="0.95" />
          </TextLine>
          <TextLine ID="TextLine_101" HPOS="2065" VPOS="2838" HEIGHT="44" WIDTH="1156">
            <SP ID="Textword_33" HPOS="2065" VPOS="2838" />
            <String ID="Textword_303" HPOS="2065" VPOS="2838" HEIGHT="44" WIDTH="38" CONTENT=" " WC="0.95" />
            <SP ID="Textword_34" HPOS="3157" VPOS="2838" />
            <String ID="Textword_304" HPOS="3157" VPOS="2838" HEIGHT="44" WIDTH="64" CONTENT=" " WC="0.95" />
          </TextLine>
          <TextLine ID="TextLine_102" HPOS="2067" VPOS="2882" HEIGHT="41" WIDTH="1154">
            <SP ID="Textword_35" HPOS="2067" VPOS="2882" />
            <String ID="Textword_305" HPOS="2067" VPOS="2882" HEIGHT="41" WIDTH="36" CONTENT=" " WC="0.95" />
            <SP ID="Textword_36" HPOS="3158" VPOS="2882" />
            <String ID="Textword_306" HPOS="3158" VPOS="2882" HEIGHT="41" WIDTH="63" CONTENT=" " WC="0.95" />
          </TextLine>
          <TextLine ID="TextLine_103" HPOS="2068" VPOS="2923" HEIGHT="76" WIDTH="69">
            <SP ID="Textword_37" HPOS="2068" VPOS="2923" />
            <String ID="Textword_307" HPOS="2068" VPOS="2923" HEIGHT="76" WIDTH="69" CONTENT=" " WC="0.95" />
          </TextLine>
        </TextBlock>
        <TextBlock ID="TextBlock_55" HPOS="2576" VPOS="1630" HEIGHT="30" WIDTH="96">
          <TextLine ID="TextLine_104" HPOS="2576" VPOS="1630" HEIGHT="30" WIDTH="96">
            <String ID="Textword_308" HPOS="2576" VPOS="1630" HEIGHT="30" WIDTH="96" CONTENT="Das" WC="0.96" />
          </TextLine>
        </TextBlock>
        <TextBlock ID="TextBlock_56" HPOS="2094" VPOS="1672" HEIGHT="159" WIDTH="1048">
          <TextLine ID="TextLine_105" HPOS="2094" VPOS="1672" HEIGHT="159" WIDTH="1048">
            <String ID="Textword_309" HPOS="2094" VPOS="1675" HEIGHT="156" WIDTH="437" CONTENT="Polyuranhische" WC="0.49" />
            <String ID="Textword_310" HPOS="2551" VPOS="1675" HEIGHT="130" WIDTH="210" CONTENT="Institut" WC="0.74" />
            <String ID="Textword_311" HPOS="2790" VPOS="1672" HEIGHT="132" WIDTH="135" CONTENT="A.-6." WC="0.14" />
            <String ID="Textword_312" HPOS="2949" VPOS="1673" HEIGHT="130" WIDTH="193" CONTENT="Zürich" WC="0.96" />
          </TextLine>
        </TextBlock>
        <TextBlock ID="TextBlock_57" HPOS="2252" VPOS="1832" HEIGHT="35" WIDTH="748">
          <TextLine ID="TextLine_106" HPOS="2252" VPOS="1832" HEIGHT="35" WIDTH="748">
            <String ID="Textword_313" HPOS="2252" VPOS="1832" HEIGHT="26" WIDTH="93" CONTENT="liefert" WC="0.92" />
            <String ID="Textword_314" HPOS="2362" VPOS="1834" HEIGHT="31" WIDTH="108" CONTENT="prompt" WC="0.96" />
            <String ID="Textword_315" HPOS="2488" VPOS="1833" HEIGHT="26" WIDTH="58" CONTENT="und" WC="0.96" />
            <String ID="Textword_316" HPOS="2563" VPOS="1835" HEIGHT="24" WIDTH="82" CONTENT="unter" WC="0.92" />
            <String ID="Textword_317" HPOS="2665" VPOS="1832" HEIGHT="35" WIDTH="134" CONTENT="billigster" WC="0.91" />
            <String ID="Textword_318" HPOS="2817" VPOS="1832" HEIGHT="33" WIDTH="183" CONTENT="Berechnung" WC="0.96" />
          </TextLine>
        </TextBlock>
        <TextBlock ID="TextBlock_58" HPOS="2128" VPOS="1873" HEIGHT="203" WIDTH="991">
          <TextLine ID="TextLine_107" HPOS="2128" VPOS="1873" HEIGHT="203" WIDTH="991">
            <String ID="Textword_319" HPOS="2120" VPOS="1874" HEIGHT="221" WIDTH="306" CONTENT="Kupler-" WC="0.88" />
            <String ID="Textword_320" HPOS="2480" VPOS="1895" HEIGHT="149" WIDTH="56" CONTENT="&amp;" WC="0.88" />
            <String ID="Textword_321" HPOS="2598" VPOS="1874" HEIGHT="169" WIDTH="172" CONTENT="Zink" WC="0.83" />
            <String ID="Textword_322" HPOS="2793" VPOS="1873" HEIGHT="220" WIDTH="338" CONTENT="-Clich6s" WC="0.26" />
            <String ID="Textword_323" HPOS="3235" VPOS="1868" HEIGHT="2" WIDTH="3" CONTENT="9" WC="0.63" />
          </TextLine>
        </TextBlock>
        <TextBlock ID="TextBlock_59" HPOS="2420" VPOS="2078" HEIGHT="28" WIDTH="415">
          <TextLine ID="TextLine_108" HPOS="2420" VPOS="2078" HEIGHT="28" WIDTH="415">
            <String ID="Textword_324" HPOS="2420" VPOS="2079" HEIGHT="26" WIDTH="24" CONTENT="in" WC="0.89" />
            <String ID="Textword_325" HPOS="2465" VPOS="2078" HEIGHT="27" WIDTH="78" CONTENT="Auto-" WC="0.89" />
            <String ID="Textword_326" HPOS="2565" VPOS="2079" HEIGHT="27" WIDTH="51" CONTENT="und" WC="0.93" />
            <String ID="Textword_327" HPOS="2637" VPOS="2078" HEIGHT="28" WIDTH="198" CONTENT="Strichmanier" WC="0.92" />
          </TextLine>
        </TextBlock>
        <TextBlock ID="TextBlock_60" HPOS="2120" VPOS="2096" HEIGHT="82" WIDTH="1012">
          <TextLine ID="TextLine_109" HPOS="2120" VPOS="2096" HEIGHT="82" WIDTH="1012">
            <String ID="Textword_328" HPOS="0" VPOS="0" HEIGHT="4976" WIDTH="3432" CONTENT="—" WC="0.33" />
            <String ID="Textword_329" HPOS="2120" VPOS="2097" HEIGHT="81" WIDTH="563" CONTENT="Holzschnitte," WC="0.73" />
            <String ID="Textword_330" HPOS="2723" VPOS="2096" HEIGHT="71" WIDTH="409" CONTENT="Galvanos" WC="0.74" />
          </TextLine>
        </TextBlock>
        <TextBlock ID="TextBlock_61" HPOS="2128" VPOS="2184" HEIGHT="33" WIDTH="1007">
          <TextLine ID="TextLine_110" HPOS="2128" VPOS="2184" HEIGHT="33" WIDTH="1007">
            <String ID="Textword_331" HPOS="2128" VPOS="2187" HEIGHT="26" WIDTH="43" CONTENT="für" WC="0.93" />
            <String ID="Textword_332" HPOS="2191" VPOS="2186" HEIGHT="27" WIDTH="122" CONTENT="Inserate" WC="0.91" />
            <String ID="Textword_333" HPOS="2334" VPOS="2185" HEIGHT="27" WIDTH="50" CONTENT="und" WC="0.92" />
            <String ID="Textword_334" HPOS="2405" VPOS="2184" HEIGHT="33" WIDTH="418" CONTENT="Reklame-Buchdrucksachen," WC="0.53" />
            <String ID="Textword_335" HPOS="2844" VPOS="2184" HEIGHT="28" WIDTH="216" CONTENT="Schutzmarken" WC="0.92" />
            <String ID="Textword_336" HPOS="3080" VPOS="2185" HEIGHT="26" WIDTH="55" CONTENT="etc." WC="0.93" />
          </TextLine>
        </TextBlock>
        <TextBlock ID="TextBlock_62" HPOS="2123" VPOS="2232" HEIGHT="412" WIDTH="1011">
          <TextLine ID="TextLine_111" HPOS="2154" VPOS="2232" HEIGHT="78" WIDTH="940">
            <String ID="Textword_337" HPOS="2154" VPOS="2257" HEIGHT="53" WIDTH="202" CONTENT="Anfertigung" WC="0.88" />
            <String ID="Textword_338" HPOS="2891" VPOS="2232" HEIGHT="67" WIDTH="203" CONTENT="Herstellung" WC="0.82" />
          </TextLine>
          <TextLine ID="TextLine_112" HPOS="2217" VPOS="2317" HEIGHT="58" WIDTH="915">
            <String ID="Textword_339" HPOS="2217" VPOS="2327" HEIGHT="34" WIDTH="81" CONTENT="aller" WC="0.96" />
            <String ID="Textword_340" HPOS="2867" VPOS="2317" HEIGHT="57" WIDTH="159" CONTENT="pid" WC="0.20" />
            <String ID="Textword_341" HPOS="3035" VPOS="2348" HEIGHT="27" WIDTH="97" CONTENT="Plànen" WC="0.89" />
          </TextLine>
          <TextLine ID="TextLine_113" HPOS="2132" VPOS="2372" HEIGHT="59" WIDTH="939">
            <String ID="Textword_342" HPOS="2132" VPOS="2372" HEIGHT="59" WIDTH="245" CONTENT="Druckarbeiten" WC="0.93" />
            <String ID="Textword_343" HPOS="2921" VPOS="2392" HEIGHT="33" WIDTH="150" CONTENT="Katalogen" WC="0.93" />
          </TextLine>
          <TextLine ID="TextLine_114" HPOS="2235" VPOS="2434" HEIGHT="37" WIDTH="868">
            <String ID="Textword_344" HPOS="2235" VPOS="2434" HEIGHT="18" WIDTH="29" CONTENT="in" WC="0.93" />
            <String ID="Textword_345" HPOS="2897" VPOS="2436" HEIGHT="35" WIDTH="206" CONTENT="Wertpapieren" WC="0.91" />
          </TextLine>
          <TextLine ID="TextLine_115" HPOS="2123" VPOS="2471" HEIGHT="44" WIDTH="964">
            <String ID="Textword_346" HPOS="2123" VPOS="2471" HEIGHT="40" WIDTH="209" CONTENT="Buchdruck" WC="0.90" />
            <String ID="Textword_347" HPOS="2915" VPOS="2480" HEIGHT="35" WIDTH="172" CONTENT="Briefköpfen" WC="0.91" />
          </TextLine>
          <TextLine ID="TextLine_116" HPOS="2125" VPOS="2525" HEIGHT="47" WIDTH="937">
            <String ID="Textword_348" HPOS="2125" VPOS="2533" HEIGHT="39" WIDTH="208" CONTENT="Lichtdruck" WC="0.91" />
            <String ID="Textword_349" HPOS="2931" VPOS="2526" HEIGHT="25" WIDTH="55" CONTENT="etc." WC="0.64" />
            <String ID="Textword_350" HPOS="3006" VPOS="2525" HEIGHT="26" WIDTH="56" CONTENT="ste," WC="0.61" />
          </TextLine>
          <TextLine ID="TextLine_117" HPOS="2150" VPOS="2578" HEIGHT="24" WIDTH="984">
            <String ID="Textword_351" HPOS="2150" VPOS="2594" HEIGHT="8" WIDTH="7" CONTENT="." WC="0.64" />
            <String ID="Textword_352" HPOS="2340" VPOS="2594" HEIGHT="7" WIDTH="8" CONTENT="." WC="0.68" />
            <String ID="Textword_353" HPOS="2867" VPOS="2585" HEIGHT="13" WIDTH="45" CONTENT="von" WC="0.92" />
            <String ID="Textword_354" HPOS="2944" VPOS="2578" HEIGHT="20" WIDTH="123" CONTENT="&quot;einfacher" WC="0.81" />
            <String ID="Textword_355" HPOS="3100" VPOS="2579" HEIGHT="19" WIDTH="34" CONTENT="bis" WC="0.94" />
          </TextLine>
          <TextLine ID="TextLine_118" HPOS="2125" VPOS="2594" HEIGHT="50" WIDTH="1009">
            <String ID="Textword_356" HPOS="2125" VPOS="2594" HEIGHT="50" WIDTH="247" CONTENT="Lithographie" WC="0.92" />
            <String ID="Textword_357" HPOS="2868" VPOS="2605" HEIGHT="20" WIDTH="150" CONTENT="künstlerisch" WC="0.36" />
            <String ID="Textword_358" HPOS="3051" VPOS="2605" HEIGHT="19" WIDTH="83" CONTENT="vollen-" WC="0.91" />
          </TextLine>
        </TextBlock>
        <TextBlock ID="TextBlock_63" HPOS="2868" VPOS="2632" HEIGHT="23" WIDTH="229">
          <TextLine ID="TextLine_119" HPOS="2868" VPOS="2632" HEIGHT="23" WIDTH="229">
            <String ID="Textword_359" HPOS="2868" VPOS="2633" HEIGHT="18" WIDTH="63" CONTENT="deter" WC="0.93" />
            <String ID="Textword_360" HPOS="2945" VPOS="2632" HEIGHT="23" WIDTH="152" CONTENT="Ausführung," WC="0.83" />
          </TextLine>
        </TextBlock>
        <TextBlock ID="TextBlock_64" HPOS="2408" VPOS="2238" HEIGHT="432" WIDTH="432">
          <TextLine ID="TextLine_120" HPOS="2408" VPOS="2238" HEIGHT="432" WIDTH="432">
            <SP ID="Textword_38" HPOS="2408" VPOS="2238" />
            <String ID="Textword_361" HPOS="2408" VPOS="2238" HEIGHT="432" WIDTH="432" CONTENT=" " WC="0.95" />
          </TextLine>
        </TextBlock>
        <TextBlock ID="TextBlock_65" HPOS="2133" VPOS="2651" HEIGHT="192" WIDTH="991">
          <TextLine ID="TextLine_121" HPOS="2133" VPOS="2651" HEIGHT="192" WIDTH="991">
            <String ID="Textword_362" HPOS="2133" VPOS="2651" HEIGHT="192" WIDTH="513" CONTENT="Polygranhisches" WC="0.75" />
            <String ID="Textword_363" HPOS="2693" VPOS="2681" HEIGHT="82" WIDTH="237" CONTENT="Institut" WC="0.86" />
            <String ID="Textword_364" HPOS="2960" VPOS="2677" HEIGHT="117" WIDTH="164" CONTENT="AG." WC="0.38" />
          </TextLine>
        </TextBlock>
        <TextBlock ID="TextBlock_66" HPOS="2316" VPOS="2786" HEIGHT="115" WIDTH="622">
          <TextLine ID="TextLine_122" HPOS="2316" VPOS="2786" HEIGHT="65" WIDTH="621">
            <String ID="Textword_365" HPOS="2316" VPOS="2788" HEIGHT="62" WIDTH="147" CONTENT="Zürich" WC="0.96" />
            <String ID="Textword_366" HPOS="2492" VPOS="2786" HEIGHT="65" WIDTH="64" CONTENT="IV," WC="0.92" />
            <String ID="Textword_367" HPOS="2597" VPOS="2795" HEIGHT="43" WIDTH="277" CONTENT="Glausiusstrasse" WC="0.77" />
            <String ID="Textword_368" HPOS="2903" VPOS="2794" HEIGHT="42" WIDTH="34" CONTENT="21" WC="0.96" />
          </TextLine>
          <TextLine ID="TextLine_123" HPOS="2321" VPOS="2829" HEIGHT="72" WIDTH="617">
            <String ID="Textword_369" HPOS="2321" VPOS="2829" HEIGHT="72" WIDTH="270" CONTENT="Graphische" WC="0.95" />
            <String ID="Textword_370" HPOS="2622" VPOS="2857" HEIGHT="33" WIDTH="316" CONTENT="Kunstanstalt" WC="0.90" />
          </TextLine>
        </TextBlock>
        <TextBlock ID="TextBlock_67" HPOS="2137" VPOS="2898" HEIGHT="70" WIDTH="911">
          <TextLine ID="TextLine_124" HPOS="2137" VPOS="2898" HEIGHT="70" WIDTH="911">
            <String ID="Textword_371" HPOS="2137" VPOS="2905" HEIGHT="63" WIDTH="163" CONTENT="Hors" WC="0.96" />
            <String ID="Textword_372" HPOS="2341" VPOS="2912" HEIGHT="46" WIDTH="369" CONTENT="Concours:" WC="0.82" />
            <String ID="Textword_373" HPOS="2748" VPOS="2901" HEIGHT="27" WIDTH="102" CONTENT="1902" WC="0.64" />
            <String ID="Textword_374" HPOS="2870" VPOS="2900" HEIGHT="27" WIDTH="44" CONTENT="in" WC="0.92" />
            <String ID="Textword_375" HPOS="2932" VPOS="2898" HEIGHT="29" WIDTH="116" CONTENT="Faris" WC="0.73" />
          </TextLine>
        </TextBlock>
        <TextBlock ID="TextBlock_68" HPOS="2070" VPOS="2923" HEIGHT="126" WIDTH="1153">
          <TextLine ID="TextLine_125" HPOS="2710" VPOS="2923" HEIGHT="76" WIDTH="513">
            <SP ID="Textword_39" HPOS="2710" VPOS="2923" />
            <String ID="Textword_376" HPOS="2710" VPOS="2923" HEIGHT="76" WIDTH="513" CONTENT="    " WC="0.95" />
          </TextLine>
          <TextLine ID="TextLine_126" HPOS="2070" VPOS="2999" HEIGHT="50" WIDTH="1153">
            <SP ID="Textword_40" HPOS="2070" VPOS="2999" />
            <String ID="Textword_377" HPOS="2070" VPOS="2999" HEIGHT="50" WIDTH="1153" CONTENT=" " WC="0.95" />
          </TextLine>
        </TextBlock>
        <TextBlock ID="TextBlock_69" HPOS="2748" VPOS="2933" HEIGHT="31" WIDTH="379">
          <TextLine ID="TextLine_127" HPOS="2748" VPOS="2933" HEIGHT="31" WIDTH="379">
            <String ID="Textword_378" HPOS="2748" VPOS="2936" HEIGHT="28" WIDTH="101" CONTENT="1906" WC="0.96" />
            <String ID="Textword_379" HPOS="2878" VPOS="2936" HEIGHT="27" WIDTH="44" CONTENT="in" WC="0.93" />
            <String ID="Textword_380" HPOS="2949" VPOS="2933" HEIGHT="29" WIDTH="178" CONTENT="Mailand" WC="0.90" />
          </TextLine>
        </TextBlock>
        <TextBlock ID="TextBlock_70" HPOS="2079" VPOS="3076" HEIGHT="11" WIDTH="1140">
          <TextLine ID="TextLine_128" HPOS="2079" VPOS="3076" HEIGHT="11" WIDTH="1140">
            <SP ID="Textword_41" HPOS="2079" VPOS="3076" />
            <String ID="Textword_381" HPOS="2079" VPOS="3076" HEIGHT="11" WIDTH="1140" CONTENT=" " WC="0.95" />
          </TextLine>
        </TextBlock>
        <TextBlock ID="TextBlock_71" HPOS="2217" VPOS="3198" HEIGHT="156" WIDTH="849">
          <TextLine ID="TextLine_129" HPOS="2217" VPOS="3198" HEIGHT="156" WIDTH="849">
            <String ID="Textword_382" HPOS="2217" VPOS="3198" HEIGHT="132" WIDTH="483" CONTENT="Maschinentabrik" WC="0.49" />
            <String ID="Textword_383" HPOS="2772" VPOS="3198" HEIGHT="156" WIDTH="294" CONTENT="Landiuart" WC="0.04" />
          </TextLine>
        </TextBlock>
        <TextBlock ID="TextBlock_72" HPOS="2219" VPOS="3355" HEIGHT="126" WIDTH="849">
          <TextLine ID="TextLine_130" HPOS="2219" VPOS="3355" HEIGHT="45" WIDTH="849">
            <String ID="Textword_384" HPOS="2219" VPOS="3356" HEIGHT="44" WIDTH="295" CONTENT="———Gebr." WC="0.09" />
            <String ID="Textword_385" HPOS="2542" VPOS="3356" HEIGHT="32" WIDTH="184" CONTENT="Wälehli" WC="0.83" />
            <String ID="Textword_386" HPOS="2749" VPOS="3355" HEIGHT="33" WIDTH="40" CONTENT="&amp;" WC="0.92" />
            <String ID="Textword_387" HPOS="2814" VPOS="3356" HEIGHT="32" WIDTH="85" CONTENT="Cie." WC="0.71" />
            <String ID="Textword_388" HPOS="2909" VPOS="3372" HEIGHT="8" WIDTH="159" CONTENT="———" WC="0.53" />
          </TextLine>
          <TextLine ID="TextLine_131" HPOS="2221" VPOS="3408" HEIGHT="73" WIDTH="845">
            <String ID="Textword_389" HPOS="2221" VPOS="3412" HEIGHT="69" WIDTH="160" CONTENT="Sägerei" WC="0.84" />
            <String ID="Textword_390" HPOS="2401" VPOS="3427" HEIGHT="40" WIDTH="38" CONTENT="u." WC="0.91" />
            <String ID="Textword_391" HPOS="2451" VPOS="3408" HEIGHT="68" WIDTH="615" CONTENT="Holzbearbeitungsmaschinen" WC="0.78" />
          </TextLine>
        </TextBlock>
        <TextBlock ID="TextBlock_73" HPOS="2696" VPOS="3559" HEIGHT="229" WIDTH="476">
          <TextLine ID="TextLine_132" HPOS="2696" VPOS="3559" HEIGHT="34" WIDTH="476">
            <String ID="Textword_392" HPOS="2696" VPOS="3559" HEIGHT="34" WIDTH="178" CONTENT="Modernste" WC="0.90" />
            <String ID="Textword_393" HPOS="2915" VPOS="3559" HEIGHT="34" WIDTH="257" CONTENT="Konstruktionen" WC="0.89" />
          </TextLine>
          <TextLine ID="TextLine_133" HPOS="2742" VPOS="3621" HEIGHT="34" WIDTH="281">
            <String ID="Textword_394" HPOS="2742" VPOS="3621" HEIGHT="34" WIDTH="281" CONTENT="Hobelmaschinen" WC="0.86" />
          </TextLine>
          <TextLine ID="TextLine_134" HPOS="2742" VPOS="3683" HEIGHT="34" WIDTH="311">
            <String ID="Textword_395" HPOS="2742" VPOS="3683" HEIGHT="34" WIDTH="311" CONTENT="Abrichtmaschinen" WC="0.91" />
          </TextLine>
          <TextLine ID="TextLine_135" HPOS="2744" VPOS="3746" HEIGHT="42" WIDTH="272">
            <String ID="Textword_396" HPOS="2744" VPOS="3746" HEIGHT="42" WIDTH="187" CONTENT="Bandsägen" WC="0.92" />
            <String ID="Textword_397" HPOS="2957" VPOS="3749" HEIGHT="29" WIDTH="59" CONTENT="etc." WC="0.94" />
          </TextLine>
        </TextBlock>
        <TextBlock ID="TextBlock_74" HPOS="1501" VPOS="3804" HEIGHT="13" WIDTH="556">
          <TextLine ID="TextLine_136" HPOS="1501" VPOS="3804" HEIGHT="13" WIDTH="556">
            <SP ID="Textword_42" HPOS="1501" VPOS="3804" />
            <String ID="Textword_398" HPOS="1501" VPOS="3804" HEIGHT="13" WIDTH="556" CONTENT=" " WC="0.95" />
          </TextLine>
        </TextBlock>
        <TextBlock ID="TextBlock_75" HPOS="317" VPOS="3442" HEIGHT="456" WIDTH="174">
          <TextLine ID="TextLine_137" HPOS="317" VPOS="3442" HEIGHT="456" WIDTH="174">
            <SP ID="Textword_43" HPOS="317" VPOS="3442" />
            <String ID="Textword_399" HPOS="317" VPOS="3442" HEIGHT="456" WIDTH="174" CONTENT=" " WC="0.95" />
          </TextLine>
        </TextBlock>
        <TextBlock ID="TextBlock_76" HPOS="328" VPOS="3909" HEIGHT="12" WIDTH="1143">
          <TextLine ID="TextLine_138" HPOS="328" VPOS="3909" HEIGHT="12" WIDTH="1143">
            <SP ID="Textword_44" HPOS="328" VPOS="3909" />
            <String ID="Textword_400" HPOS="328" VPOS="3909" HEIGHT="12" WIDTH="1143" CONTENT=" " WC="0.95" />
          </TextLine>
        </TextBlock>
        <TextBlock ID="TextBlock_77" HPOS="411" VPOS="3945" HEIGHT="57" WIDTH="1057">
          <TextLine ID="TextLine_139" HPOS="411" VPOS="3945" HEIGHT="57" WIDTH="1057">
            <SP ID="Textword_45" HPOS="411" VPOS="3945" />
            <String ID="Textword_401" HPOS="411" VPOS="3945" HEIGHT="57" WIDTH="1057" CONTENT=" " WC="0.95" />
          </TextLine>
        </TextBlock>
        <TextBlock ID="TextBlock_78" HPOS="397" VPOS="4027" HEIGHT="42" WIDTH="1072">
          <TextLine ID="TextLine_140" HPOS="397" VPOS="4027" HEIGHT="42" WIDTH="1072">
            <String ID="Textword_402" HPOS="397" VPOS="4031" HEIGHT="31" WIDTH="92" CONTENT="Den" WC="0.93" />
            <String ID="Textword_403" HPOS="512" VPOS="4030" HEIGHT="31" WIDTH="170" CONTENT="Herren" WC="0.91" />
            <String ID="Textword_404" HPOS="706" VPOS="4028" HEIGHT="32" WIDTH="312" CONTENT="Industriellen" WC="0.91" />
            <String ID="Textword_405" HPOS="1042" VPOS="4027" HEIGHT="42" WIDTH="221" CONTENT="empfiehlt" WC="0.88" />
            <String ID="Textword_406" HPOS="1287" VPOS="4027" HEIGHT="32" WIDTH="94" CONTENT="sich" WC="0.95" />
            <String ID="Textword_407" HPOS="1406" VPOS="4027" HEIGHT="32" WIDTH="63" CONTENT="als" WC="0.95" />
          </TextLine>
        </TextBlock>
        <TextBlock ID="TextBlock_79" HPOS="1529" VPOS="3830" HEIGHT="245" WIDTH="496">
          <TextLine ID="TextLine_141" HPOS="1529" VPOS="3830" HEIGHT="245" WIDTH="496">
            <SP ID="Textword_46" HPOS="1529" VPOS="3830" />
            <String ID="Textword_408" HPOS="1529" VPOS="3830" HEIGHT="245" WIDTH="496" CONTENT=" " WC="0.95" />
          </TextLine>
        </TextBlock>
        <TextBlock ID="TextBlock_80" HPOS="2799" VPOS="3800" HEIGHT="33" WIDTH="360">
          <TextLine ID="TextLine_142" HPOS="2799" VPOS="3800" HEIGHT="33" WIDTH="360">
            <String ID="Textword_409" HPOS="2799" VPOS="3800" HEIGHT="27" WIDTH="51" CONTENT="mit" WC="0.87" />
            <String ID="Textword_410" HPOS="2869" VPOS="3800" HEIGHT="33" WIDTH="290" CONTENT="Ringschmierlagern" WC="0.91" />
          </TextLine>
        </TextBlock>
        <TextBlock ID="TextBlock_81" HPOS="2739" VPOS="3959" HEIGHT="135" WIDTH="401">
          <TextLine ID="TextLine_143" HPOS="2739" VPOS="3959" HEIGHT="54" WIDTH="398">
            <String ID="Textword_411" HPOS="2739" VPOS="3960" HEIGHT="53" WIDTH="183" CONTENT="Errichtung" WC="0.89" />
            <String ID="Textword_412" HPOS="2966" VPOS="3959" HEIGHT="52" WIDTH="171" CONTENT="Kkompleter" WC="0.27" />
          </TextLine>
          <TextLine ID="TextLine_144" HPOS="2740" VPOS="4030" HEIGHT="64" WIDTH="400">
            <String ID="Textword_413" HPOS="2740" VPOS="4032" HEIGHT="62" WIDTH="275" CONTENT="Schreinerei-" WC="0.92" />
            <String ID="Textword_414" HPOS="3062" VPOS="4030" HEIGHT="56" WIDTH="78" CONTENT="und" WC="0.96" />
          </TextLine>
        </TextBlock>
        <TextBlock ID="TextBlock_82" HPOS="1503" VPOS="4077" HEIGHT="12" WIDTH="557">
          <TextLine ID="TextLine_145" HPOS="1503" VPOS="4077" HEIGHT="12" WIDTH="557">
            <SP ID="Textword_47" HPOS="1503" VPOS="4077" />
            <String ID="Textword_415" HPOS="1503" VPOS="4077" HEIGHT="12" WIDTH="557" CONTENT=" " WC="0.95" />
          </TextLine>
        </TextBlock>
        <TextBlock ID="TextBlock_83" HPOS="395" VPOS="4075" HEIGHT="157" WIDTH="1661">
          <TextLine ID="TextLine_146" HPOS="395" VPOS="4075" HEIGHT="157" WIDTH="1661">
            <String ID="Textword_416" HPOS="395" VPOS="4075" HEIGHT="150" WIDTH="1013" CONTENT="Vertrauensmann" WC="0.88" />
            <String ID="Textword_417" HPOS="1497" VPOS="4023" HEIGHT="208" WIDTH="283" CONTENT="Enallier" WC="0.34" />
            <String ID="Textword_418" HPOS="1773" VPOS="4025" HEIGHT="207" WIDTH="283" CONTENT="Sile" WC="0.34" />
          </TextLine>
        </TextBlock>
        <TextBlock ID="TextBlock_84" HPOS="330" VPOS="4258" HEIGHT="177" WIDTH="1682">
          <TextLine ID="TextLine_147" HPOS="330" VPOS="4258" HEIGHT="43" WIDTH="1682">
            <String ID="Textword_419" HPOS="330" VPOS="4262" HEIGHT="30" WIDTH="47" CONTENT="in" WC="0.96" />
            <String ID="Textword_420" HPOS="403" VPOS="4261" HEIGHT="32" WIDTH="77" CONTENT="der" WC="0.96" />
            <String ID="Textword_421" HPOS="503" VPOS="4260" HEIGHT="32" WIDTH="223" CONTENT="Industrie" WC="0.93" />
            <String ID="Textword_422" HPOS="760" VPOS="4259" HEIGHT="42" WIDTH="285" CONTENT="aufgewachs." WC="0.51" />
            <String ID="Textword_423" HPOS="1063" VPOS="4258" HEIGHT="43" WIDTH="293" CONTENT="Angestellter" WC="0.89" />
            <String ID="Textword_424" HPOS="1389" VPOS="4258" HEIGHT="31" WIDTH="80" CONTENT="mit" WC="0.96" />
            <String ID="Textword_425" HPOS="1576" VPOS="4258" HEIGHT="41" WIDTH="436" CONTENT="Reklame-Schilder" WC="0.88" />
          </TextLine>
          <TextLine ID="TextLine_148" HPOS="333" VPOS="4303" HEIGHT="43" WIDTH="1135">
            <String ID="Textword_426" HPOS="333" VPOS="4306" HEIGHT="31" WIDTH="101" CONTENT="sehr" WC="0.96" />
            <String ID="Textword_427" HPOS="459" VPOS="4307" HEIGHT="39" WIDTH="130" CONTENT="guten," WC="0.96" />
            <String ID="Textword_428" HPOS="629" VPOS="4305" HEIGHT="31" WIDTH="81" CONTENT="auf" WC="0.93" />
            <String ID="Textword_429" HPOS="729" VPOS="4313" HEIGHT="32" WIDTH="255" CONTENT="aussergew." WC="0.90" />
            <String ID="Textword_430" HPOS="1000" VPOS="4303" HEIGHT="32" WIDTH="102" CONTENT="früh" WC="0.82" />
            <String ID="Textword_431" HPOS="1128" VPOS="4303" HEIGHT="32" WIDTH="154" CONTENT="erhalt." WC="0.91" />
            <String ID="Textword_432" HPOS="1300" VPOS="4304" HEIGHT="32" WIDTH="168" CONTENT="verant-" WC="0.91" />
          </TextLine>
          <TextLine ID="TextLine_149" HPOS="332" VPOS="4320" HEIGHT="61" WIDTH="1593">
            <String ID="Textword_433" HPOS="332" VPOS="4350" HEIGHT="31" WIDTH="138" CONTENT="wortl." WC="0.88" />
            <String ID="Textword_434" HPOS="486" VPOS="4328" HEIGHT="53" WIDTH="161" CONTENT="Posten" WC="0.92" />
            <String ID="Textword_435" HPOS="671" VPOS="4349" HEIGHT="32" WIDTH="179" CONTENT="erworb." WC="0.89" />
            <String ID="Textword_436" HPOS="875" VPOS="4348" HEIGHT="32" WIDTH="166" CONTENT="kaufm." WC="0.91" />
            <String ID="Textword_437" HPOS="1057" VPOS="4347" HEIGHT="32" WIDTH="300" CONTENT="Kenntnissen" WC="0.90" />
            <String ID="Textword_438" HPOS="1380" VPOS="4347" HEIGHT="31" WIDTH="90" CONTENT="und" WC="0.96" />
            <String ID="Textword_439" HPOS="1583" VPOS="4320" HEIGHT="41" WIDTH="342" CONTENT="Strassentafeln" WC="0.75" />
          </TextLine>
          <TextLine ID="TextLine_150" HPOS="332" VPOS="4383" HEIGHT="52" WIDTH="1606">
            <String ID="Textword_440" HPOS="332" VPOS="4395" HEIGHT="40" WIDTH="147" CONTENT="prakt." WC="0.90" />
            <String ID="Textword_441" HPOS="506" VPOS="4394" HEIGHT="31" WIDTH="142" CONTENT="techn." WC="0.91" />
            <String ID="Textword_442" HPOS="676" VPOS="4393" HEIGHT="41" WIDTH="320" CONTENT="Veranlagung." WC="0.88" />
            <String ID="Textword_443" HPOS="1042" VPOS="4391" HEIGHT="42" WIDTH="295" CONTENT="Gelegenheit," WC="0.90" />
            <String ID="Textword_444" HPOS="1378" VPOS="4391" HEIGHT="32" WIDTH="92" CONTENT="sich" WC="0.96" />
            <String ID="Textword_445" HPOS="1582" VPOS="4383" HEIGHT="41" WIDTH="356" CONTENT="Hausnummern" WC="0.90" />
          </TextLine>
        </TextBlock>
        <TextBlock ID="TextBlock_85" HPOS="333" VPOS="4436" HEIGHT="131" WIDTH="1138">
          <TextLine ID="TextLine_151" HPOS="333" VPOS="4436" HEIGHT="43" WIDTH="1138">
            <String ID="Textword_446" HPOS="333" VPOS="4438" HEIGHT="32" WIDTH="129" CONTENT="einen" WC="0.91" />
            <String ID="Textword_447" HPOS="496" VPOS="4438" HEIGHT="41" WIDTH="227" CONTENT="tiüchtigen" WC="0.48" />
            <String ID="Textword_448" HPOS="758" VPOS="4437" HEIGHT="32" WIDTH="90" CONTENT="und" WC="0.92" />
            <String ID="Textword_449" HPOS="887" VPOS="4436" HEIGHT="42" WIDTH="322" CONTENT="zuverlässigen" WC="0.96" />
            <String ID="Textword_450" HPOS="1247" VPOS="4436" HEIGHT="31" WIDTH="131" CONTENT="Mann" WC="0.96" />
            <String ID="Textword_451" HPOS="1417" VPOS="4445" HEIGHT="22" WIDTH="54" CONTENT="zu" WC="0.96" />
          </TextLine>
          <TextLine ID="TextLine_152" HPOS="334" VPOS="4480" HEIGHT="35" WIDTH="1137">
            <String ID="Textword_452" HPOS="334" VPOS="4482" HEIGHT="33" WIDTH="186" CONTENT="sichern." WC="0.89" />
            <String ID="Textword_453" HPOS="568" VPOS="4482" HEIGHT="32" WIDTH="194" CONTENT="Offerten" WC="0.89" />
            <String ID="Textword_454" HPOS="798" VPOS="4481" HEIGHT="33" WIDTH="77" CONTENT="sub" WC="0.95" />
            <String ID="Textword_455" HPOS="911" VPOS="4481" HEIGHT="32" WIDTH="161" CONTENT="Chiffre" WC="0.93" />
            <String ID="Textword_456" HPOS="1097" VPOS="4481" HEIGHT="31" WIDTH="43" CONTENT="X" WC="0.89" />
            <String ID="Textword_457" HPOS="1159" VPOS="4481" HEIGHT="31" WIDTH="37" CONTENT="Y" WC="0.91" />
            <String ID="Textword_458" HPOS="1231" VPOS="4480" HEIGHT="31" WIDTH="42" CONTENT="10" WC="0.96" />
            <String ID="Textword_459" HPOS="1310" VPOS="4489" HEIGHT="23" WIDTH="56" CONTENT="an" WC="0.96" />
            <String ID="Textword_460" HPOS="1402" VPOS="4480" HEIGHT="32" WIDTH="69" CONTENT="die" WC="0.96" />
          </TextLine>
          <TextLine ID="TextLine_153" HPOS="334" VPOS="4526" HEIGHT="41" WIDTH="318">
            <String ID="Textword_461" HPOS="334" VPOS="4526" HEIGHT="41" WIDTH="163" CONTENT="Exped." WC="0.91" />
            <String ID="Textword_462" HPOS="523" VPOS="4526" HEIGHT="31" WIDTH="39" CONTENT="d." WC="0.91" />
            <String ID="Textword_463" HPOS="586" VPOS="4526" HEIGHT="31" WIDTH="66" CONTENT="BI." WC="0.47" />
          </TextLine>
        </TextBlock>
        <TextBlock ID="TextBlock_86" HPOS="1499" VPOS="4444" HEIGHT="134" WIDTH="559">
          <TextLine ID="TextLine_154" HPOS="1499" VPOS="4444" HEIGHT="35" WIDTH="558">
            <String ID="Textword_464" HPOS="1499" VPOS="4445" HEIGHT="34" WIDTH="77" CONTENT="jeder" WC="0.96" />
            <String ID="Textword_465" HPOS="1590" VPOS="4444" HEIGHT="27" WIDTH="54" CONTENT="Art" WC="0.96" />
            <String ID="Textword_466" HPOS="1661" VPOS="4445" HEIGHT="26" WIDTH="57" CONTENT="und" WC="0.96" />
            <String ID="Textword_467" HPOS="1732" VPOS="4444" HEIGHT="27" WIDTH="99" CONTENT="Grösse" WC="0.96" />
            <String ID="Textword_468" HPOS="1844" VPOS="4445" HEIGHT="33" WIDTH="146" CONTENT="empfiehlt," WC="0.93" />
            <String ID="Textword_469" HPOS="2009" VPOS="4453" HEIGHT="26" WIDTH="48" CONTENT="ge-" WC="0.92" />
          </TextLine>
          <TextLine ID="TextLine_155" HPOS="1501" VPOS="4480" HEIGHT="34" WIDTH="557">
            <String ID="Textword_470" HPOS="1501" VPOS="4482" HEIGHT="25" WIDTH="88" CONTENT="stützt" WC="0.94" />
            <String ID="Textword_471" HPOS="1617" VPOS="4481" HEIGHT="26" WIDTH="51" CONTENT="auf" WC="0.95" />
            <String ID="Textword_472" HPOS="1693" VPOS="4480" HEIGHT="34" WIDTH="175" CONTENT="langjährige" WC="0.96" />
            <String ID="Textword_473" HPOS="1891" VPOS="4480" HEIGHT="34" WIDTH="167" CONTENT="Erfahrung," WC="0.96" />
          </TextLine>
          <TextLine ID="TextLine_156" HPOS="1502" VPOS="4515" HEIGHT="36" WIDTH="555">
            <String ID="Textword_474" HPOS="1502" VPOS="4517" HEIGHT="25" WIDTH="28" CONTENT="in" WC="0.92" />
            <String ID="Textword_475" HPOS="1549" VPOS="4516" HEIGHT="27" WIDTH="146" CONTENT="tadelloser" WC="0.92" />
            <String ID="Textword_476" HPOS="1714" VPOS="4516" HEIGHT="35" WIDTH="179" CONTENT="Ausführung" WC="0.96" />
            <String ID="Textword_477" HPOS="1912" VPOS="4524" HEIGHT="19" WIDTH="35" CONTENT="zu" WC="0.93" />
            <String ID="Textword_478" HPOS="1966" VPOS="4515" HEIGHT="35" WIDTH="91" CONTENT="billig-" WC="0.93" />
          </TextLine>
          <TextLine ID="TextLine_157" HPOS="1503" VPOS="4552" HEIGHT="26" WIDTH="199">
            <String ID="Textword_479" HPOS="1503" VPOS="4554" HEIGHT="24" WIDTH="61" CONTENT="sten" WC="0.95" />
            <String ID="Textword_480" HPOS="1583" VPOS="4552" HEIGHT="26" WIDTH="119" CONTENT="Preisen." WC="0.92" />
          </TextLine>
        </TextBlock>
        <TextBlock ID="TextBlock_87" HPOS="0" VPOS="2509" HEIGHT="2467" WIDTH="93">
          <TextLine ID="TextLine_158" HPOS="0" VPOS="2509" HEIGHT="2467" WIDTH="93">
            <SP ID="Textword_48" HPOS="0" VPOS="2509" />
            <String ID="Textword_481" HPOS="0" VPOS="2509" HEIGHT="2467" WIDTH="93" CONTENT=" " WC="0.95" />
          </TextLine>
        </TextBlock>
        <TextBlock ID="TextBlock_88" HPOS="1467" VPOS="2189" HEIGHT="2458" WIDTH="27">
          <TextLine ID="TextLine_159" HPOS="1467" VPOS="2189" HEIGHT="2458" WIDTH="27">
            <SP ID="Textword_49" HPOS="1467" VPOS="2189" />
            <String ID="Textword_482" HPOS="1467" VPOS="2189" HEIGHT="2458" WIDTH="27" CONTENT=" " WC="0.95" />
          </TextLine>
        </TextBlock>
        <TextBlock ID="TextBlock_89" HPOS="1598" VPOS="4596" HEIGHT="51" WIDTH="460">
          <TextLine ID="TextLine_160" HPOS="1598" VPOS="4596" HEIGHT="51" WIDTH="460">
            <String ID="Textword_483" HPOS="1598" VPOS="4596" HEIGHT="41" WIDTH="357" CONTENT="Metallwarenfabrik" WC="0.89" />
            <String ID="Textword_484" HPOS="1974" VPOS="4596" HEIGHT="51" WIDTH="84" CONTENT="Zug." WC="0.96" />
          </TextLine>
        </TextBlock>
        <TextBlock ID="TextBlock_90" HPOS="2742" VPOS="4118" HEIGHT="72" WIDTH="399">
          <TextLine ID="TextLine_161" HPOS="2742" VPOS="4118" HEIGHT="72" WIDTH="399">
            <String ID="Textword_485" HPOS="2742" VPOS="4121" HEIGHT="69" WIDTH="162" CONTENT="Sägerei" WC="0.92" />
            <String ID="Textword_486" HPOS="2925" VPOS="4148" HEIGHT="12" WIDTH="20" CONTENT="-" WC="0.91" />
            <String ID="Textword_487" HPOS="2965" VPOS="4118" HEIGHT="70" WIDTH="176" CONTENT="Anlagen" WC="0.96" />
          </TextLine>
        </TextBlock>
        <TextBlock ID="TextBlock_91" HPOS="2185" VPOS="3485" HEIGHT="846" WIDTH="402">
          <TextLine ID="TextLine_162" HPOS="2185" VPOS="3485" HEIGHT="846" WIDTH="402">
            <SP ID="Textword_50" HPOS="2185" VPOS="3485" />
            <String ID="Textword_488" HPOS="2185" VPOS="3485" HEIGHT="846" WIDTH="402" CONTENT="  " WC="0.95" />
          </TextLine>
        </TextBlock>
        <TextBlock ID="TextBlock_92" HPOS="2508" VPOS="4227" HEIGHT="114" WIDTH="667">
          <TextLine ID="TextLine_163" HPOS="2508" VPOS="4227" HEIGHT="42" WIDTH="596">
            <String ID="Textword_489" HPOS="2508" VPOS="4239" HEIGHT="30" WIDTH="56" CONTENT="S" WC="0.28" />
            <String ID="Textword_490" HPOS="2830" VPOS="4227" HEIGHT="42" WIDTH="243" CONTENT="Vollgatter" WC="0.91" />
            <String ID="Textword_491" HPOS="3101" VPOS="4264" HEIGHT="2" WIDTH="3" CONTENT="_" WC="0.78" />
          </TextLine>
          <TextLine ID="TextLine_164" HPOS="2556" VPOS="4250" HEIGHT="91" WIDTH="619">
            <String ID="Textword_492" HPOS="2556" VPOS="4250" HEIGHT="91" WIDTH="127" CONTENT="ps" WC="0.33" />
            <String ID="Textword_493" HPOS="2697" VPOS="4280" HEIGHT="32" WIDTH="90" CONTENT="und" WC="0.92" />
            <String ID="Textword_494" HPOS="2804" VPOS="4280" HEIGHT="32" WIDTH="201" CONTENT="einfaehe" WC="0.89" />
            <String ID="Textword_495" HPOS="3020" VPOS="4278" HEIGHT="33" WIDTH="155" CONTENT="Gatter" WC="0.91" />
          </TextLine>
        </TextBlock>
        <TextBlock ID="TextBlock_93" HPOS="2470" VPOS="4327" HEIGHT="7" WIDTH="109">
          <TextLine ID="TextLine_165" HPOS="2470" VPOS="4327" HEIGHT="7" WIDTH="109">
            <SP ID="Textword_51" HPOS="2470" VPOS="4327" />
            <String ID="Textword_496" HPOS="2470" VPOS="4327" HEIGHT="7" WIDTH="109" CONTENT=" " WC="0.95" />
          </TextLine>
        </TextBlock>
        <TextBlock ID="TextBlock_94" HPOS="2229" VPOS="4389" HEIGHT="42" WIDTH="282">
          <TextLine ID="TextLine_166" HPOS="2229" VPOS="4389" HEIGHT="42" WIDTH="282">
            <String ID="Textword_497" HPOS="2229" VPOS="4389" HEIGHT="42" WIDTH="150" CONTENT="Kataloge" WC="0.91" />
            <String ID="Textword_498" HPOS="2403" VPOS="4389" HEIGHT="42" WIDTH="108" CONTENT="gratis." WC="0.96" />
          </TextLine>
        </TextBlock>
        <TextBlock ID="TextBlock_95" HPOS="2542" VPOS="4355" HEIGHT="74" WIDTH="531">
          <TextLine ID="TextLine_167" HPOS="2542" VPOS="4355" HEIGHT="74" WIDTH="531">
            <String ID="Textword_499" HPOS="2542" VPOS="4355" HEIGHT="74" WIDTH="307" CONTENT="Angenieurbesuch:" WC="0.18" />
            <String ID="Textword_500" HPOS="2904" VPOS="4385" HEIGHT="43" WIDTH="169" CONTENT="Telephon." WC="0.91" />
          </TextLine>
        </TextBlock>
        <TextBlock ID="TextBlock_96" HPOS="2087" VPOS="4509" HEIGHT="12" WIDTH="1141">
          <TextLine ID="TextLine_168" HPOS="2087" VPOS="4509" HEIGHT="12" WIDTH="1141">
            <SP ID="Textword_52" HPOS="2087" VPOS="4509" />
            <String ID="Textword_501" HPOS="2087" VPOS="4509" HEIGHT="12" WIDTH="1141" CONTENT=" " WC="0.95" />
          </TextLine>
        </TextBlock>
        <TextBlock ID="TextBlock_97" HPOS="2526" VPOS="4540" HEIGHT="102" WIDTH="699">
          <TextLine ID="TextLine_169" HPOS="2526" VPOS="4540" HEIGHT="29" WIDTH="699">
            <String ID="Textword_502" HPOS="2526" VPOS="4540" HEIGHT="29" WIDTH="272" CONTENT="berücksichtigt" WC="0.96" />
            <String ID="Textword_503" HPOS="2816" VPOS="4540" HEIGHT="25" WIDTH="55" CONTENT="bei" WC="0.93" />
            <String ID="Textword_504" HPOS="2895" VPOS="4541" HEIGHT="24" WIDTH="112" CONTENT="Euern" WC="0.92" />
            <String ID="Textword_505" HPOS="3032" VPOS="4540" HEIGHT="25" WIDTH="193" CONTENT="Einkäufen" WC="0.92" />
          </TextLine>
          <TextLine ID="TextLine_170" HPOS="2528" VPOS="4573" HEIGHT="28" WIDTH="697">
            <String ID="Textword_506" HPOS="2528" VPOS="4577" HEIGHT="24" WIDTH="53" CONTENT="die" WC="0.96" />
            <String ID="Textword_507" HPOS="2600" VPOS="4576" HEIGHT="25" WIDTH="198" CONTENT="Inserenten" WC="0.96" />
            <String ID="Textword_508" HPOS="2823" VPOS="4577" HEIGHT="24" WIDTH="59" CONTENT="der" WC="0.96" />
            <String ID="Textword_509" HPOS="2908" VPOS="4575" HEIGHT="26" WIDTH="161" CONTENT="Schweiz." WC="0.93" />
            <String ID="Textword_510" HPOS="3089" VPOS="4573" HEIGHT="28" WIDTH="136" CONTENT="Arbeit-" WC="0.93" />
          </TextLine>
          <TextLine ID="TextLine_171" HPOS="2526" VPOS="4611" HEIGHT="31" WIDTH="269">
            <String ID="Textword_511" HPOS="2526" VPOS="4611" HEIGHT="31" WIDTH="269" CONTENT="geber-Zeitung." WC="0.91" />
          </TextLine>
        </TextBlock>
        <TextBlock ID="TextBlock_98" HPOS="2048" VPOS="374" HEIGHT="4255" WIDTH="32">
          <TextLine ID="TextLine_172" HPOS="2048" VPOS="374" HEIGHT="4255" WIDTH="32">
            <SP ID="Textword_53" HPOS="2048" VPOS="374" />
            <String ID="Textword_512" HPOS="2048" VPOS="374" HEIGHT="4255" WIDTH="32" CONTENT=" " WC="0.95" />
          </TextLine>
        </TextBlock>
        <TextBlock ID="TextBlock_99" HPOS="2089" VPOS="4543" HEIGHT="103" WIDTH="397">
          <TextLine ID="TextLine_173" HPOS="2089" VPOS="4543" HEIGHT="103" WIDTH="397">
            <String ID="Textword_513" HPOS="2089" VPOS="4543" HEIGHT="103" WIDTH="397" CONTENT="Arbeitgeber!" WC="0.87" />
          </TextLine>
        </TextBlock>
        <TextBlock ID="TextBlock_100" HPOS="335" VPOS="4648" HEIGHT="24" WIDTH="2894">
          <TextLine ID="TextLine_174" HPOS="335" VPOS="4648" HEIGHT="24" WIDTH="2894">
            <SP ID="Textword_54" HPOS="335" VPOS="4648" />
            <String ID="Textword_514" HPOS="335" VPOS="4648" HEIGHT="24" WIDTH="2894" CONTENT=" " WC="0.95" />
          </TextLine>
        </TextBlock>
        <TextBlock ID="TextBlock_101" HPOS="1229" VPOS="4675" HEIGHT="35" WIDTH="1131">
          <TextLine ID="TextLine_175" HPOS="1229" VPOS="4675" HEIGHT="35" WIDTH="1131">
            <String ID="Textword_515" HPOS="1229" VPOS="4676" HEIGHT="26" WIDTH="92" CONTENT="Druck" WC="0.96" />
            <String ID="Textword_516" HPOS="1340" VPOS="4676" HEIGHT="26" WIDTH="55" CONTENT="und" WC="0.95" />
            <String ID="Textword_517" HPOS="1413" VPOS="4676" HEIGHT="33" WIDTH="164" CONTENT="Expedition" WC="0.96" />
            <String ID="Textword_518" HPOS="1596" VPOS="4684" HEIGHT="19" WIDTH="53" CONTENT="von" WC="0.96" />
            <String ID="Textword_519" HPOS="1669" VPOS="4676" HEIGHT="34" WIDTH="105" CONTENT="Müller," WC="0.96" />
            <String ID="Textword_520" HPOS="1794" VPOS="4676" HEIGHT="28" WIDTH="116" CONTENT="Werder" WC="0.93" />
            <String ID="Textword_521" HPOS="1930" VPOS="4677" HEIGHT="25" WIDTH="23" CONTENT="&amp;" WC="0.91" />
            <String ID="Textword_522" HPOS="1973" VPOS="4676" HEIGHT="34" WIDTH="66" CONTENT="Cie.," WC="0.91" />
            <String ID="Textword_523" HPOS="2060" VPOS="4675" HEIGHT="34" WIDTH="112" CONTENT="Schipfe" WC="0.91" />
            <String ID="Textword_524" HPOS="2191" VPOS="4675" HEIGHT="35" WIDTH="41" CONTENT="33," WC="0.96" />
            <String ID="Textword_525" HPOS="2253" VPOS="4675" HEIGHT="27" WIDTH="107" CONTENT="Zürich," WC="0.80" />
          </TextLine>
        </TextBlock>
        <TextBlock ID="TextBlock_102" HPOS="3384" VPOS="2159" HEIGHT="43" WIDTH="9">
          <TextLine ID="TextLine_176" HPOS="3384" VPOS="2159" HEIGHT="14" WIDTH="9">
            <String ID="Textword_526" HPOS="3384" VPOS="2159" HEIGHT="14" WIDTH="9" CONTENT="è" WC="0.40" />
          </TextLine>
          <TextLine ID="TextLine_177" HPOS="3384" VPOS="2179" HEIGHT="23" WIDTH="8">
            <String ID="Textword_527" HPOS="3384" VPOS="2179" HEIGHT="23" WIDTH="8" CONTENT="$" WC="0.81" />
          </TextLine>
        </TextBlock>
        <TextBlock ID="TextBlock_103" HPOS="3281" VPOS="0" HEIGHT="470" WIDTH="151">
          <TextLine ID="TextLine_178" HPOS="3281" VPOS="0" HEIGHT="470" WIDTH="151">
            <SP ID="Textword_55" HPOS="3281" VPOS="0" />
            <String ID="Textword_528" HPOS="3281" VPOS="0" HEIGHT="470" WIDTH="151" CONTENT=" " WC="0.95" />
          </TextLine>
        </TextBlock>
        <TextBlock ID="TextBlock_104" HPOS="3369" VPOS="2229" HEIGHT="511" WIDTH="29">
          <TextLine ID="TextLine_179" HPOS="3369" VPOS="2229" HEIGHT="511" WIDTH="29">
            <String ID="Textword_529" HPOS="3369" VPOS="2510" HEIGHT="230" WIDTH="29" CONTENT="EEE" WC="0.24" />
            <String ID="Textword_530" HPOS="3378" VPOS="2466" HEIGHT="43" WIDTH="12" CONTENT="re" WC="0.03" />
            <String ID="Textword_531" HPOS="3371" VPOS="2380" HEIGHT="81" WIDTH="20" CONTENT="SPA" WC="0.05" />
            <String ID="Textword_532" HPOS="3379" VPOS="2324" HEIGHT="52" WIDTH="12" CONTENT="ma" WC="0.15" />
            <String ID="Textword_533" HPOS="3381" VPOS="2229" HEIGHT="94" WIDTH="11" CONTENT="ae" WC="0.05" />
          </TextLine>
        </TextBlock>
        <TextBlock ID="TextBlock_105" HPOS="3393" VPOS="3228" HEIGHT="16" WIDTH="8">
          <TextLine ID="TextLine_180" HPOS="3393" VPOS="3228" HEIGHT="16" WIDTH="8">
            <String ID="Textword_534" HPOS="3393" VPOS="3228" HEIGHT="16" WIDTH="8" CONTENT="»" WC="0.47" />
          </TextLine>
        </TextBlock>
        <TextBlock ID="TextBlock_106" HPOS="3348" VPOS="4295" HEIGHT="681" WIDTH="84">
          <TextLine ID="TextLine_181" HPOS="3348" VPOS="4295" HEIGHT="681" WIDTH="84">
            <SP ID="Textword_56" HPOS="3348" VPOS="4295" />
            <String ID="Textword_535" HPOS="3348" VPOS="4295" HEIGHT="681" WIDTH="84" CONTENT=" " WC="0.95" />
          </TextLine>
        </TextBlock>
      </PrintSpace>
    </Page>
  </Layout>
</alto>
