<?xml version="1.0" encoding="windows-1252" standalone="no"?>
<XMD-PAGE REPOSITORY_FORMAT="1.0" PRXML_VER="2.3">
	<Meta ISSUE_DATE="03/09/1901" RELEASE_NO="113-IMP-1901-09-03-0001" PAGE_NO="7" NAME="" PAGE_LABEL="7" PAGE_TYPE="Single" PUBLISHER="Olive" PUBLICATION="IMP" SOURCE_TYPE="TIFF" SOURCE_RESOLUTION="72" IMAGES_RESOLUTION="160" PAGE_THUMBNAIL_RESOLUTION="72" PAGE_PREVIEW_RESOLUTION="15" DEFAULT_IMG_EXT="png" IMG_EXT="png" PREVIEW_IMG_EXT="png" XMD_VER="2.8.100.5" PROFILE_ID="IMP-1901-09-03.ini" SECTION="None" PAGE_WIDTH="632" PAGE_HEIGHT="855" PAGES_NUMBER="10" BASE_HREF="IMP/1901/09/03" PDF_DESTINATION_MAPPED="OLV0_Page_0007" OCR_CONFIDENCE="1.000" TOTAL_CHARS_COUNT="5233" SUSPICIOUS_CHARS_COUNT="2">
		<Resolutions>
			<Resolution DEFAULT="true">72</Resolution>
			<Resolution>144</Resolution>
			<Resolution>160</Resolution>
		</Resolutions>
	</Meta>
	<Link SOURCE="113-IMP-1901-09-03-0001.pdf" NEXT_SECTION="" PREV_SECTION="1"/>
	<DataFiles>
		<Files TYPE="DOC_PDF" PRESENT="1"/>
		<Files TYPE="PAGE_PDF" PRESENT="0"/>
		<Files TYPE="DOC_IMG" PRESENT="0"/>
		<Files TYPE="PAGE_IMG" PRESENT="0"/>
		<Files TYPE="PAGE_VIEW_IMG" PRESENT="1"/>
		<Files TYPE="PAGE_PREVIEW_IMG" PRESENT="1"/>
		<Files TYPE="PRIMITIVE_IMG" PRESENT="1"/>
		<Files TYPE="SNIPPET_IMG" PRESENT="1"/>
		<Files TYPE="SEGMENTATION" PRESENT="0"/>
		<Files TYPE="PAGINATION_TEMPLATE_BACKGROUND" PRESENT="0"/>
		<Files TYPE="EXTERNAL_FONTS" PRESENT="0"/>
		<Files TYPE="PROFILE" PRESENT="0"/>
	</DataFiles>
	<Entity ENTITY_TYPE="Article" FIRST_TOC_ENTRY_ID="63" INDEX_IN_DOC="75" DEPTH_LEVEL="1" ID="Ar00700" SIZE="XLarge" BOX="56 60 310 812" NEXT_SECTION="" PREV_SECTION="1" CONTINUATION_TO="Ar00701" CONTINUATION_FROM="Ar01000" FIRST_CHUNK="Ar01000" IMAGES_RESOLUTION="160" LOGICAL_NAME="true" TOTAL_CHARS_COUNT="2538" SUSPICIOUS_CHARS_COUNT="0" WORDCNT="637">
		<Name>DEUXI�ME PARTIE LES DEUX FANTOMES</Name>
		<Primitive ID="Ar0070000" BOX="57 60 310 397" ELEMENT_TYPE="Content" SEQ_NO="0" TOC_ENTRY_ID="63" DEPTH_LEVEL="1" POPULAR_STYLE_REF="2"/>
		<Primitive ID="Ar0070001" BOX="57 401 309 491" ELEMENT_TYPE="Content" SEQ_NO="1" TOC_ENTRY_ID="63" DEPTH_LEVEL="1" POPULAR_STYLE_REF="2"/>
		<Primitive ID="Ar0070002" BOX="56 495 309 812" ELEMENT_TYPE="Content" SEQ_NO="2" TOC_ENTRY_ID="63" DEPTH_LEVEL="1" POPULAR_STYLE_REF="2"/>
	</Entity>
	<Entity ENTITY_TYPE="Article" FIRST_TOC_ENTRY_ID="63" INDEX_IN_DOC="76" DEPTH_LEVEL="1" ID="Ar00701" SIZE="XLarge" BOX="322 62 575 812" NEXT_SECTION="" PREV_SECTION="1" CONTINUATION_FROM="Ar00700" FIRST_CHUNK="Ar01000" IMAGES_RESOLUTION="160" LOGICAL_NAME="true" TOTAL_CHARS_COUNT="2695" SUSPICIOUS_CHARS_COUNT="2" WORDCNT="655">
		<Name>DEUXI�ME PARTIE LES DEUX FANTOMES</Name>
		<Primitive ID="Ar0070100" BOX="322 62 575 340" ELEMENT_TYPE="Content" SEQ_NO="0" TOC_ENTRY_ID="63" DEPTH_LEVEL="1" POPULAR_STYLE_REF="2"/>
		<Primitive ID="Ar0070101" BOX="322 342 574 658" ELEMENT_TYPE="Content" SEQ_NO="1" TOC_ENTRY_ID="63" DEPTH_LEVEL="1" POPULAR_STYLE_REF="2"/>
		<Primitive ID="Ar0070102" BOX="322 659 574 812" ELEMENT_TYPE="Content" SEQ_NO="2" TOC_ENTRY_ID="63" DEPTH_LEVEL="1" POPULAR_STYLE_REF="2"/>
	</Entity>
</XMD-PAGE>