<?xml version="1.0" encoding="windows-1252" standalone="no"?>
<XMD-entity REPOSITORY_FORMAT="1.0" PRXML_VER="2.2" ENTITY_TYPE="Article" DOC_UID="GDL_04/01/1900" DOC_VER="1" FIRST_TOC_ENTRY_ID="1" DEPTH_LEVEL="1" INDEX_IN_DOC="1" PAGE_NO="1" ID="Ar00102" BOX="96 115 486 365" LANGUAGE="French" SNP="Ar00102S.png" SNP_WIDTH="391" SNP_HEIGHT="73">
	<Meta NAME="Untitled Article" DESCRIPTION="" SUBTYPE="" BASE_HREF="GDL/1900/01/04" SOURCE_TYPE="TIFF" PUBLICATION="GDL" SECTION="Front page" ISSUE_DATE="04/01/1900" WORDCNT="31" RELEASE_NO="103-GDL-1900-01-04-0001" PAGE_ID="" PAGE_TYPE="Single" PAGE_WIDTH="988" PAGE_HEIGHT="1343" DEFAULT_IMG_EXT="png" PDF_DESTINATION_MAPPED="OLV0_Entity_0001_0003" IMAGES_RESOLUTION="144" XMD_VER="2.6.241.4" PAGE_LABEL="1" TOTAL_CHARS_COUNT="120" SUSPICIOUS_CHARS_COUNT="0"/>
	<Link SOURCE="103-GDL-1900-01-04-0001.pdf" FIRST_ID="Ar00100" LAST_ID="Ar00108" NEXT_ID="Ar00103" PREV_ID="Ar00101" TOC_ID="W:/Repository/GDL/1900/01/04/TOC.xml"/>
	<DataFiles>
		<Files TYPE="DOC_PDF" PRESENT="1"/>
		<Files TYPE="PAGE_PDF" PRESENT="1"/>
		<Files TYPE="DOC_IMG" PRESENT="0"/>
		<Files TYPE="PAGE_IMG" PRESENT="1"/>
		<Files TYPE="PAGE_VIEW_IMG" PRESENT="1"/>
		<Files TYPE="PAGE_PREVIEW_IMG" PRESENT="1"/>
		<Files TYPE="PRIMITIVE_IMG" PRESENT="1"/>
		<Files TYPE="SNIPPET_IMG" PRESENT="1"/>
		<Files TYPE="SEGMENTATION" PRESENT="1"/>
	</DataFiles>
	<Content>
		<Primitive BOX="96 115 486 365" ID="Ar0010200" SEQ_NO="0" TOC_ENTRY_ID="1" DEPTH_LEVEL="1">
			<L BOX="200 140 358 166"/>
			<W BOX="200 140 358 166" STYLE_REF="4">R�DACTION</W>
			<L BOX="229 183 337 202" P="S"/>
			<W BOX="229 183 256 202" STYLE_REF="5">Bac</W>
			<W BOX="261 183 309 202" STYLE_REF="5" NS="y">P�pinct</W>
			<W BOX="306 183 312 202" STYLE_REF="5">,</W>
			<W BOX="320 183 332 202" STYLE_REF="6" NS="y">3</W>
			<W BOX="331 183 337 202" STYLE_REF="6">,</W>
			<L BOX="139 222 419 242"/>
			<W BOX="139 222 226 242" STYLE_REF="6">BUREAU</W>
			<Q BOX="241 222 255 242" STYLE_REF="6" QID="1">D</Q>
			<Q BOX="255 222 261 242" STYLE_REF="6" QID="1">'</Q>
			<q BOX="261 222 419 242" STYLE_REF="6" QID="1">ABONNEMENTS</q>
			<QW QID="1">D'ABONNEMENTS</QW>
			<L BOX="112 288 447 307" P="S"/>
			<W BOX="112 288 134 307" STYLE_REF="1">On</W>
			<Q BOX="139 288 147 307" STYLE_REF="1" QID="2">s</Q>
			<Q BOX="146 288 150 307" STYLE_REF="1" QID="2">'</Q>
			<q BOX="149 288 204 307" STYLE_REF="1" QID="2">abonne</q>
			<QW QID="2">s'abonne</QW>
			<W BOX="210 288 246 307" STYLE_REF="1">dans</W>
			<W BOX="251 288 283 307" STYLE_REF="1">tous</W>
			<W BOX="287 288 308 307" STYLE_REF="1">les</W>
			<W BOX="313 288 375 307" STYLE_REF="1">bureaux</W>
			<W BOX="380 288 398 307" STYLE_REF="1">de</W>
			<W BOX="403 288 443 307" STYLE_REF="1" NS="y">poste</W>
			<W BOX="442 288 447 307" STYLE_REF="1">.</W>
			<L BOX="182 309 372 328"/>
			<W BOX="182 309 210 328" STYLE_REF="1">Les</W>
			<W BOX="215 309 314 328" STYLE_REF="1">abonnements</W>
			<W BOX="319 309 372 328" STYLE_REF="1">partent</W>
			<L BOX="147 331 410 350"/>
			<W BOX="147 331 167 350" STYLE_REF="1">du</W>
			<W BOX="175 331 186 350" STYLE_REF="1" NS="y">1</W>
			<W BOX="186 331 195 350" STYLE_REF="1">"</W>
			<W BOX="201 331 222 350" STYLE_REF="1">ou</W>
			<W BOX="228 331 250 350" STYLE_REF="1">du</W>
			<W BOX="256 331 278 350" STYLE_REF="1">13</W>
			<W BOX="282 331 302 350" STYLE_REF="1">de</W>
			<W BOX="308 331 361 350" STYLE_REF="1">chaque</W>
			<W BOX="368 331 391 350" STYLE_REF="1">me</W>
			<W BOX="396 331 405 350" STYLE_REF="1" NS="y">a</W>
			<W BOX="404 331 410 350" STYLE_REF="1">.</W>
		</Primitive>
	</Content>
</XMD-entity>