<?xml version="1.0" encoding="windows-1252" standalone="no"?>
<XMD-entity REPOSITORY_FORMAT="1.0" PRXML_VER="2.2" ENTITY_TYPE="Article" DOC_UID="GDL_04/01/1900" DOC_VER="1" FIRST_TOC_ENTRY_ID="2" DEPTH_LEVEL="1" INDEX_IN_DOC="2" PAGE_NO="1" ID="Ar00105" BOX="486 115 2088 534" LANGUAGE="French" SNP="Ar00105S.png" SNP_WIDTH="1603" SNP_HEIGHT="251">
	<Meta NAME="Untitled Article" DESCRIPTION="" SUBTYPE="" BASE_HREF="GDL/1900/01/04" SOURCE_TYPE="TIFF" PUBLICATION="GDL" SECTION="Front page" ISSUE_DATE="04/01/1900" WORDCNT="8" RELEASE_NO="103-GDL-1900-01-04-0001" PAGE_ID="" PAGE_TYPE="Single" PAGE_WIDTH="988" PAGE_HEIGHT="1343" DEFAULT_IMG_EXT="png" PDF_DESTINATION_MAPPED="OLV0_Entity_0001_0006" IMAGES_RESOLUTION="144" XMD_VER="2.6.241.4" PAGE_LABEL="1" TOTAL_CHARS_COUNT="36" SUSPICIOUS_CHARS_COUNT="0"/>
	<Link SOURCE="103-GDL-1900-01-04-0001.pdf" FIRST_ID="Ar00100" LAST_ID="Ar00108" NEXT_ID="Ar00106" PREV_ID="Ar00104" TOC_ID="W:/Repository/GDL/1900/01/04/TOC.xml"/>
	<DataFiles>
		<Files TYPE="DOC_PDF" PRESENT="1"/>
		<Files TYPE="PAGE_PDF" PRESENT="1"/>
		<Files TYPE="DOC_IMG" PRESENT="0"/>
		<Files TYPE="PAGE_IMG" PRESENT="1"/>
		<Files TYPE="PAGE_VIEW_IMG" PRESENT="1"/>
		<Files TYPE="PAGE_PREVIEW_IMG" PRESENT="1"/>
		<Files TYPE="PRIMITIVE_IMG" PRESENT="1"/>
		<Files TYPE="SNIPPET_IMG" PRESENT="1"/>
		<Files TYPE="SEGMENTATION" PRESENT="1"/>
	</DataFiles>
	<Content>
		<Primitive BOX="486 115 2088 365" ID="Ar0010500" SEQ_NO="0" TOC_ENTRY_ID="2" DEPTH_LEVEL="1">
			<L BOX="488 165 1272 379"/>
			<W BOX="488 165 1043 379" STYLE_REF="7">Gazette</W>
			<W BOX="1063 165 1272 379" STYLE_REF="7">de</W>
		</Primitive>
		<Primitive BOX="534 365 2032 534" ID="Ar0010501" SEQ_NO="1" TOC_ENTRY_ID="2" DEPTH_LEVEL="1">
			<L BOX="824 378 1722 443" P="S"/>
			<W BOX="824 378 927 443" STYLE_REF="11">ET</W>
			<W BOX="977 378 1368 443" STYLE_REF="11">JOURNAL</W>
			<W BOX="1432 378 1722 443" STYLE_REF="11">SUISSE</W>
			<L BOX="1155 469 1383 495" P="S"/>
			<W BOX="1155 469 1266 495" STYLE_REF="4">FOND�E</W>
			<W BOX="1279 469 1320 495" STYLE_REF="4">EN</W>
			<W BOX="1325 469 1383 495" STYLE_REF="4">1798</W>
		</Primitive>
	</Content>
</XMD-entity>