<?xml version="1.0" encoding="windows-1252" standalone="no"?>
<XMD-entity REPOSITORY_FORMAT="1.0" PRXML_VER="2.2" ENTITY_TYPE="Article" DOC_UID="GDL_04/01/1900" DOC_VER="1" FIRST_TOC_ENTRY_ID="3" DEPTH_LEVEL="1" INDEX_IN_DOC="3" PAGE_NO="1" ID="Ar00103" BOX="96 365 534 534" LANGUAGE="French" SNP="Ar00103S.png" SNP_WIDTH="439" SNP_HEIGHT="81">
	<Meta NAME="Untitled Article" DESCRIPTION="" SUBTYPE="" BASE_HREF="GDL/1900/01/04" SOURCE_TYPE="TIFF" PUBLICATION="GDL" SECTION="Front page" ISSUE_DATE="04/01/1900" WORDCNT="30" RELEASE_NO="103-GDL-1900-01-04-0001" PAGE_ID="" PAGE_TYPE="Single" PAGE_WIDTH="988" PAGE_HEIGHT="1343" DEFAULT_IMG_EXT="png" PDF_DESTINATION_MAPPED="OLV0_Entity_0001_0004" IMAGES_RESOLUTION="144" XMD_VER="2.6.241.4" PAGE_LABEL="1" TOTAL_CHARS_COUNT="102" SUSPICIOUS_CHARS_COUNT="0"/>
	<Link SOURCE="103-GDL-1900-01-04-0001.pdf" FIRST_ID="Ar00100" LAST_ID="Ar00108" NEXT_ID="Ar00104" PREV_ID="Ar00102" TOC_ID="W:/Repository/GDL/1900/01/04/TOC.xml"/>
	<DataFiles>
		<Files TYPE="DOC_PDF" PRESENT="1"/>
		<Files TYPE="PAGE_PDF" PRESENT="1"/>
		<Files TYPE="DOC_IMG" PRESENT="0"/>
		<Files TYPE="PAGE_IMG" PRESENT="1"/>
		<Files TYPE="PAGE_VIEW_IMG" PRESENT="1"/>
		<Files TYPE="PAGE_PREVIEW_IMG" PRESENT="1"/>
		<Files TYPE="PRIMITIVE_IMG" PRESENT="1"/>
		<Files TYPE="SNIPPET_IMG" PRESENT="1"/>
		<Files TYPE="SEGMENTATION" PRESENT="1"/>
	</DataFiles>
	<Content>
		<Primitive BOX="96 365 534 534" ID="Ar0010300" SEQ_NO="0" TOC_ENTRY_ID="3" DEPTH_LEVEL="1">
			<L BOX="175 392 406 415"/>
			<W BOX="175 392 227 415" STYLE_REF="8">PRIX</W>
			<Q BOX="237 392 254 415" STYLE_REF="8" QID="1">D</Q>
			<Q BOX="252 392 257 415" STYLE_REF="8" QID="1">'</Q>
			<q BOX="255 392 406 415" STYLE_REF="8" QID="1">ABONNEMENT</q>
			<QW QID="1">D'ABONNEMENT</QW>
			<L BOX="293 419 483 439" P="S"/>
			<W BOX="293 419 307 439" STYLE_REF="5">Un</W>
			<W BOX="314 419 329 439" STYLE_REF="5">ta</W>
			<W BOX="369 419 384 439" STYLE_REF="5">S</W>
			<W BOX="393 419 435 439" STYLE_REF="6">ffloii</W>
			<W BOX="444 419 451 439" STYLE_REF="5">I</W>
			<W BOX="456 419 483 439" STYLE_REF="6">mil</W>
			<L BOX="99 443 483 466" P="S"/>
			<W BOX="99 443 170 466" STYLE_REF="8" NS="y">Suisse</W>
			<Q BOX="170 443 178 466" STYLE_REF="8" QID="2">.</Q>
			<Q BOX="178 443 186 466" STYLE_REF="8" QID="2">.</Q>
			<Q BOX="186 443 193 466" STYLE_REF="8" QID="2">.</Q>
			<Q BOX="193 443 201 466" STYLE_REF="8" QID="2">.</Q>
			<Q BOX="201 443 209 466" STYLE_REF="8" QID="2">.</Q>
			<Q BOX="209 443 215 466" STYLE_REF="8" QID="2">.</Q>
			<q BOX="216 443 222 466" STYLE_REF="8" QID="2">.</q>
			<QW QID="2">.......</QW>
			<W BOX="283 443 306 466" STYLE_REF="8" NS="y">Fr</W>
			<W BOX="306 443 313 466" STYLE_REF="8">.</W>
			<W BOX="319 443 344 466" STYLE_REF="9">20</W>
			<W BOX="367 443 422 466" STYLE_REF="8">1050</W>
			<W BOX="441 443 483 466" STYLE_REF="8">550</W>
			<L BOX="99 470 490 492"/>
			<W BOX="99 470 150 492" STYLE_REF="8">Union</W>
			<W BOX="156 470 217 492" STYLE_REF="8">postale</W>
			<W BOX="294 470 307 492" STYLE_REF="8">�</W>
			<W BOX="320 470 344 492" STYLE_REF="8">36</W>
			<W BOX="367 470 392 492" STYLE_REF="8">18</W>
			<W BOX="396 470 421 492" STYLE_REF="8">50</W>
			<W BOX="443 470 456 492" STYLE_REF="8">9</W>
			<W BOX="464 470 490 492" STYLE_REF="8">50</W>
			<L BOX="144 497 440 519" P="S"/>
			<W BOX="144 497 185 519" STYLE_REF="10">Prix</W>
			<W BOX="195 497 222 519" STYLE_REF="10">du</W>
			<W BOX="228 497 301 519" STYLE_REF="10" NS="y">num�ro</W>
			<W BOX="301 497 309 519" STYLE_REF="10">:</W>
			<W BOX="315 497 341 519" STYLE_REF="9">10</W>
			<W BOX="348 497 434 519" STYLE_REF="9" NS="y">centimes</W>
			<W BOX="434 497 440 519" STYLE_REF="9">.</W>
		</Primitive>
	</Content>
</XMD-entity>