<?xml version="1.0" encoding="windows-1252" standalone="no"?>
<XMD-PAGE REPOSITORY_FORMAT="1.0" PRXML_VER="2.2">
	<Meta SINGLE_PAGE_PDF_NAME="/Res/PDF/Pg0001_s_0001.pdf" ISSUE_DATE="04/01/1900" RELEASE_NO="103-GDL-1900-01-04-0001" PAGE_NO="1" NAME="" PAGE_LABEL="1" PAGE_TYPE="Single" PUBLISHER="Olive" PUBLICATION="GDL" SOURCE_TYPE="TIFF" SOURCE_RESOLUTION="72" IMAGES_RESOLUTION="144" PAGE_THUMBNAIL_RESOLUTION="57" PAGE_PREVIEW_RESOLUTION="14" DEFAULT_IMG_EXT="png" IMG_EXT="png" PREVIEW_IMG_EXT="png" XMD_VER="2.6.241.4" PROFILE_ID="W:\Batch\Profile\GDL-1900-01-04.ini" SECTION="Front page" PAGE_WIDTH="988" PAGE_HEIGHT="1343" PAGES_NUMBER="4" BASE_HREF="GDL/1900/01/04" PDF_DESTINATION_MAPPED="OLV0_Page_0001" TOTAL_CHARS_COUNT="25179" SUSPICIOUS_CHARS_COUNT="0">
		<Resolutions>
			<Resolution DEFAULT="true">57</Resolution>
			<Resolution>72</Resolution>
			<Resolution>144</Resolution>
		</Resolutions>
		<Links>
			<Lnk TYPE="URL" LNK_ID="LNK_1_0">
				<Target>http://succursa.es</Target>
			</Lnk>
			<Lnk TYPE="URL" LNK_ID="LNK_1_1">
				<Target>http://cause.de</Target>
			</Lnk>
			<Sources>
				<Box LNK_ID="LNK_1_0">865 137 902 146</Box>
				<Box LNK_ID="LNK_1_1">885 1271 914 1280</Box>
			</Sources>
		</Links>
	</Meta>
	<Link SOURCE="103-GDL-1900-01-04-0001.pdf" NEXT_SECTION="2" PREV_SECTION=""/>
	<DataFiles>
		<Files TYPE="DOC_PDF" PRESENT="1"/>
		<Files TYPE="PAGE_PDF" PRESENT="1"/>
		<Files TYPE="DOC_IMG" PRESENT="0"/>
		<Files TYPE="PAGE_IMG" PRESENT="1" BYTEORDER="little_endian" COMPRESSIONSCHEME="LZW" IMAGE_WIDTH="5196" IMAGE_HEIGHT="7064" COLORSPACE="BlackIsZero" BITSPERSAMPLE="8" SAMPLESPERPIXEL="1" XRESOLUTION_DPI="300" YRESOLUTION_DPI="300" MIMETYPE="image/tiff" IMG_EXT="tif" MEDIA_BOX="0 0 5195 7063" CROP_BOX="0 0 5195 7063"/>
		<Files TYPE="PAGE_VIEW_IMG" PRESENT="1"/>
		<Files TYPE="PAGE_PREVIEW_IMG" PRESENT="1"/>
		<Files TYPE="PRIMITIVE_IMG" PRESENT="1"/>
		<Files TYPE="SNIPPET_IMG" PRESENT="1"/>
		<Files TYPE="SEGMENTATION" PRESENT="1"/>
	</DataFiles>
	<Entity ENTITY_TYPE="Article" FIRST_TOC_ENTRY_ID="5" INDEX_IN_DOC="5" DEPTH_LEVEL="1" ID="Ar00100" SIZE="XLarge" BOX="32 226 660 1304" NEXT_SECTION="2" PREV_SECTION="" IMAGES_RESOLUTION="144" TOTAL_CHARS_COUNT="15861" SUSPICIOUS_CHARS_COUNT="0" WORDCNT="3696">
		<Name>Lausanne, 4 janvier 1900.</Name>
		<Primitive ID="Ar0010000" BOX="59 286 161 301" ELEMENT_TYPE="HedLine_hl1" SEQ_NO="24" TOC_ENTRY_ID="5" DEPTH_LEVEL="1"/>
		<Primitive ID="Ar0010001" BOX="38 311 184 498" ELEMENT_TYPE="Content" SEQ_NO="0" TOC_ENTRY_ID="5" DEPTH_LEVEL="1"/>
		<Primitive ID="Ar0010002" BOX="38 498 184 675" ELEMENT_TYPE="Content" SEQ_NO="1" TOC_ENTRY_ID="5" DEPTH_LEVEL="1"/>
		<Primitive ID="Ar0010003" BOX="37 675 184 782" ELEMENT_TYPE="Content" SEQ_NO="2" TOC_ENTRY_ID="5" DEPTH_LEVEL="1"/>
		<Primitive ID="Ar0010004" BOX="36 784 183 950" ELEMENT_TYPE="Content" SEQ_NO="3" TOC_ENTRY_ID="5" DEPTH_LEVEL="1"/>
		<Primitive ID="Ar0010005" BOX="35 953 181 1062" ELEMENT_TYPE="Content" SEQ_NO="4" TOC_ENTRY_ID="5" DEPTH_LEVEL="1"/>
		<Primitive ID="Ar0010006" BOX="33 1075 181 1216" ELEMENT_TYPE="Content" SEQ_NO="5" TOC_ENTRY_ID="5" DEPTH_LEVEL="1"/>
		<Primitive ID="Ar0010007" BOX="32 1219 181 1302" ELEMENT_TYPE="Content" SEQ_NO="6" TOC_ENTRY_ID="5" DEPTH_LEVEL="1"/>
		<Primitive ID="Ar0010008" BOX="195 227 341 284" ELEMENT_TYPE="Content" SEQ_NO="7" TOC_ENTRY_ID="5" DEPTH_LEVEL="1"/>
		<Primitive ID="Ar0010009" BOX="194 286 341 393" ELEMENT_TYPE="Content" SEQ_NO="8" TOC_ENTRY_ID="5" DEPTH_LEVEL="1"/>
		<Primitive ID="Ar0010010" BOX="194 395 341 539" ELEMENT_TYPE="Content" SEQ_NO="9" TOC_ENTRY_ID="5" DEPTH_LEVEL="1"/>
		<Primitive ID="Ar0010011" BOX="192 538 340 1021" ELEMENT_TYPE="Content" SEQ_NO="10" TOC_ENTRY_ID="5" DEPTH_LEVEL="1"/>
		<Primitive ID="Ar0010012" BOX="190 1021 338 1240" ELEMENT_TYPE="Content" SEQ_NO="11" TOC_ENTRY_ID="5" DEPTH_LEVEL="1"/>
		<Primitive ID="Ar0010013" BOX="189 1250 336 1300" ELEMENT_TYPE="Content" SEQ_NO="12" TOC_ENTRY_ID="5" DEPTH_LEVEL="1"/>
		<Primitive ID="Ar0010014" BOX="352 226 499 446" ELEMENT_TYPE="Content" SEQ_NO="13" TOC_ENTRY_ID="5" DEPTH_LEVEL="1"/>
		<Primitive ID="Ar0010015" BOX="352 446 498 597" ELEMENT_TYPE="Content" SEQ_NO="14" TOC_ENTRY_ID="5" DEPTH_LEVEL="1"/>
		<Primitive ID="Ar0010016" BOX="351 597 498 740" ELEMENT_TYPE="Content" SEQ_NO="15" TOC_ENTRY_ID="5" DEPTH_LEVEL="1"/>
		<Primitive ID="Ar0010017" BOX="349 742 497 892" ELEMENT_TYPE="Content" SEQ_NO="16" TOC_ENTRY_ID="5" DEPTH_LEVEL="1"/>
		<Primitive ID="Ar0010018" BOX="348 893 496 1070" ELEMENT_TYPE="Content" SEQ_NO="17" TOC_ENTRY_ID="5" DEPTH_LEVEL="1"/>
		<Primitive ID="Ar0010019" BOX="346 1086 496 1304" ELEMENT_TYPE="Content" SEQ_NO="18" TOC_ENTRY_ID="5" DEPTH_LEVEL="1"/>
		<Primitive ID="Ar0010020" BOX="507 227 656 410" ELEMENT_TYPE="Content" SEQ_NO="19" TOC_ENTRY_ID="5" DEPTH_LEVEL="1"/>
		<Primitive ID="Ar0010021" BOX="507 415 656 648" ELEMENT_TYPE="Content" SEQ_NO="20" TOC_ENTRY_ID="5" DEPTH_LEVEL="1"/>
		<Primitive ID="Ar0010022" BOX="507 653 656 745" ELEMENT_TYPE="Content" SEQ_NO="21" TOC_ENTRY_ID="5" DEPTH_LEVEL="1"/>
		<Primitive ID="Ar0010023" BOX="507 748 656 812" ELEMENT_TYPE="Content" SEQ_NO="22" TOC_ENTRY_ID="5" DEPTH_LEVEL="1"/>
		<Primitive ID="Ar0010024" BOX="505 829 660 994" ELEMENT_TYPE="Content" SEQ_NO="23" TOC_ENTRY_ID="5" DEPTH_LEVEL="1"/>
	</Entity>
	<Entity ENTITY_TYPE="Article" FIRST_TOC_ENTRY_ID="9" INDEX_IN_DOC="9" DEPTH_LEVEL="1" ID="Ar00101" SIZE="Medium" BOX="820 227 971 1305" NEXT_SECTION="2" PREV_SECTION="" CONTINUATION_TO="Ar00204" IMAGES_RESOLUTION="144" TOTAL_CHARS_COUNT="4645" SUSPICIOUS_CHARS_COUNT="0" WORDCNT="1061">
		<Name>Pierre-Conradin Romedi.</Name>
		<Primitive ID="Ar0010100" BOX="823 227 971 239" ELEMENT_TYPE="HedLine_hl1" SEQ_NO="5" TOC_ENTRY_ID="9" DEPTH_LEVEL="1"/>
		<Primitive ID="Ar0010101" BOX="823 239 971 436" ELEMENT_TYPE="Content" SEQ_NO="0" TOC_ENTRY_ID="9" DEPTH_LEVEL="1"/>
		<Primitive ID="Ar0010102" BOX="821 436 971 648" ELEMENT_TYPE="Content" SEQ_NO="1" TOC_ENTRY_ID="9" DEPTH_LEVEL="1"/>
		<Primitive ID="Ar0010103" BOX="821 663 971 824" ELEMENT_TYPE="Content" SEQ_NO="2" TOC_ENTRY_ID="9" DEPTH_LEVEL="1"/>
		<Primitive ID="Ar0010104" BOX="820 824 970 983" ELEMENT_TYPE="Content" SEQ_NO="3" TOC_ENTRY_ID="9" DEPTH_LEVEL="1"/>
		<Primitive ID="Ar0010105" BOX="820 984 969 1305" ELEMENT_TYPE="Content" SEQ_NO="4" TOC_ENTRY_ID="9" DEPTH_LEVEL="1"/>
	</Entity>
	<Entity ENTITY_TYPE="Article" FIRST_TOC_ENTRY_ID="1" INDEX_IN_DOC="1" DEPTH_LEVEL="1" ID="Ar00102" SIZE="Small" BOX="38 45 192 144" NEXT_SECTION="2" PREV_SECTION="" IMAGES_RESOLUTION="144" TOTAL_CHARS_COUNT="120" SUSPICIOUS_CHARS_COUNT="0" WORDCNT="31">
		<Name>Untitled Article</Name>
		<Primitive ID="Ar0010200" BOX="38 45 192 144" ELEMENT_TYPE="Content" SEQ_NO="0" TOC_ENTRY_ID="1" DEPTH_LEVEL="1"/>
	</Entity>
	<Entity ENTITY_TYPE="Article" FIRST_TOC_ENTRY_ID="3" INDEX_IN_DOC="3" DEPTH_LEVEL="1" ID="Ar00103" SIZE="Small" BOX="38 144 211 212" NEXT_SECTION="2" PREV_SECTION="" IMAGES_RESOLUTION="144" TOTAL_CHARS_COUNT="102" SUSPICIOUS_CHARS_COUNT="0" WORDCNT="30">
		<Name>Untitled Article</Name>
		<Primitive ID="Ar0010300" BOX="38 144 211 212" ELEMENT_TYPE="Content" SEQ_NO="0" TOC_ENTRY_ID="3" DEPTH_LEVEL="1"/>
	</Entity>
	<Entity ENTITY_TYPE="Article" FIRST_TOC_ENTRY_ID="8" INDEX_IN_DOC="8" DEPTH_LEVEL="1" ID="Ar00104" SIZE="Small" BOX="804 144 972 212" NEXT_SECTION="2" PREV_SECTION="" IMAGES_RESOLUTION="144" TOTAL_CHARS_COUNT="143" SUSPICIOUS_CHARS_COUNT="0" WORDCNT="35">
		<Name>Untitled Article</Name>
		<Primitive ID="Ar0010400" BOX="804 144 972 212" ELEMENT_TYPE="Content" SEQ_NO="0" TOC_ENTRY_ID="8" DEPTH_LEVEL="1"/>
	</Entity>
	<Entity ENTITY_TYPE="Article" FIRST_TOC_ENTRY_ID="2" INDEX_IN_DOC="2" DEPTH_LEVEL="1" ID="Ar00105" SIZE="Medium" BOX="192 45 827 212" NEXT_SECTION="2" PREV_SECTION="" IMAGES_RESOLUTION="144" TOTAL_CHARS_COUNT="36" SUSPICIOUS_CHARS_COUNT="0" WORDCNT="8">
		<Name>Untitled Article</Name>
		<Primitive ID="Ar0010500" BOX="192 45 827 144" ELEMENT_TYPE="Content" SEQ_NO="0" TOC_ENTRY_ID="2" DEPTH_LEVEL="1"/>
		<Primitive ID="Ar0010501" BOX="211 144 804 212" ELEMENT_TYPE="Content" SEQ_NO="1" TOC_ENTRY_ID="2" DEPTH_LEVEL="1"/>
	</Entity>
	<Entity ENTITY_TYPE="Article" FIRST_TOC_ENTRY_ID="7" INDEX_IN_DOC="7" DEPTH_LEVEL="1" ID="Ar00106" SIZE="Small" BOX="827 45 972 144" NEXT_SECTION="2" PREV_SECTION="" IMAGES_RESOLUTION="144" TOTAL_CHARS_COUNT="205" SUSPICIOUS_CHARS_COUNT="0" WORDCNT="46">
		<Name>Untitled Article</Name>
		<Primitive ID="Ar0010600" BOX="827 45 972 144" ELEMENT_TYPE="Content" SEQ_NO="0" TOC_ENTRY_ID="7" DEPTH_LEVEL="1"/>
	</Entity>
	<Entity ENTITY_TYPE="Article" FIRST_TOC_ENTRY_ID="4" INDEX_IN_DOC="4" DEPTH_LEVEL="1" ID="Ar00107" SIZE="Small" BOX="32 214 189 276" NEXT_SECTION="2" PREV_SECTION="" IMAGES_RESOLUTION="144" TOTAL_CHARS_COUNT="89" SUSPICIOUS_CHARS_COUNT="0" WORDCNT="16">
		<Name>Untitled Article</Name>
		<Primitive ID="Ar0010700" BOX="32 214 189 276" ELEMENT_TYPE="Content" SEQ_NO="0" TOC_ENTRY_ID="4" DEPTH_LEVEL="1"/>
	</Entity>
	<Entity ENTITY_TYPE="Article" FIRST_TOC_ENTRY_ID="6" INDEX_IN_DOC="6" DEPTH_LEVEL="1" ID="Ar00108" SIZE="Large" BOX="501 227 816 1305" NEXT_SECTION="2" PREV_SECTION="" IMAGES_RESOLUTION="144" TOTAL_CHARS_COUNT="3978" SUSPICIOUS_CHARS_COUNT="0" WORDCNT="987">
		<Name>A la Haute Cour.</Name>
		<Primitive ID="Ar0010800" BOX="501 993 658 1026" ELEMENT_TYPE="HedLine_hl1" SEQ_NO="7" TOC_ENTRY_ID="6" DEPTH_LEVEL="1"/>
		<Primitive ID="Ar0010801" BOX="501 1026 658 1305" ELEMENT_TYPE="Content" SEQ_NO="0" TOC_ENTRY_ID="6" DEPTH_LEVEL="1"/>
		<Primitive ID="Ar0010802" BOX="664 227 815 482" ELEMENT_TYPE="Content" SEQ_NO="1" TOC_ENTRY_ID="6" DEPTH_LEVEL="1"/>
		<Primitive ID="Ar0010803" BOX="665 489 815 519" ELEMENT_TYPE="Content" SEQ_NO="2" TOC_ENTRY_ID="6" DEPTH_LEVEL="1"/>
		<Primitive ID="Ar0010804" BOX="664 522 815 794" ELEMENT_TYPE="Content" SEQ_NO="3" TOC_ENTRY_ID="6" DEPTH_LEVEL="1"/>
		<Primitive ID="Ar0010805" BOX="663 795 816 994" ELEMENT_TYPE="Content" SEQ_NO="4" TOC_ENTRY_ID="6" DEPTH_LEVEL="1"/>
		<Primitive ID="Ar0010806" BOX="662 996 812 1147" ELEMENT_TYPE="Content" SEQ_NO="5" TOC_ENTRY_ID="6" DEPTH_LEVEL="1"/>
		<Primitive ID="Ar0010807" BOX="661 1151 811 1280" ELEMENT_TYPE="Content" SEQ_NO="6" TOC_ENTRY_ID="6" DEPTH_LEVEL="1"/>
	</Entity>
</XMD-PAGE>
