<?xml version="1.0" encoding="windows-1252" standalone="no"?>
<XMD-entity REPOSITORY_FORMAT="1.0" PRXML_VER="2.3" ENTITY_TYPE="Ad" DOC_UID="IMP_04/05/1931" DOC_VER="1" FIRST_TOC_ENTRY_ID="87" DEPTH_LEVEL="1" INDEX_IN_DOC="87" PAGE_NO="7" ID="Ad00712" BOX="1189 2004 1473 2262" LANGUAGE="French" SNP="Ad00712S.png" SNP_WIDTH="132" SNP_HEIGHT="120" LOGICAL_NAME="true">
	<Meta NAME="" DESCRIPTION="" SUBTYPE="" BASE_HREF="IMP/1931/05/04" SOURCE_TYPE="TIFF" PUBLICATION="IMP" SECTION="None" ISSUE_DATE="04/05/1931" WORDCNT="18" RELEASE_NO="113-IMP-1931-05-04-0001" PAGE_ID="" PAGE_TYPE="Single" PAGE_WIDTH="937" PAGE_HEIGHT="1368" DEFAULT_IMG_EXT="png" PDF_DESTINATION_MAPPED="OLV0_Entity_0007_0013" IMAGES_RESOLUTION="160" XMD_VER="2.6.242.42" PAGE_LABEL="7" TOTAL_CHARS_COUNT="0" SUSPICIOUS_CHARS_COUNT="0"/>
	<Link SOURCE="113-IMP-1931-05-04-0001.pdf" FIRST_ID="Ar00200" LAST_ID="Ar00807" NEXT_ID="Ad00713" PREV_ID="Ar00711" TOC_ID="W:/Repository/IMP/1931/05/04/TOC.xml"/>
	<DataFiles>
		<Files TYPE="DOC_PDF" PRESENT="1"/>
		<Files TYPE="PAGE_PDF" PRESENT="0"/>
		<Files TYPE="DOC_IMG" PRESENT="0"/>
		<Files TYPE="PAGE_IMG" PRESENT="0"/>
		<Files TYPE="PAGE_VIEW_IMG" PRESENT="1"/>
		<Files TYPE="PAGE_PREVIEW_IMG" PRESENT="1"/>
		<Files TYPE="PRIMITIVE_IMG" PRESENT="1"/>
		<Files TYPE="SNIPPET_IMG" PRESENT="1"/>
		<Files TYPE="SEGMENTATION" PRESENT="0"/>
		<Files TYPE="PAGINATION_TEMPLATE_BACKGROUND" PRESENT="0"/>
		<Files TYPE="EXTERNAL_FONTS" PRESENT="0"/>
		<Files TYPE="PROFILE" PRESENT="0"/>
	</DataFiles>
	<Content>
		<Primitive BOX="1189 2004 1473 2262" ID="Ad0071200" E="N" SEQ_NO="1" TOC_ENTRY_ID="87" DEPTH_LEVEL="1" POPULAR_STYLE_REF="17">
			<L BOX="1322 1976 1429 2084" P="SA"/>
			<W BOX="1322 1976 1429 2084" STYLE_REF="164" M="1 * ">_^</W>
			<L BOX="1233 2051 1431 2122" P="SA"/>
			<W BOX="1233 2051 1431 2122" STYLE_REF="160" M="3 * ">_flUvgrnkr</W>
			<L BOX="1216 2138 1390 2162" P="S"/>
			<W BOX="1216 2138 1272 2162" STYLE_REF="17">Louage</W>
			<W BOX="1280 2138 1298 2162" STYLE_REF="17">de</W>
			<W BOX="1305 2138 1369 2162" STYLE_REF="17">Barques</W>
			<W BOX="1377 2138 1390 2162" STYLE_REF="17">el</W>
			<L BOX="1216 2160 1445 2184"/>
			<W BOX="1216 2160 1260 2184" STYLE_REF="17">Canot</W>
			<W BOX="1268 2160 1356 2184" STYLE_REF="17">automobile</W>
			<W BOX="1363 2160 1368 2184" STYLE_REF="17" NS="y">(</W>
			<W BOX="1368 2160 1385 2184" STYLE_REF="17">12</W>
			<W BOX="1392 2160 1439 2184" STYLE_REF="17" NS="y">places</W>
			<W BOX="1439 2160 1445 2184" STYLE_REF="17">)</W>
			<L BOX="1201 2216 1460 2246" P="S"/>
			<W BOX="1201 2222 1250 2246" STYLE_REF="17" NS="y">jjjftk</W>
			<W BOX="1248 2222 1254 2246" STYLE_REF="17" M="1 * ">_.</W>
			<W BOX="1263 2216 1286 2240" STYLE_REF="17">JH</W>
			<W BOX="1293 2216 1306 2240" STYLE_REF="20" NS="y">3</W>
			<W BOX="1306 2216 1327 2240" STYLE_REF="20">m</W>
			<W BOX="1334 2216 1348 2240" STYLE_REF="17">N</W>
			<W BOX="1426 2216 1460 2240" STYLE_REF="17">5437</W>
		</Primitive>
	</Content>
	<AdFrame>
		<Img BOX="1189 2004 1473 2262" ID="Ad0071201" HREF="/7/Img/Ad0071201.png" I_RES="144" TOC_ENTRY_ID="87" SEQ_NO="0"/>
	</AdFrame>
</XMD-entity>