<?xml version="1.0" encoding="windows-1252" standalone="no"?>
<XMD-entity REPOSITORY_FORMAT="1.0" PRXML_VER="2.2" ENTITY_TYPE="Article" DOC_UID="IMP_03/03/2012" DOC_VER="1" FIRST_TOC_ENTRY_ID="111" DEPTH_LEVEL="1" INDEX_IN_DOC="111" PAGE_NO="15" ID="Ar01506" BOX="65 1897 584 2545" LANGUAGE="French" SNP="Ar01506S.png" SNP_WIDTH="350" SNP_HEIGHT="50">
	<Meta NAME="Untitled Article" DESCRIPTION="" SUBTYPE="" BASE_HREF="IMP/2012/03/03" SOURCE_TYPE="TIFF" PUBLICATION="IMP" SECTION="Front Page" ISSUE_DATE="03/03/2012" WORDCNT="0" RELEASE_NO="113-IMP-2012-03-03-0001" PAGE_ID="" PAGE_TYPE="Single" PAGE_WIDTH="879" PAGE_HEIGHT="1304" DEFAULT_IMG_EXT="png" PDF_DESTINATION_MAPPED="OLV0_Entity_0015_0007" IMAGES_RESOLUTION="144" XMD_VER="2.6.241.4" PAGE_LABEL="15" TOTAL_CHARS_COUNT="0" SUSPICIOUS_CHARS_COUNT="0"/>
	<Link SOURCE="113-IMP-2012-03-03-0001.pdf" FIRST_ID="Ar00100" LAST_ID="Pc03613" NEXT_ID="Pc01507" PREV_ID="Ar01505" TOC_ID="W:/Repository/IMP/2012/03/03/TOC.xml"/>
	<DataFiles>
		<Files TYPE="DOC_PDF" PRESENT="1"/>
		<Files TYPE="PAGE_PDF" PRESENT="0"/>
		<Files TYPE="DOC_IMG" PRESENT="0"/>
		<Files TYPE="PAGE_IMG" PRESENT="0"/>
		<Files TYPE="PAGE_VIEW_IMG" PRESENT="1"/>
		<Files TYPE="PAGE_PREVIEW_IMG" PRESENT="1"/>
		<Files TYPE="PRIMITIVE_IMG" PRESENT="1"/>
		<Files TYPE="SNIPPET_IMG" PRESENT="1"/>
		<Files TYPE="SEGMENTATION" PRESENT="0"/>
	</DataFiles>
	<HedLine_hl1>
		<Primitive BOX="65 1934 584 2008" ID="Ar0150600" SEQ_NO="3" TOC_ENTRY_ID="111" DEPTH_LEVEL="1"/>
	</HedLine_hl1>
	<Content>
		<Primitive BOX="65 1897 584 1934" ID="Ar0150601" SEQ_NO="0" TOC_ENTRY_ID="111" DEPTH_LEVEL="1"/>
		<Primitive BOX="250 2008 584 2182" ID="Ar0150602" SEQ_NO="1" TOC_ENTRY_ID="111" DEPTH_LEVEL="1"/>
		<Primitive BOX="65 2182 584 2545" ID="Ar0150603" SEQ_NO="2" TOC_ENTRY_ID="111" DEPTH_LEVEL="1"/>
	</Content>
	<Picture-Content ID_REF="Pc01507"/>
</XMD-entity>