<?xml version="1.0" encoding="windows-1252" standalone="no"?>
<XMD-entity REPOSITORY_FORMAT="1.0" PRXML_VER="2.3" ENTITY_TYPE="Ad" DOC_UID="IMP_03/09/1901" DOC_VER="1" FIRST_TOC_ENTRY_ID="3" DEPTH_LEVEL="1" INDEX_IN_DOC="3" PAGE_NO="1" ID="Ad00110" BOX="73 718 520 893" LANGUAGE="French" SNP="Ad00110S.png" SNP_WIDTH="304" SNP_HEIGHT="120" LOGICAL_NAME="true">
	<Meta NAME="" DESCRIPTION="" SUBTYPE="" BASE_HREF="IMP/1901/09/03" SOURCE_TYPE="TIFF" PUBLICATION="IMP" SECTION="Front page" ISSUE_DATE="03/09/1901" WORDCNT="14" RELEASE_NO="113-IMP-1901-09-03-0001" PAGE_ID="" PAGE_TYPE="Single" PAGE_WIDTH="902" PAGE_HEIGHT="1293" DEFAULT_IMG_EXT="png" PDF_DESTINATION_MAPPED="OLV0_Entity_0001_0011" IMAGES_RESOLUTION="160" XMD_VER="2.8.100.5" PAGE_LABEL="1" TOTAL_CHARS_COUNT="0" SUSPICIOUS_CHARS_COUNT="0"/>
	<Link SOURCE="113-IMP-1901-09-03-0001.pdf" FIRST_ID="Ar00100" LAST_ID="Ad00110" NEXT_ID="" PREV_ID="Ar00109" TOC_ID="W:/Repository/IMP/1901/09/03/TOC.xml"/>
	<DataFiles>
		<Files TYPE="DOC_PDF" PRESENT="1"/>
		<Files TYPE="PAGE_PDF" PRESENT="0"/>
		<Files TYPE="DOC_IMG" PRESENT="0"/>
		<Files TYPE="PAGE_IMG" PRESENT="0"/>
		<Files TYPE="PAGE_VIEW_IMG" PRESENT="1"/>
		<Files TYPE="PAGE_PREVIEW_IMG" PRESENT="1"/>
		<Files TYPE="PRIMITIVE_IMG" PRESENT="1"/>
		<Files TYPE="SNIPPET_IMG" PRESENT="1"/>
		<Files TYPE="SEGMENTATION" PRESENT="0"/>
		<Files TYPE="PAGINATION_TEMPLATE_BACKGROUND" PRESENT="0"/>
		<Files TYPE="EXTERNAL_FONTS" PRESENT="0"/>
		<Files TYPE="PROFILE" PRESENT="0"/>
	</DataFiles>
	<Content>
		<Primitive BOX="73 718 520 893" ID="Ad0011000" E="N" SEQ_NO="1" TOC_ENTRY_ID="3" DEPTH_LEVEL="1" POPULAR_STYLE_REF="2">
			<L BOX="81 882 89 896"/>
			<W BOX="81 882 89 896" STYLE_REF="1">�</W>
			<L BOX="81 736 506 794" P="S"/>
			<Q BOX="81 744 92 794" STYLE_REF="10" QID="1">T</Q>
			<Q BOX="100 744 106 794" STYLE_REF="10" QID="1">'</Q>
			<q BOX="107 744 247 794" STYLE_REF="10" QID="1" M="1 * ">IMDABTfAT</q>
			<QW QID="1">_T'IMDABTfAT</QW>
			<W BOX="278 755 304 787" STYLE_REF="2" M="1 * ">_^</W>
			<W BOX="312 736 338 769" STYLE_REF="2">ce</W>
			<W BOX="343 742 393 774" STYLE_REF="2">jour</W>
			<W BOX="403 743 471 776" STYLE_REF="2">para�t</W>
			<W BOX="479 746 506 778" STYLE_REF="2">en</W>
			<L BOX="81 772 505 806"/>
			<Q BOX="81 773 100 806" STYLE_REF="19" QID="2">L</Q>
			<q BOX="106 773 271 806" STYLE_REF="19" QID="2" M="2 * 4 * ">UVlfAllillAu</q>
			<QW QID="2">_LUVlfAllillAu</QW>
			<W BOX="278 772 505 804" STYLE_REF="2" M="1 * 6 * ">_Spagesaveclegrand</W>
			<L BOX="81 798 201 830"/>
			<W BOX="81 798 194 830" STYLE_REF="2" NS="y">feuilleton</W>
			<W BOX="194 798 201 830" STYLE_REF="2">.</W>
			<L BOX="81 845 505 881" P="S"/>
			<W BOX="81 845 190 881" STYLE_REF="20">Tirage</W>
			<W BOX="196 845 208 881" STYLE_REF="20">:</W>
			<W BOX="214 845 295 881" STYLE_REF="20">8000</W>
			<W BOX="302 845 505 881" STYLE_REF="20">exemplaires</W>
		</Primitive>
	</Content>
	<AdFrame>
		<Img BOX="73 718 520 893" ID="Ad0011001" HREF="/1/Img/Ad0011001.png" I_RES="144" TOC_ENTRY_ID="3" SEQ_NO="0"/>
	</AdFrame>
</XMD-entity>