<?xml version="1.0" encoding="windows-1252" standalone="no"?>
<XMD-PAGE REPOSITORY_FORMAT="1.0" PRXML_VER="2.2">
	<Meta ISSUE_DATE="03/03/2012" RELEASE_NO="113-IMP-2012-03-03-0001" PAGE_NO="12" NAME="" PAGE_LABEL="12" PAGE_TYPE="Single" PUBLISHER="Olive" PUBLICATION="IMP" SOURCE_TYPE="TIFF" SOURCE_RESOLUTION="72" IMAGES_RESOLUTION="144" PAGE_THUMBNAIL_RESOLUTION="72" PAGE_PREVIEW_RESOLUTION="15" DEFAULT_IMG_EXT="png" IMG_EXT="png" PREVIEW_IMG_EXT="png" XMD_VER="2.6.241.4" PROFILE_ID="W:\Batch\Profile\IMP-2012-03-03.ini" SECTION="Front Page" PAGE_WIDTH="879" PAGE_HEIGHT="1304" PAGES_NUMBER="36" BASE_HREF="IMP/2012/03/03" PDF_DESTINATION_MAPPED="OLV0_Page_0012" TOTAL_CHARS_COUNT="9688" SUSPICIOUS_CHARS_COUNT="0">
		<Resolutions>
			<Resolution DEFAULT="true">72</Resolution>
			<Resolution>120</Resolution>
			<Resolution>144</Resolution>
		</Resolutions>
		<Links>
			<Lnk TYPE="EML" LNK_ID="LNK_12_0">
				<Target>chatelain@ems.ch</Target>
			</Lnk>
			<Lnk TYPE="URL" LNK_ID="LNK_12_1">
				<Target>www.ems.ch</Target>
			</Lnk>
			<Lnk TYPE="EML" LNK_ID="LNK_12_2">
				<Target>brigitte.bachelard@he-arc.ch</Target>
			</Lnk>
			<Lnk TYPE="EML" LNK_ID="LNK_12_3">
				<Target>claude.beguin@he-arc.ch</Target>
			</Lnk>
			<Lnk TYPE="URL" LNK_ID="LNK_12_4">
				<Target>www.perce-neige.ch</Target>
			</Lnk>
			<Lnk TYPE="EML" LNK_ID="LNK_12_5">
				<Target>schmidco@bluewin.ch</Target>
			</Lnk>
			<Sources>
				<Box LNK_ID="LNK_12_0">739 416 806 424</Box>
				<Box LNK_ID="LNK_12_1">640 437 686 446</Box>
				<Box LNK_ID="LNK_12_2">87 1047 192 1055</Box>
				<Box LNK_ID="LNK_12_3">242 1055 335 1063</Box>
				<Box LNK_ID="LNK_12_4">481 1145 552 1153</Box>
				<Box LNK_ID="LNK_12_5">661 1224 725 1232</Box>
			</Sources>
		</Links>
	</Meta>
	<Link SOURCE="113-IMP-2012-03-03-0001.pdf" NEXT_SECTION="" PREV_SECTION=""/>
	<DataFiles>
		<Files TYPE="DOC_PDF" PRESENT="1"/>
		<Files TYPE="PAGE_PDF" PRESENT="0"/>
		<Files TYPE="DOC_IMG" PRESENT="0"/>
		<Files TYPE="PAGE_IMG" PRESENT="0"/>
		<Files TYPE="PAGE_VIEW_IMG" PRESENT="1"/>
		<Files TYPE="PAGE_PREVIEW_IMG" PRESENT="1"/>
		<Files TYPE="PRIMITIVE_IMG" PRESENT="1"/>
		<Files TYPE="SNIPPET_IMG" PRESENT="1"/>
		<Files TYPE="SEGMENTATION" PRESENT="0"/>
	</DataFiles>
	<Entity ENTITY_TYPE="Ad" FIRST_TOC_ENTRY_ID="86" INDEX_IN_DOC="86" DEPTH_LEVEL="1" ID="Ad01200" SIZE="XLarge" BOX="31 155 847 463" NEXT_SECTION="" PREV_SECTION="" IMAGES_RESOLUTION="144" TOTAL_CHARS_COUNT="2433" SUSPICIOUS_CHARS_COUNT="0" WORDCNT="967">
		<Name>Untitled Ad</Name>
		<Primitive ID="Ad0120000" BOX="58 177 244 243" ELEMENT_TYPE="Content" SEQ_NO="1" TOC_ENTRY_ID="86" DEPTH_LEVEL="1" E="N"/>
		<Primitive ID="Ad0120001" BOX="58 285 255 446" ELEMENT_TYPE="Content" SEQ_NO="2" TOC_ENTRY_ID="86" DEPTH_LEVEL="1" I_RES="117"/>
		<Primitive ID="Ad0120002" BOX="266 183 670 226" ELEMENT_TYPE="Content" SEQ_NO="3" TOC_ENTRY_ID="86" DEPTH_LEVEL="1" I_RES="117"/>
		<Primitive ID="Ad0120003" BOX="265 229 768 268" ELEMENT_TYPE="Content" SEQ_NO="4" TOC_ENTRY_ID="86" DEPTH_LEVEL="1" E="N"/>
		<Primitive ID="Ad0120004" BOX="266 285 463 446" ELEMENT_TYPE="Content" SEQ_NO="5" TOC_ENTRY_ID="86" DEPTH_LEVEL="1" I_RES="117"/>
		<Primitive ID="Ad0120005" BOX="473 285 670 349" ELEMENT_TYPE="Content" SEQ_NO="6" TOC_ENTRY_ID="86" DEPTH_LEVEL="1" I_RES="117"/>
		<Primitive ID="Ad0120006" BOX="473 414 806 446" ELEMENT_TYPE="Content" SEQ_NO="7" TOC_ENTRY_ID="86" DEPTH_LEVEL="1" I_RES="117"/>
		<Primitive ID="Ad0120007" BOX="31 155 847 463" ELEMENT_TYPE="Content" SEQ_NO="8" TOC_ENTRY_ID="86" DEPTH_LEVEL="1" E="N"/>
		<Primitive ID="Ad0120008" BOX="31 155 847 463" ELEMENT_TYPE="AdFrame" SEQ_NO="0" TOC_ENTRY_ID="86" DEPTH_LEVEL="1" I_RES="67"/>
	</Entity>
	<Entity ENTITY_TYPE="Ad" FIRST_TOC_ENTRY_ID="87" INDEX_IN_DOC="87" DEPTH_LEVEL="1" ID="Ad01201" SIZE="XLarge" BOX="31 527 356 1277" NEXT_SECTION="" PREV_SECTION="" IMAGES_RESOLUTION="144" TOTAL_CHARS_COUNT="2568" SUSPICIOUS_CHARS_COUNT="0" WORDCNT="1124">
		<Name>Untitled Ad</Name>
		<Primitive ID="Ad0120100" BOX="53 540 330 622" ELEMENT_TYPE="Content" SEQ_NO="1" TOC_ENTRY_ID="87" DEPTH_LEVEL="1"/>
		<Primitive ID="Ad0120101" BOX="53 697 191 745" ELEMENT_TYPE="Content" SEQ_NO="2" TOC_ENTRY_ID="87" DEPTH_LEVEL="1"/>
		<Primitive ID="Ad0120102" BOX="199 698 331 1018" ELEMENT_TYPE="Content" SEQ_NO="3" TOC_ENTRY_ID="87" DEPTH_LEVEL="1"/>
		<Primitive ID="Ad0120103" BOX="53 753 191 1021" ELEMENT_TYPE="Content" SEQ_NO="4" TOC_ENTRY_ID="87" DEPTH_LEVEL="1"/>
		<Primitive ID="Ad0120104" BOX="53 1029 337 1099" ELEMENT_TYPE="Content" SEQ_NO="5" TOC_ENTRY_ID="87" DEPTH_LEVEL="1"/>
		<Primitive ID="Ad0120105" BOX="31 527 356 1277" ELEMENT_TYPE="Content" SEQ_NO="6" TOC_ENTRY_ID="87" DEPTH_LEVEL="1" E="N"/>
		<Primitive ID="Ad0120106" BOX="31 527 356 1277" ELEMENT_TYPE="AdFrame" SEQ_NO="0" TOC_ENTRY_ID="87" DEPTH_LEVEL="1" I_RES="55"/>
	</Entity>
	<Entity ENTITY_TYPE="Ad" FIRST_TOC_ENTRY_ID="88" INDEX_IN_DOC="88" DEPTH_LEVEL="1" ID="Ad01202" SIZE="Large" BOX="356 527 603 1277" NEXT_SECTION="" PREV_SECTION="" IMAGES_RESOLUTION="144" TOTAL_CHARS_COUNT="2597" SUSPICIOUS_CHARS_COUNT="0" WORDCNT="1047">
		<Name>Untitled Ad</Name>
		<Primitive ID="Ad0120200" BOX="421 554 582 567" ELEMENT_TYPE="Content" SEQ_NO="1" TOC_ENTRY_ID="88" DEPTH_LEVEL="1" I_RES="104"/>
		<Primitive ID="Ad0120201" BOX="369 589 591 668" ELEMENT_TYPE="Content" SEQ_NO="2" TOC_ENTRY_ID="88" DEPTH_LEVEL="1"/>
		<Primitive ID="Ad0120202" BOX="369 676 591 1111" ELEMENT_TYPE="Content" SEQ_NO="3" TOC_ENTRY_ID="88" DEPTH_LEVEL="1"/>
		<Primitive ID="Ad0120203" BOX="369 1111 552 1153" ELEMENT_TYPE="Content" SEQ_NO="4" TOC_ENTRY_ID="88" DEPTH_LEVEL="1"/>
		<Primitive ID="Ad0120204" BOX="356 527 603 1277" ELEMENT_TYPE="Content" SEQ_NO="5" TOC_ENTRY_ID="88" DEPTH_LEVEL="1" E="N"/>
		<Primitive ID="Ad0120205" BOX="356 527 603 1277" ELEMENT_TYPE="AdFrame" SEQ_NO="0" TOC_ENTRY_ID="88" DEPTH_LEVEL="1" I_RES="55"/>
	</Entity>
	<Entity ENTITY_TYPE="Ad" FIRST_TOC_ENTRY_ID="89" INDEX_IN_DOC="89" DEPTH_LEVEL="1" ID="Ad01203" SIZE="Medium" BOX="603 527 843 924" NEXT_SECTION="" PREV_SECTION="" IMAGES_RESOLUTION="144" TOTAL_CHARS_COUNT="1008" SUSPICIOUS_CHARS_COUNT="0" WORDCNT="467">
		<Name>Untitled Ad</Name>
		<Primitive ID="Ad0120300" BOX="607 535 731 557" ELEMENT_TYPE="Content" SEQ_NO="1" TOC_ENTRY_ID="89" DEPTH_LEVEL="1" E="N"/>
		<Primitive ID="Ad0120301" BOX="654 619 770 647" ELEMENT_TYPE="Content" SEQ_NO="2" TOC_ENTRY_ID="89" DEPTH_LEVEL="1"/>
		<Primitive ID="Ad0120302" BOX="616 651 838 905" ELEMENT_TYPE="Content" SEQ_NO="3" TOC_ENTRY_ID="89" DEPTH_LEVEL="1"/>
		<Primitive ID="Ad0120303" BOX="603 527 843 924" ELEMENT_TYPE="Content" SEQ_NO="4" TOC_ENTRY_ID="89" DEPTH_LEVEL="1" E="N"/>
		<Primitive ID="Ad0120304" BOX="603 527 843 924" ELEMENT_TYPE="AdFrame" SEQ_NO="0" TOC_ENTRY_ID="89" DEPTH_LEVEL="1" I_RES="104"/>
	</Entity>
	<Entity ENTITY_TYPE="Ad" FIRST_TOC_ENTRY_ID="90" INDEX_IN_DOC="90" DEPTH_LEVEL="1" ID="Ad01204" SIZE="Medium" BOX="603 924 843 1277" NEXT_SECTION="" PREV_SECTION="" IMAGES_RESOLUTION="144" TOTAL_CHARS_COUNT="1082" SUSPICIOUS_CHARS_COUNT="0" WORDCNT="505">
		<Name>Untitled Ad</Name>
		<Primitive ID="Ad0120400" BOX="645 947 813 971" ELEMENT_TYPE="Content" SEQ_NO="1" TOC_ENTRY_ID="90" DEPTH_LEVEL="1" E="N"/>
		<Primitive ID="Ad0120401" BOX="645 977 827 1015" ELEMENT_TYPE="Content" SEQ_NO="2" TOC_ENTRY_ID="90" DEPTH_LEVEL="1"/>
		<Primitive ID="Ad0120402" BOX="645 1024 829 1090" ELEMENT_TYPE="Content" SEQ_NO="3" TOC_ENTRY_ID="90" DEPTH_LEVEL="1"/>
		<Primitive ID="Ad0120403" BOX="645 1100 820 1232" ELEMENT_TYPE="Content" SEQ_NO="4" TOC_ENTRY_ID="90" DEPTH_LEVEL="1"/>
		<Primitive ID="Ad0120404" BOX="603 924 843 1277" ELEMENT_TYPE="Content" SEQ_NO="5" TOC_ENTRY_ID="90" DEPTH_LEVEL="1" E="N"/>
		<Primitive ID="Ad0120405" BOX="603 924 843 1277" ELEMENT_TYPE="AdFrame" SEQ_NO="0" TOC_ENTRY_ID="90" DEPTH_LEVEL="1" I_RES="117"/>
	</Entity>
</XMD-PAGE>