<?xml version="1.0" encoding="windows-1252" standalone="no"?>
<XMD-entity REPOSITORY_FORMAT="1.0" PRXML_VER="2.3" ENTITY_TYPE="Ad" DOC_UID="IMP_03/09/1901" DOC_VER="1" FIRST_TOC_ENTRY_ID="40" DEPTH_LEVEL="1" INDEX_IN_DOC="47" PAGE_NO="4" ID="Ad00416" BOX="1462 2259 1882 2353" LANGUAGE="French" SNP="Ad00416S.png" SNP_WIDTH="350" SNP_HEIGHT="78" LOGICAL_NAME="true">
	<Meta NAME="" DESCRIPTION="" SUBTYPE="" BASE_HREF="IMP/1901/09/03" SOURCE_TYPE="TIFF" PUBLICATION="IMP" SECTION="None" ISSUE_DATE="03/09/1901" WORDCNT="20" RELEASE_NO="113-IMP-1901-09-03-0001" PAGE_ID="" PAGE_TYPE="Single" PAGE_WIDTH="875" PAGE_HEIGHT="1269" DEFAULT_IMG_EXT="png" PDF_DESTINATION_MAPPED="OLV0_Entity_0004_0017" IMAGES_RESOLUTION="160" XMD_VER="2.8.100.5" PAGE_LABEL="4" TOTAL_CHARS_COUNT="0" SUSPICIOUS_CHARS_COUNT="0"/>
	<Link SOURCE="113-IMP-1901-09-03-0001.pdf" FIRST_ID="Ar00200" LAST_ID="Ar01001" NEXT_ID="" PREV_ID="Ar00415" TOC_ID="W:/Repository/IMP/1901/09/03/TOC.xml"/>
	<DataFiles>
		<Files TYPE="DOC_PDF" PRESENT="1"/>
		<Files TYPE="PAGE_PDF" PRESENT="0"/>
		<Files TYPE="DOC_IMG" PRESENT="0"/>
		<Files TYPE="PAGE_IMG" PRESENT="0"/>
		<Files TYPE="PAGE_VIEW_IMG" PRESENT="1"/>
		<Files TYPE="PAGE_PREVIEW_IMG" PRESENT="1"/>
		<Files TYPE="PRIMITIVE_IMG" PRESENT="1"/>
		<Files TYPE="SNIPPET_IMG" PRESENT="1"/>
		<Files TYPE="SEGMENTATION" PRESENT="0"/>
		<Files TYPE="PAGINATION_TEMPLATE_BACKGROUND" PRESENT="0"/>
		<Files TYPE="EXTERNAL_FONTS" PRESENT="0"/>
		<Files TYPE="PROFILE" PRESENT="0"/>
	</DataFiles>
	<Content>
		<Primitive BOX="1462 2259 1882 2352" ID="Ad0041600" E="N" SEQ_NO="1" TOC_ENTRY_ID="40" DEPTH_LEVEL="1" POPULAR_STYLE_REF="2">
			<L BOX="1463 2286 1883 2333"/>
			<W BOX="1463 2298 1520 2330" STYLE_REF="2" NS="y" M="2 * ">_rmiii</W>
			<W BOX="1520 2298 1533 2330" STYLE_REF="2" NS="y" M="1 * ">_^</W>
			<W BOX="1538 2298 1545 2330" STYLE_REF="2" NS="y" M="1 * ">_.</W>
			<W BOX="1542 2298 1556 2330" STYLE_REF="2" NS="y">n</W>
			<W BOX="1558 2298 1565 2330" STYLE_REF="2" NS="y" M="1 * ">_.</W>
			<Q BOX="1564 2298 1593 2330" STYLE_REF="2" QID="1" M="2 * 4 * ">llit</Q>
			<Q BOX="1594 2298 1599 2330" STYLE_REF="2" QID="1">'</Q>
			<q BOX="1598 2298 1623 2330" STYLE_REF="2" NS="y" QID="1">lL</q>
			<QW QID="1">_llit'lL</QW>
			<W BOX="1628 2301 1635 2333" STYLE_REF="2" M="1 * ">_'</W>
			<W BOX="1632 2294 1652 2326" STYLE_REF="2" NS="y" M="1 * ">_^</W>
			<W BOX="1653 2294 1661 2326" STYLE_REF="2" NS="y">'</W>
			<W BOX="1661 2294 1681 2326" STYLE_REF="2" NS="y" M="1 * ">_^</W>
			<S S_TYPE="SUP">
				<W BOX="1683 2292 1694 2321" STYLE_REF="13">8</W>
			</S>
			<W BOX="1693 2299 1705 2331" STYLE_REF="2">"</W>
			<W BOX="1734 2299 1740 2331" STYLE_REF="2" NS="y">'</W>
			<S S_TYPE="SUP">
				<W BOX="1740 2290 1757 2319" STYLE_REF="13">ce</W>
			</S>
			<W BOX="1768 2297 1779 2329" STYLE_REF="2" NS="y" M="1 * ">_^</W>
			<W BOX="1779 2297 1789 2329" STYLE_REF="2" NS="y">"</W>
			<S S_TYPE="SUP">
				<W BOX="1796 2286 1826 2316" STYLE_REF="47">mcn</W>
			</S>
			<W BOX="1829 2288 1849 2321" STYLE_REF="9" NS="y">de</W>
			<W BOX="1849 2288 1856 2321" STYLE_REF="9">!</W>
			<W BOX="1862 2298 1883 2330" STYLE_REF="2" M="1 * ">_=</W>
			<L BOX="1643 2331 1702 2358" P="S"/>
			<Q BOX="1643 2331 1688 2358" STYLE_REF="67" QID="2">11797</Q>
			<Q BOX="1686 2331 1693 2358" STYLE_REF="67" LH="y" QID="2">-</Q>
			<q BOX="1691 2331 1702 2358" STYLE_REF="67" QID="2">1</q>
			<QW QID="2">11797-1</QW>
		</Primitive>
	</Content>
	<AdFrame>
		<Img BOX="1462 2259 1882 2352" ID="Ad0041601" HREF="/4/Img/Ad0041601.png" I_RES="144" TOC_ENTRY_ID="40" SEQ_NO="0"/>
	</AdFrame>
</XMD-entity>