<?xml version="1.0" encoding="windows-1252" standalone="no"?>
<XMD-entity REPOSITORY_FORMAT="1.0" PRXML_VER="2.3" ENTITY_TYPE="Ad" DOC_UID="IMP_03/09/1901" DOC_VER="1" FIRST_TOC_ENTRY_ID="34" DEPTH_LEVEL="1" INDEX_IN_DOC="41" PAGE_NO="4" ID="Ad00407" BOX="996 2545 1448 2755" LANGUAGE="French" SNP="Ad00407S.png" SNP_WIDTH="259" SNP_HEIGHT="120" LOGICAL_NAME="true">
	<Meta NAME="" DESCRIPTION="" SUBTYPE="" BASE_HREF="IMP/1901/09/03" SOURCE_TYPE="TIFF" PUBLICATION="IMP" SECTION="None" ISSUE_DATE="03/09/1901" WORDCNT="37" RELEASE_NO="113-IMP-1901-09-03-0001" PAGE_ID="" PAGE_TYPE="Single" PAGE_WIDTH="875" PAGE_HEIGHT="1269" DEFAULT_IMG_EXT="png" PDF_DESTINATION_MAPPED="OLV0_Entity_0004_0008" IMAGES_RESOLUTION="160" XMD_VER="2.8.100.5" PAGE_LABEL="4" TOTAL_CHARS_COUNT="62" SUSPICIOUS_CHARS_COUNT="1"/>
	<Link SOURCE="113-IMP-1901-09-03-0001.pdf" FIRST_ID="Ar00200" LAST_ID="Ar01001" NEXT_ID="Ar00408" PREV_ID="Ar00406" TOC_ID="W:/Repository/IMP/1901/09/03/TOC.xml"/>
	<DataFiles>
		<Files TYPE="DOC_PDF" PRESENT="1"/>
		<Files TYPE="PAGE_PDF" PRESENT="0"/>
		<Files TYPE="DOC_IMG" PRESENT="0"/>
		<Files TYPE="PAGE_IMG" PRESENT="0"/>
		<Files TYPE="PAGE_VIEW_IMG" PRESENT="1"/>
		<Files TYPE="PAGE_PREVIEW_IMG" PRESENT="1"/>
		<Files TYPE="PRIMITIVE_IMG" PRESENT="1"/>
		<Files TYPE="SNIPPET_IMG" PRESENT="1"/>
		<Files TYPE="SEGMENTATION" PRESENT="0"/>
		<Files TYPE="PAGINATION_TEMPLATE_BACKGROUND" PRESENT="0"/>
		<Files TYPE="EXTERNAL_FONTS" PRESENT="0"/>
		<Files TYPE="PROFILE" PRESENT="0"/>
	</DataFiles>
	<Content>
		<Primitive BOX="1038 2563 1391 2592" ID="Ad0040700" E="N" SEQ_NO="1" TOC_ENTRY_ID="34" DEPTH_LEVEL="1" POPULAR_STYLE_REF="1">
			<L BOX="1038 2547 1392 2598"/>
			<W BOX="1038 2547 1182 2598" STYLE_REF="1">Ap�ritif</W>
			<W BOX="1198 2547 1281 2598" STYLE_REF="1">sans</W>
			<W BOX="1295 2547 1392 2598" STYLE_REF="1">Rival</W>
		</Primitive>
		<Primitive BOX="1011 2601 1431 2681" ID="Ad0040701" E="N" SEQ_NO="2" TOC_ENTRY_ID="34" DEPTH_LEVEL="1" POPULAR_STYLE_REF="1">
			<L BOX="1009 2577 1431 2711" P="S"/>
			<W BOX="1009 2577 1061 2711" STYLE_REF="1">Le</W>
			<W BOX="1084 2577 1431 2711" STYLE_REF="1">STIMULANT</W>
		</Primitive>
		<Primitive BOX="1029 2694 1416 2732" ID="Ad0040702" E="N" SEQ_NO="3" TOC_ENTRY_ID="34" DEPTH_LEVEL="1" POPULAR_STYLE_REF="1">
			<L BOX="1030 2685 1417 2739" P="S"/>
			<W BOX="1030 2687 1090 2739" STYLE_REF="1">Veuve</W>
			<W BOX="1097 2687 1122 2739" STYLE_REF="1">de</W>
			<W BOX="1129 2687 1150 2739" STYLE_REF="1" NS="y">L</W>
			<W BOX="1153 2687 1165 2739" STYLE_REF="1" NS="y" M="1 * ">_6</W>
			<W BOX="1163 2687 1212 2739" STYLE_REF="1" NS="y">AMB</W>
			<W BOX="1212 2687 1224 2739" STYLE_REF="1" NS="y">0</W>
			<W BOX="1224 2687 1246 2739" STYLE_REF="1" NS="y">NI</W>
			<W BOX="1253 2687 1271 2739" STYLE_REF="1">&amp;</W>
			<W BOX="1276 2687 1308 2739" STYLE_REF="1" NS="y">Gie</W>
			<W BOX="1307 2685 1316 2737" STYLE_REF="1">,</W>
			<W BOX="1318 2687 1332 2739" STYLE_REF="1">�</W>
			<W BOX="1335 2687 1411 2739" STYLE_REF="1" NS="y">Morges</W>
			<W BOX="1411 2687 1417 2739" STYLE_REF="1">.</W>
		</Primitive>
		<Primitive BOX="1196 2732 1247 2746" ID="Ad0040703" E="N" SEQ_NO="4" TOC_ENTRY_ID="34" DEPTH_LEVEL="1" POPULAR_STYLE_REF="1">
			<L BOX="1196 2726 1248 2752" P="S"/>
			<Q BOX="1196 2726 1235 2752" STYLE_REF="1" QID="1">8271</Q>
			<Q BOX="1232 2726 1240 2752" STYLE_REF="1" LH="y" QID="1">-</Q>
			<q BOX="1236 2726 1248 2752" STYLE_REF="1" QID="1">1</q>
			<QW QID="1">8271-1</QW>
		</Primitive>
		<Primitive BOX="996 2546 1448 2754" ID="Ad0040704" E="N" SEQ_NO="5" TOC_ENTRY_ID="34" DEPTH_LEVEL="1" POPULAR_STYLE_REF="-1"/>
	</Content>
	<AdFrame>
		<Img BOX="996 2546 1448 2754" ID="Ad0040705" HREF="/4/Img/Ad0040705.png" I_RES="144" TOC_ENTRY_ID="34" SEQ_NO="0"/>
	</AdFrame>
</XMD-entity>