<?xml version="1.0" encoding="windows-1252" standalone="no"?>
<XMD-entity REPOSITORY_FORMAT="1.0" PRXML_VER="2.3" ENTITY_TYPE="Article" DOC_UID="IMP_03/09/1901" DOC_VER="1" FIRST_TOC_ENTRY_ID="42" DEPTH_LEVEL="1" INDEX_IN_DOC="49" PAGE_NO="4" ID="Ar00411" BOX="1473 2717 1873 2735" LANGUAGE="French" SNP="Ar00411S.png" SNP_WIDTH="401" SNP_HEIGHT="19" LOGICAL_NAME="true">
	<Meta NAME="Imprimerie A. CQyBVOiSIKK, Chaux-de-Fond..." DESCRIPTION="" SUBTYPE="" BASE_HREF="IMP/1901/09/03" SOURCE_TYPE="TIFF" PUBLICATION="IMP" SECTION="None" ISSUE_DATE="03/09/1901" WORDCNT="6" RELEASE_NO="113-IMP-1901-09-03-0001" PAGE_ID="" PAGE_TYPE="Single" PAGE_WIDTH="875" PAGE_HEIGHT="1269" DEFAULT_IMG_EXT="png" PDF_DESTINATION_MAPPED="OLV0_Entity_0004_0012" IMAGES_RESOLUTION="160" XMD_VER="2.8.100.5" PAGE_LABEL="4" TOTAL_CHARS_COUNT="38" SUSPICIOUS_CHARS_COUNT="0"/>
	<Link SOURCE="113-IMP-1901-09-03-0001.pdf" FIRST_ID="Ar00200" LAST_ID="Ar01001" NEXT_ID="Ar00412" PREV_ID="Ad00410" TOC_ID="W:/Repository/IMP/1901/09/03/TOC.xml"/>
	<DataFiles>
		<Files TYPE="DOC_PDF" PRESENT="1"/>
		<Files TYPE="PAGE_PDF" PRESENT="0"/>
		<Files TYPE="DOC_IMG" PRESENT="0"/>
		<Files TYPE="PAGE_IMG" PRESENT="0"/>
		<Files TYPE="PAGE_VIEW_IMG" PRESENT="1"/>
		<Files TYPE="PAGE_PREVIEW_IMG" PRESENT="1"/>
		<Files TYPE="PRIMITIVE_IMG" PRESENT="1"/>
		<Files TYPE="SNIPPET_IMG" PRESENT="1"/>
		<Files TYPE="SEGMENTATION" PRESENT="0"/>
		<Files TYPE="PAGINATION_TEMPLATE_BACKGROUND" PRESENT="0"/>
		<Files TYPE="EXTERNAL_FONTS" PRESENT="0"/>
		<Files TYPE="PROFILE" PRESENT="0"/>
	</DataFiles>
	<Content>
		<Primitive BOX="1473 2717 1873 2735" ID="Ar0041100" SEQ_NO="0" TOC_ENTRY_ID="42" DEPTH_LEVEL="1" POPULAR_STYLE_REF="67">
			<L BOX="1474 2710 1873 2737" P="S"/>
			<W BOX="1474 2711 1567 2737" STYLE_REF="67">Imprimerie</W>
			<W BOX="1576 2711 1589 2737" STYLE_REF="67" NS="y">A</W>
			<W BOX="1589 2711 1593 2737" STYLE_REF="67">.</W>
			<W BOX="1596 2711 1733 2737" STYLE_REF="67" NS="y">CQyBVOiSIKK</W>
			<W BOX="1730 2711 1738 2737" STYLE_REF="67">,</W>
			<Q BOX="1741 2710 1793 2736" STYLE_REF="67" QID="1">Chaux</Q>
			<Q BOX="1793 2710 1799 2736" STYLE_REF="67" LH="y" QID="1">-</Q>
			<Q BOX="1799 2710 1818 2736" STYLE_REF="67" QID="1">de</Q>
			<Q BOX="1818 2710 1825 2736" STYLE_REF="67" LH="y" QID="1">-</Q>
			<q BOX="1825 2710 1873 2736" STYLE_REF="67" QID="1">Fonds</q>
			<QW QID="1">Chaux-de-Fonds</QW>
		</Primitive>
	</Content>
</XMD-entity>