<?xml version="1.0" encoding="windows-1252" standalone="no"?>
<XMD-entity REPOSITORY_FORMAT="1.0" PRXML_VER="2.2" ENTITY_TYPE="Ad" DOC_UID="IMP_03/03/2012" DOC_VER="1" FIRST_TOC_ENTRY_ID="204" DEPTH_LEVEL="1" INDEX_IN_DOC="204" PAGE_NO="25" ID="Ad02504" BOX="550 1232 890 1796" LANGUAGE="French" SNP="Ad02504S.png" SNP_WIDTH="72" SNP_HEIGHT="120">
	<Meta NAME="Untitled Ad" DESCRIPTION="" SUBTYPE="" BASE_HREF="IMP/2012/03/03" SOURCE_TYPE="TIFF" PUBLICATION="IMP" SECTION="Front Page" ISSUE_DATE="03/03/2012" WORDCNT="35" RELEASE_NO="113-IMP-2012-03-03-0001" PAGE_ID="" PAGE_TYPE="Single" PAGE_WIDTH="879" PAGE_HEIGHT="1304" DEFAULT_IMG_EXT="png" PDF_DESTINATION_MAPPED="OLV0_Entity_0025_0005" IMAGES_RESOLUTION="144" XMD_VER="2.6.241.4" PAGE_LABEL="25" TOTAL_CHARS_COUNT="82" SUSPICIOUS_CHARS_COUNT="0">
		<Links>
			<Lnk TYPE="URL" LNK_ID="LNK_25_6">
				<Target>www.aide-soins-domicile.ch</Target>
			</Lnk>
			<Sources>
				<Box LNK_ID="LNK_25_6" PRIM_ID="Ad0250402">581 1360 706 1373</Box>
			</Sources>
		</Links>
	</Meta>
	<Link SOURCE="113-IMP-2012-03-03-0001.pdf" FIRST_ID="Ar00100" LAST_ID="Pc03613" NEXT_ID="Ad02505" PREV_ID="Ad02503" TOC_ID="W:/Repository/IMP/2012/03/03/TOC.xml"/>
	<DataFiles>
		<Files TYPE="DOC_PDF" PRESENT="1"/>
		<Files TYPE="PAGE_PDF" PRESENT="0"/>
		<Files TYPE="DOC_IMG" PRESENT="0"/>
		<Files TYPE="PAGE_IMG" PRESENT="0"/>
		<Files TYPE="PAGE_VIEW_IMG" PRESENT="1"/>
		<Files TYPE="PAGE_PREVIEW_IMG" PRESENT="1"/>
		<Files TYPE="PRIMITIVE_IMG" PRESENT="1"/>
		<Files TYPE="SNIPPET_IMG" PRESENT="1"/>
		<Files TYPE="SEGMENTATION" PRESENT="0"/>
	</DataFiles>
	<Content>
		<Primitive BOX="581 1274 720 1373" ID="Ad0250400" E="N" SEQ_NO="1" TOC_ENTRY_ID="204" DEPTH_LEVEL="1">
			<L BOX="581 1274 720 1293"/>
			<W BOX="581 1274 600 1293" STYLE_REF="1">Un</W>
			<W BOX="604 1274 649 1293" STYLE_REF="1">soutien</W>
			<W BOX="654 1274 720 1293" STYLE_REF="1">comp�tent</W>
			<L BOX="581 1294 691 1313"/>
			<W BOX="581 1294 612 1313" STYLE_REF="1">dans</W>
			<W BOX="616 1294 631 1313" STYLE_REF="1">ce</W>
			<W BOX="635 1294 691 1313" STYLE_REF="1">nouveau</W>
			<L BOX="581 1314 645 1332"/>
			<W BOX="581 1314 641 1332" STYLE_REF="1" NS="y">quotidien</W>
			<W BOX="641 1314 645 1332" STYLE_REF="1">.</W>
			<L BOX="581 1344 675 1359" P="S"/>
			<W BOX="581 1344 606 1359" STYLE_REF="2">Pour</W>
			<W BOX="610 1344 638 1359" STYLE_REF="2">toute</W>
			<W BOX="642 1344 652 1359" STYLE_REF="2">la</W>
			<W BOX="655 1344 671 1359" STYLE_REF="2" NS="y">vie</W>
			<W BOX="672 1344 675 1359" STYLE_REF="2">.</W>
			<L BOX="581 1360 706 1373" P="S"/>
			<W BOX="581 1360 605 1373" STYLE_REF="3" NS="y">www</W>
			<W BOX="604 1360 606 1373" STYLE_REF="3" NS="y">.</W>
			<Q BOX="606 1360 626 1373" STYLE_REF="3" QID="1">aide</Q>
			<Q BOX="626 1360 630 1373" STYLE_REF="3" LH="y" QID="1">-</Q>
			<Q BOX="630 1360 652 1373" STYLE_REF="3" QID="1">soins</Q>
			<Q BOX="652 1360 656 1373" STYLE_REF="3" LH="y" QID="1">-</Q>
			<q BOX="656 1360 693 1373" STYLE_REF="3" NS="y" QID="1">domicile</q>
			<QW QID="1">aide-soins-domicile</QW>
			<W BOX="694 1360 696 1373" STYLE_REF="3" NS="y">.</W>
			<W BOX="696 1360 706 1373" STYLE_REF="3">ch</W>
		</Primitive>
		<Primitive BOX="550 1232 890 1796" ID="Ad0250401" E="N" SEQ_NO="2" TOC_ENTRY_ID="204" DEPTH_LEVEL="1"/>
	</Content>
	<AdFrame>
		<Img BOX="550 1232 890 1796" ID="Ad0250402" HREF="/25/Img/Ad0250402.png" TOC_ENTRY_ID="204" SEQ_NO="0"/>
	</AdFrame>
</XMD-entity>