<?xml version="1.0" encoding="windows-1252" standalone="no"?>
<XMD-PAGE REPOSITORY_FORMAT="1.0" PRXML_VER="2.2">
	<Meta ISSUE_DATE="03/03/2012" RELEASE_NO="113-IMP-2012-03-03-0001" PAGE_NO="25" NAME="" PAGE_LABEL="25" PAGE_TYPE="Single" PUBLISHER="Olive" PUBLICATION="IMP" SOURCE_TYPE="TIFF" SOURCE_RESOLUTION="72" IMAGES_RESOLUTION="144" PAGE_THUMBNAIL_RESOLUTION="72" PAGE_PREVIEW_RESOLUTION="15" DEFAULT_IMG_EXT="png" IMG_EXT="png" PREVIEW_IMG_EXT="png" XMD_VER="2.6.241.4" PROFILE_ID="W:\Batch\Profile\IMP-2012-03-03.ini" SECTION="Front Page" PAGE_WIDTH="879" PAGE_HEIGHT="1304" PAGES_NUMBER="36" BASE_HREF="IMP/2012/03/03" PDF_DESTINATION_MAPPED="OLV0_Page_0025" TOTAL_CHARS_COUNT="9018" SUSPICIOUS_CHARS_COUNT="0">
		<Resolutions>
			<Resolution DEFAULT="true">72</Resolution>
			<Resolution>120</Resolution>
			<Resolution>144</Resolution>
		</Resolutions>
		<Links>
			<Lnk TYPE="EML" LNK_ID="LNK_25_0">
				<Target>momh@bluewin.ch</Target>
			</Lnk>
			<Lnk TYPE="EML" LNK_ID="LNK_25_1">
				<Target>sp@bienair.com</Target>
			</Lnk>
			<Lnk TYPE="URL" LNK_ID="LNK_25_2">
				<Target>www.bienair.com</Target>
			</Lnk>
			<Lnk TYPE="URL" LNK_ID="LNK_25_3">
				<Target>www.cnp.ch</Target>
			</Lnk>
			<Lnk TYPE="EML" LNK_ID="LNK_25_4">
				<Target>natalie.brunner-patthey@unine.ch</Target>
			</Lnk>
			<Lnk TYPE="EML" LNK_ID="LNK_25_5">
				<Target>ressources.humaines@unine.ch</Target>
			</Lnk>
			<Lnk TYPE="URL" LNK_ID="LNK_25_6">
				<Target>www.aide-soins-domicile.ch</Target>
			</Lnk>
			<Lnk TYPE="EML" LNK_ID="LNK_25_7">
				<Target>jocelyn.saucy@h-ju.ch</Target>
			</Lnk>
			<Lnk TYPE="EML" LNK_ID="LNK_25_8">
				<Target>lachaux-de-fonds@publicitas.ch</Target>
			</Lnk>
			<Lnk TYPE="URL" LNK_ID="LNK_25_9">
				<Target>www.publicitas.ch/lachaux-de-fonds</Target>
			</Lnk>
			<Lnk TYPE="URL" LNK_ID="LNK_25_10">
				<Target>www.h-ju.ch</Target>
			</Lnk>
			<Sources>
				<Box LNK_ID="LNK_25_0">418 497 482 506</Box>
				<Box LNK_ID="LNK_25_1">552 551 606 558</Box>
				<Box LNK_ID="LNK_25_2">610 551 668 558</Box>
				<Box LNK_ID="LNK_25_3">456 557 493 565</Box>
				<Box LNK_ID="LNK_25_4">137 598 256 607</Box>
				<Box LNK_ID="LNK_25_5">41 648 152 657</Box>
				<Box LNK_ID="LNK_25_6">291 680 353 686</Box>
				<Box LNK_ID="LNK_25_7">160 1038 232 1046</Box>
				<Box LNK_ID="LNK_25_8">283 1118 377 1126</Box>
				<Box LNK_ID="LNK_25_9">285 1147 396 1154</Box>
				<Box LNK_ID="LNK_25_10">124 1254 180 1263</Box>
			</Sources>
		</Links>
	</Meta>
	<Link SOURCE="113-IMP-2012-03-03-0001.pdf" NEXT_SECTION="" PREV_SECTION=""/>
	<DataFiles>
		<Files TYPE="DOC_PDF" PRESENT="1"/>
		<Files TYPE="PAGE_PDF" PRESENT="0"/>
		<Files TYPE="DOC_IMG" PRESENT="0"/>
		<Files TYPE="PAGE_IMG" PRESENT="0"/>
		<Files TYPE="PAGE_VIEW_IMG" PRESENT="1"/>
		<Files TYPE="PAGE_PREVIEW_IMG" PRESENT="1"/>
		<Files TYPE="PRIMITIVE_IMG" PRESENT="1"/>
		<Files TYPE="SNIPPET_IMG" PRESENT="1"/>
		<Files TYPE="SEGMENTATION" PRESENT="0"/>
	</DataFiles>
	<Entity ENTITY_TYPE="Ad" FIRST_TOC_ENTRY_ID="200" INDEX_IN_DOC="200" DEPTH_LEVEL="1" ID="Ad02500" SIZE="Medium" BOX="24 28 275 262" NEXT_SECTION="" PREV_SECTION="" IMAGES_RESOLUTION="144" TOTAL_CHARS_COUNT="544" SUSPICIOUS_CHARS_COUNT="0" WORDCNT="293">
		<Name>Untitled Ad</Name>
		<Primitive ID="Ad0250000" BOX="44 33 141 56" ELEMENT_TYPE="Content" SEQ_NO="1" TOC_ENTRY_ID="200" DEPTH_LEVEL="1" E="N"/>
		<Primitive ID="Ad0250001" BOX="44 64 250 210" ELEMENT_TYPE="Content" SEQ_NO="2" TOC_ENTRY_ID="200" DEPTH_LEVEL="1" E="N"/>
		<Primitive ID="Ad0250002" BOX="24 28 275 262" ELEMENT_TYPE="Content" SEQ_NO="3" TOC_ENTRY_ID="200" DEPTH_LEVEL="1" E="N"/>
		<Primitive ID="Ad0250003" BOX="24 28 275 262" ELEMENT_TYPE="AdFrame" SEQ_NO="0" TOC_ENTRY_ID="200" DEPTH_LEVEL="1"/>
	</Entity>
	<Entity ENTITY_TYPE="Ad" FIRST_TOC_ENTRY_ID="203" INDEX_IN_DOC="203" DEPTH_LEVEL="1" ID="Ad02501" SIZE="Large" BOX="275 28 519 616" NEXT_SECTION="" PREV_SECTION="" IMAGES_RESOLUTION="144" TOTAL_CHARS_COUNT="1479" SUSPICIOUS_CHARS_COUNT="0" WORDCNT="611">
		<Name>Untitled Ad</Name>
		<Primitive ID="Ad0250100" BOX="344 127 497 166" ELEMENT_TYPE="Content" SEQ_NO="1" TOC_ENTRY_ID="203" DEPTH_LEVEL="1"/>
		<Primitive ID="Ad0250101" BOX="299 179 489 202" ELEMENT_TYPE="Content" SEQ_NO="2" TOC_ENTRY_ID="203" DEPTH_LEVEL="1" I_RES="91"/>
		<Primitive ID="Ad0250102" BOX="344 204 488 263" ELEMENT_TYPE="Content" SEQ_NO="3" TOC_ENTRY_ID="203" DEPTH_LEVEL="1"/>
		<Primitive ID="Ad0250103" BOX="299 275 497 401" ELEMENT_TYPE="Content" SEQ_NO="4" TOC_ENTRY_ID="203" DEPTH_LEVEL="1" I_RES="109"/>
		<Primitive ID="Ad0250104" BOX="299 403 497 548" ELEMENT_TYPE="Content" SEQ_NO="5" TOC_ENTRY_ID="203" DEPTH_LEVEL="1"/>
		<Primitive ID="Ad0250105" BOX="372 557 493 565" ELEMENT_TYPE="Content" SEQ_NO="6" TOC_ENTRY_ID="203" DEPTH_LEVEL="1"/>
		<Primitive ID="Ad0250106" BOX="275 28 519 616" ELEMENT_TYPE="Content" SEQ_NO="7" TOC_ENTRY_ID="203" DEPTH_LEVEL="1" E="N"/>
		<Primitive ID="Ad0250107" BOX="275 28 519 616" ELEMENT_TYPE="AdFrame" SEQ_NO="0" TOC_ENTRY_ID="203" DEPTH_LEVEL="1" I_RES="70"/>
	</Entity>
	<Entity ENTITY_TYPE="Ad" FIRST_TOC_ENTRY_ID="206" INDEX_IN_DOC="206" DEPTH_LEVEL="1" ID="Ad02502" SIZE="Large" BOX="519 113 851 616" NEXT_SECTION="" PREV_SECTION="" IMAGES_RESOLUTION="144" TOTAL_CHARS_COUNT="1837" SUSPICIOUS_CHARS_COUNT="0" WORDCNT="807">
		<Name>Untitled Ad</Name>
		<Primitive ID="Ad0250200" BOX="552 189 821 244" ELEMENT_TYPE="Content" SEQ_NO="1" TOC_ENTRY_ID="206" DEPTH_LEVEL="1"/>
		<Primitive ID="Ad0250201" BOX="552 251 820 558" ELEMENT_TYPE="Content" SEQ_NO="2" TOC_ENTRY_ID="206" DEPTH_LEVEL="1"/>
		<Primitive ID="Ad0250202" BOX="519 113 851 616" ELEMENT_TYPE="Content" SEQ_NO="3" TOC_ENTRY_ID="206" DEPTH_LEVEL="1" E="N"/>
		<Primitive ID="Ad0250203" BOX="519 113 851 616" ELEMENT_TYPE="AdFrame" SEQ_NO="0" TOC_ENTRY_ID="206" DEPTH_LEVEL="1" I_RES="82"/>
	</Entity>
	<Entity ENTITY_TYPE="Ad" FIRST_TOC_ENTRY_ID="201" INDEX_IN_DOC="201" DEPTH_LEVEL="1" ID="Ad02503" SIZE="Large" BOX="24 262 275 717" NEXT_SECTION="" PREV_SECTION="" IMAGES_RESOLUTION="144" TOTAL_CHARS_COUNT="1295" SUSPICIOUS_CHARS_COUNT="0" WORDCNT="555">
		<Name>Untitled Ad</Name>
		<Primitive ID="Ad0250300" BOX="41 351 263 657" ELEMENT_TYPE="Content" SEQ_NO="1" TOC_ENTRY_ID="201" DEPTH_LEVEL="1"/>
		<Primitive ID="Ad0250301" BOX="24 262 275 717" ELEMENT_TYPE="Content" SEQ_NO="2" TOC_ENTRY_ID="201" DEPTH_LEVEL="1" E="N"/>
		<Primitive ID="Ad0250302" BOX="24 262 275 717" ELEMENT_TYPE="AdFrame" SEQ_NO="0" TOC_ENTRY_ID="201" DEPTH_LEVEL="1" I_RES="91"/>
	</Entity>
	<Entity ENTITY_TYPE="Ad" FIRST_TOC_ENTRY_ID="204" INDEX_IN_DOC="204" DEPTH_LEVEL="1" ID="Ad02504" SIZE="Small" BOX="275 616 445 898" NEXT_SECTION="" PREV_SECTION="" IMAGES_RESOLUTION="144" TOTAL_CHARS_COUNT="82" SUSPICIOUS_CHARS_COUNT="0" WORDCNT="35">
		<Name>Untitled Ad</Name>
		<Primitive ID="Ad0250400" BOX="291 637 360 686" ELEMENT_TYPE="Content" SEQ_NO="1" TOC_ENTRY_ID="204" DEPTH_LEVEL="1" E="N"/>
		<Primitive ID="Ad0250401" BOX="275 616 445 898" ELEMENT_TYPE="Content" SEQ_NO="2" TOC_ENTRY_ID="204" DEPTH_LEVEL="1" E="N"/>
		<Primitive ID="Ad0250402" BOX="275 616 445 898" ELEMENT_TYPE="AdFrame" SEQ_NO="0" TOC_ENTRY_ID="204" DEPTH_LEVEL="1"/>
	</Entity>
	<Entity ENTITY_TYPE="Ad" FIRST_TOC_ENTRY_ID="207" INDEX_IN_DOC="207" DEPTH_LEVEL="1" ID="Ad02505" SIZE="XLarge" BOX="445 616 851 1278" NEXT_SECTION="" PREV_SECTION="" IMAGES_RESOLUTION="144" TOTAL_CHARS_COUNT="1192" SUSPICIOUS_CHARS_COUNT="0" WORDCNT="975">
		<Name>Untitled Ad</Name>
		<Primitive ID="Ad0250500" BOX="527 751 810 1140" ELEMENT_TYPE="Content" SEQ_NO="1" TOC_ENTRY_ID="207" DEPTH_LEVEL="1" I_RES="109"/>
		<Primitive ID="Ad0250501" BOX="527 1151 681 1220" ELEMENT_TYPE="Content" SEQ_NO="2" TOC_ENTRY_ID="207" DEPTH_LEVEL="1" I_RES="109"/>
		<Primitive ID="Ad0250502" BOX="445 616 851 1278" ELEMENT_TYPE="Content" SEQ_NO="3" TOC_ENTRY_ID="207" DEPTH_LEVEL="1" E="N"/>
		<Primitive ID="Ad0250503" BOX="445 616 851 1278" ELEMENT_TYPE="AdFrame" SEQ_NO="0" TOC_ENTRY_ID="207" DEPTH_LEVEL="1" I_RES="62"/>
	</Entity>
	<Entity ENTITY_TYPE="Ad" FIRST_TOC_ENTRY_ID="202" INDEX_IN_DOC="202" DEPTH_LEVEL="1" ID="Ad02506" SIZE="Large" BOX="24 717 275 1278" NEXT_SECTION="" PREV_SECTION="" IMAGES_RESOLUTION="144" TOTAL_CHARS_COUNT="2238" SUSPICIOUS_CHARS_COUNT="0" WORDCNT="977">
		<Name>Untitled Ad</Name>
		<Primitive ID="Ad0250600" BOX="43 789 261 925" ELEMENT_TYPE="Content" SEQ_NO="1" TOC_ENTRY_ID="202" DEPTH_LEVEL="1"/>
		<Primitive ID="Ad0250601" BOX="43 929 261 1069" ELEMENT_TYPE="Content" SEQ_NO="2" TOC_ENTRY_ID="202" DEPTH_LEVEL="1"/>
		<Primitive ID="Ad0250602" BOX="43 1070 47 1178" ELEMENT_TYPE="Content" SEQ_NO="3" TOC_ENTRY_ID="202" DEPTH_LEVEL="1"/>
		<Primitive ID="Ad0250603" BOX="51 1070 261 1189" ELEMENT_TYPE="Content" SEQ_NO="4" TOC_ENTRY_ID="202" DEPTH_LEVEL="1"/>
		<Primitive ID="Ad0250604" BOX="43 1193 261 1246" ELEMENT_TYPE="Content" SEQ_NO="5" TOC_ENTRY_ID="202" DEPTH_LEVEL="1"/>
		<Primitive ID="Ad0250605" BOX="124 1251 180 1265" ELEMENT_TYPE="Content" SEQ_NO="6" TOC_ENTRY_ID="202" DEPTH_LEVEL="1" I_RES="109"/>
		<Primitive ID="Ad0250606" BOX="24 717 275 1278" ELEMENT_TYPE="Content" SEQ_NO="7" TOC_ENTRY_ID="202" DEPTH_LEVEL="1" E="N"/>
		<Primitive ID="Ad0250607" BOX="24 717 275 1278" ELEMENT_TYPE="AdFrame" SEQ_NO="0" TOC_ENTRY_ID="202" DEPTH_LEVEL="1" I_RES="73"/>
	</Entity>
	<Entity ENTITY_TYPE="Ad" FIRST_TOC_ENTRY_ID="205" INDEX_IN_DOC="205" DEPTH_LEVEL="1" ID="Ad02507" SIZE="Medium" BOX="275 898 445 1278" NEXT_SECTION="" PREV_SECTION="" IMAGES_RESOLUTION="144" TOTAL_CHARS_COUNT="351" SUSPICIOUS_CHARS_COUNT="0" WORDCNT="166">
		<Name>Untitled Ad</Name>
		<Primitive ID="Ad0250700" BOX="283 915 431 1033" ELEMENT_TYPE="Content" SEQ_NO="1" TOC_ENTRY_ID="205" DEPTH_LEVEL="1" E="N"/>
		<Primitive ID="Ad0250701" BOX="283 1050 425 1126" ELEMENT_TYPE="Content" SEQ_NO="2" TOC_ENTRY_ID="205" DEPTH_LEVEL="1"/>
		<Primitive ID="Ad0250702" BOX="285 1147 396 1154" ELEMENT_TYPE="Content" SEQ_NO="3" TOC_ENTRY_ID="205" DEPTH_LEVEL="1"/>
		<Primitive ID="Ad0250703" BOX="275 898 445 1278" ELEMENT_TYPE="Content" SEQ_NO="4" TOC_ENTRY_ID="205" DEPTH_LEVEL="1" E="N"/>
		<Primitive ID="Ad0250704" BOX="275 898 445 1278" ELEMENT_TYPE="AdFrame" SEQ_NO="0" TOC_ENTRY_ID="205" DEPTH_LEVEL="1" I_RES="109"/>
	</Entity>
</XMD-PAGE>