<?xml version="1.0" encoding="windows-1252" standalone="no"?>
<XMD-entity REPOSITORY_FORMAT="1.0" PRXML_VER="2.2" ENTITY_TYPE="Article" DOC_UID="IMP_03/03/2012" DOC_VER="1" FIRST_TOC_ENTRY_ID="120" DEPTH_LEVEL="1" INDEX_IN_DOC="120" PAGE_NO="16" ID="Ar01602" BOX="56 1873 1699 2529" LANGUAGE="French" SNP="Ar0160200.png" SNP_WIDTH="186" SNP_HEIGHT="43">
	<Meta NAME="HOROSCOPE" DESCRIPTION="" SUBTYPE="" BASE_HREF="IMP/2012/03/03" SOURCE_TYPE="TIFF" PUBLICATION="IMP" SECTION="Front Page" ISSUE_DATE="03/03/2012" WORDCNT="0" RELEASE_NO="113-IMP-2012-03-03-0001" PAGE_ID="" PAGE_TYPE="Single" PAGE_WIDTH="879" PAGE_HEIGHT="1304" DEFAULT_IMG_EXT="png" PDF_DESTINATION_MAPPED="OLV0_Entity_0016_0003" IMAGES_RESOLUTION="144" XMD_VER="2.6.241.4" PAGE_LABEL="16" TOTAL_CHARS_COUNT="9" SUSPICIOUS_CHARS_COUNT="0"/>
	<Link SOURCE="113-IMP-2012-03-03-0001.pdf" FIRST_ID="Ar00100" LAST_ID="Pc03613" NEXT_ID="Pc01603" PREV_ID="Ar01601" TOC_ID="W:/Repository/IMP/2012/03/03/TOC.xml"/>
	<DataFiles>
		<Files TYPE="DOC_PDF" PRESENT="1"/>
		<Files TYPE="PAGE_PDF" PRESENT="0"/>
		<Files TYPE="DOC_IMG" PRESENT="0"/>
		<Files TYPE="PAGE_IMG" PRESENT="0"/>
		<Files TYPE="PAGE_VIEW_IMG" PRESENT="1"/>
		<Files TYPE="PAGE_PREVIEW_IMG" PRESENT="1"/>
		<Files TYPE="PRIMITIVE_IMG" PRESENT="1"/>
		<Files TYPE="SNIPPET_IMG" PRESENT="1"/>
		<Files TYPE="SEGMENTATION" PRESENT="0"/>
	</DataFiles>
	<HedLine_hl1>
		<Primitive BOX="64 1873 249 1915" ID="Ar0160200" SEQ_NO="0" TOC_ENTRY_ID="120" DEPTH_LEVEL="1">
			<L BOX="68 1877 245 1911"/>
			<W BOX="68 1877 245 1911" STYLE_REF="258">HOROSCOPE</W>
		</Primitive>
	</HedLine_hl1>
	<Content>
		<Primitive BOX="56 1951 457 2526" ID="Ar0160201" SEQ_NO="1" TOC_ENTRY_ID="120" DEPTH_LEVEL="1"/>
		<Primitive BOX="468 1953 867 2133" ID="Ar0160202" SEQ_NO="2" TOC_ENTRY_ID="120" DEPTH_LEVEL="1"/>
		<Primitive BOX="470 2135 731 2363" ID="Ar0160203" SEQ_NO="3" TOC_ENTRY_ID="120" DEPTH_LEVEL="1"/>
		<Primitive BOX="469 2366 867 2526" ID="Ar0160204" SEQ_NO="4" TOC_ENTRY_ID="120" DEPTH_LEVEL="1"/>
		<Primitive BOX="889 1953 1286 2133" ID="Ar0160205" SEQ_NO="5" TOC_ENTRY_ID="120" DEPTH_LEVEL="1"/>
		<Primitive BOX="1019 2138 1288 2366" ID="Ar0160206" SEQ_NO="6" TOC_ENTRY_ID="120" DEPTH_LEVEL="1"/>
		<Primitive BOX="888 2373 1285 2528" ID="Ar0160207" SEQ_NO="7" TOC_ENTRY_ID="120" DEPTH_LEVEL="1"/>
		<Primitive BOX="1301 1953 1699 2529" ID="Ar0160208" SEQ_NO="8" TOC_ENTRY_ID="120" DEPTH_LEVEL="1"/>
	</Content>
</XMD-entity>