<?xml version="1.0" encoding="windows-1252" standalone="no"?>
<XMD-PAGE REPOSITORY_FORMAT="1.0" PRXML_VER="2.2">
	<Meta ISSUE_DATE="03/03/2012" RELEASE_NO="113-IMP-2012-03-03-0001" PAGE_NO="16" NAME="" PAGE_LABEL="16" PAGE_TYPE="Single" PUBLISHER="Olive" PUBLICATION="IMP" SOURCE_TYPE="TIFF" SOURCE_RESOLUTION="72" IMAGES_RESOLUTION="144" PAGE_THUMBNAIL_RESOLUTION="72" PAGE_PREVIEW_RESOLUTION="15" DEFAULT_IMG_EXT="png" IMG_EXT="png" PREVIEW_IMG_EXT="png" XMD_VER="2.6.241.4" PROFILE_ID="W:\Batch\Profile\IMP-2012-03-03.ini" SECTION="Front Page" PAGE_WIDTH="879" PAGE_HEIGHT="1304" PAGES_NUMBER="36" BASE_HREF="IMP/2012/03/03" PDF_DESTINATION_MAPPED="OLV0_Page_0016" TOTAL_CHARS_COUNT="2456" SUSPICIOUS_CHARS_COUNT="0">
		<Resolutions>
			<Resolution DEFAULT="true">72</Resolution>
			<Resolution>120</Resolution>
			<Resolution>144</Resolution>
		</Resolutions>
	</Meta>
	<Link SOURCE="113-IMP-2012-03-03-0001.pdf" NEXT_SECTION="" PREV_SECTION=""/>
	<DataFiles>
		<Files TYPE="DOC_PDF" PRESENT="1"/>
		<Files TYPE="PAGE_PDF" PRESENT="0"/>
		<Files TYPE="DOC_IMG" PRESENT="0"/>
		<Files TYPE="PAGE_IMG" PRESENT="0"/>
		<Files TYPE="PAGE_VIEW_IMG" PRESENT="1"/>
		<Files TYPE="PAGE_PREVIEW_IMG" PRESENT="1"/>
		<Files TYPE="PRIMITIVE_IMG" PRESENT="1"/>
		<Files TYPE="SNIPPET_IMG" PRESENT="1"/>
		<Files TYPE="SEGMENTATION" PRESENT="0"/>
	</DataFiles>
	<Entity ENTITY_TYPE="Article" FIRST_TOC_ENTRY_ID="116" INDEX_IN_DOC="116" DEPTH_LEVEL="1" ID="Ar01600" SIZE="Small" BOX="36 141 569 167" NEXT_SECTION="" PREV_SECTION="" IMAGES_RESOLUTION="144" TOTAL_CHARS_COUNT="89" SUSPICIOUS_CHARS_COUNT="0" WORDCNT="19">
		<Name>Untitled Article</Name>
		<Primitive ID="Ar0160000" BOX="36 141 569 167" ELEMENT_TYPE="Content" SEQ_NO="0" TOC_ENTRY_ID="116" DEPTH_LEVEL="1"/>
	</Entity>
	<Entity ENTITY_TYPE="Article" FIRST_TOC_ENTRY_ID="122" INDEX_IN_DOC="122" DEPTH_LEVEL="1" ID="Ar01601" SIZE="Medium" BOX="587 142 848 907" NEXT_SECTION="" PREV_SECTION="" IMAGES_RESOLUTION="144" TOTAL_CHARS_COUNT="2358" SUSPICIOUS_CHARS_COUNT="0" WORDCNT="573">
		<Name>FEUILLETON N� 110</Name>
		<Primitive ID="Ar0160100" BOX="587 142 848 165" ELEMENT_TYPE="HedLine_hl1" SEQ_NO="0" TOC_ENTRY_ID="122" DEPTH_LEVEL="1"/>
		<Primitive ID="Ar0160101" BOX="592 349 715 632" ELEMENT_TYPE="Content" SEQ_NO="1" TOC_ENTRY_ID="122" DEPTH_LEVEL="1"/>
		<Primitive ID="Ar0160102" BOX="592 633 715 907" ELEMENT_TYPE="Content" SEQ_NO="2" TOC_ENTRY_ID="122" DEPTH_LEVEL="1"/>
		<Primitive ID="Ar0160103" BOX="720 176 843 485" ELEMENT_TYPE="Content" SEQ_NO="3" TOC_ENTRY_ID="122" DEPTH_LEVEL="1"/>
		<Primitive ID="Ar0160104" BOX="720 485 843 825" ELEMENT_TYPE="Content" SEQ_NO="4" TOC_ENTRY_ID="122" DEPTH_LEVEL="1"/>
		<Primitive ID="Ar0160105" BOX="720 826 843 907" ELEMENT_TYPE="Content" SEQ_NO="5" TOC_ENTRY_ID="122" DEPTH_LEVEL="1"/>
	</Entity>
	<Entity ENTITY_TYPE="Article" FIRST_TOC_ENTRY_ID="120" INDEX_IN_DOC="120" DEPTH_LEVEL="1" ID="Ar01602" SIZE="Large" BOX="28 937 850 1264" NEXT_SECTION="" PREV_SECTION="" IMAGES_RESOLUTION="144" TOTAL_CHARS_COUNT="9" SUSPICIOUS_CHARS_COUNT="0" WORDCNT="0">
		<Name>HOROSCOPE</Name>
		<Primitive ID="Ar0160200" BOX="32 937 124 957" ELEMENT_TYPE="HedLine_hl1" SEQ_NO="0" TOC_ENTRY_ID="120" DEPTH_LEVEL="1"/>
		<Primitive ID="Ar0160201" BOX="28 975 229 1263" ELEMENT_TYPE="Content" SEQ_NO="1" TOC_ENTRY_ID="120" DEPTH_LEVEL="1"/>
		<Primitive ID="Ar0160202" BOX="234 976 433 1066" ELEMENT_TYPE="Content" SEQ_NO="2" TOC_ENTRY_ID="120" DEPTH_LEVEL="1"/>
		<Primitive ID="Ar0160203" BOX="235 1068 366 1182" ELEMENT_TYPE="Content" SEQ_NO="3" TOC_ENTRY_ID="120" DEPTH_LEVEL="1"/>
		<Primitive ID="Ar0160204" BOX="234 1183 433 1263" ELEMENT_TYPE="Content" SEQ_NO="4" TOC_ENTRY_ID="120" DEPTH_LEVEL="1"/>
		<Primitive ID="Ar0160205" BOX="444 976 643 1066" ELEMENT_TYPE="Content" SEQ_NO="5" TOC_ENTRY_ID="120" DEPTH_LEVEL="1"/>
		<Primitive ID="Ar0160206" BOX="509 1069 644 1183" ELEMENT_TYPE="Content" SEQ_NO="6" TOC_ENTRY_ID="120" DEPTH_LEVEL="1"/>
		<Primitive ID="Ar0160207" BOX="444 1186 643 1264" ELEMENT_TYPE="Content" SEQ_NO="7" TOC_ENTRY_ID="120" DEPTH_LEVEL="1"/>
		<Primitive ID="Ar0160208" BOX="651 976 850 1264" ELEMENT_TYPE="Content" SEQ_NO="8" TOC_ENTRY_ID="120" DEPTH_LEVEL="1"/>
	</Entity>
	<Entity ENTITY_TYPE="Picture" FIRST_TOC_ENTRY_ID="123" INDEX_IN_DOC="123" DEPTH_LEVEL="2" ID="Pc01603" SIZE="Small" BOX="596 176 712 348" NEXT_SECTION="" PREV_SECTION="" EMBEDDED_INTO="Ar01601" EMBEDDED_AFTER="Ar0160100" IMAGES_RESOLUTION="144" TOTAL_CHARS_COUNT="0" SUSPICIOUS_CHARS_COUNT="0" WORDCNT="0">
		<Name>Untitled Picture</Name>
		<Primitive ID="Pc0160300" BOX="596 176 712 348" ELEMENT_TYPE="Picture" SEQ_NO="0" TOC_ENTRY_ID="123" DEPTH_LEVEL="2" IMG_EXT="jpg"/>
	</Entity>
	<Entity ENTITY_TYPE="Picture" FIRST_TOC_ENTRY_ID="117" INDEX_IN_DOC="117" DEPTH_LEVEL="2" ID="Pc01604" SIZE="Medium" BOX="41 175 575 391" NEXT_SECTION="" PREV_SECTION="" EMBEDDED_INTO="Ar01600" EMBEDDED_AFTER="Ar0160000" IMAGES_RESOLUTION="144" TOTAL_CHARS_COUNT="0" SUSPICIOUS_CHARS_COUNT="0" WORDCNT="0">
		<Name>Untitled Picture</Name>
		<Primitive ID="Pc0160400" BOX="41 175 575 391" ELEMENT_TYPE="Picture" SEQ_NO="0" TOC_ENTRY_ID="117" DEPTH_LEVEL="2" IMG_EXT="jpg"/>
	</Entity>
	<Entity ENTITY_TYPE="Picture" FIRST_TOC_ENTRY_ID="118" INDEX_IN_DOC="118" DEPTH_LEVEL="2" ID="Pc01605" SIZE="Medium" BOX="41 391 575 657" NEXT_SECTION="" PREV_SECTION="" EMBEDDED_INTO="Ar01600" EMBEDDED_AFTER="Ar0160000" IMAGES_RESOLUTION="144" TOTAL_CHARS_COUNT="0" SUSPICIOUS_CHARS_COUNT="0" WORDCNT="0">
		<Name>Untitled Picture</Name>
		<Primitive ID="Pc0160500" BOX="41 391 575 657" ELEMENT_TYPE="Picture" SEQ_NO="0" TOC_ENTRY_ID="118" DEPTH_LEVEL="2" IMG_EXT="jpg"/>
	</Entity>
	<Entity ENTITY_TYPE="Picture" FIRST_TOC_ENTRY_ID="119" INDEX_IN_DOC="119" DEPTH_LEVEL="2" ID="Pc01606" SIZE="Medium" BOX="41 657 575 915" NEXT_SECTION="" PREV_SECTION="" EMBEDDED_INTO="Ar01600" EMBEDDED_AFTER="Ar0160000" IMAGES_RESOLUTION="144" TOTAL_CHARS_COUNT="0" SUSPICIOUS_CHARS_COUNT="0" WORDCNT="0">
		<Name>Untitled Picture</Name>
		<Primitive ID="Pc0160600" BOX="41 657 575 915" ELEMENT_TYPE="Picture" SEQ_NO="0" TOC_ENTRY_ID="119" DEPTH_LEVEL="2" IMG_EXT="jpg"/>
	</Entity>
	<Entity ENTITY_TYPE="Ad" FIRST_TOC_ENTRY_ID="121" INDEX_IN_DOC="121" DEPTH_LEVEL="1" ID="Ad01607" SIZE="Small" BOX="375 1071 503 1179" NEXT_SECTION="" PREV_SECTION="" IMAGES_RESOLUTION="144" TOTAL_CHARS_COUNT="0" SUSPICIOUS_CHARS_COUNT="0" WORDCNT="0">
		<Name>Untitled Ad</Name>
		<Primitive ID="Ad0160700" BOX="375 1071 503 1179" ELEMENT_TYPE="Content" SEQ_NO="1" TOC_ENTRY_ID="121" DEPTH_LEVEL="1" E="N"/>
		<Primitive ID="Ad0160701" BOX="375 1071 503 1179" ELEMENT_TYPE="AdFrame" SEQ_NO="0" TOC_ENTRY_ID="121" DEPTH_LEVEL="1" I_RES="130"/>
	</Entity>
</XMD-PAGE>