<?xml version="1.0" encoding="windows-1252" standalone="no"?>
<XMD-PAGE REPOSITORY_FORMAT="1.0" PRXML_VER="2.2">
	<Meta ISSUE_DATE="03/03/2012" RELEASE_NO="113-IMP-2012-03-03-0001" PAGE_NO="35" NAME="" PAGE_LABEL="35" PAGE_TYPE="Single" PUBLISHER="Olive" PUBLICATION="IMP" SOURCE_TYPE="TIFF" SOURCE_RESOLUTION="72" IMAGES_RESOLUTION="144" PAGE_THUMBNAIL_RESOLUTION="72" PAGE_PREVIEW_RESOLUTION="15" DEFAULT_IMG_EXT="png" IMG_EXT="png" PREVIEW_IMG_EXT="png" XMD_VER="2.6.241.4" PROFILE_ID="W:\Batch\Profile\IMP-2012-03-03.ini" SECTION="Front Page" PAGE_WIDTH="879" PAGE_HEIGHT="1304" PAGES_NUMBER="36" BASE_HREF="IMP/2012/03/03" PDF_DESTINATION_MAPPED="OLV0_Page_0035" TOTAL_CHARS_COUNT="5678" SUSPICIOUS_CHARS_COUNT="0">
		<Resolutions>
			<Resolution DEFAULT="true">72</Resolution>
			<Resolution>120</Resolution>
			<Resolution>144</Resolution>
		</Resolutions>
	</Meta>
	<Link SOURCE="113-IMP-2012-03-03-0001.pdf" NEXT_SECTION="" PREV_SECTION=""/>
	<DataFiles>
		<Files TYPE="DOC_PDF" PRESENT="1"/>
		<Files TYPE="PAGE_PDF" PRESENT="0"/>
		<Files TYPE="DOC_IMG" PRESENT="0"/>
		<Files TYPE="PAGE_IMG" PRESENT="0"/>
		<Files TYPE="PAGE_VIEW_IMG" PRESENT="1"/>
		<Files TYPE="PAGE_PREVIEW_IMG" PRESENT="1"/>
		<Files TYPE="PRIMITIVE_IMG" PRESENT="1"/>
		<Files TYPE="SNIPPET_IMG" PRESENT="1"/>
		<Files TYPE="SEGMENTATION" PRESENT="0"/>
	</DataFiles>
	<Entity ENTITY_TYPE="Article" FIRST_TOC_ENTRY_ID="304" INDEX_IN_DOC="304" DEPTH_LEVEL="1" ID="Ar03500" SIZE="Small" BOX="685 112 857 311" NEXT_SECTION="" PREV_SECTION="" IMAGES_RESOLUTION="144" TOTAL_CHARS_COUNT="0" SUSPICIOUS_CHARS_COUNT="0" WORDCNT="0">
		<Name>Untitled Article</Name>
		<Primitive ID="Ar0350000" BOX="685 132 857 150" ELEMENT_TYPE="HedLine_hl1" SEQ_NO="2" TOC_ENTRY_ID="304" DEPTH_LEVEL="1"/>
		<Primitive ID="Ar0350001" BOX="685 112 857 132" ELEMENT_TYPE="Content" SEQ_NO="0" TOC_ENTRY_ID="304" DEPTH_LEVEL="1"/>
		<Primitive ID="Ar0350002" BOX="685 150 857 311" ELEMENT_TYPE="Content" SEQ_NO="1" TOC_ENTRY_ID="304" DEPTH_LEVEL="1"/>
	</Entity>
	<Entity ENTITY_TYPE="Ad" FIRST_TOC_ENTRY_ID="298" INDEX_IN_DOC="298" DEPTH_LEVEL="1" ID="Ad03501" SIZE="Large" BOX="25 113 358 651" NEXT_SECTION="" PREV_SECTION="" IMAGES_RESOLUTION="144" TOTAL_CHARS_COUNT="1266" SUSPICIOUS_CHARS_COUNT="0" WORDCNT="581">
		<Name>Untitled Ad</Name>
		<Primitive ID="Ad0350100" BOX="30 120 88 129" ELEMENT_TYPE="Content" SEQ_NO="1" TOC_ENTRY_ID="298" DEPTH_LEVEL="1"/>
		<Primitive ID="Ad0350101" BOX="147 195 341 236" ELEMENT_TYPE="Content" SEQ_NO="2" TOC_ENTRY_ID="298" DEPTH_LEVEL="1"/>
		<Primitive ID="Ad0350102" BOX="36 252 344 634" ELEMENT_TYPE="Content" SEQ_NO="3" TOC_ENTRY_ID="298" DEPTH_LEVEL="1"/>
		<Primitive ID="Ad0350103" BOX="25 113 358 651" ELEMENT_TYPE="Content" SEQ_NO="4" TOC_ENTRY_ID="298" DEPTH_LEVEL="1" E="N"/>
		<Primitive ID="Ad0350104" BOX="25 113 358 651" ELEMENT_TYPE="AdFrame" SEQ_NO="0" TOC_ENTRY_ID="298" DEPTH_LEVEL="1" I_RES="77"/>
	</Entity>
	<Entity ENTITY_TYPE="Ad" FIRST_TOC_ENTRY_ID="301" INDEX_IN_DOC="301" DEPTH_LEVEL="1" ID="Ad03502" SIZE="Large" BOX="358 113 682 588" NEXT_SECTION="" PREV_SECTION="" IMAGES_RESOLUTION="144" TOTAL_CHARS_COUNT="1353" SUSPICIOUS_CHARS_COUNT="0" WORDCNT="629">
		<Name>Untitled Ad</Name>
		<Primitive ID="Ad0350200" BOX="362 120 419 129" ELEMENT_TYPE="Content" SEQ_NO="1" TOC_ENTRY_ID="301" DEPTH_LEVEL="1"/>
		<Primitive ID="Ad0350201" BOX="368 142 677 575" ELEMENT_TYPE="Content" SEQ_NO="2" TOC_ENTRY_ID="301" DEPTH_LEVEL="1"/>
		<Primitive ID="Ad0350202" BOX="358 113 682 588" ELEMENT_TYPE="Content" SEQ_NO="3" TOC_ENTRY_ID="301" DEPTH_LEVEL="1" E="N"/>
		<Primitive ID="Ad0350203" BOX="358 113 682 588" ELEMENT_TYPE="AdFrame" SEQ_NO="0" TOC_ENTRY_ID="301" DEPTH_LEVEL="1" I_RES="87"/>
	</Entity>
	<Entity ENTITY_TYPE="Ad" FIRST_TOC_ENTRY_ID="302" INDEX_IN_DOC="302" DEPTH_LEVEL="1" ID="Ad03503" SIZE="Large" BOX="358 588 682 1042" NEXT_SECTION="" PREV_SECTION="" IMAGES_RESOLUTION="144" TOTAL_CHARS_COUNT="1241" SUSPICIOUS_CHARS_COUNT="0" WORDCNT="563">
		<Name>Untitled Ad</Name>
		<Primitive ID="Ad0350300" BOX="453 599 601 640" ELEMENT_TYPE="Content" SEQ_NO="1" TOC_ENTRY_ID="302" DEPTH_LEVEL="1"/>
		<Primitive ID="Ad0350301" BOX="368 642 600 718" ELEMENT_TYPE="Content" SEQ_NO="2" TOC_ENTRY_ID="302" DEPTH_LEVEL="1" E="N"/>
		<Primitive ID="Ad0350302" BOX="368 719 651 757" ELEMENT_TYPE="Content" SEQ_NO="3" TOC_ENTRY_ID="302" DEPTH_LEVEL="1" E="N"/>
		<Primitive ID="Ad0350303" BOX="431 761 614 820" ELEMENT_TYPE="Content" SEQ_NO="4" TOC_ENTRY_ID="302" DEPTH_LEVEL="1" E="N"/>
		<Primitive ID="Ad0350304" BOX="368 822 675 1025" ELEMENT_TYPE="Content" SEQ_NO="5" TOC_ENTRY_ID="302" DEPTH_LEVEL="1" E="N"/>
		<Primitive ID="Ad0350305" BOX="358 588 682 1042" ELEMENT_TYPE="Content" SEQ_NO="6" TOC_ENTRY_ID="302" DEPTH_LEVEL="1" E="N"/>
		<Primitive ID="Ad0350306" BOX="358 588 682 1042" ELEMENT_TYPE="AdFrame" SEQ_NO="0" TOC_ENTRY_ID="302" DEPTH_LEVEL="1" I_RES="91"/>
	</Entity>
	<Entity ENTITY_TYPE="Ad" FIRST_TOC_ENTRY_ID="299" INDEX_IN_DOC="299" DEPTH_LEVEL="1" ID="Ad03504" SIZE="Large" BOX="25 651 358 1122" NEXT_SECTION="" PREV_SECTION="" IMAGES_RESOLUTION="144" TOTAL_CHARS_COUNT="1168" SUSPICIOUS_CHARS_COUNT="0" WORDCNT="517">
		<Name>Untitled Ad</Name>
		<Primitive ID="Ad0350400" BOX="168 667 345 712" ELEMENT_TYPE="Content" SEQ_NO="1" TOC_ENTRY_ID="299" DEPTH_LEVEL="1"/>
		<Primitive ID="Ad0350401" BOX="36 717 345 837" ELEMENT_TYPE="Content" SEQ_NO="2" TOC_ENTRY_ID="299" DEPTH_LEVEL="1" I_RES="91"/>
		<Primitive ID="Ad0350402" BOX="36 839 244 879" ELEMENT_TYPE="Content" SEQ_NO="3" TOC_ENTRY_ID="299" DEPTH_LEVEL="1" I_RES="91"/>
		<Primitive ID="Ad0350403" BOX="94 884 287 943" ELEMENT_TYPE="Content" SEQ_NO="4" TOC_ENTRY_ID="299" DEPTH_LEVEL="1" E="N"/>
		<Primitive ID="Ad0350404" BOX="36 946 341 1105" ELEMENT_TYPE="Content" SEQ_NO="5" TOC_ENTRY_ID="299" DEPTH_LEVEL="1" I_RES="91"/>
		<Primitive ID="Ad0350405" BOX="25 651 358 1122" ELEMENT_TYPE="Content" SEQ_NO="6" TOC_ENTRY_ID="299" DEPTH_LEVEL="1" E="N"/>
		<Primitive ID="Ad0350406" BOX="25 651 358 1122" ELEMENT_TYPE="AdFrame" SEQ_NO="0" TOC_ENTRY_ID="299" DEPTH_LEVEL="1" I_RES="88"/>
	</Entity>
	<Entity ENTITY_TYPE="Ad" FIRST_TOC_ENTRY_ID="303" INDEX_IN_DOC="303" DEPTH_LEVEL="1" ID="Ad03505" SIZE="Medium" BOX="358 1042 682 1282" NEXT_SECTION="" PREV_SECTION="" IMAGES_RESOLUTION="144" TOTAL_CHARS_COUNT="471" SUSPICIOUS_CHARS_COUNT="0" WORDCNT="185">
		<Name>Untitled Ad</Name>
		<Primitive ID="Ad0350500" BOX="379 1049 677 1266" ELEMENT_TYPE="Content" SEQ_NO="1" TOC_ENTRY_ID="303" DEPTH_LEVEL="1" E="N"/>
		<Primitive ID="Ad0350501" BOX="358 1042 682 1282" ELEMENT_TYPE="Content" SEQ_NO="2" TOC_ENTRY_ID="303" DEPTH_LEVEL="1" E="N"/>
		<Primitive ID="Ad0350502" BOX="358 1042 682 1282" ELEMENT_TYPE="AdFrame" SEQ_NO="0" TOC_ENTRY_ID="303" DEPTH_LEVEL="1"/>
	</Entity>
	<Entity ENTITY_TYPE="Ad" FIRST_TOC_ENTRY_ID="300" INDEX_IN_DOC="300" DEPTH_LEVEL="1" ID="Ad03506" SIZE="Medium" BOX="25 1122 358 1282" NEXT_SECTION="" PREV_SECTION="" IMAGES_RESOLUTION="144" TOTAL_CHARS_COUNT="179" SUSPICIOUS_CHARS_COUNT="0" WORDCNT="70">
		<Name>Untitled Ad</Name>
		<Primitive ID="Ad0350600" BOX="72 1137 309 1265" ELEMENT_TYPE="Content" SEQ_NO="1" TOC_ENTRY_ID="300" DEPTH_LEVEL="1" E="N"/>
		<Primitive ID="Ad0350601" BOX="25 1122 358 1282" ELEMENT_TYPE="Content" SEQ_NO="2" TOC_ENTRY_ID="300" DEPTH_LEVEL="1" E="N"/>
		<Primitive ID="Ad0350602" BOX="25 1122 358 1282" ELEMENT_TYPE="AdFrame" SEQ_NO="0" TOC_ENTRY_ID="300" DEPTH_LEVEL="1"/>
	</Entity>
	<Entity ENTITY_TYPE="Article" FIRST_TOC_ENTRY_ID="306" INDEX_IN_DOC="306" DEPTH_LEVEL="1" ID="Ar03507" SIZE="Small" BOX="685 886 857 1273" NEXT_SECTION="" PREV_SECTION="" IMAGES_RESOLUTION="144" TOTAL_CHARS_COUNT="0" SUSPICIOUS_CHARS_COUNT="0" WORDCNT="0">
		<Name>Untitled Article</Name>
		<Primitive ID="Ar0350700" BOX="685 886 857 931" ELEMENT_TYPE="HedLine_hl1" SEQ_NO="1" TOC_ENTRY_ID="306" DEPTH_LEVEL="1"/>
		<Primitive ID="Ar0350701" BOX="685 931 857 1273" ELEMENT_TYPE="Content" SEQ_NO="0" TOC_ENTRY_ID="306" DEPTH_LEVEL="1"/>
	</Entity>
	<Entity ENTITY_TYPE="Article" FIRST_TOC_ENTRY_ID="305" INDEX_IN_DOC="305" DEPTH_LEVEL="1" ID="Ar03508" SIZE="Medium" BOX="685 311 857 886" NEXT_SECTION="" PREV_SECTION="" IMAGES_RESOLUTION="144" TOTAL_CHARS_COUNT="0" SUSPICIOUS_CHARS_COUNT="0" WORDCNT="0">
		<Name>Untitled Article</Name>
		<Primitive ID="Ar0350800" BOX="685 311 857 333" ELEMENT_TYPE="HedLine_hl1" SEQ_NO="2" TOC_ENTRY_ID="305" DEPTH_LEVEL="1"/>
		<Primitive ID="Ar0350801" BOX="685 333 857 551" ELEMENT_TYPE="Content" SEQ_NO="0" TOC_ENTRY_ID="305" DEPTH_LEVEL="1"/>
		<Primitive ID="Ar0350802" BOX="685 551 857 886" ELEMENT_TYPE="Content" SEQ_NO="1" TOC_ENTRY_ID="305" DEPTH_LEVEL="1"/>
	</Entity>
</XMD-PAGE>