<?xml version="1.0" encoding="windows-1252" standalone="no"?>
<XMD-entity REPOSITORY_FORMAT="1.0" PRXML_VER="2.2" ENTITY_TYPE="Ad" DOC_UID="GDL_04/01/1900" DOC_VER="1" FIRST_TOC_ENTRY_ID="53" DEPTH_LEVEL="1" INDEX_IN_DOC="54" PAGE_NO="4" ID="Ad00437" BOX="1492 1311 1734 1459" LANGUAGE="French" SNP="Ad00437S.png" SNP_WIDTH="196" SNP_HEIGHT="120">
	<Meta NAME="Untitled Ad" DESCRIPTION="" SUBTYPE="" BASE_HREF="GDL/1900/01/04" SOURCE_TYPE="TIFF" PUBLICATION="GDL" SECTION="None" ISSUE_DATE="04/01/1900" WORDCNT="29" RELEASE_NO="103-GDL-1900-01-04-0001" PAGE_ID="" PAGE_TYPE="Single" PAGE_WIDTH="990" PAGE_HEIGHT="1356" DEFAULT_IMG_EXT="png" PDF_DESTINATION_MAPPED="OLV0_Entity_0004_0038" IMAGES_RESOLUTION="144" XMD_VER="2.6.241.4" PAGE_LABEL="4" TOTAL_CHARS_COUNT="0" SUSPICIOUS_CHARS_COUNT="0"/>
	<Link SOURCE="103-GDL-1900-01-04-0001.pdf" FIRST_ID="Ar00200" LAST_ID="Ad00437" NEXT_ID="" PREV_ID="Ar00436" TOC_ID="W:/Repository/GDL/1900/01/04/TOC.xml"/>
	<DataFiles>
		<Files TYPE="DOC_PDF" PRESENT="1"/>
		<Files TYPE="PAGE_PDF" PRESENT="1"/>
		<Files TYPE="DOC_IMG" PRESENT="0"/>
		<Files TYPE="PAGE_IMG" PRESENT="1"/>
		<Files TYPE="PAGE_VIEW_IMG" PRESENT="1"/>
		<Files TYPE="PAGE_PREVIEW_IMG" PRESENT="1"/>
		<Files TYPE="PRIMITIVE_IMG" PRESENT="1"/>
		<Files TYPE="SNIPPET_IMG" PRESENT="1"/>
		<Files TYPE="SEGMENTATION" PRESENT="1"/>
	</DataFiles>
	<Content>
		<Primitive BOX="1492 1311 1734 1459" ID="Ad0043700" E="N" SEQ_NO="1" TOC_ENTRY_ID="53" DEPTH_LEVEL="1">
			<L BOX="1511 1331 1716 1368" P="SA"/>
			<W BOX="1511 1331 1555 1368" STYLE_REF="76">ON</W>
			<W BOX="1570 1331 1716 1368" STYLE_REF="76">CHERCHE</W>
			<L BOX="1499 1368 1732 1385" P="S"/>
			<W BOX="1499 1368 1553 1385" STYLE_REF="14">comme</W>
			<W BOX="1560 1368 1607 1385" STYLE_REF="59">femme</W>
			<W BOX="1630 1368 1646 1385" STYLE_REF="59">de</W>
			<W BOX="1665 1368 1727 1385" STYLE_REF="59" NS="y">chambre</W>
			<W BOX="1727 1368 1732 1385" STYLE_REF="59">,</W>
			<L BOX="1499 1383 1731 1400"/>
			<W BOX="1499 1383 1526 1400" STYLE_REF="14">une</W>
			<W BOX="1533 1383 1575 1400" STYLE_REF="14">jeune</W>
			<W BOX="1584 1383 1611 1400" STYLE_REF="14">fille</W>
			<W BOX="1618 1383 1672 1400" STYLE_REF="14">aimant</W>
			<W BOX="1680 1383 1700 1400" STYLE_REF="14">les</W>
			<Q BOX="1708 1383 1725 1400" STYLE_REF="14" QID="1">en</Q>
			<Q BOX="1725 1383 1731 1400" STYLE_REF="14" QID="1">-</Q>
			<L BOX="1499 1397 1731 1415"/>
			<q BOX="1499 1397 1536 1415" STYLE_REF="14" QID="1">fants</q>
			<QW QID="1">enfants</QW>
			<W BOX="1545 1397 1558 1415" STYLE_REF="14">et</W>
			<W BOX="1566 1397 1608 1415" STYLE_REF="14">ayant</W>
			<W BOX="1617 1397 1634 1415" STYLE_REF="14">de</W>
			<W BOX="1643 1397 1696 1415" STYLE_REF="14">bonnes</W>
			<Q BOX="1710 1397 1724 1415" STYLE_REF="14" QID="2">re</Q>
			<Q BOX="1725 1397 1731 1415" STYLE_REF="14" QID="2">-</Q>
			<L BOX="1499 1412 1730 1430"/>
			<q BOX="1499 1412 1622 1430" STYLE_REF="14" NS="y" QID="2">commandations</q>
			<QW QID="2">recommandations</QW>
			<W BOX="1623 1412 1627 1430" STYLE_REF="14">.</W>
			<Q BOX="1653 1412 1663 1430" STYLE_REF="14" QID="3">S</Q>
			<Q BOX="1663 1412 1667 1430" STYLE_REF="14" QID="3">'</Q>
			<q BOX="1667 1412 1730 1430" STYLE_REF="14" QID="3">adresser</q>
			<QW QID="3">S'adresser</QW>
			<L BOX="1499 1427 1731 1444"/>
			<W BOX="1499 1427 1509 1444" STYLE_REF="59" NS="y">F</W>
			<W BOX="1509 1427 1514 1444" STYLE_REF="59">.</W>
			<W BOX="1522 1427 1532 1444" STYLE_REF="59" NS="y">A</W>
			<Q BOX="1532 1427 1537 1444" STYLE_REF="59" QID="4">.</Q>
			<q BOX="1537 1427 1541 1444" STYLE_REF="59" QID="4">,</q>
			<QW QID="4">.,</QW>
			<W BOX="1552 1427 1591 1444" STYLE_REF="14">poste</W>
			<W BOX="1603 1427 1666 1444" STYLE_REF="14" NS="y">restante</W>
			<W BOX="1667 1427 1672 1444" STYLE_REF="14">,</W>
			<Q BOX="1688 1427 1725 1444" STYLE_REF="59" QID="5">Terri</Q>
			<Q BOX="1725 1427 1731 1444" STYLE_REF="59" QID="5">-</Q>
			<L BOX="1500 1442 1733 1459"/>
			<Q BOX="1500 1442 1517 1459" STYLE_REF="59" QID="5">tet</Q>
			<Q BOX="1517 1442 1523 1459" STYLE_REF="59" LH="y" QID="5">-</Q>
			<q BOX="1523 1442 1593 1459" STYLE_REF="59" NS="y" QID="5">Montreux</q>
			<QW QID="5">Territet-Montreux</QW>
			<W BOX="1593 1442 1597 1459" STYLE_REF="59">.</W>
			<W BOX="1696 1442 1733 1459" STYLE_REF="14">125</W>
		</Primitive>
	</Content>
	<AdFrame>
		<Img BOX="1492 1311 1734 1459" ID="Ad0043701" HREF="/4/Img/Ad0043701.png" TOC_ENTRY_ID="53" SEQ_NO="0"/>
	</AdFrame>
</XMD-entity>