<?xml version="1.0" encoding="windows-1252" standalone="no"?>
<XMD-entity REPOSITORY_FORMAT="1.0" PRXML_VER="2.2" ENTITY_TYPE="Ad" DOC_UID="GDL_04/01/1900" DOC_VER="1" FIRST_TOC_ENTRY_ID="31" DEPTH_LEVEL="1" INDEX_IN_DOC="32" PAGE_NO="4" ID="Ad00401" BOX="63 306 2431 1033" LANGUAGE="French" SNP="Ad00401S.png" SNP_WIDTH="350" SNP_HEIGHT="108">
	<Meta NAME="Untitled Ad" DESCRIPTION="" SUBTYPE="" BASE_HREF="GDL/1900/01/04" SOURCE_TYPE="TIFF" PUBLICATION="GDL" SECTION="None" ISSUE_DATE="04/01/1900" WORDCNT="36" RELEASE_NO="103-GDL-1900-01-04-0001" PAGE_ID="" PAGE_TYPE="Single" PAGE_WIDTH="990" PAGE_HEIGHT="1356" DEFAULT_IMG_EXT="png" PDF_DESTINATION_MAPPED="OLV0_Entity_0004_0002" IMAGES_RESOLUTION="144" XMD_VER="2.6.241.4" PAGE_LABEL="4" TOTAL_CHARS_COUNT="78" SUSPICIOUS_CHARS_COUNT="0"/>
	<Link SOURCE="103-GDL-1900-01-04-0001.pdf" FIRST_ID="Ar00200" LAST_ID="Ad00437" NEXT_ID="Ad00402" PREV_ID="Ad00400" TOC_ID="W:/Repository/GDL/1900/01/04/TOC.xml"/>
	<DataFiles>
		<Files TYPE="DOC_PDF" PRESENT="1"/>
		<Files TYPE="PAGE_PDF" PRESENT="1"/>
		<Files TYPE="DOC_IMG" PRESENT="0"/>
		<Files TYPE="PAGE_IMG" PRESENT="1"/>
		<Files TYPE="PAGE_VIEW_IMG" PRESENT="1"/>
		<Files TYPE="PAGE_PREVIEW_IMG" PRESENT="1"/>
		<Files TYPE="PRIMITIVE_IMG" PRESENT="1"/>
		<Files TYPE="SNIPPET_IMG" PRESENT="1"/>
		<Files TYPE="SEGMENTATION" PRESENT="1"/>
	</DataFiles>
	<Content>
		<Primitive BOX="1321 560 1825 654" ID="Ad0040100" E="N" SEQ_NO="1" TOC_ENTRY_ID="31" DEPTH_LEVEL="1">
			<L BOX="1321 570 1827 660"/>
			<W BOX="1321 570 1369 660" STYLE_REF="1" NS="y">6</W>
			<W BOX="1369 570 1393 660" STYLE_REF="1">,</W>
			<W BOX="1444 570 1827 660" STYLE_REF="1">Lausanne</W>
		</Primitive>
		<Primitive BOX="1021 563 1268 664" ID="Ad0040101" E="N" SEQ_NO="2" TOC_ENTRY_ID="31" DEPTH_LEVEL="1">
			<L BOX="1020 570 1269 660"/>
			<W BOX="1020 570 1269 660" STYLE_REF="1">Bourg</W>
		</Primitive>
		<Primitive BOX="667 567 967 642" ID="Ad0040102" E="N" SEQ_NO="3" TOC_ENTRY_ID="31" DEPTH_LEVEL="1">
			<L BOX="667 570 975 660"/>
			<W BOX="667 570 832 660" STYLE_REF="1">Rue</W>
			<W BOX="883 570 975 660" STYLE_REF="1">de</W>
		</Primitive>
		<Primitive BOX="363 748 1731 833" ID="Ad0040103" E="N" SEQ_NO="4" TOC_ENTRY_ID="31" DEPTH_LEVEL="1">
			<L BOX="361 763 1760 847"/>
			<W BOX="361 763 609 847" STYLE_REF="1">GiffiM</W>
			<W BOX="697 763 885 847" STYLE_REF="1">fflflft</W>
			<W BOX="965 763 1046 847" STYLE_REF="1">M</W>
			<W BOX="1090 763 1330 847" STYLE_REF="1">RABAIS</W>
			<W BOX="1388 763 1562 847" STYLE_REF="1">POUR</W>
			<W BOX="1618 763 1760 847" STYLE_REF="1">FM</W>
		</Primitive>
		<Primitive BOX="1778 748 2157 820" ID="Ad0040104" E="N" SEQ_NO="5" TOC_ENTRY_ID="31" DEPTH_LEVEL="1">
			<L BOX="1778 763 2155 847"/>
			<W BOX="1778 763 1882 847" STYLE_REF="1">DE</W>
			<W BOX="1922 763 2155 847" STYLE_REF="1">SAISON</W>
		</Primitive>
		<Primitive BOX="1274 880 1737 949" ID="Ad0040105" E="N" SEQ_NO="6" TOC_ENTRY_ID="31" DEPTH_LEVEL="1">
			<L BOX="1226 880 1750 964"/>
			<W BOX="1226 880 1360 964" STYLE_REF="1">toutes</W>
			<W BOX="1383 880 1445 964" STYLE_REF="1">les</W>
			<W BOX="1467 880 1750 964" STYLE_REF="1">marchandises</W>
		</Primitive>
		<Primitive BOX="729 886 1237 964" ID="Ad0040106" E="N" SEQ_NO="7" TOC_ENTRY_ID="31" DEPTH_LEVEL="1">
			<L BOX="1134 880 1204 964"/>
			<W BOX="1134 880 1204 964" STYLE_REF="1">sur</W>
		</Primitive>
		<Primitive BOX="63 307 2432 1033" ID="Ad0040107" E="N" SEQ_NO="8" TOC_ENTRY_ID="31" DEPTH_LEVEL="1">
			<L BOX="1743 880 1759 964"/>
			<W BOX="1743 880 1759 964" STYLE_REF="58">.</W>
		</Primitive>
	</Content>
	<AdFrame>
		<Img BOX="63 307 2432 1033" ID="Ad0040108" HREF="/4/Img/Ad0040108.png" I_RES="46" TOC_ENTRY_ID="31" SEQ_NO="0"/>
	</AdFrame>
</XMD-entity>