<?xml version="1.0" encoding="windows-1252" standalone="no"?>
<XMD-PAGE REPOSITORY_FORMAT="1.0" PRXML_VER="2.2">
	<Meta SINGLE_PAGE_PDF_NAME="/Res/PDF/Pg0004_s_0004.pdf" ISSUE_DATE="04/01/1900" RELEASE_NO="103-GDL-1900-01-04-0001" PAGE_NO="4" NAME="" PAGE_LABEL="4" PAGE_TYPE="Single" PUBLISHER="Olive" PUBLICATION="GDL" SOURCE_TYPE="TIFF" SOURCE_RESOLUTION="72" IMAGES_RESOLUTION="144" PAGE_THUMBNAIL_RESOLUTION="57" PAGE_PREVIEW_RESOLUTION="14" DEFAULT_IMG_EXT="png" IMG_EXT="png" PREVIEW_IMG_EXT="png" XMD_VER="2.6.241.4" PROFILE_ID="W:\Batch\Profile\GDL-1900-01-04.ini" SECTION="None" PAGE_WIDTH="990" PAGE_HEIGHT="1356" PAGES_NUMBER="4" BASE_HREF="GDL/1900/01/04" PDF_DESTINATION_MAPPED="OLV0_Page_0004" TOTAL_CHARS_COUNT="2428" SUSPICIOUS_CHARS_COUNT="0">
		<Resolutions>
			<Resolution DEFAULT="true">57</Resolution>
			<Resolution>72</Resolution>
			<Resolution>144</Resolution>
		</Resolutions>
		<Links>
			<Lnk TYPE="URL" LNK_ID="LNK_4_0">
				<Target>http://anx.15t.mai</Target>
			</Lnk>
			<Lnk TYPE="URL" LNK_ID="LNK_4_1">
				<Target>http://jprinpipauxllbraires.de</Target>
			</Lnk>
			<Lnk TYPE="URL" LNK_ID="LNK_4_2">
				<Target>http://WWW.J</Target>
			</Lnk>
			<Lnk TYPE="URL" LNK_ID="LNK_4_3">
				<Target>http://Arr.de</Target>
			</Lnk>
			<Sources>
				<Box LNK_ID="LNK_4_0">148 488 190 496</Box>
				<Box LNK_ID="LNK_4_1">172 960 249 967</Box>
				<Box LNK_ID="LNK_4_2">145 1017 173 1023</Box>
				<Box LNK_ID="LNK_4_3">595 1190 621 1198</Box>
			</Sources>
		</Links>
	</Meta>
	<Link SOURCE="103-GDL-1900-01-04-0001.pdf" NEXT_SECTION="" PREV_SECTION="1"/>
	<DataFiles>
		<Files TYPE="DOC_PDF" PRESENT="1"/>
		<Files TYPE="PAGE_PDF" PRESENT="1"/>
		<Files TYPE="DOC_IMG" PRESENT="0"/>
		<Files TYPE="PAGE_IMG" PRESENT="1" BYTEORDER="little_endian" COMPRESSIONSCHEME="LZW" IMAGE_WIDTH="5210" IMAGE_HEIGHT="7135" COLORSPACE="BlackIsZero" BITSPERSAMPLE="8" SAMPLESPERPIXEL="1" XRESOLUTION_DPI="300" YRESOLUTION_DPI="300" MIMETYPE="image/tiff" IMG_EXT="tif" MEDIA_BOX="0 0 5209 7134" CROP_BOX="0 0 5209 7134"/>
		<Files TYPE="PAGE_VIEW_IMG" PRESENT="1"/>
		<Files TYPE="PAGE_PREVIEW_IMG" PRESENT="1"/>
		<Files TYPE="PRIMITIVE_IMG" PRESENT="1"/>
		<Files TYPE="SNIPPET_IMG" PRESENT="1"/>
		<Files TYPE="SEGMENTATION" PRESENT="1"/>
	</DataFiles>
	<Entity ENTITY_TYPE="Ad" FIRST_TOC_ENTRY_ID="30" INDEX_IN_DOC="31" DEPTH_LEVEL="1" ID="Ad00400" SIZE="Small" BOX="19 45 960 104" NEXT_SECTION="" PREV_SECTION="1" IMAGES_RESOLUTION="144" TOTAL_CHARS_COUNT="487" SUSPICIOUS_CHARS_COUNT="0" WORDCNT="222">
		<Name>Untitled Ad</Name>
		<Primitive ID="Ad0040000" BOX="604 54 685 95" ELEMENT_TYPE="Content" SEQ_NO="1" TOC_ENTRY_ID="30" DEPTH_LEVEL="1"/>
		<Primitive ID="Ad0040001" BOX="693 54 777 90" ELEMENT_TYPE="Content" SEQ_NO="2" TOC_ENTRY_ID="30" DEPTH_LEVEL="1"/>
		<Primitive ID="Ad0040002" BOX="785 54 872 90" ELEMENT_TYPE="Content" SEQ_NO="3" TOC_ENTRY_ID="30" DEPTH_LEVEL="1"/>
		<Primitive ID="Ad0040003" BOX="504 55 596 95" ELEMENT_TYPE="Content" SEQ_NO="4" TOC_ENTRY_ID="30" DEPTH_LEVEL="1"/>
		<Primitive ID="Ad0040004" BOX="38 56 489 96" ELEMENT_TYPE="Content" SEQ_NO="5" TOC_ENTRY_ID="30" DEPTH_LEVEL="1" E="N"/>
		<Primitive ID="Ad0040005" BOX="876 56 949 95" ELEMENT_TYPE="Content" SEQ_NO="6" TOC_ENTRY_ID="30" DEPTH_LEVEL="1"/>
		<Primitive ID="Ad0040006" BOX="19 45 960 104" ELEMENT_TYPE="Content" SEQ_NO="7" TOC_ENTRY_ID="30" DEPTH_LEVEL="1" E="N"/>
		<Primitive ID="Ad0040007" BOX="19 45 960 104" ELEMENT_TYPE="AdFrame" SEQ_NO="0" TOC_ENTRY_ID="30" DEPTH_LEVEL="1" I_RES="46"/>
	</Entity>
	<Entity ENTITY_TYPE="Ad" FIRST_TOC_ENTRY_ID="31" INDEX_IN_DOC="32" DEPTH_LEVEL="1" ID="Ad00401" SIZE="Large" BOX="25 121 962 409" NEXT_SECTION="" PREV_SECTION="1" IMAGES_RESOLUTION="144" TOTAL_CHARS_COUNT="78" SUSPICIOUS_CHARS_COUNT="0" WORDCNT="36">
		<Name>Untitled Ad</Name>
		<Primitive ID="Ad0040100" BOX="523 222 722 258" ELEMENT_TYPE="Content" SEQ_NO="1" TOC_ENTRY_ID="31" DEPTH_LEVEL="1" E="N"/>
		<Primitive ID="Ad0040101" BOX="404 224 502 262" ELEMENT_TYPE="Content" SEQ_NO="2" TOC_ENTRY_ID="31" DEPTH_LEVEL="1" E="N"/>
		<Primitive ID="Ad0040102" BOX="264 224 383 254" ELEMENT_TYPE="Content" SEQ_NO="3" TOC_ENTRY_ID="31" DEPTH_LEVEL="1" E="N"/>
		<Primitive ID="Ad0040103" BOX="143 296 685 330" ELEMENT_TYPE="Content" SEQ_NO="4" TOC_ENTRY_ID="31" DEPTH_LEVEL="1" E="N"/>
		<Primitive ID="Ad0040104" BOX="704 296 853 325" ELEMENT_TYPE="Content" SEQ_NO="5" TOC_ENTRY_ID="31" DEPTH_LEVEL="1" E="N"/>
		<Primitive ID="Ad0040105" BOX="504 348 688 376" ELEMENT_TYPE="Content" SEQ_NO="6" TOC_ENTRY_ID="31" DEPTH_LEVEL="1" E="N"/>
		<Primitive ID="Ad0040106" BOX="288 351 489 382" ELEMENT_TYPE="Content" SEQ_NO="7" TOC_ENTRY_ID="31" DEPTH_LEVEL="1" E="N"/>
		<Primitive ID="Ad0040107" BOX="25 121 962 409" ELEMENT_TYPE="Content" SEQ_NO="8" TOC_ENTRY_ID="31" DEPTH_LEVEL="1" E="N"/>
		<Primitive ID="Ad0040108" BOX="25 121 962 409" ELEMENT_TYPE="AdFrame" SEQ_NO="0" TOC_ENTRY_ID="31" DEPTH_LEVEL="1" I_RES="46"/>
	</Entity>
	<Entity ENTITY_TYPE="Ad" FIRST_TOC_ENTRY_ID="32" INDEX_IN_DOC="33" DEPTH_LEVEL="1" ID="Ad00402" SIZE="Small" BOX="17 406 116 510" NEXT_SECTION="" PREV_SECTION="1" IMAGES_RESOLUTION="144" TOTAL_CHARS_COUNT="0" SUSPICIOUS_CHARS_COUNT="0" WORDCNT="33">
		<Name>Untitled Ad</Name>
		<Primitive ID="Ad0040200" BOX="17 406 116 510" ELEMENT_TYPE="Content" SEQ_NO="1" TOC_ENTRY_ID="32" DEPTH_LEVEL="1" E="N"/>
		<Primitive ID="Ad0040201" BOX="17 406 116 510" ELEMENT_TYPE="AdFrame" SEQ_NO="0" TOC_ENTRY_ID="32" DEPTH_LEVEL="1"/>
	</Entity>
	<Entity ENTITY_TYPE="Ad" FIRST_TOC_ENTRY_ID="47" INDEX_IN_DOC="48" DEPTH_LEVEL="1" ID="Ad00403" SIZE="Small" BOX="337 1024 495 1231" NEXT_SECTION="" PREV_SECTION="1" IMAGES_RESOLUTION="144" TOTAL_CHARS_COUNT="0" SUSPICIOUS_CHARS_COUNT="0" WORDCNT="218">
		<Name>Untitled Ad</Name>
		<Primitive ID="Ad0040300" BOX="337 1024 495 1231" ELEMENT_TYPE="Content" SEQ_NO="1" TOC_ENTRY_ID="47" DEPTH_LEVEL="1" E="N"/>
		<Primitive ID="Ad0040301" BOX="337 1024 495 1231" ELEMENT_TYPE="AdFrame" SEQ_NO="0" TOC_ENTRY_ID="47" DEPTH_LEVEL="1"/>
	</Entity>
	<Entity ENTITY_TYPE="Article" FIRST_TOC_ENTRY_ID="41" INDEX_IN_DOC="42" DEPTH_LEVEL="1" ID="Ar00404" SIZE="Small" BOX="17 1024 180 1341" NEXT_SECTION="" PREV_SECTION="1" IMAGES_RESOLUTION="144" TOTAL_CHARS_COUNT="280" SUSPICIOUS_CHARS_COUNT="0" WORDCNT="117">
		<Name>Untitled Article</Name>
		<Primitive ID="Ar0040400" BOX="17 1024 180 1341" ELEMENT_TYPE="Content" SEQ_NO="0" TOC_ENTRY_ID="41" DEPTH_LEVEL="1"/>
	</Entity>
	<Entity ENTITY_TYPE="Article" FIRST_TOC_ENTRY_ID="45" INDEX_IN_DOC="46" DEPTH_LEVEL="1" ID="Ar00405" SIZE="Small" BOX="180 1024 337 1341" NEXT_SECTION="" PREV_SECTION="1" IMAGES_RESOLUTION="144" TOTAL_CHARS_COUNT="1050" SUSPICIOUS_CHARS_COUNT="0" WORDCNT="368">
		<Name>Untitled Article</Name>
		<Primitive ID="Ar0040500" BOX="180 1024 337 1341" ELEMENT_TYPE="Content" SEQ_NO="0" TOC_ENTRY_ID="45" DEPTH_LEVEL="1"/>
	</Entity>
	<Entity ENTITY_TYPE="Ad" FIRST_TOC_ENTRY_ID="37" INDEX_IN_DOC="38" DEPTH_LEVEL="1" ID="Ad00406" SIZE="Small" BOX="116 406 307 515" NEXT_SECTION="" PREV_SECTION="1" IMAGES_RESOLUTION="144" TOTAL_CHARS_COUNT="0" SUSPICIOUS_CHARS_COUNT="0" WORDCNT="86">
		<Name>Untitled Ad</Name>
		<Primitive ID="Ad0040600" BOX="116 406 307 515" ELEMENT_TYPE="Content" SEQ_NO="1" TOC_ENTRY_ID="37" DEPTH_LEVEL="1" E="N"/>
		<Primitive ID="Ad0040601" BOX="116 406 307 515" ELEMENT_TYPE="AdFrame" SEQ_NO="0" TOC_ENTRY_ID="37" DEPTH_LEVEL="1"/>
	</Entity>
	<Entity ENTITY_TYPE="Ad" FIRST_TOC_ENTRY_ID="42" INDEX_IN_DOC="43" DEPTH_LEVEL="1" ID="Ad00407" SIZE="Small" BOX="307 406 590 707" NEXT_SECTION="" PREV_SECTION="1" IMAGES_RESOLUTION="144" TOTAL_CHARS_COUNT="0" SUSPICIOUS_CHARS_COUNT="0" WORDCNT="368">
		<Name>Untitled Ad</Name>
		<Primitive ID="Ad0040700" BOX="307 406 590 707" ELEMENT_TYPE="Content" SEQ_NO="1" TOC_ENTRY_ID="42" DEPTH_LEVEL="1" E="N"/>
		<Primitive ID="Ad0040701" BOX="307 406 590 707" ELEMENT_TYPE="AdFrame" SEQ_NO="0" TOC_ENTRY_ID="42" DEPTH_LEVEL="1"/>
	</Entity>
	<Entity ENTITY_TYPE="Ad" FIRST_TOC_ENTRY_ID="52" INDEX_IN_DOC="53" DEPTH_LEVEL="1" ID="Ad00408" SIZE="Small" BOX="590 406 687 519" NEXT_SECTION="" PREV_SECTION="1" IMAGES_RESOLUTION="144" TOTAL_CHARS_COUNT="0" SUSPICIOUS_CHARS_COUNT="0" WORDCNT="50">
		<Name>Untitled Ad</Name>
		<Primitive ID="Ad0040800" BOX="590 406 687 519" ELEMENT_TYPE="Content" SEQ_NO="1" TOC_ENTRY_ID="52" DEPTH_LEVEL="1" E="N"/>
		<Primitive ID="Ad0040801" BOX="590 406 687 519" ELEMENT_TYPE="AdFrame" SEQ_NO="0" TOC_ENTRY_ID="52" DEPTH_LEVEL="1"/>
	</Entity>
	<Entity ENTITY_TYPE="Ad" FIRST_TOC_ENTRY_ID="58" INDEX_IN_DOC="59" DEPTH_LEVEL="1" ID="Ad00409" SIZE="Small" BOX="687 406 781 542" NEXT_SECTION="" PREV_SECTION="1" IMAGES_RESOLUTION="144" TOTAL_CHARS_COUNT="0" SUSPICIOUS_CHARS_COUNT="0" WORDCNT="83">
		<Name>Untitled Ad</Name>
		<Primitive ID="Ad0040900" BOX="687 406 781 542" ELEMENT_TYPE="Content" SEQ_NO="1" TOC_ENTRY_ID="58" DEPTH_LEVEL="1" E="N"/>
		<Primitive ID="Ad0040901" BOX="687 406 781 542" ELEMENT_TYPE="AdFrame" SEQ_NO="0" TOC_ENTRY_ID="58" DEPTH_LEVEL="1"/>
	</Entity>
	<Entity ENTITY_TYPE="Ad" FIRST_TOC_ENTRY_ID="60" INDEX_IN_DOC="61" DEPTH_LEVEL="1" ID="Ad00410" SIZE="Small" BOX="781 406 876 532" NEXT_SECTION="" PREV_SECTION="1" IMAGES_RESOLUTION="144" TOTAL_CHARS_COUNT="0" SUSPICIOUS_CHARS_COUNT="0" WORDCNT="55">
		<Name>Untitled Ad</Name>
		<Primitive ID="Ad0041000" BOX="781 406 876 532" ELEMENT_TYPE="Content" SEQ_NO="1" TOC_ENTRY_ID="60" DEPTH_LEVEL="1" E="N"/>
		<Primitive ID="Ad0041001" BOX="781 406 876 532" ELEMENT_TYPE="AdFrame" SEQ_NO="0" TOC_ENTRY_ID="60" DEPTH_LEVEL="1"/>
	</Entity>
	<Entity ENTITY_TYPE="Ad" FIRST_TOC_ENTRY_ID="66" INDEX_IN_DOC="67" DEPTH_LEVEL="1" ID="Ad00411" SIZE="Small" BOX="781 820 972 1024" NEXT_SECTION="" PREV_SECTION="1" IMAGES_RESOLUTION="144" TOTAL_CHARS_COUNT="0" SUSPICIOUS_CHARS_COUNT="0" WORDCNT="169">
		<Name>Untitled Ad</Name>
		<Primitive ID="Ad0041100" BOX="781 820 972 1024" ELEMENT_TYPE="Content" SEQ_NO="1" TOC_ENTRY_ID="66" DEPTH_LEVEL="1" E="N"/>
		<Primitive ID="Ad0041101" BOX="781 820 972 1024" ELEMENT_TYPE="AdFrame" SEQ_NO="0" TOC_ENTRY_ID="66" DEPTH_LEVEL="1"/>
	</Entity>
	<Entity ENTITY_TYPE="Ad" FIRST_TOC_ENTRY_ID="63" INDEX_IN_DOC="64" DEPTH_LEVEL="1" ID="Ad00412" SIZE="Small" BOX="876 406 972 499" NEXT_SECTION="" PREV_SECTION="1" IMAGES_RESOLUTION="144" TOTAL_CHARS_COUNT="0" SUSPICIOUS_CHARS_COUNT="0" WORDCNT="53">
		<Name>Untitled Ad</Name>
		<Primitive ID="Ad0041200" BOX="876 406 972 499" ELEMENT_TYPE="Content" SEQ_NO="1" TOC_ENTRY_ID="63" DEPTH_LEVEL="1" E="N"/>
		<Primitive ID="Ad0041201" BOX="876 406 972 499" ELEMENT_TYPE="AdFrame" SEQ_NO="0" TOC_ENTRY_ID="63" DEPTH_LEVEL="1"/>
	</Entity>
	<Entity ENTITY_TYPE="Ad" FIRST_TOC_ENTRY_ID="61" INDEX_IN_DOC="62" DEPTH_LEVEL="1" ID="Ad00413" SIZE="Small" BOX="781 532 876 820" NEXT_SECTION="" PREV_SECTION="1" IMAGES_RESOLUTION="144" TOTAL_CHARS_COUNT="0" SUSPICIOUS_CHARS_COUNT="0" WORDCNT="161">
		<Name>Untitled Ad</Name>
		<Primitive ID="Ad0041300" BOX="781 532 876 820" ELEMENT_TYPE="Content" SEQ_NO="1" TOC_ENTRY_ID="61" DEPTH_LEVEL="1" E="N"/>
		<Primitive ID="Ad0041301" BOX="781 532 876 820" ELEMENT_TYPE="AdFrame" SEQ_NO="0" TOC_ENTRY_ID="61" DEPTH_LEVEL="1"/>
	</Entity>
	<Entity ENTITY_TYPE="Ad" FIRST_TOC_ENTRY_ID="65" INDEX_IN_DOC="66" DEPTH_LEVEL="1" ID="Ad00414" SIZE="Small" BOX="876 564 972 820" NEXT_SECTION="" PREV_SECTION="1" IMAGES_RESOLUTION="144" TOTAL_CHARS_COUNT="0" SUSPICIOUS_CHARS_COUNT="0" WORDCNT="163">
		<Name>Untitled Ad</Name>
		<Primitive ID="Ad0041400" BOX="876 564 972 820" ELEMENT_TYPE="Content" SEQ_NO="1" TOC_ENTRY_ID="65" DEPTH_LEVEL="1" E="N"/>
		<Primitive ID="Ad0041401" BOX="876 564 972 820" ELEMENT_TYPE="AdFrame" SEQ_NO="0" TOC_ENTRY_ID="65" DEPTH_LEVEL="1"/>
	</Entity>
	<Entity ENTITY_TYPE="Ad" FIRST_TOC_ENTRY_ID="64" INDEX_IN_DOC="65" DEPTH_LEVEL="1" ID="Ad00415" SIZE="Small" BOX="876 499 972 564" NEXT_SECTION="" PREV_SECTION="1" IMAGES_RESOLUTION="144" TOTAL_CHARS_COUNT="0" SUSPICIOUS_CHARS_COUNT="0" WORDCNT="38">
		<Name>Untitled Ad</Name>
		<Primitive ID="Ad0041500" BOX="876 499 972 564" ELEMENT_TYPE="Content" SEQ_NO="1" TOC_ENTRY_ID="64" DEPTH_LEVEL="1" E="N"/>
		<Primitive ID="Ad0041501" BOX="876 499 972 564" ELEMENT_TYPE="AdFrame" SEQ_NO="0" TOC_ENTRY_ID="64" DEPTH_LEVEL="1"/>
	</Entity>
	<Entity ENTITY_TYPE="Ad" FIRST_TOC_ENTRY_ID="56" INDEX_IN_DOC="57" DEPTH_LEVEL="1" ID="Ad00416" SIZE="Small" BOX="594 823 688 1024" NEXT_SECTION="" PREV_SECTION="1" IMAGES_RESOLUTION="144" TOTAL_CHARS_COUNT="0" SUSPICIOUS_CHARS_COUNT="0" WORDCNT="129">
		<Name>Untitled Ad</Name>
		<Primitive ID="Ad0041600" BOX="594 823 688 1024" ELEMENT_TYPE="Content" SEQ_NO="1" TOC_ENTRY_ID="56" DEPTH_LEVEL="1" E="N"/>
		<Primitive ID="Ad0041601" BOX="594 823 688 1024" ELEMENT_TYPE="AdFrame" SEQ_NO="0" TOC_ENTRY_ID="56" DEPTH_LEVEL="1"/>
	</Entity>
	<Entity ENTITY_TYPE="Ad" FIRST_TOC_ENTRY_ID="55" INDEX_IN_DOC="56" DEPTH_LEVEL="1" ID="Ad00417" SIZE="Small" BOX="592 695 688 823" NEXT_SECTION="" PREV_SECTION="1" IMAGES_RESOLUTION="144" TOTAL_CHARS_COUNT="0" SUSPICIOUS_CHARS_COUNT="0" WORDCNT="57">
		<Name>Untitled Ad</Name>
		<Primitive ID="Ad0041700" BOX="592 695 688 823" ELEMENT_TYPE="Content" SEQ_NO="1" TOC_ENTRY_ID="55" DEPTH_LEVEL="1" E="N"/>
		<Primitive ID="Ad0041701" BOX="592 695 688 823" ELEMENT_TYPE="AdFrame" SEQ_NO="0" TOC_ENTRY_ID="55" DEPTH_LEVEL="1"/>
	</Entity>
	<Entity ENTITY_TYPE="Ad" FIRST_TOC_ENTRY_ID="54" INDEX_IN_DOC="55" DEPTH_LEVEL="1" ID="Ad00418" SIZE="Small" BOX="590 577 688 695" NEXT_SECTION="" PREV_SECTION="1" IMAGES_RESOLUTION="144" TOTAL_CHARS_COUNT="0" SUSPICIOUS_CHARS_COUNT="0" WORDCNT="62">
		<Name>Untitled Ad</Name>
		<Primitive ID="Ad0041800" BOX="590 577 688 695" ELEMENT_TYPE="Content" SEQ_NO="1" TOC_ENTRY_ID="54" DEPTH_LEVEL="1" E="N"/>
		<Primitive ID="Ad0041801" BOX="590 577 688 695" ELEMENT_TYPE="AdFrame" SEQ_NO="0" TOC_ENTRY_ID="54" DEPTH_LEVEL="1"/>
	</Entity>
	<Entity ENTITY_TYPE="Ad" FIRST_TOC_ENTRY_ID="43" INDEX_IN_DOC="44" DEPTH_LEVEL="1" ID="Ad00419" SIZE="Small" BOX="307 707 498 809" NEXT_SECTION="" PREV_SECTION="1" IMAGES_RESOLUTION="144" TOTAL_CHARS_COUNT="0" SUSPICIOUS_CHARS_COUNT="0" WORDCNT="0">
		<Name>Untitled Ad</Name>
		<Primitive ID="Ad0041900" BOX="307 707 498 809" ELEMENT_TYPE="Content" SEQ_NO="1" TOC_ENTRY_ID="43" DEPTH_LEVEL="1" E="N"/>
		<Primitive ID="Ad0041901" BOX="307 707 498 809" ELEMENT_TYPE="AdFrame" SEQ_NO="0" TOC_ENTRY_ID="43" DEPTH_LEVEL="1"/>
	</Entity>
	<Entity ENTITY_TYPE="Ad" FIRST_TOC_ENTRY_ID="49" INDEX_IN_DOC="50" DEPTH_LEVEL="1" ID="Ad00420" SIZE="Small" BOX="498 707 592 806" NEXT_SECTION="" PREV_SECTION="1" IMAGES_RESOLUTION="144" TOTAL_CHARS_COUNT="0" SUSPICIOUS_CHARS_COUNT="0" WORDCNT="44">
		<Name>Untitled Ad</Name>
		<Primitive ID="Ad0042000" BOX="498 707 592 806" ELEMENT_TYPE="Content" SEQ_NO="1" TOC_ENTRY_ID="49" DEPTH_LEVEL="1" E="N"/>
		<Primitive ID="Ad0042001" BOX="498 707 592 806" ELEMENT_TYPE="AdFrame" SEQ_NO="0" TOC_ENTRY_ID="49" DEPTH_LEVEL="1"/>
	</Entity>
	<Entity ENTITY_TYPE="Ad" FIRST_TOC_ENTRY_ID="44" INDEX_IN_DOC="45" DEPTH_LEVEL="1" ID="Ad00421" SIZE="Small" BOX="307 809 405 1024" NEXT_SECTION="" PREV_SECTION="1" IMAGES_RESOLUTION="144" TOTAL_CHARS_COUNT="0" SUSPICIOUS_CHARS_COUNT="0" WORDCNT="80">
		<Name>Untitled Ad</Name>
		<Primitive ID="Ad0042100" BOX="307 809 405 1024" ELEMENT_TYPE="Content" SEQ_NO="1" TOC_ENTRY_ID="44" DEPTH_LEVEL="1" E="N"/>
		<Primitive ID="Ad0042101" BOX="307 809 405 1024" ELEMENT_TYPE="AdFrame" SEQ_NO="0" TOC_ENTRY_ID="44" DEPTH_LEVEL="1"/>
	</Entity>
	<Entity ENTITY_TYPE="Ad" FIRST_TOC_ENTRY_ID="46" INDEX_IN_DOC="47" DEPTH_LEVEL="1" ID="Ad00422" SIZE="Small" BOX="405 809 498 1024" NEXT_SECTION="" PREV_SECTION="1" IMAGES_RESOLUTION="144" TOTAL_CHARS_COUNT="0" SUSPICIOUS_CHARS_COUNT="0" WORDCNT="87">
		<Name>Untitled Ad</Name>
		<Primitive ID="Ad0042200" BOX="405 809 498 1024" ELEMENT_TYPE="Content" SEQ_NO="1" TOC_ENTRY_ID="46" DEPTH_LEVEL="1" E="N"/>
		<Primitive ID="Ad0042201" BOX="405 809 498 1024" ELEMENT_TYPE="AdFrame" SEQ_NO="0" TOC_ENTRY_ID="46" DEPTH_LEVEL="1"/>
	</Entity>
	<Entity ENTITY_TYPE="Ad" FIRST_TOC_ENTRY_ID="51" INDEX_IN_DOC="52" DEPTH_LEVEL="1" ID="Ad00423" SIZE="Small" BOX="498 931 594 1024" NEXT_SECTION="" PREV_SECTION="1" IMAGES_RESOLUTION="144" TOTAL_CHARS_COUNT="0" SUSPICIOUS_CHARS_COUNT="0" WORDCNT="48">
		<Name>Untitled Ad</Name>
		<Primitive ID="Ad0042300" BOX="498 931 594 1024" ELEMENT_TYPE="Content" SEQ_NO="1" TOC_ENTRY_ID="51" DEPTH_LEVEL="1" E="N"/>
		<Primitive ID="Ad0042301" BOX="498 931 594 1024" ELEMENT_TYPE="AdFrame" SEQ_NO="0" TOC_ENTRY_ID="51" DEPTH_LEVEL="1"/>
	</Entity>
	<Entity ENTITY_TYPE="Ad" FIRST_TOC_ENTRY_ID="50" INDEX_IN_DOC="51" DEPTH_LEVEL="1" ID="Ad00424" SIZE="Small" BOX="498 806 594 931" NEXT_SECTION="" PREV_SECTION="1" IMAGES_RESOLUTION="144" TOTAL_CHARS_COUNT="0" SUSPICIOUS_CHARS_COUNT="0" WORDCNT="69">
		<Name>Untitled Ad</Name>
		<Primitive ID="Ad0042400" BOX="498 806 594 931" ELEMENT_TYPE="Content" SEQ_NO="1" TOC_ENTRY_ID="50" DEPTH_LEVEL="1" E="N"/>
		<Primitive ID="Ad0042401" BOX="498 806 594 931" ELEMENT_TYPE="AdFrame" SEQ_NO="0" TOC_ENTRY_ID="50" DEPTH_LEVEL="1"/>
	</Entity>
	<Entity ENTITY_TYPE="Ad" FIRST_TOC_ENTRY_ID="39" INDEX_IN_DOC="40" DEPTH_LEVEL="1" ID="Ad00425" SIZE="Small" BOX="116 653 307 835" NEXT_SECTION="" PREV_SECTION="1" IMAGES_RESOLUTION="144" TOTAL_CHARS_COUNT="0" SUSPICIOUS_CHARS_COUNT="0" WORDCNT="46">
		<Name>Untitled Ad</Name>
		<Primitive ID="Ad0042500" BOX="116 653 307 835" ELEMENT_TYPE="Content" SEQ_NO="1" TOC_ENTRY_ID="39" DEPTH_LEVEL="1" E="N"/>
		<Primitive ID="Ad0042501" BOX="116 653 307 835" ELEMENT_TYPE="AdFrame" SEQ_NO="0" TOC_ENTRY_ID="39" DEPTH_LEVEL="1"/>
	</Entity>
	<Entity ENTITY_TYPE="Ad" FIRST_TOC_ENTRY_ID="38" INDEX_IN_DOC="39" DEPTH_LEVEL="1" ID="Ad00426" SIZE="Small" BOX="116 515 307 653" NEXT_SECTION="" PREV_SECTION="1" IMAGES_RESOLUTION="144" TOTAL_CHARS_COUNT="0" SUSPICIOUS_CHARS_COUNT="0" WORDCNT="95">
		<Name>Untitled Ad</Name>
		<Primitive ID="Ad0042600" BOX="116 515 307 653" ELEMENT_TYPE="Content" SEQ_NO="1" TOC_ENTRY_ID="38" DEPTH_LEVEL="1" E="N"/>
		<Primitive ID="Ad0042601" BOX="116 515 307 653" ELEMENT_TYPE="AdFrame" SEQ_NO="0" TOC_ENTRY_ID="38" DEPTH_LEVEL="1"/>
	</Entity>
	<Entity ENTITY_TYPE="Ad" FIRST_TOC_ENTRY_ID="40" INDEX_IN_DOC="41" DEPTH_LEVEL="1" ID="Ad00427" SIZE="Small" BOX="116 835 307 1024" NEXT_SECTION="" PREV_SECTION="1" IMAGES_RESOLUTION="144" TOTAL_CHARS_COUNT="0" SUSPICIOUS_CHARS_COUNT="0" WORDCNT="173">
		<Name>Untitled Ad</Name>
		<Primitive ID="Ad0042700" BOX="116 835 307 1024" ELEMENT_TYPE="Content" SEQ_NO="1" TOC_ENTRY_ID="40" DEPTH_LEVEL="1" E="N"/>
		<Primitive ID="Ad0042701" BOX="116 835 307 1024" ELEMENT_TYPE="AdFrame" SEQ_NO="0" TOC_ENTRY_ID="40" DEPTH_LEVEL="1"/>
	</Entity>
	<Entity ENTITY_TYPE="Ad" FIRST_TOC_ENTRY_ID="36" INDEX_IN_DOC="37" DEPTH_LEVEL="1" ID="Ad00428" SIZE="Small" BOX="17 880 116 1024" NEXT_SECTION="" PREV_SECTION="1" IMAGES_RESOLUTION="144" TOTAL_CHARS_COUNT="0" SUSPICIOUS_CHARS_COUNT="0" WORDCNT="103">
		<Name>Untitled Ad</Name>
		<Primitive ID="Ad0042800" BOX="17 880 116 1024" ELEMENT_TYPE="Content" SEQ_NO="1" TOC_ENTRY_ID="36" DEPTH_LEVEL="1" E="N"/>
		<Primitive ID="Ad0042801" BOX="17 880 116 1024" ELEMENT_TYPE="AdFrame" SEQ_NO="0" TOC_ENTRY_ID="36" DEPTH_LEVEL="1"/>
	</Entity>
	<Entity ENTITY_TYPE="Ad" FIRST_TOC_ENTRY_ID="35" INDEX_IN_DOC="36" DEPTH_LEVEL="1" ID="Ad00429" SIZE="Small" BOX="17 763 116 880" NEXT_SECTION="" PREV_SECTION="1" IMAGES_RESOLUTION="144" TOTAL_CHARS_COUNT="0" SUSPICIOUS_CHARS_COUNT="0" WORDCNT="85">
		<Name>Untitled Ad</Name>
		<Primitive ID="Ad0042900" BOX="17 763 116 880" ELEMENT_TYPE="Content" SEQ_NO="1" TOC_ENTRY_ID="35" DEPTH_LEVEL="1" E="N"/>
		<Primitive ID="Ad0042901" BOX="17 763 116 880" ELEMENT_TYPE="AdFrame" SEQ_NO="0" TOC_ENTRY_ID="35" DEPTH_LEVEL="1"/>
	</Entity>
	<Entity ENTITY_TYPE="Ad" FIRST_TOC_ENTRY_ID="34" INDEX_IN_DOC="35" DEPTH_LEVEL="1" ID="Ad00430" SIZE="Small" BOX="17 627 116 763" NEXT_SECTION="" PREV_SECTION="1" IMAGES_RESOLUTION="144" TOTAL_CHARS_COUNT="0" SUSPICIOUS_CHARS_COUNT="0" WORDCNT="90">
		<Name>Untitled Ad</Name>
		<Primitive ID="Ad0043000" BOX="17 627 116 763" ELEMENT_TYPE="Content" SEQ_NO="1" TOC_ENTRY_ID="34" DEPTH_LEVEL="1" E="N"/>
		<Primitive ID="Ad0043001" BOX="17 627 116 763" ELEMENT_TYPE="AdFrame" SEQ_NO="0" TOC_ENTRY_ID="34" DEPTH_LEVEL="1"/>
	</Entity>
	<Entity ENTITY_TYPE="Ad" FIRST_TOC_ENTRY_ID="33" INDEX_IN_DOC="34" DEPTH_LEVEL="1" ID="Ad00431" SIZE="Small" BOX="17 510 116 627" NEXT_SECTION="" PREV_SECTION="1" IMAGES_RESOLUTION="144" TOTAL_CHARS_COUNT="0" SUSPICIOUS_CHARS_COUNT="0" WORDCNT="57">
		<Name>Untitled Ad</Name>
		<Primitive ID="Ad0043100" BOX="17 510 116 627" ELEMENT_TYPE="Content" SEQ_NO="1" TOC_ENTRY_ID="33" DEPTH_LEVEL="1" E="N"/>
		<Primitive ID="Ad0043101" BOX="17 510 116 627" ELEMENT_TYPE="AdFrame" SEQ_NO="0" TOC_ENTRY_ID="33" DEPTH_LEVEL="1"/>
	</Entity>
	<Entity ENTITY_TYPE="Ad" FIRST_TOC_ENTRY_ID="57" INDEX_IN_DOC="58" DEPTH_LEVEL="1" ID="Ad00432" SIZE="Small" BOX="495 1024 688 1341" NEXT_SECTION="" PREV_SECTION="1" IMAGES_RESOLUTION="144" TOTAL_CHARS_COUNT="0" SUSPICIOUS_CHARS_COUNT="0" WORDCNT="1032">
		<Name>Untitled Ad</Name>
		<Primitive ID="Ad0043200" BOX="495 1024 688 1341" ELEMENT_TYPE="Content" SEQ_NO="1" TOC_ENTRY_ID="57" DEPTH_LEVEL="1" E="N"/>
		<Primitive ID="Ad0043201" BOX="495 1024 688 1341" ELEMENT_TYPE="AdFrame" SEQ_NO="0" TOC_ENTRY_ID="57" DEPTH_LEVEL="1"/>
	</Entity>
	<Entity ENTITY_TYPE="Ad" FIRST_TOC_ENTRY_ID="62" INDEX_IN_DOC="63" DEPTH_LEVEL="1" ID="Ad00433" SIZE="Small" BOX="688 1024 785 1341" NEXT_SECTION="" PREV_SECTION="1" IMAGES_RESOLUTION="144" TOTAL_CHARS_COUNT="0" SUSPICIOUS_CHARS_COUNT="0" WORDCNT="174">
		<Name>Untitled Ad</Name>
		<Primitive ID="Ad0043300" BOX="688 1024 785 1341" ELEMENT_TYPE="Content" SEQ_NO="1" TOC_ENTRY_ID="62" DEPTH_LEVEL="1" E="N"/>
		<Primitive ID="Ad0043301" BOX="688 1024 785 1341" ELEMENT_TYPE="AdFrame" SEQ_NO="0" TOC_ENTRY_ID="62" DEPTH_LEVEL="1"/>
	</Entity>
	<Entity ENTITY_TYPE="Ad" FIRST_TOC_ENTRY_ID="67" INDEX_IN_DOC="68" DEPTH_LEVEL="1" ID="Ad00434" SIZE="Small" BOX="785 1024 972 1341" NEXT_SECTION="" PREV_SECTION="1" IMAGES_RESOLUTION="144" TOTAL_CHARS_COUNT="0" SUSPICIOUS_CHARS_COUNT="0" WORDCNT="1166">
		<Name>Untitled Ad</Name>
		<Primitive ID="Ad0043400" BOX="785 1024 972 1341" ELEMENT_TYPE="Content" SEQ_NO="1" TOC_ENTRY_ID="67" DEPTH_LEVEL="1" E="N"/>
		<Primitive ID="Ad0043401" BOX="785 1024 972 1341" ELEMENT_TYPE="AdFrame" SEQ_NO="0" TOC_ENTRY_ID="67" DEPTH_LEVEL="1"/>
	</Entity>
	<Entity ENTITY_TYPE="Ad" FIRST_TOC_ENTRY_ID="59" INDEX_IN_DOC="60" DEPTH_LEVEL="1" ID="Ad00435" SIZE="Small" BOX="687 542 781 1024" NEXT_SECTION="" PREV_SECTION="1" IMAGES_RESOLUTION="144" TOTAL_CHARS_COUNT="0" SUSPICIOUS_CHARS_COUNT="0" WORDCNT="337">
		<Name>Untitled Ad</Name>
		<Primitive ID="Ad0043500" BOX="687 542 781 1024" ELEMENT_TYPE="Content" SEQ_NO="1" TOC_ENTRY_ID="59" DEPTH_LEVEL="1" E="N"/>
		<Primitive ID="Ad0043501" BOX="687 542 781 1024" ELEMENT_TYPE="AdFrame" SEQ_NO="0" TOC_ENTRY_ID="59" DEPTH_LEVEL="1"/>
	</Entity>
	<Entity ENTITY_TYPE="Article" FIRST_TOC_ENTRY_ID="48" INDEX_IN_DOC="49" DEPTH_LEVEL="1" ID="Ar00436" SIZE="Small" BOX="337 1231 495 1341" NEXT_SECTION="" PREV_SECTION="1" IMAGES_RESOLUTION="144" TOTAL_CHARS_COUNT="533" SUSPICIOUS_CHARS_COUNT="0" WORDCNT="184">
		<Name>Untitled Article</Name>
		<Primitive ID="Ar0043600" BOX="337 1231 495 1341" ELEMENT_TYPE="Content" SEQ_NO="0" TOC_ENTRY_ID="48" DEPTH_LEVEL="1"/>
	</Entity>
	<Entity ENTITY_TYPE="Ad" FIRST_TOC_ENTRY_ID="53" INDEX_IN_DOC="54" DEPTH_LEVEL="1" ID="Ad00437" SIZE="Small" BOX="590 519 687 577" NEXT_SECTION="" PREV_SECTION="1" IMAGES_RESOLUTION="144" TOTAL_CHARS_COUNT="0" SUSPICIOUS_CHARS_COUNT="0" WORDCNT="29">
		<Name>Untitled Ad</Name>
		<Primitive ID="Ad0043700" BOX="590 519 687 577" ELEMENT_TYPE="Content" SEQ_NO="1" TOC_ENTRY_ID="53" DEPTH_LEVEL="1" E="N"/>
		<Primitive ID="Ad0043701" BOX="590 519 687 577" ELEMENT_TYPE="AdFrame" SEQ_NO="0" TOC_ENTRY_ID="53" DEPTH_LEVEL="1"/>
	</Entity>
</XMD-PAGE>
