<?xml version="1.0" encoding="windows-1252" standalone="no"?>
<XMD-entity REPOSITORY_FORMAT="1.0" PRXML_VER="2.2" ENTITY_TYPE="Article" DOC_UID="IMP_03/03/2012" DOC_VER="1" FIRST_TOC_ENTRY_ID="126" DEPTH_LEVEL="1" INDEX_IN_DOC="126" PAGE_NO="17" ID="Ar01702" BOX="54 2234 875 2300" LANGUAGE="French" SNP="Ar01702S.png" SNP_WIDTH="822" SNP_HEIGHT="65">
	<Meta NAME="Untitled Article" DESCRIPTION="" SUBTYPE="" BASE_HREF="IMP/2012/03/03" SOURCE_TYPE="TIFF" PUBLICATION="IMP" SECTION="Front Page" ISSUE_DATE="03/03/2012" WORDCNT="7" RELEASE_NO="113-IMP-2012-03-03-0001" PAGE_ID="" PAGE_TYPE="Single" PAGE_WIDTH="879" PAGE_HEIGHT="1304" DEFAULT_IMG_EXT="png" PDF_DESTINATION_MAPPED="OLV0_Entity_0017_0003" IMAGES_RESOLUTION="144" XMD_VER="2.6.241.4" PAGE_LABEL="17" TOTAL_CHARS_COUNT="23" SUSPICIOUS_CHARS_COUNT="0"/>
	<Link SOURCE="113-IMP-2012-03-03-0001.pdf" FIRST_ID="Ar00100" LAST_ID="Pc03613" NEXT_ID="Pc01703" PREV_ID="Ar01701" TOC_ID="W:/Repository/IMP/2012/03/03/TOC.xml"/>
	<DataFiles>
		<Files TYPE="DOC_PDF" PRESENT="1"/>
		<Files TYPE="PAGE_PDF" PRESENT="0"/>
		<Files TYPE="DOC_IMG" PRESENT="0"/>
		<Files TYPE="PAGE_IMG" PRESENT="0"/>
		<Files TYPE="PAGE_VIEW_IMG" PRESENT="1"/>
		<Files TYPE="PAGE_PREVIEW_IMG" PRESENT="1"/>
		<Files TYPE="PRIMITIVE_IMG" PRESENT="1"/>
		<Files TYPE="SNIPPET_IMG" PRESENT="1"/>
		<Files TYPE="SEGMENTATION" PRESENT="0"/>
	</DataFiles>
	<Content>
		<Primitive BOX="54 2234 875 2300" ID="Ar0170200" SEQ_NO="0" TOC_ENTRY_ID="126" DEPTH_LEVEL="1">
			<L BOX="68 2249 856 2283"/>
			<W BOX="68 2249 174 2282" STYLE_REF="18">HAGAR</W>
			<W BOX="181 2249 289 2282" STYLE_REF="18">DUNOR</W>
			<W BOX="296 2249 330 2282" STYLE_REF="18">LE</W>
			<W BOX="338 2249 441 2282" STYLE_REF="18">VIKING</W>
			<W BOX="764 2249 784 2283" STYLE_REF="262" NS="y">N</W>
			<W BOX="784 2249 796 2283" STYLE_REF="262">�</W>
			<W BOX="804 2249 856 2283" STYLE_REF="262">208</W>
		</Primitive>
	</Content>
	<Picture-Content ID_REF="Pc01703"/>
</XMD-entity>