<?xml version="1.0" encoding="windows-1252" standalone="no"?>
<XMD-entity REPOSITORY_FORMAT="1.0" PRXML_VER="2.2" ENTITY_TYPE="Picture" FIRST_TOC_ENTRY_ID="127" DEPTH_LEVEL="2" INDEX_IN_DOC="127" PAGE_NO="17" ID="Pc01703" BOX="52 2295 865 2559" LANGUAGE="French" SNP="Pc01703S.jpg" SNP_WIDTH="350" SNP_HEIGHT="114">
	<Meta NAME="Untitled Picture" DESCRIPTION="" SUBTYPE="" BASE_HREF="IMP/2012/03/03" SOURCE_TYPE="TIFF" PUBLICATION="IMP" SECTION="Front Page" ISSUE_DATE="03/03/2012" WORDCNT="0" RELEASE_NO="113-IMP-2012-03-03-0001" PAGE_ID="" PAGE_TYPE="Single" PAGE_WIDTH="879" PAGE_HEIGHT="1304" DEFAULT_IMG_EXT="png" PDF_DESTINATION_MAPPED="OLV0_Entity_0017_0004" IMAGES_RESOLUTION="144" EMBEDDED_INTO="Ar01702" EMBEDDED_AFTER="Ar0170200" XMD_VER="2.6.241.4" PAGE_LABEL="17" TOTAL_CHARS_COUNT="0" SUSPICIOUS_CHARS_COUNT="0"/>
	<Link SOURCE="113-IMP-2012-03-03-0001.pdf" FIRST_ID="Ar00100" LAST_ID="Pc03613" NEXT_ID="Ad01704" PREV_ID="Ar01702" TOC_ID="W:/Repository/IMP/2012/03/03/TOC.xml"/>
	<DataFiles>
		<Files TYPE="DOC_PDF" PRESENT="1"/>
		<Files TYPE="PAGE_PDF" PRESENT="0"/>
		<Files TYPE="DOC_IMG" PRESENT="0"/>
		<Files TYPE="PAGE_IMG" PRESENT="0"/>
		<Files TYPE="PAGE_VIEW_IMG" PRESENT="1"/>
		<Files TYPE="PAGE_PREVIEW_IMG" PRESENT="1"/>
		<Files TYPE="PRIMITIVE_IMG" PRESENT="1"/>
		<Files TYPE="SNIPPET_IMG" PRESENT="1"/>
		<Files TYPE="SEGMENTATION" PRESENT="0"/>
	</DataFiles>
	<Picture>
		<Img BOX="52 2295 865 2559" ID="Pc0170300" IMG_EXT="jpg" HREF="/17/Img/Pc0170300.jpg" TOC_ENTRY_ID="127" SEQ_NO="0"/>
	</Picture>
</XMD-entity>