<?xml version="1.0" encoding="windows-1252" standalone="no"?>
<XMD-PAGE REPOSITORY_FORMAT="1.0" PRXML_VER="2.2">
	<Meta ISSUE_DATE="03/03/2012" RELEASE_NO="113-IMP-2012-03-03-0001" PAGE_NO="17" NAME="" PAGE_LABEL="17" PAGE_TYPE="Single" PUBLISHER="Olive" PUBLICATION="IMP" SOURCE_TYPE="TIFF" SOURCE_RESOLUTION="72" IMAGES_RESOLUTION="144" PAGE_THUMBNAIL_RESOLUTION="72" PAGE_PREVIEW_RESOLUTION="15" DEFAULT_IMG_EXT="png" IMG_EXT="png" PREVIEW_IMG_EXT="png" XMD_VER="2.6.241.4" PROFILE_ID="W:\Batch\Profile\IMP-2012-03-03.ini" SECTION="Front Page" PAGE_WIDTH="879" PAGE_HEIGHT="1304" PAGES_NUMBER="36" BASE_HREF="IMP/2012/03/03" PDF_DESTINATION_MAPPED="OLV0_Page_0017" TOTAL_CHARS_COUNT="13055" SUSPICIOUS_CHARS_COUNT="0">
		<Resolutions>
			<Resolution DEFAULT="true">72</Resolution>
			<Resolution>120</Resolution>
			<Resolution>144</Resolution>
		</Resolutions>
		<Links>
			<Lnk TYPE="URL" LNK_ID="LNK_17_0">
				<Target>www.citroen.ch</Target>
			</Lnk>
			<Sources>
				<Box LNK_ID="LNK_17_0">732 163 765 170</Box>
			</Sources>
		</Links>
	</Meta>
	<Link SOURCE="113-IMP-2012-03-03-0001.pdf" NEXT_SECTION="" PREV_SECTION=""/>
	<DataFiles>
		<Files TYPE="DOC_PDF" PRESENT="1"/>
		<Files TYPE="PAGE_PDF" PRESENT="0"/>
		<Files TYPE="DOC_IMG" PRESENT="0"/>
		<Files TYPE="PAGE_IMG" PRESENT="0"/>
		<Files TYPE="PAGE_VIEW_IMG" PRESENT="1"/>
		<Files TYPE="PAGE_PREVIEW_IMG" PRESENT="1"/>
		<Files TYPE="PRIMITIVE_IMG" PRESENT="1"/>
		<Files TYPE="SNIPPET_IMG" PRESENT="1"/>
		<Files TYPE="SEGMENTATION" PRESENT="0"/>
	</DataFiles>
	<Entity ENTITY_TYPE="Article" FIRST_TOC_ENTRY_ID="130" INDEX_IN_DOC="130" DEPTH_LEVEL="1" ID="Ar01700" SIZE="Large" BOX="442 748 849 1279" NEXT_SECTION="" PREV_SECTION="" IMAGES_RESOLUTION="144" TOTAL_CHARS_COUNT="2492" SUSPICIOUS_CHARS_COUNT="0" WORDCNT="675">
		<Name>AGENDA</Name>
		<Primitive ID="Ar0170000" BOX="447 825 556 867" ELEMENT_TYPE="HedLine_hl1" SEQ_NO="6" TOC_ENTRY_ID="130" DEPTH_LEVEL="1"/>
		<Primitive ID="Ar0170001" BOX="442 883 570 1125" ELEMENT_TYPE="Content" SEQ_NO="0" TOC_ENTRY_ID="130" DEPTH_LEVEL="1"/>
		<Primitive ID="Ar0170002" BOX="442 1126 569 1279" ELEMENT_TYPE="Content" SEQ_NO="1" TOC_ENTRY_ID="130" DEPTH_LEVEL="1"/>
		<Primitive ID="Ar0170003" BOX="584 748 711 999" ELEMENT_TYPE="Content" SEQ_NO="2" TOC_ENTRY_ID="130" DEPTH_LEVEL="1"/>
		<Primitive ID="Ar0170004" BOX="584 1010 711 1276" ELEMENT_TYPE="Content" SEQ_NO="3" TOC_ENTRY_ID="130" DEPTH_LEVEL="1"/>
		<Primitive ID="Ar0170005" BOX="723 754 849 1008" ELEMENT_TYPE="Content" SEQ_NO="4" TOC_ENTRY_ID="130" DEPTH_LEVEL="1"/>
		<Primitive ID="Ar0170006" BOX="723 1019 843 1276" ELEMENT_TYPE="Content" SEQ_NO="5" TOC_ENTRY_ID="130" DEPTH_LEVEL="1"/>
	</Entity>
	<Entity ENTITY_TYPE="Article" FIRST_TOC_ENTRY_ID="124" INDEX_IN_DOC="124" DEPTH_LEVEL="1" ID="Ar01701" SIZE="XLarge" BOX="17 137 438 1110" NEXT_SECTION="" PREV_SECTION="" IMAGES_RESOLUTION="144" TOTAL_CHARS_COUNT="7875" SUSPICIOUS_CHARS_COUNT="0" WORDCNT="1942">
		<Name>CIN�MA</Name>
		<Primitive ID="Ar0170100" BOX="30 213 131 255" ELEMENT_TYPE="HedLine_hl1" SEQ_NO="12" TOC_ENTRY_ID="124" DEPTH_LEVEL="1"/>
		<Primitive ID="Ar0170101" BOX="17 263 163 523" ELEMENT_TYPE="Content" SEQ_NO="0" TOC_ENTRY_ID="124" DEPTH_LEVEL="1"/>
		<Primitive ID="Ar0170102" BOX="25 522 160 734" ELEMENT_TYPE="Content" SEQ_NO="1" TOC_ENTRY_ID="124" DEPTH_LEVEL="1"/>
		<Primitive ID="Ar0170103" BOX="24 734 160 980" ELEMENT_TYPE="Content" SEQ_NO="2" TOC_ENTRY_ID="124" DEPTH_LEVEL="1"/>
		<Primitive ID="Ar0170104" BOX="24 981 160 1110" ELEMENT_TYPE="Content" SEQ_NO="3" TOC_ENTRY_ID="124" DEPTH_LEVEL="1"/>
		<Primitive ID="Ar0170105" BOX="163 137 299 388" ELEMENT_TYPE="Content" SEQ_NO="4" TOC_ENTRY_ID="124" DEPTH_LEVEL="1"/>
		<Primitive ID="Ar0170106" BOX="163 389 299 651" ELEMENT_TYPE="Content" SEQ_NO="5" TOC_ENTRY_ID="124" DEPTH_LEVEL="1"/>
		<Primitive ID="Ar0170107" BOX="163 651 299 854" ELEMENT_TYPE="Content" SEQ_NO="6" TOC_ENTRY_ID="124" DEPTH_LEVEL="1"/>
		<Primitive ID="Ar0170108" BOX="163 854 299 1110" ELEMENT_TYPE="Content" SEQ_NO="7" TOC_ENTRY_ID="124" DEPTH_LEVEL="1"/>
		<Primitive ID="Ar0170109" BOX="302 137 438 413" ELEMENT_TYPE="Content" SEQ_NO="8" TOC_ENTRY_ID="124" DEPTH_LEVEL="1"/>
		<Primitive ID="Ar0170110" BOX="302 414 438 613" ELEMENT_TYPE="Content" SEQ_NO="9" TOC_ENTRY_ID="124" DEPTH_LEVEL="1"/>
		<Primitive ID="Ar0170111" BOX="302 614 438 879" ELEMENT_TYPE="Content" SEQ_NO="10" TOC_ENTRY_ID="124" DEPTH_LEVEL="1"/>
		<Primitive ID="Ar0170112" BOX="302 879 438 1108" ELEMENT_TYPE="Content" SEQ_NO="11" TOC_ENTRY_ID="124" DEPTH_LEVEL="1"/>
	</Entity>
	<Entity ENTITY_TYPE="Article" FIRST_TOC_ENTRY_ID="126" INDEX_IN_DOC="126" DEPTH_LEVEL="1" ID="Ar01702" SIZE="Small" BOX="27 1117 437 1150" NEXT_SECTION="" PREV_SECTION="" IMAGES_RESOLUTION="144" TOTAL_CHARS_COUNT="23" SUSPICIOUS_CHARS_COUNT="0" WORDCNT="7">
		<Name>Untitled Article</Name>
		<Primitive ID="Ar0170200" BOX="27 1117 437 1150" ELEMENT_TYPE="Content" SEQ_NO="0" TOC_ENTRY_ID="126" DEPTH_LEVEL="1"/>
	</Entity>
	<Entity ENTITY_TYPE="Picture" FIRST_TOC_ENTRY_ID="127" INDEX_IN_DOC="127" DEPTH_LEVEL="2" ID="Pc01703" SIZE="Small" BOX="26 1148 433 1279" NEXT_SECTION="" PREV_SECTION="" EMBEDDED_INTO="Ar01702" EMBEDDED_AFTER="Ar0170200" IMAGES_RESOLUTION="144" TOTAL_CHARS_COUNT="0" SUSPICIOUS_CHARS_COUNT="0" WORDCNT="0">
		<Name>Untitled Picture</Name>
		<Primitive ID="Pc0170300" BOX="26 1148 433 1279" ELEMENT_TYPE="Picture" SEQ_NO="0" TOC_ENTRY_ID="127" DEPTH_LEVEL="2" IMG_EXT="jpg"/>
	</Entity>
	<Entity ENTITY_TYPE="Ad" FIRST_TOC_ENTRY_ID="128" INDEX_IN_DOC="128" DEPTH_LEVEL="1" ID="Ad01704" SIZE="Medium" BOX="441 133 852 325" NEXT_SECTION="" PREV_SECTION="" IMAGES_RESOLUTION="144" TOTAL_CHARS_COUNT="497" SUSPICIOUS_CHARS_COUNT="0" WORDCNT="215">
		<Name>Untitled Ad</Name>
		<Primitive ID="Ad0170400" BOX="445 141 465 147" ELEMENT_TYPE="Content" SEQ_NO="1" TOC_ENTRY_ID="128" DEPTH_LEVEL="1"/>
		<Primitive ID="Ad0170401" BOX="582 162 765 185" ELEMENT_TYPE="Content" SEQ_NO="2" TOC_ENTRY_ID="128" DEPTH_LEVEL="1"/>
		<Primitive ID="Ad0170402" BOX="668 199 731 218" ELEMENT_TYPE="Content" SEQ_NO="3" TOC_ENTRY_ID="128" DEPTH_LEVEL="1"/>
		<Primitive ID="Ad0170403" BOX="586 221 656 240" ELEMENT_TYPE="Content" SEQ_NO="4" TOC_ENTRY_ID="128" DEPTH_LEVEL="1"/>
		<Primitive ID="Ad0170404" BOX="448 276 765 284" ELEMENT_TYPE="Content" SEQ_NO="5" TOC_ENTRY_ID="128" DEPTH_LEVEL="1" E="N"/>
		<Primitive ID="Ad0170405" BOX="450 291 622 315" ELEMENT_TYPE="Content" SEQ_NO="6" TOC_ENTRY_ID="128" DEPTH_LEVEL="1" E="N"/>
		<Primitive ID="Ad0170406" BOX="647 291 845 315" ELEMENT_TYPE="Content" SEQ_NO="7" TOC_ENTRY_ID="128" DEPTH_LEVEL="1" E="N"/>
		<Primitive ID="Ad0170407" BOX="441 133 852 325" ELEMENT_TYPE="Content" SEQ_NO="8" TOC_ENTRY_ID="128" DEPTH_LEVEL="1" E="N"/>
		<Primitive ID="Ad0170408" BOX="441 133 852 325" ELEMENT_TYPE="AdFrame" SEQ_NO="0" TOC_ENTRY_ID="128" DEPTH_LEVEL="1" I_RES="134"/>
	</Entity>
	<Entity ENTITY_TYPE="Picture" FIRST_TOC_ENTRY_ID="125" INDEX_IN_DOC="125" DEPTH_LEVEL="2" ID="Pc01705" SIZE="Small" BOX="21 138 121 205" NEXT_SECTION="" PREV_SECTION="" EMBEDDED_INTO="Ar01701" EMBEDDED_AFTER="Ar0170101" IMAGES_RESOLUTION="144" TOTAL_CHARS_COUNT="0" SUSPICIOUS_CHARS_COUNT="0" WORDCNT="0">
		<Name>Untitled Picture</Name>
		<Primitive ID="Pc0170500" BOX="21 138 121 205" ELEMENT_TYPE="Picture" SEQ_NO="0" TOC_ENTRY_ID="125" DEPTH_LEVEL="2" IMG_EXT="jpg"/>
	</Entity>
	<Entity ENTITY_TYPE="Picture" FIRST_TOC_ENTRY_ID="131" INDEX_IN_DOC="131" DEPTH_LEVEL="2" ID="Pc01706" SIZE="Small" BOX="447 749 541 818" NEXT_SECTION="" PREV_SECTION="" EMBEDDED_INTO="Ar01700" EMBEDDED_AFTER="Ar0170001" IMAGES_RESOLUTION="144" TOTAL_CHARS_COUNT="0" SUSPICIOUS_CHARS_COUNT="0" WORDCNT="0">
		<Name>Untitled Picture</Name>
		<Primitive ID="Pc0170600" BOX="447 749 541 818" ELEMENT_TYPE="Picture" SEQ_NO="0" TOC_ENTRY_ID="131" DEPTH_LEVEL="2" IMG_EXT="jpg"/>
	</Entity>
	<Entity ENTITY_TYPE="Article" FIRST_TOC_ENTRY_ID="129" INDEX_IN_DOC="129" DEPTH_LEVEL="1" ID="Ar01707" SIZE="Medium" BOX="442 336 850 736" NEXT_SECTION="" PREV_SECTION="" IMAGES_RESOLUTION="144" TOTAL_CHARS_COUNT="2168" SUSPICIOUS_CHARS_COUNT="0" WORDCNT="776">
		<Name>R�GION</Name>
		<Primitive ID="Ar0170700" BOX="443 336 570 362" ELEMENT_TYPE="HedLine_hl1" SEQ_NO="6" TOC_ENTRY_ID="129" DEPTH_LEVEL="1"/>
		<Primitive ID="Ar0170701" BOX="443 362 570 665" ELEMENT_TYPE="Content" SEQ_NO="0" TOC_ENTRY_ID="129" DEPTH_LEVEL="1"/>
		<Primitive ID="Ar0170702" BOX="442 671 566 734" ELEMENT_TYPE="Content" SEQ_NO="1" TOC_ENTRY_ID="129" DEPTH_LEVEL="1"/>
		<Primitive ID="Ar0170703" BOX="584 338 707 550" ELEMENT_TYPE="Content" SEQ_NO="2" TOC_ENTRY_ID="129" DEPTH_LEVEL="1"/>
		<Primitive ID="Ar0170704" BOX="584 558 709 736" ELEMENT_TYPE="Content" SEQ_NO="3" TOC_ENTRY_ID="129" DEPTH_LEVEL="1"/>
		<Primitive ID="Ar0170705" BOX="723 341 845 563" ELEMENT_TYPE="Content" SEQ_NO="4" TOC_ENTRY_ID="129" DEPTH_LEVEL="1"/>
		<Primitive ID="Ar0170706" BOX="723 571 850 731" ELEMENT_TYPE="Content" SEQ_NO="5" TOC_ENTRY_ID="129" DEPTH_LEVEL="1"/>
	</Entity>
</XMD-PAGE>