<?xml version="1.0" encoding="windows-1252" standalone="no"?>
<XMD-PAGE REPOSITORY_FORMAT="1.0" PRXML_VER="2.2">
	<Meta ISSUE_DATE="03/03/2012" RELEASE_NO="113-IMP-2012-03-03-0001" PAGE_NO="26" NAME="" PAGE_LABEL="26" PAGE_TYPE="Single" PUBLISHER="Olive" PUBLICATION="IMP" SOURCE_TYPE="TIFF" SOURCE_RESOLUTION="72" IMAGES_RESOLUTION="144" PAGE_THUMBNAIL_RESOLUTION="72" PAGE_PREVIEW_RESOLUTION="15" DEFAULT_IMG_EXT="png" IMG_EXT="png" PREVIEW_IMG_EXT="png" XMD_VER="2.6.241.4" PROFILE_ID="W:\Batch\Profile\IMP-2012-03-03.ini" SECTION="Front Page" PAGE_WIDTH="879" PAGE_HEIGHT="1304" PAGES_NUMBER="36" BASE_HREF="IMP/2012/03/03" PDF_DESTINATION_MAPPED="OLV0_Page_0026" TOTAL_CHARS_COUNT="5716" SUSPICIOUS_CHARS_COUNT="0">
		<Resolutions>
			<Resolution DEFAULT="true">72</Resolution>
			<Resolution>120</Resolution>
			<Resolution>144</Resolution>
		</Resolutions>
		<Links>
			<Lnk TYPE="URL" LNK_ID="LNK_26_0">
				<Target>www.precitrame.com</Target>
			</Lnk>
			<Lnk TYPE="EML" LNK_ID="LNK_26_1">
				<Target>rudolf.maurer@holcim.com</Target>
			</Lnk>
			<Lnk TYPE="URL" LNK_ID="LNK_26_2">
				<Target>www.publicitas.ch</Target>
			</Lnk>
			<Sources>
				<Box LNK_ID="LNK_26_0">708 482 810 492</Box>
				<Box LNK_ID="LNK_26_1">70 574 171 583</Box>
				<Box LNK_ID="LNK_26_2">55 1214 148 1224</Box>
			</Sources>
		</Links>
	</Meta>
	<Link SOURCE="113-IMP-2012-03-03-0001.pdf" NEXT_SECTION="" PREV_SECTION=""/>
	<DataFiles>
		<Files TYPE="DOC_PDF" PRESENT="1"/>
		<Files TYPE="PAGE_PDF" PRESENT="0"/>
		<Files TYPE="DOC_IMG" PRESENT="0"/>
		<Files TYPE="PAGE_IMG" PRESENT="0"/>
		<Files TYPE="PAGE_VIEW_IMG" PRESENT="1"/>
		<Files TYPE="PAGE_PREVIEW_IMG" PRESENT="1"/>
		<Files TYPE="PRIMITIVE_IMG" PRESENT="1"/>
		<Files TYPE="SNIPPET_IMG" PRESENT="1"/>
		<Files TYPE="SEGMENTATION" PRESENT="0"/>
	</DataFiles>
	<Entity ENTITY_TYPE="Ad" FIRST_TOC_ENTRY_ID="208" INDEX_IN_DOC="208" DEPTH_LEVEL="1" ID="Ad02600" SIZE="Large" BOX="33 136 436 727" NEXT_SECTION="" PREV_SECTION="" IMAGES_RESOLUTION="144" TOTAL_CHARS_COUNT="1390" SUSPICIOUS_CHARS_COUNT="0" WORDCNT="589">
		<Name>Untitled Ad</Name>
		<Primitive ID="Ad0260000" BOX="70 229 398 270" ELEMENT_TYPE="Content" SEQ_NO="1" TOC_ENTRY_ID="208" DEPTH_LEVEL="1" E="N"/>
		<Primitive ID="Ad0260001" BOX="70 278 394 299" ELEMENT_TYPE="Content" SEQ_NO="2" TOC_ENTRY_ID="208" DEPTH_LEVEL="1"/>
		<Primitive ID="Ad0260002" BOX="70 315 146 324" ELEMENT_TYPE="Content" SEQ_NO="3" TOC_ENTRY_ID="208" DEPTH_LEVEL="1"/>
		<Primitive ID="Ad0260003" BOX="243 315 286 324" ELEMENT_TYPE="Content" SEQ_NO="4" TOC_ENTRY_ID="208" DEPTH_LEVEL="1"/>
		<Primitive ID="Ad0260004" BOX="70 325 74 335" ELEMENT_TYPE="Content" SEQ_NO="5" TOC_ENTRY_ID="208" DEPTH_LEVEL="1"/>
		<Primitive ID="Ad0260005" BOX="81 325 225 428" ELEMENT_TYPE="Content" SEQ_NO="6" TOC_ENTRY_ID="208" DEPTH_LEVEL="1"/>
		<Primitive ID="Ad0260006" BOX="243 325 247 498" ELEMENT_TYPE="Content" SEQ_NO="7" TOC_ENTRY_ID="208" DEPTH_LEVEL="1"/>
		<Primitive ID="Ad0260007" BOX="254 325 397 510" ELEMENT_TYPE="Content" SEQ_NO="8" TOC_ENTRY_ID="208" DEPTH_LEVEL="1"/>
		<Primitive ID="Ad0260008" BOX="70 360 74 417" ELEMENT_TYPE="Content" SEQ_NO="9" TOC_ENTRY_ID="208" DEPTH_LEVEL="1"/>
		<Primitive ID="Ad0260009" BOX="70 525 227 535" ELEMENT_TYPE="Content" SEQ_NO="10" TOC_ENTRY_ID="208" DEPTH_LEVEL="1"/>
		<Primitive ID="Ad0260010" BOX="70 550 391 583" ELEMENT_TYPE="Content" SEQ_NO="11" TOC_ENTRY_ID="208" DEPTH_LEVEL="1"/>
		<Primitive ID="Ad0260011" BOX="70 599 397 625" ELEMENT_TYPE="Content" SEQ_NO="12" TOC_ENTRY_ID="208" DEPTH_LEVEL="1"/>
		<Primitive ID="Ad0260012" BOX="70 671 185 680" ELEMENT_TYPE="Content" SEQ_NO="13" TOC_ENTRY_ID="208" DEPTH_LEVEL="1"/>
		<Primitive ID="Ad0260013" BOX="33 136 436 727" ELEMENT_TYPE="Content" SEQ_NO="14" TOC_ENTRY_ID="208" DEPTH_LEVEL="1" E="N"/>
		<Primitive ID="Ad0260014" BOX="33 136 436 727" ELEMENT_TYPE="AdFrame" SEQ_NO="0" TOC_ENTRY_ID="208" DEPTH_LEVEL="1" I_RES="70"/>
	</Entity>
	<Entity ENTITY_TYPE="Ad" FIRST_TOC_ENTRY_ID="210" INDEX_IN_DOC="210" DEPTH_LEVEL="1" ID="Ad02601" SIZE="Large" BOX="436 136 858 534" NEXT_SECTION="" PREV_SECTION="" IMAGES_RESOLUTION="144" TOTAL_CHARS_COUNT="1124" SUSPICIOUS_CHARS_COUNT="0" WORDCNT="383">
		<Name>Untitled Ad</Name>
		<Primitive ID="Ad0260100" BOX="457 153 717 186" ELEMENT_TYPE="Content" SEQ_NO="1" TOC_ENTRY_ID="210" DEPTH_LEVEL="1"/>
		<Primitive ID="Ad0260101" BOX="457 197 661 218" ELEMENT_TYPE="Content" SEQ_NO="2" TOC_ENTRY_ID="210" DEPTH_LEVEL="1" E="N"/>
		<Primitive ID="Ad0260102" BOX="457 227 736 282" ELEMENT_TYPE="Content" SEQ_NO="3" TOC_ENTRY_ID="210" DEPTH_LEVEL="1"/>
		<Primitive ID="Ad0260103" BOX="777 254 832 274" ELEMENT_TYPE="Content" SEQ_NO="4" TOC_ENTRY_ID="210" DEPTH_LEVEL="1"/>
		<Primitive ID="Ad0260104" BOX="457 288 692 492" ELEMENT_TYPE="Content" SEQ_NO="5" TOC_ENTRY_ID="210" DEPTH_LEVEL="1"/>
		<Primitive ID="Ad0260105" BOX="708 480 810 492" ELEMENT_TYPE="Content" SEQ_NO="6" TOC_ENTRY_ID="210" DEPTH_LEVEL="1"/>
		<Primitive ID="Ad0260106" BOX="436 136 858 534" ELEMENT_TYPE="Content" SEQ_NO="7" TOC_ENTRY_ID="210" DEPTH_LEVEL="1" E="N"/>
		<Primitive ID="Ad0260107" BOX="436 136 858 534" ELEMENT_TYPE="AdFrame" SEQ_NO="0" TOC_ENTRY_ID="210" DEPTH_LEVEL="1" I_RES="104"/>
	</Entity>
	<Entity ENTITY_TYPE="Ad" FIRST_TOC_ENTRY_ID="211" INDEX_IN_DOC="211" DEPTH_LEVEL="1" ID="Ad02602" SIZE="XLarge" BOX="436 534 858 1277" NEXT_SECTION="" PREV_SECTION="" IMAGES_RESOLUTION="144" TOTAL_CHARS_COUNT="1592" SUSPICIOUS_CHARS_COUNT="0" WORDCNT="1335">
		<Name>Untitled Ad</Name>
		<Primitive ID="Ad0260200" BOX="528 682 814 1151" ELEMENT_TYPE="Content" SEQ_NO="1" TOC_ENTRY_ID="211" DEPTH_LEVEL="1"/>
		<Primitive ID="Ad0260201" BOX="528 1162 682 1221" ELEMENT_TYPE="Content" SEQ_NO="2" TOC_ENTRY_ID="211" DEPTH_LEVEL="1"/>
		<Primitive ID="Ad0260202" BOX="436 534 858 1277" ELEMENT_TYPE="Content" SEQ_NO="3" TOC_ENTRY_ID="211" DEPTH_LEVEL="1" E="N"/>
		<Primitive ID="Ad0260203" BOX="436 534 858 1277" ELEMENT_TYPE="AdFrame" SEQ_NO="0" TOC_ENTRY_ID="211" DEPTH_LEVEL="1" I_RES="55"/>
	</Entity>
	<Entity ENTITY_TYPE="Ad" FIRST_TOC_ENTRY_ID="209" INDEX_IN_DOC="209" DEPTH_LEVEL="1" ID="Ad02603" SIZE="Large" BOX="33 727 436 1277" NEXT_SECTION="" PREV_SECTION="" IMAGES_RESOLUTION="144" TOTAL_CHARS_COUNT="1610" SUSPICIOUS_CHARS_COUNT="0" WORDCNT="631">
		<Name>Untitled Ad</Name>
		<Primitive ID="Ad0260300" BOX="55 773 407 881" ELEMENT_TYPE="Content" SEQ_NO="1" TOC_ENTRY_ID="209" DEPTH_LEVEL="1"/>
		<Primitive ID="Ad0260301" BOX="55 890 331 928" ELEMENT_TYPE="Content" SEQ_NO="2" TOC_ENTRY_ID="209" DEPTH_LEVEL="1" E="N"/>
		<Primitive ID="Ad0260302" BOX="55 934 413 990" ELEMENT_TYPE="Content" SEQ_NO="3" TOC_ENTRY_ID="209" DEPTH_LEVEL="1"/>
		<Primitive ID="Ad0260303" BOX="55 1001 155 1012" ELEMENT_TYPE="Content" SEQ_NO="4" TOC_ENTRY_ID="209" DEPTH_LEVEL="1"/>
		<Primitive ID="Ad0260304" BOX="55 1012 59 1045" ELEMENT_TYPE="Content" SEQ_NO="5" TOC_ENTRY_ID="209" DEPTH_LEVEL="1"/>
		<Primitive ID="Ad0260305" BOX="65 1012 351 1056" ELEMENT_TYPE="Content" SEQ_NO="6" TOC_ENTRY_ID="209" DEPTH_LEVEL="1"/>
		<Primitive ID="Ad0260306" BOX="55 1067 413 1133" ELEMENT_TYPE="Content" SEQ_NO="7" TOC_ENTRY_ID="209" DEPTH_LEVEL="1"/>
		<Primitive ID="Ad0260307" BOX="55 1144 396 1177" ELEMENT_TYPE="Content" SEQ_NO="8" TOC_ENTRY_ID="209" DEPTH_LEVEL="1"/>
		<Primitive ID="Ad0260308" BOX="55 1213 239 1237" ELEMENT_TYPE="Content" SEQ_NO="9" TOC_ENTRY_ID="209" DEPTH_LEVEL="1"/>
		<Primitive ID="Ad0260309" BOX="33 727 436 1277" ELEMENT_TYPE="Content" SEQ_NO="10" TOC_ENTRY_ID="209" DEPTH_LEVEL="1" E="N"/>
		<Primitive ID="Ad0260310" BOX="33 727 436 1277" ELEMENT_TYPE="AdFrame" SEQ_NO="0" TOC_ENTRY_ID="209" DEPTH_LEVEL="1" I_RES="75"/>
	</Entity>
</XMD-PAGE>