<?xml version="1.0" encoding="windows-1252" standalone="no"?>
<XMD-entity REPOSITORY_FORMAT="1.0" PRXML_VER="2.2" ENTITY_TYPE="Article" DOC_UID="IMP_03/03/2012" DOC_VER="1" FIRST_TOC_ENTRY_ID="307" DEPTH_LEVEL="1" INDEX_IN_DOC="307" PAGE_NO="36" ID="Ar03600" BOX="49 215 598 910" LANGUAGE="French" SNP="Ar03600S.png" SNP_WIDTH="350" SNP_HEIGHT="42">
	<Meta NAME="Je ne cultive plus Dujardin" DESCRIPTION="" SUBTYPE="" BASE_HREF="IMP/2012/03/03" SOURCE_TYPE="TIFF" PUBLICATION="IMP" SECTION="Front Page" ISSUE_DATE="03/03/2012" WORDCNT="10" RELEASE_NO="113-IMP-2012-03-03-0001" PAGE_ID="" PAGE_TYPE="Single" PAGE_WIDTH="879" PAGE_HEIGHT="1304" DEFAULT_IMG_EXT="png" PDF_DESTINATION_MAPPED="OLV0_Entity_0036_0001" IMAGES_RESOLUTION="144" XMD_VER="2.6.241.4" PAGE_LABEL="36" TOTAL_CHARS_COUNT="48" SUSPICIOUS_CHARS_COUNT="0"/>
	<Link SOURCE="113-IMP-2012-03-03-0001.pdf" FIRST_ID="Ar00100" LAST_ID="Pc03613" NEXT_ID="Pc03601" PREV_ID="" TOC_ID="W:/Repository/IMP/2012/03/03/TOC.xml"/>
	<DataFiles>
		<Files TYPE="DOC_PDF" PRESENT="1"/>
		<Files TYPE="PAGE_PDF" PRESENT="0"/>
		<Files TYPE="DOC_IMG" PRESENT="0"/>
		<Files TYPE="PAGE_IMG" PRESENT="0"/>
		<Files TYPE="PAGE_VIEW_IMG" PRESENT="1"/>
		<Files TYPE="PAGE_PREVIEW_IMG" PRESENT="1"/>
		<Files TYPE="PRIMITIVE_IMG" PRESENT="1"/>
		<Files TYPE="SNIPPET_IMG" PRESENT="1"/>
		<Files TYPE="SEGMENTATION" PRESENT="0"/>
	</DataFiles>
	<HedLine_hl1>
		<Primitive BOX="49 344 560 404" ID="Ar0360000" SEQ_NO="0" TOC_ENTRY_ID="307" DEPTH_LEVEL="1">
			<L BOX="57 352 552 396"/>
			<W BOX="57 352 93 396" STYLE_REF="40">Je</W>
			<W BOX="103 352 150 396" STYLE_REF="40">ne</W>
			<W BOX="160 352 285 396" STYLE_REF="40">cultive</W>
			<W BOX="296 352 377 396" STYLE_REF="40">plus</W>
			<W BOX="387 352 552 396" STYLE_REF="40">Dujardin</W>
		</Primitive>
	</HedLine_hl1>
	<Content>
		<Primitive BOX="138 215 590 330" ID="Ar0360001" SEQ_NO="1" TOC_ENTRY_ID="307" DEPTH_LEVEL="1">
			<L BOX="146 263 290 287"/>
			<W BOX="146 263 180 287" STYLE_REF="308">AIR</W>
			<W BOX="185 263 215 287" STYLE_REF="308">DU</W>
			<W BOX="221 263 290 287" STYLE_REF="308">TEMPS</W>
			<L BOX="146 297 259 312" P="S"/>
			<W BOX="146 297 202 312" STYLE_REF="309">PHILIPPE</W>
			<W BOX="206 297 259 312" STYLE_REF="309">VILLARD</W>
		</Primitive>
		<Primitive BOX="49 418 319 910" ID="Ar0360002" SEQ_NO="2" TOC_ENTRY_ID="307" DEPTH_LEVEL="1"/>
		<Primitive BOX="327 418 598 910" ID="Ar0360003" SEQ_NO="3" TOC_ENTRY_ID="307" DEPTH_LEVEL="1"/>
	</Content>
	<Picture-Content ID_REF="Pc03601"/>
</XMD-entity>