<?xml version="1.0" encoding="windows-1252" standalone="no"?>
<XMD-entity REPOSITORY_FORMAT="1.0" PRXML_VER="2.2" ENTITY_TYPE="Article" DOC_UID="GDL_02/01/1900" DOC_VER="1" FIRST_TOC_ENTRY_ID="2" DEPTH_LEVEL="1" INDEX_IN_DOC="2" PAGE_NO="1" ID="Ar00107" BOX="442 113 2090 507" LANGUAGE="French" SNP="Ar00107S.png" SNP_WIDTH="1649" SNP_HEIGHT="253">
	<Meta NAME="Untitled Article" DESCRIPTION="" SUBTYPE="" BASE_HREF="GDL/1900/01/02" SOURCE_TYPE="TIFF" PUBLICATION="GDL" SECTION="Front page" ISSUE_DATE="02/01/1900" WORDCNT="9" RELEASE_NO="103-GDL-1900-01-02-0001" PAGE_ID="" PAGE_TYPE="Single" PAGE_WIDTH="994" PAGE_HEIGHT="1353" DEFAULT_IMG_EXT="png" PDF_DESTINATION_MAPPED="OLV0_Entity_0001_0008" IMAGES_RESOLUTION="144" XMD_VER="2.6.241.4" PAGE_LABEL="1" TOTAL_CHARS_COUNT="44" SUSPICIOUS_CHARS_COUNT="0"/>
	<Link SOURCE="103-GDL-1900-01-02-0001.pdf" FIRST_ID="Ar00100" LAST_ID="Ar00108" NEXT_ID="Ar00108" PREV_ID="Ar00106" TOC_ID="W:/Repository/GDL/1900/01/02/TOC.xml"/>
	<DataFiles>
		<Files TYPE="DOC_PDF" PRESENT="1"/>
		<Files TYPE="PAGE_PDF" PRESENT="1"/>
		<Files TYPE="DOC_IMG" PRESENT="0"/>
		<Files TYPE="PAGE_IMG" PRESENT="1"/>
		<Files TYPE="PAGE_VIEW_IMG" PRESENT="1"/>
		<Files TYPE="PAGE_PREVIEW_IMG" PRESENT="1"/>
		<Files TYPE="PRIMITIVE_IMG" PRESENT="1"/>
		<Files TYPE="SNIPPET_IMG" PRESENT="1"/>
		<Files TYPE="SEGMENTATION" PRESENT="1"/>
	</DataFiles>
	<Content>
		<Primitive BOX="442 113 2090 365" ID="Ar0010700" SEQ_NO="0" TOC_ENTRY_ID="2" DEPTH_LEVEL="1">
			<L BOX="476 159 2051 379"/>
			<W BOX="476 159 1030 379" STYLE_REF="8">Gazelle</W>
			<W BOX="1087 159 1292 379" STYLE_REF="9">de</W>
			<W BOX="1317 159 2051 379" STYLE_REF="10">Lausanne</W>
		</Primitive>
		<Primitive BOX="548 365 1908 507" ID="Ar0010701" SEQ_NO="1" TOC_ENTRY_ID="2" DEPTH_LEVEL="1">
			<L BOX="813 376 1710 442" P="S"/>
			<W BOX="813 376 916 442" STYLE_REF="11">ET</W>
			<W BOX="967 376 1355 442" STYLE_REF="11">JOURNAL</W>
			<W BOX="1421 376 1710 442" STYLE_REF="11">SUISSE</W>
			<L BOX="1144 466 1381 494" P="S"/>
			<W BOX="1144 466 1258 494" STYLE_REF="3">FOND�E</W>
			<W BOX="1269 466 1314 494" STYLE_REF="3">EN</W>
			<W BOX="1327 466 1381 494" STYLE_REF="3">1798</W>
		</Primitive>
	</Content>
</XMD-entity>