<?xml version="1.0" encoding="windows-1252" standalone="no"?>
<XMD-PAGE REPOSITORY_FORMAT="1.0" PRXML_VER="2.2">
	<Meta SINGLE_PAGE_PDF_NAME="/Res/PDF/Pg0001_s_0001.pdf" ISSUE_DATE="02/01/1900" RELEASE_NO="103-GDL-1900-01-02-0001" PAGE_NO="1" NAME="" PAGE_LABEL="1" PAGE_TYPE="Single" PUBLISHER="Olive" PUBLICATION="GDL" SOURCE_TYPE="TIFF" SOURCE_RESOLUTION="72" IMAGES_RESOLUTION="144" PAGE_THUMBNAIL_RESOLUTION="57" PAGE_PREVIEW_RESOLUTION="14" DEFAULT_IMG_EXT="png" IMG_EXT="png" PREVIEW_IMG_EXT="png" XMD_VER="2.6.241.4" PROFILE_ID="W:\Batch\Profile\GDL-1900-01-02.ini" SECTION="Front page" PAGE_WIDTH="994" PAGE_HEIGHT="1353" PAGES_NUMBER="4" BASE_HREF="GDL/1900/01/02" PDF_DESTINATION_MAPPED="OLV0_Page_0001" TOTAL_CHARS_COUNT="27132" SUSPICIOUS_CHARS_COUNT="0">
		<Resolutions>
			<Resolution DEFAULT="true">57</Resolution>
			<Resolution>72</Resolution>
			<Resolution>144</Resolution>
		</Resolutions>
	</Meta>
	<Link SOURCE="103-GDL-1900-01-02-0001.pdf" NEXT_SECTION="2" PREV_SECTION=""/>
	<DataFiles>
		<Files TYPE="DOC_PDF" PRESENT="1"/>
		<Files TYPE="PAGE_PDF" PRESENT="1"/>
		<Files TYPE="DOC_IMG" PRESENT="0"/>
		<Files TYPE="PAGE_IMG" PRESENT="1" BYTEORDER="little_endian" COMPRESSIONSCHEME="LZW" IMAGE_WIDTH="5227" IMAGE_HEIGHT="7118" COLORSPACE="BlackIsZero" BITSPERSAMPLE="8" SAMPLESPERPIXEL="1" XRESOLUTION_DPI="300" YRESOLUTION_DPI="300" MIMETYPE="image/tiff" IMG_EXT="tif" MEDIA_BOX="0 0 5226 7117" CROP_BOX="0 0 5226 7117"/>
		<Files TYPE="PAGE_VIEW_IMG" PRESENT="1"/>
		<Files TYPE="PAGE_PREVIEW_IMG" PRESENT="1"/>
		<Files TYPE="PRIMITIVE_IMG" PRESENT="1"/>
		<Files TYPE="SNIPPET_IMG" PRESENT="1"/>
		<Files TYPE="SEGMENTATION" PRESENT="1"/>
	</DataFiles>
	<Entity ENTITY_TYPE="Article" FIRST_TOC_ENTRY_ID="4" INDEX_IN_DOC="4" DEPTH_LEVEL="1" ID="Ar00100" SIZE="XLarge" BOX="32 225 652 977" NEXT_SECTION="2" PREV_SECTION="" IMAGES_RESOLUTION="144" TOTAL_CHARS_COUNT="11422" SUSPICIOUS_CHARS_COUNT="0" WORDCNT="2453">
		<Name>Lausanne,2janvier1900. Regards en arri�re</Name>
		<Primitive ID="Ar0010000" BOX="51 225 162 274" ELEMENT_TYPE="HedLine_hl1" SEQ_NO="0" TOC_ENTRY_ID="4" DEPTH_LEVEL="1"/>
		<Primitive ID="Ar0010001" BOX="34 275 181 452" ELEMENT_TYPE="Content" SEQ_NO="1" TOC_ENTRY_ID="4" DEPTH_LEVEL="1"/>
		<Primitive ID="Ar0010002" BOX="34 454 180 535" ELEMENT_TYPE="Content" SEQ_NO="2" TOC_ENTRY_ID="4" DEPTH_LEVEL="1"/>
		<Primitive ID="Ar0010003" BOX="33 548 180 758" ELEMENT_TYPE="Content" SEQ_NO="3" TOC_ENTRY_ID="4" DEPTH_LEVEL="1"/>
		<Primitive ID="Ar0010004" BOX="32 758 178 976" ELEMENT_TYPE="Content" SEQ_NO="4" TOC_ENTRY_ID="4" DEPTH_LEVEL="1"/>
		<Primitive ID="Ar0010005" BOX="190 227 337 311" ELEMENT_TYPE="Content" SEQ_NO="5" TOC_ENTRY_ID="4" DEPTH_LEVEL="1"/>
		<Primitive ID="Ar0010006" BOX="190 314 337 479" ELEMENT_TYPE="Content" SEQ_NO="6" TOC_ENTRY_ID="4" DEPTH_LEVEL="1"/>
		<Primitive ID="Ar0010007" BOX="189 482 337 647" ELEMENT_TYPE="Content" SEQ_NO="7" TOC_ENTRY_ID="4" DEPTH_LEVEL="1"/>
		<Primitive ID="Ar0010008" BOX="188 649 336 840" ELEMENT_TYPE="Content" SEQ_NO="8" TOC_ENTRY_ID="4" DEPTH_LEVEL="1"/>
		<Primitive ID="Ar0010009" BOX="187 843 334 976" ELEMENT_TYPE="Content" SEQ_NO="9" TOC_ENTRY_ID="4" DEPTH_LEVEL="1"/>
		<Primitive ID="Ar0010010" BOX="347 228 494 327" ELEMENT_TYPE="Content" SEQ_NO="10" TOC_ENTRY_ID="4" DEPTH_LEVEL="1"/>
		<Primitive ID="Ar0010011" BOX="347 330 494 436" ELEMENT_TYPE="Content" SEQ_NO="11" TOC_ENTRY_ID="4" DEPTH_LEVEL="1"/>
		<Primitive ID="Ar0010012" BOX="347 439 494 529" ELEMENT_TYPE="Content" SEQ_NO="12" TOC_ENTRY_ID="4" DEPTH_LEVEL="1"/>
		<Primitive ID="Ar0010013" BOX="344 531 494 949" ELEMENT_TYPE="Content" SEQ_NO="13" TOC_ENTRY_ID="4" DEPTH_LEVEL="1"/>
		<Primitive ID="Ar0010014" BOX="344 952 492 977" ELEMENT_TYPE="Content" SEQ_NO="14" TOC_ENTRY_ID="4" DEPTH_LEVEL="1"/>
		<Primitive ID="Ar0010015" BOX="503 225 652 285" ELEMENT_TYPE="Content" SEQ_NO="15" TOC_ENTRY_ID="4" DEPTH_LEVEL="1"/>
		<Primitive ID="Ar0010016" BOX="503 292 652 517" ELEMENT_TYPE="Content" SEQ_NO="16" TOC_ENTRY_ID="4" DEPTH_LEVEL="1"/>
		<Primitive ID="Ar0010017" BOX="503 518 652 569" ELEMENT_TYPE="Content" SEQ_NO="17" TOC_ENTRY_ID="4" DEPTH_LEVEL="1"/>
		<Primitive ID="Ar0010018" BOX="502 581 652 851" ELEMENT_TYPE="Content" SEQ_NO="18" TOC_ENTRY_ID="4" DEPTH_LEVEL="1"/>
	</Entity>
	<Entity ENTITY_TYPE="Article" FIRST_TOC_ENTRY_ID="5" INDEX_IN_DOC="5" DEPTH_LEVEL="1" ID="Ar00101" SIZE="Large" BOX="31 991 964 1305" NEXT_SECTION="2" PREV_SECTION="" IMAGES_RESOLUTION="144" TOTAL_CHARS_COUNT="7874" SUSPICIOUS_CHARS_COUNT="0" WORDCNT="1832">
		<Name>LES JUSTES</Name>
		<Primitive ID="Ar0010100" BOX="52 1021 158 1035" ELEMENT_TYPE="HedLine_hl1" SEQ_NO="0" TOC_ENTRY_ID="5" DEPTH_LEVEL="1"/>
		<Primitive ID="Ar0010101" BOX="36 991 173 1009" ELEMENT_TYPE="Content" SEQ_NO="1" TOC_ENTRY_ID="5" DEPTH_LEVEL="1"/>
		<Primitive ID="Ar0010102" BOX="31 1040 177 1300" ELEMENT_TYPE="Content" SEQ_NO="2" TOC_ENTRY_ID="5" DEPTH_LEVEL="1"/>
		<Primitive ID="Ar0010103" BOX="187 991 333 1143" ELEMENT_TYPE="Content" SEQ_NO="3" TOC_ENTRY_ID="5" DEPTH_LEVEL="1"/>
		<Primitive ID="Ar0010104" BOX="186 1143 333 1302" ELEMENT_TYPE="Content" SEQ_NO="4" TOC_ENTRY_ID="5" DEPTH_LEVEL="1"/>
		<Primitive ID="Ar0010105" BOX="344 991 492 1211" ELEMENT_TYPE="Content" SEQ_NO="5" TOC_ENTRY_ID="5" DEPTH_LEVEL="1"/>
		<Primitive ID="Ar0010106" BOX="343 1212 490 1302" ELEMENT_TYPE="Content" SEQ_NO="6" TOC_ENTRY_ID="5" DEPTH_LEVEL="1"/>
		<Primitive ID="Ar0010107" BOX="501 992 649 1076" ELEMENT_TYPE="Content" SEQ_NO="7" TOC_ENTRY_ID="5" DEPTH_LEVEL="1"/>
		<Primitive ID="Ar0010108" BOX="500 1081 648 1303" ELEMENT_TYPE="Content" SEQ_NO="8" TOC_ENTRY_ID="5" DEPTH_LEVEL="1"/>
		<Primitive ID="Ar0010109" BOX="659 992 807 1143" ELEMENT_TYPE="Content" SEQ_NO="9" TOC_ENTRY_ID="5" DEPTH_LEVEL="1"/>
		<Primitive ID="Ar0010110" BOX="658 1143 806 1303" ELEMENT_TYPE="Content" SEQ_NO="10" TOC_ENTRY_ID="5" DEPTH_LEVEL="1"/>
		<Primitive ID="Ar0010111" BOX="815 994 964 1305" ELEMENT_TYPE="Content" SEQ_NO="11" TOC_ENTRY_ID="5" DEPTH_LEVEL="1"/>
	</Entity>
	<Entity ENTITY_TYPE="Article" FIRST_TOC_ENTRY_ID="6" INDEX_IN_DOC="6" DEPTH_LEVEL="1" ID="Ar00102" SIZE="Medium" BOX="501 225 810 981" NEXT_SECTION="2" PREV_SECTION="" IMAGES_RESOLUTION="144" TOTAL_CHARS_COUNT="4227" SUSPICIOUS_CHARS_COUNT="0" WORDCNT="933">
		<Name>A propos du colonel Lecomte.</Name>
		<Primitive ID="Ar0010200" BOX="501 858 651 874" ELEMENT_TYPE="HedLine_hl1" SEQ_NO="5" TOC_ENTRY_ID="6" DEPTH_LEVEL="1"/>
		<Primitive ID="Ar0010201" BOX="501 874 651 979" ELEMENT_TYPE="Content" SEQ_NO="0" TOC_ENTRY_ID="6" DEPTH_LEVEL="1"/>
		<Primitive ID="Ar0010202" BOX="660 225 810 489" ELEMENT_TYPE="Content" SEQ_NO="1" TOC_ENTRY_ID="6" DEPTH_LEVEL="1"/>
		<Primitive ID="Ar0010203" BOX="660 490 809 718" ELEMENT_TYPE="Content" SEQ_NO="2" TOC_ENTRY_ID="6" DEPTH_LEVEL="1"/>
		<Primitive ID="Ar0010204" BOX="659 716 808 943" ELEMENT_TYPE="Content" SEQ_NO="3" TOC_ENTRY_ID="6" DEPTH_LEVEL="1"/>
		<Primitive ID="Ar0010205" BOX="659 946 808 981" ELEMENT_TYPE="Content" SEQ_NO="4" TOC_ENTRY_ID="6" DEPTH_LEVEL="1"/>
	</Entity>
	<Entity ENTITY_TYPE="Article" FIRST_TOC_ENTRY_ID="9" INDEX_IN_DOC="9" DEPTH_LEVEL="1" ID="Ar00103" SIZE="Medium" BOX="817 216 967 979" NEXT_SECTION="2" PREV_SECTION="" CONTINUATION_TO="Ar00200" IMAGES_RESOLUTION="144" TOTAL_CHARS_COUNT="2981" SUSPICIOUS_CHARS_COUNT="0" WORDCNT="704">
		<Name>LETTRE DE PARIS</Name>
		<Primitive ID="Ar0010300" BOX="853 216 933 237" ELEMENT_TYPE="HedLine_hl1" SEQ_NO="4" TOC_ENTRY_ID="9" DEPTH_LEVEL="1"/>
		<Primitive ID="Ar0010301" BOX="819 246 966 474" ELEMENT_TYPE="Content" SEQ_NO="0" TOC_ENTRY_ID="9" DEPTH_LEVEL="1"/>
		<Primitive ID="Ar0010302" BOX="818 474 967 710" ELEMENT_TYPE="Content" SEQ_NO="1" TOC_ENTRY_ID="9" DEPTH_LEVEL="1"/>
		<Primitive ID="Ar0010303" BOX="817 710 966 851" ELEMENT_TYPE="Content" SEQ_NO="2" TOC_ENTRY_ID="9" DEPTH_LEVEL="1"/>
		<Primitive ID="Ar0010304" BOX="817 853 965 979" ELEMENT_TYPE="Content" SEQ_NO="3" TOC_ENTRY_ID="9" DEPTH_LEVEL="1"/>
	</Entity>
	<Entity ENTITY_TYPE="Article" FIRST_TOC_ENTRY_ID="3" INDEX_IN_DOC="3" DEPTH_LEVEL="1" ID="Ar00104" SIZE="Small" BOX="32 144 217 201" NEXT_SECTION="2" PREV_SECTION="" IMAGES_RESOLUTION="144" TOTAL_CHARS_COUNT="92" SUSPICIOUS_CHARS_COUNT="0" WORDCNT="31">
		<Name>Untitled Article</Name>
		<Primitive ID="Ar0010400" BOX="32 144 217 201" ELEMENT_TYPE="Content" SEQ_NO="0" TOC_ENTRY_ID="3" DEPTH_LEVEL="1"/>
	</Entity>
	<Entity ENTITY_TYPE="Article" FIRST_TOC_ENTRY_ID="8" INDEX_IN_DOC="8" DEPTH_LEVEL="1" ID="Ar00105" SIZE="Small" BOX="755 144 970 201" NEXT_SECTION="2" PREV_SECTION="" IMAGES_RESOLUTION="144" TOTAL_CHARS_COUNT="150" SUSPICIOUS_CHARS_COUNT="0" WORDCNT="38">
		<Name>Untitled Article</Name>
		<Primitive ID="Ar0010500" BOX="755 144 970 201" ELEMENT_TYPE="Content" SEQ_NO="0" TOC_ENTRY_ID="8" DEPTH_LEVEL="1"/>
	</Entity>
	<Entity ENTITY_TYPE="Article" FIRST_TOC_ENTRY_ID="1" INDEX_IN_DOC="1" DEPTH_LEVEL="1" ID="Ar00106" SIZE="Small" BOX="32 45 175 144" NEXT_SECTION="2" PREV_SECTION="" IMAGES_RESOLUTION="144" TOTAL_CHARS_COUNT="137" SUSPICIOUS_CHARS_COUNT="0" WORDCNT="31">
		<Name>Untitled Article</Name>
		<Primitive ID="Ar0010600" BOX="32 45 175 144" ELEMENT_TYPE="Content" SEQ_NO="0" TOC_ENTRY_ID="1" DEPTH_LEVEL="1"/>
	</Entity>
	<Entity ENTITY_TYPE="Article" FIRST_TOC_ENTRY_ID="2" INDEX_IN_DOC="2" DEPTH_LEVEL="1" ID="Ar00107" SIZE="Medium" BOX="175 45 827 201" NEXT_SECTION="2" PREV_SECTION="" IMAGES_RESOLUTION="144" TOTAL_CHARS_COUNT="44" SUSPICIOUS_CHARS_COUNT="0" WORDCNT="9">
		<Name>Untitled Article</Name>
		<Primitive ID="Ar0010700" BOX="175 45 827 144" ELEMENT_TYPE="Content" SEQ_NO="0" TOC_ENTRY_ID="2" DEPTH_LEVEL="1"/>
		<Primitive ID="Ar0010701" BOX="217 144 755 201" ELEMENT_TYPE="Content" SEQ_NO="1" TOC_ENTRY_ID="2" DEPTH_LEVEL="1"/>
	</Entity>
	<Entity ENTITY_TYPE="Article" FIRST_TOC_ENTRY_ID="7" INDEX_IN_DOC="7" DEPTH_LEVEL="1" ID="Ar00108" SIZE="Small" BOX="827 45 970 144" NEXT_SECTION="2" PREV_SECTION="" IMAGES_RESOLUTION="144" TOTAL_CHARS_COUNT="205" SUSPICIOUS_CHARS_COUNT="0" WORDCNT="44">
		<Name>Untitled Article</Name>
		<Primitive ID="Ar0010800" BOX="827 45 970 144" ELEMENT_TYPE="Content" SEQ_NO="0" TOC_ENTRY_ID="7" DEPTH_LEVEL="1"/>
	</Entity>
</XMD-PAGE>
