<?xml version="1.0" encoding="windows-1252" standalone="no"?>
<XMD-PAGE REPOSITORY_FORMAT="1.0" PRXML_VER="2.2">
	<Meta SINGLE_PAGE_PDF_NAME="/Res/PDF/Pg0005_s_0005.pdf" ISSUE_DATE="23/06/1807" RELEASE_NO="103-GDL-1807-06-23-0001" PAGE_NO="5" NAME="" PAGE_LABEL="5" PAGE_TYPE="Single" PUBLISHER="Olive" PUBLICATION="GDL" SOURCE_TYPE="TIFF" SOURCE_RESOLUTION="72" IMAGES_RESOLUTION="180" PAGE_THUMBNAIL_RESOLUTION="130" PAGE_PREVIEW_RESOLUTION="14" DEFAULT_IMG_EXT="png" IMG_EXT="png" PREVIEW_IMG_EXT="png" XMD_VER="2.6.241.4" PROFILE_ID="W:\Batch\Profile\GDL-1807-06-23.ini" SECTION="None" PAGE_WIDTH="594" PAGE_HEIGHT="1013" PAGES_NUMBER="12" BASE_HREF="GDL/1807/06/23" PDF_DESTINATION_MAPPED="OLV0_Page_0005" TOTAL_CHARS_COUNT="2916" SUSPICIOUS_CHARS_COUNT="0">
		<Resolutions>
			<Resolution DEFAULT="true">130</Resolution>
			<Resolution>160</Resolution>
			<Resolution>180</Resolution>
		</Resolutions>
	</Meta>
	<Link SOURCE="103-GDL-1807-06-23-0001.pdf" NEXT_SECTION="" PREV_SECTION="1"/>
	<DataFiles>
		<Files TYPE="DOC_PDF" PRESENT="1"/>
		<Files TYPE="PAGE_PDF" PRESENT="1"/>
		<Files TYPE="DOC_IMG" PRESENT="0"/>
		<Files TYPE="PAGE_IMG" PRESENT="1" BYTEORDER="little_endian" COMPRESSIONSCHEME="LZW" IMAGE_WIDTH="1370" IMAGE_HEIGHT="2336" COLORSPACE="BlackIsZero" BITSPERSAMPLE="8" SAMPLESPERPIXEL="1" XRESOLUTION_DPI="300" YRESOLUTION_DPI="300" MIMETYPE="image/tiff" IMG_EXT="tif" MEDIA_BOX="0 0 1369 2335" CROP_BOX="0 0 1369 2335"/>
		<Files TYPE="PAGE_VIEW_IMG" PRESENT="1"/>
		<Files TYPE="PAGE_PREVIEW_IMG" PRESENT="1"/>
		<Files TYPE="PRIMITIVE_IMG" PRESENT="1"/>
		<Files TYPE="SNIPPET_IMG" PRESENT="1"/>
		<Files TYPE="SEGMENTATION" PRESENT="1"/>
	</DataFiles>
	<Entity ENTITY_TYPE="Article" FIRST_TOC_ENTRY_ID="5" INDEX_IN_DOC="9" DEPTH_LEVEL="1" ID="Ar00500" SIZE="XLarge" BOX="18 0 565 790" NEXT_SECTION="" PREV_SECTION="1" CONTINUATION_FROM="Ar00400" FIRST_CHUNK="Ar00201" IMAGES_RESOLUTION="180" TOTAL_CHARS_COUNT="2509" SUSPICIOUS_CHARS_COUNT="0" WORDCNT="586">
		<Name>Untitled Article</Name>
		<Primitive ID="Ar0050000" BOX="18 0 565 294" ELEMENT_TYPE="Content" SEQ_NO="0" TOC_ENTRY_ID="5" DEPTH_LEVEL="1"/>
		<Primitive ID="Ar0050001" BOX="20 297 562 579" ELEMENT_TYPE="Content" SEQ_NO="1" TOC_ENTRY_ID="5" DEPTH_LEVEL="1"/>
		<Primitive ID="Ar0050002" BOX="23 579 563 790" ELEMENT_TYPE="Content" SEQ_NO="2" TOC_ENTRY_ID="5" DEPTH_LEVEL="1"/>
	</Entity>
	<Entity ENTITY_TYPE="Article" FIRST_TOC_ENTRY_ID="6" INDEX_IN_DOC="10" DEPTH_LEVEL="1" ID="Ar00501" SIZE="Medium" BOX="27 790 563 953" NEXT_SECTION="" PREV_SECTION="1" CONTINUATION_TO="Ar00600" IMAGES_RESOLUTION="180" TOTAL_CHARS_COUNT="407" SUSPICIOUS_CHARS_COUNT="0" WORDCNT="97">
		<Name>HOLLANDE.</Name>
		<Primitive ID="Ar0050100" BOX="27 790 563 808" ELEMENT_TYPE="HedLine_hl1" SEQ_NO="1" TOC_ENTRY_ID="6" DEPTH_LEVEL="1"/>
		<Primitive ID="Ar0050101" BOX="27 808 563 953" ELEMENT_TYPE="Content" SEQ_NO="0" TOC_ENTRY_ID="6" DEPTH_LEVEL="1"/>
	</Entity>
</XMD-PAGE>
