<?xml version="1.0" encoding="windows-1252" standalone="no"?>
<XMD-PAGE REPOSITORY_FORMAT="1.0" PRXML_VER="2.2">
	<Meta ISSUE_DATE="03/03/2012" RELEASE_NO="113-IMP-2012-03-03-0001" PAGE_NO="21" NAME="" PAGE_LABEL="21" PAGE_TYPE="Single" PUBLISHER="Olive" PUBLICATION="IMP" SOURCE_TYPE="TIFF" SOURCE_RESOLUTION="72" IMAGES_RESOLUTION="144" PAGE_THUMBNAIL_RESOLUTION="72" PAGE_PREVIEW_RESOLUTION="15" DEFAULT_IMG_EXT="png" IMG_EXT="png" PREVIEW_IMG_EXT="png" XMD_VER="2.6.241.4" PROFILE_ID="W:\Batch\Profile\IMP-2012-03-03.ini" SECTION="Front Page" PAGE_WIDTH="879" PAGE_HEIGHT="1304" PAGES_NUMBER="36" BASE_HREF="IMP/2012/03/03" PDF_DESTINATION_MAPPED="OLV0_Page_0021" TOTAL_CHARS_COUNT="2051" SUSPICIOUS_CHARS_COUNT="0">
		<Resolutions>
			<Resolution DEFAULT="true">72</Resolution>
			<Resolution>120</Resolution>
			<Resolution>144</Resolution>
		</Resolutions>
		<Links>
			<Lnk TYPE="URL" LNK_ID="LNK_21_0">
				<Target>www.citroen.ch</Target>
			</Lnk>
			<Sources>
				<Box LNK_ID="LNK_21_0">588 1200 661 1212</Box>
			</Sources>
		</Links>
	</Meta>
	<Link SOURCE="113-IMP-2012-03-03-0001.pdf" NEXT_SECTION="" PREV_SECTION=""/>
	<DataFiles>
		<Files TYPE="DOC_PDF" PRESENT="1"/>
		<Files TYPE="PAGE_PDF" PRESENT="0"/>
		<Files TYPE="DOC_IMG" PRESENT="0"/>
		<Files TYPE="PAGE_IMG" PRESENT="0"/>
		<Files TYPE="PAGE_VIEW_IMG" PRESENT="1"/>
		<Files TYPE="PAGE_PREVIEW_IMG" PRESENT="1"/>
		<Files TYPE="PRIMITIVE_IMG" PRESENT="1"/>
		<Files TYPE="SNIPPET_IMG" PRESENT="1"/>
		<Files TYPE="SEGMENTATION" PRESENT="0"/>
	</DataFiles>
	<Entity ENTITY_TYPE="Article" FIRST_TOC_ENTRY_ID="166" INDEX_IN_DOC="166" DEPTH_LEVEL="1" ID="Ar02100" SIZE="Medium" BOX="580 136 853 476" NEXT_SECTION="" PREV_SECTION="" IMAGES_RESOLUTION="144" TOTAL_CHARS_COUNT="48" SUSPICIOUS_CHARS_COUNT="0" WORDCNT="9">
		<Name>Le Minist�re public fait appel du jugement</Name>
		<Primitive ID="Ar0210000" BOX="581 157 802 208" ELEMENT_TYPE="HedLine_hl1" SEQ_NO="0" TOC_ENTRY_ID="166" DEPTH_LEVEL="1"/>
		<Primitive ID="Ar0210001" BOX="580 136 691 156" ELEMENT_TYPE="Content" SEQ_NO="1" TOC_ENTRY_ID="166" DEPTH_LEVEL="1"/>
		<Primitive ID="Ar0210002" BOX="581 210 715 476" ELEMENT_TYPE="Content" SEQ_NO="2" TOC_ENTRY_ID="166" DEPTH_LEVEL="1"/>
		<Primitive ID="Ar0210003" BOX="720 210 853 476" ELEMENT_TYPE="Content" SEQ_NO="3" TOC_ENTRY_ID="166" DEPTH_LEVEL="1"/>
	</Entity>
	<Entity ENTITY_TYPE="Article" FIRST_TOC_ENTRY_ID="164" INDEX_IN_DOC="164" DEPTH_LEVEL="1" ID="Ar02101" SIZE="Large" BOX="18 426 576 867" NEXT_SECTION="" PREV_SECTION="" IMAGES_RESOLUTION="144" TOTAL_CHARS_COUNT="232" SUSPICIOUS_CHARS_COUNT="0" WORDCNT="47">
		<Name>Se rabibocher avec ses voisins</Name>
		<Primitive ID="Ar0210100" BOX="22 499 567 547" ELEMENT_TYPE="HedLine_hl1" SEQ_NO="0" TOC_ENTRY_ID="164" DEPTH_LEVEL="1"/>
		<Primitive ID="Ar0210101" BOX="18 426 423 444" ELEMENT_TYPE="Content" SEQ_NO="1" TOC_ENTRY_ID="164" DEPTH_LEVEL="1"/>
		<Primitive ID="Ar0210102" BOX="22 453 567 499" ELEMENT_TYPE="Content" SEQ_NO="2" TOC_ENTRY_ID="164" DEPTH_LEVEL="1"/>
		<Primitive ID="Ar0210103" BOX="25 552 159 867" ELEMENT_TYPE="Content" SEQ_NO="3" TOC_ENTRY_ID="164" DEPTH_LEVEL="1"/>
		<Primitive ID="Ar0210104" BOX="164 550 298 862" ELEMENT_TYPE="Content" SEQ_NO="4" TOC_ENTRY_ID="164" DEPTH_LEVEL="1"/>
		<Primitive ID="Ar0210105" BOX="303 550 437 862" ELEMENT_TYPE="Content" SEQ_NO="5" TOC_ENTRY_ID="164" DEPTH_LEVEL="1"/>
		<Primitive ID="Ar0210106" BOX="442 550 576 862" ELEMENT_TYPE="Content" SEQ_NO="6" TOC_ENTRY_ID="164" DEPTH_LEVEL="1"/>
	</Entity>
	<Entity ENTITY_TYPE="Picture" FIRST_TOC_ENTRY_ID="165" INDEX_IN_DOC="165" DEPTH_LEVEL="2" ID="Pc02102" SIZE="Medium" BOX="25 137 572 426" NEXT_SECTION="" PREV_SECTION="" EMBEDDED_INTO="Ar02101" EMBEDDED_AFTER="Ar0210100" IMAGES_RESOLUTION="144" TOTAL_CHARS_COUNT="0" SUSPICIOUS_CHARS_COUNT="0" WORDCNT="0">
		<Name>Untitled Picture</Name>
		<Primitive ID="Pc0210200" BOX="25 137 572 426" ELEMENT_TYPE="Picture" SEQ_NO="0" TOC_ENTRY_ID="165" DEPTH_LEVEL="2" IMG_EXT="jpg"/>
	</Entity>
	<Entity ENTITY_TYPE="Ad" FIRST_TOC_ENTRY_ID="171" INDEX_IN_DOC="171" DEPTH_LEVEL="1" ID="Ad02103" SIZE="XLarge" BOX="26 874 847 1275" NEXT_SECTION="" PREV_SECTION="" IMAGES_RESOLUTION="144" TOTAL_CHARS_COUNT="1771" SUSPICIOUS_CHARS_COUNT="0" WORDCNT="1204">
		<Name>Untitled Ad</Name>
		<Primitive ID="Ad0210300" BOX="28 878 48 884" ELEMENT_TYPE="Content" SEQ_NO="1" TOC_ENTRY_ID="171" DEPTH_LEVEL="1"/>
		<Primitive ID="Ad0210301" BOX="462 909 596 949" ELEMENT_TYPE="Content" SEQ_NO="2" TOC_ENTRY_ID="171" DEPTH_LEVEL="1" E="N"/>
		<Primitive ID="Ad0210302" BOX="55 906 426 950" ELEMENT_TYPE="Content" SEQ_NO="3" TOC_ENTRY_ID="171" DEPTH_LEVEL="1" E="N"/>
		<Primitive ID="Ad0210303" BOX="292 969 402 993" ELEMENT_TYPE="Content" SEQ_NO="4" TOC_ENTRY_ID="171" DEPTH_LEVEL="1"/>
		<Primitive ID="Ad0210304" BOX="70 987 181 1011" ELEMENT_TYPE="Content" SEQ_NO="5" TOC_ENTRY_ID="171" DEPTH_LEVEL="1"/>
		<Primitive ID="Ad0210305" BOX="543 987 650 1011" ELEMENT_TYPE="Content" SEQ_NO="6" TOC_ENTRY_ID="171" DEPTH_LEVEL="1"/>
		<Primitive ID="Ad0210306" BOX="55 1121 212 1132" ELEMENT_TYPE="Content" SEQ_NO="7" TOC_ENTRY_ID="171" DEPTH_LEVEL="1"/>
		<Primitive ID="Ad0210307" BOX="471 1121 661 1214" ELEMENT_TYPE="Content" SEQ_NO="8" TOC_ENTRY_ID="171" DEPTH_LEVEL="1"/>
		<Primitive ID="Ad0210308" BOX="140 1134 231 1167" ELEMENT_TYPE="Content" SEQ_NO="9" TOC_ENTRY_ID="171" DEPTH_LEVEL="1"/>
		<Primitive ID="Ad0210309" BOX="55 1137 127 1159" ELEMENT_TYPE="Content" SEQ_NO="10" TOC_ENTRY_ID="171" DEPTH_LEVEL="1"/>
		<Primitive ID="Ad0210310" BOX="261 1143 365 1177" ELEMENT_TYPE="Content" SEQ_NO="11" TOC_ENTRY_ID="171" DEPTH_LEVEL="1"/>
		<Primitive ID="Ad0210311" BOX="374 1144 430 1177" ELEMENT_TYPE="Content" SEQ_NO="12" TOC_ENTRY_ID="171" DEPTH_LEVEL="1"/>
		<Primitive ID="Ad0210312" BOX="49 1219 660 1267" ELEMENT_TYPE="Content" SEQ_NO="13" TOC_ENTRY_ID="171" DEPTH_LEVEL="1"/>
		<Primitive ID="Ad0210313" BOX="26 874 847 1275" ELEMENT_TYPE="Content" SEQ_NO="14" TOC_ENTRY_ID="171" DEPTH_LEVEL="1" E="N"/>
		<Primitive ID="Ad0210314" BOX="26 874 847 1275" ELEMENT_TYPE="AdFrame" SEQ_NO="0" TOC_ENTRY_ID="171" DEPTH_LEVEL="1" I_RES="67"/>
	</Entity>
	<Entity ENTITY_TYPE="Article" FIRST_TOC_ENTRY_ID="167" INDEX_IN_DOC="167" DEPTH_LEVEL="1" ID="Ar02104" SIZE="Small" BOX="577 492 861 598" NEXT_SECTION="" PREV_SECTION="" IMAGES_RESOLUTION="144" TOTAL_CHARS_COUNT="0" SUSPICIOUS_CHARS_COUNT="0" WORDCNT="0">
		<Name>Untitled Article</Name>
		<Primitive ID="Ar0210400" BOX="577 517 861 532" ELEMENT_TYPE="HedLine_hl1" SEQ_NO="2" TOC_ENTRY_ID="167" DEPTH_LEVEL="1"/>
		<Primitive ID="Ar0210401" BOX="577 492 861 517" ELEMENT_TYPE="Content" SEQ_NO="0" TOC_ENTRY_ID="167" DEPTH_LEVEL="1"/>
		<Primitive ID="Ar0210402" BOX="577 532 861 598" ELEMENT_TYPE="Content" SEQ_NO="1" TOC_ENTRY_ID="167" DEPTH_LEVEL="1"/>
	</Entity>
	<Entity ENTITY_TYPE="Article" FIRST_TOC_ENTRY_ID="168" INDEX_IN_DOC="168" DEPTH_LEVEL="1" ID="Ar02105" SIZE="Small" BOX="577 598 861 690" NEXT_SECTION="" PREV_SECTION="" IMAGES_RESOLUTION="144" TOTAL_CHARS_COUNT="0" SUSPICIOUS_CHARS_COUNT="0" WORDCNT="0">
		<Name>Untitled Article</Name>
		<Primitive ID="Ar0210500" BOX="577 621 861 636" ELEMENT_TYPE="HedLine_hl1" SEQ_NO="2" TOC_ENTRY_ID="168" DEPTH_LEVEL="1"/>
		<Primitive ID="Ar0210501" BOX="577 598 861 621" ELEMENT_TYPE="Content" SEQ_NO="0" TOC_ENTRY_ID="168" DEPTH_LEVEL="1"/>
		<Primitive ID="Ar0210502" BOX="577 636 861 690" ELEMENT_TYPE="Content" SEQ_NO="1" TOC_ENTRY_ID="168" DEPTH_LEVEL="1"/>
	</Entity>
	<Entity ENTITY_TYPE="Article" FIRST_TOC_ENTRY_ID="170" INDEX_IN_DOC="170" DEPTH_LEVEL="1" ID="Ar02106" SIZE="Small" BOX="577 772 861 869" NEXT_SECTION="" PREV_SECTION="" IMAGES_RESOLUTION="144" TOTAL_CHARS_COUNT="0" SUSPICIOUS_CHARS_COUNT="0" WORDCNT="0">
		<Name>Untitled Article</Name>
		<Primitive ID="Ar0210600" BOX="577 797 861 814" ELEMENT_TYPE="HedLine_hl1" SEQ_NO="2" TOC_ENTRY_ID="170" DEPTH_LEVEL="1"/>
		<Primitive ID="Ar0210601" BOX="577 772 861 797" ELEMENT_TYPE="Content" SEQ_NO="0" TOC_ENTRY_ID="170" DEPTH_LEVEL="1"/>
		<Primitive ID="Ar0210602" BOX="577 814 861 869" ELEMENT_TYPE="Content" SEQ_NO="1" TOC_ENTRY_ID="170" DEPTH_LEVEL="1"/>
	</Entity>
	<Entity ENTITY_TYPE="Article" FIRST_TOC_ENTRY_ID="169" INDEX_IN_DOC="169" DEPTH_LEVEL="1" ID="Ar02107" SIZE="Small" BOX="577 690 861 772" NEXT_SECTION="" PREV_SECTION="" IMAGES_RESOLUTION="144" TOTAL_CHARS_COUNT="0" SUSPICIOUS_CHARS_COUNT="0" WORDCNT="0">
		<Name>Untitled Article</Name>
		<Primitive ID="Ar0210700" BOX="577 714 861 731" ELEMENT_TYPE="HedLine_hl1" SEQ_NO="2" TOC_ENTRY_ID="169" DEPTH_LEVEL="1"/>
		<Primitive ID="Ar0210701" BOX="577 690 861 714" ELEMENT_TYPE="Content" SEQ_NO="0" TOC_ENTRY_ID="169" DEPTH_LEVEL="1"/>
		<Primitive ID="Ar0210702" BOX="577 731 861 772" ELEMENT_TYPE="Content" SEQ_NO="1" TOC_ENTRY_ID="169" DEPTH_LEVEL="1"/>
	</Entity>
</XMD-PAGE>