<?xml version="1.0" encoding="windows-1252" standalone="no"?>
<XMD-PAGE REPOSITORY_FORMAT="1.0" PRXML_VER="2.3">
	<Meta ISSUE_DATE="03/09/1901" RELEASE_NO="113-IMP-1901-09-03-0001" PAGE_NO="8" NAME="" PAGE_LABEL="8" PAGE_TYPE="Single" PUBLISHER="Olive" PUBLICATION="IMP" SOURCE_TYPE="TIFF" SOURCE_RESOLUTION="72" IMAGES_RESOLUTION="160" PAGE_THUMBNAIL_RESOLUTION="72" PAGE_PREVIEW_RESOLUTION="15" DEFAULT_IMG_EXT="png" IMG_EXT="png" PREVIEW_IMG_EXT="png" XMD_VER="2.8.100.5" PROFILE_ID="IMP-1901-09-03.ini" SECTION="None" PAGE_WIDTH="633" PAGE_HEIGHT="855" PAGES_NUMBER="10" BASE_HREF="IMP/1901/09/03" PDF_DESTINATION_MAPPED="OLV0_Page_0008" OCR_CONFIDENCE="0.998" TOTAL_CHARS_COUNT="3131" SUSPICIOUS_CHARS_COUNT="5">
		<Resolutions>
			<Resolution DEFAULT="true">72</Resolution>
			<Resolution>144</Resolution>
			<Resolution>160</Resolution>
		</Resolutions>
	</Meta>
	<Link SOURCE="113-IMP-1901-09-03-0001.pdf" NEXT_SECTION="" PREV_SECTION="1"/>
	<DataFiles>
		<Files TYPE="DOC_PDF" PRESENT="1"/>
		<Files TYPE="PAGE_PDF" PRESENT="0"/>
		<Files TYPE="DOC_IMG" PRESENT="0"/>
		<Files TYPE="PAGE_IMG" PRESENT="0"/>
		<Files TYPE="PAGE_VIEW_IMG" PRESENT="1"/>
		<Files TYPE="PAGE_PREVIEW_IMG" PRESENT="1"/>
		<Files TYPE="PRIMITIVE_IMG" PRESENT="1"/>
		<Files TYPE="SNIPPET_IMG" PRESENT="1"/>
		<Files TYPE="SEGMENTATION" PRESENT="0"/>
		<Files TYPE="PAGINATION_TEMPLATE_BACKGROUND" PRESENT="0"/>
		<Files TYPE="EXTERNAL_FONTS" PRESENT="0"/>
		<Files TYPE="PROFILE" PRESENT="0"/>
	</DataFiles>
	<Entity ENTITY_TYPE="Article" FIRST_TOC_ENTRY_ID="62" INDEX_IN_DOC="69" DEPTH_LEVEL="1" ID="Ar00800" SIZE="Large" BOX="57 260 311 812" NEXT_SECTION="" PREV_SECTION="1" CONTINUATION_TO="Ar00801" IMAGES_RESOLUTION="160" TOTAL_CHARS_COUNT="1191" SUSPICIOUS_CHARS_COUNT="5" WORDCNT="297">
		<Name>XjxJBa. FILLE DU REBOUTEUX</Name>
		<Primitive ID="Ar0080000" BOX="57 284 310 349" ELEMENT_TYPE="HedLine_hl1" SEQ_NO="3" TOC_ENTRY_ID="62" DEPTH_LEVEL="1" POPULAR_STYLE_REF="80"/>
		<Primitive ID="Ar0080001" BOX="57 260 310 284" ELEMENT_TYPE="Content" SEQ_NO="0" TOC_ENTRY_ID="62" DEPTH_LEVEL="1" POPULAR_STYLE_REF="115"/>
		<Primitive ID="Ar0080002" BOX="57 349 310 699" ELEMENT_TYPE="Content" SEQ_NO="1" TOC_ENTRY_ID="62" DEPTH_LEVEL="1" POPULAR_STYLE_REF="72"/>
		<Primitive ID="Ar0080003" BOX="57 705 311 812" ELEMENT_TYPE="Content" SEQ_NO="2" TOC_ENTRY_ID="62" DEPTH_LEVEL="1" POPULAR_STYLE_REF="72"/>
	</Entity>
	<Entity ENTITY_TYPE="Article" FIRST_TOC_ENTRY_ID="62" INDEX_IN_DOC="70" DEPTH_LEVEL="1" ID="Ar00801" SIZE="Large" BOX="322 239 576 813" NEXT_SECTION="" PREV_SECTION="1" CONTINUATION_TO="Ar00900" CONTINUATION_FROM="Ar00800" FIRST_CHUNK="Ar00800" IMAGES_RESOLUTION="160" LOGICAL_NAME="true" TOTAL_CHARS_COUNT="1940" SUSPICIOUS_CHARS_COUNT="0" WORDCNT="459">
		<Name>XjxJBa. FILLE DU REBOUTEUX</Name>
		<Primitive ID="Ar0080100" BOX="322 239 575 530" ELEMENT_TYPE="Content" SEQ_NO="0" TOC_ENTRY_ID="62" DEPTH_LEVEL="1" POPULAR_STYLE_REF="72"/>
		<Primitive ID="Ar0080101" BOX="322 531 575 610" ELEMENT_TYPE="Content" SEQ_NO="1" TOC_ENTRY_ID="62" DEPTH_LEVEL="1" POPULAR_STYLE_REF="72"/>
		<Primitive ID="Ar0080102" BOX="322 614 575 751" ELEMENT_TYPE="Content" SEQ_NO="2" TOC_ENTRY_ID="62" DEPTH_LEVEL="1" POPULAR_STYLE_REF="72"/>
		<Primitive ID="Ar0080103" BOX="323 755 576 813" ELEMENT_TYPE="Content" SEQ_NO="3" TOC_ENTRY_ID="62" DEPTH_LEVEL="1" POPULAR_STYLE_REF="72"/>
	</Entity>
</XMD-PAGE>