<?xml version="1.0" encoding="windows-1252" standalone="no"?>
<XMD-entity REPOSITORY_FORMAT="1.0" PRXML_VER="2.2" ENTITY_TYPE="Ad" DOC_UID="IMP_03/03/2012" DOC_VER="1" FIRST_TOC_ENTRY_ID="296" DEPTH_LEVEL="1" INDEX_IN_DOC="296" PAGE_NO="34" ID="Ad03407" BOX="1044 2012 1700 2202" LANGUAGE="French" SNP="Ad03407S.png" SNP_WIDTH="350" SNP_HEIGHT="102">
	<Meta NAME="Untitled Ad" DESCRIPTION="" SUBTYPE="" BASE_HREF="IMP/2012/03/03" SOURCE_TYPE="TIFF" PUBLICATION="IMP" SECTION="Front Page" ISSUE_DATE="03/03/2012" WORDCNT="39" RELEASE_NO="113-IMP-2012-03-03-0001" PAGE_ID="" PAGE_TYPE="Single" PAGE_WIDTH="879" PAGE_HEIGHT="1304" DEFAULT_IMG_EXT="png" PDF_DESTINATION_MAPPED="OLV0_Entity_0034_0008" IMAGES_RESOLUTION="144" XMD_VER="2.6.241.4" PAGE_LABEL="34" TOTAL_CHARS_COUNT="96" SUSPICIOUS_CHARS_COUNT="0"/>
	<Link SOURCE="113-IMP-2012-03-03-0001.pdf" FIRST_ID="Ar00100" LAST_ID="Pc03613" NEXT_ID="Ad03408" PREV_ID="Ad03406" TOC_ID="W:/Repository/IMP/2012/03/03/TOC.xml"/>
	<DataFiles>
		<Files TYPE="DOC_PDF" PRESENT="1"/>
		<Files TYPE="PAGE_PDF" PRESENT="0"/>
		<Files TYPE="DOC_IMG" PRESENT="0"/>
		<Files TYPE="PAGE_IMG" PRESENT="0"/>
		<Files TYPE="PAGE_VIEW_IMG" PRESENT="1"/>
		<Files TYPE="PAGE_PREVIEW_IMG" PRESENT="1"/>
		<Files TYPE="PRIMITIVE_IMG" PRESENT="1"/>
		<Files TYPE="SNIPPET_IMG" PRESENT="1"/>
		<Files TYPE="SEGMENTATION" PRESENT="0"/>
	</DataFiles>
	<Content>
		<Primitive BOX="1082 2037 1685 2171" ID="Ad0340700" E="N" SEQ_NO="1" TOC_ENTRY_ID="296" DEPTH_LEVEL="1">
			<L BOX="1306 2040 1447 2061"/>
			<W BOX="1306 2040 1326 2061" STYLE_REF="1">La</W>
			<W BOX="1331 2040 1390 2061" STYLE_REF="1">famille</W>
			<W BOX="1395 2040 1415 2061" STYLE_REF="1">de</W>
			<W BOX="1420 2040 1447 2061" STYLE_REF="1">feu</W>
			<L BOX="1217 2076 1536 2126" P="S"/>
			<W BOX="1217 2076 1319 2126" STYLE_REF="2">Willy</W>
			<W BOX="1329 2076 1536 2126" STYLE_REF="2">BEUCHAT</W>
			<L BOX="1082 2135 1671 2157" P="S"/>
			<W BOX="1082 2135 1157 2157" STYLE_REF="1">remercie</W>
			<W BOX="1162 2135 1215 2157" STYLE_REF="1">toutes</W>
			<W BOX="1219 2135 1242 2157" STYLE_REF="1">les</W>
			<W BOX="1247 2135 1334 2157" STYLE_REF="1">personnes</W>
			<W BOX="1339 2135 1379 2157" STYLE_REF="1">pour</W>
			<W BOX="1384 2135 1418 2157" STYLE_REF="1">leur</W>
			<W BOX="1423 2135 1486 2157" STYLE_REF="1">soutien</W>
			<W BOX="1490 2135 1522 2157" STYLE_REF="1">lors</W>
			<W BOX="1527 2135 1547 2157" STYLE_REF="1">de</W>
			<W BOX="1552 2135 1571 2157" STYLE_REF="1">ce</W>
			<W BOX="1576 2135 1618 2157" STYLE_REF="1">deuil</W>
			<W BOX="1623 2135 1665 2157" STYLE_REF="1" NS="y">subit</W>
			<W BOX="1665 2135 1671 2157" STYLE_REF="1">.</W>
			<L BOX="1639 2161 1685 2171" P="S"/>
			<Q BOX="1639 2161 1653 2171" STYLE_REF="3" QID="1">132</Q>
			<Q BOX="1653 2161 1655 2171" STYLE_REF="3" LH="y" QID="1">-</Q>
			<q BOX="1655 2161 1685 2171" STYLE_REF="3" QID="1">250430</q>
			<QW QID="1">132-250430</QW>
		</Primitive>
		<Primitive BOX="1044 2012 1700 2202" ID="Ad0340701" E="N" SEQ_NO="2" TOC_ENTRY_ID="296" DEPTH_LEVEL="1"/>
	</Content>
	<AdFrame>
		<Img BOX="1044 2012 1700 2202" ID="Ad0340702" HREF="/34/Img/Ad0340702.png" TOC_ENTRY_ID="296" SEQ_NO="0"/>
	</AdFrame>
</XMD-entity>