<?xml version="1.0" encoding="windows-1252" standalone="no"?>
<XMD-PAGE REPOSITORY_FORMAT="1.0" PRXML_VER="2.2">
	<Meta ISSUE_DATE="03/03/2012" RELEASE_NO="113-IMP-2012-03-03-0001" PAGE_NO="34" NAME="" PAGE_LABEL="34" PAGE_TYPE="Single" PUBLISHER="Olive" PUBLICATION="IMP" SOURCE_TYPE="TIFF" SOURCE_RESOLUTION="72" IMAGES_RESOLUTION="144" PAGE_THUMBNAIL_RESOLUTION="72" PAGE_PREVIEW_RESOLUTION="15" DEFAULT_IMG_EXT="png" IMG_EXT="png" PREVIEW_IMG_EXT="png" XMD_VER="2.6.241.4" PROFILE_ID="W:\Batch\Profile\IMP-2012-03-03.ini" SECTION="Front Page" PAGE_WIDTH="879" PAGE_HEIGHT="1304" PAGES_NUMBER="36" BASE_HREF="IMP/2012/03/03" PDF_DESTINATION_MAPPED="OLV0_Page_0034" TOTAL_CHARS_COUNT="7650" SUSPICIOUS_CHARS_COUNT="0">
		<Resolutions>
			<Resolution DEFAULT="true">72</Resolution>
			<Resolution>120</Resolution>
			<Resolution>144</Resolution>
		</Resolutions>
		<Links>
			<Lnk TYPE="EML" LNK_ID="LNK_34_0">
				<Target>neuchatel@publicitas.ch</Target>
			</Lnk>
			<Lnk TYPE="EML" LNK_ID="LNK_34_1">
				<Target>littoral@lexpress.ch</Target>
			</Lnk>
			<Lnk TYPE="EML" LNK_ID="LNK_34_2">
				<Target>redaction@arpresse.ch</Target>
			</Lnk>
			<Lnk TYPE="EML" LNK_ID="LNK_34_3">
				<Target>vallees@lexpress.ch</Target>
			</Lnk>
			<Lnk TYPE="EML" LNK_ID="LNK_34_4">
				<Target>redaction@limpartial.ch</Target>
			</Lnk>
			<Lnk TYPE="EML" LNK_ID="LNK_34_5">
				<Target>redaction@limpartial.ch</Target>
			</Lnk>
			<Lnk TYPE="EML" LNK_ID="LNK_34_6">
				<Target>montagnes@limpartial.ch</Target>
			</Lnk>
			<Lnk TYPE="EML" LNK_ID="LNK_34_7">
				<Target>redaction@lexpress.ch</Target>
			</Lnk>
			<Lnk TYPE="EML" LNK_ID="LNK_34_8">
				<Target>redaction@arpresse.ch</Target>
			</Lnk>
			<Lnk TYPE="EML" LNK_ID="LNK_34_9">
				<Target>jura.bernois@limpartial.ch</Target>
			</Lnk>
			<Lnk TYPE="EML" LNK_ID="LNK_34_10">
				<Target>jura.canton@limpartial.ch</Target>
			</Lnk>
			<Lnk TYPE="EML" LNK_ID="LNK_34_11">
				<Target>webmaster@arcinfo.ch</Target>
			</Lnk>
			<Lnk TYPE="EML" LNK_ID="LNK_34_12">
				<Target>sport@limpartial.ch</Target>
			</Lnk>
			<Lnk TYPE="EML" LNK_ID="LNK_34_13">
				<Target>ne.canton@limpartial.ch</Target>
			</Lnk>
			<Lnk TYPE="EML" LNK_ID="LNK_34_14">
				<Target>forum@limpartial.ch</Target>
			</Lnk>
			<Lnk TYPE="EML" LNK_ID="LNK_34_15">
				<Target>magazine@limpartial.ch</Target>
			</Lnk>
			<Sources>
				<Box LNK_ID="LNK_34_0">28 218 112 227</Box>
				<Box LNK_ID="LNK_34_1">197 1160 246 1166</Box>
				<Box LNK_ID="LNK_34_2">361 1160 420 1167</Box>
				<Box LNK_ID="LNK_34_3">197 1168 248 1174</Box>
				<Box LNK_ID="LNK_34_4">361 1186 422 1192</Box>
				<Box LNK_ID="LNK_34_5">32 1190 93 1196</Box>
				<Box LNK_ID="LNK_34_6">197 1192 262 1198</Box>
				<Box LNK_ID="LNK_34_7">32 1201 90 1207</Box>
				<Box LNK_ID="LNK_34_8">361 1204 420 1211</Box>
				<Box LNK_ID="LNK_34_9">197 1216 263 1222</Box>
				<Box LNK_ID="LNK_34_10">197 1224 261 1230</Box>
				<Box LNK_ID="LNK_34_11">361 1231 420 1237</Box>
				<Box LNK_ID="LNK_34_12">197 1247 247 1253</Box>
				<Box LNK_ID="LNK_34_13">32 1253 94 1259</Box>
				<Box LNK_ID="LNK_34_14">32 1263 84 1270</Box>
				<Box LNK_ID="LNK_34_15">197 1263 258 1270</Box>
			</Sources>
		</Links>
	</Meta>
	<Link SOURCE="113-IMP-2012-03-03-0001.pdf" NEXT_SECTION="" PREV_SECTION=""/>
	<DataFiles>
		<Files TYPE="DOC_PDF" PRESENT="1"/>
		<Files TYPE="PAGE_PDF" PRESENT="0"/>
		<Files TYPE="DOC_IMG" PRESENT="0"/>
		<Files TYPE="PAGE_IMG" PRESENT="0"/>
		<Files TYPE="PAGE_VIEW_IMG" PRESENT="1"/>
		<Files TYPE="PAGE_PREVIEW_IMG" PRESENT="1"/>
		<Files TYPE="PRIMITIVE_IMG" PRESENT="1"/>
		<Files TYPE="SNIPPET_IMG" PRESENT="1"/>
		<Files TYPE="SEGMENTATION" PRESENT="0"/>
	</DataFiles>
	<Entity ENTITY_TYPE="Article" FIRST_TOC_ENTRY_ID="290" INDEX_IN_DOC="290" DEPTH_LEVEL="1" ID="Ar03400" SIZE="Large" BOX="191 118 521 1086" NEXT_SECTION="" PREV_SECTION="" IMAGES_RESOLUTION="144" TOTAL_CHARS_COUNT="3609" SUSPICIOUS_CHARS_COUNT="0" WORDCNT="1099">
		<Name>ADRESSES UTILES</Name>
		<Primitive ID="Ar0340000" BOX="195 205 342 233" ELEMENT_TYPE="HedLine_hl1" SEQ_NO="0" TOC_ENTRY_ID="290" DEPTH_LEVEL="1"/>
		<Primitive ID="Ar0340001" BOX="191 243 351 328" ELEMENT_TYPE="Content" SEQ_NO="1" TOC_ENTRY_ID="290" DEPTH_LEVEL="1"/>
		<Primitive ID="Ar0340002" BOX="191 332 351 493" ELEMENT_TYPE="Content" SEQ_NO="2" TOC_ENTRY_ID="290" DEPTH_LEVEL="1"/>
		<Primitive ID="Ar0340003" BOX="191 495 353 819" ELEMENT_TYPE="Content" SEQ_NO="3" TOC_ENTRY_ID="290" DEPTH_LEVEL="1"/>
		<Primitive ID="Ar0340004" BOX="191 820 354 1086" ELEMENT_TYPE="Content" SEQ_NO="4" TOC_ENTRY_ID="290" DEPTH_LEVEL="1"/>
		<Primitive ID="Ar0340005" BOX="357 118 518 355" ELEMENT_TYPE="Content" SEQ_NO="5" TOC_ENTRY_ID="290" DEPTH_LEVEL="1"/>
		<Primitive ID="Ar0340006" BOX="357 357 518 487" ELEMENT_TYPE="Content" SEQ_NO="6" TOC_ENTRY_ID="290" DEPTH_LEVEL="1"/>
		<Primitive ID="Ar0340007" BOX="357 489 521 740" ELEMENT_TYPE="Content" SEQ_NO="7" TOC_ENTRY_ID="290" DEPTH_LEVEL="1"/>
		<Primitive ID="Ar0340008" BOX="357 742 521 894" ELEMENT_TYPE="Content" SEQ_NO="8" TOC_ENTRY_ID="290" DEPTH_LEVEL="1"/>
		<Primitive ID="Ar0340009" BOX="357 896 520 1086" ELEMENT_TYPE="Content" SEQ_NO="9" TOC_ENTRY_ID="290" DEPTH_LEVEL="1"/>
	</Entity>
	<Entity ENTITY_TYPE="Article" FIRST_TOC_ENTRY_ID="286" INDEX_IN_DOC="286" DEPTH_LEVEL="1" ID="Ar03401" SIZE="Small" BOX="18 793 187 925" NEXT_SECTION="" PREV_SECTION="" IMAGES_RESOLUTION="144" TOTAL_CHARS_COUNT="0" SUSPICIOUS_CHARS_COUNT="0" WORDCNT="0">
		<Name>Untitled Article</Name>
		<Primitive ID="Ar0340100" BOX="18 793 187 925" ELEMENT_TYPE="Content" SEQ_NO="0" TOC_ENTRY_ID="286" DEPTH_LEVEL="1"/>
	</Entity>
	<Entity ENTITY_TYPE="Article" FIRST_TOC_ENTRY_ID="289" INDEX_IN_DOC="289" DEPTH_LEVEL="1" ID="Ar03402" SIZE="Medium" BOX="27 1103 519 1275" NEXT_SECTION="" PREV_SECTION="" IMAGES_RESOLUTION="144" TOTAL_CHARS_COUNT="1576" SUSPICIOUS_CHARS_COUNT="0" WORDCNT="364">
		<Name>IMPRESSUM</Name>
		<Primitive ID="Ar0340200" BOX="31 1103 157 1132" ELEMENT_TYPE="HedLine_hl1" SEQ_NO="0" TOC_ENTRY_ID="289" DEPTH_LEVEL="1"/>
		<Primitive ID="Ar0340201" BOX="157 1103 501 1132" ELEMENT_TYPE="Content" SEQ_NO="1" TOC_ENTRY_ID="289" DEPTH_LEVEL="1"/>
		<Primitive ID="Ar0340202" BOX="27 1133 187 1275" ELEMENT_TYPE="Content" SEQ_NO="2" TOC_ENTRY_ID="289" DEPTH_LEVEL="1"/>
		<Primitive ID="Ar0340203" BOX="192 1133 348 1275" ELEMENT_TYPE="Content" SEQ_NO="3" TOC_ENTRY_ID="289" DEPTH_LEVEL="1"/>
		<Primitive ID="Ar0340204" BOX="356 1133 519 1275" ELEMENT_TYPE="Content" SEQ_NO="4" TOC_ENTRY_ID="289" DEPTH_LEVEL="1"/>
	</Entity>
	<Entity ENTITY_TYPE="Ad" FIRST_TOC_ENTRY_ID="292" INDEX_IN_DOC="292" DEPTH_LEVEL="1" ID="Ad03403" SIZE="Large" BOX="522 114 850 497" NEXT_SECTION="" PREV_SECTION="" IMAGES_RESOLUTION="144" TOTAL_CHARS_COUNT="694" SUSPICIOUS_CHARS_COUNT="0" WORDCNT="271">
		<Name>Untitled Ad</Name>
		<Primitive ID="Ad0340300" BOX="525 120 583 129" ELEMENT_TYPE="Content" SEQ_NO="1" TOC_ENTRY_ID="292" DEPTH_LEVEL="1"/>
		<Primitive ID="Ad0340301" BOX="533 142 841 481" ELEMENT_TYPE="Content" SEQ_NO="2" TOC_ENTRY_ID="292" DEPTH_LEVEL="1"/>
		<Primitive ID="Ad0340302" BOX="522 114 850 497" ELEMENT_TYPE="Content" SEQ_NO="3" TOC_ENTRY_ID="292" DEPTH_LEVEL="1" E="N"/>
		<Primitive ID="Ad0340303" BOX="522 114 850 497" ELEMENT_TYPE="AdFrame" SEQ_NO="0" TOC_ENTRY_ID="292" DEPTH_LEVEL="1" I_RES="108"/>
	</Entity>
	<Entity ENTITY_TYPE="Ad" FIRST_TOC_ENTRY_ID="293" INDEX_IN_DOC="293" DEPTH_LEVEL="1" ID="Ad03404" SIZE="Small" BOX="522 497 850 645" NEXT_SECTION="" PREV_SECTION="" IMAGES_RESOLUTION="144" TOTAL_CHARS_COUNT="169" SUSPICIOUS_CHARS_COUNT="0" WORDCNT="79">
		<Name>Untitled Ad</Name>
		<Primitive ID="Ad0340400" BOX="609 510 765 593" ELEMENT_TYPE="Content" SEQ_NO="1" TOC_ENTRY_ID="293" DEPTH_LEVEL="1" E="N"/>
		<Primitive ID="Ad0340401" BOX="561 595 813 623" ELEMENT_TYPE="Content" SEQ_NO="2" TOC_ENTRY_ID="293" DEPTH_LEVEL="1" E="N"/>
		<Primitive ID="Ad0340402" BOX="818 624 841 629" ELEMENT_TYPE="Content" SEQ_NO="3" TOC_ENTRY_ID="293" DEPTH_LEVEL="1" E="N"/>
		<Primitive ID="Ad0340403" BOX="522 497 850 645" ELEMENT_TYPE="Content" SEQ_NO="4" TOC_ENTRY_ID="293" DEPTH_LEVEL="1" E="N"/>
		<Primitive ID="Ad0340404" BOX="522 497 850 645" ELEMENT_TYPE="AdFrame" SEQ_NO="0" TOC_ENTRY_ID="293" DEPTH_LEVEL="1"/>
	</Entity>
	<Entity ENTITY_TYPE="Ad" FIRST_TOC_ENTRY_ID="294" INDEX_IN_DOC="294" DEPTH_LEVEL="1" ID="Ad03405" SIZE="Small" BOX="522 645 850 785" NEXT_SECTION="" PREV_SECTION="" IMAGES_RESOLUTION="144" TOTAL_CHARS_COUNT="179" SUSPICIOUS_CHARS_COUNT="0" WORDCNT="73">
		<Name>Untitled Ad</Name>
		<Primitive ID="Ad0340500" BOX="537 656 837 769" ELEMENT_TYPE="Content" SEQ_NO="1" TOC_ENTRY_ID="294" DEPTH_LEVEL="1" E="N"/>
		<Primitive ID="Ad0340501" BOX="522 645 850 785" ELEMENT_TYPE="Content" SEQ_NO="2" TOC_ENTRY_ID="294" DEPTH_LEVEL="1" E="N"/>
		<Primitive ID="Ad0340502" BOX="522 645 850 785" ELEMENT_TYPE="AdFrame" SEQ_NO="0" TOC_ENTRY_ID="294" DEPTH_LEVEL="1"/>
	</Entity>
	<Entity ENTITY_TYPE="Ad" FIRST_TOC_ENTRY_ID="295" INDEX_IN_DOC="295" DEPTH_LEVEL="1" ID="Ad03406" SIZE="Medium" BOX="522 785 850 1006" NEXT_SECTION="" PREV_SECTION="" IMAGES_RESOLUTION="144" TOTAL_CHARS_COUNT="378" SUSPICIOUS_CHARS_COUNT="0" WORDCNT="161">
		<Name>Untitled Ad</Name>
		<Primitive ID="Ad0340600" BOX="526 793 581 803" ELEMENT_TYPE="Content" SEQ_NO="1" TOC_ENTRY_ID="295" DEPTH_LEVEL="1" E="N"/>
		<Primitive ID="Ad0340601" BOX="536 823 842 990" ELEMENT_TYPE="Content" SEQ_NO="2" TOC_ENTRY_ID="295" DEPTH_LEVEL="1" E="N"/>
		<Primitive ID="Ad0340602" BOX="522 785 850 1006" ELEMENT_TYPE="Content" SEQ_NO="3" TOC_ENTRY_ID="295" DEPTH_LEVEL="1" E="N"/>
		<Primitive ID="Ad0340603" BOX="522 785 850 1006" ELEMENT_TYPE="AdFrame" SEQ_NO="0" TOC_ENTRY_ID="295" DEPTH_LEVEL="1"/>
	</Entity>
	<Entity ENTITY_TYPE="Ad" FIRST_TOC_ENTRY_ID="296" INDEX_IN_DOC="296" DEPTH_LEVEL="1" ID="Ad03407" SIZE="Small" BOX="522 1006 850 1101" NEXT_SECTION="" PREV_SECTION="" IMAGES_RESOLUTION="144" TOTAL_CHARS_COUNT="96" SUSPICIOUS_CHARS_COUNT="0" WORDCNT="39">
		<Name>Untitled Ad</Name>
		<Primitive ID="Ad0340700" BOX="541 1018 842 1086" ELEMENT_TYPE="Content" SEQ_NO="1" TOC_ENTRY_ID="296" DEPTH_LEVEL="1" E="N"/>
		<Primitive ID="Ad0340701" BOX="522 1006 850 1101" ELEMENT_TYPE="Content" SEQ_NO="2" TOC_ENTRY_ID="296" DEPTH_LEVEL="1" E="N"/>
		<Primitive ID="Ad0340702" BOX="522 1006 850 1101" ELEMENT_TYPE="AdFrame" SEQ_NO="0" TOC_ENTRY_ID="296" DEPTH_LEVEL="1"/>
	</Entity>
	<Entity ENTITY_TYPE="Ad" FIRST_TOC_ENTRY_ID="297" INDEX_IN_DOC="297" DEPTH_LEVEL="1" ID="Ad03408" SIZE="Medium" BOX="522 1101 850 1271" NEXT_SECTION="" PREV_SECTION="" IMAGES_RESOLUTION="144" TOTAL_CHARS_COUNT="310" SUSPICIOUS_CHARS_COUNT="0" WORDCNT="117">
		<Name>Untitled Ad</Name>
		<Primitive ID="Ad0340800" BOX="625 1112 824 1210" ELEMENT_TYPE="Content" SEQ_NO="1" TOC_ENTRY_ID="297" DEPTH_LEVEL="1" E="N"/>
		<Primitive ID="Ad0340801" BOX="537 1213 839 1267" ELEMENT_TYPE="Content" SEQ_NO="2" TOC_ENTRY_ID="297" DEPTH_LEVEL="1" E="N"/>
		<Primitive ID="Ad0340802" BOX="522 1101 850 1271" ELEMENT_TYPE="Content" SEQ_NO="3" TOC_ENTRY_ID="297" DEPTH_LEVEL="1" E="N"/>
		<Primitive ID="Ad0340803" BOX="522 1101 850 1271" ELEMENT_TYPE="AdFrame" SEQ_NO="0" TOC_ENTRY_ID="297" DEPTH_LEVEL="1"/>
	</Entity>
	<Entity ENTITY_TYPE="Ad" FIRST_TOC_ENTRY_ID="283" INDEX_IN_DOC="283" DEPTH_LEVEL="1" ID="Ad03409" SIZE="Small" BOX="28 243 186 420" NEXT_SECTION="" PREV_SECTION="" IMAGES_RESOLUTION="144" TOTAL_CHARS_COUNT="201" SUSPICIOUS_CHARS_COUNT="0" WORDCNT="83">
		<Name>Untitled Ad</Name>
		<Primitive ID="Ad0340900" BOX="59 254 154 293" ELEMENT_TYPE="Content" SEQ_NO="1" TOC_ENTRY_ID="283" DEPTH_LEVEL="1" E="N"/>
		<Primitive ID="Ad0340901" BOX="37 304 176 327" ELEMENT_TYPE="Content" SEQ_NO="2" TOC_ENTRY_ID="283" DEPTH_LEVEL="1" E="N"/>
		<Primitive ID="Ad0340902" BOX="54 339 176 401" ELEMENT_TYPE="Content" SEQ_NO="3" TOC_ENTRY_ID="283" DEPTH_LEVEL="1" E="N"/>
		<Primitive ID="Ad0340903" BOX="28 243 186 420" ELEMENT_TYPE="Content" SEQ_NO="4" TOC_ENTRY_ID="283" DEPTH_LEVEL="1" E="N"/>
		<Primitive ID="Ad0340904" BOX="28 243 186 420" ELEMENT_TYPE="AdFrame" SEQ_NO="0" TOC_ENTRY_ID="283" DEPTH_LEVEL="1"/>
	</Entity>
	<Entity ENTITY_TYPE="Ad" FIRST_TOC_ENTRY_ID="284" INDEX_IN_DOC="284" DEPTH_LEVEL="1" ID="Ad03410" SIZE="Small" BOX="28 420 186 605" NEXT_SECTION="" PREV_SECTION="" IMAGES_RESOLUTION="144" TOTAL_CHARS_COUNT="181" SUSPICIOUS_CHARS_COUNT="0" WORDCNT="79">
		<Name>Untitled Ad</Name>
		<Primitive ID="Ad0341000" BOX="45 440 168 494" ELEMENT_TYPE="Content" SEQ_NO="1" TOC_ENTRY_ID="284" DEPTH_LEVEL="1" E="N"/>
		<Primitive ID="Ad0341001" BOX="37 505 176 584" ELEMENT_TYPE="Content" SEQ_NO="2" TOC_ENTRY_ID="284" DEPTH_LEVEL="1" E="N"/>
		<Primitive ID="Ad0341002" BOX="28 420 186 605" ELEMENT_TYPE="Content" SEQ_NO="3" TOC_ENTRY_ID="284" DEPTH_LEVEL="1" E="N"/>
		<Primitive ID="Ad0341003" BOX="28 420 186 605" ELEMENT_TYPE="AdFrame" SEQ_NO="0" TOC_ENTRY_ID="284" DEPTH_LEVEL="1"/>
	</Entity>
	<Entity ENTITY_TYPE="Ad" FIRST_TOC_ENTRY_ID="285" INDEX_IN_DOC="285" DEPTH_LEVEL="1" ID="Ad03411" SIZE="Small" BOX="28 605 186 777" NEXT_SECTION="" PREV_SECTION="" IMAGES_RESOLUTION="144" TOTAL_CHARS_COUNT="111" SUSPICIOUS_CHARS_COUNT="0" WORDCNT="35">
		<Name>Untitled Ad</Name>
		<Primitive ID="Ad0341100" BOX="59 623 154 654" ELEMENT_TYPE="Content" SEQ_NO="1" TOC_ENTRY_ID="285" DEPTH_LEVEL="1" E="N"/>
		<Primitive ID="Ad0341101" BOX="86 668 128 688" ELEMENT_TYPE="Content" SEQ_NO="2" TOC_ENTRY_ID="285" DEPTH_LEVEL="1" E="N"/>
		<Primitive ID="Ad0341102" BOX="73 705 140 716" ELEMENT_TYPE="Content" SEQ_NO="3" TOC_ENTRY_ID="285" DEPTH_LEVEL="1" E="N"/>
		<Primitive ID="Ad0341103" BOX="68 739 145 760" ELEMENT_TYPE="Content" SEQ_NO="4" TOC_ENTRY_ID="285" DEPTH_LEVEL="1" E="N"/>
		<Primitive ID="Ad0341104" BOX="152 765 176 770" ELEMENT_TYPE="Content" SEQ_NO="5" TOC_ENTRY_ID="285" DEPTH_LEVEL="1" E="N"/>
		<Primitive ID="Ad0341105" BOX="28 605 186 777" ELEMENT_TYPE="Content" SEQ_NO="6" TOC_ENTRY_ID="285" DEPTH_LEVEL="1" E="N"/>
		<Primitive ID="Ad0341106" BOX="28 605 186 777" ELEMENT_TYPE="AdFrame" SEQ_NO="0" TOC_ENTRY_ID="285" DEPTH_LEVEL="1"/>
	</Entity>
	<Entity ENTITY_TYPE="Article" FIRST_TOC_ENTRY_ID="282" INDEX_IN_DOC="282" DEPTH_LEVEL="1" ID="Ar03412" SIZE="Small" BOX="22 123 188 238" NEXT_SECTION="" PREV_SECTION="" IMAGES_RESOLUTION="144" TOTAL_CHARS_COUNT="146" SUSPICIOUS_CHARS_COUNT="0" WORDCNT="39">
		<Name>AVIS DE NAISSANCES</Name>
		<Primitive ID="Ar0341200" BOX="29 123 154 169" ELEMENT_TYPE="HedLine_hl1" SEQ_NO="0" TOC_ENTRY_ID="282" DEPTH_LEVEL="1"/>
		<Primitive ID="Ar0341201" BOX="22 176 188 238" ELEMENT_TYPE="Content" SEQ_NO="1" TOC_ENTRY_ID="282" DEPTH_LEVEL="1"/>
	</Entity>
	<Entity ENTITY_TYPE="Picture" FIRST_TOC_ENTRY_ID="291" INDEX_IN_DOC="291" DEPTH_LEVEL="2" ID="Pc03413" SIZE="Small" BOX="199 122 341 196" NEXT_SECTION="" PREV_SECTION="" EMBEDDED_INTO="Ar03400" EMBEDDED_AFTER="Ar0340002" IMAGES_RESOLUTION="144" TOTAL_CHARS_COUNT="0" SUSPICIOUS_CHARS_COUNT="0" WORDCNT="0">
		<Name>Untitled Picture</Name>
		<Primitive ID="Pc0341300" BOX="199 122 341 196" ELEMENT_TYPE="Picture" SEQ_NO="0" TOC_ENTRY_ID="291" DEPTH_LEVEL="2" IMG_EXT="jpg"/>
	</Entity>
	<Entity ENTITY_TYPE="Article" FIRST_TOC_ENTRY_ID="288" INDEX_IN_DOC="288" DEPTH_LEVEL="1" ID="Ar03414" SIZE="Small" BOX="18 973 187 1084" NEXT_SECTION="" PREV_SECTION="" IMAGES_RESOLUTION="144" TOTAL_CHARS_COUNT="0" SUSPICIOUS_CHARS_COUNT="0" WORDCNT="0">
		<Name>Untitled Article</Name>
		<Primitive ID="Ar0341400" BOX="18 973 187 1084" ELEMENT_TYPE="Content" SEQ_NO="0" TOC_ENTRY_ID="288" DEPTH_LEVEL="1"/>
	</Entity>
	<Entity ENTITY_TYPE="Article" FIRST_TOC_ENTRY_ID="287" INDEX_IN_DOC="287" DEPTH_LEVEL="1" ID="Ar03415" SIZE="Small" BOX="18 925 187 973" NEXT_SECTION="" PREV_SECTION="" IMAGES_RESOLUTION="144" TOTAL_CHARS_COUNT="0" SUSPICIOUS_CHARS_COUNT="0" WORDCNT="0">
		<Name>Untitled Article</Name>
		<Primitive ID="Ar0341500" BOX="18 925 187 973" ELEMENT_TYPE="Content" SEQ_NO="0" TOC_ENTRY_ID="287" DEPTH_LEVEL="1"/>
	</Entity>
</XMD-PAGE>