<?xml version="1.0" encoding="windows-1252" standalone="no"?>
<XMD-PAGE REPOSITORY_FORMAT="1.0" PRXML_VER="2.3">
	<Meta ISSUE_DATE="03/09/1901" RELEASE_NO="113-IMP-1901-09-03-0001" PAGE_NO="9" NAME="" PAGE_LABEL="9" PAGE_TYPE="Single" PUBLISHER="Olive" PUBLICATION="IMP" SOURCE_TYPE="TIFF" SOURCE_RESOLUTION="72" IMAGES_RESOLUTION="160" PAGE_THUMBNAIL_RESOLUTION="72" PAGE_PREVIEW_RESOLUTION="15" DEFAULT_IMG_EXT="png" IMG_EXT="png" PREVIEW_IMG_EXT="png" XMD_VER="2.8.100.5" PROFILE_ID="IMP-1901-09-03.ini" SECTION="None" PAGE_WIDTH="632" PAGE_HEIGHT="866" PAGES_NUMBER="10" BASE_HREF="IMP/1901/09/03" PDF_DESTINATION_MAPPED="OLV0_Page_0009" OCR_CONFIDENCE="0.999" TOTAL_CHARS_COUNT="5103" SUSPICIOUS_CHARS_COUNT="7">
		<Resolutions>
			<Resolution DEFAULT="true">72</Resolution>
			<Resolution>144</Resolution>
			<Resolution>160</Resolution>
		</Resolutions>
	</Meta>
	<Link SOURCE="113-IMP-1901-09-03-0001.pdf" NEXT_SECTION="" PREV_SECTION="1"/>
	<DataFiles>
		<Files TYPE="DOC_PDF" PRESENT="1"/>
		<Files TYPE="PAGE_PDF" PRESENT="0"/>
		<Files TYPE="DOC_IMG" PRESENT="0"/>
		<Files TYPE="PAGE_IMG" PRESENT="0"/>
		<Files TYPE="PAGE_VIEW_IMG" PRESENT="1"/>
		<Files TYPE="PAGE_PREVIEW_IMG" PRESENT="1"/>
		<Files TYPE="PRIMITIVE_IMG" PRESENT="1"/>
		<Files TYPE="SNIPPET_IMG" PRESENT="1"/>
		<Files TYPE="SEGMENTATION" PRESENT="0"/>
		<Files TYPE="PAGINATION_TEMPLATE_BACKGROUND" PRESENT="0"/>
		<Files TYPE="EXTERNAL_FONTS" PRESENT="0"/>
		<Files TYPE="PROFILE" PRESENT="0"/>
	</DataFiles>
	<Entity ENTITY_TYPE="Article" FIRST_TOC_ENTRY_ID="62" INDEX_IN_DOC="71" DEPTH_LEVEL="1" ID="Ar00900" SIZE="XLarge" BOX="56 72 311 823" NEXT_SECTION="" PREV_SECTION="1" CONTINUATION_TO="Ar00901" CONTINUATION_FROM="Ar00801" FIRST_CHUNK="Ar00800" IMAGES_RESOLUTION="160" LOGICAL_NAME="true" TOTAL_CHARS_COUNT="2541" SUSPICIOUS_CHARS_COUNT="3" WORDCNT="646">
		<Name>XjxJBa. FILLE DU REBOUTEUX</Name>
		<Primitive ID="Ar0090000" BOX="57 72 311 385" ELEMENT_TYPE="Content" SEQ_NO="0" TOC_ENTRY_ID="62" DEPTH_LEVEL="1" POPULAR_STYLE_REF="2"/>
		<Primitive ID="Ar0090001" BOX="56 388 310 538" ELEMENT_TYPE="Content" SEQ_NO="1" TOC_ENTRY_ID="62" DEPTH_LEVEL="1" POPULAR_STYLE_REF="2"/>
		<Primitive ID="Ar0090002" BOX="57 540 310 823" ELEMENT_TYPE="Content" SEQ_NO="2" TOC_ENTRY_ID="62" DEPTH_LEVEL="1" POPULAR_STYLE_REF="2"/>
	</Entity>
	<Entity ENTITY_TYPE="Article" FIRST_TOC_ENTRY_ID="62" INDEX_IN_DOC="72" DEPTH_LEVEL="1" ID="Ar00901" SIZE="XLarge" BOX="322 73 575 821" NEXT_SECTION="" PREV_SECTION="1" CONTINUATION_TO="Ar01001" CONTINUATION_FROM="Ar00900" FIRST_CHUNK="Ar00800" IMAGES_RESOLUTION="160" LOGICAL_NAME="true" TOTAL_CHARS_COUNT="2562" SUSPICIOUS_CHARS_COUNT="4" WORDCNT="614">
		<Name>XjxJBa. FILLE DU REBOUTEUX</Name>
		<Primitive ID="Ar0090100" BOX="323 73 575 291" ELEMENT_TYPE="Content" SEQ_NO="0" TOC_ENTRY_ID="62" DEPTH_LEVEL="1" POPULAR_STYLE_REF="2"/>
		<Primitive ID="Ar0090101" BOX="322 295 574 515" ELEMENT_TYPE="Content" SEQ_NO="1" TOC_ENTRY_ID="62" DEPTH_LEVEL="1" POPULAR_STYLE_REF="2"/>
		<Primitive ID="Ar0090102" BOX="322 517 574 749" ELEMENT_TYPE="Content" SEQ_NO="2" TOC_ENTRY_ID="62" DEPTH_LEVEL="1" POPULAR_STYLE_REF="2"/>
		<Primitive ID="Ar0090103" BOX="322 753 574 821" ELEMENT_TYPE="Content" SEQ_NO="3" TOC_ENTRY_ID="62" DEPTH_LEVEL="1" POPULAR_STYLE_REF="2"/>
	</Entity>
</XMD-PAGE>