<?xml version="1.0" encoding="windows-1252" standalone="no"?>
<XMD-entity REPOSITORY_FORMAT="1.0" PRXML_VER="2.2" ENTITY_TYPE="Ad" DOC_UID="IMP_03/03/2012" DOC_VER="1" FIRST_TOC_ENTRY_ID="194" DEPTH_LEVEL="1" INDEX_IN_DOC="194" PAGE_NO="24" ID="Ad02404" BOX="550 746 1036 1020" LANGUAGE="French" SNP="Ad02404S.png" SNP_WIDTH="213" SNP_HEIGHT="120">
	<Meta NAME="Untitled Ad" DESCRIPTION="" SUBTYPE="" BASE_HREF="IMP/2012/03/03" SOURCE_TYPE="TIFF" PUBLICATION="IMP" SECTION="Front Page" ISSUE_DATE="03/03/2012" WORDCNT="31" RELEASE_NO="113-IMP-2012-03-03-0001" PAGE_ID="" PAGE_TYPE="Single" PAGE_WIDTH="879" PAGE_HEIGHT="1304" DEFAULT_IMG_EXT="png" PDF_DESTINATION_MAPPED="OLV0_Entity_0024_0005" IMAGES_RESOLUTION="144" XMD_VER="2.6.241.4" PAGE_LABEL="24" TOTAL_CHARS_COUNT="73" SUSPICIOUS_CHARS_COUNT="0">
		<Links>
			<Lnk TYPE="URL" LNK_ID="LNK_24_7">
				<Target>www.publicitas.ch/lachaux-de-fonds</Target>
			</Lnk>
			<Sources>
				<Box LNK_ID="LNK_24_7" PRIM_ID="Ad0240403">610 907 873 924</Box>
			</Sources>
		</Links>
	</Meta>
	<Link SOURCE="113-IMP-2012-03-03-0001.pdf" FIRST_ID="Ar00100" LAST_ID="Pc03613" NEXT_ID="Ad02405" PREV_ID="Ad02403" TOC_ID="W:/Repository/IMP/2012/03/03/TOC.xml"/>
	<DataFiles>
		<Files TYPE="DOC_PDF" PRESENT="1"/>
		<Files TYPE="PAGE_PDF" PRESENT="0"/>
		<Files TYPE="DOC_IMG" PRESENT="0"/>
		<Files TYPE="PAGE_IMG" PRESENT="0"/>
		<Files TYPE="PAGE_VIEW_IMG" PRESENT="1"/>
		<Files TYPE="PAGE_PREVIEW_IMG" PRESENT="1"/>
		<Files TYPE="PRIMITIVE_IMG" PRESENT="1"/>
		<Files TYPE="SNIPPET_IMG" PRESENT="1"/>
		<Files TYPE="SEGMENTATION" PRESENT="0"/>
	</DataFiles>
	<Content>
		<Primitive BOX="610 760 913 899" ID="Ad0240400" E="N" SEQ_NO="1" TOC_ENTRY_ID="194" DEPTH_LEVEL="1">
			<L BOX="610 760 913 805"/>
			<W BOX="610 760 703 805" STYLE_REF="1">Avec</W>
			<W BOX="713 760 805 805" STYLE_REF="1" NS="y">nous</W>
			<W BOX="804 760 815 805" STYLE_REF="1">,</W>
			<W BOX="825 760 913 805" STYLE_REF="1">vous</W>
			<L BOX="610 804 892 849"/>
			<W BOX="610 804 785 849" STYLE_REF="1">atteignez</W>
			<W BOX="795 804 892 849" STYLE_REF="1">votre</W>
			<L BOX="610 848 860 893"/>
			<W BOX="610 848 750 893" STYLE_REF="1">groupe</W>
			<W BOX="760 848 851 893" STYLE_REF="1" NS="y">cible</W>
			<W BOX="849 848 860 893" STYLE_REF="1">.</W>
		</Primitive>
		<Primitive BOX="610 907 873 924" ID="Ad0240401" E="N" SEQ_NO="2" TOC_ENTRY_ID="194" DEPTH_LEVEL="1">
			<L BOX="610 907 873 924"/>
			<W BOX="610 907 648 924" STYLE_REF="1" NS="y">www</W>
			<W BOX="647 907 651 924" STYLE_REF="1" NS="y">.</W>
			<W BOX="651 907 721 924" STYLE_REF="1" NS="y">publicitas</W>
			<W BOX="721 907 725 924" STYLE_REF="1" NS="y">.</W>
			<W BOX="725 907 742 924" STYLE_REF="1" NS="y">ch</W>
			<W BOX="742 907 748 924" STYLE_REF="1" NS="y">/</W>
			<Q BOX="748 907 803 924" STYLE_REF="1" QID="1">lachaux</Q>
			<Q BOX="803 907 808 924" STYLE_REF="1" LH="y" QID="1">-</Q>
			<Q BOX="808 907 827 924" STYLE_REF="1" QID="1">de</Q>
			<Q BOX="827 907 832 924" STYLE_REF="1" LH="y" QID="1">-</Q>
			<q BOX="832 907 873 924" STYLE_REF="1" QID="1">fonds</q>
			<QW QID="1">lachaux-de-fonds</QW>
		</Primitive>
		<Primitive BOX="550 746 1036 1020" ID="Ad0240402" E="N" SEQ_NO="3" TOC_ENTRY_ID="194" DEPTH_LEVEL="1"/>
	</Content>
	<AdFrame>
		<Img BOX="550 746 1036 1020" ID="Ad0240403" HREF="/24/Img/Ad0240403.png" TOC_ENTRY_ID="194" SEQ_NO="0"/>
	</AdFrame>
</XMD-entity>