<?xml version="1.0" encoding="windows-1252" standalone="no"?>
<XMD-PAGE REPOSITORY_FORMAT="1.0" PRXML_VER="2.2">
	<Meta ISSUE_DATE="03/03/2012" RELEASE_NO="113-IMP-2012-03-03-0001" PAGE_NO="24" NAME="" PAGE_LABEL="24" PAGE_TYPE="Single" PUBLISHER="Olive" PUBLICATION="IMP" SOURCE_TYPE="TIFF" SOURCE_RESOLUTION="72" IMAGES_RESOLUTION="144" PAGE_THUMBNAIL_RESOLUTION="72" PAGE_PREVIEW_RESOLUTION="15" DEFAULT_IMG_EXT="png" IMG_EXT="png" PREVIEW_IMG_EXT="png" XMD_VER="2.6.241.4" PROFILE_ID="W:\Batch\Profile\IMP-2012-03-03.ini" SECTION="Front Page" PAGE_WIDTH="879" PAGE_HEIGHT="1304" PAGES_NUMBER="36" BASE_HREF="IMP/2012/03/03" PDF_DESTINATION_MAPPED="OLV0_Page_0024" TOTAL_CHARS_COUNT="10595" SUSPICIOUS_CHARS_COUNT="0">
		<Resolutions>
			<Resolution DEFAULT="true">72</Resolution>
			<Resolution>120</Resolution>
			<Resolution>144</Resolution>
		</Resolutions>
		<Links>
			<Lnk TYPE="EML" LNK_ID="LNK_24_0">
				<Target>creche.uni@unine.ch</Target>
			</Lnk>
			<Lnk TYPE="EML" LNK_ID="LNK_24_1">
				<Target>info@frij.ch</Target>
			</Lnk>
			<Lnk TYPE="URL" LNK_ID="LNK_24_2">
				<Target>www.frij.ch</Target>
			</Lnk>
			<Lnk TYPE="EML" LNK_ID="LNK_24_3">
				<Target>ressources.humaines@unine.ch</Target>
			</Lnk>
			<Lnk TYPE="EML" LNK_ID="LNK_24_4">
				<Target>sp@bienair.com</Target>
			</Lnk>
			<Lnk TYPE="URL" LNK_ID="LNK_24_5">
				<Target>www.bienair.com</Target>
			</Lnk>
			<Lnk TYPE="URL" LNK_ID="LNK_24_6">
				<Target>www.frij.ch</Target>
			</Lnk>
			<Lnk TYPE="URL" LNK_ID="LNK_24_7">
				<Target>www.publicitas.ch/lachaux-de-fonds</Target>
			</Lnk>
			<Lnk TYPE="URL" LNK_ID="LNK_24_8">
				<Target>www.grange-casino.ch</Target>
			</Lnk>
			<Lnk TYPE="URL" LNK_ID="LNK_24_9">
				<Target>www.erap.ch</Target>
			</Lnk>
			<Lnk TYPE="EML" LNK_ID="LNK_24_10">
				<Target>programmation@grange-casino.ch</Target>
			</Lnk>
			<Lnk TYPE="EML" LNK_ID="LNK_24_11">
				<Target>hugues.froidevaux@bienair.com</Target>
			</Lnk>
			<Lnk TYPE="URL" LNK_ID="LNK_24_12">
				<Target>www.bienairsurgery.com</Target>
			</Lnk>
			<Lnk TYPE="URL" LNK_ID="LNK_24_13">
				<Target>www.ne.ch/OffresEmploi</Target>
			</Lnk>
			<Sources>
				<Box LNK_ID="LNK_24_0">385 293 458 302</Box>
				<Box LNK_ID="LNK_24_1">85 333 118 340</Box>
				<Box LNK_ID="LNK_24_2">84 342 118 349</Box>
				<Box LNK_ID="LNK_24_3">288 343 399 352</Box>
				<Box LNK_ID="LNK_24_4">553 400 607 408</Box>
				<Box LNK_ID="LNK_24_5">611 400 668 408</Box>
				<Box LNK_ID="LNK_24_6">83 445 125 455</Box>
				<Box LNK_ID="LNK_24_7">305 454 436 462</Box>
				<Box LNK_ID="LNK_24_8">635 662 717 669</Box>
				<Box LNK_ID="LNK_24_9">325 679 375 687</Box>
				<Box LNK_ID="LNK_24_10">638 728 761 736</Box>
				<Box LNK_ID="LNK_24_11">552 1157 659 1164</Box>
				<Box LNK_ID="LNK_24_12">663 1157 746 1164</Box>
				<Box LNK_ID="LNK_24_13">38 1182 186 1195</Box>
			</Sources>
		</Links>
	</Meta>
	<Link SOURCE="113-IMP-2012-03-03-0001.pdf" NEXT_SECTION="" PREV_SECTION=""/>
	<DataFiles>
		<Files TYPE="DOC_PDF" PRESENT="1"/>
		<Files TYPE="PAGE_PDF" PRESENT="0"/>
		<Files TYPE="DOC_IMG" PRESENT="0"/>
		<Files TYPE="PAGE_IMG" PRESENT="0"/>
		<Files TYPE="PAGE_VIEW_IMG" PRESENT="1"/>
		<Files TYPE="PAGE_PREVIEW_IMG" PRESENT="1"/>
		<Files TYPE="PRIMITIVE_IMG" PRESENT="1"/>
		<Files TYPE="SNIPPET_IMG" PRESENT="1"/>
		<Files TYPE="SEGMENTATION" PRESENT="0"/>
	</DataFiles>
	<Entity ENTITY_TYPE="Ad" FIRST_TOC_ENTRY_ID="189" INDEX_IN_DOC="189" DEPTH_LEVEL="1" ID="Ad02400" SIZE="Medium" BOX="31 22 275 278" NEXT_SECTION="" PREV_SECTION="" IMAGES_RESOLUTION="144" TOTAL_CHARS_COUNT="760" SUSPICIOUS_CHARS_COUNT="0" WORDCNT="357">
		<Name>Untitled Ad</Name>
		<Primitive ID="Ad0240000" BOX="38 61 265 227" ELEMENT_TYPE="Content" SEQ_NO="1" TOC_ENTRY_ID="189" DEPTH_LEVEL="1" E="N"/>
		<Primitive ID="Ad0240001" BOX="102 232 201 262" ELEMENT_TYPE="Content" SEQ_NO="2" TOC_ENTRY_ID="189" DEPTH_LEVEL="1" E="N"/>
		<Primitive ID="Ad0240002" BOX="31 22 275 278" ELEMENT_TYPE="Content" SEQ_NO="3" TOC_ENTRY_ID="189" DEPTH_LEVEL="1" E="N"/>
		<Primitive ID="Ad0240003" BOX="31 22 275 278" ELEMENT_TYPE="AdFrame" SEQ_NO="0" TOC_ENTRY_ID="189" DEPTH_LEVEL="1"/>
	</Entity>
	<Entity ENTITY_TYPE="Ad" FIRST_TOC_ENTRY_ID="193" INDEX_IN_DOC="193" DEPTH_LEVEL="1" ID="Ad02401" SIZE="Medium" BOX="275 22 518 373" NEXT_SECTION="" PREV_SECTION="" IMAGES_RESOLUTION="144" TOTAL_CHARS_COUNT="1092" SUSPICIOUS_CHARS_COUNT="0" WORDCNT="519">
		<Name>Untitled Ad</Name>
		<Primitive ID="Ad0240100" BOX="288 96 509 352" ELEMENT_TYPE="Content" SEQ_NO="1" TOC_ENTRY_ID="193" DEPTH_LEVEL="1"/>
		<Primitive ID="Ad0240101" BOX="275 22 518 373" ELEMENT_TYPE="Content" SEQ_NO="2" TOC_ENTRY_ID="193" DEPTH_LEVEL="1" E="N"/>
		<Primitive ID="Ad0240102" BOX="275 22 518 373" ELEMENT_TYPE="AdFrame" SEQ_NO="0" TOC_ENTRY_ID="193" DEPTH_LEVEL="1" I_RES="118"/>
	</Entity>
	<Entity ENTITY_TYPE="Ad" FIRST_TOC_ENTRY_ID="197" INDEX_IN_DOC="197" DEPTH_LEVEL="1" ID="Ad02402" SIZE="Large" BOX="518 22 851 471" NEXT_SECTION="" PREV_SECTION="" IMAGES_RESOLUTION="144" TOTAL_CHARS_COUNT="1558" SUSPICIOUS_CHARS_COUNT="0" WORDCNT="661">
		<Name>Untitled Ad</Name>
		<Primitive ID="Ad0240200" BOX="553 95 820 159" ELEMENT_TYPE="Content" SEQ_NO="1" TOC_ENTRY_ID="197" DEPTH_LEVEL="1"/>
		<Primitive ID="Ad0240201" BOX="553 165 772 182" ELEMENT_TYPE="Content" SEQ_NO="2" TOC_ENTRY_ID="197" DEPTH_LEVEL="1" E="N"/>
		<Primitive ID="Ad0240202" BOX="553 194 820 408" ELEMENT_TYPE="Content" SEQ_NO="3" TOC_ENTRY_ID="197" DEPTH_LEVEL="1"/>
		<Primitive ID="Ad0240203" BOX="518 22 851 471" ELEMENT_TYPE="Content" SEQ_NO="4" TOC_ENTRY_ID="197" DEPTH_LEVEL="1" E="N"/>
		<Primitive ID="Ad0240204" BOX="518 22 851 471" ELEMENT_TYPE="AdFrame" SEQ_NO="0" TOC_ENTRY_ID="197" DEPTH_LEVEL="1" I_RES="92"/>
	</Entity>
	<Entity ENTITY_TYPE="Ad" FIRST_TOC_ENTRY_ID="190" INDEX_IN_DOC="190" DEPTH_LEVEL="1" ID="Ad02403" SIZE="Medium" BOX="31 278 275 510" NEXT_SECTION="" PREV_SECTION="" IMAGES_RESOLUTION="144" TOTAL_CHARS_COUNT="588" SUSPICIOUS_CHARS_COUNT="0" WORDCNT="317">
		<Name>Untitled Ad</Name>
		<Primitive ID="Ad0240300" BOX="129 298 245 351" ELEMENT_TYPE="Content" SEQ_NO="1" TOC_ENTRY_ID="190" DEPTH_LEVEL="1" E="N"/>
		<Primitive ID="Ad0240301" BOX="57 299 118 349" ELEMENT_TYPE="Content" SEQ_NO="2" TOC_ENTRY_ID="190" DEPTH_LEVEL="1" E="N"/>
		<Primitive ID="Ad0240302" BOX="130 355 204 360" ELEMENT_TYPE="Content" SEQ_NO="3" TOC_ENTRY_ID="190" DEPTH_LEVEL="1" E="N"/>
		<Primitive ID="Ad0240303" BOX="46 371 256 493" ELEMENT_TYPE="Content" SEQ_NO="4" TOC_ENTRY_ID="190" DEPTH_LEVEL="1" E="N"/>
		<Primitive ID="Ad0240304" BOX="31 278 275 510" ELEMENT_TYPE="Content" SEQ_NO="5" TOC_ENTRY_ID="190" DEPTH_LEVEL="1" E="N"/>
		<Primitive ID="Ad0240305" BOX="31 278 275 510" ELEMENT_TYPE="AdFrame" SEQ_NO="0" TOC_ENTRY_ID="190" DEPTH_LEVEL="1"/>
	</Entity>
	<Entity ENTITY_TYPE="Ad" FIRST_TOC_ENTRY_ID="194" INDEX_IN_DOC="194" DEPTH_LEVEL="1" ID="Ad02404" SIZE="Small" BOX="275 373 518 510" NEXT_SECTION="" PREV_SECTION="" IMAGES_RESOLUTION="144" TOTAL_CHARS_COUNT="73" SUSPICIOUS_CHARS_COUNT="0" WORDCNT="31">
		<Name>Untitled Ad</Name>
		<Primitive ID="Ad0240400" BOX="305 380 456 449" ELEMENT_TYPE="Content" SEQ_NO="1" TOC_ENTRY_ID="194" DEPTH_LEVEL="1" E="N"/>
		<Primitive ID="Ad0240401" BOX="305 454 436 462" ELEMENT_TYPE="Content" SEQ_NO="2" TOC_ENTRY_ID="194" DEPTH_LEVEL="1" E="N"/>
		<Primitive ID="Ad0240402" BOX="275 373 518 510" ELEMENT_TYPE="Content" SEQ_NO="3" TOC_ENTRY_ID="194" DEPTH_LEVEL="1" E="N"/>
		<Primitive ID="Ad0240403" BOX="275 373 518 510" ELEMENT_TYPE="AdFrame" SEQ_NO="0" TOC_ENTRY_ID="194" DEPTH_LEVEL="1"/>
	</Entity>
	<Entity ENTITY_TYPE="Ad" FIRST_TOC_ENTRY_ID="198" INDEX_IN_DOC="198" DEPTH_LEVEL="1" ID="Ad02405" SIZE="Medium" BOX="518 471 851 758" NEXT_SECTION="" PREV_SECTION="" IMAGES_RESOLUTION="144" TOTAL_CHARS_COUNT="890" SUSPICIOUS_CHARS_COUNT="0" WORDCNT="393">
		<Name>Untitled Ad</Name>
		<Primitive ID="Ad0240500" BOX="534 540 837 679" ELEMENT_TYPE="Content" SEQ_NO="1" TOC_ENTRY_ID="198" DEPTH_LEVEL="1" E="N"/>
		<Primitive ID="Ad0240501" BOX="534 682 761 736" ELEMENT_TYPE="Content" SEQ_NO="2" TOC_ENTRY_ID="198" DEPTH_LEVEL="1" E="N"/>
		<Primitive ID="Ad0240502" BOX="518 471 851 758" ELEMENT_TYPE="Content" SEQ_NO="3" TOC_ENTRY_ID="198" DEPTH_LEVEL="1" E="N"/>
		<Primitive ID="Ad0240503" BOX="518 471 851 758" ELEMENT_TYPE="AdFrame" SEQ_NO="0" TOC_ENTRY_ID="198" DEPTH_LEVEL="1"/>
	</Entity>
	<Entity ENTITY_TYPE="Ad" FIRST_TOC_ENTRY_ID="191" INDEX_IN_DOC="191" DEPTH_LEVEL="1" ID="Ad02406" SIZE="Small" BOX="31 510 190 706" NEXT_SECTION="" PREV_SECTION="" IMAGES_RESOLUTION="144" TOTAL_CHARS_COUNT="0" SUSPICIOUS_CHARS_COUNT="0" WORDCNT="0">
		<Name>Untitled Ad</Name>
		<Primitive ID="Ad0240600" BOX="31 510 190 706" ELEMENT_TYPE="Content" SEQ_NO="1" TOC_ENTRY_ID="191" DEPTH_LEVEL="1" E="N"/>
		<Primitive ID="Ad0240601" BOX="31 510 190 706" ELEMENT_TYPE="AdFrame" SEQ_NO="0" TOC_ENTRY_ID="191" DEPTH_LEVEL="1" I_RES="130"/>
	</Entity>
	<Entity ENTITY_TYPE="Ad" FIRST_TOC_ENTRY_ID="195" INDEX_IN_DOC="195" DEPTH_LEVEL="1" ID="Ad02407" SIZE="Medium" BOX="190 510 518 706" NEXT_SECTION="" PREV_SECTION="" IMAGES_RESOLUTION="144" TOTAL_CHARS_COUNT="444" SUSPICIOUS_CHARS_COUNT="0" WORDCNT="228">
		<Name>Untitled Ad</Name>
		<Primitive ID="Ad0240700" BOX="206 604 507 687" ELEMENT_TYPE="Content" SEQ_NO="1" TOC_ENTRY_ID="195" DEPTH_LEVEL="1" E="N"/>
		<Primitive ID="Ad0240701" BOX="190 510 518 706" ELEMENT_TYPE="Content" SEQ_NO="2" TOC_ENTRY_ID="195" DEPTH_LEVEL="1" E="N"/>
		<Primitive ID="Ad0240702" BOX="190 510 518 706" ELEMENT_TYPE="AdFrame" SEQ_NO="0" TOC_ENTRY_ID="195" DEPTH_LEVEL="1"/>
	</Entity>
	<Entity ENTITY_TYPE="Ad" FIRST_TOC_ENTRY_ID="192" INDEX_IN_DOC="192" DEPTH_LEVEL="1" ID="Ad02408" SIZE="Large" BOX="31 706 269 1272" NEXT_SECTION="" PREV_SECTION="" IMAGES_RESOLUTION="144" TOTAL_CHARS_COUNT="1820" SUSPICIOUS_CHARS_COUNT="0" WORDCNT="711">
		<Name>Untitled Ad</Name>
		<Primitive ID="Ad0240800" BOX="38 764 265 1196" ELEMENT_TYPE="Content" SEQ_NO="1" TOC_ENTRY_ID="192" DEPTH_LEVEL="1"/>
		<Primitive ID="Ad0240801" BOX="38 1203 257 1263" ELEMENT_TYPE="Content" SEQ_NO="2" TOC_ENTRY_ID="192" DEPTH_LEVEL="1"/>
		<Primitive ID="Ad0240802" BOX="31 706 269 1272" ELEMENT_TYPE="Content" SEQ_NO="3" TOC_ENTRY_ID="192" DEPTH_LEVEL="1" E="N"/>
		<Primitive ID="Ad0240803" BOX="31 706 269 1272" ELEMENT_TYPE="AdFrame" SEQ_NO="0" TOC_ENTRY_ID="192" DEPTH_LEVEL="1" I_RES="73"/>
	</Entity>
	<Entity ENTITY_TYPE="Ad" FIRST_TOC_ENTRY_ID="196" INDEX_IN_DOC="196" DEPTH_LEVEL="1" ID="Ad02409" SIZE="Large" BOX="269 706 518 1272" NEXT_SECTION="" PREV_SECTION="" IMAGES_RESOLUTION="144" TOTAL_CHARS_COUNT="1919" SUSPICIOUS_CHARS_COUNT="0" WORDCNT="807">
		<Name>Untitled Ad</Name>
		<Primitive ID="Ad0240900" BOX="287 779 508 1264" ELEMENT_TYPE="Content" SEQ_NO="1" TOC_ENTRY_ID="196" DEPTH_LEVEL="1" I_RES="130"/>
		<Primitive ID="Ad0240901" BOX="269 706 518 1272" ELEMENT_TYPE="Content" SEQ_NO="2" TOC_ENTRY_ID="196" DEPTH_LEVEL="1" E="N"/>
		<Primitive ID="Ad0240902" BOX="269 706 518 1272" ELEMENT_TYPE="AdFrame" SEQ_NO="0" TOC_ENTRY_ID="196" DEPTH_LEVEL="1" I_RES="73"/>
	</Entity>
	<Entity ENTITY_TYPE="Ad" FIRST_TOC_ENTRY_ID="199" INDEX_IN_DOC="199" DEPTH_LEVEL="1" ID="Ad02410" SIZE="Large" BOX="518 758 851 1272" NEXT_SECTION="" PREV_SECTION="" IMAGES_RESOLUTION="144" TOTAL_CHARS_COUNT="1451" SUSPICIOUS_CHARS_COUNT="0" WORDCNT="654">
		<Name>Untitled Ad</Name>
		<Primitive ID="Ad0241000" BOX="552 837 819 880" ELEMENT_TYPE="Content" SEQ_NO="1" TOC_ENTRY_ID="199" DEPTH_LEVEL="1"/>
		<Primitive ID="Ad0241001" BOX="552 886 778 935" ELEMENT_TYPE="Content" SEQ_NO="2" TOC_ENTRY_ID="199" DEPTH_LEVEL="1"/>
		<Primitive ID="Ad0241002" BOX="552 937 826 1164" ELEMENT_TYPE="Content" SEQ_NO="3" TOC_ENTRY_ID="199" DEPTH_LEVEL="1"/>
		<Primitive ID="Ad0241003" BOX="518 758 851 1272" ELEMENT_TYPE="Content" SEQ_NO="4" TOC_ENTRY_ID="199" DEPTH_LEVEL="1" E="N"/>
		<Primitive ID="Ad0241004" BOX="518 758 851 1272" ELEMENT_TYPE="AdFrame" SEQ_NO="0" TOC_ENTRY_ID="199" DEPTH_LEVEL="1" I_RES="80"/>
	</Entity>
</XMD-PAGE>