<?xml version="1.0" encoding="windows-1252" standalone="no"?>
<XMD-entity REPOSITORY_FORMAT="1.0" PRXML_VER="2.2" ENTITY_TYPE="Article" DOC_UID="IMP_03/03/2012" DOC_VER="1" FIRST_TOC_ENTRY_ID="235" DEPTH_LEVEL="1" INDEX_IN_DOC="235" PAGE_NO="29" ID="Ar02901" BOX="1437 268 1707 1876" LANGUAGE="French" SNP="Ar0290100.png" SNP_WIDTH="265" SNP_HEIGHT="77">
	<Meta NAME="Paris - Nice promis � un rouleur" DESCRIPTION="" SUBTYPE="" BASE_HREF="IMP/2012/03/03" SOURCE_TYPE="TIFF" PUBLICATION="IMP" SECTION="Front Page" ISSUE_DATE="03/03/2012" WORDCNT="8" RELEASE_NO="113-IMP-2012-03-03-0001" PAGE_ID="" PAGE_TYPE="Single" PAGE_WIDTH="879" PAGE_HEIGHT="1304" DEFAULT_IMG_EXT="png" PDF_DESTINATION_MAPPED="OLV0_Entity_0029_0002" IMAGES_RESOLUTION="144" XMD_VER="2.6.241.4" PAGE_LABEL="29" TOTAL_CHARS_COUNT="34" SUSPICIOUS_CHARS_COUNT="0"/>
	<Link SOURCE="113-IMP-2012-03-03-0001.pdf" FIRST_ID="Ar00100" LAST_ID="Pc03613" NEXT_ID="Ar02902" PREV_ID="Ar02900" TOC_ID="W:/Repository/IMP/2012/03/03/TOC.xml"/>
	<DataFiles>
		<Files TYPE="DOC_PDF" PRESENT="1"/>
		<Files TYPE="PAGE_PDF" PRESENT="0"/>
		<Files TYPE="DOC_IMG" PRESENT="0"/>
		<Files TYPE="PAGE_IMG" PRESENT="0"/>
		<Files TYPE="PAGE_VIEW_IMG" PRESENT="1"/>
		<Files TYPE="PAGE_PREVIEW_IMG" PRESENT="1"/>
		<Files TYPE="PRIMITIVE_IMG" PRESENT="1"/>
		<Files TYPE="SNIPPET_IMG" PRESENT="1"/>
		<Files TYPE="SEGMENTATION" PRESENT="0"/>
	</DataFiles>
	<HedLine_hl1>
		<Primitive BOX="1440 314 1704 390" ID="Ar0290100" SEQ_NO="0" TOC_ENTRY_ID="235" DEPTH_LEVEL="1">
			<L BOX="1446 316 1698 348"/>
			<W BOX="1446 316 1514 348" STYLE_REF="131">Paris</W>
			<W BOX="1521 316 1532 348" STYLE_REF="131" LH="y">-</W>
			<W BOX="1539 316 1596 348" STYLE_REF="131">Nice</W>
			<W BOX="1603 316 1698 348" STYLE_REF="131">promis</W>
			<L BOX="1446 352 1611 384"/>
			<W BOX="1446 352 1463 384" STYLE_REF="131">�</W>
			<W BOX="1470 352 1505 384" STYLE_REF="131">un</W>
			<W BOX="1512 352 1611 384" STYLE_REF="131">rouleur</W>
		</Primitive>
	</HedLine_hl1>
	<Content>
		<Primitive BOX="1437 268 1623 313" ID="Ar0290101" SEQ_NO="1" TOC_ENTRY_ID="235" DEPTH_LEVEL="1">
			<L BOX="1446 282 1569 311"/>
			<W BOX="1446 282 1569 311" STYLE_REF="17">CYCLISME</W>
		</Primitive>
		<Primitive BOX="1439 397 1707 856" ID="Ar0290102" SEQ_NO="2" TOC_ENTRY_ID="235" DEPTH_LEVEL="1"/>
		<Primitive BOX="1440 852 1707 1876" ID="Ar0290103" SEQ_NO="3" TOC_ENTRY_ID="235" DEPTH_LEVEL="1"/>
	</Content>
</XMD-entity>