<?xml version="1.0" encoding="windows-1252" standalone="no"?>
<XMD-PAGE REPOSITORY_FORMAT="1.0" PRXML_VER="2.3">
	<Meta ISSUE_DATE="03/09/1901" RELEASE_NO="113-IMP-1901-09-03-0001" PAGE_NO="3" NAME="" PAGE_LABEL="3" PAGE_TYPE="Single" PUBLISHER="Olive" PUBLICATION="IMP" SOURCE_TYPE="TIFF" SOURCE_RESOLUTION="72" IMAGES_RESOLUTION="160" PAGE_THUMBNAIL_RESOLUTION="72" PAGE_PREVIEW_RESOLUTION="15" DEFAULT_IMG_EXT="png" IMG_EXT="png" PREVIEW_IMG_EXT="png" XMD_VER="2.8.100.5" PROFILE_ID="IMP-1901-09-03.ini" SECTION="None" PAGE_WIDTH="901" PAGE_HEIGHT="1272" PAGES_NUMBER="10" BASE_HREF="IMP/1901/09/03" PDF_DESTINATION_MAPPED="OLV0_Page_0003" OCR_CONFIDENCE="1.000" TOTAL_CHARS_COUNT="13848" SUSPICIOUS_CHARS_COUNT="6">
		<Resolutions>
			<Resolution DEFAULT="true">72</Resolution>
			<Resolution>144</Resolution>
			<Resolution>160</Resolution>
		</Resolutions>
	</Meta>
	<Link SOURCE="113-IMP-1901-09-03-0001.pdf" NEXT_SECTION="" PREV_SECTION="1"/>
	<DataFiles>
		<Files TYPE="DOC_PDF" PRESENT="1"/>
		<Files TYPE="PAGE_PDF" PRESENT="0"/>
		<Files TYPE="DOC_IMG" PRESENT="0"/>
		<Files TYPE="PAGE_IMG" PRESENT="0"/>
		<Files TYPE="PAGE_VIEW_IMG" PRESENT="1"/>
		<Files TYPE="PAGE_PREVIEW_IMG" PRESENT="1"/>
		<Files TYPE="PRIMITIVE_IMG" PRESENT="1"/>
		<Files TYPE="SNIPPET_IMG" PRESENT="1"/>
		<Files TYPE="SEGMENTATION" PRESENT="0"/>
		<Files TYPE="PAGINATION_TEMPLATE_BACKGROUND" PRESENT="0"/>
		<Files TYPE="EXTERNAL_FONTS" PRESENT="0"/>
		<Files TYPE="PROFILE" PRESENT="0"/>
	</DataFiles>
	<Entity ENTITY_TYPE="Article" FIRST_TOC_ENTRY_ID="22" INDEX_IN_DOC="25" DEPTH_LEVEL="1" ID="Ar00300" SIZE="Small" BOX="40 229 233 639" NEXT_SECTION="" PREV_SECTION="1" IMAGES_RESOLUTION="160" TOTAL_CHARS_COUNT="1395" SUSPICIOUS_CHARS_COUNT="2" WORDCNT="317">
		<Name>Correspondance Parisienne</Name>
		<Primitive ID="Ar0030000" BOX="59 229 211 259" ELEMENT_TYPE="HedLine_hl1" SEQ_NO="0" TOC_ENTRY_ID="22" DEPTH_LEVEL="1" POPULAR_STYLE_REF="61"/>
		<Primitive ID="Ar0030001" BOX="40 268 232 536" ELEMENT_TYPE="Content" SEQ_NO="1" TOC_ENTRY_ID="22" DEPTH_LEVEL="1" POPULAR_STYLE_REF="2"/>
		<Primitive ID="Ar0030002" BOX="40 536 233 639" ELEMENT_TYPE="Content" SEQ_NO="2" TOC_ENTRY_ID="22" DEPTH_LEVEL="1" POPULAR_STYLE_REF="2"/>
	</Entity>
	<Entity ENTITY_TYPE="Article" FIRST_TOC_ENTRY_ID="23" INDEX_IN_DOC="26" DEPTH_LEVEL="1" ID="Ar00301" SIZE="Large" BOX="38 238 435 1238" NEXT_SECTION="" PREV_SECTION="1" IMAGES_RESOLUTION="160" TOTAL_CHARS_COUNT="5437" SUSPICIOUS_CHARS_COUNT="2" WORDCNT="1257">
		<Name>Nouvelles �trang�res</Name>
		<Primitive ID="Ar0030100" BOX="40 654 232 670" ELEMENT_TYPE="HedLine_hl1" SEQ_NO="12" TOC_ENTRY_ID="23" DEPTH_LEVEL="1" POPULAR_STYLE_REF="7"/>
		<Primitive ID="Ar0030101" BOX="40 670 232 755" ELEMENT_TYPE="Content" SEQ_NO="0" TOC_ENTRY_ID="23" DEPTH_LEVEL="1" POPULAR_STYLE_REF="2"/>
		<Primitive ID="Ar0030102" BOX="40 759 232 914" ELEMENT_TYPE="Content" SEQ_NO="1" TOC_ENTRY_ID="23" DEPTH_LEVEL="1" POPULAR_STYLE_REF="2"/>
		<Primitive ID="Ar0030103" BOX="39 918 231 1041" ELEMENT_TYPE="Content" SEQ_NO="2" TOC_ENTRY_ID="23" DEPTH_LEVEL="1" POPULAR_STYLE_REF="2"/>
		<Primitive ID="Ar0030104" BOX="39 1044 232 1119" ELEMENT_TYPE="Content" SEQ_NO="3" TOC_ENTRY_ID="23" DEPTH_LEVEL="1" POPULAR_STYLE_REF="2"/>
		<Primitive ID="Ar0030105" BOX="38 1122 231 1238" ELEMENT_TYPE="Content" SEQ_NO="4" TOC_ENTRY_ID="23" DEPTH_LEVEL="1" POPULAR_STYLE_REF="2"/>
		<Primitive ID="Ar0030106" BOX="244 238 435 293" ELEMENT_TYPE="Content" SEQ_NO="5" TOC_ENTRY_ID="23" DEPTH_LEVEL="1" POPULAR_STYLE_REF="2"/>
		<Primitive ID="Ar0030107" BOX="244 298 435 421" ELEMENT_TYPE="Content" SEQ_NO="6" TOC_ENTRY_ID="23" DEPTH_LEVEL="1" POPULAR_STYLE_REF="2"/>
		<Primitive ID="Ar0030108" BOX="245 424 435 609" ELEMENT_TYPE="Content" SEQ_NO="7" TOC_ENTRY_ID="23" DEPTH_LEVEL="1" POPULAR_STYLE_REF="2"/>
		<Primitive ID="Ar0030109" BOX="244 609 434 804" ELEMENT_TYPE="Content" SEQ_NO="8" TOC_ENTRY_ID="23" DEPTH_LEVEL="1" POPULAR_STYLE_REF="2"/>
		<Primitive ID="Ar0030110" BOX="244 810 435 963" ELEMENT_TYPE="Content" SEQ_NO="9" TOC_ENTRY_ID="23" DEPTH_LEVEL="1" POPULAR_STYLE_REF="2"/>
		<Primitive ID="Ar0030111" BOX="244 967 435 1098" ELEMENT_TYPE="Content" SEQ_NO="10" TOC_ENTRY_ID="23" DEPTH_LEVEL="1" POPULAR_STYLE_REF="2"/>
		<Primitive ID="Ar0030112" BOX="244 1102 434 1148" ELEMENT_TYPE="Content" SEQ_NO="11" TOC_ENTRY_ID="23" DEPTH_LEVEL="1" POPULAR_STYLE_REF="2"/>
	</Entity>
	<Entity ENTITY_TYPE="Article" FIRST_TOC_ENTRY_ID="24" INDEX_IN_DOC="27" DEPTH_LEVEL="1" ID="Ar00302" SIZE="Small" BOX="243 1163 434 1239" NEXT_SECTION="" PREV_SECTION="1" CONTINUATION_TO="Ar00303" IMAGES_RESOLUTION="160" TOTAL_CHARS_COUNT="229" SUSPICIOUS_CHARS_COUNT="0" WORDCNT="60">
		<Name>La guerre au Transvaal</Name>
		<Primitive ID="Ar0030200" BOX="243 1163 434 1176" ELEMENT_TYPE="HedLine_hl1" SEQ_NO="1" TOC_ENTRY_ID="24" DEPTH_LEVEL="1" POPULAR_STYLE_REF="20"/>
		<Primitive ID="Ar0030201" BOX="243 1176 434 1239" ELEMENT_TYPE="Content" SEQ_NO="0" TOC_ENTRY_ID="24" DEPTH_LEVEL="1" POPULAR_STYLE_REF="2"/>
	</Entity>
	<Entity ENTITY_TYPE="Article" FIRST_TOC_ENTRY_ID="24" INDEX_IN_DOC="28" DEPTH_LEVEL="1" ID="Ar00303" SIZE="Medium" BOX="447 238 639 857" NEXT_SECTION="" PREV_SECTION="1" CONTINUATION_FROM="Ar00302" FIRST_CHUNK="Ar00302" IMAGES_RESOLUTION="160" LOGICAL_NAME="true" TOTAL_CHARS_COUNT="2178" SUSPICIOUS_CHARS_COUNT="1" WORDCNT="538">
		<Name>La guerre au Transvaal</Name>
		<Primitive ID="Ar0030300" BOX="447 238 639 535" ELEMENT_TYPE="Content" SEQ_NO="0" TOC_ENTRY_ID="24" DEPTH_LEVEL="1" POPULAR_STYLE_REF="2"/>
		<Primitive ID="Ar0030301" BOX="447 543 638 857" ELEMENT_TYPE="Content" SEQ_NO="1" TOC_ENTRY_ID="24" DEPTH_LEVEL="1" POPULAR_STYLE_REF="2"/>
	</Entity>
	<Entity ENTITY_TYPE="Article" FIRST_TOC_ENTRY_ID="25" INDEX_IN_DOC="29" DEPTH_LEVEL="1" ID="Ar00304" SIZE="Small" BOX="442 868 643 1003" NEXT_SECTION="" PREV_SECTION="1" IMAGES_RESOLUTION="160" TOTAL_CHARS_COUNT="425" SUSPICIOUS_CHARS_COUNT="1" WORDCNT="92">
		<Name>L&amp;lt;e conflit franco-turc</Name>
		<Primitive ID="Ar0030400" BOX="442 868 643 883" ELEMENT_TYPE="HedLine_hl1" SEQ_NO="1" TOC_ENTRY_ID="25" DEPTH_LEVEL="1" POPULAR_STYLE_REF="48"/>
		<Primitive ID="Ar0030401" BOX="442 883 643 1003" ELEMENT_TYPE="Content" SEQ_NO="0" TOC_ENTRY_ID="25" DEPTH_LEVEL="1" POPULAR_STYLE_REF="2"/>
	</Entity>
	<Entity ENTITY_TYPE="Article" FIRST_TOC_ENTRY_ID="26" INDEX_IN_DOC="30" DEPTH_LEVEL="1" ID="Ar00305" SIZE="Small" BOX="447 1013 638 1238" NEXT_SECTION="" PREV_SECTION="1" CONTINUATION_TO="Ar00306" IMAGES_RESOLUTION="160" TOTAL_CHARS_COUNT="839" SUSPICIOUS_CHARS_COUNT="0" WORDCNT="197">
		<Name>Chroma ue suisse</Name>
		<Primitive ID="Ar0030500" BOX="447 1013 638 1024" ELEMENT_TYPE="HedLine_hl1" SEQ_NO="1" TOC_ENTRY_ID="26" DEPTH_LEVEL="1" POPULAR_STYLE_REF="7"/>
		<Primitive ID="Ar0030501" BOX="447 1024 638 1238" ELEMENT_TYPE="Content" SEQ_NO="0" TOC_ENTRY_ID="26" DEPTH_LEVEL="1" POPULAR_STYLE_REF="2"/>
	</Entity>
	<Entity ENTITY_TYPE="Article" FIRST_TOC_ENTRY_ID="26" INDEX_IN_DOC="31" DEPTH_LEVEL="1" ID="Ar00306" SIZE="Small" BOX="650 225 841 430" NEXT_SECTION="" PREV_SECTION="1" CONTINUATION_FROM="Ar00305" FIRST_CHUNK="Ar00305" IMAGES_RESOLUTION="160" LOGICAL_NAME="true" TOTAL_CHARS_COUNT="668" SUSPICIOUS_CHARS_COUNT="0" WORDCNT="149">
		<Name>Chroma ue suisse</Name>
		<Primitive ID="Ar0030600" BOX="650 225 841 430" ELEMENT_TYPE="Content" SEQ_NO="0" TOC_ENTRY_ID="26" DEPTH_LEVEL="1" POPULAR_STYLE_REF="2"/>
	</Entity>
	<Entity ENTITY_TYPE="Article" FIRST_TOC_ENTRY_ID="27" INDEX_IN_DOC="32" DEPTH_LEVEL="1" ID="Ar00307" SIZE="Medium" BOX="651 448 842 1239" NEXT_SECTION="" PREV_SECTION="1" CONTINUATION_TO="Ar00400" IMAGES_RESOLUTION="160" TOTAL_CHARS_COUNT="2677" SUSPICIOUS_CHARS_COUNT="0" WORDCNT="693">
		<Name>Nouvelles des Cantons</Name>
		<Primitive ID="Ar0030700" BOX="651 448 842 463" ELEMENT_TYPE="HedLine_hl1" SEQ_NO="4" TOC_ENTRY_ID="27" DEPTH_LEVEL="1" POPULAR_STYLE_REF="7"/>
		<Primitive ID="Ar0030701" BOX="651 463 842 590" ELEMENT_TYPE="Content" SEQ_NO="0" TOC_ENTRY_ID="27" DEPTH_LEVEL="1" POPULAR_STYLE_REF="2"/>
		<Primitive ID="Ar0030702" BOX="651 594 842 832" ELEMENT_TYPE="Content" SEQ_NO="1" TOC_ENTRY_ID="27" DEPTH_LEVEL="1" POPULAR_STYLE_REF="2"/>
		<Primitive ID="Ar0030703" BOX="651 832 842 1072" ELEMENT_TYPE="Content" SEQ_NO="2" TOC_ENTRY_ID="27" DEPTH_LEVEL="1" POPULAR_STYLE_REF="2"/>
		<Primitive ID="Ar0030704" BOX="651 1075 842 1239" ELEMENT_TYPE="Content" SEQ_NO="3" TOC_ENTRY_ID="27" DEPTH_LEVEL="1" POPULAR_STYLE_REF="2"/>
	</Entity>
</XMD-PAGE>