<?xml version="1.0" encoding="windows-1252" standalone="no"?>
<XMD-PAGE REPOSITORY_FORMAT="1.0" PRXML_VER="2.2">
	<Meta ISSUE_DATE="03/03/2012" RELEASE_NO="113-IMP-2012-03-03-0001" PAGE_NO="19" NAME="" PAGE_LABEL="19" PAGE_TYPE="Single" PUBLISHER="Olive" PUBLICATION="IMP" SOURCE_TYPE="TIFF" SOURCE_RESOLUTION="72" IMAGES_RESOLUTION="144" PAGE_THUMBNAIL_RESOLUTION="72" PAGE_PREVIEW_RESOLUTION="15" DEFAULT_IMG_EXT="png" IMG_EXT="png" PREVIEW_IMG_EXT="png" XMD_VER="2.6.241.4" PROFILE_ID="W:\Batch\Profile\IMP-2012-03-03.ini" SECTION="Front Page" PAGE_WIDTH="879" PAGE_HEIGHT="1304" PAGES_NUMBER="36" BASE_HREF="IMP/2012/03/03" PDF_DESTINATION_MAPPED="OLV0_Page_0019" TOTAL_CHARS_COUNT="3665" SUSPICIOUS_CHARS_COUNT="0">
		<Resolutions>
			<Resolution DEFAULT="true">72</Resolution>
			<Resolution>120</Resolution>
			<Resolution>144</Resolution>
		</Resolutions>
		<Links>
			<Lnk TYPE="EML" LNK_ID="LNK_19_0">
				<Target>cimsand@arpresse.ch</Target>
			</Lnk>
			<Lnk TYPE="URL" LNK_ID="LNK_19_1">
				<Target>www.arcinfo.ch</Target>
			</Lnk>
			<Sources>
				<Box LNK_ID="LNK_19_0">771 396 835 403</Box>
				<Box LNK_ID="LNK_19_1">739 1250 783 1258</Box>
			</Sources>
		</Links>
	</Meta>
	<Link SOURCE="113-IMP-2012-03-03-0001.pdf" NEXT_SECTION="" PREV_SECTION=""/>
	<DataFiles>
		<Files TYPE="DOC_PDF" PRESENT="1"/>
		<Files TYPE="PAGE_PDF" PRESENT="0"/>
		<Files TYPE="DOC_IMG" PRESENT="0"/>
		<Files TYPE="PAGE_IMG" PRESENT="0"/>
		<Files TYPE="PAGE_VIEW_IMG" PRESENT="1"/>
		<Files TYPE="PAGE_PREVIEW_IMG" PRESENT="1"/>
		<Files TYPE="PRIMITIVE_IMG" PRESENT="1"/>
		<Files TYPE="SNIPPET_IMG" PRESENT="1"/>
		<Files TYPE="SEGMENTATION" PRESENT="0"/>
	</DataFiles>
	<Entity ENTITY_TYPE="Article" FIRST_TOC_ENTRY_ID="149" INDEX_IN_DOC="149" DEPTH_LEVEL="1" ID="Ar01900" SIZE="Large" BOX="23 205 845 1021" NEXT_SECTION="" PREV_SECTION="" IMAGES_RESOLUTION="144" TOTAL_CHARS_COUNT="370" SUSPICIOUS_CHARS_COUNT="0" WORDCNT="69">
		<Name>Apprentis, m�me sans papiers</Name>
		<Primitive ID="Ar0190000" BOX="23 266 845 331" ELEMENT_TYPE="HedLine_hl1" SEQ_NO="0" TOC_ENTRY_ID="149" DEPTH_LEVEL="1"/>
		<Primitive ID="Ar0190001" BOX="23 205 845 266" ELEMENT_TYPE="Content" SEQ_NO="1" TOC_ENTRY_ID="149" DEPTH_LEVEL="1"/>
		<Primitive ID="Ar0190002" BOX="25 348 159 666" ELEMENT_TYPE="Content" SEQ_NO="2" TOC_ENTRY_ID="149" DEPTH_LEVEL="1"/>
		<Primitive ID="Ar0190003" BOX="25 667 159 907" ELEMENT_TYPE="Content" SEQ_NO="3" TOC_ENTRY_ID="149" DEPTH_LEVEL="1"/>
		<Primitive ID="Ar0190004" BOX="26 925 274 999" ELEMENT_TYPE="Content" SEQ_NO="4" TOC_ENTRY_ID="149" DEPTH_LEVEL="1"/>
		<Primitive ID="Ar0190005" BOX="164 755 648 782" ELEMENT_TYPE="Content" SEQ_NO="5" TOC_ENTRY_ID="149" DEPTH_LEVEL="1"/>
		<Primitive ID="Ar0190006" BOX="164 788 298 907" ELEMENT_TYPE="Content" SEQ_NO="6" TOC_ENTRY_ID="149" DEPTH_LEVEL="1"/>
		<Primitive ID="Ar0190007" BOX="303 788 437 839" ELEMENT_TYPE="Content" SEQ_NO="7" TOC_ENTRY_ID="149" DEPTH_LEVEL="1"/>
		<Primitive ID="Ar0190008" BOX="303 844 437 1021" ELEMENT_TYPE="Content" SEQ_NO="8" TOC_ENTRY_ID="149" DEPTH_LEVEL="1"/>
		<Primitive ID="Ar0190009" BOX="442 788 576 1021" ELEMENT_TYPE="Content" SEQ_NO="9" TOC_ENTRY_ID="149" DEPTH_LEVEL="1"/>
		<Primitive ID="Ar0190010" BOX="581 788 715 1021" ELEMENT_TYPE="Content" SEQ_NO="10" TOC_ENTRY_ID="149" DEPTH_LEVEL="1"/>
	</Entity>
	<Entity ENTITY_TYPE="Article" FIRST_TOC_ENTRY_ID="153" INDEX_IN_DOC="153" DEPTH_LEVEL="1" ID="Ar01901" SIZE="Medium" BOX="717 346 856 1092" NEXT_SECTION="" PREV_SECTION="" IMAGES_RESOLUTION="144" TOTAL_CHARS_COUNT="1300" SUSPICIOUS_CHARS_COUNT="0" WORDCNT="274">
		<Name>Que des gagnants!</Name>
		<Primitive ID="Ar0190100" BOX="720 425 798 467" ELEMENT_TYPE="HedLine_hl1" SEQ_NO="0" TOC_ENTRY_ID="153" DEPTH_LEVEL="1"/>
		<Primitive ID="Ar0190101" BOX="767 346 850 411" ELEMENT_TYPE="Content" SEQ_NO="1" TOC_ENTRY_ID="153" DEPTH_LEVEL="1"/>
		<Primitive ID="Ar0190102" BOX="717 468 856 780" ELEMENT_TYPE="Content" SEQ_NO="2" TOC_ENTRY_ID="153" DEPTH_LEVEL="1"/>
		<Primitive ID="Ar0190103" BOX="717 780 856 1092" ELEMENT_TYPE="Content" SEQ_NO="3" TOC_ENTRY_ID="153" DEPTH_LEVEL="1"/>
	</Entity>
	<Entity ENTITY_TYPE="Article" FIRST_TOC_ENTRY_ID="151" INDEX_IN_DOC="151" DEPTH_LEVEL="1" ID="Ar01902" SIZE="Medium" BOX="25 1038 627 1270" NEXT_SECTION="" PREV_SECTION="" IMAGES_RESOLUTION="144" TOTAL_CHARS_COUNT="1685" SUSPICIOUS_CHARS_COUNT="0" WORDCNT="327">
		<Name>Une vraie perspective d�avenir pour Thomas Facchinetti</Name>
		<Primitive ID="Ar0190200" BOX="25 1038 627 1071" ELEMENT_TYPE="HedLine_hl1" SEQ_NO="0" TOC_ENTRY_ID="151" DEPTH_LEVEL="1"/>
		<Primitive ID="Ar0190201" BOX="25 1072 194 1270" ELEMENT_TYPE="Content" SEQ_NO="1" TOC_ENTRY_ID="151" DEPTH_LEVEL="1"/>
		<Primitive ID="Ar0190202" BOX="199 1072 367 1270" ELEMENT_TYPE="Content" SEQ_NO="2" TOC_ENTRY_ID="151" DEPTH_LEVEL="1"/>
		<Primitive ID="Ar0190203" BOX="373 1072 541 1269" ELEMENT_TYPE="Content" SEQ_NO="3" TOC_ENTRY_ID="151" DEPTH_LEVEL="1"/>
	</Entity>
	<Entity ENTITY_TYPE="Article" FIRST_TOC_ENTRY_ID="155" INDEX_IN_DOC="155" DEPTH_LEVEL="1" ID="Ar01903" SIZE="Small" BOX="721 1108 846 1263" NEXT_SECTION="" PREV_SECTION="" IMAGES_RESOLUTION="144" TOTAL_CHARS_COUNT="165" SUSPICIOUS_CHARS_COUNT="0" WORDCNT="43">
		<Name>LA QUESTION DU JOUR</Name>
		<Primitive ID="Ar0190300" BOX="721 1108 833 1153" ELEMENT_TYPE="HedLine_hl1" SEQ_NO="0" TOC_ENTRY_ID="155" DEPTH_LEVEL="1"/>
		<Primitive ID="Ar0190301" BOX="722 1161 846 1263" ELEMENT_TYPE="Content" SEQ_NO="1" TOC_ENTRY_ID="155" DEPTH_LEVEL="1"/>
	</Entity>
	<Entity ENTITY_TYPE="Picture" FIRST_TOC_ENTRY_ID="148" INDEX_IN_DOC="148" DEPTH_LEVEL="2" ID="Pc01904" SIZE="Small" BOX="28 28 156 142" NEXT_SECTION="" PREV_SECTION="" EMBEDDED_INTO="Ar01905" EMBEDDED_AFTER="Ar0190500" IMAGES_RESOLUTION="144" TOTAL_CHARS_COUNT="0" SUSPICIOUS_CHARS_COUNT="0" WORDCNT="0">
		<Name>Untitled Picture</Name>
		<Primitive ID="Pc0190400" BOX="28 28 156 142" ELEMENT_TYPE="Picture" SEQ_NO="0" TOC_ENTRY_ID="148" DEPTH_LEVEL="2" IMG_EXT="jpg"/>
	</Entity>
	<Entity ENTITY_TYPE="Article" FIRST_TOC_ENTRY_ID="147" INDEX_IN_DOC="147" DEPTH_LEVEL="1" ID="Ar01905" SIZE="Small" BOX="156 36 333 160" NEXT_SECTION="" PREV_SECTION="" IMAGES_RESOLUTION="144" TOTAL_CHARS_COUNT="145" SUSPICIOUS_CHARS_COUNT="0" WORDCNT="26">
		<Name>Le changement attendra</Name>
		<Primitive ID="Ar0190500" BOX="166 57 333 77" ELEMENT_TYPE="HedLine_hl1" SEQ_NO="3" TOC_ENTRY_ID="147" DEPTH_LEVEL="1"/>
		<Primitive ID="Ar0190501" BOX="166 36 333 57" ELEMENT_TYPE="Content" SEQ_NO="0" TOC_ENTRY_ID="147" DEPTH_LEVEL="1"/>
		<Primitive ID="Ar0190502" BOX="156 132 165 160" ELEMENT_TYPE="Content" SEQ_NO="1" TOC_ENTRY_ID="147" DEPTH_LEVEL="1"/>
		<Primitive ID="Ar0190503" BOX="166 77 333 157" ELEMENT_TYPE="Content" SEQ_NO="2" TOC_ENTRY_ID="147" DEPTH_LEVEL="1"/>
	</Entity>
	<Entity ENTITY_TYPE="Picture" FIRST_TOC_ENTRY_ID="154" INDEX_IN_DOC="154" DEPTH_LEVEL="2" ID="Pc01906" SIZE="Small" BOX="723 346 767 411" NEXT_SECTION="" PREV_SECTION="" EMBEDDED_INTO="Ar01901" EMBEDDED_AFTER="Ar0190100" IMAGES_RESOLUTION="144" TOTAL_CHARS_COUNT="0" SUSPICIOUS_CHARS_COUNT="0" WORDCNT="0">
		<Name>Untitled Picture</Name>
		<Primitive ID="Pc0190600" BOX="723 346 767 411" ELEMENT_TYPE="Picture" SEQ_NO="0" TOC_ENTRY_ID="154" DEPTH_LEVEL="2" IMG_EXT="jpg"/>
	</Entity>
	<Entity ENTITY_TYPE="Picture" FIRST_TOC_ENTRY_ID="150" INDEX_IN_DOC="150" DEPTH_LEVEL="2" ID="Pc01907" SIZE="Large" BOX="167 350 712 754" NEXT_SECTION="" PREV_SECTION="" EMBEDDED_INTO="Ar01900" EMBEDDED_AFTER="Ar0190000" IMAGES_RESOLUTION="144" TOTAL_CHARS_COUNT="0" SUSPICIOUS_CHARS_COUNT="0" WORDCNT="0">
		<Name>Untitled Picture</Name>
		<Primitive ID="Pc0190700" BOX="167 350 712 754" ELEMENT_TYPE="Picture" SEQ_NO="0" TOC_ENTRY_ID="150" DEPTH_LEVEL="2" IMG_EXT="jpg"/>
	</Entity>
	<Entity ENTITY_TYPE="Picture" FIRST_TOC_ENTRY_ID="152" INDEX_IN_DOC="152" DEPTH_LEVEL="2" ID="Pc01908" SIZE="Small" BOX="549 1075 712 1264" NEXT_SECTION="" PREV_SECTION="" EMBEDDED_INTO="Ar01902" EMBEDDED_AFTER="Ar0190200" IMAGES_RESOLUTION="144" TOTAL_CHARS_COUNT="0" SUSPICIOUS_CHARS_COUNT="0" WORDCNT="0">
		<Name>Untitled Picture</Name>
		<Primitive ID="Pc0190800" BOX="549 1075 712 1264" ELEMENT_TYPE="Picture" SEQ_NO="0" TOC_ENTRY_ID="152" DEPTH_LEVEL="2" IMG_EXT="jpg"/>
	</Entity>
</XMD-PAGE>