<?xml version="1.0" encoding="windows-1252" standalone="no"?>
<XMD-entity REPOSITORY_FORMAT="1.0" PRXML_VER="2.3" ENTITY_TYPE="Ad" DOC_UID="IMP_04/05/1931" DOC_VER="1" FIRST_TOC_ENTRY_ID="45" DEPTH_LEVEL="1" INDEX_IN_DOC="45" PAGE_NO="5" ID="Ad00506" BOX="1038 2820 1520 2953" LANGUAGE="French" SNP="Ad00506S.png" SNP_WIDTH="350" SNP_HEIGHT="97" LOGICAL_NAME="true">
	<Meta NAME="" DESCRIPTION="" SUBTYPE="" BASE_HREF="IMP/1931/05/04" SOURCE_TYPE="TIFF" PUBLICATION="IMP" SECTION="None" ISSUE_DATE="04/05/1931" WORDCNT="19" RELEASE_NO="113-IMP-1931-05-04-0001" PAGE_ID="" PAGE_TYPE="Single" PAGE_WIDTH="937" PAGE_HEIGHT="1368" DEFAULT_IMG_EXT="png" PDF_DESTINATION_MAPPED="OLV0_Entity_0005_0007" IMAGES_RESOLUTION="160" XMD_VER="2.6.242.42" PAGE_LABEL="5" TOTAL_CHARS_COUNT="0" SUSPICIOUS_CHARS_COUNT="0"/>
	<Link SOURCE="113-IMP-1931-05-04-0001.pdf" FIRST_ID="Ar00200" LAST_ID="Ar00807" NEXT_ID="Ar00507" PREV_ID="Pc00505" TOC_ID="W:/Repository/IMP/1931/05/04/TOC.xml"/>
	<DataFiles>
		<Files TYPE="DOC_PDF" PRESENT="1"/>
		<Files TYPE="PAGE_PDF" PRESENT="0"/>
		<Files TYPE="DOC_IMG" PRESENT="0"/>
		<Files TYPE="PAGE_IMG" PRESENT="0"/>
		<Files TYPE="PAGE_VIEW_IMG" PRESENT="1"/>
		<Files TYPE="PAGE_PREVIEW_IMG" PRESENT="1"/>
		<Files TYPE="PRIMITIVE_IMG" PRESENT="1"/>
		<Files TYPE="SNIPPET_IMG" PRESENT="1"/>
		<Files TYPE="SEGMENTATION" PRESENT="0"/>
		<Files TYPE="PAGINATION_TEMPLATE_BACKGROUND" PRESENT="0"/>
		<Files TYPE="EXTERNAL_FONTS" PRESENT="0"/>
		<Files TYPE="PROFILE" PRESENT="0"/>
	</DataFiles>
	<Content>
		<Primitive BOX="1038 2820 1520 2953" ID="Ad0050600" E="N" SEQ_NO="1" TOC_ENTRY_ID="45" DEPTH_LEVEL="1" POPULAR_STYLE_REF="12">
			<L BOX="1047 2876 1222 2899"/>
			<W BOX="1047 2878 1051 2899" STYLE_REF="12">f</W>
			<Q BOX="1065 2877 1104 2898" STYLE_REF="10" QID="1" M="1 * ">iSisg</Q>
			<q BOX="1108 2878 1120 2899" STYLE_REF="10" QID="1" M="1 * ">A</q>
			<QW QID="1">_iSisgA</QW>
			<W BOX="1127 2883 1130 2898" STYLE_REF="13">J</W>
			<W BOX="1138 2878 1149 2899" STYLE_REF="10">fi</W>
			<W BOX="1174 2878 1181 2899" STYLE_REF="10">I</W>
			<W BOX="1189 2876 1204 2897" STYLE_REF="12" NS="y">___</W>
			<W BOX="1204 2876 1209 2897" STYLE_REF="12" NS="y">p</W>
			<Q BOX="1212 2876 1218 2897" STYLE_REF="12" QID="2" M="1 * ">^</Q>
			<q BOX="1218 2876 1222 2897" STYLE_REF="12" QID="2" M="1 * ">*</q>
			<QW QID="2">_^*</QW>
			<L BOX="1214 2874 1474 2900"/>
			<W BOX="1214 2876 1218 2896" STYLE_REF="12" NS="y">_</W>
			<W BOX="1219 2876 1224 2896" STYLE_REF="12">Z</W>
			<Q BOX="1231 2875 1235 2896" STYLE_REF="12" QID="3">_</Q>
			<Q BOX="1235 2874 1238 2895" STYLE_REF="12" QID="3">_</Q>
			<Q BOX="1238 2875 1241 2896" STYLE_REF="12" QID="3">_</Q>
			<Q BOX="1242 2874 1245 2895" STYLE_REF="12" QID="3">_</Q>
			<q BOX="1245 2885 1252 2894" STYLE_REF="105" QID="3">__</q>
			<QW QID="3">______</QW>
			<Q BOX="1252 2882 1259 2897" STYLE_REF="13" QID="4">C</Q>
			<q BOX="1258 2877 1264 2898" STYLE_REF="12" QID="4">�</q>
			<QW QID="4">C�</QW>
			<W BOX="1270 2877 1281 2898" STYLE_REF="12">m</W>
			<W BOX="1285 2877 1322 2898" STYLE_REF="12">Jfyfw</W>
			<Q BOX="1327 2879 1336 2900" STYLE_REF="12" QID="5">\</Q>
			<q BOX="1331 2877 1341 2898" STYLE_REF="12" NS="y" QID="5">__</q>
			<QW QID="5">\__</QW>
			<W BOX="1340 2878 1353 2899" STYLE_REF="12" NS="y">P</W>
			<Q BOX="1357 2878 1371 2899" STYLE_REF="12" QID="6" M="1 * ">^</Q>
			<Q BOX="1371 2878 1382 2899" STYLE_REF="12" QID="6" M="1 * ">^</Q>
			<q BOX="1380 2878 1390 2899" STYLE_REF="12" NS="y" QID="6">_</q>
			<QW QID="6">_^^_</QW>
			<W BOX="1386 2879 1393 2900" STYLE_REF="12">w</W>
			<W BOX="1397 2876 1446 2896" STYLE_REF="10" M="5 * ">_VfflRi</W>
			<W BOX="1471 2879 1474 2900" STYLE_REF="10">I</W>
		</Primitive>
	</Content>
	<AdFrame>
		<Img BOX="1038 2820 1520 2953" ID="Ad0050601" HREF="/5/Img/Ad0050601.png" I_RES="144" TOC_ENTRY_ID="45" SEQ_NO="0"/>
	</AdFrame>
</XMD-entity>