<?xml version="1.0" encoding="windows-1252" standalone="no"?>
<XMD-entity REPOSITORY_FORMAT="1.0" PRXML_VER="2.3" ENTITY_TYPE="Picture" FIRST_TOC_ENTRY_ID="43" DEPTH_LEVEL="2" INDEX_IN_DOC="43" PAGE_NO="5" ID="Pc00505" BOX="1211 220 1520 436" LANGUAGE="French" SNP="Pc00505S.jpg" SNP_WIDTH="171" SNP_HEIGHT="120" LOGICAL_NAME="true">
	<Meta NAME="" DESCRIPTION="" SUBTYPE="" BASE_HREF="IMP/1931/05/04" SOURCE_TYPE="TIFF" PUBLICATION="IMP" SECTION="None" ISSUE_DATE="04/05/1931" WORDCNT="0" RELEASE_NO="113-IMP-1931-05-04-0001" PAGE_ID="" PAGE_TYPE="Single" PAGE_WIDTH="937" PAGE_HEIGHT="1368" DEFAULT_IMG_EXT="png" PDF_DESTINATION_MAPPED="OLV0_Entity_0005_0006" IMAGES_RESOLUTION="160" EMBEDDED_INTO="Ar00510" EMBEDDED_AFTER="Ar0051001" EMBEDDED_ABOVE="1" XMD_VER="2.6.242.42" PAGE_LABEL="5" TOTAL_CHARS_COUNT="0" SUSPICIOUS_CHARS_COUNT="0"/>
	<Link SOURCE="113-IMP-1931-05-04-0001.pdf" FIRST_ID="Ar00200" LAST_ID="Ar00807" NEXT_ID="Ad00506" PREV_ID="Ar00504" TOC_ID="W:/Repository/IMP/1931/05/04/TOC.xml"/>
	<DataFiles>
		<Files TYPE="DOC_PDF" PRESENT="1"/>
		<Files TYPE="PAGE_PDF" PRESENT="0"/>
		<Files TYPE="DOC_IMG" PRESENT="0"/>
		<Files TYPE="PAGE_IMG" PRESENT="0"/>
		<Files TYPE="PAGE_VIEW_IMG" PRESENT="1"/>
		<Files TYPE="PAGE_PREVIEW_IMG" PRESENT="1"/>
		<Files TYPE="PRIMITIVE_IMG" PRESENT="1"/>
		<Files TYPE="SNIPPET_IMG" PRESENT="1"/>
		<Files TYPE="SEGMENTATION" PRESENT="0"/>
		<Files TYPE="PAGINATION_TEMPLATE_BACKGROUND" PRESENT="0"/>
		<Files TYPE="EXTERNAL_FONTS" PRESENT="0"/>
		<Files TYPE="PROFILE" PRESENT="0"/>
	</DataFiles>
	<Picture>
		<Img BOX="1211 220 1520 436" ID="Pc0050500" IMG_EXT="jpg" HREF="/5/Img/Pc0050500.jpg" TOC_ENTRY_ID="43" SEQ_NO="0"/>
	</Picture>
</XMD-entity>