<?xml version="1.0" encoding="windows-1252" standalone="no"?>
<XMD-PAGE REPOSITORY_FORMAT="1.0" PRXML_VER="2.2">
	<Meta SINGLE_PAGE_PDF_NAME="/Res/PDF/Pg0008_s_0008.pdf" ISSUE_DATE="23/06/1807" RELEASE_NO="103-GDL-1807-06-23-0001" PAGE_NO="8" NAME="" PAGE_LABEL="8" PAGE_TYPE="Single" PUBLISHER="Olive" PUBLICATION="GDL" SOURCE_TYPE="TIFF" SOURCE_RESOLUTION="72" IMAGES_RESOLUTION="180" PAGE_THUMBNAIL_RESOLUTION="130" PAGE_PREVIEW_RESOLUTION="14" DEFAULT_IMG_EXT="png" IMG_EXT="png" PREVIEW_IMG_EXT="png" XMD_VER="2.6.241.4" PROFILE_ID="W:\Batch\Profile\GDL-1807-06-23.ini" SECTION="None" PAGE_WIDTH="598" PAGE_HEIGHT="1012" PAGES_NUMBER="12" BASE_HREF="GDL/1807/06/23" PDF_DESTINATION_MAPPED="OLV0_Page_0008" TOTAL_CHARS_COUNT="3524" SUSPICIOUS_CHARS_COUNT="0">
		<Resolutions>
			<Resolution DEFAULT="true">130</Resolution>
			<Resolution>160</Resolution>
			<Resolution>180</Resolution>
		</Resolutions>
	</Meta>
	<Link SOURCE="103-GDL-1807-06-23-0001.pdf" NEXT_SECTION="" PREV_SECTION="1"/>
	<DataFiles>
		<Files TYPE="DOC_PDF" PRESENT="1"/>
		<Files TYPE="PAGE_PDF" PRESENT="1"/>
		<Files TYPE="DOC_IMG" PRESENT="0"/>
		<Files TYPE="PAGE_IMG" PRESENT="1" BYTEORDER="little_endian" COMPRESSIONSCHEME="LZW" IMAGE_WIDTH="1378" IMAGE_HEIGHT="2335" COLORSPACE="BlackIsZero" BITSPERSAMPLE="8" SAMPLESPERPIXEL="1" XRESOLUTION_DPI="300" YRESOLUTION_DPI="300" MIMETYPE="image/tiff" IMG_EXT="tif" MEDIA_BOX="0 0 1377 2334" CROP_BOX="0 0 1377 2334"/>
		<Files TYPE="PAGE_VIEW_IMG" PRESENT="1"/>
		<Files TYPE="PAGE_PREVIEW_IMG" PRESENT="1"/>
		<Files TYPE="PRIMITIVE_IMG" PRESENT="1"/>
		<Files TYPE="SNIPPET_IMG" PRESENT="1"/>
		<Files TYPE="SEGMENTATION" PRESENT="1"/>
	</DataFiles>
	<Entity ENTITY_TYPE="Article" FIRST_TOC_ENTRY_ID="10" INDEX_IN_DOC="17" DEPTH_LEVEL="1" ID="Ar00800" SIZE="XLarge" BOX="33 6 576 969" NEXT_SECTION="" PREV_SECTION="1" CONTINUATION_FROM="Ar00701" FIRST_CHUNK="Ar00701" IMAGES_RESOLUTION="180" TOTAL_CHARS_COUNT="3524" SUSPICIOUS_CHARS_COUNT="0" WORDCNT="800">
		<Name>Untitled Article</Name>
		<Primitive ID="Ar0080000" BOX="40 6 576 275" ELEMENT_TYPE="Content" SEQ_NO="0" TOC_ENTRY_ID="10" DEPTH_LEVEL="1"/>
		<Primitive ID="Ar0080001" BOX="36 275 576 470" ELEMENT_TYPE="Content" SEQ_NO="1" TOC_ENTRY_ID="10" DEPTH_LEVEL="1"/>
		<Primitive ID="Ar0080002" BOX="38 470 574 662" ELEMENT_TYPE="Content" SEQ_NO="2" TOC_ENTRY_ID="10" DEPTH_LEVEL="1"/>
		<Primitive ID="Ar0080003" BOX="33 669 572 969" ELEMENT_TYPE="Content" SEQ_NO="3" TOC_ENTRY_ID="10" DEPTH_LEVEL="1"/>
	</Entity>
</XMD-PAGE>
