<?xml version="1.0" encoding="windows-1252" standalone="no"?>
<XMD-PAGE REPOSITORY_FORMAT="1.0" PRXML_VER="2.2">
	<Meta SINGLE_PAGE_PDF_NAME="/Res/PDF/Pg0006_s_0006.pdf" ISSUE_DATE="23/06/1807" RELEASE_NO="103-GDL-1807-06-23-0001" PAGE_NO="6" NAME="" PAGE_LABEL="6" PAGE_TYPE="Single" PUBLISHER="Olive" PUBLICATION="GDL" SOURCE_TYPE="TIFF" SOURCE_RESOLUTION="72" IMAGES_RESOLUTION="180" PAGE_THUMBNAIL_RESOLUTION="130" PAGE_PREVIEW_RESOLUTION="14" DEFAULT_IMG_EXT="png" IMG_EXT="png" PREVIEW_IMG_EXT="png" XMD_VER="2.6.241.4" PROFILE_ID="W:\Batch\Profile\GDL-1807-06-23.ini" SECTION="None" PAGE_WIDTH="575" PAGE_HEIGHT="998" PAGES_NUMBER="12" BASE_HREF="GDL/1807/06/23" PDF_DESTINATION_MAPPED="OLV0_Page_0006" TOTAL_CHARS_COUNT="2954" SUSPICIOUS_CHARS_COUNT="0">
		<Resolutions>
			<Resolution DEFAULT="true">130</Resolution>
			<Resolution>160</Resolution>
			<Resolution>180</Resolution>
		</Resolutions>
	</Meta>
	<Link SOURCE="103-GDL-1807-06-23-0001.pdf" NEXT_SECTION="" PREV_SECTION="1"/>
	<DataFiles>
		<Files TYPE="DOC_PDF" PRESENT="1"/>
		<Files TYPE="PAGE_PDF" PRESENT="1"/>
		<Files TYPE="DOC_IMG" PRESENT="0"/>
		<Files TYPE="PAGE_IMG" PRESENT="1" BYTEORDER="little_endian" COMPRESSIONSCHEME="LZW" IMAGE_WIDTH="1325" IMAGE_HEIGHT="2302" COLORSPACE="BlackIsZero" BITSPERSAMPLE="8" SAMPLESPERPIXEL="1" XRESOLUTION_DPI="300" YRESOLUTION_DPI="300" MIMETYPE="image/tiff" IMG_EXT="tif" MEDIA_BOX="0 0 1324 2301" CROP_BOX="0 0 1324 2301"/>
		<Files TYPE="PAGE_VIEW_IMG" PRESENT="1"/>
		<Files TYPE="PAGE_PREVIEW_IMG" PRESENT="1"/>
		<Files TYPE="PRIMITIVE_IMG" PRESENT="1"/>
		<Files TYPE="SNIPPET_IMG" PRESENT="1"/>
		<Files TYPE="SEGMENTATION" PRESENT="1"/>
	</DataFiles>
	<Entity ENTITY_TYPE="Article" FIRST_TOC_ENTRY_ID="6" INDEX_IN_DOC="11" DEPTH_LEVEL="1" ID="Ar00600" SIZE="Medium" BOX="23 1 560 160" NEXT_SECTION="" PREV_SECTION="1" CONTINUATION_FROM="Ar00501" FIRST_CHUNK="Ar00501" IMAGES_RESOLUTION="180" TOTAL_CHARS_COUNT="453" SUSPICIOUS_CHARS_COUNT="0" WORDCNT="112">
		<Name>Untitled Article</Name>
		<Primitive ID="Ar0060000" BOX="23 1 560 160" ELEMENT_TYPE="Content" SEQ_NO="0" TOC_ENTRY_ID="6" DEPTH_LEVEL="1"/>
	</Entity>
	<Entity ENTITY_TYPE="Article" FIRST_TOC_ENTRY_ID="9" INDEX_IN_DOC="14" DEPTH_LEVEL="1" ID="Ar00601" SIZE="Medium" BOX="27 815 562 958" NEXT_SECTION="" PREV_SECTION="1" CONTINUATION_TO="Ar00700" IMAGES_RESOLUTION="180" TOTAL_CHARS_COUNT="371" SUSPICIOUS_CHARS_COUNT="0" WORDCNT="110">
		<Name>EMPIRE FRAN�AIS</Name>
		<Primitive ID="Ar0060100" BOX="155 815 423 833" ELEMENT_TYPE="HedLine_hl1" SEQ_NO="0" TOC_ENTRY_ID="9" DEPTH_LEVEL="1"/>
		<Primitive ID="Ar0060101" BOX="27 835 562 958" ELEMENT_TYPE="Content" SEQ_NO="1" TOC_ENTRY_ID="9" DEPTH_LEVEL="1"/>
	</Entity>
	<Entity ENTITY_TYPE="Article" FIRST_TOC_ENTRY_ID="7" INDEX_IN_DOC="12" DEPTH_LEVEL="1" ID="Ar00602" SIZE="XLarge" BOX="23 160 560 640" NEXT_SECTION="" PREV_SECTION="1" IMAGES_RESOLUTION="180" TOTAL_CHARS_COUNT="1613" SUSPICIOUS_CHARS_COUNT="0" WORDCNT="365">
		<Name>, pour. ESPAGNE. De Madrid le zi mai.</Name>
		<Primitive ID="Ar0060200" BOX="23 160 560 180" ELEMENT_TYPE="HedLine_hl1" SEQ_NO="2" TOC_ENTRY_ID="7" DEPTH_LEVEL="1"/>
		<Primitive ID="Ar0060201" BOX="23 180 560 322" ELEMENT_TYPE="Content" SEQ_NO="0" TOC_ENTRY_ID="7" DEPTH_LEVEL="1"/>
		<Primitive ID="Ar0060202" BOX="25 322 560 640" ELEMENT_TYPE="Content" SEQ_NO="1" TOC_ENTRY_ID="7" DEPTH_LEVEL="1"/>
	</Entity>
	<Entity ENTITY_TYPE="Article" FIRST_TOC_ENTRY_ID="8" INDEX_IN_DOC="13" DEPTH_LEVEL="1" ID="Ar00603" SIZE="Large" BOX="25 640 560 815" NEXT_SECTION="" PREV_SECTION="1" IMAGES_RESOLUTION="180" TOTAL_CHARS_COUNT="517" SUSPICIOUS_CHARS_COUNT="0" WORDCNT="135">
		<Name>I T A LIE. De Naptes , le } juin.</Name>
		<Primitive ID="Ar0060300" BOX="25 640 560 658" ELEMENT_TYPE="HedLine_hl1" SEQ_NO="1" TOC_ENTRY_ID="8" DEPTH_LEVEL="1"/>
		<Primitive ID="Ar0060301" BOX="25 658 560 815" ELEMENT_TYPE="Content" SEQ_NO="0" TOC_ENTRY_ID="8" DEPTH_LEVEL="1"/>
	</Entity>
</XMD-PAGE>
