<?xml version="1.0" encoding="windows-1252" standalone="no"?>
<XMD-entity REPOSITORY_FORMAT="1.0" PRXML_VER="2.2" ENTITY_TYPE="Article" DOC_UID="GDL_23/06/1807" DOC_VER="1" FIRST_TOC_ENTRY_ID="11" DEPTH_LEVEL="1" INDEX_IN_DOC="18" PAGE_NO="9" ID="Ar00902" BOX="67 16 1245 157" LANGUAGE="French" SNP="Ar00902S.png" SNP_WIDTH="1179" SNP_HEIGHT="81">
	<Meta NAME="Untitled Article" DESCRIPTION="" SUBTYPE="" BASE_HREF="GDL/1807/06/23" SOURCE_TYPE="TIFF" PUBLICATION="GDL" SECTION="None" ISSUE_DATE="23/06/1807" WORDCNT="93" RELEASE_NO="103-GDL-1807-06-23-0001" PAGE_ID="" PAGE_TYPE="Single" PAGE_WIDTH="975" PAGE_HEIGHT="1348" DEFAULT_IMG_EXT="png" PDF_DESTINATION_MAPPED="OLV0_Entity_0009_0003" IMAGES_RESOLUTION="180" XMD_VER="2.6.241.4" PAGE_LABEL="9" TOTAL_CHARS_COUNT="244" SUSPICIOUS_CHARS_COUNT="0"/>
	<Link SOURCE="103-GDL-1807-06-23-0001.pdf" FIRST_ID="Ar00200" LAST_ID="Ar01201" NEXT_ID="" PREV_ID="Ar00901" TOC_ID="W:/Repository/GDL/1807/06/23/TOC.xml"/>
	<DataFiles>
		<Files TYPE="DOC_PDF" PRESENT="1"/>
		<Files TYPE="PAGE_PDF" PRESENT="1"/>
		<Files TYPE="DOC_IMG" PRESENT="0"/>
		<Files TYPE="PAGE_IMG" PRESENT="1"/>
		<Files TYPE="PAGE_VIEW_IMG" PRESENT="1"/>
		<Files TYPE="PAGE_PREVIEW_IMG" PRESENT="1"/>
		<Files TYPE="PRIMITIVE_IMG" PRESENT="1"/>
		<Files TYPE="SNIPPET_IMG" PRESENT="1"/>
		<Files TYPE="SEGMENTATION" PRESENT="1"/>
	</DataFiles>
	<Content>
		<Primitive BOX="67 16 1245 157" ID="Ar0090200" SEQ_NO="0" TOC_ENTRY_ID="11" DEPTH_LEVEL="1">
			<L BOX="100 55 1226 77"/>
			<W BOX="100 55 158 77" STYLE_REF="2">Leprix</W>
			<W BOX="176 55 197 77" STYLE_REF="2">de</W>
			<Q BOX="203 55 209 77" STYLE_REF="2" QID="1">l</Q>
			<Q BOX="209 55 214 77" STYLE_REF="2" QID="1">'</Q>
			<q BOX="214 55 324 77" STYLE_REF="2" QID="1">abannentent</q>
			<QW QID="1">l'abannentent</QW>
			<W BOX="337 55 359 77" STYLE_REF="2" NS="y">eft</W>
			<W BOX="359 55 364 77" STYLE_REF="2" NS="y">,</W>
			<W BOX="364 55 411 77" STYLE_REF="2">franc</W>
			<W BOX="423 55 481 77" STYLE_REF="2" NS="y">deport</W>
			<W BOX="481 55 487 77" STYLE_REF="2" NS="y">,</W>
			<W BOX="487 55 529 77" STYLE_REF="2">pour</W>
			<W BOX="551 55 576 77" STYLE_REF="2">tes</W>
			<W BOX="589 55 599 77" STYLE_REF="2" NS="y">"</W>
			<W BOX="599 55 605 77" STYLE_REF="2" NS="y">\</W>
			<W BOX="605 55 633 77" STYLE_REF="2">TQ</W>
			<W BOX="685 55 696 77" STYLE_REF="3" NS="y">�</W>
			<W BOX="697 55 708 77" STYLE_REF="3" NS="y">*</W>
			<W BOX="713 55 720 77" STYLE_REF="2" NS="y">f</W>
			<W BOX="727 55 733 77" STYLE_REF="2">\</W>
			<W BOX="773 55 843 77" STYLE_REF="2">Santons</W>
			<W BOX="853 55 874 77" STYLE_REF="2">de</W>
			<W BOX="879 55 921 77" STYLE_REF="2" NS="y">Vaui</W>
			<W BOX="921 55 927 77" STYLE_REF="2">,</W>
			<W BOX="949 55 1031 77" STYLE_REF="2">Frihourg</W>
			<W BOX="1043 55 1057 77" STYLE_REF="2">&amp;</W>
			<W BOX="1064 55 1080 77" STYLE_REF="2">le</W>
			<W BOX="1085 55 1142 77" STYLE_REF="2" NS="y">Valais</W>
			<W BOX="1142 55 1147 77" STYLE_REF="2" NS="y">,</W>
			<W BOX="1147 55 1170 77" STYLE_REF="2">10</W>
			<W BOX="1198 55 1220 77" STYLE_REF="2" NS="y">liv</W>
			<W BOX="1220 55 1226 77" STYLE_REF="2">.</W>
			<L BOX="98 80 1220 101"/>
			<W BOX="98 80 140 101" STYLE_REF="2">pour</W>
			<W BOX="152 80 174 101" STYLE_REF="2">un</W>
			<W BOX="184 80 206 101" STYLE_REF="2" NS="y">an</W>
			<W BOX="206 80 212 101" STYLE_REF="2">,</W>
			<W BOX="226 80 237 101" STYLE_REF="3">5</W>
			<W BOX="242 80 249 101" STYLE_REF="3" NS="y">/</W>
			<W BOX="249 80 255 101" STYLE_REF="3">.</W>
			<W BOX="260 80 302 101" STYLE_REF="2">pour</W>
			<W BOX="314 80 326 101" STYLE_REF="3">6</W>
			<W BOX="332 80 374 101" STYLE_REF="2" NS="y">mois</W>
			<W BOX="374 80 380 101" STYLE_REF="2">,</W>
			<W BOX="392 80 410 101" STYLE_REF="2">&amp;</W>
			<W BOX="415 80 426 101" STYLE_REF="3">3</W>
			<W BOX="434 80 441 101" STYLE_REF="2" NS="y">l</W>
			<W BOX="441 80 446 101" STYLE_REF="2" NS="y">.</W>
			<W BOX="446 80 488 101" STYLE_REF="2">pour</W>
			<W BOX="507 80 518 101" STYLE_REF="3">3</W>
			<W BOX="526 80 568 101" STYLE_REF="2" NS="y">mois</W>
			<W BOX="568 80 574 101" STYLE_REF="2">.</W>
			<W BOX="599 80 612 101" STYLE_REF="3" NS="y">P</W>
			<W BOX="622 80 633 101" STYLE_REF="3">^</W>
			<W BOX="682 80 689 101" STYLE_REF="3" NS="y">/</W>
			<W BOX="689 80 698 101" STYLE_REF="3" NS="y">"</W>
			<W BOX="700 80 707 101" STYLE_REF="3">)</W>
			<W BOX="713 80 720 101" STYLE_REF="2" NS="y">\</W>
			<W BOX="720 80 729 101" STYLE_REF="2">J</W>
			<W BOX="772 80 817 101" STYLE_REF="2">Pour</W>
			<W BOX="829 80 854 101" STYLE_REF="2">les</W>
			<W BOX="863 80 918 101" STYLE_REF="2">autres</W>
			<W BOX="937 80 1006 101" STYLE_REF="2">cantons</W>
			<W BOX="1019 80 1037 101" STYLE_REF="2">&amp;</W>
			<W BOX="1043 80 1134 101" STYLE_REF="2" NS="y">Neuch�tel</W>
			<W BOX="1134 80 1139 101" STYLE_REF="2">,</W>
			<W BOX="1168 80 1189 101" STYLE_REF="3">12</W>
			<W BOX="1197 80 1220 101" STYLE_REF="2">liv</W>
			<L BOX="95 105 1200 126"/>
			<W BOX="95 105 137 126" STYLE_REF="2">pour</W>
			<W BOX="148 105 170 126" STYLE_REF="2">un</W>
			<W BOX="179 105 202 126" STYLE_REF="2" NS="y">an</W>
			<W BOX="202 105 207 126" STYLE_REF="2">,</W>
			<W BOX="217 105 228 126" STYLE_REF="2">6</W>
			<W BOX="235 105 241 126" STYLE_REF="2" NS="y">l</W>
			<W BOX="241 105 247 126" STYLE_REF="2" NS="y">.</W>
			<W BOX="247 105 283 126" STYLE_REF="2">prG</W>
			<W BOX="301 105 343 126" STYLE_REF="2" NS="y">mois</W>
			<W BOX="343 105 349 126" STYLE_REF="2">,</W>
			<W BOX="361 105 379 126" STYLE_REF="3">&amp;</W>
			<W BOX="383 105 394 126" STYLE_REF="3">3</W>
			<W BOX="402 105 408 126" STYLE_REF="2" NS="y">l</W>
			<W BOX="408 105 414 126" STYLE_REF="2">.</W>
			<W BOX="425 105 449 126" STYLE_REF="2" NS="y">lof</W>
			<W BOX="449 105 454 126" STYLE_REF="2">.</W>
			<W BOX="472 105 483 126" STYLE_REF="2" NS="y">p</W>
			<W BOX="483 105 488 126" STYLE_REF="2">'</W>
			<W BOX="505 105 516 126" STYLE_REF="3">3</W>
			<W BOX="521 105 563 126" STYLE_REF="2" NS="y">mois</W>
			<W BOX="563 105 571 126" STYLE_REF="2">;</W>
			<W BOX="748 105 752 126" STYLE_REF="2">'</W>
			<W BOX="769 105 848 126" STYLE_REF="2">payables</W>
			<Q BOX="862 105 873 126" STYLE_REF="2" QID="2">d</Q>
			<Q BOX="873 105 878 126" STYLE_REF="2" QID="2">'</Q>
			<q BOX="878 105 941 126" STYLE_REF="2" NS="y" QID="2">avance</q>
			<QW QID="2">d'avance</QW>
			<W BOX="941 105 947 126" STYLE_REF="2">.</W>
			<W BOX="967 105 1029 126" STYLE_REF="2">Lettres</W>
			<W BOX="1040 105 1054 126" STYLE_REF="2">&amp;</W>
			<W BOX="1060 105 1118 126" STYLE_REF="2">argent</W>
			<W BOX="1136 105 1195 126" STYLE_REF="2" NS="y">franch</W>
			<W BOX="1195 105 1200 126" STYLE_REF="2">,</W>
		</Primitive>
	</Content>
</XMD-entity>