<?xml version="1.0" encoding="windows-1252" standalone="no"?>
<XMD-PAGE REPOSITORY_FORMAT="1.0" PRXML_VER="2.2">
	<Meta SINGLE_PAGE_PDF_NAME="/Res/PDF/Pg0009_s_0009.pdf" ISSUE_DATE="23/06/1807" RELEASE_NO="103-GDL-1807-06-23-0001" PAGE_NO="9" NAME="" PAGE_LABEL="9" PAGE_TYPE="Single" PUBLISHER="Olive" PUBLICATION="GDL" SOURCE_TYPE="TIFF" SOURCE_RESOLUTION="72" IMAGES_RESOLUTION="180" PAGE_THUMBNAIL_RESOLUTION="130" PAGE_PREVIEW_RESOLUTION="14" DEFAULT_IMG_EXT="png" IMG_EXT="png" PREVIEW_IMG_EXT="png" XMD_VER="2.6.241.4" PROFILE_ID="W:\Batch\Profile\GDL-1807-06-23.ini" SECTION="None" PAGE_WIDTH="975" PAGE_HEIGHT="1348" PAGES_NUMBER="12" BASE_HREF="GDL/1807/06/23" PDF_DESTINATION_MAPPED="OLV0_Page_0009" TOTAL_CHARS_COUNT="5006" SUSPICIOUS_CHARS_COUNT="0">
		<Resolutions>
			<Resolution DEFAULT="true">130</Resolution>
			<Resolution>160</Resolution>
			<Resolution>180</Resolution>
		</Resolutions>
		<Links>
			<Lnk TYPE="URL" LNK_ID="LNK_9_0">
				<Target>http://La.usa.nne</Target>
			</Lnk>
			<Sources>
				<Box LNK_ID="LNK_9_0">398 205 483 223</Box>
			</Sources>
		</Links>
	</Meta>
	<Link SOURCE="103-GDL-1807-06-23-0001.pdf" NEXT_SECTION="" PREV_SECTION="1"/>
	<DataFiles>
		<Files TYPE="DOC_PDF" PRESENT="1"/>
		<Files TYPE="PAGE_PDF" PRESENT="1"/>
		<Files TYPE="DOC_IMG" PRESENT="0"/>
		<Files TYPE="PAGE_IMG" PRESENT="1" BYTEORDER="little_endian" COMPRESSIONSCHEME="LZW" IMAGE_WIDTH="2248" IMAGE_HEIGHT="3110" COLORSPACE="BlackIsZero" BITSPERSAMPLE="8" SAMPLESPERPIXEL="1" XRESOLUTION_DPI="300" YRESOLUTION_DPI="300" MIMETYPE="image/tiff" IMG_EXT="tif" MEDIA_BOX="0 0 2247 3109" CROP_BOX="0 0 2247 3109"/>
		<Files TYPE="PAGE_VIEW_IMG" PRESENT="1"/>
		<Files TYPE="PAGE_PREVIEW_IMG" PRESENT="1"/>
		<Files TYPE="PRIMITIVE_IMG" PRESENT="1"/>
		<Files TYPE="SNIPPET_IMG" PRESENT="1"/>
		<Files TYPE="SEGMENTATION" PRESENT="1"/>
	</DataFiles>
	<Entity ENTITY_TYPE="Article" FIRST_TOC_ENTRY_ID="12" INDEX_IN_DOC="19" DEPTH_LEVEL="1" ID="Ar00900" SIZE="XLarge" BOX="54 136 830 1268" NEXT_SECTION="" PREV_SECTION="1" CONTINUATION_TO="Ar00901" IMAGES_RESOLUTION="180" TOTAL_CHARS_COUNT="2512" SUSPICIOUS_CHARS_COUNT="0" WORDCNT="584">
		<Name>JOURNAL SUISSE.</Name>
		<Primitive ID="Ar0090000" BOX="128 136 830 178" ELEMENT_TYPE="HedLine_hl1" SEQ_NO="6" TOC_ENTRY_ID="12" DEPTH_LEVEL="1"/>
		<Primitive ID="Ar0090001" BOX="161 201 785 223" ELEMENT_TYPE="Content" SEQ_NO="0" TOC_ENTRY_ID="12" DEPTH_LEVEL="1"/>
		<Primitive ID="Ar0090002" BOX="65 261 469 490" ELEMENT_TYPE="Content" SEQ_NO="1" TOC_ENTRY_ID="12" DEPTH_LEVEL="1"/>
		<Primitive ID="Ar0090003" BOX="61 488 464 734" ELEMENT_TYPE="Content" SEQ_NO="2" TOC_ENTRY_ID="12" DEPTH_LEVEL="1"/>
		<Primitive ID="Ar0090004" BOX="61 734 462 931" ELEMENT_TYPE="Content" SEQ_NO="3" TOC_ENTRY_ID="12" DEPTH_LEVEL="1"/>
		<Primitive ID="Ar0090005" BOX="58 929 457 1138" ELEMENT_TYPE="Content" SEQ_NO="4" TOC_ENTRY_ID="12" DEPTH_LEVEL="1"/>
		<Primitive ID="Ar0090006" BOX="54 1142 453 1268" ELEMENT_TYPE="Content" SEQ_NO="5" TOC_ENTRY_ID="12" DEPTH_LEVEL="1"/>
	</Entity>
	<Entity ENTITY_TYPE="Article" FIRST_TOC_ENTRY_ID="12" INDEX_IN_DOC="20" DEPTH_LEVEL="1" ID="Ar00901" SIZE="XLarge" BOX="469 263 885 1268" NEXT_SECTION="" PREV_SECTION="1" CONTINUATION_TO="Ar01000" CONTINUATION_FROM="Ar00900" FIRST_CHUNK="Ar00900" IMAGES_RESOLUTION="180" TOTAL_CHARS_COUNT="2250" SUSPICIOUS_CHARS_COUNT="0" WORDCNT="525">
		<Name>Untitled Article</Name>
		<Primitive ID="Ar0090100" BOX="482 263 885 438" ELEMENT_TYPE="Content" SEQ_NO="0" TOC_ENTRY_ID="12" DEPTH_LEVEL="1"/>
		<Primitive ID="Ar0090101" BOX="478 443 881 705" ELEMENT_TYPE="Content" SEQ_NO="1" TOC_ENTRY_ID="12" DEPTH_LEVEL="1"/>
		<Primitive ID="Ar0090102" BOX="473 712 878 940" ELEMENT_TYPE="Content" SEQ_NO="2" TOC_ENTRY_ID="12" DEPTH_LEVEL="1"/>
		<Primitive ID="Ar0090103" BOX="469 949 870 1268" ELEMENT_TYPE="Content" SEQ_NO="3" TOC_ENTRY_ID="12" DEPTH_LEVEL="1"/>
	</Entity>
	<Entity ENTITY_TYPE="Article" FIRST_TOC_ENTRY_ID="11" INDEX_IN_DOC="18" DEPTH_LEVEL="1" ID="Ar00902" SIZE="Small" BOX="49 12 899 114" NEXT_SECTION="" PREV_SECTION="1" IMAGES_RESOLUTION="180" TOTAL_CHARS_COUNT="244" SUSPICIOUS_CHARS_COUNT="0" WORDCNT="93">
		<Name>Untitled Article</Name>
		<Primitive ID="Ar0090200" BOX="49 12 899 114" ELEMENT_TYPE="Content" SEQ_NO="0" TOC_ENTRY_ID="11" DEPTH_LEVEL="1"/>
	</Entity>
</XMD-PAGE>
