<?xml version="1.0" encoding="windows-1252" standalone="no"?>
<XMD-entity REPOSITORY_FORMAT="1.0" PRXML_VER="2.3" ENTITY_TYPE="Article" DOC_UID="JDF_13/09/1833" DOC_VER="1" FIRST_TOC_ENTRY_ID="5" DEPTH_LEVEL="1" INDEX_IN_DOC="8" PAGE_NO="4" ID="Ar00400" BOX="95 38 603 66" LANGUAGE="French" SNP="Ar00400S.png" SNP_WIDTH="509" SNP_HEIGHT="29" LOGICAL_NAME="true">
	<Meta NAME="Stabsofficier , traduisez moi cela , mon..." DESCRIPTION="" SUBTYPE="" BASE_HREF="JDF/1833/09/13" SOURCE_TYPE="TIFF" PUBLICATION="JDF" SECTION="None" ISSUE_DATE="13/09/1833" WORDCNT="8" RELEASE_NO="113-JDF-1833-09-13-0001-ORIGNAME_09_13_01_9SPLIT" PAGE_ID="" PAGE_TYPE="Single" PAGE_WIDTH="842" PAGE_HEIGHT="1114" DEFAULT_IMG_EXT="png" PDF_DESTINATION_MAPPED="OLV0_Entity_0004_0001" IMAGES_RESOLUTION="180" XMD_VER="2.8.200.8" PAGE_LABEL="4" TOTAL_CHARS_COUNT="43" SUSPICIOUS_CHARS_COUNT="0"/>
	<Link SOURCE="113-JDF-1833-09-13-0001-ORIGNAME_09_13_01_9SPLIT.pdf" FIRST_ID="Ar00200" LAST_ID="Ar00403" NEXT_ID="Ar00401" PREV_ID="" TOC_ID="W:/Repository/JDF/1833/09/13/TOC.xml"/>
	<DataFiles>
		<Files TYPE="DOC_PDF" PRESENT="1"/>
		<Files TYPE="PAGE_PDF" PRESENT="0"/>
		<Files TYPE="DOC_IMG" PRESENT="0"/>
		<Files TYPE="PAGE_IMG" PRESENT="0"/>
		<Files TYPE="PAGE_VIEW_IMG" PRESENT="1"/>
		<Files TYPE="PAGE_PREVIEW_IMG" PRESENT="1"/>
		<Files TYPE="PRIMITIVE_IMG" PRESENT="1"/>
		<Files TYPE="SNIPPET_IMG" PRESENT="1"/>
		<Files TYPE="SEGMENTATION" PRESENT="0"/>
		<Files TYPE="PAGINATION_TEMPLATE_BACKGROUND" PRESENT="0"/>
		<Files TYPE="EXTERNAL_FONTS" PRESENT="0"/>
		<Files TYPE="PROFILE" PRESENT="0"/>
	</DataFiles>
	<Content>
		<Primitive BOX="95 38 603 66" ID="Ar0040000" SEQ_NO="0" TOC_ENTRY_ID="5" DEPTH_LEVEL="1" POPULAR_STYLE_REF="6">
			<L BOX="95 35 600 70" P="S"/>
			<W BOX="95 35 219 65" STYLE_REF="5">Stabsofficier</W>
			<W BOX="221 38 228 68" STYLE_REF="5">,</W>
			<W BOX="237 35 327 65" STYLE_REF="6">traduisez</W>
			<W BOX="339 35 378 65" STYLE_REF="6">moi</W>
			<W BOX="387 35 425 65" STYLE_REF="6">cela</W>
			<W BOX="432 40 441 70" STYLE_REF="6">,</W>
			<W BOX="447 39 544 68" STYLE_REF="6">monsieur</W>
			<W BOX="554 39 600 68" STYLE_REF="6">Bolz</W>
		</Primitive>
	</Content>
</XMD-entity>