<?xml version="1.0" encoding="UTF-8"?>
<alto xmlns:xsi="http://www.w3.org/2001/XMLSchema-instance" xsi:noNamespaceSchemaLocation="http://schema.ccs-gmbh.com/docworks/alto-1-4.xsd" xmlns:xlink="http://www.w3.org/1999/xlink">
	<Description>
		<MeasurementUnit>pixel</MeasurementUnit>
		<sourceImageInformation>
			<fileName>//NP1-STOR1/data01/blend9/2019-05-08_96_52/2019-05-08_96_52_00051.tif</fileName>
		</sourceImageInformation>
		<OCRProcessing ID="OCRPROCESSING_1">
			<preProcessingStep>
				<processingSoftware>
					<softwareCreator>CCS Content Conversion Specialists GmbH, Hamburg, Germany</softwareCreator>
					<softwareName>CCS docWorks</softwareName>
					<softwareVersion>7.0-1.47</softwareVersion>
				</processingSoftware>
			</preProcessingStep>
			<ocrProcessingStep>
				<processingStepSettings>Character Count: 124 
Predicted Word Accuracy: 74.9% 
Suspicious Character Count: 1 
Word Count: 32 
Suspicious Word Count: 15 
width: 4302 
height: 7263 
xdpi: 400 
ydpi: 400 
source-image: //NP1-STOR1/data01/blend9/2019-05-08_96_52/2019-05-08_96_52_00051.tif</processingStepSettings>
				<processingSoftware>
					<softwareCreator>Nuance Communications, Inc.</softwareCreator>
					<softwareName>OmniPage</softwareName>
					<softwareVersion>20</softwareVersion>
				</processingSoftware>
			</ocrProcessingStep>
		</OCRProcessing>
	</Description>
	<Styles>
		<TextStyle ID="TXT_0" FONTSIZE="0" FONTFAMILY="" FONTSTYLE="italics"/>
		<TextStyle ID="TXT_1" FONTSIZE="0" FONTFAMILY=""/>
		<TextStyle ID="TXT_2" FONTSIZE="0" FONTFAMILY=""/>
		<TextStyle ID="TXT_3" FONTSIZE="0" FONTFAMILY="" FONTSTYLE="bold"/>
		<TextStyle ID="TXT_4" FONTSIZE="0" FONTFAMILY="" FONTSTYLE="bold"/>
		<ParagraphStyle ID="PAR_LEFT" ALIGN="Left"/>
		<ParagraphStyle ID="PAR_RIGHT" ALIGN="Right"/>
	</Styles>
	<Layout>
		<Page ID="P3" PHYSICAL_IMG_NR="3" HEIGHT="7263" WIDTH="4302" PC="0.749">
			<TopMargin ID="P3_TM00001" HPOS="0" VPOS="0" WIDTH="5735" HEIGHT="576"/>
			<LeftMargin ID="P3_LM00001" HPOS="0" VPOS="576" WIDTH="476" HEIGHT="9035"/>
			<RightMargin ID="P3_RM00001" HPOS="5613" VPOS="576" WIDTH="123" HEIGHT="9035"/>
			<BottomMargin ID="P3_BM00001" HPOS="0" VPOS="9611" WIDTH="5735" HEIGHT="72"/>
			<PrintSpace ID="P3_PS00001" HPOS="476" VPOS="576" WIDTH="5137" HEIGHT="9035">
				<TextBlock ID="pa0003001" HPOS="535" VPOS="1846" WIDTH="496" HEIGHT="41" STYLEREFS="TXT_0 PAR_LEFT">
					<TextLine ID="P3_TL00001" HPOS="535" VPOS="1846" WIDTH="496" HEIGHT="41">
						<String ID="word000001" HPOS="535" VPOS="1846" WIDTH="496" HEIGHT="41" CONTENT="INTELLIGENCE" WC="0.83" CC="440110010412"/>
						<SP ID="P3_SP00001" HPOS="1031" VPOS="1887" WIDTH="0"/>
					</TextLine>
				</TextBlock>
				<TextBlock ID="pa0003002" HPOS="357" VPOS="2813" WIDTH="104" HEIGHT="27" STYLEREFS="TXT_1 PAR_LEFT">
					<TextLine ID="P3_TL00002" HPOS="357" VPOS="2813" WIDTH="104" HEIGHT="27">
						<String ID="word000002" HPOS="357" VPOS="2813" WIDTH="76" HEIGHT="27" CONTENT="raise" WC="0.95" CC="01001"/>
						<SP ID="P3_SP00002" HPOS="433" VPOS="2839" WIDTH="22"/>
						<String ID="word000003" HPOS="455" VPOS="2813" WIDTH="6" HEIGHT="27" CONTENT="I" WC="0.67" CC="3"/>
						<SP ID="P3_SP00003" HPOS="461" VPOS="2839" WIDTH="0"/>
					</TextLine>
				</TextBlock>
				<TextBlock ID="pa0003003" HPOS="498" VPOS="2014" WIDTH="135" HEIGHT="29" STYLEREFS="TXT_1 PAR_LEFT">
					<TextLine ID="P3_TL00003" HPOS="521" VPOS="2014" WIDTH="112" HEIGHT="29">
						<String ID="word000004" HPOS="521" VPOS="2014" WIDTH="112" HEIGHT="28" CONTENT="Hound" WC="0.98" CC="00010"/>
						<SP ID="P3_SP00004" HPOS="633" VPOS="2043" WIDTH="0"/>
					</TextLine>
				</TextBlock>
				<TextBlock ID="pa0003004" HPOS="550" VPOS="2455" WIDTH="117" HEIGHT="25" STYLEREFS="TXT_1 PAR_LEFT">
					<TextLine ID="P3_TL00004" HPOS="550" VPOS="2455" WIDTH="117" HEIGHT="25">
						<String ID="word000005" HPOS="550" VPOS="2455" WIDTH="9" HEIGHT="25" CONTENT="I" WC="0.44" CC="5"/>
						<SP ID="P3_SP00005" HPOS="559" VPOS="2480" WIDTH="16"/>
						<String ID="word000006" HPOS="575" VPOS="2455" WIDTH="57" HEIGHT="25" CONTENT="did" WC="0.63" CC="172"/>
						<SP ID="P3_SP00006" HPOS="631" VPOS="2480" WIDTH="14"/>
						<String ID="word000007" HPOS="646" VPOS="2460" WIDTH="20" HEIGHT="20" CONTENT="Si" WC="0.33" CC="66" STYLEREFS="TXT_2"/>
						<SP ID="P3_SP00007" HPOS="666" VPOS="2480" WIDTH="0"/>
					</TextLine>
				</TextBlock>
				<TextBlock ID="pa0003005" HPOS="1113" VPOS="1206" WIDTH="125" HEIGHT="27" STYLEREFS="TXT_2 PAR_LEFT">
					<TextLine ID="P3_TL00005" HPOS="1113" VPOS="1206" WIDTH="125" HEIGHT="27">
						<String ID="word000008" HPOS="1113" VPOS="1206" WIDTH="22" HEIGHT="13" CONTENT="I-" WC="0.61" CC="34"/>
						<SP ID="P3_SP00008" HPOS="1135" VPOS="1219" WIDTH="22"/>
						<String ID="word000009" HPOS="1157" VPOS="1206" WIDTH="5" HEIGHT="27" CONTENT="I" WC="0.44" CC="5"/>
						<SP ID="P3_SP00009" HPOS="1162" VPOS="1233" WIDTH="19"/>
						<String ID="word000010" HPOS="1181" VPOS="1206" WIDTH="36" HEIGHT="20" CONTENT="to" WC="1.00" CC="00"/>
						<SP ID="P3_SP00010" HPOS="1217" VPOS="1233" WIDTH="14"/>
						<String ID="word000011" HPOS="1231" VPOS="1206" WIDTH="6" HEIGHT="27" CONTENT="t" WC="0.78" CC="2"/>
						<SP ID="P3_SP00011" HPOS="1238" VPOS="1233" WIDTH="0"/>
					</TextLine>
				</TextBlock>
				<TextBlock ID="pa0003006" HPOS="932" VPOS="2331" WIDTH="218" HEIGHT="82" STYLEREFS="TXT_1 PAR_LEFT">
					<TextLine ID="P3_TL00006" HPOS="932" VPOS="2331" WIDTH="218" HEIGHT="82">
						<String ID="word000012" HPOS="932" VPOS="2359" WIDTH="88" HEIGHT="38" CONTENT="face?" WC="0.78" CC="00730"/>
						<SP ID="P3_SP00012" HPOS="1020" VPOS="2397" WIDTH="24"/>
						<String ID="word000013" HPOS="1044" VPOS="2364" WIDTH="30" HEIGHT="33" CONTENT="It" WC="0.94" CC="10"/>
						<SP ID="P3_SP00013" HPOS="1074" VPOS="2397" WIDTH="22"/>
						<String ID="word000014" HPOS="1096" VPOS="2364" WIDTH="27" HEIGHT="31" CONTENT="is" WC="1.00" CC="00" STYLEREFS="TXT_2"/>
						<SP ID="P3_SP00014" HPOS="1123" VPOS="2397" WIDTH="22"/>
						<String ID="word000015" HPOS="1145" VPOS="2331" WIDTH="5" HEIGHT="82" CONTENT="I" WC="0.44" CC="5" STYLEREFS="TXT_2"/>
						<SP ID="P3_SP00015" HPOS="1150" VPOS="2413" WIDTH="0"/>
					</TextLine>
				</TextBlock>
				<TextBlock ID="pa0003007" HPOS="940" VPOS="2499" WIDTH="114" HEIGHT="25" STYLEREFS="TXT_1 PAR_LEFT">
					<TextLine ID="P3_TL00007" HPOS="940" VPOS="2499" WIDTH="114" HEIGHT="25">
						<String ID="word000016" HPOS="940" VPOS="2499" WIDTH="113" HEIGHT="25" CONTENT="Laught" WC="0.89" CC="001500"/>
						<SP ID="P3_SP00016" HPOS="1054" VPOS="2524" WIDTH="0"/>
					</TextLine>
				</TextBlock>
				<TextBlock ID="pa0003008" HPOS="956" VPOS="3307" WIDTH="102" HEIGHT="19" STYLEREFS="TXT_2 PAR_LEFT">
					<TextLine ID="P3_TL00008" HPOS="956" VPOS="3307" WIDTH="102" HEIGHT="19">
						<String ID="word000017" HPOS="956" VPOS="3307" WIDTH="74" HEIGHT="19" CONTENT="tutu," WC="0.62" CC="35333"/>
						<SP ID="P3_SP00017" HPOS="1030" VPOS="3326" WIDTH="17"/>
						<String ID="word000018" HPOS="1047" VPOS="3307" WIDTH="11" HEIGHT="19" CONTENT="a" WC="0.67" CC="3"/>
						<SP ID="P3_SP00018" HPOS="1058" VPOS="3326" WIDTH="0"/>
					</TextLine>
				</TextBlock>
				<TextBlock ID="pa0003009" HPOS="1106" VPOS="6027" WIDTH="101" HEIGHT="28" STYLEREFS="TXT_1 PAR_LEFT">
					<TextLine ID="P3_TL00009" HPOS="1106" VPOS="6027" WIDTH="101" HEIGHT="28">
						<String ID="word000019" HPOS="1106" VPOS="6027" WIDTH="5" HEIGHT="28" CONTENT="I" WC="0.44" CC="5" STYLEREFS="TXT_2"/>
						<SP ID="P3_SP00019" HPOS="1110" VPOS="6055" WIDTH="19"/>
						<String ID="word000020" HPOS="1129" VPOS="6027" WIDTH="77" HEIGHT="25" CONTENT="from" WC="0.97" CC="0001"/>
						<SP ID="P3_SP00020" HPOS="1206" VPOS="6055" WIDTH="0"/>
					</TextLine>
				</TextBlock>
				<TextBlock ID="pa0003010" HPOS="1313" VPOS="7181" WIDTH="101" HEIGHT="27" STYLEREFS="TXT_3 PAR_LEFT">
					<TextLine ID="P3_TL00010" HPOS="1313" VPOS="7181" WIDTH="101" HEIGHT="27">
						<String ID="word000021" HPOS="1313" VPOS="7181" WIDTH="54" HEIGHT="27" CONTENT="old" WC="1.00" CC="000"/>
						<SP ID="P3_SP00021" HPOS="1367" VPOS="7208" WIDTH="14"/>
						<String ID="word000022" HPOS="1381" VPOS="7181" WIDTH="33" HEIGHT="27" CONTENT="th" WC="1.00" CC="00"/>
						<SP ID="P3_SP00022" HPOS="1414" VPOS="7208" WIDTH="0"/>
					</TextLine>
				</TextBlock>
				<TextBlock ID="pa0003011" HPOS="750" VPOS="2683" WIDTH="106" HEIGHT="23" STYLEREFS="TXT_1 PAR_LEFT">
					<TextLine ID="P3_TL00011" HPOS="750" VPOS="2683" WIDTH="106" HEIGHT="23">
						<String ID="word000023" HPOS="750" VPOS="2683" WIDTH="106" HEIGHT="22" CONTENT="iarket," WC="0.63" CC="5333333"/>
						<SP ID="P3_SP00023" HPOS="855" VPOS="2706" WIDTH="0"/>
					</TextLine>
				</TextBlock>
				<TextBlock ID="pa0003012" HPOS="754" VPOS="2809" WIDTH="194" HEIGHT="26" STYLEREFS="TXT_1 PAR_LEFT">
					<TextLine ID="P3_TL00012" HPOS="754" VPOS="2809" WIDTH="194" HEIGHT="26">
						<String ID="word000024" HPOS="754" VPOS="2816" WIDTH="27" HEIGHT="19" CONTENT="ie" WC="0.72" CC="50"/>
						<SP ID="P3_SP00024" HPOS="781" VPOS="2835" WIDTH="14"/>
						<String ID="word000025" HPOS="795" VPOS="2809" WIDTH="101" HEIGHT="25" CONTENT="found" WC="0.89" CC="11012"/>
						<SP ID="P3_SP00025" HPOS="896" VPOS="2835" WIDTH="14"/>
						<String ID="word000026" HPOS="910" VPOS="2809" WIDTH="38" HEIGHT="25" CONTENT="wl" WC="0.56" CC="35"/>
						<SP ID="P3_SP00026" HPOS="948" VPOS="2835" WIDTH="0"/>
					</TextLine>
				</TextBlock>
				<TextBlock ID="pa0003013" HPOS="751" VPOS="3306" WIDTH="128" HEIGHT="17" STYLEREFS="TXT_1 PAR_LEFT">
					<TextLine ID="P3_TL00013" HPOS="751" VPOS="3306" WIDTH="128" HEIGHT="17">
						<String ID="word000027" HPOS="751" VPOS="3306" WIDTH="60" HEIGHT="17" CONTENT="had" WC="0.96" CC="100"/>
						<SP ID="P3_SP00027" HPOS="811" VPOS="3323" WIDTH="16"/>
						<String ID="word000028" HPOS="827" VPOS="3306" WIDTH="52" HEIGHT="17" CONTENT="strt" WC="0.92" CC="0003"/>
						<SP ID="P3_SP00028" HPOS="879" VPOS="3323" WIDTH="0"/>
					</TextLine>
				</TextBlock>
				<TextBlock ID="pa0003014" HPOS="759" VPOS="3910" WIDTH="112" HEIGHT="22" STYLEREFS="TXT_1 PAR_LEFT">
					<TextLine ID="P3_TL00014" HPOS="759" VPOS="3910" WIDTH="112" HEIGHT="22">
						<String ID="word000029" HPOS="759" VPOS="3910" WIDTH="112" HEIGHT="22" CONTENT="Laught" WC="0.98" CC="000100"/>
						<SP ID="P3_SP00029" HPOS="871" VPOS="3932" WIDTH="0"/>
					</TextLine>
				</TextBlock>
				<TextBlock ID="pa0003015" HPOS="4013" VPOS="431" WIDTH="99" HEIGHT="19" STYLEREFS="TXT_1 PAR_RIGHT">
					<TextLine ID="P3_TL00015" HPOS="4013" VPOS="431" WIDTH="99" HEIGHT="19">
						<String ID="word000030" HPOS="4013" VPOS="431" WIDTH="5" HEIGHT="19" CONTENT="1" WC="0.33" CC="6" STYLEREFS="TXT_2"/>
						<SP ID="P3_SP00030" HPOS="4017" VPOS="450" WIDTH="25"/>
						<String ID="word000031" HPOS="4043" VPOS="431" WIDTH="69" HEIGHT="19" CONTENT="natt" WC="0.97" CC="0001"/>
						<SP ID="P3_SP00031" HPOS="4112" VPOS="450" WIDTH="0"/>
					</TextLine>
				</TextBlock>
				<TextBlock ID="pa0003016" HPOS="4087" VPOS="4772" WIDTH="123" HEIGHT="22" STYLEREFS="TXT_4 PAR_RIGHT">
					<TextLine ID="P3_TL00016" HPOS="4087" VPOS="4772" WIDTH="123" HEIGHT="22">
						<String ID="word000032" HPOS="4087" VPOS="4772" WIDTH="123" HEIGHT="22" CONTENT="tocrats" WC="0.57" CC="6333345" STYLEREFS="TXT_2"/>
						<SP ID="P3_SP00032" HPOS="4209" VPOS="4794" WIDTH="0"/>
					</TextLine>
				</TextBlock>
			</PrintSpace>
		</Page>
	</Layout>
</alto>
