<?xml version="1.0" encoding="windows-1252" standalone="no"?>
<XMD-entity REPOSITORY_FORMAT="1.0" PRXML_VER="2.2" ENTITY_TYPE="Ad" DOC_UID="GDL_02/01/1900" DOC_VER="1" FIRST_TOC_ENTRY_ID="52" DEPTH_LEVEL="1" INDEX_IN_DOC="53" PAGE_NO="4" ID="Ad00409" BOX="726 1352 1198 1638" LANGUAGE="French" SNP="Ad00409S.png" SNP_WIDTH="198" SNP_HEIGHT="120">
	<Meta NAME="Untitled Ad" DESCRIPTION="" SUBTYPE="" BASE_HREF="GDL/1900/01/02" SOURCE_TYPE="TIFF" PUBLICATION="GDL" SECTION="None" ISSUE_DATE="02/01/1900" WORDCNT="30" RELEASE_NO="103-GDL-1900-01-02-0001" PAGE_ID="" PAGE_TYPE="Single" PAGE_WIDTH="981" PAGE_HEIGHT="1354" DEFAULT_IMG_EXT="png" PDF_DESTINATION_MAPPED="OLV0_Entity_0004_0010" IMAGES_RESOLUTION="144" XMD_VER="2.6.241.4" PAGE_LABEL="4" TOTAL_CHARS_COUNT="0" SUSPICIOUS_CHARS_COUNT="0"/>
	<Link SOURCE="103-GDL-1900-01-02-0001.pdf" FIRST_ID="Ar00200" LAST_ID="Ad00448" NEXT_ID="Ad00410" PREV_ID="Ad00408" TOC_ID="W:/Repository/GDL/1900/01/02/TOC.xml"/>
	<DataFiles>
		<Files TYPE="DOC_PDF" PRESENT="1"/>
		<Files TYPE="PAGE_PDF" PRESENT="1"/>
		<Files TYPE="DOC_IMG" PRESENT="0"/>
		<Files TYPE="PAGE_IMG" PRESENT="1"/>
		<Files TYPE="PAGE_VIEW_IMG" PRESENT="1"/>
		<Files TYPE="PAGE_PREVIEW_IMG" PRESENT="1"/>
		<Files TYPE="PRIMITIVE_IMG" PRESENT="1"/>
		<Files TYPE="SNIPPET_IMG" PRESENT="1"/>
		<Files TYPE="SEGMENTATION" PRESENT="1"/>
	</DataFiles>
	<Content>
		<Primitive BOX="726 1352 1198 1638" ID="Ad0040900" E="N" SEQ_NO="1" TOC_ENTRY_ID="52" DEPTH_LEVEL="1">
			<L BOX="747 1420 1024 1500"/>
			<W BOX="747 1420 1024 1500" STYLE_REF="66">cmsmmms</W>
			<L BOX="745 1495 1020 1516" P="S"/>
			<W BOX="745 1495 790 1516" STYLE_REF="29">sont</W>
			<W BOX="798 1495 847 1516" STYLE_REF="29">ceux</W>
			<W BOX="858 1495 935 1516" STYLE_REF="29">vendus</W>
			<W BOX="946 1495 991 1516" STYLE_REF="29">sous</W>
			<W BOX="1001 1495 1020 1516" STYLE_REF="29">la</W>
			<L BOX="741 1425 1176 1588" P="S"/>
			<W BOX="741 1572 786 1587" STYLE_REF="67" NS="y">enpaq</W>
			<W BOX="785 1578 788 1588" STYLE_REF="68" NS="y">;</W>
			<W BOX="788 1572 816 1587" STYLE_REF="67" NS="y">deS</W>
			<W BOX="816 1572 824 1587" STYLE_REF="67" NS="y">0</W>
			<W BOX="824 1572 836 1587" STYLE_REF="67" NS="y">O</W>
			<W BOX="836 1572 840 1587" STYLE_REF="67" NS="y">.</W>
			<W BOX="840 1572 849 1587" STYLE_REF="67" NS="y">2</W>
			<W BOX="848 1572 859 1587" STYLE_REF="67" NS="y">S</W>
			<W BOX="858 1572 867 1587" STYLE_REF="67" NS="y">0</W>
			<W BOX="866 1572 885 1587" STYLE_REF="67" NS="y">eri</W>
			<W BOX="884 1572 902 1587" STYLE_REF="67" NS="y">25</W>
			<W BOX="901 1572 916 1587" STYLE_REF="67" NS="y">gr</W>
			<W BOX="916 1578 919 1588" STYLE_REF="68">:</W>
			<W BOX="937 1572 945 1587" STYLE_REF="67" NS="y">"</W>
			<W BOX="948 1572 955 1587" STYLE_REF="67">*</W>
			<W BOX="1066 1425 1092 1442" STYLE_REF="44">En</W>
			<W BOX="1119 1425 1176 1442" STYLE_REF="44">vente</W>
			<L BOX="1045 1459 1199 1476"/>
			<W BOX="1045 1459 1093 1476" STYLE_REF="44">dans</W>
			<W BOX="1109 1459 1153 1476" STYLE_REF="44">tous</W>
			<W BOX="1166 1459 1199 1476" STYLE_REF="44">les</W>
			<L BOX="1045 1493 1197 1510" P="S"/>
			<W BOX="1045 1493 1093 1510" STYLE_REF="44">bons</W>
			<Q BOX="1134 1493 1187 1510" STYLE_REF="44" QID="1">maga</Q>
			<Q BOX="1191 1493 1197 1510" STYLE_REF="44" QID="1">-</Q>
			<L BOX="1045 1527 1198 1544"/>
			<q BOX="1045 1527 1085 1544" STYLE_REF="44" QID="1">sins</q>
			<QW QID="1">magasins</QW>
			<Q BOX="1114 1527 1127 1544" STYLE_REF="44" QID="2">d</Q>
			<Q BOX="1127 1527 1134 1544" STYLE_REF="44" QID="2">'</Q>
			<Q BOX="1134 1527 1188 1544" STYLE_REF="44" QID="2">�pice</Q>
			<Q BOX="1192 1527 1198 1544" STYLE_REF="44" QID="2">-</Q>
			<L BOX="1045 1561 1198 1578"/>
			<q BOX="1045 1561 1068 1578" STYLE_REF="44" NS="y" QID="2">rie</q>
			<QW QID="2">d'�picerie</QW>
			<W BOX="1071 1561 1074 1578" STYLE_REF="44">.</W>
			<W BOX="1158 1561 1198 1578" STYLE_REF="44">8364</W>
		</Primitive>
	</Content>
	<AdFrame>
		<Img BOX="726 1352 1198 1638" ID="Ad0040901" HREF="/4/Img/Ad0040901.png" TOC_ENTRY_ID="52" SEQ_NO="0"/>
	</AdFrame>
</XMD-entity>