<?xml version="1.0" encoding="windows-1252" standalone="no"?>
<XMD-entity REPOSITORY_FORMAT="1.0" PRXML_VER="2.2" ENTITY_TYPE="Ad" DOC_UID="GDL_02/01/1900" DOC_VER="1" FIRST_TOC_ENTRY_ID="45" DEPTH_LEVEL="1" INDEX_IN_DOC="46" PAGE_NO="4" ID="Ad00412" BOX="496 1028 726 1456" LANGUAGE="French" SNP="Ad00412S.png" SNP_WIDTH="65" SNP_HEIGHT="120">
	<Meta NAME="Untitled Ad" DESCRIPTION="" SUBTYPE="" BASE_HREF="GDL/1900/01/02" SOURCE_TYPE="TIFF" PUBLICATION="GDL" SECTION="None" ISSUE_DATE="02/01/1900" WORDCNT="25" RELEASE_NO="103-GDL-1900-01-02-0001" PAGE_ID="" PAGE_TYPE="Single" PAGE_WIDTH="981" PAGE_HEIGHT="1354" DEFAULT_IMG_EXT="png" PDF_DESTINATION_MAPPED="OLV0_Entity_0004_0013" IMAGES_RESOLUTION="144" XMD_VER="2.6.241.4" PAGE_LABEL="4" TOTAL_CHARS_COUNT="0" SUSPICIOUS_CHARS_COUNT="0"/>
	<Link SOURCE="103-GDL-1900-01-02-0001.pdf" FIRST_ID="Ar00200" LAST_ID="Ad00448" NEXT_ID="Ad00413" PREV_ID="Ad00411" TOC_ID="W:/Repository/GDL/1900/01/02/TOC.xml"/>
	<DataFiles>
		<Files TYPE="DOC_PDF" PRESENT="1"/>
		<Files TYPE="PAGE_PDF" PRESENT="1"/>
		<Files TYPE="DOC_IMG" PRESENT="0"/>
		<Files TYPE="PAGE_IMG" PRESENT="1"/>
		<Files TYPE="PAGE_VIEW_IMG" PRESENT="1"/>
		<Files TYPE="PAGE_PREVIEW_IMG" PRESENT="1"/>
		<Files TYPE="PRIMITIVE_IMG" PRESENT="1"/>
		<Files TYPE="SNIPPET_IMG" PRESENT="1"/>
		<Files TYPE="SEGMENTATION" PRESENT="1"/>
	</DataFiles>
	<Content>
		<Primitive BOX="496 1028 726 1456" ID="Ad0041200" E="N" SEQ_NO="1" TOC_ENTRY_ID="45" DEPTH_LEVEL="1">
			<L BOX="623 1043 714 1062"/>
			<W BOX="623 1043 690 1062" STYLE_REF="1">Fabrique</W>
			<W BOX="696 1043 714 1062" STYLE_REF="1">de</W>
			<L BOX="617 1070 684 1091" P="S"/>
			<Q BOX="617 1070 680 1091" STYLE_REF="29" QID="1">COFFRES</Q>
			<Q BOX="679 1070 684 1091" STYLE_REF="29" QID="1">-</Q>
			<L BOX="663 1098 709 1119"/>
			<q BOX="663 1098 709 1119" STYLE_REF="29" QID="1">FORTS</q>
			<QW QID="1">COFFRESFORTS</QW>
			<L BOX="617 1122 721 1140" P="S"/>
			<W BOX="617 1122 659 1140" STYLE_REF="44" NS="y">Indus</W>
			<W BOX="660 1122 664 1140" STYLE_REF="44">,</W>
			<W BOX="678 1122 715 1140" STYLE_REF="44" NS="y">vaud</W>
			<W BOX="716 1122 721 1140" STYLE_REF="44">.</W>
			<L BOX="636 1145 703 1165" P="S"/>
			<W BOX="636 1145 645 1165" STYLE_REF="63" NS="y">F</W>
			<W BOX="645 1145 649 1165" STYLE_REF="63">.</W>
			<W BOX="656 1145 703 1165" STYLE_REF="63">TAUXE</W>
			<L BOX="617 1168 706 1185" P="S"/>
			<W BOX="617 1168 700 1185" STYLE_REF="44" NS="y">Lausanne</W>
			<W BOX="702 1168 706 1185" STYLE_REF="44">.</W>
			<L BOX="552 1216 651 1262" P="S"/>
			<W BOX="552 1216 651 1262" STYLE_REF="64">VINS</W>
			<L BOX="509 1267 712 1295" P="S"/>
			<W BOX="509 1267 591 1295" STYLE_REF="52" NS="y">Villeneuve</W>
			<W BOX="590 1267 595 1295" STYLE_REF="52">,</W>
			<W BOX="605 1267 663 1295" STYLE_REF="52" NS="y">YYorne</W>
			<W BOX="661 1267 666 1295" STYLE_REF="52">,</W>
			<W BOX="679 1267 706 1295" STYLE_REF="52" NS="y">etc</W>
			<W BOX="705 1267 712 1295" STYLE_REF="52">.</W>
			<L BOX="540 1301 682 1329" P="S"/>
			<W BOX="540 1301 628 1329" STYLE_REF="3">M�DAILLE</W>
			<Q BOX="640 1301 656 1329" STYLE_REF="3" QID="2">D</Q>
			<Q BOX="652 1301 658 1329" STYLE_REF="3" QID="2">'</Q>
			<q BOX="653 1301 682 1329" STYLE_REF="3" QID="2">OR</q>
			<QW QID="2">D'OR</QW>
			<L BOX="515 1335 695 1363" P="S"/>
			<W BOX="515 1335 596 1363" STYLE_REF="52">Exposition</W>
			<W BOX="602 1335 658 1363" STYLE_REF="52">Gen�ve</W>
			<W BOX="664 1335 695 1363" STYLE_REF="52">1896</W>
			<L BOX="511 1370 701 1408" P="S"/>
			<W BOX="511 1370 701 1408" STYLE_REF="65">EMILEMONNET</W>
			<L BOX="558 1413 651 1430" P="S"/>
			<W BOX="558 1413 651 1430" STYLE_REF="44">LAUSANNE</W>
		</Primitive>
	</Content>
	<AdFrame>
		<Img BOX="496 1028 726 1456" ID="Ad0041201" HREF="/4/Img/Ad0041201.png" TOC_ENTRY_ID="45" SEQ_NO="0"/>
	</AdFrame>
</XMD-entity>