<?xml version="1.0" encoding="windows-1252" standalone="no"?>
<XMD-entity REPOSITORY_FORMAT="1.0" PRXML_VER="2.2" ENTITY_TYPE="Ad" DOC_UID="GDL_02/01/1900" DOC_VER="1" FIRST_TOC_ENTRY_ID="62" DEPTH_LEVEL="1" INDEX_IN_DOC="63" PAGE_NO="4" ID="Ad00402" BOX="1444 65 1916 660" LANGUAGE="French" SNP="Ad00402S.png" SNP_WIDTH="95" SNP_HEIGHT="120">
	<Meta NAME="Untitled Ad" DESCRIPTION="" SUBTYPE="" BASE_HREF="GDL/1900/01/02" SOURCE_TYPE="TIFF" PUBLICATION="GDL" SECTION="None" ISSUE_DATE="02/01/1900" WORDCNT="14" RELEASE_NO="103-GDL-1900-01-02-0001" PAGE_ID="" PAGE_TYPE="Single" PAGE_WIDTH="981" PAGE_HEIGHT="1354" DEFAULT_IMG_EXT="png" PDF_DESTINATION_MAPPED="OLV0_Entity_0004_0003" IMAGES_RESOLUTION="144" XMD_VER="2.6.241.4" PAGE_LABEL="4" TOTAL_CHARS_COUNT="0" SUSPICIOUS_CHARS_COUNT="0"/>
	<Link SOURCE="103-GDL-1900-01-02-0001.pdf" FIRST_ID="Ar00200" LAST_ID="Ad00448" NEXT_ID="Ad00403" PREV_ID="Ad00401" TOC_ID="W:/Repository/GDL/1900/01/02/TOC.xml"/>
	<DataFiles>
		<Files TYPE="DOC_PDF" PRESENT="1"/>
		<Files TYPE="PAGE_PDF" PRESENT="1"/>
		<Files TYPE="DOC_IMG" PRESENT="0"/>
		<Files TYPE="PAGE_IMG" PRESENT="1"/>
		<Files TYPE="PAGE_VIEW_IMG" PRESENT="1"/>
		<Files TYPE="PAGE_PREVIEW_IMG" PRESENT="1"/>
		<Files TYPE="PRIMITIVE_IMG" PRESENT="1"/>
		<Files TYPE="SNIPPET_IMG" PRESENT="1"/>
		<Files TYPE="SEGMENTATION" PRESENT="1"/>
	</DataFiles>
	<Content>
		<Primitive BOX="1444 65 1916 660" ID="Ad0040200" E="N" SEQ_NO="1" TOC_ENTRY_ID="62" DEPTH_LEVEL="1">
			<L BOX="1565 83 1787 109"/>
			<W BOX="1565 83 1787 109" STYLE_REF="43">CONSTIPATION</W>
			<L BOX="1529 334 1830 353" P="S"/>
			<W BOX="1529 334 1550 353" STYLE_REF="1">En</W>
			<W BOX="1558 334 1600 353" STYLE_REF="1">vente</W>
			<W BOX="1609 334 1644 353" STYLE_REF="1">chez</W>
			<W BOX="1652 334 1685 353" STYLE_REF="1">tous</W>
			<W BOX="1694 334 1721 353" STYLE_REF="1">les</W>
			<W BOX="1725 334 1825 353" STYLE_REF="1" NS="y">pharmaciens</W>
			<W BOX="1825 334 1830 353" STYLE_REF="1">,</W>
			<L BOX="1503 355 1856 374"/>
			<W BOX="1503 355 1584 374" STYLE_REF="1">droguistes</W>
			<W BOX="1593 355 1611 374" STYLE_REF="1">et</W>
			<W BOX="1618 355 1702 374" STYLE_REF="1">marchands</W>
			<Q BOX="1712 355 1722 374" STYLE_REF="1" QID="1">d</Q>
			<Q BOX="1722 355 1726 374" STYLE_REF="1" QID="1">'</Q>
			<q BOX="1725 355 1763 374" STYLE_REF="1" QID="1">eaux</q>
			<QW QID="1">d'eaux</QW>
			<W BOX="1773 355 1851 374" STYLE_REF="1" NS="y">min�rales</W>
			<W BOX="1851 355 1856 374" STYLE_REF="1">.</W>
			<L BOX="1444 405 1464 462" P="S"/>
			<W BOX="1444 405 1464 462" STYLE_REF="61">I</W>
		</Primitive>
	</Content>
	<AdFrame>
		<Img BOX="1444 65 1916 660" ID="Ad0040201" HREF="/4/Img/Ad0040201.png" TOC_ENTRY_ID="62" SEQ_NO="0"/>
	</AdFrame>
</XMD-entity>