<?xml version="1.0" encoding="windows-1252" standalone="no"?>
<XMD-entity REPOSITORY_FORMAT="1.0" PRXML_VER="2.2" ENTITY_TYPE="Article" DOC_UID="GDL_02/01/1900" DOC_VER="1" FIRST_TOC_ENTRY_ID="44" DEPTH_LEVEL="1" INDEX_IN_DOC="45" PAGE_NO="4" ID="Ar00442" BOX="10 3200 414 3328" LANGUAGE="French" SNP="Ar00442S.png" SNP_WIDTH="405" SNP_HEIGHT="73">
	<Meta NAME="Untitled Article" DESCRIPTION="" SUBTYPE="" BASE_HREF="GDL/1900/01/02" SOURCE_TYPE="TIFF" PUBLICATION="GDL" SECTION="None" ISSUE_DATE="02/01/1900" WORDCNT="22" RELEASE_NO="103-GDL-1900-01-02-0001" PAGE_ID="" PAGE_TYPE="Single" PAGE_WIDTH="981" PAGE_HEIGHT="1354" DEFAULT_IMG_EXT="png" PDF_DESTINATION_MAPPED="OLV0_Entity_0004_0043" IMAGES_RESOLUTION="144" XMD_VER="2.6.241.4" PAGE_LABEL="4" TOTAL_CHARS_COUNT="84" SUSPICIOUS_CHARS_COUNT="0"/>
	<Link SOURCE="103-GDL-1900-01-02-0001.pdf" FIRST_ID="Ar00200" LAST_ID="Ad00448" NEXT_ID="Ad00443" PREV_ID="Ad00441" TOC_ID="W:/Repository/GDL/1900/01/02/TOC.xml"/>
	<DataFiles>
		<Files TYPE="DOC_PDF" PRESENT="1"/>
		<Files TYPE="PAGE_PDF" PRESENT="1"/>
		<Files TYPE="DOC_IMG" PRESENT="0"/>
		<Files TYPE="PAGE_IMG" PRESENT="1"/>
		<Files TYPE="PAGE_VIEW_IMG" PRESENT="1"/>
		<Files TYPE="PAGE_PREVIEW_IMG" PRESENT="1"/>
		<Files TYPE="PRIMITIVE_IMG" PRESENT="1"/>
		<Files TYPE="SNIPPET_IMG" PRESENT="1"/>
		<Files TYPE="SEGMENTATION" PRESENT="1"/>
	</DataFiles>
	<Content>
		<Primitive BOX="10 3200 414 3328" ID="Ar0044200" SEQ_NO="0" TOC_ENTRY_ID="44" DEPTH_LEVEL="1">
			<L BOX="46 3241 393 3260"/>
			<W BOX="46 3241 67 3260" STYLE_REF="1">La</W>
			<W BOX="76 3241 137 3260" STYLE_REF="7">Gazette</W>
			<W BOX="148 3241 171 3260" STYLE_REF="7">de</W>
			<W BOX="180 3241 257 3260" STYLE_REF="7">Lausanne</W>
			<W BOX="276 3241 297 3260" STYLE_REF="1">se</W>
			<W BOX="307 3241 359 3260" STYLE_REF="1">trouve</W>
			<W BOX="370 3241 393 3260" STYLE_REF="1">en</W>
			<L BOX="24 3262 112 3281"/>
			<W BOX="24 3262 67 3281" STYLE_REF="1" NS="y">vente</W>
			<W BOX="67 3262 72 3281" STYLE_REF="1">,</W>
			<W BOX="76 3262 112 3281" STYLE_REF="1">chez</W>
			<L BOX="45 3282 372 3302" P="S"/>
			<W BOX="45 3282 68 3302" STYLE_REF="4" NS="y">Hf</W>
			<W BOX="66 3282 72 3302" STYLE_REF="4">.</W>
			<W BOX="84 3282 171 3302" STYLE_REF="4">Alfredo</W>
			<W BOX="181 3282 260 3302" STYLE_REF="4" NS="y">Arnold</W>
			<W BOX="262 3282 268 3302" STYLE_REF="4">,</W>
			<W BOX="279 3282 365 3302" STYLE_REF="4" NS="y">libraire</W>
			<W BOX="367 3282 372 3302" STYLE_REF="4">,</W>
			<L BOX="109 3304 307 3324" P="S"/>
			<W BOX="109 3304 130 3324" STYLE_REF="29">10</W>
			<W BOX="138 3304 210 3324" STYLE_REF="29">centimes</W>
			<W BOX="216 3304 231 3324" STYLE_REF="29">le</W>
			<W BOX="236 3304 302 3324" STYLE_REF="29" NS="y">num�ro</W>
			<W BOX="301 3304 307 3324" STYLE_REF="29">.</W>
		</Primitive>
	</Content>
</XMD-entity>