<?xml version="1.0" encoding="windows-1252" standalone="no"?>
<XMD-PAGE REPOSITORY_FORMAT="1.0" PRXML_VER="2.2">
	<Meta SINGLE_PAGE_PDF_NAME="/Res/PDF/Pg0004_s_0004.pdf" ISSUE_DATE="02/01/1900" RELEASE_NO="103-GDL-1900-01-02-0001" PAGE_NO="4" NAME="" PAGE_LABEL="4" PAGE_TYPE="Single" PUBLISHER="Olive" PUBLICATION="GDL" SOURCE_TYPE="TIFF" SOURCE_RESOLUTION="72" IMAGES_RESOLUTION="144" PAGE_THUMBNAIL_RESOLUTION="57" PAGE_PREVIEW_RESOLUTION="14" DEFAULT_IMG_EXT="png" IMG_EXT="png" PREVIEW_IMG_EXT="png" XMD_VER="2.6.241.4" PROFILE_ID="W:\Batch\Profile\GDL-1900-01-02.ini" SECTION="None" PAGE_WIDTH="981" PAGE_HEIGHT="1354" PAGES_NUMBER="4" BASE_HREF="GDL/1900/01/02" PDF_DESTINATION_MAPPED="OLV0_Page_0004" TOTAL_CHARS_COUNT="2514" SUSPICIOUS_CHARS_COUNT="0">
		<Resolutions>
			<Resolution DEFAULT="true">57</Resolution>
			<Resolution>72</Resolution>
			<Resolution>144</Resolution>
		</Resolutions>
		<Links>
			<Lnk TYPE="URL" LNK_ID="LNK_4_0">
				<Target>http://Challand-Lacom.be</Target>
			</Lnk>
			<Sources>
				<Box LNK_ID="LNK_4_0">868 192 925 200</Box>
			</Sources>
		</Links>
	</Meta>
	<Link SOURCE="103-GDL-1900-01-02-0001.pdf" NEXT_SECTION="" PREV_SECTION="1"/>
	<DataFiles>
		<Files TYPE="DOC_PDF" PRESENT="1"/>
		<Files TYPE="PAGE_PDF" PRESENT="1"/>
		<Files TYPE="DOC_IMG" PRESENT="0"/>
		<Files TYPE="PAGE_IMG" PRESENT="1" BYTEORDER="little_endian" COMPRESSIONSCHEME="LZW" IMAGE_WIDTH="5160" IMAGE_HEIGHT="7126" COLORSPACE="BlackIsZero" BITSPERSAMPLE="8" SAMPLESPERPIXEL="1" XRESOLUTION_DPI="300" YRESOLUTION_DPI="300" MIMETYPE="image/tiff" IMG_EXT="tif" MEDIA_BOX="0 0 5159 7125" CROP_BOX="0 0 5159 7125"/>
		<Files TYPE="PAGE_VIEW_IMG" PRESENT="1"/>
		<Files TYPE="PAGE_PREVIEW_IMG" PRESENT="1"/>
		<Files TYPE="PRIMITIVE_IMG" PRESENT="1"/>
		<Files TYPE="SNIPPET_IMG" PRESENT="1"/>
		<Files TYPE="SEGMENTATION" PRESENT="1"/>
	</DataFiles>
	<Entity ENTITY_TYPE="Ad" FIRST_TOC_ENTRY_ID="33" INDEX_IN_DOC="34" DEPTH_LEVEL="1" ID="Ad00400" SIZE="Small" BOX="4 26 192 132" NEXT_SECTION="" PREV_SECTION="1" IMAGES_RESOLUTION="144" TOTAL_CHARS_COUNT="0" SUSPICIOUS_CHARS_COUNT="0" WORDCNT="98">
		<Name>Untitled Ad</Name>
		<Primitive ID="Ad0040000" BOX="4 26 192 132" ELEMENT_TYPE="Content" SEQ_NO="1" TOC_ENTRY_ID="33" DEPTH_LEVEL="1" E="N"/>
		<Primitive ID="Ad0040001" BOX="4 26 192 132" ELEMENT_TYPE="AdFrame" SEQ_NO="0" TOC_ENTRY_ID="33" DEPTH_LEVEL="1"/>
	</Entity>
	<Entity ENTITY_TYPE="Ad" FIRST_TOC_ENTRY_ID="37" INDEX_IN_DOC="38" DEPTH_LEVEL="1" ID="Ad00401" SIZE="Small" BOX="192 26 287 193" NEXT_SECTION="" PREV_SECTION="1" IMAGES_RESOLUTION="144" TOTAL_CHARS_COUNT="0" SUSPICIOUS_CHARS_COUNT="0" WORDCNT="61">
		<Name>Untitled Ad</Name>
		<Primitive ID="Ad0040100" BOX="192 26 287 193" ELEMENT_TYPE="Content" SEQ_NO="1" TOC_ENTRY_ID="37" DEPTH_LEVEL="1" E="N"/>
		<Primitive ID="Ad0040101" BOX="192 26 287 193" ELEMENT_TYPE="AdFrame" SEQ_NO="0" TOC_ENTRY_ID="37" DEPTH_LEVEL="1"/>
	</Entity>
	<Entity ENTITY_TYPE="Ad" FIRST_TOC_ENTRY_ID="62" INDEX_IN_DOC="63" DEPTH_LEVEL="1" ID="Ad00402" SIZE="Small" BOX="572 26 758 261" NEXT_SECTION="" PREV_SECTION="1" IMAGES_RESOLUTION="144" TOTAL_CHARS_COUNT="0" SUSPICIOUS_CHARS_COUNT="0" WORDCNT="14">
		<Name>Untitled Ad</Name>
		<Primitive ID="Ad0040200" BOX="572 26 758 261" ELEMENT_TYPE="Content" SEQ_NO="1" TOC_ENTRY_ID="62" DEPTH_LEVEL="1" E="N"/>
		<Primitive ID="Ad0040201" BOX="572 26 758 261" ELEMENT_TYPE="AdFrame" SEQ_NO="0" TOC_ENTRY_ID="62" DEPTH_LEVEL="1"/>
	</Entity>
	<Entity ENTITY_TYPE="Ad" FIRST_TOC_ENTRY_ID="49" INDEX_IN_DOC="50" DEPTH_LEVEL="1" ID="Ad00403" SIZE="Small" BOX="287 26 572 254" NEXT_SECTION="" PREV_SECTION="1" IMAGES_RESOLUTION="144" TOTAL_CHARS_COUNT="0" SUSPICIOUS_CHARS_COUNT="0" WORDCNT="0">
		<Name>Untitled Ad</Name>
		<Primitive ID="Ad0040300" BOX="287 26 572 254" ELEMENT_TYPE="Content" SEQ_NO="1" TOC_ENTRY_ID="49" DEPTH_LEVEL="1" E="N"/>
		<Primitive ID="Ad0040301" BOX="287 26 572 254" ELEMENT_TYPE="AdFrame" SEQ_NO="0" TOC_ENTRY_ID="49" DEPTH_LEVEL="1"/>
	</Entity>
	<Entity ENTITY_TYPE="Ad" FIRST_TOC_ENTRY_ID="50" INDEX_IN_DOC="51" DEPTH_LEVEL="1" ID="Ad00404" SIZE="Small" BOX="287 254 474 331" NEXT_SECTION="" PREV_SECTION="1" IMAGES_RESOLUTION="144" TOTAL_CHARS_COUNT="0" SUSPICIOUS_CHARS_COUNT="0" WORDCNT="22">
		<Name>Untitled Ad</Name>
		<Primitive ID="Ad0040400" BOX="287 254 474 331" ELEMENT_TYPE="Content" SEQ_NO="1" TOC_ENTRY_ID="50" DEPTH_LEVEL="1" E="N"/>
		<Primitive ID="Ad0040401" BOX="287 254 474 331" ELEMENT_TYPE="AdFrame" SEQ_NO="0" TOC_ENTRY_ID="50" DEPTH_LEVEL="1"/>
	</Entity>
	<Entity ENTITY_TYPE="Ad" FIRST_TOC_ENTRY_ID="59" INDEX_IN_DOC="60" DEPTH_LEVEL="1" ID="Ad00405" SIZE="Small" BOX="474 254 572 808" NEXT_SECTION="" PREV_SECTION="1" IMAGES_RESOLUTION="144" TOTAL_CHARS_COUNT="0" SUSPICIOUS_CHARS_COUNT="0" WORDCNT="335">
		<Name>Untitled Ad</Name>
		<Primitive ID="Ad0040500" BOX="474 254 572 808" ELEMENT_TYPE="Content" SEQ_NO="1" TOC_ENTRY_ID="59" DEPTH_LEVEL="1" E="N"/>
		<Primitive ID="Ad0040501" BOX="474 254 572 808" ELEMENT_TYPE="AdFrame" SEQ_NO="0" TOC_ENTRY_ID="59" DEPTH_LEVEL="1"/>
	</Entity>
	<Entity ENTITY_TYPE="Ad" FIRST_TOC_ENTRY_ID="55" INDEX_IN_DOC="56" DEPTH_LEVEL="1" ID="Ad00406" SIZE="Small" BOX="287 875 474 998" NEXT_SECTION="" PREV_SECTION="1" IMAGES_RESOLUTION="144" TOTAL_CHARS_COUNT="0" SUSPICIOUS_CHARS_COUNT="0" WORDCNT="70">
		<Name>Untitled Ad</Name>
		<Primitive ID="Ad0040600" BOX="287 875 474 998" ELEMENT_TYPE="Content" SEQ_NO="1" TOC_ENTRY_ID="55" DEPTH_LEVEL="1" E="N"/>
		<Primitive ID="Ad0040601" BOX="287 875 474 998" ELEMENT_TYPE="AdFrame" SEQ_NO="0" TOC_ENTRY_ID="55" DEPTH_LEVEL="1"/>
	</Entity>
	<Entity ENTITY_TYPE="Ad" FIRST_TOC_ENTRY_ID="54" INDEX_IN_DOC="55" DEPTH_LEVEL="1" ID="Ad00407" SIZE="Small" BOX="287 739 474 875" NEXT_SECTION="" PREV_SECTION="1" IMAGES_RESOLUTION="144" TOTAL_CHARS_COUNT="0" SUSPICIOUS_CHARS_COUNT="0" WORDCNT="21">
		<Name>Untitled Ad</Name>
		<Primitive ID="Ad0040700" BOX="287 739 474 875" ELEMENT_TYPE="Content" SEQ_NO="1" TOC_ENTRY_ID="54" DEPTH_LEVEL="1" E="N"/>
		<Primitive ID="Ad0040701" BOX="287 739 474 875" ELEMENT_TYPE="AdFrame" SEQ_NO="0" TOC_ENTRY_ID="54" DEPTH_LEVEL="1"/>
	</Entity>
	<Entity ENTITY_TYPE="Ad" FIRST_TOC_ENTRY_ID="53" INDEX_IN_DOC="54" DEPTH_LEVEL="1" ID="Ad00408" SIZE="Small" BOX="287 649 474 739" NEXT_SECTION="" PREV_SECTION="1" IMAGES_RESOLUTION="144" TOTAL_CHARS_COUNT="0" SUSPICIOUS_CHARS_COUNT="0" WORDCNT="119">
		<Name>Untitled Ad</Name>
		<Primitive ID="Ad0040800" BOX="287 649 474 739" ELEMENT_TYPE="Content" SEQ_NO="1" TOC_ENTRY_ID="53" DEPTH_LEVEL="1" E="N"/>
		<Primitive ID="Ad0040801" BOX="287 649 474 739" ELEMENT_TYPE="AdFrame" SEQ_NO="0" TOC_ENTRY_ID="53" DEPTH_LEVEL="1"/>
	</Entity>
	<Entity ENTITY_TYPE="Ad" FIRST_TOC_ENTRY_ID="52" INDEX_IN_DOC="53" DEPTH_LEVEL="1" ID="Ad00409" SIZE="Small" BOX="287 535 474 649" NEXT_SECTION="" PREV_SECTION="1" IMAGES_RESOLUTION="144" TOTAL_CHARS_COUNT="0" SUSPICIOUS_CHARS_COUNT="0" WORDCNT="30">
		<Name>Untitled Ad</Name>
		<Primitive ID="Ad0040900" BOX="287 535 474 649" ELEMENT_TYPE="Content" SEQ_NO="1" TOC_ENTRY_ID="52" DEPTH_LEVEL="1" E="N"/>
		<Primitive ID="Ad0040901" BOX="287 535 474 649" ELEMENT_TYPE="AdFrame" SEQ_NO="0" TOC_ENTRY_ID="52" DEPTH_LEVEL="1"/>
	</Entity>
	<Entity ENTITY_TYPE="Ad" FIRST_TOC_ENTRY_ID="51" INDEX_IN_DOC="52" DEPTH_LEVEL="1" ID="Ad00410" SIZE="Small" BOX="287 331 474 535" NEXT_SECTION="" PREV_SECTION="1" IMAGES_RESOLUTION="144" TOTAL_CHARS_COUNT="0" SUSPICIOUS_CHARS_COUNT="0" WORDCNT="0">
		<Name>Untitled Ad</Name>
		<Primitive ID="Ad0041000" BOX="287 331 474 535" ELEMENT_TYPE="Content" SEQ_NO="1" TOC_ENTRY_ID="51" DEPTH_LEVEL="1" E="N"/>
		<Primitive ID="Ad0041001" BOX="287 331 474 535" ELEMENT_TYPE="AdFrame" SEQ_NO="0" TOC_ENTRY_ID="51" DEPTH_LEVEL="1"/>
	</Entity>
	<Entity ENTITY_TYPE="Ad" FIRST_TOC_ENTRY_ID="38" INDEX_IN_DOC="39" DEPTH_LEVEL="1" ID="Ad00411" SIZE="Small" BOX="192 193 287 407" NEXT_SECTION="" PREV_SECTION="1" IMAGES_RESOLUTION="144" TOTAL_CHARS_COUNT="0" SUSPICIOUS_CHARS_COUNT="0" WORDCNT="154">
		<Name>Untitled Ad</Name>
		<Primitive ID="Ad0041100" BOX="192 193 287 407" ELEMENT_TYPE="Content" SEQ_NO="1" TOC_ENTRY_ID="38" DEPTH_LEVEL="1" E="N"/>
		<Primitive ID="Ad0041101" BOX="192 193 287 407" ELEMENT_TYPE="AdFrame" SEQ_NO="0" TOC_ENTRY_ID="38" DEPTH_LEVEL="1"/>
	</Entity>
	<Entity ENTITY_TYPE="Ad" FIRST_TOC_ENTRY_ID="45" INDEX_IN_DOC="46" DEPTH_LEVEL="1" ID="Ad00412" SIZE="Small" BOX="196 407 287 577" NEXT_SECTION="" PREV_SECTION="1" IMAGES_RESOLUTION="144" TOTAL_CHARS_COUNT="0" SUSPICIOUS_CHARS_COUNT="0" WORDCNT="25">
		<Name>Untitled Ad</Name>
		<Primitive ID="Ad0041200" BOX="196 407 287 577" ELEMENT_TYPE="Content" SEQ_NO="1" TOC_ENTRY_ID="45" DEPTH_LEVEL="1" E="N"/>
		<Primitive ID="Ad0041201" BOX="196 407 287 577" ELEMENT_TYPE="AdFrame" SEQ_NO="0" TOC_ENTRY_ID="45" DEPTH_LEVEL="1"/>
	</Entity>
	<Entity ENTITY_TYPE="Ad" FIRST_TOC_ENTRY_ID="46" INDEX_IN_DOC="47" DEPTH_LEVEL="1" ID="Ad00413" SIZE="Small" BOX="192 577 287 748" NEXT_SECTION="" PREV_SECTION="1" IMAGES_RESOLUTION="144" TOTAL_CHARS_COUNT="0" SUSPICIOUS_CHARS_COUNT="0" WORDCNT="94">
		<Name>Untitled Ad</Name>
		<Primitive ID="Ad0041300" BOX="192 577 287 748" ELEMENT_TYPE="Content" SEQ_NO="1" TOC_ENTRY_ID="46" DEPTH_LEVEL="1" E="N"/>
		<Primitive ID="Ad0041301" BOX="192 577 287 748" ELEMENT_TYPE="AdFrame" SEQ_NO="0" TOC_ENTRY_ID="46" DEPTH_LEVEL="1"/>
	</Entity>
	<Entity ENTITY_TYPE="Ad" FIRST_TOC_ENTRY_ID="47" INDEX_IN_DOC="48" DEPTH_LEVEL="1" ID="Ad00414" SIZE="Small" BOX="192 748 287 875" NEXT_SECTION="" PREV_SECTION="1" IMAGES_RESOLUTION="144" TOTAL_CHARS_COUNT="0" SUSPICIOUS_CHARS_COUNT="0" WORDCNT="57">
		<Name>Untitled Ad</Name>
		<Primitive ID="Ad0041400" BOX="192 748 287 875" ELEMENT_TYPE="Content" SEQ_NO="1" TOC_ENTRY_ID="47" DEPTH_LEVEL="1" E="N"/>
		<Primitive ID="Ad0041401" BOX="192 748 287 875" ELEMENT_TYPE="AdFrame" SEQ_NO="0" TOC_ENTRY_ID="47" DEPTH_LEVEL="1"/>
	</Entity>
	<Entity ENTITY_TYPE="Ad" FIRST_TOC_ENTRY_ID="48" INDEX_IN_DOC="49" DEPTH_LEVEL="1" ID="Ad00415" SIZE="Small" BOX="192 875 287 998" NEXT_SECTION="" PREV_SECTION="1" IMAGES_RESOLUTION="144" TOTAL_CHARS_COUNT="0" SUSPICIOUS_CHARS_COUNT="0" WORDCNT="42">
		<Name>Untitled Ad</Name>
		<Primitive ID="Ad0041500" BOX="192 875 287 998" ELEMENT_TYPE="Content" SEQ_NO="1" TOC_ENTRY_ID="48" DEPTH_LEVEL="1" E="N"/>
		<Primitive ID="Ad0041501" BOX="192 875 287 998" ELEMENT_TYPE="AdFrame" SEQ_NO="0" TOC_ENTRY_ID="48" DEPTH_LEVEL="1"/>
	</Entity>
	<Entity ENTITY_TYPE="Ad" FIRST_TOC_ENTRY_ID="41" INDEX_IN_DOC="42" DEPTH_LEVEL="1" ID="Ad00416" SIZE="Small" BOX="4 782 192 878" NEXT_SECTION="" PREV_SECTION="1" IMAGES_RESOLUTION="144" TOTAL_CHARS_COUNT="0" SUSPICIOUS_CHARS_COUNT="0" WORDCNT="111">
		<Name>Untitled Ad</Name>
		<Primitive ID="Ad0041600" BOX="4 782 192 878" ELEMENT_TYPE="Content" SEQ_NO="1" TOC_ENTRY_ID="41" DEPTH_LEVEL="1" E="N"/>
		<Primitive ID="Ad0041601" BOX="4 782 192 878" ELEMENT_TYPE="AdFrame" SEQ_NO="0" TOC_ENTRY_ID="41" DEPTH_LEVEL="1"/>
	</Entity>
	<Entity ENTITY_TYPE="Ad" FIRST_TOC_ENTRY_ID="42" INDEX_IN_DOC="43" DEPTH_LEVEL="1" ID="Ad00417" SIZE="Small" BOX="4 878 192 998" NEXT_SECTION="" PREV_SECTION="1" IMAGES_RESOLUTION="144" TOTAL_CHARS_COUNT="0" SUSPICIOUS_CHARS_COUNT="0" WORDCNT="108">
		<Name>Untitled Ad</Name>
		<Primitive ID="Ad0041700" BOX="4 878 192 998" ELEMENT_TYPE="Content" SEQ_NO="1" TOC_ENTRY_ID="42" DEPTH_LEVEL="1" E="N"/>
		<Primitive ID="Ad0041701" BOX="4 878 192 998" ELEMENT_TYPE="AdFrame" SEQ_NO="0" TOC_ENTRY_ID="42" DEPTH_LEVEL="1"/>
	</Entity>
	<Entity ENTITY_TYPE="Ad" FIRST_TOC_ENTRY_ID="40" INDEX_IN_DOC="41" DEPTH_LEVEL="1" ID="Ad00418" SIZE="Small" BOX="4 603 192 782" NEXT_SECTION="" PREV_SECTION="1" IMAGES_RESOLUTION="144" TOTAL_CHARS_COUNT="0" SUSPICIOUS_CHARS_COUNT="0" WORDCNT="138">
		<Name>Untitled Ad</Name>
		<Primitive ID="Ad0041800" BOX="4 603 192 782" ELEMENT_TYPE="Content" SEQ_NO="1" TOC_ENTRY_ID="40" DEPTH_LEVEL="1" E="N"/>
		<Primitive ID="Ad0041801" BOX="4 603 192 782" ELEMENT_TYPE="AdFrame" SEQ_NO="0" TOC_ENTRY_ID="40" DEPTH_LEVEL="1"/>
	</Entity>
	<Entity ENTITY_TYPE="Ad" FIRST_TOC_ENTRY_ID="39" INDEX_IN_DOC="40" DEPTH_LEVEL="1" ID="Ad00419" SIZE="Small" BOX="4 447 196 603" NEXT_SECTION="" PREV_SECTION="1" IMAGES_RESOLUTION="144" TOTAL_CHARS_COUNT="0" SUSPICIOUS_CHARS_COUNT="0" WORDCNT="131">
		<Name>Untitled Ad</Name>
		<Primitive ID="Ad0041900" BOX="4 447 196 603" ELEMENT_TYPE="Content" SEQ_NO="1" TOC_ENTRY_ID="39" DEPTH_LEVEL="1" E="N"/>
		<Primitive ID="Ad0041901" BOX="4 447 196 603" ELEMENT_TYPE="AdFrame" SEQ_NO="0" TOC_ENTRY_ID="39" DEPTH_LEVEL="1"/>
	</Entity>
	<Entity ENTITY_TYPE="Ad" FIRST_TOC_ENTRY_ID="36" INDEX_IN_DOC="37" DEPTH_LEVEL="1" ID="Ad00420" SIZE="Small" BOX="4 303 192 447" NEXT_SECTION="" PREV_SECTION="1" IMAGES_RESOLUTION="144" TOTAL_CHARS_COUNT="0" SUSPICIOUS_CHARS_COUNT="0" WORDCNT="90">
		<Name>Untitled Ad</Name>
		<Primitive ID="Ad0042000" BOX="4 303 192 447" ELEMENT_TYPE="Content" SEQ_NO="1" TOC_ENTRY_ID="36" DEPTH_LEVEL="1" E="N"/>
		<Primitive ID="Ad0042001" BOX="4 303 192 447" ELEMENT_TYPE="AdFrame" SEQ_NO="0" TOC_ENTRY_ID="36" DEPTH_LEVEL="1"/>
	</Entity>
	<Entity ENTITY_TYPE="Ad" FIRST_TOC_ENTRY_ID="34" INDEX_IN_DOC="35" DEPTH_LEVEL="1" ID="Ad00421" SIZE="Small" BOX="4 132 192 216" NEXT_SECTION="" PREV_SECTION="1" IMAGES_RESOLUTION="144" TOTAL_CHARS_COUNT="0" SUSPICIOUS_CHARS_COUNT="0" WORDCNT="108">
		<Name>Untitled Ad</Name>
		<Primitive ID="Ad0042100" BOX="4 132 192 216" ELEMENT_TYPE="Content" SEQ_NO="1" TOC_ENTRY_ID="34" DEPTH_LEVEL="1" E="N"/>
		<Primitive ID="Ad0042101" BOX="4 132 192 216" ELEMENT_TYPE="AdFrame" SEQ_NO="0" TOC_ENTRY_ID="34" DEPTH_LEVEL="1"/>
	</Entity>
	<Entity ENTITY_TYPE="Ad" FIRST_TOC_ENTRY_ID="35" INDEX_IN_DOC="36" DEPTH_LEVEL="1" ID="Ad00422" SIZE="Small" BOX="4 216 192 303" NEXT_SECTION="" PREV_SECTION="1" IMAGES_RESOLUTION="144" TOTAL_CHARS_COUNT="0" SUSPICIOUS_CHARS_COUNT="0" WORDCNT="79">
		<Name>Untitled Ad</Name>
		<Primitive ID="Ad0042200" BOX="4 216 192 303" ELEMENT_TYPE="Content" SEQ_NO="1" TOC_ENTRY_ID="35" DEPTH_LEVEL="1" E="N"/>
		<Primitive ID="Ad0042201" BOX="4 216 192 303" ELEMENT_TYPE="AdFrame" SEQ_NO="0" TOC_ENTRY_ID="35" DEPTH_LEVEL="1"/>
	</Entity>
	<Entity ENTITY_TYPE="Ad" FIRST_TOC_ENTRY_ID="66" INDEX_IN_DOC="67" DEPTH_LEVEL="1" ID="Ad00423" SIZE="Small" BOX="758 26 853 206" NEXT_SECTION="" PREV_SECTION="1" IMAGES_RESOLUTION="144" TOTAL_CHARS_COUNT="0" SUSPICIOUS_CHARS_COUNT="0" WORDCNT="71">
		<Name>Untitled Ad</Name>
		<Primitive ID="Ad0042300" BOX="758 26 853 206" ELEMENT_TYPE="Content" SEQ_NO="1" TOC_ENTRY_ID="66" DEPTH_LEVEL="1" E="N"/>
		<Primitive ID="Ad0042301" BOX="758 26 853 206" ELEMENT_TYPE="AdFrame" SEQ_NO="0" TOC_ENTRY_ID="66" DEPTH_LEVEL="1"/>
	</Entity>
	<Entity ENTITY_TYPE="Ad" FIRST_TOC_ENTRY_ID="71" INDEX_IN_DOC="72" DEPTH_LEVEL="1" ID="Ad00424" SIZE="Small" BOX="572 863 763 998" NEXT_SECTION="" PREV_SECTION="1" IMAGES_RESOLUTION="144" TOTAL_CHARS_COUNT="0" SUSPICIOUS_CHARS_COUNT="0" WORDCNT="218">
		<Name>Untitled Ad</Name>
		<Primitive ID="Ad0042400" BOX="572 863 763 998" ELEMENT_TYPE="Content" SEQ_NO="1" TOC_ENTRY_ID="71" DEPTH_LEVEL="1" E="N"/>
		<Primitive ID="Ad0042401" BOX="572 863 763 998" ELEMENT_TYPE="AdFrame" SEQ_NO="0" TOC_ENTRY_ID="71" DEPTH_LEVEL="1"/>
	</Entity>
	<Entity ENTITY_TYPE="Ad" FIRST_TOC_ENTRY_ID="70" INDEX_IN_DOC="71" DEPTH_LEVEL="1" ID="Ad00425" SIZE="Small" BOX="572 561 763 863" NEXT_SECTION="" PREV_SECTION="1" IMAGES_RESOLUTION="144" TOTAL_CHARS_COUNT="0" SUSPICIOUS_CHARS_COUNT="0" WORDCNT="116">
		<Name>Untitled Ad</Name>
		<Primitive ID="Ad0042500" BOX="572 561 763 863" ELEMENT_TYPE="Content" SEQ_NO="1" TOC_ENTRY_ID="70" DEPTH_LEVEL="1" E="N"/>
		<Primitive ID="Ad0042501" BOX="572 561 763 863" ELEMENT_TYPE="AdFrame" SEQ_NO="0" TOC_ENTRY_ID="70" DEPTH_LEVEL="1"/>
	</Entity>
	<Entity ENTITY_TYPE="Ad" FIRST_TOC_ENTRY_ID="69" INDEX_IN_DOC="70" DEPTH_LEVEL="1" ID="Ad00426" SIZE="Small" BOX="572 459 763 561" NEXT_SECTION="" PREV_SECTION="1" IMAGES_RESOLUTION="144" TOTAL_CHARS_COUNT="0" SUSPICIOUS_CHARS_COUNT="0" WORDCNT="76">
		<Name>Untitled Ad</Name>
		<Primitive ID="Ad0042600" BOX="572 459 763 561" ELEMENT_TYPE="Content" SEQ_NO="1" TOC_ENTRY_ID="69" DEPTH_LEVEL="1" E="N"/>
		<Primitive ID="Ad0042601" BOX="572 459 763 561" ELEMENT_TYPE="AdFrame" SEQ_NO="0" TOC_ENTRY_ID="69" DEPTH_LEVEL="1"/>
	</Entity>
	<Entity ENTITY_TYPE="Ad" FIRST_TOC_ENTRY_ID="68" INDEX_IN_DOC="69" DEPTH_LEVEL="1" ID="Ad00427" SIZE="Small" BOX="572 352 763 459" NEXT_SECTION="" PREV_SECTION="1" IMAGES_RESOLUTION="144" TOTAL_CHARS_COUNT="0" SUSPICIOUS_CHARS_COUNT="0" WORDCNT="58">
		<Name>Untitled Ad</Name>
		<Primitive ID="Ad0042700" BOX="572 352 763 459" ELEMENT_TYPE="Content" SEQ_NO="1" TOC_ENTRY_ID="68" DEPTH_LEVEL="1" E="N"/>
		<Primitive ID="Ad0042701" BOX="572 352 763 459" ELEMENT_TYPE="AdFrame" SEQ_NO="0" TOC_ENTRY_ID="68" DEPTH_LEVEL="1"/>
	</Entity>
	<Entity ENTITY_TYPE="Ad" FIRST_TOC_ENTRY_ID="63" INDEX_IN_DOC="64" DEPTH_LEVEL="1" ID="Ad00428" SIZE="Small" BOX="572 261 758 352" NEXT_SECTION="" PREV_SECTION="1" IMAGES_RESOLUTION="144" TOTAL_CHARS_COUNT="0" SUSPICIOUS_CHARS_COUNT="0" WORDCNT="43">
		<Name>Untitled Ad</Name>
		<Primitive ID="Ad0042800" BOX="572 261 758 352" ELEMENT_TYPE="Content" SEQ_NO="1" TOC_ENTRY_ID="63" DEPTH_LEVEL="1" E="N"/>
		<Primitive ID="Ad0042801" BOX="572 261 758 352" ELEMENT_TYPE="AdFrame" SEQ_NO="0" TOC_ENTRY_ID="63" DEPTH_LEVEL="1"/>
	</Entity>
	<Entity ENTITY_TYPE="Ad" FIRST_TOC_ENTRY_ID="76" INDEX_IN_DOC="77" DEPTH_LEVEL="1" ID="Ad00429" SIZE="Small" BOX="853 26 947 151" NEXT_SECTION="" PREV_SECTION="1" IMAGES_RESOLUTION="144" TOTAL_CHARS_COUNT="0" SUSPICIOUS_CHARS_COUNT="0" WORDCNT="74">
		<Name>Untitled Ad</Name>
		<Primitive ID="Ad0042900" BOX="853 26 947 151" ELEMENT_TYPE="Content" SEQ_NO="1" TOC_ENTRY_ID="76" DEPTH_LEVEL="1" E="N"/>
		<Primitive ID="Ad0042901" BOX="853 26 947 151" ELEMENT_TYPE="AdFrame" SEQ_NO="0" TOC_ENTRY_ID="76" DEPTH_LEVEL="1"/>
	</Entity>
	<Entity ENTITY_TYPE="Ad" FIRST_TOC_ENTRY_ID="75" INDEX_IN_DOC="76" DEPTH_LEVEL="1" ID="Ad00430" SIZE="Small" BOX="763 869 857 998" NEXT_SECTION="" PREV_SECTION="1" IMAGES_RESOLUTION="144" TOTAL_CHARS_COUNT="0" SUSPICIOUS_CHARS_COUNT="0" WORDCNT="76">
		<Name>Untitled Ad</Name>
		<Primitive ID="Ad0043000" BOX="763 869 857 998" ELEMENT_TYPE="Content" SEQ_NO="1" TOC_ENTRY_ID="75" DEPTH_LEVEL="1" E="N"/>
		<Primitive ID="Ad0043001" BOX="763 869 857 998" ELEMENT_TYPE="AdFrame" SEQ_NO="0" TOC_ENTRY_ID="75" DEPTH_LEVEL="1"/>
	</Entity>
	<Entity ENTITY_TYPE="Ad" FIRST_TOC_ENTRY_ID="74" INDEX_IN_DOC="75" DEPTH_LEVEL="1" ID="Ad00431" SIZE="Small" BOX="763 698 857 869" NEXT_SECTION="" PREV_SECTION="1" IMAGES_RESOLUTION="144" TOTAL_CHARS_COUNT="0" SUSPICIOUS_CHARS_COUNT="0" WORDCNT="94">
		<Name>Untitled Ad</Name>
		<Primitive ID="Ad0043100" BOX="763 698 857 869" ELEMENT_TYPE="Content" SEQ_NO="1" TOC_ENTRY_ID="74" DEPTH_LEVEL="1" E="N"/>
		<Primitive ID="Ad0043101" BOX="763 698 857 869" ELEMENT_TYPE="AdFrame" SEQ_NO="0" TOC_ENTRY_ID="74" DEPTH_LEVEL="1"/>
	</Entity>
	<Entity ENTITY_TYPE="Ad" FIRST_TOC_ENTRY_ID="73" INDEX_IN_DOC="74" DEPTH_LEVEL="1" ID="Ad00432" SIZE="Small" BOX="763 553 857 698" NEXT_SECTION="" PREV_SECTION="1" IMAGES_RESOLUTION="144" TOTAL_CHARS_COUNT="0" SUSPICIOUS_CHARS_COUNT="0" WORDCNT="37">
		<Name>Untitled Ad</Name>
		<Primitive ID="Ad0043200" BOX="763 553 857 698" ELEMENT_TYPE="Content" SEQ_NO="1" TOC_ENTRY_ID="73" DEPTH_LEVEL="1" E="N"/>
		<Primitive ID="Ad0043201" BOX="763 553 857 698" ELEMENT_TYPE="AdFrame" SEQ_NO="0" TOC_ENTRY_ID="73" DEPTH_LEVEL="1"/>
	</Entity>
	<Entity ENTITY_TYPE="Ad" FIRST_TOC_ENTRY_ID="79" INDEX_IN_DOC="80" DEPTH_LEVEL="1" ID="Ad00433" SIZE="Small" BOX="857 405 947 677" NEXT_SECTION="" PREV_SECTION="1" IMAGES_RESOLUTION="144" TOTAL_CHARS_COUNT="0" SUSPICIOUS_CHARS_COUNT="0" WORDCNT="164">
		<Name>Untitled Ad</Name>
		<Primitive ID="Ad0043300" BOX="857 405 947 677" ELEMENT_TYPE="Content" SEQ_NO="1" TOC_ENTRY_ID="79" DEPTH_LEVEL="1" E="N"/>
		<Primitive ID="Ad0043301" BOX="857 405 947 677" ELEMENT_TYPE="AdFrame" SEQ_NO="0" TOC_ENTRY_ID="79" DEPTH_LEVEL="1"/>
	</Entity>
	<Entity ENTITY_TYPE="Ad" FIRST_TOC_ENTRY_ID="72" INDEX_IN_DOC="73" DEPTH_LEVEL="1" ID="Ad00434" SIZE="Small" BOX="763 354 857 553" NEXT_SECTION="" PREV_SECTION="1" IMAGES_RESOLUTION="144" TOTAL_CHARS_COUNT="0" SUSPICIOUS_CHARS_COUNT="0" WORDCNT="123">
		<Name>Untitled Ad</Name>
		<Primitive ID="Ad0043400" BOX="763 354 857 553" ELEMENT_TYPE="Content" SEQ_NO="1" TOC_ENTRY_ID="72" DEPTH_LEVEL="1" E="N"/>
		<Primitive ID="Ad0043401" BOX="763 354 857 553" ELEMENT_TYPE="AdFrame" SEQ_NO="0" TOC_ENTRY_ID="72" DEPTH_LEVEL="1"/>
	</Entity>
	<Entity ENTITY_TYPE="Ad" FIRST_TOC_ENTRY_ID="67" INDEX_IN_DOC="68" DEPTH_LEVEL="1" ID="Ad00435" SIZE="Small" BOX="758 206 853 354" NEXT_SECTION="" PREV_SECTION="1" IMAGES_RESOLUTION="144" TOTAL_CHARS_COUNT="0" SUSPICIOUS_CHARS_COUNT="0" WORDCNT="96">
		<Name>Untitled Ad</Name>
		<Primitive ID="Ad0043500" BOX="758 206 853 354" ELEMENT_TYPE="Content" SEQ_NO="1" TOC_ENTRY_ID="67" DEPTH_LEVEL="1" E="N"/>
		<Primitive ID="Ad0043501" BOX="758 206 853 354" ELEMENT_TYPE="AdFrame" SEQ_NO="0" TOC_ENTRY_ID="67" DEPTH_LEVEL="1"/>
	</Entity>
	<Entity ENTITY_TYPE="Ad" FIRST_TOC_ENTRY_ID="77" INDEX_IN_DOC="78" DEPTH_LEVEL="1" ID="Ad00436" SIZE="Small" BOX="853 151 947 263" NEXT_SECTION="" PREV_SECTION="1" IMAGES_RESOLUTION="144" TOTAL_CHARS_COUNT="0" SUSPICIOUS_CHARS_COUNT="0" WORDCNT="70">
		<Name>Untitled Ad</Name>
		<Primitive ID="Ad0043600" BOX="853 151 947 263" ELEMENT_TYPE="Content" SEQ_NO="1" TOC_ENTRY_ID="77" DEPTH_LEVEL="1" E="N"/>
		<Primitive ID="Ad0043601" BOX="853 151 947 263" ELEMENT_TYPE="AdFrame" SEQ_NO="0" TOC_ENTRY_ID="77" DEPTH_LEVEL="1"/>
	</Entity>
	<Entity ENTITY_TYPE="Ad" FIRST_TOC_ENTRY_ID="78" INDEX_IN_DOC="79" DEPTH_LEVEL="1" ID="Ad00437" SIZE="Small" BOX="857 263 947 405" NEXT_SECTION="" PREV_SECTION="1" IMAGES_RESOLUTION="144" TOTAL_CHARS_COUNT="0" SUSPICIOUS_CHARS_COUNT="0" WORDCNT="108">
		<Name>Untitled Ad</Name>
		<Primitive ID="Ad0043700" BOX="857 263 947 405" ELEMENT_TYPE="Content" SEQ_NO="1" TOC_ENTRY_ID="78" DEPTH_LEVEL="1" E="N"/>
		<Primitive ID="Ad0043701" BOX="857 263 947 405" ELEMENT_TYPE="AdFrame" SEQ_NO="0" TOC_ENTRY_ID="78" DEPTH_LEVEL="1"/>
	</Entity>
	<Entity ENTITY_TYPE="Ad" FIRST_TOC_ENTRY_ID="80" INDEX_IN_DOC="81" DEPTH_LEVEL="1" ID="Ad00438" SIZE="Small" BOX="857 677 947 998" NEXT_SECTION="" PREV_SECTION="1" IMAGES_RESOLUTION="144" TOTAL_CHARS_COUNT="0" SUSPICIOUS_CHARS_COUNT="0" WORDCNT="176">
		<Name>Untitled Ad</Name>
		<Primitive ID="Ad0043800" BOX="857 677 947 998" ELEMENT_TYPE="Content" SEQ_NO="1" TOC_ENTRY_ID="80" DEPTH_LEVEL="1" E="N"/>
		<Primitive ID="Ad0043801" BOX="857 677 947 998" ELEMENT_TYPE="AdFrame" SEQ_NO="0" TOC_ENTRY_ID="80" DEPTH_LEVEL="1"/>
	</Entity>
	<Entity ENTITY_TYPE="Article" FIRST_TOC_ENTRY_ID="43" INDEX_IN_DOC="44" DEPTH_LEVEL="1" ID="Ar00439" SIZE="Small" BOX="4 998 164 1267" NEXT_SECTION="" PREV_SECTION="1" IMAGES_RESOLUTION="144" TOTAL_CHARS_COUNT="526" SUSPICIOUS_CHARS_COUNT="0" WORDCNT="290">
		<Name>Untitled Article</Name>
		<Primitive ID="Ar0043900" BOX="4 998 164 1267" ELEMENT_TYPE="Content" SEQ_NO="0" TOC_ENTRY_ID="43" DEPTH_LEVEL="1"/>
	</Entity>
	<Entity ENTITY_TYPE="Ad" FIRST_TOC_ENTRY_ID="60" INDEX_IN_DOC="61" DEPTH_LEVEL="1" ID="Ad00440" SIZE="Small" BOX="474 808 572 901" NEXT_SECTION="" PREV_SECTION="1" IMAGES_RESOLUTION="144" TOTAL_CHARS_COUNT="0" SUSPICIOUS_CHARS_COUNT="0" WORDCNT="50">
		<Name>Untitled Ad</Name>
		<Primitive ID="Ad0044000" BOX="474 808 572 901" ELEMENT_TYPE="Content" SEQ_NO="1" TOC_ENTRY_ID="60" DEPTH_LEVEL="1" E="N"/>
		<Primitive ID="Ad0044001" BOX="474 808 572 901" ELEMENT_TYPE="AdFrame" SEQ_NO="0" TOC_ENTRY_ID="60" DEPTH_LEVEL="1"/>
	</Entity>
	<Entity ENTITY_TYPE="Ad" FIRST_TOC_ENTRY_ID="61" INDEX_IN_DOC="62" DEPTH_LEVEL="1" ID="Ad00441" SIZE="Small" BOX="474 901 572 998" NEXT_SECTION="" PREV_SECTION="1" IMAGES_RESOLUTION="144" TOTAL_CHARS_COUNT="0" SUSPICIOUS_CHARS_COUNT="0" WORDCNT="59">
		<Name>Untitled Ad</Name>
		<Primitive ID="Ad0044100" BOX="474 901 572 998" ELEMENT_TYPE="Content" SEQ_NO="1" TOC_ENTRY_ID="61" DEPTH_LEVEL="1" E="N"/>
		<Primitive ID="Ad0044101" BOX="474 901 572 998" ELEMENT_TYPE="AdFrame" SEQ_NO="0" TOC_ENTRY_ID="61" DEPTH_LEVEL="1"/>
	</Entity>
	<Entity ENTITY_TYPE="Article" FIRST_TOC_ENTRY_ID="44" INDEX_IN_DOC="45" DEPTH_LEVEL="1" ID="Ar00442" SIZE="Small" BOX="4 1267 164 1318" NEXT_SECTION="" PREV_SECTION="1" IMAGES_RESOLUTION="144" TOTAL_CHARS_COUNT="84" SUSPICIOUS_CHARS_COUNT="0" WORDCNT="22">
		<Name>Untitled Article</Name>
		<Primitive ID="Ar0044200" BOX="4 1267 164 1318" ELEMENT_TYPE="Content" SEQ_NO="0" TOC_ENTRY_ID="44" DEPTH_LEVEL="1"/>
	</Entity>
	<Entity ENTITY_TYPE="Ad" FIRST_TOC_ENTRY_ID="58" INDEX_IN_DOC="59" DEPTH_LEVEL="1" ID="Ad00443" SIZE="Small" BOX="320 1212 472 1331" NEXT_SECTION="" PREV_SECTION="1" IMAGES_RESOLUTION="144" TOTAL_CHARS_COUNT="0" SUSPICIOUS_CHARS_COUNT="0" WORDCNT="42">
		<Name>Untitled Ad</Name>
		<Primitive ID="Ad0044300" BOX="320 1212 472 1331" ELEMENT_TYPE="Content" SEQ_NO="1" TOC_ENTRY_ID="58" DEPTH_LEVEL="1" E="N"/>
		<Primitive ID="Ad0044301" BOX="320 1212 472 1331" ELEMENT_TYPE="AdFrame" SEQ_NO="0" TOC_ENTRY_ID="58" DEPTH_LEVEL="1"/>
	</Entity>
	<Entity ENTITY_TYPE="Article" FIRST_TOC_ENTRY_ID="57" INDEX_IN_DOC="58" DEPTH_LEVEL="1" ID="Ar00444" SIZE="Small" BOX="320 998 472 1212" NEXT_SECTION="" PREV_SECTION="1" IMAGES_RESOLUTION="144" TOTAL_CHARS_COUNT="875" SUSPICIOUS_CHARS_COUNT="0" WORDCNT="203">
		<Name>Untitled Article</Name>
		<Primitive ID="Ar0044400" BOX="320 998 472 1212" ELEMENT_TYPE="Content" SEQ_NO="0" TOC_ENTRY_ID="57" DEPTH_LEVEL="1"/>
	</Entity>
	<Entity ENTITY_TYPE="Article" FIRST_TOC_ENTRY_ID="56" INDEX_IN_DOC="57" DEPTH_LEVEL="1" ID="Ar00445" SIZE="Small" BOX="164 998 320 1331" NEXT_SECTION="" PREV_SECTION="1" IMAGES_RESOLUTION="144" TOTAL_CHARS_COUNT="1029" SUSPICIOUS_CHARS_COUNT="0" WORDCNT="363">
		<Name>Untitled Article</Name>
		<Primitive ID="Ar0044500" BOX="164 998 320 1331" ELEMENT_TYPE="Content" SEQ_NO="0" TOC_ENTRY_ID="56" DEPTH_LEVEL="1"/>
	</Entity>
	<Entity ENTITY_TYPE="Ad" FIRST_TOC_ENTRY_ID="64" INDEX_IN_DOC="65" DEPTH_LEVEL="1" ID="Ad00446" SIZE="Small" BOX="472 998 663 1331" NEXT_SECTION="" PREV_SECTION="1" IMAGES_RESOLUTION="144" TOTAL_CHARS_COUNT="0" SUSPICIOUS_CHARS_COUNT="0" WORDCNT="1010">
		<Name>Untitled Ad</Name>
		<Primitive ID="Ad0044600" BOX="472 998 663 1331" ELEMENT_TYPE="Content" SEQ_NO="1" TOC_ENTRY_ID="64" DEPTH_LEVEL="1" E="N"/>
		<Primitive ID="Ad0044601" BOX="472 998 663 1331" ELEMENT_TYPE="AdFrame" SEQ_NO="0" TOC_ENTRY_ID="64" DEPTH_LEVEL="1"/>
	</Entity>
	<Entity ENTITY_TYPE="Ad" FIRST_TOC_ENTRY_ID="65" INDEX_IN_DOC="66" DEPTH_LEVEL="1" ID="Ad00447" SIZE="Small" BOX="663 998 761 1331" NEXT_SECTION="" PREV_SECTION="1" IMAGES_RESOLUTION="144" TOTAL_CHARS_COUNT="0" SUSPICIOUS_CHARS_COUNT="0" WORDCNT="189">
		<Name>Untitled Ad</Name>
		<Primitive ID="Ad0044700" BOX="663 998 761 1331" ELEMENT_TYPE="Content" SEQ_NO="1" TOC_ENTRY_ID="65" DEPTH_LEVEL="1" E="N"/>
		<Primitive ID="Ad0044701" BOX="663 998 761 1331" ELEMENT_TYPE="AdFrame" SEQ_NO="0" TOC_ENTRY_ID="65" DEPTH_LEVEL="1"/>
	</Entity>
	<Entity ENTITY_TYPE="Ad" FIRST_TOC_ENTRY_ID="81" INDEX_IN_DOC="82" DEPTH_LEVEL="1" ID="Ad00448" SIZE="Small" BOX="761 998 951 1331" NEXT_SECTION="" PREV_SECTION="1" IMAGES_RESOLUTION="144" TOTAL_CHARS_COUNT="0" SUSPICIOUS_CHARS_COUNT="0" WORDCNT="1176">
		<Name>Untitled Ad</Name>
		<Primitive ID="Ad0044800" BOX="761 998 951 1331" ELEMENT_TYPE="Content" SEQ_NO="1" TOC_ENTRY_ID="81" DEPTH_LEVEL="1" E="N"/>
		<Primitive ID="Ad0044801" BOX="761 998 951 1331" ELEMENT_TYPE="AdFrame" SEQ_NO="0" TOC_ENTRY_ID="81" DEPTH_LEVEL="1"/>
	</Entity>
</XMD-PAGE>
