<?xml version="1.0" encoding="windows-1252" standalone="no"?>
<XMD-PAGE REPOSITORY_FORMAT="1.0" PRXML_VER="2.2">
	<Meta SINGLE_PAGE_PDF_NAME="/Res/PDF/Pg0002_s_0002.pdf" ISSUE_DATE="23/06/1807" RELEASE_NO="103-GDL-1807-06-23-0001" PAGE_NO="2" NAME="" PAGE_LABEL="2" PAGE_TYPE="Single" PUBLISHER="Olive" PUBLICATION="GDL" SOURCE_TYPE="TIFF" SOURCE_RESOLUTION="72" IMAGES_RESOLUTION="180" PAGE_THUMBNAIL_RESOLUTION="130" PAGE_PREVIEW_RESOLUTION="14" DEFAULT_IMG_EXT="png" IMG_EXT="png" PREVIEW_IMG_EXT="png" XMD_VER="2.6.241.4" PROFILE_ID="W:\Batch\Profile\GDL-1807-06-23.ini" SECTION="None" PAGE_WIDTH="598" PAGE_HEIGHT="1012" PAGES_NUMBER="12" BASE_HREF="GDL/1807/06/23" PDF_DESTINATION_MAPPED="OLV0_Page_0002" TOTAL_CHARS_COUNT="2920" SUSPICIOUS_CHARS_COUNT="0">
		<Resolutions>
			<Resolution DEFAULT="true">130</Resolution>
			<Resolution>160</Resolution>
			<Resolution>180</Resolution>
		</Resolutions>
	</Meta>
	<Link SOURCE="103-GDL-1807-06-23-0001.pdf" NEXT_SECTION="" PREV_SECTION="1"/>
	<DataFiles>
		<Files TYPE="DOC_PDF" PRESENT="1"/>
		<Files TYPE="PAGE_PDF" PRESENT="1"/>
		<Files TYPE="DOC_IMG" PRESENT="0"/>
		<Files TYPE="PAGE_IMG" PRESENT="1" BYTEORDER="little_endian" COMPRESSIONSCHEME="LZW" IMAGE_WIDTH="1378" IMAGE_HEIGHT="2334" COLORSPACE="BlackIsZero" BITSPERSAMPLE="8" SAMPLESPERPIXEL="1" XRESOLUTION_DPI="300" YRESOLUTION_DPI="300" MIMETYPE="image/tiff" IMG_EXT="tif" MEDIA_BOX="0 0 1377 2333" CROP_BOX="0 0 1377 2333"/>
		<Files TYPE="PAGE_VIEW_IMG" PRESENT="1"/>
		<Files TYPE="PAGE_PREVIEW_IMG" PRESENT="1"/>
		<Files TYPE="PRIMITIVE_IMG" PRESENT="1"/>
		<Files TYPE="SNIPPET_IMG" PRESENT="1"/>
		<Files TYPE="SEGMENTATION" PRESENT="1"/>
	</DataFiles>
	<Entity ENTITY_TYPE="Article" FIRST_TOC_ENTRY_ID="4" INDEX_IN_DOC="5" DEPTH_LEVEL="1" ID="Ar00200" SIZE="XLarge" BOX="51 4 585 448" NEXT_SECTION="" PREV_SECTION="1" CONTINUATION_FROM="Ar00102" FIRST_CHUNK="Ar00102" IMAGES_RESOLUTION="180" TOTAL_CHARS_COUNT="1352" SUSPICIOUS_CHARS_COUNT="0" WORDCNT="333">
		<Name>Untitled Article</Name>
		<Primitive ID="Ar0020000" BOX="52 4 585 184" ELEMENT_TYPE="Content" SEQ_NO="0" TOC_ENTRY_ID="4" DEPTH_LEVEL="1"/>
		<Primitive ID="Ar0020001" BOX="51 184 583 379" ELEMENT_TYPE="Content" SEQ_NO="1" TOC_ENTRY_ID="4" DEPTH_LEVEL="1"/>
		<Primitive ID="Ar0020002" BOX="52 379 583 448" ELEMENT_TYPE="Content" SEQ_NO="2" TOC_ENTRY_ID="4" DEPTH_LEVEL="1"/>
	</Entity>
	<Entity ENTITY_TYPE="Article" FIRST_TOC_ENTRY_ID="5" INDEX_IN_DOC="6" DEPTH_LEVEL="1" ID="Ar00201" SIZE="XLarge" BOX="49 450 583 964" NEXT_SECTION="" PREV_SECTION="1" CONTINUATION_TO="Ar00300" IMAGES_RESOLUTION="180" TOTAL_CHARS_COUNT="1568" SUSPICIOUS_CHARS_COUNT="0" WORDCNT="353">
		<Name>�ALLEMAGNE.</Name>
		<Primitive ID="Ar0020100" BOX="49 450 583 468" ELEMENT_TYPE="HedLine_hl1" SEQ_NO="2" TOC_ENTRY_ID="5" DEPTH_LEVEL="1"/>
		<Primitive ID="Ar0020101" BOX="49 468 583 733" ELEMENT_TYPE="Content" SEQ_NO="0" TOC_ENTRY_ID="5" DEPTH_LEVEL="1"/>
		<Primitive ID="Ar0020102" BOX="51 732 581 964" ELEMENT_TYPE="Content" SEQ_NO="1" TOC_ENTRY_ID="5" DEPTH_LEVEL="1"/>
	</Entity>
</XMD-PAGE>
