<?xml version="1.0" encoding="windows-1252" standalone="no"?>
<XMD-entity REPOSITORY_FORMAT="1.0" PRXML_VER="2.2" ENTITY_TYPE="Ad" DOC_UID="GDL_03/01/1900" DOC_VER="1" FIRST_TOC_ENTRY_ID="46" DEPTH_LEVEL="1" INDEX_IN_DOC="49" PAGE_NO="4" ID="Ad00408" BOX="1454 675 1933 999" LANGUAGE="French" SNP="Ad00408S.png" SNP_WIDTH="177" SNP_HEIGHT="120">
	<Meta NAME="Untitled Ad" DESCRIPTION="" SUBTYPE="" BASE_HREF="GDL/1900/01/03" SOURCE_TYPE="TIFF" PUBLICATION="GDL" SECTION="None" ISSUE_DATE="03/01/1900" WORDCNT="12" RELEASE_NO="103-GDL-1900-01-03-0001" PAGE_ID="" PAGE_TYPE="Single" PAGE_WIDTH="983" PAGE_HEIGHT="1343" DEFAULT_IMG_EXT="png" PDF_DESTINATION_MAPPED="OLV0_Entity_0004_0009" IMAGES_RESOLUTION="144" XMD_VER="2.6.241.4" PAGE_LABEL="4" TOTAL_CHARS_COUNT="0" SUSPICIOUS_CHARS_COUNT="0"/>
	<Link SOURCE="103-GDL-1900-01-03-0001.pdf" FIRST_ID="Ar00200" LAST_ID="Ad00443" NEXT_ID="Ad00409" PREV_ID="Ad00407" TOC_ID="W:/Repository/GDL/1900/01/03/TOC.xml"/>
	<DataFiles>
		<Files TYPE="DOC_PDF" PRESENT="1"/>
		<Files TYPE="PAGE_PDF" PRESENT="1"/>
		<Files TYPE="DOC_IMG" PRESENT="0"/>
		<Files TYPE="PAGE_IMG" PRESENT="1"/>
		<Files TYPE="PAGE_VIEW_IMG" PRESENT="1"/>
		<Files TYPE="PAGE_PREVIEW_IMG" PRESENT="1"/>
		<Files TYPE="PRIMITIVE_IMG" PRESENT="1"/>
		<Files TYPE="SNIPPET_IMG" PRESENT="1"/>
		<Files TYPE="SEGMENTATION" PRESENT="1"/>
	</DataFiles>
	<Content>
		<Primitive BOX="1454 675 1933 999" ID="Ad0040800" E="N" SEQ_NO="1" TOC_ENTRY_ID="46" DEPTH_LEVEL="1">
			<L BOX="1542 944 1842 965"/>
			<W BOX="1542 944 1563 965" STYLE_REF="54">En</W>
			<W BOX="1570 944 1613 965" STYLE_REF="54">vente</W>
			<W BOX="1621 944 1657 965" STYLE_REF="54">chez</W>
			<W BOX="1664 944 1698 965" STYLE_REF="54">tous</W>
			<W BOX="1706 944 1733 965" STYLE_REF="54">les</W>
			<W BOX="1737 944 1837 965" STYLE_REF="54" NS="y">pharmaciens</W>
			<W BOX="1836 944 1842 965" STYLE_REF="54">,</W>
			<L BOX="1515 966 1869 986"/>
			<W BOX="1515 966 1597 986" STYLE_REF="54">droguistes</W>
			<W BOX="1606 966 1623 986" STYLE_REF="54">et</W>
			<W BOX="1630 966 1716 986" STYLE_REF="54">marchands</W>
			<Q BOX="1724 966 1735 986" STYLE_REF="54" QID="1">d</Q>
			<Q BOX="1734 966 1738 986" STYLE_REF="54" QID="1">'</Q>
			<q BOX="1737 966 1776 986" STYLE_REF="54" QID="1">eaux</q>
			<QW QID="1">d'eaux</QW>
			<W BOX="1785 966 1864 986" STYLE_REF="54" NS="y">min�rales</W>
			<W BOX="1863 966 1869 986" STYLE_REF="54">.</W>
		</Primitive>
	</Content>
	<AdFrame>
		<Img BOX="1454 675 1933 999" ID="Ad0040801" HREF="/4/Img/Ad0040801.png" TOC_ENTRY_ID="46" SEQ_NO="0"/>
	</AdFrame>
</XMD-entity>