<?xml version="1.0" encoding="windows-1252" standalone="no"?>
<XMD-entity REPOSITORY_FORMAT="1.0" PRXML_VER="2.2" ENTITY_TYPE="Ad" DOC_UID="GDL_03/01/1900" DOC_VER="1" FIRST_TOC_ENTRY_ID="50" DEPTH_LEVEL="1" INDEX_IN_DOC="53" PAGE_NO="4" ID="Ad00404" BOX="1933 497 2170 667" LANGUAGE="French" SNP="Ad00404S.png" SNP_WIDTH="167" SNP_HEIGHT="120">
	<Meta NAME="Untitled Ad" DESCRIPTION="" SUBTYPE="" BASE_HREF="GDL/1900/01/03" SOURCE_TYPE="TIFF" PUBLICATION="GDL" SECTION="None" ISSUE_DATE="03/01/1900" WORDCNT="28" RELEASE_NO="103-GDL-1900-01-03-0001" PAGE_ID="" PAGE_TYPE="Single" PAGE_WIDTH="983" PAGE_HEIGHT="1343" DEFAULT_IMG_EXT="png" PDF_DESTINATION_MAPPED="OLV0_Entity_0004_0005" IMAGES_RESOLUTION="144" XMD_VER="2.6.241.4" PAGE_LABEL="4" TOTAL_CHARS_COUNT="0" SUSPICIOUS_CHARS_COUNT="0"/>
	<Link SOURCE="103-GDL-1900-01-03-0001.pdf" FIRST_ID="Ar00200" LAST_ID="Ad00443" NEXT_ID="Ad00405" PREV_ID="Ad00403" TOC_ID="W:/Repository/GDL/1900/01/03/TOC.xml"/>
	<DataFiles>
		<Files TYPE="DOC_PDF" PRESENT="1"/>
		<Files TYPE="PAGE_PDF" PRESENT="1"/>
		<Files TYPE="DOC_IMG" PRESENT="0"/>
		<Files TYPE="PAGE_IMG" PRESENT="1"/>
		<Files TYPE="PAGE_VIEW_IMG" PRESENT="1"/>
		<Files TYPE="PAGE_PREVIEW_IMG" PRESENT="1"/>
		<Files TYPE="PRIMITIVE_IMG" PRESENT="1"/>
		<Files TYPE="SNIPPET_IMG" PRESENT="1"/>
		<Files TYPE="SEGMENTATION" PRESENT="1"/>
	</DataFiles>
	<Content>
		<Primitive BOX="1933 497 2170 667" ID="Ad0040400" E="N" SEQ_NO="1" TOC_ENTRY_ID="50" DEPTH_LEVEL="1">
			<L BOX="1952 513 2126 543"/>
			<W BOX="1952 513 2021 543" STYLE_REF="25">Apprenti</W>
			<W BOX="2038 513 2060 543" STYLE_REF="25">de</W>
			<W BOX="2069 513 2126 543" STYLE_REF="25">banque</W>
			<L BOX="1953 544 2143 561" P="S"/>
			<W BOX="1953 544 1982 561" STYLE_REF="43">Une</W>
			<W BOX="1990 544 2043 561" STYLE_REF="43">maison</W>
			<W BOX="2052 544 2072 561" STYLE_REF="43">de</W>
			<W BOX="2080 544 2099 561" STYLE_REF="43">la</W>
			<W BOX="2105 544 2143 561" STYLE_REF="43">place</W>
			<L BOX="1937 559 2164 576"/>
			<W BOX="1937 559 2002 576" STYLE_REF="46">recevrait</W>
			<W BOX="2028 559 2063 576" STYLE_REF="43">dans</W>
			<W BOX="2080 559 2112 576" STYLE_REF="43">ses</W>
			<Q BOX="2130 559 2156 576" STYLE_REF="43" QID="1">bu</Q>
			<Q BOX="2155 559 2164 576" STYLE_REF="43" QID="1">-</Q>
			<L BOX="1938 574 2143 591"/>
			<q BOX="1938 574 1982 591" STYLE_REF="43" NS="y" QID="1">reaux</q>
			<QW QID="1">bureaux</QW>
			<W BOX="1983 574 1987 591" STYLE_REF="43">,</W>
			<W BOX="1997 574 2023 591" STYLE_REF="46">un</W>
			<W BOX="2027 574 2066 591" STYLE_REF="46">jeune</W>
			<W BOX="2092 574 2143 591" STYLE_REF="46">homme</W>
			<L BOX="1938 589 2143 606"/>
			<W BOX="1938 589 2017 606" STYLE_REF="43">intelligent</W>
			<W BOX="2026 589 2041 606" STYLE_REF="43">et</W>
			<W BOX="2046 589 2078 606" STYLE_REF="43">bien</W>
			<Q BOX="2091 589 2137 606" STYLE_REF="43" QID="2">recom</Q>
			<Q BOX="2137 589 2143 606" STYLE_REF="43" QID="2">-</Q>
			<L BOX="1940 604 1995 621"/>
			<q BOX="1940 604 1990 621" STYLE_REF="43" NS="y" QID="2">mande</q>
			<QW QID="2">recommande</QW>
			<W BOX="1991 604 1995 621" STYLE_REF="43">.</W>
			<L BOX="1953 619 2144 636"/>
			<Q BOX="1953 619 1963 636" STYLE_REF="43" QID="3">S</Q>
			<Q BOX="1963 619 1967 636" STYLE_REF="43" QID="3">'</Q>
			<q BOX="1967 619 2028 636" STYLE_REF="43" QID="3">adresser</q>
			<QW QID="3">S'adresser</QW>
			<W BOX="2044 619 2076 636" STYLE_REF="43">case</W>
			<W BOX="2091 619 2144 636" STYLE_REF="43">postale</W>
			<L BOX="1939 634 2146 651"/>
			<W BOX="1939 634 1972 651" STYLE_REF="43" NS="y">2904</W>
			<W BOX="1971 634 1976 651" STYLE_REF="43">,</W>
			<W BOX="1981 634 2054 651" STYLE_REF="43" NS="y">Lausanne</W>
			<W BOX="2055 634 2059 651" STYLE_REF="43">.</W>
			<W BOX="2121 634 2146 651" STYLE_REF="43">93</W>
		</Primitive>
	</Content>
	<AdFrame>
		<Img BOX="1933 497 2170 667" ID="Ad0040401" HREF="/4/Img/Ad0040401.png" TOC_ENTRY_ID="50" SEQ_NO="0"/>
	</AdFrame>
</XMD-entity>