<?xml version="1.0" encoding="windows-1252" standalone="no"?>
<XMD-entity REPOSITORY_FORMAT="1.0" PRXML_VER="2.2" ENTITY_TYPE="Ad" DOC_UID="GDL_03/01/1900" DOC_VER="1" FIRST_TOC_ENTRY_ID="31" DEPTH_LEVEL="1" INDEX_IN_DOC="34" PAGE_NO="4" ID="Ad00403" BOX="496 497 730 687" LANGUAGE="French" SNP="Ad00403S.png" SNP_WIDTH="148" SNP_HEIGHT="120">
	<Meta NAME="Untitled Ad" DESCRIPTION="" SUBTYPE="" BASE_HREF="GDL/1900/01/03" SOURCE_TYPE="TIFF" PUBLICATION="GDL" SECTION="None" ISSUE_DATE="03/01/1900" WORDCNT="35" RELEASE_NO="103-GDL-1900-01-03-0001" PAGE_ID="" PAGE_TYPE="Single" PAGE_WIDTH="983" PAGE_HEIGHT="1343" DEFAULT_IMG_EXT="png" PDF_DESTINATION_MAPPED="OLV0_Entity_0004_0004" IMAGES_RESOLUTION="144" XMD_VER="2.6.241.4" PAGE_LABEL="4" TOTAL_CHARS_COUNT="0" SUSPICIOUS_CHARS_COUNT="0"/>
	<Link SOURCE="103-GDL-1900-01-03-0001.pdf" FIRST_ID="Ar00200" LAST_ID="Ad00443" NEXT_ID="Ad00404" PREV_ID="Ad00402" TOC_ID="W:/Repository/GDL/1900/01/03/TOC.xml"/>
	<DataFiles>
		<Files TYPE="DOC_PDF" PRESENT="1"/>
		<Files TYPE="PAGE_PDF" PRESENT="1"/>
		<Files TYPE="DOC_IMG" PRESENT="0"/>
		<Files TYPE="PAGE_IMG" PRESENT="1"/>
		<Files TYPE="PAGE_VIEW_IMG" PRESENT="1"/>
		<Files TYPE="PAGE_PREVIEW_IMG" PRESENT="1"/>
		<Files TYPE="PRIMITIVE_IMG" PRESENT="1"/>
		<Files TYPE="SNIPPET_IMG" PRESENT="1"/>
		<Files TYPE="SEGMENTATION" PRESENT="1"/>
	</DataFiles>
	<Content>
		<Primitive BOX="496 497 730 687" ID="Ad0040300" E="N" SEQ_NO="1" TOC_ENTRY_ID="31" DEPTH_LEVEL="1">
			<L BOX="492 519 730 547"/>
			<W BOX="492 519 583 547" STYLE_REF="56">THEATRE</W>
			<W BOX="589 519 616 547" STYLE_REF="56">DE</W>
			<W BOX="628 519 730 547" STYLE_REF="56">LAUSANNE</W>
			<L BOX="493 556 723 571" P="S"/>
			<W BOX="493 556 518 571" STYLE_REF="48" NS="y">Bur</W>
			<W BOX="519 556 523 571" STYLE_REF="48">.</W>
			<W BOX="531 556 540 571" STYLE_REF="48" NS="y">�</W>
			<W BOX="540 556 561 571" STYLE_REF="48" NS="y">71</W>
			<W BOX="561 556 568 571" STYLE_REF="48" NS="y">/</W>
			<W BOX="568 556 579 571" STYLE_REF="48" NS="y">2</W>
			<W BOX="579 556 587 571" STYLE_REF="48" NS="y">h</W>
			<W BOX="589 556 593 571" STYLE_REF="48">.</W>
			<W BOX="651 556 682 571" STYLE_REF="48" NS="y">Rid</W>
			<W BOX="682 556 688 571" STYLE_REF="48" NS="y">.</W>
			<W BOX="688 556 698 571" STYLE_REF="48" NS="y">�</W>
			<W BOX="698 556 709 571" STYLE_REF="48" NS="y">8</W>
			<W BOX="709 556 717 571" STYLE_REF="48" NS="y">h</W>
			<W BOX="719 556 723 571" STYLE_REF="48">.</W>
			<L BOX="492 577 694 592" P="S"/>
			<Q BOX="492 577 501 592" STYLE_REF="48" QID="1">~</Q>
			<q BOX="498 577 507 592" STYLE_REF="48" QID="1">~</q>
			<QW QID="1">~~</QW>
			<W BOX="523 577 597 592" STYLE_REF="48">Mercredi</W>
			<W BOX="610 577 621 592" STYLE_REF="48">3</W>
			<W BOX="631 577 694 592" STYLE_REF="48">janvier</W>
			<L BOX="506 601 713 628" P="SA"/>
			<W BOX="506 601 531 628" STYLE_REF="52">LE</W>
			<W BOX="544 601 605 628" STYLE_REF="52">VIEUX</W>
			<W BOX="619 601 713 628" STYLE_REF="52">CAPORAL</W>
			<L BOX="540 628 676 646" P="SA"/>
			<W BOX="540 628 591 646" STYLE_REF="43">Drame</W>
			<W BOX="598 628 618 646" STYLE_REF="43">en</W>
			<W BOX="623 628 633 646" STYLE_REF="43">5</W>
			<W BOX="637 628 676 646" STYLE_REF="43">actes</W>
			<L BOX="494 643 723 660"/>
			<W BOX="494 643 518 660" STYLE_REF="43">par</W>
			<W BOX="532 643 608 660" STYLE_REF="43">Dumanoir</W>
			<W BOX="625 643 644 660" STYLE_REF="43">et</W>
			<Q BOX="656 643 665 660" STYLE_REF="43" QID="2">d</Q>
			<Q BOX="665 643 672 660" STYLE_REF="43" QID="2">"</Q>
			<q BOX="672 643 723 660" STYLE_REF="43" QID="2">Ennery</q>
			<QW QID="2">d"Ennery</QW>
			<L BOX="493 657 723 674"/>
			<W BOX="493 657 556 674" STYLE_REF="43">Musique</W>
			<Q BOX="568 657 577 674" STYLE_REF="43" QID="3">d</Q>
			<Q BOX="577 657 580 674" STYLE_REF="43" QID="3">'</Q>
			<q BOX="580 657 643 674" STYLE_REF="43" QID="3">Adolphe</q>
			<QW QID="3">d'Adolphe</QW>
			<W BOX="654 657 674 674" STYLE_REF="43">de</W>
			<W BOX="682 657 723 674" STYLE_REF="43">Groot</W>
		</Primitive>
	</Content>
	<AdFrame>
		<Img BOX="496 497 730 687" ID="Ad0040301" HREF="/4/Img/Ad0040301.png" TOC_ENTRY_ID="31" SEQ_NO="0"/>
	</AdFrame>
</XMD-entity>