<?xml version="1.0" encoding="windows-1252" standalone="no"?>
<XMD-entity REPOSITORY_FORMAT="1.0" PRXML_VER="2.2" ENTITY_TYPE="Ad" DOC_UID="GDL_03/01/1900" DOC_VER="1" FIRST_TOC_ENTRY_ID="56" DEPTH_LEVEL="1" INDEX_IN_DOC="59" PAGE_NO="4" ID="Ad00421" BOX="1700 2033 1944 2331" LANGUAGE="French" SNP="Ad00421S.png" SNP_WIDTH="98" SNP_HEIGHT="120">
	<Meta NAME="Untitled Ad" DESCRIPTION="" SUBTYPE="" BASE_HREF="GDL/1900/01/03" SOURCE_TYPE="TIFF" PUBLICATION="GDL" SECTION="None" ISSUE_DATE="03/01/1900" WORDCNT="40" RELEASE_NO="103-GDL-1900-01-03-0001" PAGE_ID="" PAGE_TYPE="Single" PAGE_WIDTH="983" PAGE_HEIGHT="1343" DEFAULT_IMG_EXT="png" PDF_DESTINATION_MAPPED="OLV0_Entity_0004_0022" IMAGES_RESOLUTION="144" XMD_VER="2.6.241.4" PAGE_LABEL="4" TOTAL_CHARS_COUNT="0" SUSPICIOUS_CHARS_COUNT="0"/>
	<Link SOURCE="103-GDL-1900-01-03-0001.pdf" FIRST_ID="Ar00200" LAST_ID="Ad00443" NEXT_ID="Ad00422" PREV_ID="Ad00420" TOC_ID="W:/Repository/GDL/1900/01/03/TOC.xml"/>
	<DataFiles>
		<Files TYPE="DOC_PDF" PRESENT="1"/>
		<Files TYPE="PAGE_PDF" PRESENT="1"/>
		<Files TYPE="DOC_IMG" PRESENT="0"/>
		<Files TYPE="PAGE_IMG" PRESENT="1"/>
		<Files TYPE="PAGE_VIEW_IMG" PRESENT="1"/>
		<Files TYPE="PAGE_PREVIEW_IMG" PRESENT="1"/>
		<Files TYPE="PRIMITIVE_IMG" PRESENT="1"/>
		<Files TYPE="SNIPPET_IMG" PRESENT="1"/>
		<Files TYPE="SEGMENTATION" PRESENT="1"/>
	</DataFiles>
	<Content>
		<Primitive BOX="1700 2033 1944 2331" ID="Ad0042100" E="N" SEQ_NO="1" TOC_ENTRY_ID="56" DEPTH_LEVEL="1">
			<L BOX="1720 2055 1941 2111" P="SA"/>
			<W BOX="1720 2066 1914 2111" STYLE_REF="72" NS="y">OFFRES</W>
			<W BOX="1914 2066 1923 2111" STYLE_REF="72" NS="y">'</W>
			<S S_TYPE="SUP">
				<W BOX="1923 2055 1941 2085" STYLE_REF="89">1</W>
			</S>
			<L BOX="1763 2124 1868 2139" P="SA"/>
			<W BOX="1763 2124 1784 2139" STYLE_REF="48">DE</W>
			<W BOX="1799 2124 1868 2139" STYLE_REF="48">PLACES</W>
			<L BOX="1706 2174 1934 2214" P="S"/>
			<W BOX="1706 2174 1752 2214" STYLE_REF="45">ON</W>
			<W BOX="1770 2174 1934 2214" STYLE_REF="45">CHERCHE</W>
			<L BOX="1705 2219 1935 2236" P="S"/>
			<W BOX="1705 2219 1738 2236" STYLE_REF="43">pour</W>
			<W BOX="1747 2219 1777 2236" STYLE_REF="43">une</W>
			<W BOX="1789 2219 1834 2236" STYLE_REF="43">bonne</W>
			<W BOX="1851 2219 1901 2236" STYLE_REF="43">famille</W>
			<W BOX="1908 2219 1935 2236" STYLE_REF="43">de</W>
			<L BOX="1705 2234 1934 2251"/>
			<W BOX="1705 2234 1771 2251" STYLE_REF="46">Lisbonne</W>
			<W BOX="1785 2234 1812 2251" STYLE_REF="43">une</W>
			<W BOX="1821 2234 1898 2251" STYLE_REF="46">institutrice</W>
			<W BOX="1917 2234 1934 2251" STYLE_REF="43">de</W>
			<L BOX="1704 2248 1935 2266"/>
			<Q BOX="1704 2248 1721 2266" STYLE_REF="43" QID="1">35</Q>
			<Q BOX="1719 2248 1725 2266" STYLE_REF="43" LH="y" QID="1">-</Q>
			<q BOX="1724 2248 1741 2266" STYLE_REF="43" QID="1">40</q>
			<QW QID="1">35-40</QW>
			<W BOX="1746 2248 1772 2266" STYLE_REF="43" NS="y">ans</W>
			<W BOX="1773 2248 1777 2266" STYLE_REF="43">,</W>
			<W BOX="1783 2248 1842 2266" STYLE_REF="43">sachant</W>
			<W BOX="1848 2248 1861 2266" STYLE_REF="43">le</W>
			<W BOX="1869 2248 1930 2266" STYLE_REF="43" NS="y">fran�ais</W>
			<W BOX="1931 2248 1935 2266" STYLE_REF="43">,</W>
			<L BOX="1704 2263 1935 2281"/>
			<Q BOX="1704 2263 1710 2281" STYLE_REF="43" QID="2">l</Q>
			<Q BOX="1710 2263 1714 2281" STYLE_REF="43" QID="2">'</Q>
			<q BOX="1714 2263 1768 2281" STYLE_REF="43" QID="2">anglais</q>
			<QW QID="2">l'anglais</QW>
			<W BOX="1780 2263 1799 2281" STYLE_REF="43">et</W>
			<W BOX="1805 2263 1824 2281" STYLE_REF="43">la</W>
			<W BOX="1830 2263 1894 2281" STYLE_REF="43" NS="y">musique</W>
			<W BOX="1895 2263 1899 2281" STYLE_REF="43">.</W>
			<Q BOX="1906 2263 1917 2281" STYLE_REF="43" QID="3">S</Q>
			<Q BOX="1917 2263 1920 2281" STYLE_REF="43" QID="3">'</Q>
			<Q BOX="1919 2263 1929 2281" STYLE_REF="43" QID="3">a</Q>
			<Q BOX="1928 2263 1935 2281" STYLE_REF="43" QID="3">-</Q>
			<L BOX="1705 2278 1935 2295"/>
			<q BOX="1705 2278 1760 2295" STYLE_REF="43" QID="3">drewer</q>
			<QW QID="3">S'adrewer</QW>
			<W BOX="1772 2278 1784 2295" STYLE_REF="43">a</W>
			<W BOX="1793 2278 1825 2295" STYLE_REF="43">Mlle</W>
			<W BOX="1832 2278 1877 2295" STYLE_REF="43" NS="y">Welte</W>
			<W BOX="1877 2278 1882 2295" STYLE_REF="43">,</W>
			<Q BOX="1889 2278 1929 2295" STYLE_REF="43" QID="4">boule</Q>
			<Q BOX="1929 2278 1935 2295" STYLE_REF="43" QID="4">-</Q>
			<L BOX="1705 2293 1935 2310"/>
			<q BOX="1705 2293 1739 2310" STYLE_REF="43" QID="4">vard</q>
			<QW QID="4">boulevard</QW>
			<W BOX="1745 2293 1762 2310" STYLE_REF="43">de</W>
			<W BOX="1766 2293 1820 2310" STYLE_REF="43" NS="y">drancy</W>
			<W BOX="1820 2293 1825 2310" STYLE_REF="43" NS="y">,</W>
			<W BOX="1825 2293 1844 2310" STYLE_REF="43" NS="y">28</W>
			<W BOX="1845 2293 1849 2310" STYLE_REF="43">,</W>
			<W BOX="1857 2293 1930 2310" STYLE_REF="43" NS="y">Lausanne</W>
			<W BOX="1930 2293 1935 2310" STYLE_REF="43">.</W>
		</Primitive>
	</Content>
	<AdFrame>
		<Img BOX="1700 2033 1944 2331" ID="Ad0042101" HREF="/4/Img/Ad0042101.png" TOC_ENTRY_ID="56" SEQ_NO="0"/>
	</AdFrame>
</XMD-entity>