<?xml version="1.0" encoding="windows-1252" standalone="no"?>
<XMD-PAGE REPOSITORY_FORMAT="1.0" PRXML_VER="2.2">
	<Meta SINGLE_PAGE_PDF_NAME="/Res/PDF/Pg0004_s_0004.pdf" ISSUE_DATE="03/01/1900" RELEASE_NO="103-GDL-1900-01-03-0001" PAGE_NO="4" NAME="" PAGE_LABEL="4" PAGE_TYPE="Single" PUBLISHER="Olive" PUBLICATION="GDL" SOURCE_TYPE="TIFF" SOURCE_RESOLUTION="72" IMAGES_RESOLUTION="144" PAGE_THUMBNAIL_RESOLUTION="57" PAGE_PREVIEW_RESOLUTION="14" DEFAULT_IMG_EXT="png" IMG_EXT="png" PREVIEW_IMG_EXT="png" XMD_VER="2.6.241.4" PROFILE_ID="W:\Batch\Profile\GDL-1900-01-03.ini" SECTION="None" PAGE_WIDTH="983" PAGE_HEIGHT="1343" PAGES_NUMBER="4" BASE_HREF="GDL/1900/01/03" PDF_DESTINATION_MAPPED="OLV0_Page_0004" TOTAL_CHARS_COUNT="1542" SUSPICIOUS_CHARS_COUNT="0">
		<Resolutions>
			<Resolution DEFAULT="true">57</Resolution>
			<Resolution>72</Resolution>
			<Resolution>144</Resolution>
		</Resolutions>
		<Links>
			<Lnk TYPE="URL" LNK_ID="LNK_4_0">
				<Target>http://lmportants.il</Target>
			</Lnk>
			<Lnk TYPE="URL" LNK_ID="LNK_4_1">
				<Target>http://fr.50et4fr.50</Target>
			</Lnk>
			<Lnk TYPE="URL" LNK_ID="LNK_4_2">
				<Target>http://pique.de</Target>
			</Lnk>
			<Sources>
				<Box LNK_ID="LNK_4_0">410 51 448 58</Box>
				<Box LNK_ID="LNK_4_1">720 212 758 220</Box>
				<Box LNK_ID="LNK_4_2">576 680 610 688</Box>
			</Sources>
		</Links>
	</Meta>
	<Link SOURCE="103-GDL-1900-01-03-0001.pdf" NEXT_SECTION="" PREV_SECTION="1"/>
	<DataFiles>
		<Files TYPE="DOC_PDF" PRESENT="1"/>
		<Files TYPE="PAGE_PDF" PRESENT="1"/>
		<Files TYPE="DOC_IMG" PRESENT="0"/>
		<Files TYPE="PAGE_IMG" PRESENT="1" BYTEORDER="little_endian" COMPRESSIONSCHEME="LZW" IMAGE_WIDTH="5169" IMAGE_HEIGHT="7064" COLORSPACE="BlackIsZero" BITSPERSAMPLE="8" SAMPLESPERPIXEL="1" XRESOLUTION_DPI="300" YRESOLUTION_DPI="300" MIMETYPE="image/tiff" IMG_EXT="tif" MEDIA_BOX="0 0 5168 7063" CROP_BOX="0 0 5168 7063"/>
		<Files TYPE="PAGE_VIEW_IMG" PRESENT="1"/>
		<Files TYPE="PAGE_PREVIEW_IMG" PRESENT="1"/>
		<Files TYPE="PRIMITIVE_IMG" PRESENT="1"/>
		<Files TYPE="SNIPPET_IMG" PRESENT="1"/>
		<Files TYPE="SEGMENTATION" PRESENT="1"/>
	</DataFiles>
	<Entity ENTITY_TYPE="Ad" FIRST_TOC_ENTRY_ID="21" INDEX_IN_DOC="24" DEPTH_LEVEL="1" ID="Ad00400" SIZE="Medium" BOX="2 20 952 134" NEXT_SECTION="" PREV_SECTION="1" IMAGES_RESOLUTION="144" TOTAL_CHARS_COUNT="0" SUSPICIOUS_CHARS_COUNT="0" WORDCNT="938">
		<Name>Untitled Ad</Name>
		<Primitive ID="Ad0040000" BOX="2 20 952 134" ELEMENT_TYPE="Content" SEQ_NO="1" TOC_ENTRY_ID="21" DEPTH_LEVEL="1" E="N"/>
		<Primitive ID="Ad0040001" BOX="2 20 952 134" ELEMENT_TYPE="AdFrame" SEQ_NO="0" TOC_ENTRY_ID="21" DEPTH_LEVEL="1"/>
	</Entity>
	<Entity ENTITY_TYPE="Ad" FIRST_TOC_ENTRY_ID="22" INDEX_IN_DOC="25" DEPTH_LEVEL="1" ID="Ad00401" SIZE="Small" BOX="2 134 196 292" NEXT_SECTION="" PREV_SECTION="1" IMAGES_RESOLUTION="144" TOTAL_CHARS_COUNT="0" SUSPICIOUS_CHARS_COUNT="0" WORDCNT="84">
		<Name>Untitled Ad</Name>
		<Primitive ID="Ad0040100" BOX="2 134 196 292" ELEMENT_TYPE="Content" SEQ_NO="1" TOC_ENTRY_ID="22" DEPTH_LEVEL="1" E="N"/>
		<Primitive ID="Ad0040101" BOX="2 134 196 292" ELEMENT_TYPE="AdFrame" SEQ_NO="0" TOC_ENTRY_ID="22" DEPTH_LEVEL="1"/>
	</Entity>
	<Entity ENTITY_TYPE="Ad" FIRST_TOC_ENTRY_ID="30" INDEX_IN_DOC="33" DEPTH_LEVEL="1" ID="Ad00402" SIZE="Small" BOX="196 134 952 197" NEXT_SECTION="" PREV_SECTION="1" IMAGES_RESOLUTION="144" TOTAL_CHARS_COUNT="0" SUSPICIOUS_CHARS_COUNT="0" WORDCNT="56">
		<Name>Untitled Ad</Name>
		<Primitive ID="Ad0040200" BOX="196 134 952 197" ELEMENT_TYPE="Content" SEQ_NO="1" TOC_ENTRY_ID="30" DEPTH_LEVEL="1" E="N"/>
		<Primitive ID="Ad0040201" BOX="196 134 952 197" ELEMENT_TYPE="AdFrame" SEQ_NO="0" TOC_ENTRY_ID="30" DEPTH_LEVEL="1"/>
	</Entity>
	<Entity ENTITY_TYPE="Ad" FIRST_TOC_ENTRY_ID="31" INDEX_IN_DOC="34" DEPTH_LEVEL="1" ID="Ad00403" SIZE="Small" BOX="196 197 289 272" NEXT_SECTION="" PREV_SECTION="1" IMAGES_RESOLUTION="144" TOTAL_CHARS_COUNT="0" SUSPICIOUS_CHARS_COUNT="0" WORDCNT="35">
		<Name>Untitled Ad</Name>
		<Primitive ID="Ad0040300" BOX="196 197 289 272" ELEMENT_TYPE="Content" SEQ_NO="1" TOC_ENTRY_ID="31" DEPTH_LEVEL="1" E="N"/>
		<Primitive ID="Ad0040301" BOX="196 197 289 272" ELEMENT_TYPE="AdFrame" SEQ_NO="0" TOC_ENTRY_ID="31" DEPTH_LEVEL="1"/>
	</Entity>
	<Entity ENTITY_TYPE="Ad" FIRST_TOC_ENTRY_ID="50" INDEX_IN_DOC="53" DEPTH_LEVEL="1" ID="Ad00404" SIZE="Small" BOX="765 197 859 264" NEXT_SECTION="" PREV_SECTION="1" IMAGES_RESOLUTION="144" TOTAL_CHARS_COUNT="0" SUSPICIOUS_CHARS_COUNT="0" WORDCNT="28">
		<Name>Untitled Ad</Name>
		<Primitive ID="Ad0040400" BOX="765 197 859 264" ELEMENT_TYPE="Content" SEQ_NO="1" TOC_ENTRY_ID="50" DEPTH_LEVEL="1" E="N"/>
		<Primitive ID="Ad0040401" BOX="765 197 859 264" ELEMENT_TYPE="AdFrame" SEQ_NO="0" TOC_ENTRY_ID="50" DEPTH_LEVEL="1"/>
	</Entity>
	<Entity ENTITY_TYPE="Ad" FIRST_TOC_ENTRY_ID="58" INDEX_IN_DOC="61" DEPTH_LEVEL="1" ID="Ad00405" SIZE="Small" BOX="859 197 952 300" NEXT_SECTION="" PREV_SECTION="1" IMAGES_RESOLUTION="144" TOTAL_CHARS_COUNT="0" SUSPICIOUS_CHARS_COUNT="0" WORDCNT="62">
		<Name>Untitled Ad</Name>
		<Primitive ID="Ad0040500" BOX="859 197 952 300" ELEMENT_TYPE="Content" SEQ_NO="1" TOC_ENTRY_ID="58" DEPTH_LEVEL="1" E="N"/>
		<Primitive ID="Ad0040501" BOX="859 197 952 300" ELEMENT_TYPE="AdFrame" SEQ_NO="0" TOC_ENTRY_ID="58" DEPTH_LEVEL="1"/>
	</Entity>
	<Entity ENTITY_TYPE="Ad" FIRST_TOC_ENTRY_ID="36" INDEX_IN_DOC="39" DEPTH_LEVEL="1" ID="Ad00406" SIZE="Small" BOX="289 197 765 267" NEXT_SECTION="" PREV_SECTION="1" IMAGES_RESOLUTION="144" TOTAL_CHARS_COUNT="0" SUSPICIOUS_CHARS_COUNT="0" WORDCNT="41">
		<Name>Untitled Ad</Name>
		<Primitive ID="Ad0040600" BOX="289 197 765 267" ELEMENT_TYPE="Content" SEQ_NO="1" TOC_ENTRY_ID="36" DEPTH_LEVEL="1" E="N"/>
		<Primitive ID="Ad0040601" BOX="289 197 765 267" ELEMENT_TYPE="AdFrame" SEQ_NO="0" TOC_ENTRY_ID="36" DEPTH_LEVEL="1"/>
	</Entity>
	<Entity ENTITY_TYPE="Ad" FIRST_TOC_ENTRY_ID="37" INDEX_IN_DOC="40" DEPTH_LEVEL="1" ID="Ad00407" SIZE="Small" BOX="289 267 576 364" NEXT_SECTION="" PREV_SECTION="1" IMAGES_RESOLUTION="144" TOTAL_CHARS_COUNT="0" SUSPICIOUS_CHARS_COUNT="0" WORDCNT="88">
		<Name>Untitled Ad</Name>
		<Primitive ID="Ad0040700" BOX="289 267 576 364" ELEMENT_TYPE="Content" SEQ_NO="1" TOC_ENTRY_ID="37" DEPTH_LEVEL="1" E="N"/>
		<Primitive ID="Ad0040701" BOX="289 267 576 364" ELEMENT_TYPE="AdFrame" SEQ_NO="0" TOC_ENTRY_ID="37" DEPTH_LEVEL="1"/>
	</Entity>
	<Entity ENTITY_TYPE="Ad" FIRST_TOC_ENTRY_ID="46" INDEX_IN_DOC="49" DEPTH_LEVEL="1" ID="Ad00408" SIZE="Small" BOX="576 267 765 395" NEXT_SECTION="" PREV_SECTION="1" IMAGES_RESOLUTION="144" TOTAL_CHARS_COUNT="0" SUSPICIOUS_CHARS_COUNT="0" WORDCNT="12">
		<Name>Untitled Ad</Name>
		<Primitive ID="Ad0040800" BOX="576 267 765 395" ELEMENT_TYPE="Content" SEQ_NO="1" TOC_ENTRY_ID="46" DEPTH_LEVEL="1" E="N"/>
		<Primitive ID="Ad0040801" BOX="576 267 765 395" ELEMENT_TYPE="AdFrame" SEQ_NO="0" TOC_ENTRY_ID="46" DEPTH_LEVEL="1"/>
	</Entity>
	<Entity ENTITY_TYPE="Ad" FIRST_TOC_ENTRY_ID="38" INDEX_IN_DOC="41" DEPTH_LEVEL="1" ID="Ad00409" SIZE="Small" BOX="289 364 576 524" NEXT_SECTION="" PREV_SECTION="1" IMAGES_RESOLUTION="144" TOTAL_CHARS_COUNT="0" SUSPICIOUS_CHARS_COUNT="0" WORDCNT="35">
		<Name>Untitled Ad</Name>
		<Primitive ID="Ad0040900" BOX="289 364 576 524" ELEMENT_TYPE="Content" SEQ_NO="1" TOC_ENTRY_ID="38" DEPTH_LEVEL="1" E="N"/>
		<Primitive ID="Ad0040901" BOX="289 364 576 524" ELEMENT_TYPE="AdFrame" SEQ_NO="0" TOC_ENTRY_ID="38" DEPTH_LEVEL="1"/>
	</Entity>
	<Entity ENTITY_TYPE="Ad" FIRST_TOC_ENTRY_ID="39" INDEX_IN_DOC="42" DEPTH_LEVEL="1" ID="Ad00410" SIZE="Small" BOX="289 524 481 734" NEXT_SECTION="" PREV_SECTION="1" IMAGES_RESOLUTION="144" TOTAL_CHARS_COUNT="0" SUSPICIOUS_CHARS_COUNT="0" WORDCNT="16">
		<Name>Untitled Ad</Name>
		<Primitive ID="Ad0041000" BOX="289 524 481 734" ELEMENT_TYPE="Content" SEQ_NO="1" TOC_ENTRY_ID="39" DEPTH_LEVEL="1" E="N"/>
		<Primitive ID="Ad0041001" BOX="289 524 481 734" ELEMENT_TYPE="AdFrame" SEQ_NO="0" TOC_ENTRY_ID="39" DEPTH_LEVEL="1"/>
	</Entity>
	<Entity ENTITY_TYPE="Ad" FIRST_TOC_ENTRY_ID="45" INDEX_IN_DOC="48" DEPTH_LEVEL="1" ID="Ad00411" SIZE="Small" BOX="481 524 576 1003" NEXT_SECTION="" PREV_SECTION="1" IMAGES_RESOLUTION="144" TOTAL_CHARS_COUNT="0" SUSPICIOUS_CHARS_COUNT="0" WORDCNT="242">
		<Name>Untitled Ad</Name>
		<Primitive ID="Ad0041100" BOX="481 524 576 1003" ELEMENT_TYPE="Content" SEQ_NO="1" TOC_ENTRY_ID="45" DEPTH_LEVEL="1" E="N"/>
		<Primitive ID="Ad0041101" BOX="481 524 576 1003" ELEMENT_TYPE="AdFrame" SEQ_NO="0" TOC_ENTRY_ID="45" DEPTH_LEVEL="1"/>
	</Entity>
	<Entity ENTITY_TYPE="Ad" FIRST_TOC_ENTRY_ID="40" INDEX_IN_DOC="43" DEPTH_LEVEL="1" ID="Ad00412" SIZE="Small" BOX="289 734 481 810" NEXT_SECTION="" PREV_SECTION="1" IMAGES_RESOLUTION="144" TOTAL_CHARS_COUNT="0" SUSPICIOUS_CHARS_COUNT="0" WORDCNT="55">
		<Name>Untitled Ad</Name>
		<Primitive ID="Ad0041200" BOX="289 734 481 810" ELEMENT_TYPE="Content" SEQ_NO="1" TOC_ENTRY_ID="40" DEPTH_LEVEL="1" E="N"/>
		<Primitive ID="Ad0041201" BOX="289 734 481 810" ELEMENT_TYPE="AdFrame" SEQ_NO="0" TOC_ENTRY_ID="40" DEPTH_LEVEL="1"/>
	</Entity>
	<Entity ENTITY_TYPE="Ad" FIRST_TOC_ENTRY_ID="41" INDEX_IN_DOC="44" DEPTH_LEVEL="1" ID="Ad00413" SIZE="Small" BOX="289 810 481 1003" NEXT_SECTION="" PREV_SECTION="1" IMAGES_RESOLUTION="144" TOTAL_CHARS_COUNT="0" SUSPICIOUS_CHARS_COUNT="0" WORDCNT="84">
		<Name>Untitled Ad</Name>
		<Primitive ID="Ad0041300" BOX="289 810 481 1003" ELEMENT_TYPE="Content" SEQ_NO="1" TOC_ENTRY_ID="41" DEPTH_LEVEL="1" E="N"/>
		<Primitive ID="Ad0041301" BOX="289 810 481 1003" ELEMENT_TYPE="AdFrame" SEQ_NO="0" TOC_ENTRY_ID="41" DEPTH_LEVEL="1"/>
	</Entity>
	<Entity ENTITY_TYPE="Ad" FIRST_TOC_ENTRY_ID="35" INDEX_IN_DOC="38" DEPTH_LEVEL="1" ID="Ad00414" SIZE="Small" BOX="196 882 289 1003" NEXT_SECTION="" PREV_SECTION="1" IMAGES_RESOLUTION="144" TOTAL_CHARS_COUNT="0" SUSPICIOUS_CHARS_COUNT="0" WORDCNT="43">
		<Name>Untitled Ad</Name>
		<Primitive ID="Ad0041400" BOX="196 882 289 1003" ELEMENT_TYPE="Content" SEQ_NO="1" TOC_ENTRY_ID="35" DEPTH_LEVEL="1" E="N"/>
		<Primitive ID="Ad0041401" BOX="196 882 289 1003" ELEMENT_TYPE="AdFrame" SEQ_NO="0" TOC_ENTRY_ID="35" DEPTH_LEVEL="1"/>
	</Entity>
	<Entity ENTITY_TYPE="Ad" FIRST_TOC_ENTRY_ID="34" INDEX_IN_DOC="37" DEPTH_LEVEL="1" ID="Ad00415" SIZE="Small" BOX="196 753 289 882" NEXT_SECTION="" PREV_SECTION="1" IMAGES_RESOLUTION="144" TOTAL_CHARS_COUNT="0" SUSPICIOUS_CHARS_COUNT="0" WORDCNT="69">
		<Name>Untitled Ad</Name>
		<Primitive ID="Ad0041500" BOX="196 753 289 882" ELEMENT_TYPE="Content" SEQ_NO="1" TOC_ENTRY_ID="34" DEPTH_LEVEL="1" E="N"/>
		<Primitive ID="Ad0041501" BOX="196 753 289 882" ELEMENT_TYPE="AdFrame" SEQ_NO="0" TOC_ENTRY_ID="34" DEPTH_LEVEL="1"/>
	</Entity>
	<Entity ENTITY_TYPE="Ad" FIRST_TOC_ENTRY_ID="33" INDEX_IN_DOC="36" DEPTH_LEVEL="1" ID="Ad00416" SIZE="Small" BOX="196 562 289 753" NEXT_SECTION="" PREV_SECTION="1" IMAGES_RESOLUTION="144" TOTAL_CHARS_COUNT="0" SUSPICIOUS_CHARS_COUNT="0" WORDCNT="115">
		<Name>Untitled Ad</Name>
		<Primitive ID="Ad0041600" BOX="196 562 289 753" ELEMENT_TYPE="Content" SEQ_NO="1" TOC_ENTRY_ID="33" DEPTH_LEVEL="1" E="N"/>
		<Primitive ID="Ad0041601" BOX="196 562 289 753" ELEMENT_TYPE="AdFrame" SEQ_NO="0" TOC_ENTRY_ID="33" DEPTH_LEVEL="1"/>
	</Entity>
	<Entity ENTITY_TYPE="Ad" FIRST_TOC_ENTRY_ID="32" INDEX_IN_DOC="35" DEPTH_LEVEL="1" ID="Ad00417" SIZE="Small" BOX="196 272 289 562" NEXT_SECTION="" PREV_SECTION="1" IMAGES_RESOLUTION="144" TOTAL_CHARS_COUNT="0" SUSPICIOUS_CHARS_COUNT="0" WORDCNT="166">
		<Name>Untitled Ad</Name>
		<Primitive ID="Ad0041700" BOX="196 272 289 562" ELEMENT_TYPE="Content" SEQ_NO="1" TOC_ENTRY_ID="32" DEPTH_LEVEL="1" E="N"/>
		<Primitive ID="Ad0041701" BOX="196 272 289 562" ELEMENT_TYPE="AdFrame" SEQ_NO="0" TOC_ENTRY_ID="32" DEPTH_LEVEL="1"/>
	</Entity>
	<Entity ENTITY_TYPE="Ad" FIRST_TOC_ENTRY_ID="47" INDEX_IN_DOC="50" DEPTH_LEVEL="1" ID="Ad00418" SIZE="Small" BOX="576 395 765 697" NEXT_SECTION="" PREV_SECTION="1" IMAGES_RESOLUTION="144" TOTAL_CHARS_COUNT="0" SUSPICIOUS_CHARS_COUNT="0" WORDCNT="477">
		<Name>Untitled Ad</Name>
		<Primitive ID="Ad0041800" BOX="576 395 765 697" ELEMENT_TYPE="Content" SEQ_NO="1" TOC_ENTRY_ID="47" DEPTH_LEVEL="1" E="N"/>
		<Primitive ID="Ad0041801" BOX="576 395 765 697" ELEMENT_TYPE="AdFrame" SEQ_NO="0" TOC_ENTRY_ID="47" DEPTH_LEVEL="1"/>
	</Entity>
	<Entity ENTITY_TYPE="Ad" FIRST_TOC_ENTRY_ID="53" INDEX_IN_DOC="56" DEPTH_LEVEL="1" ID="Ad00419" SIZE="Small" BOX="576 697 770 805" NEXT_SECTION="" PREV_SECTION="1" IMAGES_RESOLUTION="144" TOTAL_CHARS_COUNT="0" SUSPICIOUS_CHARS_COUNT="0" WORDCNT="93">
		<Name>Untitled Ad</Name>
		<Primitive ID="Ad0041900" BOX="576 697 770 805" ELEMENT_TYPE="Content" SEQ_NO="1" TOC_ENTRY_ID="53" DEPTH_LEVEL="1" E="N"/>
		<Primitive ID="Ad0041901" BOX="576 697 770 805" ELEMENT_TYPE="AdFrame" SEQ_NO="0" TOC_ENTRY_ID="53" DEPTH_LEVEL="1"/>
	</Entity>
	<Entity ENTITY_TYPE="Ad" FIRST_TOC_ENTRY_ID="54" INDEX_IN_DOC="57" DEPTH_LEVEL="1" ID="Ad00420" SIZE="Small" BOX="576 805 673 923" NEXT_SECTION="" PREV_SECTION="1" IMAGES_RESOLUTION="144" TOTAL_CHARS_COUNT="0" SUSPICIOUS_CHARS_COUNT="0" WORDCNT="45">
		<Name>Untitled Ad</Name>
		<Primitive ID="Ad0042000" BOX="576 805 673 923" ELEMENT_TYPE="Content" SEQ_NO="1" TOC_ENTRY_ID="54" DEPTH_LEVEL="1" E="N"/>
		<Primitive ID="Ad0042001" BOX="576 805 673 923" ELEMENT_TYPE="AdFrame" SEQ_NO="0" TOC_ENTRY_ID="54" DEPTH_LEVEL="1"/>
	</Entity>
	<Entity ENTITY_TYPE="Ad" FIRST_TOC_ENTRY_ID="56" INDEX_IN_DOC="59" DEPTH_LEVEL="1" ID="Ad00421" SIZE="Small" BOX="673 805 770 923" NEXT_SECTION="" PREV_SECTION="1" IMAGES_RESOLUTION="144" TOTAL_CHARS_COUNT="0" SUSPICIOUS_CHARS_COUNT="0" WORDCNT="40">
		<Name>Untitled Ad</Name>
		<Primitive ID="Ad0042100" BOX="673 805 770 923" ELEMENT_TYPE="Content" SEQ_NO="1" TOC_ENTRY_ID="56" DEPTH_LEVEL="1" E="N"/>
		<Primitive ID="Ad0042101" BOX="673 805 770 923" ELEMENT_TYPE="AdFrame" SEQ_NO="0" TOC_ENTRY_ID="56" DEPTH_LEVEL="1"/>
	</Entity>
	<Entity ENTITY_TYPE="Ad" FIRST_TOC_ENTRY_ID="55" INDEX_IN_DOC="58" DEPTH_LEVEL="1" ID="Ad00422" SIZE="Small" BOX="576 923 673 1003" NEXT_SECTION="" PREV_SECTION="1" IMAGES_RESOLUTION="144" TOTAL_CHARS_COUNT="0" SUSPICIOUS_CHARS_COUNT="0" WORDCNT="38">
		<Name>Untitled Ad</Name>
		<Primitive ID="Ad0042200" BOX="576 923 673 1003" ELEMENT_TYPE="Content" SEQ_NO="1" TOC_ENTRY_ID="55" DEPTH_LEVEL="1" E="N"/>
		<Primitive ID="Ad0042201" BOX="576 923 673 1003" ELEMENT_TYPE="AdFrame" SEQ_NO="0" TOC_ENTRY_ID="55" DEPTH_LEVEL="1"/>
	</Entity>
	<Entity ENTITY_TYPE="Ad" FIRST_TOC_ENTRY_ID="57" INDEX_IN_DOC="60" DEPTH_LEVEL="1" ID="Ad00423" SIZE="Small" BOX="673 923 770 1003" NEXT_SECTION="" PREV_SECTION="1" IMAGES_RESOLUTION="144" TOTAL_CHARS_COUNT="0" SUSPICIOUS_CHARS_COUNT="0" WORDCNT="43">
		<Name>Untitled Ad</Name>
		<Primitive ID="Ad0042300" BOX="673 923 770 1003" ELEMENT_TYPE="Content" SEQ_NO="1" TOC_ENTRY_ID="57" DEPTH_LEVEL="1" E="N"/>
		<Primitive ID="Ad0042301" BOX="673 923 770 1003" ELEMENT_TYPE="AdFrame" SEQ_NO="0" TOC_ENTRY_ID="57" DEPTH_LEVEL="1"/>
	</Entity>
	<Entity ENTITY_TYPE="Ad" FIRST_TOC_ENTRY_ID="61" INDEX_IN_DOC="64" DEPTH_LEVEL="1" ID="Ad00424" SIZE="Small" BOX="770 823 865 1003" NEXT_SECTION="" PREV_SECTION="1" IMAGES_RESOLUTION="144" TOTAL_CHARS_COUNT="0" SUSPICIOUS_CHARS_COUNT="0" WORDCNT="96">
		<Name>Untitled Ad</Name>
		<Primitive ID="Ad0042400" BOX="770 823 865 1003" ELEMENT_TYPE="Content" SEQ_NO="1" TOC_ENTRY_ID="61" DEPTH_LEVEL="1" E="N"/>
		<Primitive ID="Ad0042401" BOX="770 823 865 1003" ELEMENT_TYPE="AdFrame" SEQ_NO="0" TOC_ENTRY_ID="61" DEPTH_LEVEL="1"/>
	</Entity>
	<Entity ENTITY_TYPE="Ad" FIRST_TOC_ENTRY_ID="60" INDEX_IN_DOC="63" DEPTH_LEVEL="1" ID="Ad00425" SIZE="Small" BOX="770 657 865 823" NEXT_SECTION="" PREV_SECTION="1" IMAGES_RESOLUTION="144" TOTAL_CHARS_COUNT="0" SUSPICIOUS_CHARS_COUNT="0" WORDCNT="50">
		<Name>Untitled Ad</Name>
		<Primitive ID="Ad0042500" BOX="770 657 865 823" ELEMENT_TYPE="Content" SEQ_NO="1" TOC_ENTRY_ID="60" DEPTH_LEVEL="1" E="N"/>
		<Primitive ID="Ad0042501" BOX="770 657 865 823" ELEMENT_TYPE="AdFrame" SEQ_NO="0" TOC_ENTRY_ID="60" DEPTH_LEVEL="1"/>
	</Entity>
	<Entity ENTITY_TYPE="Ad" FIRST_TOC_ENTRY_ID="62" INDEX_IN_DOC="65" DEPTH_LEVEL="1" ID="Ad00426" SIZE="Small" BOX="865 498 952 713" NEXT_SECTION="" PREV_SECTION="1" IMAGES_RESOLUTION="144" TOTAL_CHARS_COUNT="0" SUSPICIOUS_CHARS_COUNT="0" WORDCNT="131">
		<Name>Untitled Ad</Name>
		<Primitive ID="Ad0042600" BOX="865 498 952 713" ELEMENT_TYPE="Content" SEQ_NO="1" TOC_ENTRY_ID="62" DEPTH_LEVEL="1" E="N"/>
		<Primitive ID="Ad0042601" BOX="865 498 952 713" ELEMENT_TYPE="AdFrame" SEQ_NO="0" TOC_ENTRY_ID="62" DEPTH_LEVEL="1"/>
	</Entity>
	<Entity ENTITY_TYPE="Ad" FIRST_TOC_ENTRY_ID="63" INDEX_IN_DOC="66" DEPTH_LEVEL="1" ID="Ad00427" SIZE="Small" BOX="865 713 952 1003" NEXT_SECTION="" PREV_SECTION="1" IMAGES_RESOLUTION="144" TOTAL_CHARS_COUNT="0" SUSPICIOUS_CHARS_COUNT="0" WORDCNT="175">
		<Name>Untitled Ad</Name>
		<Primitive ID="Ad0042700" BOX="865 713 952 1003" ELEMENT_TYPE="Content" SEQ_NO="1" TOC_ENTRY_ID="63" DEPTH_LEVEL="1" E="N"/>
		<Primitive ID="Ad0042701" BOX="865 713 952 1003" ELEMENT_TYPE="AdFrame" SEQ_NO="0" TOC_ENTRY_ID="63" DEPTH_LEVEL="1"/>
	</Entity>
	<Entity ENTITY_TYPE="Ad" FIRST_TOC_ENTRY_ID="59" INDEX_IN_DOC="62" DEPTH_LEVEL="1" ID="Ad00428" SIZE="Small" BOX="859 300 952 498" NEXT_SECTION="" PREV_SECTION="1" IMAGES_RESOLUTION="144" TOTAL_CHARS_COUNT="0" SUSPICIOUS_CHARS_COUNT="0" WORDCNT="104">
		<Name>Untitled Ad</Name>
		<Primitive ID="Ad0042800" BOX="859 300 952 498" ELEMENT_TYPE="Content" SEQ_NO="1" TOC_ENTRY_ID="59" DEPTH_LEVEL="1" E="N"/>
		<Primitive ID="Ad0042801" BOX="859 300 952 498" ELEMENT_TYPE="AdFrame" SEQ_NO="0" TOC_ENTRY_ID="59" DEPTH_LEVEL="1"/>
	</Entity>
	<Entity ENTITY_TYPE="Article" FIRST_TOC_ENTRY_ID="29" INDEX_IN_DOC="32" DEPTH_LEVEL="1" ID="Ar00429" SIZE="Small" BOX="2 1003 170 1323" NEXT_SECTION="" PREV_SECTION="1" IMAGES_RESOLUTION="144" TOTAL_CHARS_COUNT="601" SUSPICIOUS_CHARS_COUNT="0" WORDCNT="305">
		<Name>Untitled Article</Name>
		<Primitive ID="Ar0042900" BOX="2 1003 170 1323" ELEMENT_TYPE="Content" SEQ_NO="0" TOC_ENTRY_ID="29" DEPTH_LEVEL="1"/>
	</Entity>
	<Entity ENTITY_TYPE="Ad" FIRST_TOC_ENTRY_ID="25" INDEX_IN_DOC="28" DEPTH_LEVEL="1" ID="Ad00430" SIZE="Small" BOX="2 542 196 729" NEXT_SECTION="" PREV_SECTION="1" IMAGES_RESOLUTION="144" TOTAL_CHARS_COUNT="0" SUSPICIOUS_CHARS_COUNT="0" WORDCNT="138">
		<Name>Untitled Ad</Name>
		<Primitive ID="Ad0043000" BOX="2 542 196 729" ELEMENT_TYPE="Content" SEQ_NO="1" TOC_ENTRY_ID="25" DEPTH_LEVEL="1" E="N"/>
		<Primitive ID="Ad0043001" BOX="2 542 196 729" ELEMENT_TYPE="AdFrame" SEQ_NO="0" TOC_ENTRY_ID="25" DEPTH_LEVEL="1"/>
	</Entity>
	<Entity ENTITY_TYPE="Ad" FIRST_TOC_ENTRY_ID="26" INDEX_IN_DOC="29" DEPTH_LEVEL="1" ID="Ad00431" SIZE="Small" BOX="2 729 196 848" NEXT_SECTION="" PREV_SECTION="1" IMAGES_RESOLUTION="144" TOTAL_CHARS_COUNT="0" SUSPICIOUS_CHARS_COUNT="0" WORDCNT="84">
		<Name>Untitled Ad</Name>
		<Primitive ID="Ad0043100" BOX="2 729 196 848" ELEMENT_TYPE="Content" SEQ_NO="1" TOC_ENTRY_ID="26" DEPTH_LEVEL="1" E="N"/>
		<Primitive ID="Ad0043101" BOX="2 729 196 848" ELEMENT_TYPE="AdFrame" SEQ_NO="0" TOC_ENTRY_ID="26" DEPTH_LEVEL="1"/>
	</Entity>
	<Entity ENTITY_TYPE="Ad" FIRST_TOC_ENTRY_ID="27" INDEX_IN_DOC="30" DEPTH_LEVEL="1" ID="Ad00432" SIZE="Small" BOX="2 848 196 957" NEXT_SECTION="" PREV_SECTION="1" IMAGES_RESOLUTION="144" TOTAL_CHARS_COUNT="0" SUSPICIOUS_CHARS_COUNT="0" WORDCNT="44">
		<Name>Untitled Ad</Name>
		<Primitive ID="Ad0043200" BOX="2 848 196 957" ELEMENT_TYPE="Content" SEQ_NO="1" TOC_ENTRY_ID="27" DEPTH_LEVEL="1" E="N"/>
		<Primitive ID="Ad0043201" BOX="2 848 196 957" ELEMENT_TYPE="AdFrame" SEQ_NO="0" TOC_ENTRY_ID="27" DEPTH_LEVEL="1"/>
	</Entity>
	<Entity ENTITY_TYPE="Ad" FIRST_TOC_ENTRY_ID="28" INDEX_IN_DOC="31" DEPTH_LEVEL="1" ID="Ad00433" SIZE="Small" BOX="2 957 196 1003" NEXT_SECTION="" PREV_SECTION="1" IMAGES_RESOLUTION="144" TOTAL_CHARS_COUNT="0" SUSPICIOUS_CHARS_COUNT="0" WORDCNT="48">
		<Name>Untitled Ad</Name>
		<Primitive ID="Ad0043300" BOX="2 957 196 1003" ELEMENT_TYPE="Content" SEQ_NO="1" TOC_ENTRY_ID="28" DEPTH_LEVEL="1" E="N"/>
		<Primitive ID="Ad0043301" BOX="2 957 196 1003" ELEMENT_TYPE="AdFrame" SEQ_NO="0" TOC_ENTRY_ID="28" DEPTH_LEVEL="1"/>
	</Entity>
	<Entity ENTITY_TYPE="Ad" FIRST_TOC_ENTRY_ID="24" INDEX_IN_DOC="27" DEPTH_LEVEL="1" ID="Ad00434" SIZE="Small" BOX="2 415 196 542" NEXT_SECTION="" PREV_SECTION="1" IMAGES_RESOLUTION="144" TOTAL_CHARS_COUNT="0" SUSPICIOUS_CHARS_COUNT="0" WORDCNT="102">
		<Name>Untitled Ad</Name>
		<Primitive ID="Ad0043400" BOX="2 415 196 542" ELEMENT_TYPE="Content" SEQ_NO="1" TOC_ENTRY_ID="24" DEPTH_LEVEL="1" E="N"/>
		<Primitive ID="Ad0043401" BOX="2 415 196 542" ELEMENT_TYPE="AdFrame" SEQ_NO="0" TOC_ENTRY_ID="24" DEPTH_LEVEL="1"/>
	</Entity>
	<Entity ENTITY_TYPE="Ad" FIRST_TOC_ENTRY_ID="23" INDEX_IN_DOC="26" DEPTH_LEVEL="1" ID="Ad00435" SIZE="Small" BOX="2 292 196 415" NEXT_SECTION="" PREV_SECTION="1" IMAGES_RESOLUTION="144" TOTAL_CHARS_COUNT="0" SUSPICIOUS_CHARS_COUNT="0" WORDCNT="92">
		<Name>Untitled Ad</Name>
		<Primitive ID="Ad0043500" BOX="2 292 196 415" ELEMENT_TYPE="Content" SEQ_NO="1" TOC_ENTRY_ID="23" DEPTH_LEVEL="1" E="N"/>
		<Primitive ID="Ad0043501" BOX="2 292 196 415" ELEMENT_TYPE="AdFrame" SEQ_NO="0" TOC_ENTRY_ID="23" DEPTH_LEVEL="1"/>
	</Entity>
	<Entity ENTITY_TYPE="Ad" FIRST_TOC_ENTRY_ID="52" INDEX_IN_DOC="55" DEPTH_LEVEL="1" ID="Ad00436" SIZE="Small" BOX="765 441 865 657" NEXT_SECTION="" PREV_SECTION="1" IMAGES_RESOLUTION="144" TOTAL_CHARS_COUNT="0" SUSPICIOUS_CHARS_COUNT="0" WORDCNT="101">
		<Name>Untitled Ad</Name>
		<Primitive ID="Ad0043600" BOX="765 441 865 657" ELEMENT_TYPE="Content" SEQ_NO="1" TOC_ENTRY_ID="52" DEPTH_LEVEL="1" E="N"/>
		<Primitive ID="Ad0043601" BOX="765 441 865 657" ELEMENT_TYPE="AdFrame" SEQ_NO="0" TOC_ENTRY_ID="52" DEPTH_LEVEL="1"/>
	</Entity>
	<Entity ENTITY_TYPE="Ad" FIRST_TOC_ENTRY_ID="51" INDEX_IN_DOC="54" DEPTH_LEVEL="1" ID="Ad00437" SIZE="Small" BOX="765 264 859 441" NEXT_SECTION="" PREV_SECTION="1" IMAGES_RESOLUTION="144" TOTAL_CHARS_COUNT="0" SUSPICIOUS_CHARS_COUNT="0" WORDCNT="95">
		<Name>Untitled Ad</Name>
		<Primitive ID="Ad0043700" BOX="765 264 859 441" ELEMENT_TYPE="Content" SEQ_NO="1" TOC_ENTRY_ID="51" DEPTH_LEVEL="1" E="N"/>
		<Primitive ID="Ad0043701" BOX="765 264 859 441" ELEMENT_TYPE="AdFrame" SEQ_NO="0" TOC_ENTRY_ID="51" DEPTH_LEVEL="1"/>
	</Entity>
	<Entity ENTITY_TYPE="Article" FIRST_TOC_ENTRY_ID="42" INDEX_IN_DOC="45" DEPTH_LEVEL="1" ID="Ar00438" SIZE="Small" BOX="170 1003 327 1323" NEXT_SECTION="" PREV_SECTION="1" IMAGES_RESOLUTION="144" TOTAL_CHARS_COUNT="941" SUSPICIOUS_CHARS_COUNT="0" WORDCNT="324">
		<Name>Untitled Article</Name>
		<Primitive ID="Ar0043800" BOX="170 1003 327 1323" ELEMENT_TYPE="Content" SEQ_NO="0" TOC_ENTRY_ID="42" DEPTH_LEVEL="1"/>
	</Entity>
	<Entity ENTITY_TYPE="Ad" FIRST_TOC_ENTRY_ID="64" INDEX_IN_DOC="67" DEPTH_LEVEL="1" ID="Ad00439" SIZE="Small" BOX="768 1003 957 1323" NEXT_SECTION="" PREV_SECTION="1" IMAGES_RESOLUTION="144" TOTAL_CHARS_COUNT="0" SUSPICIOUS_CHARS_COUNT="0" WORDCNT="1175">
		<Name>Untitled Ad</Name>
		<Primitive ID="Ad0043900" BOX="768 1003 957 1323" ELEMENT_TYPE="Content" SEQ_NO="1" TOC_ENTRY_ID="64" DEPTH_LEVEL="1" E="N"/>
		<Primitive ID="Ad0043901" BOX="768 1003 957 1323" ELEMENT_TYPE="AdFrame" SEQ_NO="0" TOC_ENTRY_ID="64" DEPTH_LEVEL="1"/>
	</Entity>
	<Entity ENTITY_TYPE="Ad" FIRST_TOC_ENTRY_ID="49" INDEX_IN_DOC="52" DEPTH_LEVEL="1" ID="Ad00440" SIZE="Small" BOX="673 1003 768 1323" NEXT_SECTION="" PREV_SECTION="1" IMAGES_RESOLUTION="144" TOTAL_CHARS_COUNT="0" SUSPICIOUS_CHARS_COUNT="0" WORDCNT="173">
		<Name>Untitled Ad</Name>
		<Primitive ID="Ad0044000" BOX="673 1003 768 1323" ELEMENT_TYPE="Content" SEQ_NO="1" TOC_ENTRY_ID="49" DEPTH_LEVEL="1" E="N"/>
		<Primitive ID="Ad0044001" BOX="673 1003 768 1323" ELEMENT_TYPE="AdFrame" SEQ_NO="0" TOC_ENTRY_ID="49" DEPTH_LEVEL="1"/>
	</Entity>
	<Entity ENTITY_TYPE="Ad" FIRST_TOC_ENTRY_ID="48" INDEX_IN_DOC="51" DEPTH_LEVEL="1" ID="Ad00441" SIZE="Small" BOX="481 1003 673 1323" NEXT_SECTION="" PREV_SECTION="1" IMAGES_RESOLUTION="144" TOTAL_CHARS_COUNT="0" SUSPICIOUS_CHARS_COUNT="0" WORDCNT="1054">
		<Name>Untitled Ad</Name>
		<Primitive ID="Ad0044100" BOX="481 1003 673 1323" ELEMENT_TYPE="Content" SEQ_NO="1" TOC_ENTRY_ID="48" DEPTH_LEVEL="1" E="N"/>
		<Primitive ID="Ad0044101" BOX="481 1003 673 1323" ELEMENT_TYPE="AdFrame" SEQ_NO="0" TOC_ENTRY_ID="48" DEPTH_LEVEL="1"/>
	</Entity>
	<Entity ENTITY_TYPE="Ad" FIRST_TOC_ENTRY_ID="43" INDEX_IN_DOC="46" DEPTH_LEVEL="1" ID="Ad00442" SIZE="Small" BOX="327 1003 481 1213" NEXT_SECTION="" PREV_SECTION="1" IMAGES_RESOLUTION="144" TOTAL_CHARS_COUNT="0" SUSPICIOUS_CHARS_COUNT="0" WORDCNT="202">
		<Name>Untitled Ad</Name>
		<Primitive ID="Ad0044200" BOX="327 1003 481 1213" ELEMENT_TYPE="Content" SEQ_NO="1" TOC_ENTRY_ID="43" DEPTH_LEVEL="1" E="N"/>
		<Primitive ID="Ad0044201" BOX="327 1003 481 1213" ELEMENT_TYPE="AdFrame" SEQ_NO="0" TOC_ENTRY_ID="43" DEPTH_LEVEL="1"/>
	</Entity>
	<Entity ENTITY_TYPE="Ad" FIRST_TOC_ENTRY_ID="44" INDEX_IN_DOC="47" DEPTH_LEVEL="1" ID="Ad00443" SIZE="Small" BOX="327 1213 481 1323" NEXT_SECTION="" PREV_SECTION="1" IMAGES_RESOLUTION="144" TOTAL_CHARS_COUNT="0" SUSPICIOUS_CHARS_COUNT="0" WORDCNT="193">
		<Name>Untitled Ad</Name>
		<Primitive ID="Ad0044300" BOX="327 1213 481 1323" ELEMENT_TYPE="Content" SEQ_NO="1" TOC_ENTRY_ID="44" DEPTH_LEVEL="1" E="N"/>
		<Primitive ID="Ad0044301" BOX="327 1213 481 1323" ELEMENT_TYPE="AdFrame" SEQ_NO="0" TOC_ENTRY_ID="44" DEPTH_LEVEL="1"/>
	</Entity>
</XMD-PAGE>
