<?xml version="1.0" encoding="windows-1252" standalone="no"?>
<XMD-PAGE REPOSITORY_FORMAT="1.0" PRXML_VER="2.2">
	<Meta ISSUE_DATE="03/03/2012" RELEASE_NO="113-IMP-2012-03-03-0001" PAGE_NO="14" NAME="" PAGE_LABEL="14" PAGE_TYPE="Single" PUBLISHER="Olive" PUBLICATION="IMP" SOURCE_TYPE="TIFF" SOURCE_RESOLUTION="72" IMAGES_RESOLUTION="144" PAGE_THUMBNAIL_RESOLUTION="72" PAGE_PREVIEW_RESOLUTION="15" DEFAULT_IMG_EXT="png" IMG_EXT="png" PREVIEW_IMG_EXT="png" XMD_VER="2.6.241.4" PROFILE_ID="W:\Batch\Profile\IMP-2012-03-03.ini" SECTION="Front Page" PAGE_WIDTH="879" PAGE_HEIGHT="1304" PAGES_NUMBER="36" BASE_HREF="IMP/2012/03/03" PDF_DESTINATION_MAPPED="OLV0_Page_0014" TOTAL_CHARS_COUNT="7439" SUSPICIOUS_CHARS_COUNT="0">
		<Resolutions>
			<Resolution DEFAULT="true">72</Resolution>
			<Resolution>120</Resolution>
			<Resolution>144</Resolution>
		</Resolutions>
		<Links>
			<Lnk TYPE="URL" LNK_ID="LNK_14_0">
				<Target>WtheJournal.com</Target>
			</Lnk>
			<Lnk TYPE="URL" LNK_ID="LNK_14_1">
				<Target>ithaka-�me.com</Target>
			</Lnk>
			<Lnk TYPE="URL" LNK_ID="LNK_14_2">
				<Target>www.viteos.ch</Target>
			</Lnk>
			<Lnk TYPE="EML" LNK_ID="LNK_14_3">
				<Target>clientele@limpartial.ch</Target>
			</Lnk>
			<Lnk TYPE="EML" LNK_ID="LNK_14_4">
				<Target>rh@ulysse-nardin.ch</Target>
			</Lnk>
			<Lnk TYPE="EML" LNK_ID="LNK_14_5">
				<Target>carnet@limpartial.ch</Target>
			</Lnk>
			<Sources>
				<Box LNK_ID="LNK_14_0">178 98 233 105</Box>
				<Box LNK_ID="LNK_14_1">61 420 114 428</Box>
				<Box LNK_ID="LNK_14_2">696 564 762 574</Box>
				<Box LNK_ID="LNK_14_3">424 939 499 949</Box>
				<Box LNK_ID="LNK_14_4">63 1207 127 1215</Box>
				<Box LNK_ID="LNK_14_5">368 1244 453 1254</Box>
			</Sources>
		</Links>
	</Meta>
	<Link SOURCE="113-IMP-2012-03-03-0001.pdf" NEXT_SECTION="" PREV_SECTION=""/>
	<DataFiles>
		<Files TYPE="DOC_PDF" PRESENT="1"/>
		<Files TYPE="PAGE_PDF" PRESENT="0"/>
		<Files TYPE="DOC_IMG" PRESENT="0"/>
		<Files TYPE="PAGE_IMG" PRESENT="0"/>
		<Files TYPE="PAGE_VIEW_IMG" PRESENT="1"/>
		<Files TYPE="PAGE_PREVIEW_IMG" PRESENT="1"/>
		<Files TYPE="PRIMITIVE_IMG" PRESENT="1"/>
		<Files TYPE="SNIPPET_IMG" PRESENT="1"/>
		<Files TYPE="SEGMENTATION" PRESENT="0"/>
	</DataFiles>
	<Entity ENTITY_TYPE="Ad" FIRST_TOC_ENTRY_ID="99" INDEX_IN_DOC="99" DEPTH_LEVEL="1" ID="Ad01400" SIZE="Large" BOX="31 31 356 500" NEXT_SECTION="" PREV_SECTION="" IMAGES_RESOLUTION="144" TOTAL_CHARS_COUNT="2230" SUSPICIOUS_CHARS_COUNT="0" WORDCNT="1163">
		<Name>Untitled Ad</Name>
		<Primitive ID="Ad0140000" BOX="41 39 344 438" ELEMENT_TYPE="Content" SEQ_NO="1" TOC_ENTRY_ID="99" DEPTH_LEVEL="1" I_RES="130"/>
		<Primitive ID="Ad0140001" BOX="31 31 356 500" ELEMENT_TYPE="Content" SEQ_NO="2" TOC_ENTRY_ID="99" DEPTH_LEVEL="1" E="N"/>
		<Primitive ID="Ad0140002" BOX="31 31 356 500" ELEMENT_TYPE="AdFrame" SEQ_NO="0" TOC_ENTRY_ID="99" DEPTH_LEVEL="1" I_RES="88"/>
	</Entity>
	<Entity ENTITY_TYPE="Ad" FIRST_TOC_ENTRY_ID="105" INDEX_IN_DOC="105" DEPTH_LEVEL="1" ID="Ad01401" SIZE="Large" BOX="523 31 844 647" NEXT_SECTION="" PREV_SECTION="" IMAGES_RESOLUTION="144" TOTAL_CHARS_COUNT="1231" SUSPICIOUS_CHARS_COUNT="0" WORDCNT="616">
		<Name>Untitled Ad</Name>
		<Primitive ID="Ad0140100" BOX="678 35 839 101" ELEMENT_TYPE="Content" SEQ_NO="1" TOC_ENTRY_ID="105" DEPTH_LEVEL="1"/>
		<Primitive ID="Ad0140101" BOX="552 119 707 147" ELEMENT_TYPE="Content" SEQ_NO="2" TOC_ENTRY_ID="105" DEPTH_LEVEL="1" I_RES="130"/>
		<Primitive ID="Ad0140102" BOX="552 170 829 198" ELEMENT_TYPE="Content" SEQ_NO="3" TOC_ENTRY_ID="105" DEPTH_LEVEL="1" I_RES="130"/>
		<Primitive ID="Ad0140103" BOX="552 221 823 249" ELEMENT_TYPE="Content" SEQ_NO="4" TOC_ENTRY_ID="105" DEPTH_LEVEL="1" I_RES="130"/>
		<Primitive ID="Ad0140104" BOX="552 272 795 300" ELEMENT_TYPE="Content" SEQ_NO="5" TOC_ENTRY_ID="105" DEPTH_LEVEL="1" I_RES="130"/>
		<Primitive ID="Ad0140105" BOX="552 323 807 351" ELEMENT_TYPE="Content" SEQ_NO="6" TOC_ENTRY_ID="105" DEPTH_LEVEL="1" I_RES="130"/>
		<Primitive ID="Ad0140106" BOX="552 373 810 401" ELEMENT_TYPE="Content" SEQ_NO="7" TOC_ENTRY_ID="105" DEPTH_LEVEL="1" I_RES="130"/>
		<Primitive ID="Ad0140107" BOX="552 425 818 453" ELEMENT_TYPE="Content" SEQ_NO="8" TOC_ENTRY_ID="105" DEPTH_LEVEL="1" I_RES="130"/>
		<Primitive ID="Ad0140108" BOX="552 476 814 491" ELEMENT_TYPE="Content" SEQ_NO="9" TOC_ENTRY_ID="105" DEPTH_LEVEL="1" I_RES="88"/>
		<Primitive ID="Ad0140109" BOX="552 519 799 534" ELEMENT_TYPE="Content" SEQ_NO="10" TOC_ENTRY_ID="105" DEPTH_LEVEL="1" I_RES="88"/>
		<Primitive ID="Ad0140110" BOX="531 562 837 574" ELEMENT_TYPE="Content" SEQ_NO="11" TOC_ENTRY_ID="105" DEPTH_LEVEL="1" I_RES="130"/>
		<Primitive ID="Ad0140111" BOX="531 587 817 616" ELEMENT_TYPE="Content" SEQ_NO="12" TOC_ENTRY_ID="105" DEPTH_LEVEL="1" I_RES="130"/>
		<Primitive ID="Ad0140112" BOX="523 31 844 647" ELEMENT_TYPE="Content" SEQ_NO="13" TOC_ENTRY_ID="105" DEPTH_LEVEL="1" E="N"/>
		<Primitive ID="Ad0140113" BOX="523 31 844 647" ELEMENT_TYPE="AdFrame" SEQ_NO="0" TOC_ENTRY_ID="105" DEPTH_LEVEL="1" I_RES="67"/>
	</Entity>
	<Entity ENTITY_TYPE="Ad" FIRST_TOC_ENTRY_ID="102" INDEX_IN_DOC="102" DEPTH_LEVEL="1" ID="Ad01402" SIZE="Small" BOX="356 179 523 383" NEXT_SECTION="" PREV_SECTION="" IMAGES_RESOLUTION="144" TOTAL_CHARS_COUNT="208" SUSPICIOUS_CHARS_COUNT="0" WORDCNT="87">
		<Name>Untitled Ad</Name>
		<Primitive ID="Ad0140200" BOX="370 218 509 334" ELEMENT_TYPE="Content" SEQ_NO="1" TOC_ENTRY_ID="102" DEPTH_LEVEL="1" E="N"/>
		<Primitive ID="Ad0140201" BOX="356 179 523 383" ELEMENT_TYPE="Content" SEQ_NO="2" TOC_ENTRY_ID="102" DEPTH_LEVEL="1" E="N"/>
		<Primitive ID="Ad0140202" BOX="356 179 523 383" ELEMENT_TYPE="AdFrame" SEQ_NO="0" TOC_ENTRY_ID="102" DEPTH_LEVEL="1"/>
	</Entity>
	<Entity ENTITY_TYPE="Ad" FIRST_TOC_ENTRY_ID="103" INDEX_IN_DOC="103" DEPTH_LEVEL="1" ID="Ad01403" SIZE="Small" BOX="356 383 523 647" NEXT_SECTION="" PREV_SECTION="" IMAGES_RESOLUTION="144" TOTAL_CHARS_COUNT="544" SUSPICIOUS_CHARS_COUNT="0" WORDCNT="299">
		<Name>Untitled Ad</Name>
		<Primitive ID="Ad0140300" BOX="367 474 511 616" ELEMENT_TYPE="Content" SEQ_NO="1" TOC_ENTRY_ID="103" DEPTH_LEVEL="1" E="N"/>
		<Primitive ID="Ad0140301" BOX="356 383 523 647" ELEMENT_TYPE="Content" SEQ_NO="2" TOC_ENTRY_ID="103" DEPTH_LEVEL="1" E="N"/>
		<Primitive ID="Ad0140302" BOX="356 383 523 647" ELEMENT_TYPE="AdFrame" SEQ_NO="0" TOC_ENTRY_ID="103" DEPTH_LEVEL="1"/>
	</Entity>
	<Entity ENTITY_TYPE="Ad" FIRST_TOC_ENTRY_ID="100" INDEX_IN_DOC="100" DEPTH_LEVEL="1" ID="Ad01404" SIZE="XLarge" BOX="31 500 356 1270" NEXT_SECTION="" PREV_SECTION="" IMAGES_RESOLUTION="144" TOTAL_CHARS_COUNT="2413" SUSPICIOUS_CHARS_COUNT="0" WORDCNT="975">
		<Name>Untitled Ad</Name>
		<Primitive ID="Ad0140400" BOX="52 665 333 736" ELEMENT_TYPE="Content" SEQ_NO="1" TOC_ENTRY_ID="100" DEPTH_LEVEL="1" I_RES="130"/>
		<Primitive ID="Ad0140401" BOX="106 753 323 789" ELEMENT_TYPE="Content" SEQ_NO="2" TOC_ENTRY_ID="100" DEPTH_LEVEL="1" I_RES="66"/>
		<Primitive ID="Ad0140402" BOX="52 808 333 889" ELEMENT_TYPE="Content" SEQ_NO="3" TOC_ENTRY_ID="100" DEPTH_LEVEL="1" I_RES="130"/>
		<Primitive ID="Ad0140403" BOX="52 902 333 1005" ELEMENT_TYPE="Content" SEQ_NO="4" TOC_ENTRY_ID="100" DEPTH_LEVEL="1" I_RES="130"/>
		<Primitive ID="Ad0140404" BOX="52 1018 333 1078" ELEMENT_TYPE="Content" SEQ_NO="5" TOC_ENTRY_ID="100" DEPTH_LEVEL="1" I_RES="130"/>
		<Primitive ID="Ad0140405" BOX="52 1130 131 1157" ELEMENT_TYPE="Content" SEQ_NO="6" TOC_ENTRY_ID="100" DEPTH_LEVEL="1" I_RES="130"/>
		<Primitive ID="Ad0140406" BOX="52 1168 127 1215" ELEMENT_TYPE="Content" SEQ_NO="7" TOC_ENTRY_ID="100" DEPTH_LEVEL="1" I_RES="130"/>
		<Primitive ID="Ad0140407" BOX="31 500 356 1270" ELEMENT_TYPE="Content" SEQ_NO="8" TOC_ENTRY_ID="100" DEPTH_LEVEL="1" E="N"/>
		<Primitive ID="Ad0140408" BOX="31 500 356 1270" ELEMENT_TYPE="AdFrame" SEQ_NO="0" TOC_ENTRY_ID="100" DEPTH_LEVEL="1" I_RES="53"/>
	</Entity>
	<Entity ENTITY_TYPE="Ad" FIRST_TOC_ENTRY_ID="104" INDEX_IN_DOC="104" DEPTH_LEVEL="1" ID="Ad01405" SIZE="Medium" BOX="356 647 519 1270" NEXT_SECTION="" PREV_SECTION="" IMAGES_RESOLUTION="144" TOTAL_CHARS_COUNT="813" SUSPICIOUS_CHARS_COUNT="0" WORDCNT="486">
		<Name>Untitled Ad</Name>
		<Primitive ID="Ad0140500" BOX="391 730 491 787" ELEMENT_TYPE="Content" SEQ_NO="1" TOC_ENTRY_ID="104" DEPTH_LEVEL="1" I_RES="130"/>
		<Primitive ID="Ad0140501" BOX="368 807 455 854" ELEMENT_TYPE="Content" SEQ_NO="2" TOC_ENTRY_ID="104" DEPTH_LEVEL="1" I_RES="130"/>
		<Primitive ID="Ad0140502" BOX="368 858 512 879" ELEMENT_TYPE="Content" SEQ_NO="3" TOC_ENTRY_ID="104" DEPTH_LEVEL="1" I_RES="130"/>
		<Primitive ID="Ad0140503" BOX="368 902 510 993" ELEMENT_TYPE="Content" SEQ_NO="4" TOC_ENTRY_ID="104" DEPTH_LEVEL="1" I_RES="130"/>
		<Primitive ID="Ad0140504" BOX="368 1011 513 1254" ELEMENT_TYPE="Content" SEQ_NO="5" TOC_ENTRY_ID="104" DEPTH_LEVEL="1" I_RES="130"/>
		<Primitive ID="Ad0140505" BOX="356 647 519 1270" ELEMENT_TYPE="Content" SEQ_NO="6" TOC_ENTRY_ID="104" DEPTH_LEVEL="1" E="N"/>
		<Primitive ID="Ad0140506" BOX="356 647 519 1270" ELEMENT_TYPE="AdFrame" SEQ_NO="0" TOC_ENTRY_ID="104" DEPTH_LEVEL="1" I_RES="66"/>
	</Entity>
	<Entity ENTITY_TYPE="Ad" FIRST_TOC_ENTRY_ID="101" INDEX_IN_DOC="101" DEPTH_LEVEL="1" ID="Ad01406" SIZE="Small" BOX="356 31 523 179" NEXT_SECTION="" PREV_SECTION="" IMAGES_RESOLUTION="144" TOTAL_CHARS_COUNT="0" SUSPICIOUS_CHARS_COUNT="0" WORDCNT="33">
		<Name>Untitled Ad</Name>
		<Primitive ID="Ad0140600" BOX="356 31 523 179" ELEMENT_TYPE="Content" SEQ_NO="1" TOC_ENTRY_ID="101" DEPTH_LEVEL="1" E="N"/>
		<Primitive ID="Ad0140601" BOX="356 31 523 179" ELEMENT_TYPE="AdFrame" SEQ_NO="0" TOC_ENTRY_ID="101" DEPTH_LEVEL="1" I_RES="130"/>
	</Entity>
	<Entity ENTITY_TYPE="Ad" FIRST_TOC_ENTRY_ID="106" INDEX_IN_DOC="106" DEPTH_LEVEL="1" ID="Ad01407" SIZE="Large" BOX="521 647 844 1270" NEXT_SECTION="" PREV_SECTION="" IMAGES_RESOLUTION="144" TOTAL_CHARS_COUNT="0" SUSPICIOUS_CHARS_COUNT="0" WORDCNT="441">
		<Name>Untitled Ad</Name>
		<Primitive ID="Ad0140700" BOX="521 647 844 1270" ELEMENT_TYPE="Content" SEQ_NO="1" TOC_ENTRY_ID="106" DEPTH_LEVEL="1" E="N"/>
		<Primitive ID="Ad0140701" BOX="521 647 844 1270" ELEMENT_TYPE="AdFrame" SEQ_NO="0" TOC_ENTRY_ID="106" DEPTH_LEVEL="1" I_RES="130"/>
	</Entity>
</XMD-PAGE>