<?xml version="1.0" encoding="windows-1252" standalone="no"?>
<XMD-PAGE REPOSITORY_FORMAT="1.0" PRXML_VER="2.2">
	<Meta ISSUE_DATE="03/03/2012" RELEASE_NO="113-IMP-2012-03-03-0001" PAGE_NO="13" NAME="" PAGE_LABEL="13" PAGE_TYPE="Single" PUBLISHER="Olive" PUBLICATION="IMP" SOURCE_TYPE="TIFF" SOURCE_RESOLUTION="72" IMAGES_RESOLUTION="144" PAGE_THUMBNAIL_RESOLUTION="72" PAGE_PREVIEW_RESOLUTION="15" DEFAULT_IMG_EXT="png" IMG_EXT="png" PREVIEW_IMG_EXT="png" XMD_VER="2.6.241.4" PROFILE_ID="W:\Batch\Profile\IMP-2012-03-03.ini" SECTION="Front Page" PAGE_WIDTH="879" PAGE_HEIGHT="1304" PAGES_NUMBER="36" BASE_HREF="IMP/2012/03/03" PDF_DESTINATION_MAPPED="OLV0_Page_0013" TOTAL_CHARS_COUNT="9050" SUSPICIOUS_CHARS_COUNT="0">
		<Resolutions>
			<Resolution DEFAULT="true">72</Resolution>
			<Resolution>120</Resolution>
			<Resolution>144</Resolution>
		</Resolutions>
		<Links>
			<Lnk TYPE="EML" LNK_ID="LNK_13_0">
				<Target>rayotimesa@bluewin.ch</Target>
			</Lnk>
			<Lnk TYPE="EML" LNK_ID="LNK_13_1">
				<Target>recrutement.droit@unine.ch</Target>
			</Lnk>
			<Lnk TYPE="URL" LNK_ID="LNK_13_2">
				<Target>www.jura.ch/</Target>
			</Lnk>
			<Lnk TYPE="EML" LNK_ID="LNK_13_3">
				<Target>andre.kuhn@unine.ch</Target>
			</Lnk>
			<Lnk TYPE="URL" LNK_ID="LNK_13_4">
				<Target>http://www.unine.ch/droit</Target>
			</Lnk>
			<Lnk TYPE="EML" LNK_ID="LNK_13_5">
				<Target>rh@montre-hermes.ch</Target>
			</Lnk>
			<Lnk TYPE="EML" LNK_ID="LNK_13_6">
				<Target>recrutement.droit@unine.ch</Target>
			</Lnk>
			<Lnk TYPE="URL" LNK_ID="LNK_13_7">
				<Target>www.ne.ch/OffresEmploi</Target>
			</Lnk>
			<Lnk TYPE="EML" LNK_ID="LNK_13_8">
				<Target>robert.danon@unine.ch</Target>
			</Lnk>
			<Lnk TYPE="URL" LNK_ID="LNK_13_9">
				<Target>http://www.unine.ch/droit</Target>
			</Lnk>
			<Lnk TYPE="URL" LNK_ID="LNK_13_10">
				<Target>www.ventura-sa.com</Target>
			</Lnk>
			<Sources>
				<Box LNK_ID="LNK_13_0">39 290 101 299</Box>
				<Box LNK_ID="LNK_13_1">287 481 397 490</Box>
				<Box LNK_ID="LNK_13_2">204 548 256 555</Box>
				<Box LNK_ID="LNK_13_3">426 636 511 645</Box>
				<Box LNK_ID="LNK_13_4">339 647 439 655</Box>
				<Box LNK_ID="LNK_13_5">663 823 758 828</Box>
				<Box LNK_ID="LNK_13_6">40 1064 151 1073</Box>
				<Box LNK_ID="LNK_13_7">284 1162 432 1175</Box>
				<Box LNK_ID="LNK_13_8">40 1219 133 1228</Box>
				<Box LNK_ID="LNK_13_9">40 1230 142 1239</Box>
				<Box LNK_ID="LNK_13_10">671 1256 760 1264</Box>
			</Sources>
		</Links>
	</Meta>
	<Link SOURCE="113-IMP-2012-03-03-0001.pdf" NEXT_SECTION="" PREV_SECTION=""/>
	<DataFiles>
		<Files TYPE="DOC_PDF" PRESENT="1"/>
		<Files TYPE="PAGE_PDF" PRESENT="0"/>
		<Files TYPE="DOC_IMG" PRESENT="0"/>
		<Files TYPE="PAGE_IMG" PRESENT="0"/>
		<Files TYPE="PAGE_VIEW_IMG" PRESENT="1"/>
		<Files TYPE="PAGE_PREVIEW_IMG" PRESENT="1"/>
		<Files TYPE="PRIMITIVE_IMG" PRESENT="1"/>
		<Files TYPE="SNIPPET_IMG" PRESENT="1"/>
		<Files TYPE="SEGMENTATION" PRESENT="0"/>
	</DataFiles>
	<Entity ENTITY_TYPE="Ad" FIRST_TOC_ENTRY_ID="91" INDEX_IN_DOC="91" DEPTH_LEVEL="1" ID="Ad01300" SIZE="Medium" BOX="27 27 275 317" NEXT_SECTION="" PREV_SECTION="" IMAGES_RESOLUTION="144" TOTAL_CHARS_COUNT="600" SUSPICIOUS_CHARS_COUNT="0" WORDCNT="261">
		<Name>Untitled Ad</Name>
		<Primitive ID="Ad0130000" BOX="33 39 105 50" ELEMENT_TYPE="Content" SEQ_NO="1" TOC_ENTRY_ID="91" DEPTH_LEVEL="1" E="N"/>
		<Primitive ID="Ad0130001" BOX="39 256 101 299" ELEMENT_TYPE="Content" SEQ_NO="2" TOC_ENTRY_ID="91" DEPTH_LEVEL="1" E="N"/>
		<Primitive ID="Ad0130002" BOX="110 85 263 161" ELEMENT_TYPE="Content" SEQ_NO="3" TOC_ENTRY_ID="91" DEPTH_LEVEL="1" E="N"/>
		<Primitive ID="Ad0130003" BOX="110 170 263 299" ELEMENT_TYPE="Content" SEQ_NO="4" TOC_ENTRY_ID="91" DEPTH_LEVEL="1" E="N"/>
		<Primitive ID="Ad0130004" BOX="27 27 275 317" ELEMENT_TYPE="Content" SEQ_NO="5" TOC_ENTRY_ID="91" DEPTH_LEVEL="1" E="N"/>
		<Primitive ID="Ad0130005" BOX="27 27 275 317" ELEMENT_TYPE="AdFrame" SEQ_NO="0" TOC_ENTRY_ID="91" DEPTH_LEVEL="1" I_RES="143"/>
	</Entity>
	<Entity ENTITY_TYPE="Ad" FIRST_TOC_ENTRY_ID="94" INDEX_IN_DOC="94" DEPTH_LEVEL="1" ID="Ad01301" SIZE="Large" BOX="275 128 519 713" NEXT_SECTION="" PREV_SECTION="" IMAGES_RESOLUTION="144" TOTAL_CHARS_COUNT="1785" SUSPICIOUS_CHARS_COUNT="0" WORDCNT="775">
		<Name>Untitled Ad</Name>
		<Primitive ID="Ad0130100" BOX="287 165 328 179" ELEMENT_TYPE="Content" SEQ_NO="1" TOC_ENTRY_ID="94" DEPTH_LEVEL="1"/>
		<Primitive ID="Ad0130101" BOX="287 188 510 238" ELEMENT_TYPE="Content" SEQ_NO="2" TOC_ENTRY_ID="94" DEPTH_LEVEL="1" I_RES="130"/>
		<Primitive ID="Ad0130102" BOX="287 247 511 681" ELEMENT_TYPE="Content" SEQ_NO="3" TOC_ENTRY_ID="94" DEPTH_LEVEL="1"/>
		<Primitive ID="Ad0130103" BOX="275 128 519 713" ELEMENT_TYPE="Content" SEQ_NO="4" TOC_ENTRY_ID="94" DEPTH_LEVEL="1" E="N"/>
		<Primitive ID="Ad0130104" BOX="275 128 519 713" ELEMENT_TYPE="AdFrame" SEQ_NO="0" TOC_ENTRY_ID="94" DEPTH_LEVEL="1" I_RES="70"/>
	</Entity>
	<Entity ENTITY_TYPE="Ad" FIRST_TOC_ENTRY_ID="92" INDEX_IN_DOC="92" DEPTH_LEVEL="1" ID="Ad01302" SIZE="Medium" BOX="27 317 275 615" NEXT_SECTION="" PREV_SECTION="" IMAGES_RESOLUTION="144" TOTAL_CHARS_COUNT="607" SUSPICIOUS_CHARS_COUNT="0" WORDCNT="265">
		<Name>Untitled Ad</Name>
		<Primitive ID="Ad0130200" BOX="46 374 256 587" ELEMENT_TYPE="Content" SEQ_NO="1" TOC_ENTRY_ID="92" DEPTH_LEVEL="1" E="N"/>
		<Primitive ID="Ad0130201" BOX="27 317 275 615" ELEMENT_TYPE="Content" SEQ_NO="2" TOC_ENTRY_ID="92" DEPTH_LEVEL="1" E="N"/>
		<Primitive ID="Ad0130202" BOX="27 317 275 615" ELEMENT_TYPE="AdFrame" SEQ_NO="0" TOC_ENTRY_ID="92" DEPTH_LEVEL="1" I_RES="139"/>
	</Entity>
	<Entity ENTITY_TYPE="Ad" FIRST_TOC_ENTRY_ID="97" INDEX_IN_DOC="97" DEPTH_LEVEL="1" ID="Ad01303" SIZE="Large" BOX="519 424 848 860" NEXT_SECTION="" PREV_SECTION="" IMAGES_RESOLUTION="144" TOTAL_CHARS_COUNT="1175" SUSPICIOUS_CHARS_COUNT="0" WORDCNT="525">
		<Name>Untitled Ad</Name>
		<Primitive ID="Ad0130300" BOX="613 506 757 511" ELEMENT_TYPE="Content" SEQ_NO="1" TOC_ENTRY_ID="97" DEPTH_LEVEL="1" E="N"/>
		<Primitive ID="Ad0130301" BOX="534 525 833 566" ELEMENT_TYPE="Content" SEQ_NO="2" TOC_ENTRY_ID="97" DEPTH_LEVEL="1" I_RES="130"/>
		<Primitive ID="Ad0130302" BOX="598 582 777 588" ELEMENT_TYPE="Content" SEQ_NO="3" TOC_ENTRY_ID="97" DEPTH_LEVEL="1" E="N"/>
		<Primitive ID="Ad0130303" BOX="534 603 837 828" ELEMENT_TYPE="Content" SEQ_NO="4" TOC_ENTRY_ID="97" DEPTH_LEVEL="1" I_RES="130"/>
		<Primitive ID="Ad0130304" BOX="519 424 848 860" ELEMENT_TYPE="Content" SEQ_NO="5" TOC_ENTRY_ID="97" DEPTH_LEVEL="1" E="N"/>
		<Primitive ID="Ad0130305" BOX="519 424 848 860" ELEMENT_TYPE="AdFrame" SEQ_NO="0" TOC_ENTRY_ID="97" DEPTH_LEVEL="1" I_RES="95"/>
	</Entity>
	<Entity ENTITY_TYPE="Ad" FIRST_TOC_ENTRY_ID="93" INDEX_IN_DOC="93" DEPTH_LEVEL="1" ID="Ad01304" SIZE="Large" BOX="27 615 275 1272" NEXT_SECTION="" PREV_SECTION="" IMAGES_RESOLUTION="144" TOTAL_CHARS_COUNT="1969" SUSPICIOUS_CHARS_COUNT="0" WORDCNT="843">
		<Name>Untitled Ad</Name>
		<Primitive ID="Ad0130400" BOX="41 672 81 686" ELEMENT_TYPE="Content" SEQ_NO="1" TOC_ENTRY_ID="93" DEPTH_LEVEL="1"/>
		<Primitive ID="Ad0130401" BOX="40 693 263 761" ELEMENT_TYPE="Content" SEQ_NO="2" TOC_ENTRY_ID="93" DEPTH_LEVEL="1" I_RES="130"/>
		<Primitive ID="Ad0130402" BOX="40 771 264 1264" ELEMENT_TYPE="Content" SEQ_NO="3" TOC_ENTRY_ID="93" DEPTH_LEVEL="1"/>
		<Primitive ID="Ad0130403" BOX="27 615 275 1272" ELEMENT_TYPE="Content" SEQ_NO="4" TOC_ENTRY_ID="93" DEPTH_LEVEL="1" E="N"/>
		<Primitive ID="Ad0130404" BOX="27 615 275 1272" ELEMENT_TYPE="AdFrame" SEQ_NO="0" TOC_ENTRY_ID="93" DEPTH_LEVEL="1" I_RES="63"/>
	</Entity>
	<Entity ENTITY_TYPE="Ad" FIRST_TOC_ENTRY_ID="95" INDEX_IN_DOC="95" DEPTH_LEVEL="1" ID="Ad01305" SIZE="Large" BOX="275 713 519 1272" NEXT_SECTION="" PREV_SECTION="" IMAGES_RESOLUTION="144" TOTAL_CHARS_COUNT="1666" SUSPICIOUS_CHARS_COUNT="0" WORDCNT="689">
		<Name>Untitled Ad</Name>
		<Primitive ID="Ad0130500" BOX="284 759 512 1176" ELEMENT_TYPE="Content" SEQ_NO="1" TOC_ENTRY_ID="95" DEPTH_LEVEL="1" I_RES="139"/>
		<Primitive ID="Ad0130501" BOX="284 1183 500 1209" ELEMENT_TYPE="Content" SEQ_NO="2" TOC_ENTRY_ID="95" DEPTH_LEVEL="1" I_RES="139"/>
		<Primitive ID="Ad0130502" BOX="275 713 519 1272" ELEMENT_TYPE="Content" SEQ_NO="3" TOC_ENTRY_ID="95" DEPTH_LEVEL="1" E="N"/>
		<Primitive ID="Ad0130503" BOX="275 713 519 1272" ELEMENT_TYPE="AdFrame" SEQ_NO="0" TOC_ENTRY_ID="95" DEPTH_LEVEL="1" I_RES="74"/>
	</Entity>
	<Entity ENTITY_TYPE="Ad" FIRST_TOC_ENTRY_ID="98" INDEX_IN_DOC="98" DEPTH_LEVEL="1" ID="Ad01306" SIZE="Large" BOX="519 860 848 1272" NEXT_SECTION="" PREV_SECTION="" IMAGES_RESOLUTION="144" TOTAL_CHARS_COUNT="1248" SUSPICIOUS_CHARS_COUNT="0" WORDCNT="560">
		<Name>Untitled Ad</Name>
		<Primitive ID="Ad0130600" BOX="534 943 837 1115" ELEMENT_TYPE="Content" SEQ_NO="1" TOC_ENTRY_ID="98" DEPTH_LEVEL="1" I_RES="130"/>
		<Primitive ID="Ad0130601" BOX="534 1115 732 1218" ELEMENT_TYPE="Content" SEQ_NO="2" TOC_ENTRY_ID="98" DEPTH_LEVEL="1" I_RES="130"/>
		<Primitive ID="Ad0130602" BOX="534 1224 837 1264" ELEMENT_TYPE="Content" SEQ_NO="3" TOC_ENTRY_ID="98" DEPTH_LEVEL="1" I_RES="130"/>
		<Primitive ID="Ad0130603" BOX="519 860 848 1272" ELEMENT_TYPE="Content" SEQ_NO="4" TOC_ENTRY_ID="98" DEPTH_LEVEL="1" E="N"/>
		<Primitive ID="Ad0130604" BOX="519 860 848 1272" ELEMENT_TYPE="AdFrame" SEQ_NO="0" TOC_ENTRY_ID="98" DEPTH_LEVEL="1" I_RES="100"/>
	</Entity>
	<Entity ENTITY_TYPE="Ad" FIRST_TOC_ENTRY_ID="96" INDEX_IN_DOC="96" DEPTH_LEVEL="1" ID="Ad01307" SIZE="Medium" BOX="519 113 848 424" NEXT_SECTION="" PREV_SECTION="" IMAGES_RESOLUTION="144" TOTAL_CHARS_COUNT="0" SUSPICIOUS_CHARS_COUNT="0" WORDCNT="0">
		<Name>Untitled Ad</Name>
		<Primitive ID="Ad0130700" BOX="519 113 848 424" ELEMENT_TYPE="Content" SEQ_NO="1" TOC_ENTRY_ID="96" DEPTH_LEVEL="1" E="N"/>
		<Primitive ID="Ad0130701" BOX="519 113 848 424" ELEMENT_TYPE="AdFrame" SEQ_NO="0" TOC_ENTRY_ID="96" DEPTH_LEVEL="1" I_RES="130"/>
	</Entity>
</XMD-PAGE>