<?xml version="1.0" encoding="windows-1252" standalone="no"?>
<XMD-PAGE REPOSITORY_FORMAT="1.0" PRXML_VER="2.2">
	<Meta ISSUE_DATE="03/03/2012" RELEASE_NO="113-IMP-2012-03-03-0001" PAGE_NO="23" NAME="" PAGE_LABEL="23" PAGE_TYPE="Single" PUBLISHER="Olive" PUBLICATION="IMP" SOURCE_TYPE="TIFF" SOURCE_RESOLUTION="72" IMAGES_RESOLUTION="144" PAGE_THUMBNAIL_RESOLUTION="72" PAGE_PREVIEW_RESOLUTION="15" DEFAULT_IMG_EXT="png" IMG_EXT="png" PREVIEW_IMG_EXT="png" XMD_VER="2.6.241.4" PROFILE_ID="W:\Batch\Profile\IMP-2012-03-03.ini" SECTION="Front Page" PAGE_WIDTH="879" PAGE_HEIGHT="1304" PAGES_NUMBER="36" BASE_HREF="IMP/2012/03/03" PDF_DESTINATION_MAPPED="OLV0_Page_0023" TOTAL_CHARS_COUNT="1398" SUSPICIOUS_CHARS_COUNT="0">
		<Resolutions>
			<Resolution DEFAULT="true">72</Resolution>
			<Resolution>120</Resolution>
			<Resolution>144</Resolution>
		</Resolutions>
	</Meta>
	<Link SOURCE="113-IMP-2012-03-03-0001.pdf" NEXT_SECTION="" PREV_SECTION=""/>
	<DataFiles>
		<Files TYPE="DOC_PDF" PRESENT="1"/>
		<Files TYPE="PAGE_PDF" PRESENT="0"/>
		<Files TYPE="DOC_IMG" PRESENT="0"/>
		<Files TYPE="PAGE_IMG" PRESENT="0"/>
		<Files TYPE="PAGE_VIEW_IMG" PRESENT="1"/>
		<Files TYPE="PAGE_PREVIEW_IMG" PRESENT="1"/>
		<Files TYPE="PRIMITIVE_IMG" PRESENT="1"/>
		<Files TYPE="SNIPPET_IMG" PRESENT="1"/>
		<Files TYPE="SEGMENTATION" PRESENT="0"/>
	</DataFiles>
	<Entity ENTITY_TYPE="Article" FIRST_TOC_ENTRY_ID="182" INDEX_IN_DOC="182" DEPTH_LEVEL="1" ID="Ar02300" SIZE="XLarge" BOX="25 139 855 954" NEXT_SECTION="" PREV_SECTION="" IMAGES_RESOLUTION="144" TOTAL_CHARS_COUNT="1290" SUSPICIOUS_CHARS_COUNT="0" WORDCNT="268">
		<Name>Clandestins suisses en France</Name>
		<Primitive ID="Ar0230000" BOX="25 199 800 261" ELEMENT_TYPE="HedLine_hl1" SEQ_NO="0" TOC_ENTRY_ID="182" DEPTH_LEVEL="1"/>
		<Primitive ID="Ar0230001" BOX="25 139 800 199" ELEMENT_TYPE="Content" SEQ_NO="1" TOC_ENTRY_ID="182" DEPTH_LEVEL="1"/>
		<Primitive ID="Ar0230002" BOX="25 280 159 519" ELEMENT_TYPE="Content" SEQ_NO="2" TOC_ENTRY_ID="182" DEPTH_LEVEL="1"/>
		<Primitive ID="Ar0230003" BOX="25 519 159 848" ELEMENT_TYPE="Content" SEQ_NO="3" TOC_ENTRY_ID="182" DEPTH_LEVEL="1"/>
		<Primitive ID="Ar0230004" BOX="25 848 159 953" ELEMENT_TYPE="Content" SEQ_NO="4" TOC_ENTRY_ID="182" DEPTH_LEVEL="1"/>
		<Primitive ID="Ar0230005" BOX="163 641 613 658" ELEMENT_TYPE="Content" SEQ_NO="5" TOC_ENTRY_ID="182" DEPTH_LEVEL="1"/>
		<Primitive ID="Ar0230006" BOX="163 663 299 954" ELEMENT_TYPE="Content" SEQ_NO="6" TOC_ENTRY_ID="182" DEPTH_LEVEL="1"/>
		<Primitive ID="Ar0230007" BOX="302 663 438 761" ELEMENT_TYPE="Content" SEQ_NO="7" TOC_ENTRY_ID="182" DEPTH_LEVEL="1"/>
		<Primitive ID="Ar0230008" BOX="307 785 559 867" ELEMENT_TYPE="Content" SEQ_NO="8" TOC_ENTRY_ID="182" DEPTH_LEVEL="1"/>
		<Primitive ID="Ar0230009" BOX="302 878 438 954" ELEMENT_TYPE="Content" SEQ_NO="9" TOC_ENTRY_ID="182" DEPTH_LEVEL="1"/>
		<Primitive ID="Ar0230010" BOX="441 663 577 761" ELEMENT_TYPE="Content" SEQ_NO="10" TOC_ENTRY_ID="182" DEPTH_LEVEL="1"/>
		<Primitive ID="Ar0230011" BOX="441 878 577 954" ELEMENT_TYPE="Content" SEQ_NO="11" TOC_ENTRY_ID="182" DEPTH_LEVEL="1"/>
		<Primitive ID="Ar0230012" BOX="580 663 716 954" ELEMENT_TYPE="Content" SEQ_NO="12" TOC_ENTRY_ID="182" DEPTH_LEVEL="1"/>
		<Primitive ID="Ar0230013" BOX="718 297 855 657" ELEMENT_TYPE="Content" SEQ_NO="13" TOC_ENTRY_ID="182" DEPTH_LEVEL="1"/>
		<Primitive ID="Ar0230014" BOX="719 666 854 954" ELEMENT_TYPE="Content" SEQ_NO="14" TOC_ENTRY_ID="182" DEPTH_LEVEL="1"/>
	</Entity>
	<Entity ENTITY_TYPE="Article" FIRST_TOC_ENTRY_ID="184" INDEX_IN_DOC="184" DEPTH_LEVEL="1" ID="Ar02301" SIZE="Medium" BOX="23 976 576 1270" NEXT_SECTION="" PREV_SECTION="" IMAGES_RESOLUTION="144" TOTAL_CHARS_COUNT="106" SUSPICIOUS_CHARS_COUNT="0" WORDCNT="19">
		<Name>Les oc�ans deviennent toujours plus acides</Name>
		<Primitive ID="Ar0230100" BOX="23 1000 574 1038" ELEMENT_TYPE="HedLine_hl1" SEQ_NO="0" TOC_ENTRY_ID="184" DEPTH_LEVEL="1"/>
		<Primitive ID="Ar0230101" BOX="23 976 574 1000" ELEMENT_TYPE="Content" SEQ_NO="1" TOC_ENTRY_ID="184" DEPTH_LEVEL="1"/>
		<Primitive ID="Ar0230102" BOX="25 1039 159 1270" ELEMENT_TYPE="Content" SEQ_NO="2" TOC_ENTRY_ID="184" DEPTH_LEVEL="1"/>
		<Primitive ID="Ar0230103" BOX="164 1039 298 1270" ELEMENT_TYPE="Content" SEQ_NO="3" TOC_ENTRY_ID="184" DEPTH_LEVEL="1"/>
		<Primitive ID="Ar0230104" BOX="303 1039 437 1270" ELEMENT_TYPE="Content" SEQ_NO="4" TOC_ENTRY_ID="184" DEPTH_LEVEL="1"/>
		<Primitive ID="Ar0230105" BOX="442 1039 576 1269" ELEMENT_TYPE="Content" SEQ_NO="5" TOC_ENTRY_ID="184" DEPTH_LEVEL="1"/>
	</Entity>
	<Entity ENTITY_TYPE="Article" FIRST_TOC_ENTRY_ID="185" INDEX_IN_DOC="185" DEPTH_LEVEL="1" ID="Ar02302" SIZE="Small" BOX="582 984 847 1104" NEXT_SECTION="" PREV_SECTION="" IMAGES_RESOLUTION="144" TOTAL_CHARS_COUNT="2" SUSPICIOUS_CHARS_COUNT="0" WORDCNT="0">
		<Name>Untitled Article</Name>
		<Primitive ID="Ar0230200" BOX="590 1004 847 1020" ELEMENT_TYPE="HedLine_hl1" SEQ_NO="3" TOC_ENTRY_ID="185" DEPTH_LEVEL="1"/>
		<Primitive ID="Ar0230201" BOX="590 984 847 1004" ELEMENT_TYPE="Content" SEQ_NO="0" TOC_ENTRY_ID="185" DEPTH_LEVEL="1"/>
		<Primitive ID="Ar0230202" BOX="582 1064 592 1104" ELEMENT_TYPE="Content" SEQ_NO="1" TOC_ENTRY_ID="185" DEPTH_LEVEL="1"/>
		<Primitive ID="Ar0230203" BOX="649 1021 844 1104" ELEMENT_TYPE="Content" SEQ_NO="2" TOC_ENTRY_ID="185" DEPTH_LEVEL="1"/>
	</Entity>
	<Entity ENTITY_TYPE="Picture" FIRST_TOC_ENTRY_ID="183" INDEX_IN_DOC="183" DEPTH_LEVEL="2" ID="Pc02303" SIZE="Large" BOX="166 281 710 640" NEXT_SECTION="" PREV_SECTION="" EMBEDDED_INTO="Ar02300" EMBEDDED_AFTER="Ar0230000" IMAGES_RESOLUTION="144" TOTAL_CHARS_COUNT="0" SUSPICIOUS_CHARS_COUNT="0" WORDCNT="0">
		<Name>Untitled Picture</Name>
		<Primitive ID="Pc0230300" BOX="166 281 710 640" ELEMENT_TYPE="Picture" SEQ_NO="0" TOC_ENTRY_ID="183" DEPTH_LEVEL="2" IMG_EXT="jpg"/>
	</Entity>
	<Entity ENTITY_TYPE="Picture" FIRST_TOC_ENTRY_ID="186" INDEX_IN_DOC="186" DEPTH_LEVEL="2" ID="Pc02304" SIZE="Small" BOX="594 1026 648 1099" NEXT_SECTION="" PREV_SECTION="" EMBEDDED_INTO="Ar02302" EMBEDDED_AFTER="Ar0230200" IMAGES_RESOLUTION="144" TOTAL_CHARS_COUNT="0" SUSPICIOUS_CHARS_COUNT="0" WORDCNT="0">
		<Name>Untitled Picture</Name>
		<Primitive ID="Pc0230400" BOX="594 1026 648 1099" ELEMENT_TYPE="Picture" SEQ_NO="0" TOC_ENTRY_ID="186" DEPTH_LEVEL="2" IMG_EXT="jpg"/>
	</Entity>
	<Entity ENTITY_TYPE="Article" FIRST_TOC_ENTRY_ID="187" INDEX_IN_DOC="187" DEPTH_LEVEL="1" ID="Ar02305" SIZE="Small" BOX="579 1111 854 1198" NEXT_SECTION="" PREV_SECTION="" IMAGES_RESOLUTION="144" TOTAL_CHARS_COUNT="0" SUSPICIOUS_CHARS_COUNT="0" WORDCNT="0">
		<Name>Untitled Article</Name>
		<Primitive ID="Ar0230500" BOX="579 1129 854 1146" ELEMENT_TYPE="HedLine_hl1" SEQ_NO="2" TOC_ENTRY_ID="187" DEPTH_LEVEL="1"/>
		<Primitive ID="Ar0230501" BOX="579 1111 854 1129" ELEMENT_TYPE="Content" SEQ_NO="0" TOC_ENTRY_ID="187" DEPTH_LEVEL="1"/>
		<Primitive ID="Ar0230502" BOX="579 1146 854 1198" ELEMENT_TYPE="Content" SEQ_NO="1" TOC_ENTRY_ID="187" DEPTH_LEVEL="1"/>
	</Entity>
	<Entity ENTITY_TYPE="Article" FIRST_TOC_ENTRY_ID="188" INDEX_IN_DOC="188" DEPTH_LEVEL="1" ID="Ar02306" SIZE="Small" BOX="579 1198 854 1278" NEXT_SECTION="" PREV_SECTION="" IMAGES_RESOLUTION="144" TOTAL_CHARS_COUNT="0" SUSPICIOUS_CHARS_COUNT="0" WORDCNT="0">
		<Name>Untitled Article</Name>
		<Primitive ID="Ar0230600" BOX="579 1222 854 1239" ELEMENT_TYPE="HedLine_hl1" SEQ_NO="2" TOC_ENTRY_ID="188" DEPTH_LEVEL="1"/>
		<Primitive ID="Ar0230601" BOX="579 1198 854 1222" ELEMENT_TYPE="Content" SEQ_NO="0" TOC_ENTRY_ID="188" DEPTH_LEVEL="1"/>
		<Primitive ID="Ar0230602" BOX="579 1239 854 1278" ELEMENT_TYPE="Content" SEQ_NO="1" TOC_ENTRY_ID="188" DEPTH_LEVEL="1"/>
	</Entity>
</XMD-PAGE>