<?xml version="1.0" encoding="windows-1252" standalone="no"?>
<XMD-entity REPOSITORY_FORMAT="1.0" PRXML_VER="2.2" ENTITY_TYPE="Article" DOC_UID="IMP_03/03/2012" DOC_VER="1" FIRST_TOC_ENTRY_ID="220" DEPTH_LEVEL="1" INDEX_IN_DOC="220" PAGE_NO="28" ID="Ar02801" BOX="50 266 596 2537" LANGUAGE="French" SNP="Ar0280100.png" SNP_WIDTH="243" SNP_HEIGHT="62">
	<Meta NAME="EN VRAC" DESCRIPTION="" SUBTYPE="" BASE_HREF="IMP/2012/03/03" SOURCE_TYPE="TIFF" PUBLICATION="IMP" SECTION="Front Page" ISSUE_DATE="03/03/2012" WORDCNT="2" RELEASE_NO="113-IMP-2012-03-03-0001" PAGE_ID="" PAGE_TYPE="Single" PAGE_WIDTH="879" PAGE_HEIGHT="1304" DEFAULT_IMG_EXT="png" PDF_DESTINATION_MAPPED="OLV0_Entity_0028_0002" IMAGES_RESOLUTION="144" XMD_VER="2.6.241.4" PAGE_LABEL="28" TOTAL_CHARS_COUNT="6" SUSPICIOUS_CHARS_COUNT="0"/>
	<Link SOURCE="113-IMP-2012-03-03-0001.pdf" FIRST_ID="Ar00100" LAST_ID="Pc03613" NEXT_ID="Pc02802" PREV_ID="Ar02800" TOC_ID="W:/Repository/IMP/2012/03/03/TOC.xml"/>
	<DataFiles>
		<Files TYPE="DOC_PDF" PRESENT="1"/>
		<Files TYPE="PAGE_PDF" PRESENT="0"/>
		<Files TYPE="DOC_IMG" PRESENT="0"/>
		<Files TYPE="PAGE_IMG" PRESENT="0"/>
		<Files TYPE="PAGE_VIEW_IMG" PRESENT="1"/>
		<Files TYPE="PAGE_PREVIEW_IMG" PRESENT="1"/>
		<Files TYPE="PRIMITIVE_IMG" PRESENT="1"/>
		<Files TYPE="SNIPPET_IMG" PRESENT="1"/>
		<Files TYPE="SEGMENTATION" PRESENT="0"/>
	</DataFiles>
	<HedLine_hl1>
		<Primitive BOX="52 266 294 327" ID="Ar0280100" SEQ_NO="10" TOC_ENTRY_ID="220" DEPTH_LEVEL="1">
			<L BOX="68 301 154 324"/>
			<W BOX="68 301 95 324" STYLE_REF="251">EN</W>
			<W BOX="100 301 154 324" STYLE_REF="251">VRAC</W>
		</Primitive>
	</HedLine_hl1>
	<Content>
		<Primitive BOX="50 353 321 539" ID="Ar0280101" SEQ_NO="0" TOC_ENTRY_ID="220" DEPTH_LEVEL="1"/>
		<Primitive BOX="50 541 317 1322" ID="Ar0280102" SEQ_NO="1" TOC_ENTRY_ID="220" DEPTH_LEVEL="1"/>
		<Primitive BOX="50 1331 317 1533" ID="Ar0280103" SEQ_NO="2" TOC_ENTRY_ID="220" DEPTH_LEVEL="1"/>
		<Primitive BOX="50 1536 317 2055" ID="Ar0280104" SEQ_NO="3" TOC_ENTRY_ID="220" DEPTH_LEVEL="1"/>
		<Primitive BOX="50 2058 305 2168" ID="Ar0280105" SEQ_NO="4" TOC_ENTRY_ID="220" DEPTH_LEVEL="1"/>
		<Primitive BOX="50 2171 317 2537" ID="Ar0280106" SEQ_NO="5" TOC_ENTRY_ID="220" DEPTH_LEVEL="1"/>
		<Primitive BOX="329 346 595 757" ID="Ar0280107" SEQ_NO="6" TOC_ENTRY_ID="220" DEPTH_LEVEL="1"/>
		<Primitive BOX="329 759 596 1127" ID="Ar0280108" SEQ_NO="7" TOC_ENTRY_ID="220" DEPTH_LEVEL="1"/>
		<Primitive BOX="329 1129 595 1521" ID="Ar0280109" SEQ_NO="8" TOC_ENTRY_ID="220" DEPTH_LEVEL="1"/>
		<Primitive BOX="329 1523 595 1866" ID="Ar0280110" SEQ_NO="9" TOC_ENTRY_ID="220" DEPTH_LEVEL="1"/>
	</Content>
</XMD-entity>