<?xml version="1.0" encoding="windows-1252" standalone="no"?>
<XMD-entity REPOSITORY_FORMAT="1.0" PRXML_VER="2.2" ENTITY_TYPE="Article" DOC_UID="IMP_03/03/2012" DOC_VER="1" FIRST_TOC_ENTRY_ID="221" DEPTH_LEVEL="1" INDEX_IN_DOC="221" PAGE_NO="28" ID="Ar02808" BOX="334 1874 588 2540" LANGUAGE="French" SNP="Ar0280800.png" SNP_WIDTH="255" SNP_HEIGHT="63">
	<Meta NAME="LOTERIES" DESCRIPTION="" SUBTYPE="" BASE_HREF="IMP/2012/03/03" SOURCE_TYPE="TIFF" PUBLICATION="IMP" SECTION="Front Page" ISSUE_DATE="03/03/2012" WORDCNT="72" RELEASE_NO="113-IMP-2012-03-03-0001" PAGE_ID="" PAGE_TYPE="Single" PAGE_WIDTH="879" PAGE_HEIGHT="1304" DEFAULT_IMG_EXT="png" PDF_DESTINATION_MAPPED="OLV0_Entity_0028_0009" IMAGES_RESOLUTION="144" XMD_VER="2.6.241.4" PAGE_LABEL="28" TOTAL_CHARS_COUNT="172" SUSPICIOUS_CHARS_COUNT="0">
		<Links>
			<Lnk TYPE="URL" LNK_ID="LNK_28_0">
				<Target>www.loro.ch</Target>
			</Lnk>
			<Sources>
				<Box LNK_ID="LNK_28_0" PRIM_ID="Ar0280801">419 2502 505 2522</Box>
			</Sources>
		</Links>
	</Meta>
	<Link SOURCE="113-IMP-2012-03-03-0001.pdf" FIRST_ID="Ar00100" LAST_ID="Pc03613" NEXT_ID="Ad02809" PREV_ID="Pc02807" TOC_ID="W:/Repository/IMP/2012/03/03/TOC.xml"/>
	<DataFiles>
		<Files TYPE="DOC_PDF" PRESENT="1"/>
		<Files TYPE="PAGE_PDF" PRESENT="0"/>
		<Files TYPE="DOC_IMG" PRESENT="0"/>
		<Files TYPE="PAGE_IMG" PRESENT="0"/>
		<Files TYPE="PAGE_VIEW_IMG" PRESENT="1"/>
		<Files TYPE="PAGE_PREVIEW_IMG" PRESENT="1"/>
		<Files TYPE="PRIMITIVE_IMG" PRESENT="1"/>
		<Files TYPE="SNIPPET_IMG" PRESENT="1"/>
		<Files TYPE="SEGMENTATION" PRESENT="0"/>
	</DataFiles>
	<HedLine_hl1>
		<Primitive BOX="334 1874 588 1936" ID="Ar0280800" SEQ_NO="1" TOC_ENTRY_ID="221" DEPTH_LEVEL="1">
			<L BOX="346 1894 440 1917"/>
			<W BOX="346 1894 440 1917" STYLE_REF="251">LOTERIES</W>
		</Primitive>
	</HedLine_hl1>
	<Content>
		<Primitive BOX="334 1936 588 2540" ID="Ar0280801" SEQ_NO="0" TOC_ENTRY_ID="221" DEPTH_LEVEL="1">
			<L BOX="382 1949 542 1969"/>
			<W BOX="382 1949 430 1969" STYLE_REF="414">Tirages</W>
			<W BOX="435 1949 451 1969" STYLE_REF="414">du</W>
			<W BOX="455 1949 464 1969" STYLE_REF="414">2</W>
			<W BOX="469 1949 501 1969" STYLE_REF="414">mars</W>
			<W BOX="506 1949 542 1969" STYLE_REF="414">2012</W>
			<L BOX="355 2055 555 2079" P="S"/>
			<Q BOX="355 2059 437 2079" STYLE_REF="415" QID="1">530</Q>
			<q BOX="444 2059 460 2079" STYLE_REF="415" QID="1">44</q>
			<QW QID="1">53044</QW>
			<W BOX="495 2055 503 2075" STYLE_REF="415">2</W>
			<W BOX="547 2055 555 2075" STYLE_REF="415">6</W>
			<L BOX="494 2104 552 2119" P="S"/>
			<W BOX="494 2104 505 2119" STYLE_REF="416" NS="y">B</W>
			<W BOX="505 2104 540 2119" STYLE_REF="416" NS="y">647</W>
			<W BOX="540 2104 552 2119" STYLE_REF="416">X</W>
			<L BOX="356 2203 574 2223" P="S"/>
			<W BOX="356 2203 367 2223" STYLE_REF="417">5</W>
			<W BOX="389 2203 400 2223" STYLE_REF="417">7</W>
			<W BOX="420 2203 437 2223" STYLE_REF="417">12</W>
			<W BOX="453 2203 471 2223" STYLE_REF="417">14</W>
			<W BOX="487 2203 504 2223" STYLE_REF="417">18</W>
			<W BOX="520 2203 538 2223" STYLE_REF="417">21</W>
			<W BOX="552 2203 574 2223" STYLE_REF="417">24</W>
			<L BOX="350 2234 574 2254"/>
			<W BOX="350 2234 372 2254" STYLE_REF="417">25</W>
			<W BOX="384 2234 406 2254" STYLE_REF="417">27</W>
			<W BOX="417 2234 439 2254" STYLE_REF="417">36</W>
			<W BOX="451 2234 474 2254" STYLE_REF="417">42</W>
			<W BOX="484 2234 508 2254" STYLE_REF="417">44</W>
			<W BOX="518 2234 541 2254" STYLE_REF="417">46</W>
			<W BOX="552 2234 574 2254" STYLE_REF="417">48</W>
			<L BOX="367 2260 557 2280"/>
			<W BOX="367 2260 389 2280" STYLE_REF="417">50</W>
			<W BOX="401 2260 423 2280" STYLE_REF="417">53</W>
			<W BOX="434 2260 457 2280" STYLE_REF="417">54</W>
			<W BOX="470 2260 488 2280" STYLE_REF="417">61</W>
			<W BOX="501 2260 523 2280" STYLE_REF="417">63</W>
			<W BOX="535 2260 557 2280" STYLE_REF="417">69</W>
			<L BOX="349 2362 568 2377" P="S"/>
			<W BOX="349 2362 365 2377" STYLE_REF="419">c</W>
			<W BOX="390 2362 405 2377" STYLE_REF="419">c</W>
			<W BOX="431 2362 446 2377" STYLE_REF="420">t</W>
			<W BOX="471 2362 487 2377" STYLE_REF="420">t</W>
			<W BOX="512 2362 527 2377" STYLE_REF="420">t</W>
			<W BOX="552 2362 568 2377" STYLE_REF="419">k</W>
			<L BOX="354 2377 571 2403" P="S"/>
			<W BOX="354 2377 367 2403" STYLE_REF="418">8</W>
			<W BOX="394 2377 408 2403" STYLE_REF="418">R</W>
			<W BOX="435 2377 449 2403" STYLE_REF="418">6</W>
			<W BOX="471 2378 494 2403" STYLE_REF="418">10</W>
			<W BOX="516 2378 530 2403" STYLE_REF="418">R</W>
			<W BOX="557 2377 571 2403" STYLE_REF="418">7</W>
			<L BOX="349 2406 568 2421" P="S"/>
			<W BOX="349 2406 446 2421" STYLE_REF="419">kk</W>
			<W BOX="390 2406 405 2421" STYLE_REF="419">k</W>
			<W BOX="471 2406 487 2421" STYLE_REF="420">p</W>
			<W BOX="512 2406 527 2421" STYLE_REF="420">p</W>
			<W BOX="552 2406 568 2421" STYLE_REF="420">p</W>
			<L BOX="354 2421 571 2447" P="S"/>
			<W BOX="354 2421 367 2446" STYLE_REF="418">9</W>
			<W BOX="394 2421 408 2446" STYLE_REF="418">V</W>
			<W BOX="434 2421 449 2446" STYLE_REF="418">A</W>
			<W BOX="475 2421 489 2447" STYLE_REF="418">9</W>
			<W BOX="515 2421 531 2447" STYLE_REF="418">D</W>
			<W BOX="557 2421 571 2446" STYLE_REF="418">R</W>
			<L BOX="345 2459 579 2479" P="S"/>
			<W BOX="345 2459 380 2479" STYLE_REF="421">Seule</W>
			<W BOX="385 2459 397 2479" STYLE_REF="421">la</W>
			<W BOX="401 2459 429 2479" STYLE_REF="421">liste</W>
			<W BOX="434 2459 489 2479" STYLE_REF="421">officielle</W>
			<W BOX="494 2459 516 2479" STYLE_REF="421">des</W>
			<W BOX="521 2459 579 2479" STYLE_REF="421">r�sultats</W>
			<L BOX="361 2481 563 2501"/>
			<W BOX="361 2481 377 2501" STYLE_REF="421">de</W>
			<W BOX="382 2481 393 2501" STYLE_REF="421">la</W>
			<W BOX="398 2481 443 2501" STYLE_REF="421">Loterie</W>
			<W BOX="448 2481 509 2501" STYLE_REF="421">Romande</W>
			<W BOX="513 2481 536 2501" STYLE_REF="421">fait</W>
			<W BOX="541 2481 558 2501" STYLE_REF="421" NS="y">foi</W>
			<W BOX="558 2481 563 2501" STYLE_REF="421">.</W>
			<L BOX="419 2502 505 2522"/>
			<W BOX="419 2502 457 2522" STYLE_REF="421" NS="y">www</W>
			<W BOX="457 2502 462 2522" STYLE_REF="421" NS="y">.</W>
			<W BOX="462 2502 487 2522" STYLE_REF="421" NS="y">loro</W>
			<W BOX="487 2502 492 2522" STYLE_REF="421" NS="y">.</W>
			<W BOX="492 2502 505 2522" STYLE_REF="421">ch</W>
		</Primitive>
	</Content>
</XMD-entity>