<?xml version="1.0" encoding="windows-1252" standalone="no"?>
<XMD-PAGE REPOSITORY_FORMAT="1.0" PRXML_VER="2.2">
	<Meta ISSUE_DATE="03/03/2012" RELEASE_NO="113-IMP-2012-03-03-0001" PAGE_NO="28" NAME="" PAGE_LABEL="28" PAGE_TYPE="Single" PUBLISHER="Olive" PUBLICATION="IMP" SOURCE_TYPE="TIFF" SOURCE_RESOLUTION="72" IMAGES_RESOLUTION="144" PAGE_THUMBNAIL_RESOLUTION="72" PAGE_PREVIEW_RESOLUTION="15" DEFAULT_IMG_EXT="png" IMG_EXT="png" PREVIEW_IMG_EXT="png" XMD_VER="2.6.241.4" PROFILE_ID="W:\Batch\Profile\IMP-2012-03-03.ini" SECTION="Front Page" PAGE_WIDTH="879" PAGE_HEIGHT="1304" PAGES_NUMBER="36" BASE_HREF="IMP/2012/03/03" PDF_DESTINATION_MAPPED="OLV0_Page_0028" TOTAL_CHARS_COUNT="3413" SUSPICIOUS_CHARS_COUNT="0">
		<Resolutions>
			<Resolution DEFAULT="true">72</Resolution>
			<Resolution>120</Resolution>
			<Resolution>144</Resolution>
		</Resolutions>
		<Links>
			<Lnk TYPE="URL" LNK_ID="LNK_28_0">
				<Target>www.loro.ch</Target>
			</Lnk>
			<Sources>
				<Box LNK_ID="LNK_28_0">209 1251 253 1261</Box>
			</Sources>
		</Links>
	</Meta>
	<Link SOURCE="113-IMP-2012-03-03-0001.pdf" NEXT_SECTION="" PREV_SECTION=""/>
	<DataFiles>
		<Files TYPE="DOC_PDF" PRESENT="1"/>
		<Files TYPE="PAGE_PDF" PRESENT="0"/>
		<Files TYPE="DOC_IMG" PRESENT="0"/>
		<Files TYPE="PAGE_IMG" PRESENT="0"/>
		<Files TYPE="PAGE_VIEW_IMG" PRESENT="1"/>
		<Files TYPE="PAGE_PREVIEW_IMG" PRESENT="1"/>
		<Files TYPE="PRIMITIVE_IMG" PRESENT="1"/>
		<Files TYPE="SNIPPET_IMG" PRESENT="1"/>
		<Files TYPE="SEGMENTATION" PRESENT="0"/>
	</DataFiles>
	<Entity ENTITY_TYPE="Article" FIRST_TOC_ENTRY_ID="222" INDEX_IN_DOC="222" DEPTH_LEVEL="1" ID="Ar02800" SIZE="Medium" BOX="292 137 852 624" NEXT_SECTION="" PREV_SECTION="" IMAGES_RESOLUTION="144" TOTAL_CHARS_COUNT="195" SUSPICIOUS_CHARS_COUNT="0" WORDCNT="44">
		<Name>Federer se joue de la puissance de Del Potro en deux tie-breaks</Name>
		<Primitive ID="Ar0280000" BOX="306 165 847 247" ELEMENT_TYPE="HedLine_hl1" SEQ_NO="0" TOC_ENTRY_ID="222" DEPTH_LEVEL="1"/>
		<Primitive ID="Ar0280001" BOX="292 137 793 163" ELEMENT_TYPE="Content" SEQ_NO="1" TOC_ENTRY_ID="222" DEPTH_LEVEL="1"/>
		<Primitive ID="Ar0280002" BOX="306 270 433 624" ELEMENT_TYPE="Content" SEQ_NO="2" TOC_ENTRY_ID="222" DEPTH_LEVEL="1"/>
		<Primitive ID="Ar0280003" BOX="442 596 684 623" ELEMENT_TYPE="Content" SEQ_NO="3" TOC_ENTRY_ID="222" DEPTH_LEVEL="1"/>
		<Primitive ID="Ar0280004" BOX="721 268 852 485" ELEMENT_TYPE="Content" SEQ_NO="4" TOC_ENTRY_ID="222" DEPTH_LEVEL="1"/>
		<Primitive ID="Ar0280005" BOX="721 485 852 623" ELEMENT_TYPE="Content" SEQ_NO="5" TOC_ENTRY_ID="222" DEPTH_LEVEL="1"/>
	</Entity>
	<Entity ENTITY_TYPE="Article" FIRST_TOC_ENTRY_ID="220" INDEX_IN_DOC="220" DEPTH_LEVEL="1" ID="Ar02801" SIZE="Large" BOX="25 133 298 1269" NEXT_SECTION="" PREV_SECTION="" IMAGES_RESOLUTION="144" TOTAL_CHARS_COUNT="6" SUSPICIOUS_CHARS_COUNT="0" WORDCNT="2">
		<Name>EN VRAC</Name>
		<Primitive ID="Ar0280100" BOX="26 133 147 163" ELEMENT_TYPE="HedLine_hl1" SEQ_NO="10" TOC_ENTRY_ID="220" DEPTH_LEVEL="1"/>
		<Primitive ID="Ar0280101" BOX="25 176 161 269" ELEMENT_TYPE="Content" SEQ_NO="0" TOC_ENTRY_ID="220" DEPTH_LEVEL="1"/>
		<Primitive ID="Ar0280102" BOX="25 270 159 661" ELEMENT_TYPE="Content" SEQ_NO="1" TOC_ENTRY_ID="220" DEPTH_LEVEL="1"/>
		<Primitive ID="Ar0280103" BOX="25 666 159 767" ELEMENT_TYPE="Content" SEQ_NO="2" TOC_ENTRY_ID="220" DEPTH_LEVEL="1"/>
		<Primitive ID="Ar0280104" BOX="25 768 159 1028" ELEMENT_TYPE="Content" SEQ_NO="3" TOC_ENTRY_ID="220" DEPTH_LEVEL="1"/>
		<Primitive ID="Ar0280105" BOX="25 1029 152 1084" ELEMENT_TYPE="Content" SEQ_NO="4" TOC_ENTRY_ID="220" DEPTH_LEVEL="1"/>
		<Primitive ID="Ar0280106" BOX="25 1085 158 1269" ELEMENT_TYPE="Content" SEQ_NO="5" TOC_ENTRY_ID="220" DEPTH_LEVEL="1"/>
		<Primitive ID="Ar0280107" BOX="164 173 298 378" ELEMENT_TYPE="Content" SEQ_NO="6" TOC_ENTRY_ID="220" DEPTH_LEVEL="1"/>
		<Primitive ID="Ar0280108" BOX="164 379 298 563" ELEMENT_TYPE="Content" SEQ_NO="7" TOC_ENTRY_ID="220" DEPTH_LEVEL="1"/>
		<Primitive ID="Ar0280109" BOX="164 565 298 760" ELEMENT_TYPE="Content" SEQ_NO="8" TOC_ENTRY_ID="220" DEPTH_LEVEL="1"/>
		<Primitive ID="Ar0280110" BOX="164 762 298 933" ELEMENT_TYPE="Content" SEQ_NO="9" TOC_ENTRY_ID="220" DEPTH_LEVEL="1"/>
	</Entity>
	<Entity ENTITY_TYPE="Picture" FIRST_TOC_ENTRY_ID="223" INDEX_IN_DOC="223" DEPTH_LEVEL="2" ID="Pc02802" SIZE="Medium" BOX="445 271 712 596" NEXT_SECTION="" PREV_SECTION="" EMBEDDED_INTO="Ar02800" EMBEDDED_AFTER="Ar0280000" IMAGES_RESOLUTION="144" TOTAL_CHARS_COUNT="0" SUSPICIOUS_CHARS_COUNT="0" WORDCNT="0">
		<Name>Untitled Picture</Name>
		<Primitive ID="Pc0280200" BOX="445 271 712 596" ELEMENT_TYPE="Picture" SEQ_NO="0" TOC_ENTRY_ID="223" DEPTH_LEVEL="2" IMG_EXT="jpg"/>
	</Entity>
	<Entity ENTITY_TYPE="Article" FIRST_TOC_ENTRY_ID="224" INDEX_IN_DOC="224" DEPTH_LEVEL="1" ID="Ar02803" SIZE="Small" BOX="302 643 434 840" NEXT_SECTION="" PREV_SECTION="" IMAGES_RESOLUTION="144" TOTAL_CHARS_COUNT="0" SUSPICIOUS_CHARS_COUNT="0" WORDCNT="0">
		<Name>Untitled Article</Name>
		<Primitive ID="Ar0280300" BOX="302 668 434 697" ELEMENT_TYPE="HedLine_hl1" SEQ_NO="2" TOC_ENTRY_ID="224" DEPTH_LEVEL="1"/>
		<Primitive ID="Ar0280301" BOX="302 643 434 668" ELEMENT_TYPE="Content" SEQ_NO="0" TOC_ENTRY_ID="224" DEPTH_LEVEL="1"/>
		<Primitive ID="Ar0280302" BOX="302 697 434 840" ELEMENT_TYPE="Content" SEQ_NO="1" TOC_ENTRY_ID="224" DEPTH_LEVEL="1"/>
	</Entity>
	<Entity ENTITY_TYPE="Article" FIRST_TOC_ENTRY_ID="225" INDEX_IN_DOC="225" DEPTH_LEVEL="1" ID="Ar02804" SIZE="Small" BOX="302 840 434 1094" NEXT_SECTION="" PREV_SECTION="" IMAGES_RESOLUTION="144" TOTAL_CHARS_COUNT="0" SUSPICIOUS_CHARS_COUNT="0" WORDCNT="0">
		<Name>Untitled Article</Name>
		<Primitive ID="Ar0280400" BOX="302 862 434 897" ELEMENT_TYPE="HedLine_hl1" SEQ_NO="2" TOC_ENTRY_ID="225" DEPTH_LEVEL="1"/>
		<Primitive ID="Ar0280401" BOX="302 840 434 862" ELEMENT_TYPE="Content" SEQ_NO="0" TOC_ENTRY_ID="225" DEPTH_LEVEL="1"/>
		<Primitive ID="Ar0280402" BOX="302 897 434 1094" ELEMENT_TYPE="Content" SEQ_NO="1" TOC_ENTRY_ID="225" DEPTH_LEVEL="1"/>
	</Entity>
	<Entity ENTITY_TYPE="Article" FIRST_TOC_ENTRY_ID="226" INDEX_IN_DOC="226" DEPTH_LEVEL="1" ID="Ar02805" SIZE="Small" BOX="302 1094 434 1271" NEXT_SECTION="" PREV_SECTION="" IMAGES_RESOLUTION="144" TOTAL_CHARS_COUNT="0" SUSPICIOUS_CHARS_COUNT="0" WORDCNT="0">
		<Name>Untitled Article</Name>
		<Primitive ID="Ar0280500" BOX="302 1115 434 1145" ELEMENT_TYPE="HedLine_hl1" SEQ_NO="2" TOC_ENTRY_ID="226" DEPTH_LEVEL="1"/>
		<Primitive ID="Ar0280501" BOX="302 1094 434 1115" ELEMENT_TYPE="Content" SEQ_NO="0" TOC_ENTRY_ID="226" DEPTH_LEVEL="1"/>
		<Primitive ID="Ar0280502" BOX="302 1145 434 1271" ELEMENT_TYPE="Content" SEQ_NO="1" TOC_ENTRY_ID="226" DEPTH_LEVEL="1"/>
	</Entity>
	<Entity ENTITY_TYPE="Article" FIRST_TOC_ENTRY_ID="227" INDEX_IN_DOC="227" DEPTH_LEVEL="1" ID="Ar02806" SIZE="Large" BOX="443 651 854 1190" NEXT_SECTION="" PREV_SECTION="" IMAGES_RESOLUTION="144" TOTAL_CHARS_COUNT="3040" SUSPICIOUS_CHARS_COUNT="0" WORDCNT="1133">
		<Name>Untitled Article</Name>
		<Primitive ID="Ar0280600" BOX="443 651 854 686" ELEMENT_TYPE="Content" SEQ_NO="0" TOC_ENTRY_ID="227" DEPTH_LEVEL="1"/>
		<Primitive ID="Ar0280601" BOX="443 686 713 932" ELEMENT_TYPE="Content" SEQ_NO="1" TOC_ENTRY_ID="227" DEPTH_LEVEL="1"/>
		<Primitive ID="Ar0280602" BOX="443 932 713 1190" ELEMENT_TYPE="Content" SEQ_NO="2" TOC_ENTRY_ID="227" DEPTH_LEVEL="1"/>
		<Primitive ID="Ar0280603" BOX="713 686 854 934" ELEMENT_TYPE="Content" SEQ_NO="3" TOC_ENTRY_ID="227" DEPTH_LEVEL="1"/>
		<Primitive ID="Ar0280604" BOX="713 934 854 1008" ELEMENT_TYPE="Content" SEQ_NO="4" TOC_ENTRY_ID="227" DEPTH_LEVEL="1"/>
	</Entity>
	<Entity ENTITY_TYPE="Picture" FIRST_TOC_ENTRY_ID="228" INDEX_IN_DOC="228" DEPTH_LEVEL="2" ID="Pc02807" SIZE="Small" BOX="713 1008 854 1190" NEXT_SECTION="" PREV_SECTION="" EMBEDDED_INTO="Ar02806" EMBEDDED_AFTER="Ar0280600" IMAGES_RESOLUTION="144" TOTAL_CHARS_COUNT="0" SUSPICIOUS_CHARS_COUNT="0" WORDCNT="0">
		<Name>Untitled Picture</Name>
		<Primitive ID="Pc0280700" BOX="713 1008 854 1190" ELEMENT_TYPE="Picture" SEQ_NO="0" TOC_ENTRY_ID="228" DEPTH_LEVEL="2" IMG_EXT="jpg"/>
	</Entity>
	<Entity ENTITY_TYPE="Article" FIRST_TOC_ENTRY_ID="221" INDEX_IN_DOC="221" DEPTH_LEVEL="1" ID="Ar02808" SIZE="Small" BOX="167 937 294 1270" NEXT_SECTION="" PREV_SECTION="" IMAGES_RESOLUTION="144" TOTAL_CHARS_COUNT="172" SUSPICIOUS_CHARS_COUNT="0" WORDCNT="72">
		<Name>LOTERIES</Name>
		<Primitive ID="Ar0280800" BOX="167 937 294 968" ELEMENT_TYPE="HedLine_hl1" SEQ_NO="1" TOC_ENTRY_ID="221" DEPTH_LEVEL="1"/>
		<Primitive ID="Ar0280801" BOX="167 968 294 1270" ELEMENT_TYPE="Content" SEQ_NO="0" TOC_ENTRY_ID="221" DEPTH_LEVEL="1"/>
	</Entity>
	<Entity ENTITY_TYPE="Ad" FIRST_TOC_ENTRY_ID="229" INDEX_IN_DOC="229" DEPTH_LEVEL="1" ID="Ad02809" SIZE="Small" BOX="443 1190 854 1273" NEXT_SECTION="" PREV_SECTION="" IMAGES_RESOLUTION="144" TOTAL_CHARS_COUNT="0" SUSPICIOUS_CHARS_COUNT="0" WORDCNT="25">
		<Name>Untitled Ad</Name>
		<Primitive ID="Ad0280900" BOX="443 1190 854 1273" ELEMENT_TYPE="Content" SEQ_NO="1" TOC_ENTRY_ID="229" DEPTH_LEVEL="1" E="N"/>
		<Primitive ID="Ad0280901" BOX="443 1190 854 1273" ELEMENT_TYPE="AdFrame" SEQ_NO="0" TOC_ENTRY_ID="229" DEPTH_LEVEL="1" I_RES="130"/>
	</Entity>
</XMD-PAGE>