<?xml version="1.0" encoding="windows-1252" standalone="no"?>
<XMD-PAGE REPOSITORY_FORMAT="1.0" PRXML_VER="2.2">
	<Meta ISSUE_DATE="03/03/2012" RELEASE_NO="113-IMP-2012-03-03-0001" PAGE_NO="32" NAME="" PAGE_LABEL="32" PAGE_TYPE="Single" PUBLISHER="Olive" PUBLICATION="IMP" SOURCE_TYPE="TIFF" SOURCE_RESOLUTION="72" IMAGES_RESOLUTION="144" PAGE_THUMBNAIL_RESOLUTION="72" PAGE_PREVIEW_RESOLUTION="15" DEFAULT_IMG_EXT="png" IMG_EXT="png" PREVIEW_IMG_EXT="png" XMD_VER="2.6.241.4" PROFILE_ID="W:\Batch\Profile\IMP-2012-03-03.ini" SECTION="Front Page" PAGE_WIDTH="879" PAGE_HEIGHT="1304" PAGES_NUMBER="36" BASE_HREF="IMP/2012/03/03" PDF_DESTINATION_MAPPED="OLV0_Page_0032" TOTAL_CHARS_COUNT="10039" SUSPICIOUS_CHARS_COUNT="0">
		<Resolutions>
			<Resolution DEFAULT="true">72</Resolution>
			<Resolution>120</Resolution>
			<Resolution>144</Resolution>
		</Resolutions>
	</Meta>
	<Link SOURCE="113-IMP-2012-03-03-0001.pdf" NEXT_SECTION="" PREV_SECTION=""/>
	<DataFiles>
		<Files TYPE="DOC_PDF" PRESENT="1"/>
		<Files TYPE="PAGE_PDF" PRESENT="0"/>
		<Files TYPE="DOC_IMG" PRESENT="0"/>
		<Files TYPE="PAGE_IMG" PRESENT="0"/>
		<Files TYPE="PAGE_VIEW_IMG" PRESENT="1"/>
		<Files TYPE="PAGE_PREVIEW_IMG" PRESENT="1"/>
		<Files TYPE="PRIMITIVE_IMG" PRESENT="1"/>
		<Files TYPE="SNIPPET_IMG" PRESENT="1"/>
		<Files TYPE="SEGMENTATION" PRESENT="0"/>
	</DataFiles>
	<Entity ENTITY_TYPE="Article" FIRST_TOC_ENTRY_ID="255" INDEX_IN_DOC="255" DEPTH_LEVEL="1" ID="Ar03200" SIZE="Medium" BOX="31 138 853 318" NEXT_SECTION="" PREV_SECTION="" IMAGES_RESOLUTION="144" TOTAL_CHARS_COUNT="1289" SUSPICIOUS_CHARS_COUNT="0" WORDCNT="302">
		<Name>PEOPLE</Name>
		<Primitive ID="Ar0320000" BOX="31 223 115 254" ELEMENT_TYPE="HedLine_hl1" SEQ_NO="0" TOC_ENTRY_ID="255" DEPTH_LEVEL="1"/>
		<Primitive ID="Ar0320001" BOX="164 138 360 317" ELEMENT_TYPE="Content" SEQ_NO="1" TOC_ENTRY_ID="255" DEPTH_LEVEL="1"/>
		<Primitive ID="Ar0320002" BOX="474 139 657 317" ELEMENT_TYPE="Content" SEQ_NO="2" TOC_ENTRY_ID="255" DEPTH_LEVEL="1"/>
		<Primitive ID="Ar0320003" BOX="666 139 853 318" ELEMENT_TYPE="Content" SEQ_NO="3" TOC_ENTRY_ID="255" DEPTH_LEVEL="1"/>
	</Entity>
	<Entity ENTITY_TYPE="Article" FIRST_TOC_ENTRY_ID="258" INDEX_IN_DOC="258" DEPTH_LEVEL="1" ID="Ar03201" SIZE="XLarge" BOX="31 367 847 1280" NEXT_SECTION="" PREV_SECTION="" IMAGES_RESOLUTION="144" TOTAL_CHARS_COUNT="8750" SUSPICIOUS_CHARS_COUNT="0" WORDCNT="2548">
		<Name>Untitled Article</Name>
		<Primitive ID="Ar0320100" BOX="31 367 133 644" ELEMENT_TYPE="Content" SEQ_NO="0" TOC_ENTRY_ID="258" DEPTH_LEVEL="1"/>
		<Primitive ID="Ar0320101" BOX="31 708 133 928" ELEMENT_TYPE="Content" SEQ_NO="1" TOC_ENTRY_ID="258" DEPTH_LEVEL="1"/>
		<Primitive ID="Ar0320102" BOX="31 928 133 1158" ELEMENT_TYPE="Content" SEQ_NO="2" TOC_ENTRY_ID="258" DEPTH_LEVEL="1"/>
		<Primitive ID="Ar0320103" BOX="31 1158 133 1280" ELEMENT_TYPE="Content" SEQ_NO="3" TOC_ENTRY_ID="258" DEPTH_LEVEL="1"/>
		<Primitive ID="Ar0320104" BOX="150 367 252 644" ELEMENT_TYPE="Content" SEQ_NO="4" TOC_ENTRY_ID="258" DEPTH_LEVEL="1"/>
		<Primitive ID="Ar0320105" BOX="150 708 252 928" ELEMENT_TYPE="Content" SEQ_NO="5" TOC_ENTRY_ID="258" DEPTH_LEVEL="1"/>
		<Primitive ID="Ar0320106" BOX="150 928 252 1158" ELEMENT_TYPE="Content" SEQ_NO="6" TOC_ENTRY_ID="258" DEPTH_LEVEL="1"/>
		<Primitive ID="Ar0320107" BOX="150 1158 252 1280" ELEMENT_TYPE="Content" SEQ_NO="7" TOC_ENTRY_ID="258" DEPTH_LEVEL="1"/>
		<Primitive ID="Ar0320108" BOX="270 367 371 644" ELEMENT_TYPE="Content" SEQ_NO="8" TOC_ENTRY_ID="258" DEPTH_LEVEL="1"/>
		<Primitive ID="Ar0320109" BOX="270 708 371 928" ELEMENT_TYPE="Content" SEQ_NO="9" TOC_ENTRY_ID="258" DEPTH_LEVEL="1"/>
		<Primitive ID="Ar0320110" BOX="270 928 371 1158" ELEMENT_TYPE="Content" SEQ_NO="10" TOC_ENTRY_ID="258" DEPTH_LEVEL="1"/>
		<Primitive ID="Ar0320111" BOX="270 1158 371 1280" ELEMENT_TYPE="Content" SEQ_NO="11" TOC_ENTRY_ID="258" DEPTH_LEVEL="1"/>
		<Primitive ID="Ar0320112" BOX="389 367 490 644" ELEMENT_TYPE="Content" SEQ_NO="12" TOC_ENTRY_ID="258" DEPTH_LEVEL="1"/>
		<Primitive ID="Ar0320113" BOX="389 708 490 928" ELEMENT_TYPE="Content" SEQ_NO="13" TOC_ENTRY_ID="258" DEPTH_LEVEL="1"/>
		<Primitive ID="Ar0320114" BOX="389 928 490 1158" ELEMENT_TYPE="Content" SEQ_NO="14" TOC_ENTRY_ID="258" DEPTH_LEVEL="1"/>
		<Primitive ID="Ar0320115" BOX="389 1158 490 1280" ELEMENT_TYPE="Content" SEQ_NO="15" TOC_ENTRY_ID="258" DEPTH_LEVEL="1"/>
		<Primitive ID="Ar0320116" BOX="508 367 609 644" ELEMENT_TYPE="Content" SEQ_NO="16" TOC_ENTRY_ID="258" DEPTH_LEVEL="1"/>
		<Primitive ID="Ar0320117" BOX="508 708 609 928" ELEMENT_TYPE="Content" SEQ_NO="17" TOC_ENTRY_ID="258" DEPTH_LEVEL="1"/>
		<Primitive ID="Ar0320118" BOX="508 928 609 1158" ELEMENT_TYPE="Content" SEQ_NO="18" TOC_ENTRY_ID="258" DEPTH_LEVEL="1"/>
		<Primitive ID="Ar0320119" BOX="629 367 729 644" ELEMENT_TYPE="Content" SEQ_NO="19" TOC_ENTRY_ID="258" DEPTH_LEVEL="1"/>
		<Primitive ID="Ar0320120" BOX="629 708 729 928" ELEMENT_TYPE="Content" SEQ_NO="20" TOC_ENTRY_ID="258" DEPTH_LEVEL="1"/>
		<Primitive ID="Ar0320121" BOX="629 928 729 1158" ELEMENT_TYPE="Content" SEQ_NO="21" TOC_ENTRY_ID="258" DEPTH_LEVEL="1"/>
		<Primitive ID="Ar0320122" BOX="629 1158 729 1280" ELEMENT_TYPE="Content" SEQ_NO="22" TOC_ENTRY_ID="258" DEPTH_LEVEL="1"/>
		<Primitive ID="Ar0320123" BOX="743 367 847 644" ELEMENT_TYPE="Content" SEQ_NO="23" TOC_ENTRY_ID="258" DEPTH_LEVEL="1"/>
		<Primitive ID="Ar0320124" BOX="743 708 847 928" ELEMENT_TYPE="Content" SEQ_NO="24" TOC_ENTRY_ID="258" DEPTH_LEVEL="1"/>
		<Primitive ID="Ar0320125" BOX="743 928 847 1158" ELEMENT_TYPE="Content" SEQ_NO="25" TOC_ENTRY_ID="258" DEPTH_LEVEL="1"/>
		<Primitive ID="Ar0320126" BOX="743 1158 847 1280" ELEMENT_TYPE="Content" SEQ_NO="26" TOC_ENTRY_ID="258" DEPTH_LEVEL="1"/>
		<Primitive ID="Ar0320127" BOX="508 1158 609 1280" ELEMENT_TYPE="Content" SEQ_NO="27" TOC_ENTRY_ID="258" DEPTH_LEVEL="1"/>
	</Entity>
	<Entity ENTITY_TYPE="Picture" FIRST_TOC_ENTRY_ID="259" INDEX_IN_DOC="259" DEPTH_LEVEL="2" ID="Pc03202" SIZE="Small" BOX="31 644 133 708" NEXT_SECTION="" PREV_SECTION="" EMBEDDED_INTO="Ar03201" EMBEDDED_AFTER="Ar0320100" IMAGES_RESOLUTION="144" TOTAL_CHARS_COUNT="0" SUSPICIOUS_CHARS_COUNT="0" WORDCNT="0">
		<Name>Untitled Picture</Name>
		<Primitive ID="Pc0320200" BOX="31 644 133 708" ELEMENT_TYPE="Picture" SEQ_NO="0" TOC_ENTRY_ID="259" DEPTH_LEVEL="2" IMG_EXT="jpg"/>
	</Entity>
	<Entity ENTITY_TYPE="Picture" FIRST_TOC_ENTRY_ID="260" INDEX_IN_DOC="260" DEPTH_LEVEL="2" ID="Pc03203" SIZE="Small" BOX="743 644 847 708" NEXT_SECTION="" PREV_SECTION="" EMBEDDED_INTO="Ar03201" EMBEDDED_AFTER="Ar0320100" IMAGES_RESOLUTION="144" TOTAL_CHARS_COUNT="0" SUSPICIOUS_CHARS_COUNT="0" WORDCNT="0">
		<Name>Untitled Picture</Name>
		<Primitive ID="Pc0320300" BOX="743 644 847 708" ELEMENT_TYPE="Picture" SEQ_NO="0" TOC_ENTRY_ID="260" DEPTH_LEVEL="2" IMG_EXT="jpg"/>
	</Entity>
	<Entity ENTITY_TYPE="Picture" FIRST_TOC_ENTRY_ID="261" INDEX_IN_DOC="261" DEPTH_LEVEL="2" ID="Pc03204" SIZE="Small" BOX="629 644 729 708" NEXT_SECTION="" PREV_SECTION="" EMBEDDED_INTO="Ar03201" EMBEDDED_AFTER="Ar0320100" IMAGES_RESOLUTION="144" TOTAL_CHARS_COUNT="0" SUSPICIOUS_CHARS_COUNT="0" WORDCNT="0">
		<Name>Untitled Picture</Name>
		<Primitive ID="Pc0320400" BOX="629 644 729 708" ELEMENT_TYPE="Picture" SEQ_NO="0" TOC_ENTRY_ID="261" DEPTH_LEVEL="2" IMG_EXT="jpg"/>
	</Entity>
	<Entity ENTITY_TYPE="Picture" FIRST_TOC_ENTRY_ID="262" INDEX_IN_DOC="262" DEPTH_LEVEL="2" ID="Pc03205" SIZE="Small" BOX="508 644 609 708" NEXT_SECTION="" PREV_SECTION="" EMBEDDED_INTO="Ar03201" EMBEDDED_AFTER="Ar0320100" IMAGES_RESOLUTION="144" TOTAL_CHARS_COUNT="0" SUSPICIOUS_CHARS_COUNT="0" WORDCNT="0">
		<Name>Untitled Picture</Name>
		<Primitive ID="Pc0320500" BOX="508 644 609 708" ELEMENT_TYPE="Picture" SEQ_NO="0" TOC_ENTRY_ID="262" DEPTH_LEVEL="2" IMG_EXT="jpg"/>
	</Entity>
	<Entity ENTITY_TYPE="Picture" FIRST_TOC_ENTRY_ID="263" INDEX_IN_DOC="263" DEPTH_LEVEL="2" ID="Pc03206" SIZE="Small" BOX="389 644 490 708" NEXT_SECTION="" PREV_SECTION="" EMBEDDED_INTO="Ar03201" EMBEDDED_AFTER="Ar0320100" IMAGES_RESOLUTION="144" TOTAL_CHARS_COUNT="0" SUSPICIOUS_CHARS_COUNT="0" WORDCNT="0">
		<Name>Untitled Picture</Name>
		<Primitive ID="Pc0320600" BOX="389 644 490 708" ELEMENT_TYPE="Picture" SEQ_NO="0" TOC_ENTRY_ID="263" DEPTH_LEVEL="2" IMG_EXT="jpg"/>
	</Entity>
	<Entity ENTITY_TYPE="Picture" FIRST_TOC_ENTRY_ID="264" INDEX_IN_DOC="264" DEPTH_LEVEL="2" ID="Pc03207" SIZE="Small" BOX="270 644 371 708" NEXT_SECTION="" PREV_SECTION="" EMBEDDED_INTO="Ar03201" EMBEDDED_AFTER="Ar0320100" IMAGES_RESOLUTION="144" TOTAL_CHARS_COUNT="0" SUSPICIOUS_CHARS_COUNT="0" WORDCNT="0">
		<Name>Untitled Picture</Name>
		<Primitive ID="Pc0320700" BOX="270 644 371 708" ELEMENT_TYPE="Picture" SEQ_NO="0" TOC_ENTRY_ID="264" DEPTH_LEVEL="2" IMG_EXT="jpg"/>
	</Entity>
	<Entity ENTITY_TYPE="Picture" FIRST_TOC_ENTRY_ID="265" INDEX_IN_DOC="265" DEPTH_LEVEL="2" ID="Pc03208" SIZE="Small" BOX="150 644 252 708" NEXT_SECTION="" PREV_SECTION="" EMBEDDED_INTO="Ar03201" EMBEDDED_AFTER="Ar0320100" IMAGES_RESOLUTION="144" TOTAL_CHARS_COUNT="0" SUSPICIOUS_CHARS_COUNT="0" WORDCNT="0">
		<Name>Untitled Picture</Name>
		<Primitive ID="Pc0320800" BOX="150 644 252 708" ELEMENT_TYPE="Picture" SEQ_NO="0" TOC_ENTRY_ID="265" DEPTH_LEVEL="2" IMG_EXT="jpg"/>
	</Entity>
	<Entity ENTITY_TYPE="Picture" FIRST_TOC_ENTRY_ID="256" INDEX_IN_DOC="256" DEPTH_LEVEL="2" ID="Pc03209" SIZE="Small" BOX="336 48 530 333" NEXT_SECTION="" PREV_SECTION="" EMBEDDED_INTO="Ar03200" EMBEDDED_AFTER="Ar0320000" IMAGES_RESOLUTION="144" TOTAL_CHARS_COUNT="0" SUSPICIOUS_CHARS_COUNT="0" WORDCNT="0">
		<Name>Untitled Picture</Name>
		<Primitive ID="Pc0320900" BOX="336 48 530 333" ELEMENT_TYPE="Picture" SEQ_NO="0" TOC_ENTRY_ID="256" DEPTH_LEVEL="2" IMG_EXT="jpg"/>
	</Entity>
	<Entity ENTITY_TYPE="Picture" FIRST_TOC_ENTRY_ID="257" INDEX_IN_DOC="257" DEPTH_LEVEL="2" ID="Pc03210" SIZE="Small" BOX="29 136 132 209" NEXT_SECTION="" PREV_SECTION="" EMBEDDED_INTO="Ar03200" EMBEDDED_AFTER="Ar0320001" IMAGES_RESOLUTION="144" TOTAL_CHARS_COUNT="0" SUSPICIOUS_CHARS_COUNT="0" WORDCNT="0">
		<Name>Untitled Picture</Name>
		<Primitive ID="Pc0321000" BOX="29 136 132 209" ELEMENT_TYPE="Picture" SEQ_NO="0" TOC_ENTRY_ID="257" DEPTH_LEVEL="2" IMG_EXT="jpg"/>
	</Entity>
</XMD-PAGE>