<?xml version="1.0" encoding="windows-1252" standalone="no"?>
<XMD-entity REPOSITORY_FORMAT="1.0" PRXML_VER="2.3" ENTITY_TYPE="Ad" DOC_UID="IMP_04/05/1931" DOC_VER="1" FIRST_TOC_ENTRY_ID="57" DEPTH_LEVEL="1" INDEX_IN_DOC="57" PAGE_NO="6" ID="Ad00601" BOX="933 120 1207 1117" LANGUAGE="French" SNP="Ad00601S.png" SNP_WIDTH="33" SNP_HEIGHT="120" LOGICAL_NAME="true">
	<Meta NAME="" DESCRIPTION="" SUBTYPE="" BASE_HREF="IMP/1931/05/04" SOURCE_TYPE="TIFF" PUBLICATION="IMP" SECTION="None" ISSUE_DATE="04/05/1931" WORDCNT="10" RELEASE_NO="113-IMP-1931-05-04-0001" PAGE_ID="" PAGE_TYPE="Single" PAGE_WIDTH="937" PAGE_HEIGHT="1368" DEFAULT_IMG_EXT="png" PDF_DESTINATION_MAPPED="OLV0_Entity_0006_0002" IMAGES_RESOLUTION="160" XMD_VER="2.6.242.42" PAGE_LABEL="6" TOTAL_CHARS_COUNT="0" SUSPICIOUS_CHARS_COUNT="0"/>
	<Link SOURCE="113-IMP-1931-05-04-0001.pdf" FIRST_ID="Ar00200" LAST_ID="Ar00807" NEXT_ID="Ad00602" PREV_ID="Ad00600" TOC_ID="W:/Repository/IMP/1931/05/04/TOC.xml"/>
	<DataFiles>
		<Files TYPE="DOC_PDF" PRESENT="1"/>
		<Files TYPE="PAGE_PDF" PRESENT="0"/>
		<Files TYPE="DOC_IMG" PRESENT="0"/>
		<Files TYPE="PAGE_IMG" PRESENT="0"/>
		<Files TYPE="PAGE_VIEW_IMG" PRESENT="1"/>
		<Files TYPE="PAGE_PREVIEW_IMG" PRESENT="1"/>
		<Files TYPE="PRIMITIVE_IMG" PRESENT="1"/>
		<Files TYPE="SNIPPET_IMG" PRESENT="1"/>
		<Files TYPE="SEGMENTATION" PRESENT="0"/>
		<Files TYPE="PAGINATION_TEMPLATE_BACKGROUND" PRESENT="0"/>
		<Files TYPE="EXTERNAL_FONTS" PRESENT="0"/>
		<Files TYPE="PROFILE" PRESENT="0"/>
	</DataFiles>
	<Content>
		<Primitive BOX="933 120 1207 1118" ID="Ad0060100" E="N" SEQ_NO="1" TOC_ENTRY_ID="57" DEPTH_LEVEL="1" POPULAR_STYLE_REF="73">
			<L BOX="1022 910 1082 933"/>
			<Q BOX="1022 910 1028 933" STYLE_REF="73" QID="1">.</Q>
			<Q BOX="1026 910 1033 933" STYLE_REF="73" QID="1">.</Q>
			<q BOX="1031 910 1037 933" STYLE_REF="73" QID="1">.</q>
			<QW QID="1">...</QW>
			<W BOX="1045 910 1082 933" STYLE_REF="73">prise</W>
			<L BOX="1021 927 1089 950"/>
			<W BOX="1021 927 1089 950" STYLE_REF="73">demande</W>
			<L BOX="1021 943 1207 966"/>
			<W BOX="1021 943 1086 966" STYLE_REF="73">pastilles</W>
			<W BOX="1181 943 1207 966" STYLE_REF="73">311</W>
			<L BOX="1020 959 1107 982"/>
			<W BOX="1020 959 1044 982" STYLE_REF="73">jus</W>
			<W BOX="1052 959 1107 982" STYLE_REF="73">gomm�</W>
			<L BOX="1021 976 1091 999"/>
			<W BOX="1021 976 1076 999" STYLE_REF="73" NS="y">qualit�</W>
			<Q BOX="1076 976 1081 999" STYLE_REF="73" QID="2">.</Q>
			<Q BOX="1081 976 1086 999" STYLE_REF="73" QID="2">.</Q>
			<q BOX="1086 976 1091 999" STYLE_REF="73" QID="2">.</q>
			<QW QID="2">...</QW>
			<L BOX="974 993 1148 1072" P="SA"/>
			<Q BOX="974 998 1009 1072" STYLE_REF="115" QID="3">_</Q>
			<Q BOX="1010 998 1044 1072" STYLE_REF="115" QID="3">4</Q>
			<Q BOX="1043 998 1077 1072" STYLE_REF="115" QID="3">_</Q>
			<Q BOX="1077 993 1119 1067" STYLE_REF="115" QID="3">3</Q>
			<q BOX="1113 993 1148 1067" STYLE_REF="115" QID="3">_</q>
			<QW QID="3">_4_3_</QW>
			<L BOX="975 1048 1146 1089" P="S"/>
			<W BOX="975 1048 1146 1089" STYLE_REF="116">GURINER</W>
		</Primitive>
	</Content>
	<AdFrame>
		<Img BOX="933 120 1207 1118" ID="Ad0060101" HREF="/6/Img/Ad0060101.png" I_RES="144" TOC_ENTRY_ID="57" SEQ_NO="0"/>
	</AdFrame>
</XMD-entity>