<?xml version="1.0" encoding="windows-1252" standalone="no"?>
<XMD-entity REPOSITORY_FORMAT="1.0" PRXML_VER="2.3" ENTITY_TYPE="Ad" DOC_UID="IMP_04/05/1931" DOC_VER="1" FIRST_TOC_ENTRY_ID="61" DEPTH_LEVEL="1" INDEX_IN_DOC="61" PAGE_NO="6" ID="Ad00608" BOX="933 1779 1207 2595" LANGUAGE="French" SNP="Ad00608S.png" SNP_WIDTH="40" SNP_HEIGHT="120" LOGICAL_NAME="true">
	<Meta NAME="" DESCRIPTION="" SUBTYPE="" BASE_HREF="IMP/1931/05/04" SOURCE_TYPE="TIFF" PUBLICATION="IMP" SECTION="None" ISSUE_DATE="04/05/1931" WORDCNT="16" RELEASE_NO="113-IMP-1931-05-04-0001" PAGE_ID="" PAGE_TYPE="Single" PAGE_WIDTH="937" PAGE_HEIGHT="1368" DEFAULT_IMG_EXT="png" PDF_DESTINATION_MAPPED="OLV0_Entity_0006_0009" IMAGES_RESOLUTION="160" XMD_VER="2.6.242.42" PAGE_LABEL="6" TOTAL_CHARS_COUNT="0" SUSPICIOUS_CHARS_COUNT="0"/>
	<Link SOURCE="113-IMP-1931-05-04-0001.pdf" FIRST_ID="Ar00200" LAST_ID="Ar00807" NEXT_ID="Ad00609" PREV_ID="Ad00607" TOC_ID="W:/Repository/IMP/1931/05/04/TOC.xml"/>
	<DataFiles>
		<Files TYPE="DOC_PDF" PRESENT="1"/>
		<Files TYPE="PAGE_PDF" PRESENT="0"/>
		<Files TYPE="DOC_IMG" PRESENT="0"/>
		<Files TYPE="PAGE_IMG" PRESENT="0"/>
		<Files TYPE="PAGE_VIEW_IMG" PRESENT="1"/>
		<Files TYPE="PAGE_PREVIEW_IMG" PRESENT="1"/>
		<Files TYPE="PRIMITIVE_IMG" PRESENT="1"/>
		<Files TYPE="SNIPPET_IMG" PRESENT="1"/>
		<Files TYPE="SEGMENTATION" PRESENT="0"/>
		<Files TYPE="PAGINATION_TEMPLATE_BACKGROUND" PRESENT="0"/>
		<Files TYPE="EXTERNAL_FONTS" PRESENT="0"/>
		<Files TYPE="PROFILE" PRESENT="0"/>
	</DataFiles>
	<Content>
		<Primitive BOX="933 1780 1207 2596" ID="Ad0060800" E="N" SEQ_NO="1" TOC_ENTRY_ID="61" DEPTH_LEVEL="1" POPULAR_STYLE_REF="126">
			<L BOX="963 1952 1209 2056" P="SA"/>
			<Q BOX="963 1952 1048 2056" STYLE_REF="129" QID="1">do</Q>
			<q BOX="1041 1952 1209 2056" STYLE_REF="129" QID="1">uillet</q>
			<QW QID="1">douillet</QW>
			<L BOX="1007 2058 1141 2085" P="S"/>
			<W BOX="1007 2058 1141 2085" STYLE_REF="126">TECHNICIEN</W>
			<L BOX="1007 2086 1145 2114"/>
			<W BOX="1007 2086 1145 2114" STYLE_REF="126">DENTISTE</W>
			<L BOX="966 2145 1185 2172"/>
			<W BOX="966 2145 1015 2172" STYLE_REF="126">PARC</W>
			<W BOX="1023 2145 1041 2172" STYLE_REF="126">51</W>
			<W BOX="1052 2145 1075 2172" STYLE_REF="126">�</W>
			<W BOX="1083 2145 1116 2172" STYLE_REF="126" NS="y">TEL</W>
			<W BOX="1116 2145 1120 2172" STYLE_REF="126">.</W>
			<W BOX="1130 2145 1150 2172" STYLE_REF="126" NS="y">22</W>
			<W BOX="1150 2145 1155 2172" STYLE_REF="126" NS="y">.</W>
			<W BOX="1155 2145 1185 2172" STYLE_REF="126">198</W>
			<L BOX="965 2219 1174 2262" P="S"/>
			<W BOX="965 2219 1050 2262" STYLE_REF="69">TOUS</W>
			<W BOX="1073 2219 1174 2262" STYLE_REF="69">SOINS</W>
			<L BOX="969 2260 1176 2303"/>
			<W BOX="969 2260 1176 2303" STYLE_REF="69">DENTAIRES</W>
			<L BOX="975 2395 1175 2438" P="S"/>
			<W BOX="975 2395 1175 2438" STYLE_REF="69">DENTIERS</W>
			<L BOX="942 2437 1207 2480"/>
			<W BOX="942 2437 1042 2480" STYLE_REF="69">TOUS</W>
			<W BOX="1060 2437 1207 2480" STYLE_REF="69">GENRES</W>
		</Primitive>
	</Content>
	<AdFrame>
		<Img BOX="933 1780 1207 2596" ID="Ad0060801" HREF="/6/Img/Ad0060801.png" I_RES="144" TOC_ENTRY_ID="61" SEQ_NO="0"/>
	</AdFrame>
</XMD-entity>