<?xml version="1.0" encoding="windows-1252" standalone="no"?>
<XMD-entity REPOSITORY_FORMAT="1.0" PRXML_VER="2.3" ENTITY_TYPE="Ad" DOC_UID="IMP_04/05/1931" DOC_VER="1" FIRST_TOC_ENTRY_ID="66" DEPTH_LEVEL="1" INDEX_IN_DOC="66" PAGE_NO="6" ID="Ad00614" BOX="1493 120 2066 519" LANGUAGE="French" SNP="Ad00614S.png" SNP_WIDTH="172" SNP_HEIGHT="120" LOGICAL_NAME="true">
	<Meta NAME="" DESCRIPTION="" SUBTYPE="" BASE_HREF="IMP/1931/05/04" SOURCE_TYPE="TIFF" PUBLICATION="IMP" SECTION="None" ISSUE_DATE="04/05/1931" WORDCNT="6" RELEASE_NO="113-IMP-1931-05-04-0001" PAGE_ID="" PAGE_TYPE="Single" PAGE_WIDTH="937" PAGE_HEIGHT="1368" DEFAULT_IMG_EXT="png" PDF_DESTINATION_MAPPED="OLV0_Entity_0006_0015" IMAGES_RESOLUTION="160" XMD_VER="2.6.242.42" PAGE_LABEL="6" TOTAL_CHARS_COUNT="0" SUSPICIOUS_CHARS_COUNT="0"/>
	<Link SOURCE="113-IMP-1931-05-04-0001.pdf" FIRST_ID="Ar00200" LAST_ID="Ar00807" NEXT_ID="Ar00615" PREV_ID="Ar00613" TOC_ID="W:/Repository/IMP/1931/05/04/TOC.xml"/>
	<DataFiles>
		<Files TYPE="DOC_PDF" PRESENT="1"/>
		<Files TYPE="PAGE_PDF" PRESENT="0"/>
		<Files TYPE="DOC_IMG" PRESENT="0"/>
		<Files TYPE="PAGE_IMG" PRESENT="0"/>
		<Files TYPE="PAGE_VIEW_IMG" PRESENT="1"/>
		<Files TYPE="PAGE_PREVIEW_IMG" PRESENT="1"/>
		<Files TYPE="PRIMITIVE_IMG" PRESENT="1"/>
		<Files TYPE="SNIPPET_IMG" PRESENT="1"/>
		<Files TYPE="SEGMENTATION" PRESENT="0"/>
		<Files TYPE="PAGINATION_TEMPLATE_BACKGROUND" PRESENT="0"/>
		<Files TYPE="EXTERNAL_FONTS" PRESENT="0"/>
		<Files TYPE="PROFILE" PRESENT="0"/>
	</DataFiles>
	<Content>
		<Primitive BOX="1493 120 2067 520" ID="Ad0061400" E="N" SEQ_NO="1" TOC_ENTRY_ID="66" DEPTH_LEVEL="1" POPULAR_STYLE_REF="73">
			<L BOX="1498 478 2025 515"/>
			<W BOX="1498 490 1521 514" STYLE_REF="73">JH</W>
			<W BOX="1528 490 1569 514" STYLE_REF="73">10675</W>
			<W BOX="1571 490 1581 514" STYLE_REF="73">Z</W>
			<W BOX="1634 487 1652 511" STYLE_REF="73">V</W>
			<W BOX="1688 482 1704 506" STYLE_REF="73">�</W>
			<W BOX="1746 478 1753 501" STYLE_REF="73">*</W>
			<W BOX="1990 491 2025 515" STYLE_REF="73">6350</W>
		</Primitive>
	</Content>
	<AdFrame>
		<Img BOX="1493 120 2067 520" ID="Ad0061401" HREF="/6/Img/Ad0061401.png" I_RES="144" TOC_ENTRY_ID="66" SEQ_NO="0"/>
	</AdFrame>
</XMD-entity>