<?xml version="1.0" encoding="windows-1252" standalone="no"?>
<XMD-entity REPOSITORY_FORMAT="1.0" PRXML_VER="2.3" ENTITY_TYPE="Ad" DOC_UID="IMP_04/05/1931" DOC_VER="1" FIRST_TOC_ENTRY_ID="63" DEPTH_LEVEL="1" INDEX_IN_DOC="63" PAGE_NO="6" ID="Ad00609" BOX="933 2777 1207 2969" LANGUAGE="French" SNP="Ad00609S.png" SNP_WIDTH="171" SNP_HEIGHT="120" LOGICAL_NAME="true">
	<Meta NAME="" DESCRIPTION="" SUBTYPE="" BASE_HREF="IMP/1931/05/04" SOURCE_TYPE="TIFF" PUBLICATION="IMP" SECTION="None" ISSUE_DATE="04/05/1931" WORDCNT="28" RELEASE_NO="113-IMP-1931-05-04-0001" PAGE_ID="" PAGE_TYPE="Single" PAGE_WIDTH="937" PAGE_HEIGHT="1368" DEFAULT_IMG_EXT="png" PDF_DESTINATION_MAPPED="OLV0_Entity_0006_0010" IMAGES_RESOLUTION="160" XMD_VER="2.6.242.42" PAGE_LABEL="6" TOTAL_CHARS_COUNT="0" SUSPICIOUS_CHARS_COUNT="0"/>
	<Link SOURCE="113-IMP-1931-05-04-0001.pdf" FIRST_ID="Ar00200" LAST_ID="Ar00807" NEXT_ID="Ar00610" PREV_ID="Ad00608" TOC_ID="W:/Repository/IMP/1931/05/04/TOC.xml"/>
	<DataFiles>
		<Files TYPE="DOC_PDF" PRESENT="1"/>
		<Files TYPE="PAGE_PDF" PRESENT="0"/>
		<Files TYPE="DOC_IMG" PRESENT="0"/>
		<Files TYPE="PAGE_IMG" PRESENT="0"/>
		<Files TYPE="PAGE_VIEW_IMG" PRESENT="1"/>
		<Files TYPE="PAGE_PREVIEW_IMG" PRESENT="1"/>
		<Files TYPE="PRIMITIVE_IMG" PRESENT="1"/>
		<Files TYPE="SNIPPET_IMG" PRESENT="1"/>
		<Files TYPE="SEGMENTATION" PRESENT="0"/>
		<Files TYPE="PAGINATION_TEMPLATE_BACKGROUND" PRESENT="0"/>
		<Files TYPE="EXTERNAL_FONTS" PRESENT="0"/>
		<Files TYPE="PROFILE" PRESENT="0"/>
	</DataFiles>
	<Content>
		<Primitive BOX="933 2778 1207 2969" ID="Ad0060900" E="N" SEQ_NO="1" TOC_ENTRY_ID="63" DEPTH_LEVEL="1" POPULAR_STYLE_REF="73">
			<L BOX="962 2767 1140 2817"/>
			<W BOX="962 2767 1140 2817" STYLE_REF="114">musique</W>
			<L BOX="963 2809 1185 2834" P="S"/>
			<W BOX="963 2811 998 2834" STYLE_REF="73">pour</W>
			<W BOX="1005 2811 1045 2834" STYLE_REF="73" NS="y">chant</W>
			<W BOX="1049 2809 1053 2833" STYLE_REF="73">,</W>
			<W BOX="1061 2809 1106 2833" STYLE_REF="73" NS="y">violon</W>
			<W BOX="1110 2809 1115 2833" STYLE_REF="73">,</W>
			<Q BOX="1123 2809 1131 2833" STYLE_REF="73" QID="1">p</Q>
			<q BOX="1132 2809 1165 2833" STYLE_REF="73" QID="1">iano</q>
			<QW QID="1">piano</QW>
			<W BOX="1173 2809 1185 2833" STYLE_REF="73">et</W>
			<L BOX="965 2825 1186 2850"/>
			<W BOX="965 2827 995 2850" STYLE_REF="73">tous</W>
			<W BOX="1015 2827 1109 2850" STYLE_REF="73" NS="y">instruments</W>
			<W BOX="1110 2825 1115 2849" STYLE_REF="73">,</W>
			<W BOX="1135 2825 1186 2849" STYLE_REF="73">depuis</W>
			<L BOX="964 2843 1186 2866"/>
			<W BOX="964 2843 980 2866" STYLE_REF="73">10</W>
			<W BOX="985 2843 1005 2866" STYLE_REF="73">cts</W>
			<W BOX="1012 2843 1027 2866" STYLE_REF="73">le</W>
			<W BOX="1034 2843 1083 2866" STYLE_REF="73">cahier</W>
			<W BOX="1153 2843 1186 2866" STYLE_REF="73">4340</W>
			<L BOX="980 2859 1184 2886" P="S"/>
			<W BOX="980 2859 1012 2886" STYLE_REF="126">chez</W>
			<W BOX="1105 2859 1184 2886" STYLE_REF="126">Reinert</W>
			<L BOX="944 2906 1200 2955" P="S"/>
			<W BOX="944 2908 1001 2954" STYLE_REF="7" M="2 * ">_oSLGS</W>
			<W BOX="1007 2906 1020 2953" STYLE_REF="7">Q</W>
			<W BOX="1028 2906 1041 2953" STYLE_REF="7" NS="y">6</W>
			<W BOX="1041 2906 1059 2953" STYLE_REF="7" NS="y">G</W>
			<W BOX="1059 2906 1071 2953" STYLE_REF="7" NS="y">0</W>
			<W BOX="1071 2906 1077 2953" STYLE_REF="7" NS="y">I</W>
			<W BOX="1077 2906 1090 2953" STYLE_REF="7" NS="y">6</W>
			<W BOX="1090 2906 1096 2953" STYLE_REF="7">.</W>
			<W BOX="1101 2919 1200 2955" STYLE_REF="67">COURVOISIER</W>
			<L BOX="1041 2790 1353 2813" P="S"/>
			<W BOX="1041 2790 1353 2813" STYLE_REF="73">!</W>
		</Primitive>
	</Content>
	<AdFrame>
		<Img BOX="933 2778 1207 2969" ID="Ad0060901" HREF="/6/Img/Ad0060901.png" I_RES="144" TOC_ENTRY_ID="63" SEQ_NO="0"/>
	</AdFrame>
</XMD-entity>