<?xml version="1.0" encoding="windows-1252" standalone="no"?>
<XMD-entity REPOSITORY_FORMAT="1.0" PRXML_VER="2.2" ENTITY_TYPE="Ad" DOC_UID="IMP_03/03/2012" DOC_VER="1" FIRST_TOC_ENTRY_ID="281" DEPTH_LEVEL="1" INDEX_IN_DOC="281" PAGE_NO="33" ID="Ad03311" BOX="1432 275 1726 658" LANGUAGE="French" SNP="Ad03311S.png" SNP_WIDTH="92" SNP_HEIGHT="120">
	<Meta NAME="Untitled Ad" DESCRIPTION="" SUBTYPE="" BASE_HREF="IMP/2012/03/03" SOURCE_TYPE="TIFF" PUBLICATION="IMP" SECTION="Front Page" ISSUE_DATE="03/03/2012" WORDCNT="6" RELEASE_NO="113-IMP-2012-03-03-0001" PAGE_ID="" PAGE_TYPE="Single" PAGE_WIDTH="879" PAGE_HEIGHT="1304" DEFAULT_IMG_EXT="png" PDF_DESTINATION_MAPPED="OLV0_Entity_0033_0012" IMAGES_RESOLUTION="144" XMD_VER="2.6.241.4" PAGE_LABEL="33" TOTAL_CHARS_COUNT="30" SUSPICIOUS_CHARS_COUNT="0"/>
	<Link SOURCE="113-IMP-2012-03-03-0001.pdf" FIRST_ID="Ar00100" LAST_ID="Pc03613" NEXT_ID="Pc03312" PREV_ID="Pc03310" TOC_ID="W:/Repository/IMP/2012/03/03/TOC.xml"/>
	<DataFiles>
		<Files TYPE="DOC_PDF" PRESENT="1"/>
		<Files TYPE="PAGE_PDF" PRESENT="0"/>
		<Files TYPE="DOC_IMG" PRESENT="0"/>
		<Files TYPE="PAGE_IMG" PRESENT="0"/>
		<Files TYPE="PAGE_VIEW_IMG" PRESENT="1"/>
		<Files TYPE="PAGE_PREVIEW_IMG" PRESENT="1"/>
		<Files TYPE="PRIMITIVE_IMG" PRESENT="1"/>
		<Files TYPE="SNIPPET_IMG" PRESENT="1"/>
		<Files TYPE="SEGMENTATION" PRESENT="0"/>
	</DataFiles>
	<Content>
		<Primitive BOX="1491 382 1559 390" ID="Ad0331100" E="N" SEQ_NO="1" TOC_ENTRY_ID="281" DEPTH_LEVEL="1">
			<L BOX="1491 383 1558 390"/>
			<Q BOX="1491 383 1529 390" STYLE_REF="1" QID="1">Multimedia</Q>
			<Q BOX="1529 383 1531 390" STYLE_REF="1" LH="y" QID="1">-</Q>
			<q BOX="1531 383 1558 390" STYLE_REF="1" QID="1">Adapter</q>
			<QW QID="1">Multimedia-Adapter</QW>
		</Primitive>
		<Primitive BOX="1472 425 1494 433" ID="Ad0331101" E="N" SEQ_NO="2" TOC_ENTRY_ID="281" DEPTH_LEVEL="1">
			<L BOX="1473 426 1494 433"/>
			<W BOX="1473 426 1494 433" STYLE_REF="1">RADIO</W>
		</Primitive>
		<Primitive BOX="1511 425 1536 433" ID="Ad0331102" E="N" SEQ_NO="3" TOC_ENTRY_ID="281" DEPTH_LEVEL="1">
			<L BOX="1511 426 1537 433"/>
			<W BOX="1511 426 1537 433" STYLE_REF="1">MODEM</W>
		</Primitive>
		<Primitive BOX="1561 425 1570 433" ID="Ad0331103" E="N" SEQ_NO="4" TOC_ENTRY_ID="281" DEPTH_LEVEL="1">
			<L BOX="1560 426 1569 433"/>
			<W BOX="1560 426 1569 433" STYLE_REF="1">TV</W>
		</Primitive>
		<Primitive BOX="1432 275 1726 658" ID="Ad0331104" E="N" SEQ_NO="5" TOC_ENTRY_ID="281" DEPTH_LEVEL="1"/>
	</Content>
	<AdFrame>
		<Img BOX="1432 275 1726 658" ID="Ad0331105" HREF="/33/Img/Ad0331105.png" I_RES="130" TOC_ENTRY_ID="281" SEQ_NO="0"/>
	</AdFrame>
</XMD-entity>