<?xml version="1.0" encoding="windows-1252" standalone="no"?>
<XMD-entity REPOSITORY_FORMAT="1.0" PRXML_VER="2.2" ENTITY_TYPE="Picture" FIRST_TOC_ENTRY_ID="272" DEPTH_LEVEL="2" INDEX_IN_DOC="272" PAGE_NO="33" ID="Pc03307" BOX="779 1282 980 1420" LANGUAGE="French" SNP="Pc03307S.jpg" SNP_WIDTH="174" SNP_HEIGHT="120">
	<Meta NAME="Untitled Picture" DESCRIPTION="" SUBTYPE="" BASE_HREF="IMP/2012/03/03" SOURCE_TYPE="TIFF" PUBLICATION="IMP" SECTION="Front Page" ISSUE_DATE="03/03/2012" WORDCNT="0" RELEASE_NO="113-IMP-2012-03-03-0001" PAGE_ID="" PAGE_TYPE="Single" PAGE_WIDTH="879" PAGE_HEIGHT="1304" DEFAULT_IMG_EXT="png" PDF_DESTINATION_MAPPED="OLV0_Entity_0033_0008" IMAGES_RESOLUTION="144" EMBEDDED_INTO="Ar03301" EMBEDDED_AFTER="Ar0330100" XMD_VER="2.6.241.4" PAGE_LABEL="33" TOTAL_CHARS_COUNT="0" SUSPICIOUS_CHARS_COUNT="0"/>
	<Link SOURCE="113-IMP-2012-03-03-0001.pdf" FIRST_ID="Ar00100" LAST_ID="Pc03613" NEXT_ID="Pc03308" PREV_ID="Pc03306" TOC_ID="W:/Repository/IMP/2012/03/03/TOC.xml"/>
	<DataFiles>
		<Files TYPE="DOC_PDF" PRESENT="1"/>
		<Files TYPE="PAGE_PDF" PRESENT="0"/>
		<Files TYPE="DOC_IMG" PRESENT="0"/>
		<Files TYPE="PAGE_IMG" PRESENT="0"/>
		<Files TYPE="PAGE_VIEW_IMG" PRESENT="1"/>
		<Files TYPE="PAGE_PREVIEW_IMG" PRESENT="1"/>
		<Files TYPE="PRIMITIVE_IMG" PRESENT="1"/>
		<Files TYPE="SNIPPET_IMG" PRESENT="1"/>
		<Files TYPE="SEGMENTATION" PRESENT="0"/>
	</DataFiles>
	<Picture>
		<Img BOX="779 1282 980 1420" ID="Pc0330700" IMG_EXT="jpg" HREF="/33/Img/Pc0330700.jpg" TOC_ENTRY_ID="272" SEQ_NO="0"/>
	</Picture>
</XMD-entity>