<?xml version="1.0" encoding="windows-1252" standalone="no"?>
<XMD-PAGE REPOSITORY_FORMAT="1.0" PRXML_VER="2.2">
	<Meta ISSUE_DATE="03/03/2012" RELEASE_NO="113-IMP-2012-03-03-0001" PAGE_NO="33" NAME="" PAGE_LABEL="33" PAGE_TYPE="Single" PUBLISHER="Olive" PUBLICATION="IMP" SOURCE_TYPE="TIFF" SOURCE_RESOLUTION="72" IMAGES_RESOLUTION="144" PAGE_THUMBNAIL_RESOLUTION="72" PAGE_PREVIEW_RESOLUTION="15" DEFAULT_IMG_EXT="png" IMG_EXT="png" PREVIEW_IMG_EXT="png" XMD_VER="2.6.241.4" PROFILE_ID="W:\Batch\Profile\IMP-2012-03-03.ini" SECTION="Front Page" PAGE_WIDTH="879" PAGE_HEIGHT="1304" PAGES_NUMBER="36" BASE_HREF="IMP/2012/03/03" PDF_DESTINATION_MAPPED="OLV0_Page_0033" TOTAL_CHARS_COUNT="10248" SUSPICIOUS_CHARS_COUNT="0">
		<Resolutions>
			<Resolution DEFAULT="true">72</Resolution>
			<Resolution>120</Resolution>
			<Resolution>144</Resolution>
		</Resolutions>
	</Meta>
	<Link SOURCE="113-IMP-2012-03-03-0001.pdf" NEXT_SECTION="" PREV_SECTION=""/>
	<DataFiles>
		<Files TYPE="DOC_PDF" PRESENT="1"/>
		<Files TYPE="PAGE_PDF" PRESENT="0"/>
		<Files TYPE="DOC_IMG" PRESENT="0"/>
		<Files TYPE="PAGE_IMG" PRESENT="0"/>
		<Files TYPE="PAGE_VIEW_IMG" PRESENT="1"/>
		<Files TYPE="PAGE_PREVIEW_IMG" PRESENT="1"/>
		<Files TYPE="PRIMITIVE_IMG" PRESENT="1"/>
		<Files TYPE="SNIPPET_IMG" PRESENT="1"/>
		<Files TYPE="SEGMENTATION" PRESENT="0"/>
	</DataFiles>
	<Entity ENTITY_TYPE="Article" FIRST_TOC_ENTRY_ID="276" INDEX_IN_DOC="276" DEPTH_LEVEL="1" ID="Ar03300" SIZE="Small" BOX="164 141 716 325" NEXT_SECTION="" PREV_SECTION="" IMAGES_RESOLUTION="144" TOTAL_CHARS_COUNT="1386" SUSPICIOUS_CHARS_COUNT="0" WORDCNT="337">
		<Name>Les suggestions de la semaine</Name>
		<Primitive ID="Ar0330000" BOX="167 141 414 161" ELEMENT_TYPE="HedLine_hl1" SEQ_NO="0" TOC_ENTRY_ID="276" DEPTH_LEVEL="1"/>
		<Primitive ID="Ar0330001" BOX="217 162 296 222" ELEMENT_TYPE="Content" SEQ_NO="1" TOC_ENTRY_ID="276" DEPTH_LEVEL="1"/>
		<Primitive ID="Ar0330002" BOX="164 225 298 324" ELEMENT_TYPE="Content" SEQ_NO="2" TOC_ENTRY_ID="276" DEPTH_LEVEL="1"/>
		<Primitive ID="Ar0330003" BOX="356 162 435 210" ELEMENT_TYPE="Content" SEQ_NO="3" TOC_ENTRY_ID="276" DEPTH_LEVEL="1"/>
		<Primitive ID="Ar0330004" BOX="303 225 437 324" ELEMENT_TYPE="Content" SEQ_NO="4" TOC_ENTRY_ID="276" DEPTH_LEVEL="1"/>
		<Primitive ID="Ar0330005" BOX="494 162 574 224" ELEMENT_TYPE="Content" SEQ_NO="5" TOC_ENTRY_ID="276" DEPTH_LEVEL="1"/>
		<Primitive ID="Ar0330006" BOX="442 225 576 322" ELEMENT_TYPE="Content" SEQ_NO="6" TOC_ENTRY_ID="276" DEPTH_LEVEL="1"/>
		<Primitive ID="Ar0330007" BOX="632 161 712 220" ELEMENT_TYPE="Content" SEQ_NO="7" TOC_ENTRY_ID="276" DEPTH_LEVEL="1"/>
		<Primitive ID="Ar0330008" BOX="580 225 716 325" ELEMENT_TYPE="Content" SEQ_NO="8" TOC_ENTRY_ID="276" DEPTH_LEVEL="1"/>
	</Entity>
	<Entity ENTITY_TYPE="Article" FIRST_TOC_ENTRY_ID="268" INDEX_IN_DOC="268" DEPTH_LEVEL="1" ID="Ar03301" SIZE="XLarge" BOX="31 363 850 1277" NEXT_SECTION="" PREV_SECTION="" IMAGES_RESOLUTION="144" TOTAL_CHARS_COUNT="8832" SUSPICIOUS_CHARS_COUNT="0" WORDCNT="2565">
		<Name>Untitled Article</Name>
		<Primitive ID="Ar0330100" BOX="31 363 133 641" ELEMENT_TYPE="Content" SEQ_NO="0" TOC_ENTRY_ID="268" DEPTH_LEVEL="1"/>
		<Primitive ID="Ar0330101" BOX="31 710 133 933" ELEMENT_TYPE="Content" SEQ_NO="1" TOC_ENTRY_ID="268" DEPTH_LEVEL="1"/>
		<Primitive ID="Ar0330102" BOX="31 933 133 1156" ELEMENT_TYPE="Content" SEQ_NO="2" TOC_ENTRY_ID="268" DEPTH_LEVEL="1"/>
		<Primitive ID="Ar0330103" BOX="31 1156 133 1277" ELEMENT_TYPE="Content" SEQ_NO="3" TOC_ENTRY_ID="268" DEPTH_LEVEL="1"/>
		<Primitive ID="Ar0330104" BOX="150 363 252 641" ELEMENT_TYPE="Content" SEQ_NO="4" TOC_ENTRY_ID="268" DEPTH_LEVEL="1"/>
		<Primitive ID="Ar0330105" BOX="150 710 252 933" ELEMENT_TYPE="Content" SEQ_NO="5" TOC_ENTRY_ID="268" DEPTH_LEVEL="1"/>
		<Primitive ID="Ar0330106" BOX="150 933 252 1156" ELEMENT_TYPE="Content" SEQ_NO="6" TOC_ENTRY_ID="268" DEPTH_LEVEL="1"/>
		<Primitive ID="Ar0330107" BOX="150 1156 252 1277" ELEMENT_TYPE="Content" SEQ_NO="7" TOC_ENTRY_ID="268" DEPTH_LEVEL="1"/>
		<Primitive ID="Ar0330108" BOX="266 363 371 641" ELEMENT_TYPE="Content" SEQ_NO="8" TOC_ENTRY_ID="268" DEPTH_LEVEL="1"/>
		<Primitive ID="Ar0330109" BOX="266 710 371 933" ELEMENT_TYPE="Content" SEQ_NO="9" TOC_ENTRY_ID="268" DEPTH_LEVEL="1"/>
		<Primitive ID="Ar0330110" BOX="266 933 371 1156" ELEMENT_TYPE="Content" SEQ_NO="10" TOC_ENTRY_ID="268" DEPTH_LEVEL="1"/>
		<Primitive ID="Ar0330111" BOX="266 1156 371 1277" ELEMENT_TYPE="Content" SEQ_NO="11" TOC_ENTRY_ID="268" DEPTH_LEVEL="1"/>
		<Primitive ID="Ar0330112" BOX="389 363 490 641" ELEMENT_TYPE="Content" SEQ_NO="12" TOC_ENTRY_ID="268" DEPTH_LEVEL="1"/>
		<Primitive ID="Ar0330113" BOX="389 710 490 933" ELEMENT_TYPE="Content" SEQ_NO="13" TOC_ENTRY_ID="268" DEPTH_LEVEL="1"/>
		<Primitive ID="Ar0330114" BOX="389 933 490 1156" ELEMENT_TYPE="Content" SEQ_NO="14" TOC_ENTRY_ID="268" DEPTH_LEVEL="1"/>
		<Primitive ID="Ar0330115" BOX="389 1156 490 1277" ELEMENT_TYPE="Content" SEQ_NO="15" TOC_ENTRY_ID="268" DEPTH_LEVEL="1"/>
		<Primitive ID="Ar0330116" BOX="508 363 609 641" ELEMENT_TYPE="Content" SEQ_NO="16" TOC_ENTRY_ID="268" DEPTH_LEVEL="1"/>
		<Primitive ID="Ar0330117" BOX="508 710 609 933" ELEMENT_TYPE="Content" SEQ_NO="17" TOC_ENTRY_ID="268" DEPTH_LEVEL="1"/>
		<Primitive ID="Ar0330118" BOX="508 933 609 1156" ELEMENT_TYPE="Content" SEQ_NO="18" TOC_ENTRY_ID="268" DEPTH_LEVEL="1"/>
		<Primitive ID="Ar0330119" BOX="508 1156 609 1277" ELEMENT_TYPE="Content" SEQ_NO="19" TOC_ENTRY_ID="268" DEPTH_LEVEL="1"/>
		<Primitive ID="Ar0330120" BOX="629 363 729 641" ELEMENT_TYPE="Content" SEQ_NO="20" TOC_ENTRY_ID="268" DEPTH_LEVEL="1"/>
		<Primitive ID="Ar0330121" BOX="629 710 729 933" ELEMENT_TYPE="Content" SEQ_NO="21" TOC_ENTRY_ID="268" DEPTH_LEVEL="1"/>
		<Primitive ID="Ar0330122" BOX="629 933 729 1156" ELEMENT_TYPE="Content" SEQ_NO="22" TOC_ENTRY_ID="268" DEPTH_LEVEL="1"/>
		<Primitive ID="Ar0330123" BOX="629 1156 729 1277" ELEMENT_TYPE="Content" SEQ_NO="23" TOC_ENTRY_ID="268" DEPTH_LEVEL="1"/>
		<Primitive ID="Ar0330124" BOX="743 933 850 1156" ELEMENT_TYPE="Content" SEQ_NO="24" TOC_ENTRY_ID="268" DEPTH_LEVEL="1"/>
		<Primitive ID="Ar0330125" BOX="743 707 850 933" ELEMENT_TYPE="Content" SEQ_NO="25" TOC_ENTRY_ID="268" DEPTH_LEVEL="1"/>
		<Primitive ID="Ar0330126" BOX="743 1156 850 1277" ELEMENT_TYPE="Content" SEQ_NO="26" TOC_ENTRY_ID="268" DEPTH_LEVEL="1"/>
		<Primitive ID="Ar0330127" BOX="743 363 850 641" ELEMENT_TYPE="Content" SEQ_NO="27" TOC_ENTRY_ID="268" DEPTH_LEVEL="1"/>
	</Entity>
	<Entity ENTITY_TYPE="Picture" FIRST_TOC_ENTRY_ID="277" INDEX_IN_DOC="277" DEPTH_LEVEL="2" ID="Pc03302" SIZE="Small" BOX="584 165 629 224" NEXT_SECTION="" PREV_SECTION="" EMBEDDED_INTO="Ar03300" EMBEDDED_AFTER="Ar0330000" IMAGES_RESOLUTION="144" TOTAL_CHARS_COUNT="0" SUSPICIOUS_CHARS_COUNT="0" WORDCNT="0">
		<Name>Untitled Picture</Name>
		<Primitive ID="Pc0330200" BOX="584 165 629 224" ELEMENT_TYPE="Picture" SEQ_NO="0" TOC_ENTRY_ID="277" DEPTH_LEVEL="2" IMG_EXT="jpg"/>
	</Entity>
	<Entity ENTITY_TYPE="Picture" FIRST_TOC_ENTRY_ID="267" INDEX_IN_DOC="267" DEPTH_LEVEL="2" ID="Pc03303" SIZE="Small" BOX="24 136 140 211" NEXT_SECTION="" PREV_SECTION="" EMBEDDED_INTO="Ar03314" EMBEDDED_AFTER="Ar0331400" IMAGES_RESOLUTION="144" TOTAL_CHARS_COUNT="0" SUSPICIOUS_CHARS_COUNT="0" WORDCNT="0">
		<Name>Untitled Picture</Name>
		<Primitive ID="Pc0330300" BOX="24 136 140 211" ELEMENT_TYPE="Picture" SEQ_NO="0" TOC_ENTRY_ID="267" DEPTH_LEVEL="2" IMG_EXT="jpg"/>
	</Entity>
	<Entity ENTITY_TYPE="Picture" FIRST_TOC_ENTRY_ID="269" INDEX_IN_DOC="269" DEPTH_LEVEL="2" ID="Pc03304" SIZE="Small" BOX="31 641 133 710" NEXT_SECTION="" PREV_SECTION="" EMBEDDED_INTO="Ar03301" EMBEDDED_AFTER="Ar0330100" IMAGES_RESOLUTION="144" TOTAL_CHARS_COUNT="0" SUSPICIOUS_CHARS_COUNT="0" WORDCNT="0">
		<Name>Untitled Picture</Name>
		<Primitive ID="Pc0330400" BOX="31 641 133 710" ELEMENT_TYPE="Picture" SEQ_NO="0" TOC_ENTRY_ID="269" DEPTH_LEVEL="2" IMG_EXT="jpg"/>
	</Entity>
	<Entity ENTITY_TYPE="Picture" FIRST_TOC_ENTRY_ID="270" INDEX_IN_DOC="270" DEPTH_LEVEL="2" ID="Pc03305" SIZE="Small" BOX="150 641 252 710" NEXT_SECTION="" PREV_SECTION="" EMBEDDED_INTO="Ar03301" EMBEDDED_AFTER="Ar0330100" IMAGES_RESOLUTION="144" TOTAL_CHARS_COUNT="0" SUSPICIOUS_CHARS_COUNT="0" WORDCNT="0">
		<Name>Untitled Picture</Name>
		<Primitive ID="Pc0330500" BOX="150 641 252 710" ELEMENT_TYPE="Picture" SEQ_NO="0" TOC_ENTRY_ID="270" DEPTH_LEVEL="2" IMG_EXT="jpg"/>
	</Entity>
	<Entity ENTITY_TYPE="Picture" FIRST_TOC_ENTRY_ID="271" INDEX_IN_DOC="271" DEPTH_LEVEL="2" ID="Pc03306" SIZE="Small" BOX="266 641 371 710" NEXT_SECTION="" PREV_SECTION="" EMBEDDED_INTO="Ar03301" EMBEDDED_AFTER="Ar0330100" IMAGES_RESOLUTION="144" TOTAL_CHARS_COUNT="0" SUSPICIOUS_CHARS_COUNT="0" WORDCNT="0">
		<Name>Untitled Picture</Name>
		<Primitive ID="Pc0330600" BOX="266 641 371 710" ELEMENT_TYPE="Picture" SEQ_NO="0" TOC_ENTRY_ID="271" DEPTH_LEVEL="2" IMG_EXT="jpg"/>
	</Entity>
	<Entity ENTITY_TYPE="Picture" FIRST_TOC_ENTRY_ID="272" INDEX_IN_DOC="272" DEPTH_LEVEL="2" ID="Pc03307" SIZE="Small" BOX="389 641 490 710" NEXT_SECTION="" PREV_SECTION="" EMBEDDED_INTO="Ar03301" EMBEDDED_AFTER="Ar0330100" IMAGES_RESOLUTION="144" TOTAL_CHARS_COUNT="0" SUSPICIOUS_CHARS_COUNT="0" WORDCNT="0">
		<Name>Untitled Picture</Name>
		<Primitive ID="Pc0330700" BOX="389 641 490 710" ELEMENT_TYPE="Picture" SEQ_NO="0" TOC_ENTRY_ID="272" DEPTH_LEVEL="2" IMG_EXT="jpg"/>
	</Entity>
	<Entity ENTITY_TYPE="Picture" FIRST_TOC_ENTRY_ID="273" INDEX_IN_DOC="273" DEPTH_LEVEL="2" ID="Pc03308" SIZE="Small" BOX="508 641 609 710" NEXT_SECTION="" PREV_SECTION="" EMBEDDED_INTO="Ar03301" EMBEDDED_AFTER="Ar0330100" IMAGES_RESOLUTION="144" TOTAL_CHARS_COUNT="0" SUSPICIOUS_CHARS_COUNT="0" WORDCNT="0">
		<Name>Untitled Picture</Name>
		<Primitive ID="Pc0330800" BOX="508 641 609 710" ELEMENT_TYPE="Picture" SEQ_NO="0" TOC_ENTRY_ID="273" DEPTH_LEVEL="2" IMG_EXT="jpg"/>
	</Entity>
	<Entity ENTITY_TYPE="Picture" FIRST_TOC_ENTRY_ID="274" INDEX_IN_DOC="274" DEPTH_LEVEL="2" ID="Pc03309" SIZE="Small" BOX="629 641 729 710" NEXT_SECTION="" PREV_SECTION="" EMBEDDED_INTO="Ar03301" EMBEDDED_AFTER="Ar0330100" IMAGES_RESOLUTION="144" TOTAL_CHARS_COUNT="0" SUSPICIOUS_CHARS_COUNT="0" WORDCNT="0">
		<Name>Untitled Picture</Name>
		<Primitive ID="Pc0330900" BOX="629 641 729 710" ELEMENT_TYPE="Picture" SEQ_NO="0" TOC_ENTRY_ID="274" DEPTH_LEVEL="2" IMG_EXT="jpg"/>
	</Entity>
	<Entity ENTITY_TYPE="Picture" FIRST_TOC_ENTRY_ID="275" INDEX_IN_DOC="275" DEPTH_LEVEL="2" ID="Pc03310" SIZE="Small" BOX="743 641 850 707" NEXT_SECTION="" PREV_SECTION="" EMBEDDED_INTO="Ar03301" EMBEDDED_AFTER="Ar0330100" IMAGES_RESOLUTION="144" TOTAL_CHARS_COUNT="0" SUSPICIOUS_CHARS_COUNT="0" WORDCNT="0">
		<Name>Untitled Picture</Name>
		<Primitive ID="Pc0331000" BOX="743 641 850 707" ELEMENT_TYPE="Picture" SEQ_NO="0" TOC_ENTRY_ID="275" DEPTH_LEVEL="2" IMG_EXT="jpg"/>
	</Entity>
	<Entity ENTITY_TYPE="Ad" FIRST_TOC_ENTRY_ID="281" INDEX_IN_DOC="281" DEPTH_LEVEL="1" ID="Ad03311" SIZE="Small" BOX="716 138 863 329" NEXT_SECTION="" PREV_SECTION="" IMAGES_RESOLUTION="144" TOTAL_CHARS_COUNT="30" SUSPICIOUS_CHARS_COUNT="0" WORDCNT="6">
		<Name>Untitled Ad</Name>
		<Primitive ID="Ad0331100" BOX="745 191 779 195" ELEMENT_TYPE="Content" SEQ_NO="1" TOC_ENTRY_ID="281" DEPTH_LEVEL="1" E="N"/>
		<Primitive ID="Ad0331101" BOX="736 213 747 216" ELEMENT_TYPE="Content" SEQ_NO="2" TOC_ENTRY_ID="281" DEPTH_LEVEL="1" E="N"/>
		<Primitive ID="Ad0331102" BOX="755 213 768 216" ELEMENT_TYPE="Content" SEQ_NO="3" TOC_ENTRY_ID="281" DEPTH_LEVEL="1" E="N"/>
		<Primitive ID="Ad0331103" BOX="780 213 785 216" ELEMENT_TYPE="Content" SEQ_NO="4" TOC_ENTRY_ID="281" DEPTH_LEVEL="1" E="N"/>
		<Primitive ID="Ad0331104" BOX="716 138 863 329" ELEMENT_TYPE="Content" SEQ_NO="5" TOC_ENTRY_ID="281" DEPTH_LEVEL="1" E="N"/>
		<Primitive ID="Ad0331105" BOX="716 138 863 329" ELEMENT_TYPE="AdFrame" SEQ_NO="0" TOC_ENTRY_ID="281" DEPTH_LEVEL="1" I_RES="130"/>
	</Entity>
	<Entity ENTITY_TYPE="Picture" FIRST_TOC_ENTRY_ID="278" INDEX_IN_DOC="278" DEPTH_LEVEL="2" ID="Pc03312" SIZE="Small" BOX="168 165 214 222" NEXT_SECTION="" PREV_SECTION="" EMBEDDED_INTO="Ar03300" EMBEDDED_AFTER="Ar0330000" IMAGES_RESOLUTION="144" TOTAL_CHARS_COUNT="0" SUSPICIOUS_CHARS_COUNT="0" WORDCNT="0">
		<Name>Untitled Picture</Name>
		<Primitive ID="Pc0331200" BOX="168 165 214 222" ELEMENT_TYPE="Picture" SEQ_NO="0" TOC_ENTRY_ID="278" DEPTH_LEVEL="2" IMG_EXT="jpg"/>
	</Entity>
	<Entity ENTITY_TYPE="Picture" FIRST_TOC_ENTRY_ID="279" INDEX_IN_DOC="279" DEPTH_LEVEL="2" ID="Pc03313" SIZE="Small" BOX="308 165 354 227" NEXT_SECTION="" PREV_SECTION="" EMBEDDED_INTO="Ar03300" EMBEDDED_AFTER="Ar0330000" IMAGES_RESOLUTION="144" TOTAL_CHARS_COUNT="0" SUSPICIOUS_CHARS_COUNT="0" WORDCNT="0">
		<Name>Untitled Picture</Name>
		<Primitive ID="Pc0331300" BOX="308 165 354 227" ELEMENT_TYPE="Picture" SEQ_NO="0" TOC_ENTRY_ID="279" DEPTH_LEVEL="2" IMG_EXT="jpg"/>
	</Entity>
	<Entity ENTITY_TYPE="Article" FIRST_TOC_ENTRY_ID="266" INDEX_IN_DOC="266" DEPTH_LEVEL="1" ID="Ar03314" SIZE="Small" BOX="24 211 140 322" NEXT_SECTION="" PREV_SECTION="" IMAGES_RESOLUTION="144" TOTAL_CHARS_COUNT="0" SUSPICIOUS_CHARS_COUNT="0" WORDCNT="0">
		<Name>Untitled Article</Name>
		<Primitive ID="Ar0331400" BOX="24 211 140 273" ELEMENT_TYPE="HedLine_hl1" SEQ_NO="1" TOC_ENTRY_ID="266" DEPTH_LEVEL="1"/>
		<Primitive ID="Ar0331401" BOX="24 273 140 322" ELEMENT_TYPE="Content" SEQ_NO="0" TOC_ENTRY_ID="266" DEPTH_LEVEL="1"/>
	</Entity>
	<Entity ENTITY_TYPE="Picture" FIRST_TOC_ENTRY_ID="280" INDEX_IN_DOC="280" DEPTH_LEVEL="2" ID="Pc03315" SIZE="Small" BOX="443 165 495 225" NEXT_SECTION="" PREV_SECTION="" EMBEDDED_INTO="Ar03300" EMBEDDED_AFTER="Ar0330000" IMAGES_RESOLUTION="144" TOTAL_CHARS_COUNT="0" SUSPICIOUS_CHARS_COUNT="0" WORDCNT="0">
		<Name>Untitled Picture</Name>
		<Primitive ID="Pc0331500" BOX="443 165 495 225" ELEMENT_TYPE="Picture" SEQ_NO="0" TOC_ENTRY_ID="280" DEPTH_LEVEL="2" IMG_EXT="jpg"/>
	</Entity>
</XMD-PAGE>