<?xml version="1.0" encoding="windows-1252" standalone="no"?>
<XMD-entity REPOSITORY_FORMAT="1.0" PRXML_VER="2.2" ENTITY_TYPE="Article" DOC_UID="IMP_03/03/2012" DOC_VER="1" FIRST_TOC_ENTRY_ID="72" DEPTH_LEVEL="1" INDEX_IN_DOC="72" PAGE_NO="9" ID="Ar00910" BOX="1156 2414 1713 2544" LANGUAGE="French" SNP="Ar00910S.png" SNP_WIDTH="350" SNP_HEIGHT="18">
	<Meta NAME="Untitled Article" DESCRIPTION="" SUBTYPE="" BASE_HREF="IMP/2012/03/03" SOURCE_TYPE="TIFF" PUBLICATION="IMP" SECTION="Front Page" ISSUE_DATE="03/03/2012" WORDCNT="0" RELEASE_NO="113-IMP-2012-03-03-0001" PAGE_ID="" PAGE_TYPE="Single" PAGE_WIDTH="879" PAGE_HEIGHT="1304" DEFAULT_IMG_EXT="png" PDF_DESTINATION_MAPPED="OLV0_Entity_0009_0011" IMAGES_RESOLUTION="144" XMD_VER="2.6.241.4" PAGE_LABEL="9" TOTAL_CHARS_COUNT="0" SUSPICIOUS_CHARS_COUNT="0"/>
	<Link SOURCE="113-IMP-2012-03-03-0001.pdf" FIRST_ID="Ar00100" LAST_ID="Pc03613" NEXT_ID="" PREV_ID="Ar00909" TOC_ID="W:/Repository/IMP/2012/03/03/TOC.xml"/>
	<DataFiles>
		<Files TYPE="DOC_PDF" PRESENT="1"/>
		<Files TYPE="PAGE_PDF" PRESENT="0"/>
		<Files TYPE="DOC_IMG" PRESENT="0"/>
		<Files TYPE="PAGE_IMG" PRESENT="0"/>
		<Files TYPE="PAGE_VIEW_IMG" PRESENT="1"/>
		<Files TYPE="PAGE_PREVIEW_IMG" PRESENT="1"/>
		<Files TYPE="PRIMITIVE_IMG" PRESENT="1"/>
		<Files TYPE="SNIPPET_IMG" PRESENT="1"/>
		<Files TYPE="SEGMENTATION" PRESENT="0"/>
	</DataFiles>
	<HedLine_hl1>
		<Primitive BOX="1156 2456 1713 2484" ID="Ar0091000" SEQ_NO="2" TOC_ENTRY_ID="72" DEPTH_LEVEL="1"/>
	</HedLine_hl1>
	<Content>
		<Primitive BOX="1156 2414 1713 2456" ID="Ar0091001" SEQ_NO="0" TOC_ENTRY_ID="72" DEPTH_LEVEL="1"/>
		<Primitive BOX="1156 2484 1713 2544" ID="Ar0091002" SEQ_NO="1" TOC_ENTRY_ID="72" DEPTH_LEVEL="1"/>
	</Content>
</XMD-entity>