<?xml version="1.0" encoding="windows-1252" standalone="no"?>
<XMD-entity REPOSITORY_FORMAT="1.0" PRXML_VER="2.3" ENTITY_TYPE="Ad" DOC_UID="IMP_03/09/1901" DOC_VER="1" FIRST_TOC_ENTRY_ID="11" DEPTH_LEVEL="1" INDEX_IN_DOC="14" PAGE_NO="2" ID="Ad00210" BOX="458 437 1178 694" LANGUAGE="French" SNP="Ad00210S.png" SNP_WIDTH="334" SNP_HEIGHT="120" LOGICAL_NAME="true">
	<Meta NAME="" DESCRIPTION="" SUBTYPE="" BASE_HREF="IMP/1901/09/03" SOURCE_TYPE="TIFF" PUBLICATION="IMP" SECTION="None" ISSUE_DATE="03/09/1901" WORDCNT="14" RELEASE_NO="113-IMP-1901-09-03-0001" PAGE_ID="" PAGE_TYPE="Single" PAGE_WIDTH="898" PAGE_HEIGHT="1284" DEFAULT_IMG_EXT="png" PDF_DESTINATION_MAPPED="OLV0_Entity_0002_0011" IMAGES_RESOLUTION="160" XMD_VER="2.8.100.5" PAGE_LABEL="2" TOTAL_CHARS_COUNT="0" SUSPICIOUS_CHARS_COUNT="0"/>
	<Link SOURCE="113-IMP-1901-09-03-0001.pdf" FIRST_ID="Ar00200" LAST_ID="Ar01001" NEXT_ID="Ad00211" PREV_ID="Ad00209" TOC_ID="W:/Repository/IMP/1901/09/03/TOC.xml"/>
	<DataFiles>
		<Files TYPE="DOC_PDF" PRESENT="1"/>
		<Files TYPE="PAGE_PDF" PRESENT="0"/>
		<Files TYPE="DOC_IMG" PRESENT="0"/>
		<Files TYPE="PAGE_IMG" PRESENT="0"/>
		<Files TYPE="PAGE_VIEW_IMG" PRESENT="1"/>
		<Files TYPE="PAGE_PREVIEW_IMG" PRESENT="1"/>
		<Files TYPE="PRIMITIVE_IMG" PRESENT="1"/>
		<Files TYPE="SNIPPET_IMG" PRESENT="1"/>
		<Files TYPE="SEGMENTATION" PRESENT="0"/>
		<Files TYPE="PAGINATION_TEMPLATE_BACKGROUND" PRESENT="0"/>
		<Files TYPE="EXTERNAL_FONTS" PRESENT="0"/>
		<Files TYPE="PROFILE" PRESENT="0"/>
	</DataFiles>
	<Content>
		<Primitive BOX="458 437 1178 694" ID="Ad0021000" E="N" SEQ_NO="1" TOC_ENTRY_ID="11" DEPTH_LEVEL="1" POPULAR_STYLE_REF="17">
			<L BOX="569 430 1083 620"/>
			<W BOX="569 430 918 620" STYLE_REF="58">Somat</W>
			<W BOX="911 430 1083 620" STYLE_REF="58">oss</W>
			<L BOX="620 587 1021 632" P="S"/>
			<W BOX="620 588 794 632" STYLE_REF="29">Reconstituant</W>
			<W BOX="807 588 834 632" STYLE_REF="29">de</W>
			<W BOX="846 587 939 631" STYLE_REF="29">premier</W>
			<W BOX="953 588 1015 632" STYLE_REF="29" NS="y">ordre</W>
			<W BOX="1014 588 1021 632" STYLE_REF="29">.</W>
			<L BOX="469 627 1168 652" P="S"/>
			<W BOX="469 627 495 651" STYLE_REF="17">En</W>
			<W BOX="499 627 542 651" STYLE_REF="17">vente</W>
			<W BOX="549 627 587 651" STYLE_REF="17">dans</W>
			<W BOX="593 627 615 651" STYLE_REF="17">les</W>
			<W BOX="622 628 715 651" STYLE_REF="17" NS="y">pharmacies</W>
			<W BOX="715 628 720 651" STYLE_REF="17">.</W>
			<Q BOX="897 628 914 652" STYLE_REF="17" QID="1" M="1 * ">na</Q>
			<Q BOX="914 628 920 652" STYLE_REF="17" LH="y" QID="1">-</Q>
			<q BOX="920 628 954 652" STYLE_REF="17" QID="1">1978</q>
			<QW QID="1">_na-1978</QW>
			<Q BOX="1112 628 1146 652" STYLE_REF="17" QID="2">9362</Q>
			<Q BOX="1145 628 1151 652" STYLE_REF="17" LH="y" QID="2">-</Q>
			<q BOX="1150 628 1168 652" STYLE_REF="17" QID="2">16</q>
			<QW QID="2">9362-16</QW>
		</Primitive>
	</Content>
	<AdFrame>
		<Img BOX="458 437 1178 694" ID="Ad0021001" HREF="/2/Img/Ad0021001.png" I_RES="144" TOC_ENTRY_ID="11" SEQ_NO="0"/>
	</AdFrame>
</XMD-entity>