<?xml version="1.0" encoding="windows-1252" standalone="no"?>
<XMD-entity REPOSITORY_FORMAT="1.0" PRXML_VER="2.2" ENTITY_TYPE="Ad" DOC_UID="IMP_03/03/2012" DOC_VER="1" FIRST_TOC_ENTRY_ID="58" DEPTH_LEVEL="1" INDEX_IN_DOC="58" PAGE_NO="8" ID="Ad00804" BOX="52 1037 1098 2547" LANGUAGE="French" SNP="Ad00804S.png" SNP_WIDTH="83" SNP_HEIGHT="120">
	<Meta NAME="Untitled Ad" DESCRIPTION="" SUBTYPE="" BASE_HREF="IMP/2012/03/03" SOURCE_TYPE="TIFF" PUBLICATION="IMP" SECTION="Front Page" ISSUE_DATE="03/03/2012" WORDCNT="70" RELEASE_NO="113-IMP-2012-03-03-0001" PAGE_ID="" PAGE_TYPE="Single" PAGE_WIDTH="879" PAGE_HEIGHT="1304" DEFAULT_IMG_EXT="png" PDF_DESTINATION_MAPPED="OLV0_Entity_0008_0005" IMAGES_RESOLUTION="144" XMD_VER="2.6.241.4" PAGE_LABEL="8" TOTAL_CHARS_COUNT="9" SUSPICIOUS_CHARS_COUNT="0"/>
	<Link SOURCE="113-IMP-2012-03-03-0001.pdf" FIRST_ID="Ar00100" LAST_ID="Pc03613" NEXT_ID="Ar00805" PREV_ID="Pc00803" TOC_ID="W:/Repository/IMP/2012/03/03/TOC.xml"/>
	<DataFiles>
		<Files TYPE="DOC_PDF" PRESENT="1"/>
		<Files TYPE="PAGE_PDF" PRESENT="0"/>
		<Files TYPE="DOC_IMG" PRESENT="0"/>
		<Files TYPE="PAGE_IMG" PRESENT="0"/>
		<Files TYPE="PAGE_VIEW_IMG" PRESENT="1"/>
		<Files TYPE="PAGE_PREVIEW_IMG" PRESENT="1"/>
		<Files TYPE="PRIMITIVE_IMG" PRESENT="1"/>
		<Files TYPE="SNIPPET_IMG" PRESENT="1"/>
		<Files TYPE="SEGMENTATION" PRESENT="0"/>
	</DataFiles>
	<Content>
		<Primitive BOX="57 1047 96 1059" ID="Ad0080400" SEQ_NO="1" TOC_ENTRY_ID="58" DEPTH_LEVEL="1">
			<L BOX="57 1047 96 1059"/>
			<W BOX="57 1047 96 1059" STYLE_REF="1">PUBLICIT�</W>
		</Primitive>
		<Primitive BOX="51 1037 1099 2547" ID="Ad0080401" E="N" SEQ_NO="2" TOC_ENTRY_ID="58" DEPTH_LEVEL="1">
			<L BOX="611 1804 612 1804" P="S"/>
			<W BOX="611 1804 611 1804" STYLE_REF="90" NS="y">&lt;</W>
			<W BOX="611 1804 611 1804" STYLE_REF="90" NS="y">wm</W>
			<W BOX="611 1804 611 1804" STYLE_REF="90" NS="y">&gt;</W>
			<W BOX="611 1804 611 1804" STYLE_REF="90" NS="y">10</W>
			<W BOX="611 1804 611 1804" STYLE_REF="90" NS="y">CAsNsjY</W>
			<W BOX="611 1804 611 1804" STYLE_REF="90" NS="y">0</W>
			<W BOX="611 1804 611 1804" STYLE_REF="90" NS="y">MDAy</W>
			<W BOX="611 1804 611 1804" STYLE_REF="90" NS="y">0</W>
			<W BOX="611 1804 611 1804" STYLE_REF="90" NS="y">jU</W>
			<W BOX="611 1804 611 1804" STYLE_REF="90" NS="y">0</W>
			<W BOX="611 1804 612 1804" STYLE_REF="90" NS="y">sjQwNwcAyzt</W>
			<W BOX="612 1804 612 1804" STYLE_REF="90" NS="y">9</W>
			<W BOX="612 1804 612 1804" STYLE_REF="90" NS="y">fw</W>
			<W BOX="612 1804 612 1804" STYLE_REF="90" NS="y">8</W>
			<W BOX="612 1804 612 1804" STYLE_REF="90" NS="y">AAAA</W>
			<W BOX="612 1804 612 1804" STYLE_REF="90" NS="y">=</W>
			<W BOX="612 1804 612 1804" STYLE_REF="90" NS="y">&lt;/</W>
			<W BOX="612 1804 612 1804" STYLE_REF="90" NS="y">wm</W>
			<W BOX="612 1804 612 1804" STYLE_REF="90">&gt;</W>
			<L BOX="591 1824 594 1824"/>
			<W BOX="591 1824 591 1824" STYLE_REF="90" NS="y">&lt;</W>
			<W BOX="591 1824 591 1824" STYLE_REF="90" NS="y">wm</W>
			<W BOX="591 1824 591 1824" STYLE_REF="90" NS="y">&gt;</W>
			<W BOX="591 1824 591 1824" STYLE_REF="90" NS="y">10</W>
			<W BOX="591 1824 591 1824" STYLE_REF="90" NS="y">CFWMMQqAMBAEX</W>
			<W BOX="591 1824 592 1824" STYLE_REF="90" NS="y">5</W>
			<W BOX="592 1824 592 1824" STYLE_REF="90" NS="y">Swt</W>
			<W BOX="592 1824 592 1824" STYLE_REF="90" NS="y">8</W>
			<W BOX="592 1824 592 1824" STYLE_REF="90" NS="y">klF</W>
			<W BOX="592 1824 592 1824" STYLE_REF="90" NS="y">68</W>
			<W BOX="592 1824 592 1824" STYLE_REF="90" NS="y">UO</W>
			<W BOX="592 1824 592 1824" STYLE_REF="90" NS="y">7</W>
			<Q BOX="592 1824 592 1824" STYLE_REF="90" QID="1">EQ</Q>
			<Q BOX="592 1824 592 1824" STYLE_REF="90" LH="y" QID="1">-</Q>
			<q BOX="592 1824 592 1824" STYLE_REF="90" NS="y" QID="1">zRi</q>
			<QW QID="1">EQ-zRi</QW>
			<W BOX="592 1824 592 1824" STYLE_REF="90" NS="y">7</W>
			<W BOX="592 1824 592 1824" STYLE_REF="90" NS="y">f</W>
			<W BOX="592 1824 592 1824" STYLE_REF="90" NS="y">8</W>
			<W BOX="592 1824 592 1824" STYLE_REF="90" NS="y">ro</W>
			<W BOX="592 1824 592 1824" STYLE_REF="90" NS="y">50</W>
			<W BOX="592 1824 592 1824" STYLE_REF="90" NS="y">w</W>
			<W BOX="592 1824 592 1824" STYLE_REF="90" NS="y">2</W>
			<W BOX="592 1824 592 1824" STYLE_REF="90" NS="y">wzDrqtrxLd</W>
			<W BOX="592 1824 592 1824" STYLE_REF="90" NS="y">52</W>
			<W BOX="592 1824 592 1824" STYLE_REF="90" NS="y">Y</W>
			<W BOX="592 1824 592 1824" STYLE_REF="90" NS="y">5</W>
			<W BOX="592 1824 593 1824" STYLE_REF="90" NS="y">ldwHIIGyo</W>
			<W BOX="593 1824 593 1824" STYLE_REF="90" NS="y">1</W>
			<W BOX="593 1824 593 1824" STYLE_REF="90" NS="y">TXnSKXXVCNgDsII</W>
			<W BOX="593 1824 593 1824" STYLE_REF="90" NS="y">4</W>
			<W BOX="593 1824 593 1824" STYLE_REF="90" NS="y">SQlI</W>
			<W BOX="593 1824 593 1824" STYLE_REF="90" NS="y">6</W>
			<W BOX="593 1824 593 1824" STYLE_REF="90" NS="y">HRfn</W>
			<W BOX="593 1824 593 1824" STYLE_REF="90" NS="y">2</W>
			<W BOX="593 1824 593 1824" STYLE_REF="90" NS="y">gYWj</W>
			<W BOX="593 1824 593 1824" STYLE_REF="90" NS="y">0</W>
			<W BOX="593 1824 594 1824" STYLE_REF="90" NS="y">twkYWBcNg</W>
			<W BOX="594 1824 594 1824" STYLE_REF="90" NS="y">8</W>
			<W BOX="594 1824 594 1824" STYLE_REF="90" NS="y">xuLF</W>
			<W BOX="594 1824 594 1824" STYLE_REF="90" NS="y">34</W>
			<W BOX="594 1824 594 1824" STYLE_REF="90" NS="y">PgwnmiTe</W>
			<W BOX="594 1824 594 1824" STYLE_REF="90" NS="y">5</W>
			<W BOX="594 1824 594 1824" STYLE_REF="90" NS="y">_</W>
			<W BOX="594 1824 594 1824" STYLE_REF="90" NS="y">UAJZP</W>
			<W BOX="594 1824 594 1824" STYLE_REF="90" NS="y">6</W>
			<W BOX="594 1824 594 1824" STYLE_REF="90" NS="y">C</W>
			<W BOX="594 1824 594 1824" STYLE_REF="90" NS="y">4</W>
			<W BOX="594 1824 594 1824" STYLE_REF="90" NS="y">AAAAA</W>
			<W BOX="594 1824 594 1824" STYLE_REF="90" NS="y">=</W>
			<W BOX="594 1824 594 1824" STYLE_REF="90" NS="y">&lt;/</W>
			<W BOX="594 1824 594 1824" STYLE_REF="90" NS="y">wm</W>
			<W BOX="594 1824 594 1824" STYLE_REF="90">&gt;</W>
		</Primitive>
	</Content>
	<AdFrame>
		<Img BOX="51 1037 1099 2547" ID="Ad0080402" HREF="/8/Img/Ad0080402.png" I_RES="54" TOC_ENTRY_ID="58" SEQ_NO="0"/>
	</AdFrame>
</XMD-entity>