<?xml version="1.0" encoding="windows-1252" standalone="no"?>
<XMD-PAGE REPOSITORY_FORMAT="1.0" PRXML_VER="2.2">
	<Meta ISSUE_DATE="03/03/2012" RELEASE_NO="113-IMP-2012-03-03-0001" PAGE_NO="8" NAME="" PAGE_LABEL="8" PAGE_TYPE="Single" PUBLISHER="Olive" PUBLICATION="IMP" SOURCE_TYPE="TIFF" SOURCE_RESOLUTION="72" IMAGES_RESOLUTION="144" PAGE_THUMBNAIL_RESOLUTION="72" PAGE_PREVIEW_RESOLUTION="15" DEFAULT_IMG_EXT="png" IMG_EXT="png" PREVIEW_IMG_EXT="png" XMD_VER="2.6.241.4" PROFILE_ID="W:\Batch\Profile\IMP-2012-03-03.ini" SECTION="Front Page" PAGE_WIDTH="879" PAGE_HEIGHT="1304" PAGES_NUMBER="36" BASE_HREF="IMP/2012/03/03" PDF_DESTINATION_MAPPED="OLV0_Page_0008" TOTAL_CHARS_COUNT="758" SUSPICIOUS_CHARS_COUNT="0">
		<Resolutions>
			<Resolution DEFAULT="true">72</Resolution>
			<Resolution>120</Resolution>
			<Resolution>144</Resolution>
		</Resolutions>
	</Meta>
	<Link SOURCE="113-IMP-2012-03-03-0001.pdf" NEXT_SECTION="" PREV_SECTION=""/>
	<DataFiles>
		<Files TYPE="DOC_PDF" PRESENT="1"/>
		<Files TYPE="PAGE_PDF" PRESENT="0"/>
		<Files TYPE="DOC_IMG" PRESENT="0"/>
		<Files TYPE="PAGE_IMG" PRESENT="0"/>
		<Files TYPE="PAGE_VIEW_IMG" PRESENT="1"/>
		<Files TYPE="PAGE_PREVIEW_IMG" PRESENT="1"/>
		<Files TYPE="PRIMITIVE_IMG" PRESENT="1"/>
		<Files TYPE="SNIPPET_IMG" PRESENT="1"/>
		<Files TYPE="SEGMENTATION" PRESENT="0"/>
	</DataFiles>
	<Entity ENTITY_TYPE="Article" FIRST_TOC_ENTRY_ID="56" INDEX_IN_DOC="56" DEPTH_LEVEL="1" ID="Ar00800" SIZE="Large" BOX="25 121 853 511" NEXT_SECTION="" PREV_SECTION="" IMAGES_RESOLUTION="144" TOTAL_CHARS_COUNT="175" SUSPICIOUS_CHARS_COUNT="0" WORDCNT="39">
		<Name>Les voleurs ont boss� le 1er mars</Name>
		<Primitive ID="Ar0080000" BOX="28 168 847 226" ELEMENT_TYPE="HedLine_hl1" SEQ_NO="0" TOC_ENTRY_ID="56" DEPTH_LEVEL="1"/>
		<Primitive ID="Ar0080001" BOX="28 121 847 168" ELEMENT_TYPE="Content" SEQ_NO="1" TOC_ENTRY_ID="56" DEPTH_LEVEL="1"/>
		<Primitive ID="Ar0080002" BOX="25 235 159 511" ELEMENT_TYPE="Content" SEQ_NO="2" TOC_ENTRY_ID="56" DEPTH_LEVEL="1"/>
		<Primitive ID="Ar0080003" BOX="164 233 298 499" ELEMENT_TYPE="Content" SEQ_NO="3" TOC_ENTRY_ID="56" DEPTH_LEVEL="1"/>
		<Primitive ID="Ar0080004" BOX="303 233 437 499" ELEMENT_TYPE="Content" SEQ_NO="4" TOC_ENTRY_ID="56" DEPTH_LEVEL="1"/>
		<Primitive ID="Ar0080005" BOX="442 404 717 435" ELEMENT_TYPE="Content" SEQ_NO="5" TOC_ENTRY_ID="56" DEPTH_LEVEL="1"/>
		<Primitive ID="Ar0080006" BOX="442 435 576 503" ELEMENT_TYPE="Content" SEQ_NO="6" TOC_ENTRY_ID="56" DEPTH_LEVEL="1"/>
		<Primitive ID="Ar0080007" BOX="576 435 717 503" ELEMENT_TYPE="Content" SEQ_NO="7" TOC_ENTRY_ID="56" DEPTH_LEVEL="1"/>
		<Primitive ID="Ar0080008" BOX="720 233 853 499" ELEMENT_TYPE="Content" SEQ_NO="8" TOC_ENTRY_ID="56" DEPTH_LEVEL="1"/>
	</Entity>
	<Entity ENTITY_TYPE="Article" FIRST_TOC_ENTRY_ID="59" INDEX_IN_DOC="59" DEPTH_LEVEL="1" ID="Ar00801" SIZE="Medium" BOX="574 521 853 896" NEXT_SECTION="" PREV_SECTION="" IMAGES_RESOLUTION="144" TOTAL_CHARS_COUNT="37" SUSPICIOUS_CHARS_COUNT="0" WORDCNT="7">
		<Name>Des oranges pour l�enfance</Name>
		<Primitive ID="Ar0080100" BOX="581 543 845 570" ELEMENT_TYPE="HedLine_hl1" SEQ_NO="0" TOC_ENTRY_ID="59" DEPTH_LEVEL="1"/>
		<Primitive ID="Ar0080101" BOX="574 521 722 542" ELEMENT_TYPE="Content" SEQ_NO="1" TOC_ENTRY_ID="59" DEPTH_LEVEL="1"/>
		<Primitive ID="Ar0080102" BOX="581 573 715 896" ELEMENT_TYPE="Content" SEQ_NO="2" TOC_ENTRY_ID="59" DEPTH_LEVEL="1"/>
		<Primitive ID="Ar0080103" BOX="720 573 853 896" ELEMENT_TYPE="Content" SEQ_NO="3" TOC_ENTRY_ID="59" DEPTH_LEVEL="1"/>
	</Entity>
	<Entity ENTITY_TYPE="Picture" FIRST_TOC_ENTRY_ID="57" INDEX_IN_DOC="57" DEPTH_LEVEL="2" ID="Pc00802" SIZE="Small" BOX="446 236 711 403" NEXT_SECTION="" PREV_SECTION="" EMBEDDED_INTO="Ar00800" EMBEDDED_AFTER="Ar0080000" IMAGES_RESOLUTION="144" TOTAL_CHARS_COUNT="0" SUSPICIOUS_CHARS_COUNT="0" WORDCNT="0">
		<Name>Untitled Picture</Name>
		<Primitive ID="Pc0080200" BOX="446 236 711 403" ELEMENT_TYPE="Picture" SEQ_NO="0" TOC_ENTRY_ID="57" DEPTH_LEVEL="2" IMG_EXT="jpg"/>
	</Entity>
	<Entity ENTITY_TYPE="Picture" FIRST_TOC_ENTRY_ID="61" INDEX_IN_DOC="61" DEPTH_LEVEL="2" ID="Pc00803" SIZE="Small" BOX="588 947 849 1117" NEXT_SECTION="" PREV_SECTION="" EMBEDDED_INTO="Ar00805" EMBEDDED_AFTER="Ar0080500" IMAGES_RESOLUTION="144" TOTAL_CHARS_COUNT="0" SUSPICIOUS_CHARS_COUNT="0" WORDCNT="0">
		<Name>Untitled Picture</Name>
		<Primitive ID="Pc0080300" BOX="588 947 849 1117" ELEMENT_TYPE="Picture" SEQ_NO="0" TOC_ENTRY_ID="61" DEPTH_LEVEL="2" IMG_EXT="jpg"/>
	</Entity>
	<Entity ENTITY_TYPE="Ad" FIRST_TOC_ENTRY_ID="58" INDEX_IN_DOC="58" DEPTH_LEVEL="1" ID="Ad00804" SIZE="XLarge" BOX="26 519 549 1273" NEXT_SECTION="" PREV_SECTION="" IMAGES_RESOLUTION="144" TOTAL_CHARS_COUNT="9" SUSPICIOUS_CHARS_COUNT="0" WORDCNT="70">
		<Name>Untitled Ad</Name>
		<Primitive ID="Ad0080400" BOX="28 524 48 529" ELEMENT_TYPE="Content" SEQ_NO="1" TOC_ENTRY_ID="58" DEPTH_LEVEL="1"/>
		<Primitive ID="Ad0080401" BOX="26 519 549 1273" ELEMENT_TYPE="Content" SEQ_NO="2" TOC_ENTRY_ID="58" DEPTH_LEVEL="1" E="N"/>
		<Primitive ID="Ad0080402" BOX="26 519 549 1273" ELEMENT_TYPE="AdFrame" SEQ_NO="0" TOC_ENTRY_ID="58" DEPTH_LEVEL="1" I_RES="54"/>
	</Entity>
	<Entity ENTITY_TYPE="Article" FIRST_TOC_ENTRY_ID="60" INDEX_IN_DOC="60" DEPTH_LEVEL="1" ID="Ar00805" SIZE="Small" BOX="587 929 845 1264" NEXT_SECTION="" PREV_SECTION="" IMAGES_RESOLUTION="144" TOTAL_CHARS_COUNT="537" SUSPICIOUS_CHARS_COUNT="0" WORDCNT="121">
		<Name>EN IMAGE</Name>
		<Primitive ID="Ar0080500" BOX="587 929 654 946" ELEMENT_TYPE="HedLine_hl1" SEQ_NO="1" TOC_ENTRY_ID="60" DEPTH_LEVEL="1"/>
		<Primitive ID="Ar0080501" BOX="588 1118 845 1264" ELEMENT_TYPE="Content" SEQ_NO="0" TOC_ENTRY_ID="60" DEPTH_LEVEL="1"/>
	</Entity>
</XMD-PAGE>