<?xml version="1.0" encoding="windows-1252" standalone="no"?>
<XMD-PAGE REPOSITORY_FORMAT="1.0" PRXML_VER="2.2">
	<Meta SINGLE_PAGE_PDF_NAME="/Res/PDF/Pg0011_s_0011.pdf" ISSUE_DATE="23/06/1807" RELEASE_NO="103-GDL-1807-06-23-0001" PAGE_NO="11" NAME="" PAGE_LABEL="11" PAGE_TYPE="Single" PUBLISHER="Olive" PUBLICATION="GDL" SOURCE_TYPE="TIFF" SOURCE_RESOLUTION="72" IMAGES_RESOLUTION="180" PAGE_THUMBNAIL_RESOLUTION="130" PAGE_PREVIEW_RESOLUTION="14" DEFAULT_IMG_EXT="png" IMG_EXT="png" PREVIEW_IMG_EXT="png" XMD_VER="2.6.241.4" PROFILE_ID="W:\Batch\Profile\GDL-1807-06-23.ini" SECTION="None" PAGE_WIDTH="977" PAGE_HEIGHT="1350" PAGES_NUMBER="12" BASE_HREF="GDL/1807/06/23" PDF_DESTINATION_MAPPED="OLV0_Page_0011" TOTAL_CHARS_COUNT="6293" SUSPICIOUS_CHARS_COUNT="0">
		<Resolutions>
			<Resolution DEFAULT="true">130</Resolution>
			<Resolution>160</Resolution>
			<Resolution>180</Resolution>
		</Resolutions>
	</Meta>
	<Link SOURCE="103-GDL-1807-06-23-0001.pdf" NEXT_SECTION="" PREV_SECTION="1"/>
	<DataFiles>
		<Files TYPE="DOC_PDF" PRESENT="1"/>
		<Files TYPE="PAGE_PDF" PRESENT="1"/>
		<Files TYPE="DOC_IMG" PRESENT="0"/>
		<Files TYPE="PAGE_IMG" PRESENT="1" BYTEORDER="little_endian" COMPRESSIONSCHEME="LZW" IMAGE_WIDTH="2253" IMAGE_HEIGHT="3114" COLORSPACE="BlackIsZero" BITSPERSAMPLE="8" SAMPLESPERPIXEL="1" XRESOLUTION_DPI="300" YRESOLUTION_DPI="300" MIMETYPE="image/tiff" IMG_EXT="tif" MEDIA_BOX="0 0 2252 3113" CROP_BOX="0 0 2252 3113"/>
		<Files TYPE="PAGE_VIEW_IMG" PRESENT="1"/>
		<Files TYPE="PAGE_PREVIEW_IMG" PRESENT="1"/>
		<Files TYPE="PRIMITIVE_IMG" PRESENT="1"/>
		<Files TYPE="SNIPPET_IMG" PRESENT="1"/>
		<Files TYPE="SEGMENTATION" PRESENT="1"/>
	</DataFiles>
	<Entity ENTITY_TYPE="Article" FIRST_TOC_ENTRY_ID="12" INDEX_IN_DOC="23" DEPTH_LEVEL="1" ID="Ar01100" SIZE="XLarge" BOX="51 6 874 1241" NEXT_SECTION="" PREV_SECTION="1" CONTINUATION_TO="Ar01200" CONTINUATION_FROM="Ar01001" FIRST_CHUNK="Ar00900" IMAGES_RESOLUTION="180" TOTAL_CHARS_COUNT="6293" SUSPICIOUS_CHARS_COUNT="0" WORDCNT="1473">
		<Name>Untitled Article</Name>
		<Primitive ID="Ar0110000" BOX="51 28 450 302" ELEMENT_TYPE="Content" SEQ_NO="0" TOC_ENTRY_ID="12" DEPTH_LEVEL="1"/>
		<Primitive ID="Ar0110001" BOX="51 302 451 575" ELEMENT_TYPE="Content" SEQ_NO="1" TOC_ENTRY_ID="12" DEPTH_LEVEL="1"/>
		<Primitive ID="Ar0110002" BOX="54 582 453 921" ELEMENT_TYPE="Content" SEQ_NO="2" TOC_ENTRY_ID="12" DEPTH_LEVEL="1"/>
		<Primitive ID="Ar0110003" BOX="56 921 455 1239" ELEMENT_TYPE="Content" SEQ_NO="3" TOC_ENTRY_ID="12" DEPTH_LEVEL="1"/>
		<Primitive ID="Ar0110004" BOX="464 6 861 347" ELEMENT_TYPE="Content" SEQ_NO="4" TOC_ENTRY_ID="12" DEPTH_LEVEL="1"/>
		<Primitive ID="Ar0110005" BOX="462 346 867 669" ELEMENT_TYPE="Content" SEQ_NO="5" TOC_ENTRY_ID="12" DEPTH_LEVEL="1"/>
		<Primitive ID="Ar0110006" BOX="468 669 870 1001" ELEMENT_TYPE="Content" SEQ_NO="6" TOC_ENTRY_ID="12" DEPTH_LEVEL="1"/>
		<Primitive ID="Ar0110007" BOX="469 1010 874 1241" ELEMENT_TYPE="Content" SEQ_NO="7" TOC_ENTRY_ID="12" DEPTH_LEVEL="1"/>
	</Entity>
</XMD-PAGE>
