ARK BIB;DOCS
cb32777702m;101
cb32750077g;28
cb328066631;52917
cb32737062q;1037
cb32778606z;47
cb34407680f;31
cb328343740;20819
cb327152851;174
cb327773077;23041
cb327595295;779
cb34371852k;7301
cb344696449;13214
cb32876855d;8
cb32738229p;23
cb32771219h;3
cb32784069f;786
cb327173415;99
cb32806572q;6295
cb34473289x;18752
cb32887275t;163
cb32680789v;19
cb32771252b;4
cb34425747t;1
cb34520232c;16906
cb34448436g;3978
cb32724358c;20
cb34501455d;9376
cb344484501;3263
cb32771243c;63
cb32771280k;9
cb32749956z;9888
cb41193663x;9875
cb328424860;70
cb32887413t;60
cb32771253p;7
cb344551004;191
cb32783482h;17584
cb34355551z;36494
cb32795778s;1
cb32837965d;14583
cb344295535;24
cb327781475;3
cb327559237;284
cb327524145;27
cb32771226s;6
cb34431415m;1056
cb32732353c;78
cb32740226x;42412
cb44498563s;1190
cb32832208f;8
cb32857372f;58
cb343985327;16
cb45584487n;35
cb328330320;8
cb32777201w;4110
cb32709664x;5
cb32777450n;39
cb328754761;181
cb328507767;12
cb32889084q;45
cb34477322w;5
cb34348821c;1120
cb327558876;24819
cb32826916r;70
cb327712243;129
cb32784054d;252
cb32751516w;89
cb32771244q;19
cb327712274;1
cb328569480;263
cb32771204g;407
cb32771272z;30
cb343599097;3147
cb32858753h;54
cb32755585p;2421
cb328566125;31
cb34459430v;33
cb327712003;967
cb32742299m;874
cb32793876w;22311
cb44403307p;168
cb326834694;76
cb34429265b;10714
cb32843836s;10
cb34378143c;15
cb34431794k;30301
cb32806743p;87
cb327712510;14
cb32778160c;7574
cb327272204;27
cb32771256q;7
cb328306427;14
cb343631418;29401
cb32771225f;82
cb32832672n;11672
cb32750643t;25
cb328261098;78
cb34440169p;786
cb391150993;17385
cb32752488q;2596
cb34425265c;10
cb32759772v;35224
cb34348420x;4886
cb327021687;59
cb34348990g;13707
cb327782343;18
cb32738400h;3539
cb32788323x;225
cb32825412r;485
cb328840924;36
cb32771279c;22
cb328314062;1
cb37131292d;27
cb326934111;43
cb32832453t;10
cb32747578p;30392
cb326819451;12934
cb327877302;20669
cb34448033b;32470
cb32802914p;12088
cb32895690j;29518
cb327071375;16415
cb32769854d;7
cb327596899;16867
cb32744363c;14
cb327410645;4260
