,Title,ARK ID,Alias,start_year,end_year,DOCS
0,Abendland,cb32680789v,abendland,1925,1930,19
1,Armée coloniale (L'),cb327021687,armeecoloniale,1891,1892,59
2,Bulletin colonial,cb327173415,bulletincol,1836,1849,99
3,Bulletin de l'Office colonial,cb34378143c,bulletinoffcol,1908,1919,15
4,Bulletin de la Société de géographie et d'études coloniales de Marseille,cb37131292d,bsgecm,1902,1937,27
5,Bulletin de la Société des études coloniales et maritimes,cb32724358c,bsecm,1876,1904,20
6,Bulletin du comité de l'Afrique française,cb327272204,bcaf,1891,1908,27
7,Bulletin officiel du Comité France-Orient,cb32732353c,bocfo,1922,1940,78
8,Candide,cb32737062q,candide,1924,1944,1037
9,Ce Soir,cb32738400h,cesoir,1937,1953,3539
10,Ciné-Journal (Paris. 1908),cb32742299m,cinejournal,1908,1937,874
11,Combat (Paris. 1941),cb34501455d,combat,1941,1954,9376
12,Courrier maritime nord africain,cb32751516w,courriermarna,1927,1928,89
13,Demokratische Zeitung,cb34477322w,demokratischeztg,1919,1919,5
14,Die Vereinigten Staaten von Europa,cb32887413t,vsve,1868,1870,60
15,El Ouma,cb328306427,elouma,1931,1939,14
16,Europe-Colonies,cb32771225f,europecolonies,1923,1957,82
18,France libre (Paris. 1944),cb44498563s,francelibre,1944,1948,1190
19,France-Bohême,cb32777450n,franceboheme,1920,1927,39
20,France-Europe orientale,cb32777702m,franceeuropeor,1919,1925,101
21,France-Russie,cb327781475,francerussie,1924,1924,3
22,France-Yougoslavie,cb327782343,franceyougoslavie,1921,1923,18
23,France-soir (Paris. 1944),cb32778160c,francesoir,1944,1954,7574
24,Free Europe. Fortnightly review of international affairs,cb32778606z,freeeurope,1939,1946,47
25,Gringoire,cb32784069f,gringoire,1928,1944,786
26,International Herald Tribune,cb391150993,nyherald,1887,1935,17385
28,L'Action française (Paris. 1899),cb344295535,actionfrancaise1899,1906,1910,24
29,L'Action française (Paris. 1908),cb326819451,actionfrancaise1908,1908,1944,12934
30,L'Afrique (Paris. 1844),cb326834694,lafrique1844,1844,1845,76
31,L'Alsace française (Strasbourg),cb34440169p,alsacefrancaise,1921,1950,786
32,L'Aurore (Paris. 1943),cb34371852k,aurore1943,1943,1954,7301
33,L'Auto (Paris. 1900),cb327071375,lauto,1900,1944,16415
34,L'Echo d'Alger : journal républicain du matin,cb327596899,echoalger,1912,1954,16867
35,L'Echo d'Oran,cb32759772v,echoran,1845,1963,35224
36,"L'Europe artistique. Journal général des théâtres, de la musique, de la littérature et des beaux art",cb32771219h,europeartistique,1866,1867,3
37,L'Europe coloniale,cb327712243,europecoloniale,1904,1908,129
38,L'Europe d'abord. Organe de la Section française de la Ligue pour les Etats-Unis d'Europe,cb32771226s,europedabord,1933,1934,6
39,L'Europe danubienne,cb327712274,europedanubienne,1920,1920,1
40,L'Europe financière. Journal financier indépendant,cb32771243c,europefinanciere1,1909,1921,63
41,"L'Europe financière. Journal hebdomadaire littéraire, militaire, médical, artistique et théâtral",cb32771244q,europefinanciere2,1879,1881,19
42,"L'Europe future. Affaires extérieures, affaires coloniales internationales.",cb327712510,europefuture,1910,1910,14
43,L'Europe illustrée,cb32771252b,europeill,1874,1875,4
44,L'Europe illustrée. Revue pour le développement des relations européennes,cb32771253p,europeillrev,1927,1931,7
45,L'Europe industrielle et commerciale,cb32771256q,europeindcom,1888,1888,7
46,L'Europe nouvelle. Feuille du service de documentation (Paris),cb32771272z,europenouvelle,1918,1918,30
47,L'Europe orientale (Paris. 1919),cb32771280k,europeor1919,1919,1920,9
48,L'Europe orientale. Ancien journal La Roumanie.,cb32771279c,europeorroum,1875,1876,22
49,L'Europe. Journal quotidien,cb327712003,europejq,1879,1883,967
50,"L'Europe. Politique, scientifique, commerciale, industrielle et littéraire",cb32771204g,europepscil,1863,1865,407
51,L'Humanité,cb327877302,humanite,1904,1954,20669
52,"L'Ikdam : L'Islam, Le Rachidi",cb32788323x,ikdam,1919,1935,225
53,L'Intransigeant,cb32793876w,intransigeant,1880,1948,22311
54,L'Union française : journal de la république fédérale,cb328840924,unionfrancaise,1871,1871,36
55,L'Univers,cb34520232c,univers,1867,1919,16906
56,L'Écho (Angoulême),cb327595295,echangouleme,1942,1944,779
57,L'Œuvre (Paris),cb34429265b,oeuvre,1904,1914,10714
58,La Charente,cb32740226x,lacharente,1872,1941,42412
59,La Croix,cb343631418,lacroix,1880,1953,29401
61,La Défense nationale (Paris. 1870),cb45584487n,defensenationalparis,1870,1870,35
62,La Démocratie pacifique,cb32755585p,democratiepacifique,1843,1851,2421
63,La Dépêche (Toulouse),cb327558876,depechetoulouse,1870,1944,24819
64,La Dépêche coloniale illustrée ,cb327559237,depechecolill,1901,1923,284
65,La France (Paris. 1862),cb327773077,lafranceparis,1861,1937,23041
67,La Gazette coloniale : politique et économique,cb44403307p,gazettecoloniale,1927,1932,168
68,La Grimace (Paris),cb32784054d,lagrimace,1916,1924,252
69,La Jeune Europe (Paris. 1930),cb34425747t,jeuneeurope1930,1930,1930,1
70,La Jeune Europe. La revue des nouvelles générations,cb32795778s,jeuneeuroperev,1917,1917,1
71,La Justice (Paris. 1880) ,cb32802914p,lajustice,1880,1940,12088
72,La Liberté (Paris. 1865),cb328066631,laliberte,1865,1940,52917
73,La Liberté coloniale,cb32806743p,libertecol,1888,1894,87
74,La Nouvelle France (Marseille),cb328261098,nouvellefrancemars,1879,1885,78
75,La Petite presse (Paris. 1866),cb32837965d,petitepresse,1866,1914,14583
76,La Presse ,cb34448033b,lapresse,1836,1954,32470
77,La Presse coloniale illustrée ,cb328424860,pressecolill,1922,1939,70
78,La Quinzaine coloniale,cb34425265c,quinzainecol,1928,1937,10
79,La Renaissance coloniale,cb328507767,renaissancecol,1933,1933,12
80,La Revue d'Orient et de Hongrie,cb328569480,revueorienth,1887,1909,263
81,La Vie latine. Revue mensuelle,cb32889084q,vielatine,1924,1931,45
82,Le Bonnet rouge (Paris. 1913),cb34431415m,bonnetrouge,1913,1922,1056
83,Le Bouffon (Paris. 1865),cb327152851,bouffon,1865,1874,174
84,Le Canard Enchaîné,cb34348420x,canardenchaine,1915,1945,4886
85,Le Caucase,cb32738229p,lecaucase,1937,1939,23
86,Le Constitutionnel,cb32747578p,leconstitutionnel,1819,1914,30392
87,Le Corsaire (Paris. 1823),cb34448436g,lecorsaire,1823,1858,3978
88,Le Courrier (Paris. 1819),cb32749956z,lecourrier,1819,1851,9888
89,Le Courrier colonial illustré,cb32750077g,courriercolill,1921,1937,28
90,Le Courrier de Londres,cb32750643t,courrierlondres,1885,1891,25
91,Le Cri des peuples (Paris) ,cb327524145,cridespeuples,1928,1929,27
92,Le Cri du peuple (Paris. 1871),cb32752488q,cripeuple1871,1871,1922,2596
93,Le Figaro (Paris. 1826),cb344484501,figaro1826,1826,1834,3263
94,Le Figaro (Paris. 1839) ,cb344551004,figaro1839,1839,1840,191
95,Le Figaro (Paris. 1854),cb34355551z,figaro1854,1854,1954,36494
96,Le Figaro. Supplément littéraire du dimanche,cb343599097,figarosupl,1876,1929,3147
97,Le Franc-tireur (Paris),cb32777201w,franctireur,1944,1954,4110
99,Le Grand écho du Nord de la France,cb32783482h,grandechonord,1890,1944,17584
100,Le Journal (Paris. 1892),cb34473289x,lejournal,1892,1944,18752
102,Le Monde colonial illustré,cb34459430v,mondecolill,1923,1940,33
103,Le Pays (Paris. 1849),cb328343740,lepays,1849,1914,20819
104,Le Petit Journal,cb32895690j,lepetitjournal,1863,1944,29518
106,Le Petit Marocain,cb344696449,petitmarocain,1934,1954,13214
108,Le Peuple (Paris. 1921),cb34348990g,lepeuple,1921,1954,13707
109,Le Progrès colonial,cb32843836s,progrescol,1935,1954,10
110,Le Temps,cb34431794k,letemps,1861,1942,30301
111,Les Annales coloniales (Éd. illustrée) ,cb326934111,annalescol,1929,1937,43
112,"Les Balkans. Organe de grande information politique, économique, sociale, artistique et littéraire",cb32709664x,lesbalkans,1932,1932,5
113,Les Colonies : journal de la Martinique,cb32744363c,lescolonies,1880,1881,14
114,Les Etats-Unis d'Europe. Hebdomadaire,cb32769854d,etatsuniseurope,1868,1876,7
115,Les Lettres françaises (Paris. 1942),cb34348821c,lettresfrancaises,1942,1954,1120
116,Les Tablettes coloniales,cb328754761,tablettescol,1888,1891,181
117,Libération (Paris. 1944),cb32806572q,liberation,1944,1964,6295
119,Notre-Temps (Paris 1927),cb32825412r,notretemps,1927,1940,485
120,Nouvelles tchécoslovaques,cb32826916r,nouvellestcheco,1939,1940,70
123,Ouest-Eclair Nantes,cb41193663x,oenantes,1915,1944,9875
125,Paix et travail. Édition guadeloupéenne du journal Europe-colonies,cb328314062,paixtravail,1928,1928,1
126,Paris-Balkans : courrier hebdomadaire illustré du Sud-Est européen et de l'Europe occidentale,cb32832208f,parisbalkans,1939,1940,8
127,Paris-Europe,cb32832453t,pariseurope,1934,1934,10
128,Paris-Midi,cb32832672n,parismidi,1911,1944,11672
129,Revue coloniale,cb343985327,revuecol,1895,1911,16
130,Revue coloniale : extrait des Annales maritimes et coloniales,cb328566125,revuecolan,1843,1858,31
131,Revue de l'histoire des colonies françaises,cb32857372f,rhcf,1913,1931,58
132,Revue des questions coloniales et maritimes,cb32858753h,rqcm,1914,1938,54
133,Terre d'Europe. Revue,cb32876855d,terreeurope,1933,1940,8
134,"The Chicago tribune and the Daily news, New York (European edition)",cb327410645,chicagotribune,1923,1934,4260
136,The Paris tribune,cb328330320,paristribune,1924,1937,8
137,Togo Cameroun (Paris),cb34407680f,togocameroun,1929,1937,31
138,Vendredi (Paris. 1935),cb32887275t,vendredi,1935,1938,163
